patient,model,timestamp,y_true,y_pred,in_eval_mask
584,Persistence,2025-06-29 00:00:00,257.0,,False
584,Persistence,2025-06-29 00:05:00,258.0,243.0,True
584,Persistence,2025-06-29 00:10:00,267.0,253.0,True
584,Persistence,2025-06-29 00:15:00,275.0,262.0,True
584,Persistence,2025-06-29 00:20:00,284.0,269.0,True
584,Persistence,2025-06-29 00:25:00,295.0,269.0,True
584,Persistence,2025-06-29 00:30:00,299.0,257.0,True
584,Persistence,2025-06-29 00:35:00,300.0,258.0,True
584,Persistence,2025-06-29 00:40:00,309.0,267.0,True
584,Persistence,2025-06-29 00:45:00,312.0,275.0,True
584,Persistence,2025-06-29 00:50:00,313.0,284.0,True
584,Persistence,2025-06-29 00:55:00,312.0,295.0,True
584,Persistence,2025-06-29 01:00:00,311.0,299.0,True
584,Persistence,2025-06-29 01:05:00,314.0,300.0,True
584,Persistence,2025-06-29 01:10:00,318.0,309.0,True
584,Persistence,2025-06-29 01:15:00,325.0,312.0,True
584,Persistence,2025-06-29 01:20:00,330.0,313.0,True
584,Persistence,2025-06-29 01:25:00,318.0,312.0,True
584,Persistence,2025-06-29 01:30:00,296.0,311.0,True
584,Persistence,2025-06-29 01:35:00,289.0,314.0,True
584,Persistence,2025-06-29 01:40:00,290.0,318.0,True
584,Persistence,2025-06-29 01:45:00,290.0,325.0,True
584,Persistence,2025-06-29 01:50:00,281.0,330.0,True
584,Persistence,2025-06-29 01:55:00,272.0,318.0,True
584,Persistence,2025-06-29 02:00:00,267.0,296.0,True
584,Persistence,2025-06-29 02:05:00,262.0,289.0,True
584,Persistence,2025-06-29 02:10:00,259.0,290.0,True
584,Persistence,2025-06-29 02:15:00,265.0,290.0,True
584,Persistence,2025-06-29 02:20:00,277.0,281.0,True
584,Persistence,2025-06-29 02:25:00,290.0,272.0,True
584,Persistence,2025-06-29 02:30:00,299.0,267.0,True
584,Persistence,2025-06-29 02:35:00,306.0,262.0,True
584,Persistence,2025-06-29 02:40:00,320.0,259.0,True
584,Persistence,2025-06-29 02:45:00,313.0,265.0,True
584,Persistence,2025-06-29 02:50:00,313.0,277.0,True
584,Persistence,2025-06-29 02:55:00,313.0,290.0,True
584,Persistence,2025-06-29 03:00:00,313.0,299.0,True
584,Persistence,2025-06-29 03:05:00,313.0,306.0,True
584,Persistence,2025-06-29 03:10:00,313.0,320.0,True
584,Persistence,2025-06-29 03:15:00,313.0,313.0,True
584,Persistence,2025-06-29 03:55:00,275.0,,False
584,Persistence,2025-06-29 04:00:00,278.0,,False
584,Persistence,2025-06-29 04:05:00,275.0,,False
584,Persistence,2025-06-29 04:10:00,271.0,,False
584,Persistence,2025-06-29 04:15:00,271.0,,False
584,Persistence,2025-06-29 04:20:00,265.0,,False
584,Persistence,2025-06-29 04:25:00,257.0,275.0,True
584,Persistence,2025-06-29 04:30:00,252.0,278.0,True
584,Persistence,2025-06-29 04:35:00,250.0,275.0,True
584,Persistence,2025-06-29 04:40:00,236.0,271.0,True
584,Persistence,2025-06-29 04:45:00,224.0,271.0,True
584,Persistence,2025-06-29 04:50:00,217.0,265.0,True
584,Persistence,2025-06-29 04:55:00,199.0,257.0,True
584,Persistence,2025-06-29 05:00:00,185.0,252.0,True
584,Persistence,2025-06-29 05:05:00,174.0,250.0,True
584,Persistence,2025-06-29 05:10:00,165.0,236.0,True
584,Persistence,2025-06-29 05:15:00,159.0,224.0,True
584,Persistence,2025-06-29 05:20:00,153.0,217.0,True
584,Persistence,2025-06-29 05:25:00,149.0,199.0,True
584,Persistence,2025-06-29 05:30:00,154.0,185.0,True
584,Persistence,2025-06-29 05:35:00,156.0,174.0,True
584,Persistence,2025-06-29 05:40:00,150.0,165.0,True
584,Persistence,2025-06-29 05:45:00,143.0,159.0,True
584,Persistence,2025-06-29 05:50:00,135.0,153.0,True
584,Persistence,2025-06-29 05:55:00,131.0,149.0,True
584,Persistence,2025-06-29 06:00:00,134.0,154.0,True
584,Persistence,2025-06-29 06:05:00,144.0,156.0,True
584,Persistence,2025-06-29 06:10:00,144.0,150.0,True
584,Persistence,2025-06-29 06:15:00,141.0,143.0,True
584,Persistence,2025-06-29 06:20:00,146.0,135.0,True
584,Persistence,2025-06-29 06:25:00,150.0,131.0,True
584,Persistence,2025-06-29 06:30:00,156.0,134.0,True
584,Persistence,2025-06-29 06:35:00,160.0,144.0,True
584,Persistence,2025-06-29 06:40:00,164.0,144.0,True
584,Persistence,2025-06-29 06:45:00,167.0,141.0,True
584,Persistence,2025-06-29 06:50:00,166.0,146.0,True
584,Persistence,2025-06-29 06:55:00,161.0,150.0,True
584,Persistence,2025-06-29 07:00:00,160.0,156.0,True
584,Persistence,2025-06-29 07:05:00,156.0,160.0,True
584,Persistence,2025-06-29 07:10:00,155.0,164.0,True
584,Persistence,2025-06-29 07:15:00,154.0,167.0,True
584,Persistence,2025-06-29 07:20:00,151.0,166.0,True
584,Persistence,2025-06-29 07:25:00,146.0,161.0,True
584,Persistence,2025-06-29 07:30:00,142.0,160.0,True
584,Persistence,2025-06-29 07:35:00,140.0,156.0,True
584,Persistence,2025-06-29 07:40:00,142.0,155.0,True
584,Persistence,2025-06-29 07:45:00,148.0,154.0,True
584,Persistence,2025-06-29 07:50:00,158.0,151.0,True
584,Persistence,2025-06-29 07:55:00,176.0,146.0,True
584,Persistence,2025-06-29 08:00:00,199.0,142.0,True
584,Persistence,2025-06-29 08:05:00,214.0,140.0,True
584,Persistence,2025-06-29 08:10:00,222.0,142.0,True
584,Persistence,2025-06-29 08:15:00,232.0,148.0,True
584,Persistence,2025-06-29 08:20:00,239.0,158.0,True
584,Persistence,2025-06-29 08:25:00,242.0,176.0,True
584,Persistence,2025-06-29 08:30:00,248.0,199.0,True
584,Persistence,2025-06-29 08:35:00,252.0,214.0,True
584,Persistence,2025-06-29 08:40:00,262.0,222.0,True
584,Persistence,2025-06-29 08:45:00,272.0,232.0,True
584,Persistence,2025-06-29 08:50:00,276.0,239.0,True
584,Persistence,2025-06-29 08:55:00,284.0,242.0,True
584,Persistence,2025-06-29 09:00:00,286.0,248.0,True
584,Persistence,2025-06-29 09:05:00,283.0,252.0,True
584,Persistence,2025-06-29 09:10:00,284.0,262.0,True
584,Persistence,2025-06-29 09:15:00,276.0,272.0,True
584,Persistence,2025-06-29 09:20:00,262.0,276.0,True
584,Persistence,2025-06-29 09:25:00,249.0,284.0,True
584,Persistence,2025-06-29 09:30:00,235.0,286.0,True
584,Persistence,2025-06-29 09:35:00,223.0,283.0,True
584,Persistence,2025-06-29 09:40:00,214.0,284.0,True
584,Persistence,2025-06-29 09:45:00,206.0,276.0,True
584,Persistence,2025-06-29 09:50:00,198.0,262.0,True
584,Persistence,2025-06-29 09:55:00,192.0,249.0,True
584,Persistence,2025-06-29 10:00:00,188.0,235.0,True
584,Persistence,2025-06-29 10:05:00,184.0,223.0,True
584,Persistence,2025-06-29 10:10:00,179.0,214.0,True
584,Persistence,2025-06-29 10:15:00,174.0,206.0,True
584,Persistence,2025-06-29 10:20:00,172.0,198.0,True
584,Persistence,2025-06-29 10:25:00,172.0,192.0,True
584,Persistence,2025-06-29 10:30:00,174.0,188.0,True
584,Persistence,2025-06-29 10:35:00,173.0,184.0,True
584,Persistence,2025-06-29 10:40:00,173.0,179.0,True
584,Persistence,2025-06-29 10:45:00,177.0,174.0,True
584,Persistence,2025-06-29 10:50:00,180.0,172.0,True
584,Persistence,2025-06-29 10:55:00,185.0,172.0,True
584,Persistence,2025-06-29 11:00:00,195.0,174.0,True
584,Persistence,2025-06-29 11:05:00,204.0,173.0,True
584,Persistence,2025-06-29 11:10:00,208.0,173.0,True
584,Persistence,2025-06-29 11:15:00,210.0,177.0,True
584,Persistence,2025-06-29 11:20:00,216.0,180.0,True
584,Persistence,2025-06-29 11:25:00,227.0,185.0,True
584,Persistence,2025-06-29 11:30:00,234.0,195.0,True
584,Persistence,2025-06-29 11:35:00,237.0,204.0,True
584,Persistence,2025-06-29 11:40:00,241.0,208.0,True
584,Persistence,2025-06-29 11:45:00,244.0,210.0,True
584,Persistence,2025-06-29 11:50:00,246.0,216.0,True
584,Persistence,2025-06-29 11:55:00,247.0,227.0,True
584,Persistence,2025-06-29 12:00:00,248.0,234.0,True
584,Persistence,2025-06-29 12:05:00,252.0,237.0,True
584,Persistence,2025-06-29 12:10:00,251.0,241.0,True
584,Persistence,2025-06-29 12:15:00,243.0,244.0,True
584,Persistence,2025-06-29 12:20:00,239.0,246.0,True
584,Persistence,2025-06-29 12:25:00,236.0,247.0,True
584,Persistence,2025-06-29 12:30:00,235.0,248.0,True
584,Persistence,2025-06-29 12:35:00,241.0,252.0,True
584,Persistence,2025-06-29 12:40:00,254.0,251.0,True
584,Persistence,2025-06-29 12:45:00,268.0,243.0,True
584,Persistence,2025-06-29 12:50:00,282.0,239.0,True
584,Persistence,2025-06-29 12:55:00,295.0,236.0,True
584,Persistence,2025-06-29 13:00:00,302.0,235.0,True
584,Persistence,2025-06-29 13:05:00,310.0,241.0,True
584,Persistence,2025-06-29 13:10:00,313.0,254.0,True
584,Persistence,2025-06-29 13:15:00,314.0,268.0,True
584,Persistence,2025-06-29 13:20:00,319.0,282.0,True
584,Persistence,2025-06-29 13:25:00,318.0,295.0,True
584,Persistence,2025-06-29 13:30:00,312.0,302.0,True
584,Persistence,2025-06-29 13:35:00,312.0,310.0,True
584,Persistence,2025-06-29 13:40:00,314.0,313.0,True
584,Persistence,2025-06-29 13:45:00,309.0,314.0,True
584,Persistence,2025-06-29 13:50:00,306.0,319.0,True
584,Persistence,2025-06-29 13:55:00,311.0,318.0,True
584,Persistence,2025-06-29 14:00:00,316.0,312.0,True
584,Persistence,2025-06-29 14:05:00,325.0,312.0,True
584,Persistence,2025-06-29 14:10:00,335.0,314.0,True
584,Persistence,2025-06-29 14:15:00,347.0,309.0,True
584,Persistence,2025-06-29 14:20:00,361.0,306.0,True
584,Persistence,2025-06-29 14:25:00,369.0,311.0,True
584,Persistence,2025-06-29 14:30:00,374.0,316.0,True
584,Persistence,2025-06-29 14:35:00,381.0,325.0,True
584,Persistence,2025-06-29 14:40:00,389.0,335.0,True
584,Persistence,2025-06-29 14:45:00,396.0,347.0,True
584,Persistence,2025-06-29 14:50:00,400.0,361.0,True
584,Persistence,2025-06-29 14:55:00,400.0,369.0,True
584,Persistence,2025-06-29 15:00:00,400.0,374.0,True
584,Persistence,2025-06-29 15:05:00,400.0,381.0,True
584,Persistence,2025-06-29 15:10:00,400.0,389.0,True
584,Persistence,2025-06-29 15:15:00,400.0,396.0,True
584,Persistence,2025-06-29 15:20:00,400.0,400.0,True
584,Persistence,2025-06-29 15:25:00,400.0,400.0,True
584,Persistence,2025-06-29 15:30:00,392.0,400.0,True
584,Persistence,2025-06-29 15:35:00,379.0,400.0,True
584,Persistence,2025-06-29 15:40:00,364.0,400.0,True
584,Persistence,2025-06-29 15:45:00,364.0,400.0,True
584,Persistence,2025-06-29 15:50:00,364.0,400.0,True
584,Persistence,2025-06-29 15:55:00,364.0,400.0,True
584,Persistence,2025-06-29 16:00:00,364.0,392.0,True
584,Persistence,2025-06-29 16:05:00,364.0,379.0,True
584,Persistence,2025-06-29 16:10:00,364.0,364.0,True
584,Persistence,2025-06-29 16:35:00,158.0,364.0,True
584,Persistence,2025-06-29 16:40:00,150.0,364.0,True
584,Persistence,2025-06-29 16:45:00,143.0,,False
584,Persistence,2025-06-29 16:50:00,138.0,,False
584,Persistence,2025-06-29 16:55:00,134.0,,False
584,Persistence,2025-06-29 17:00:00,130.0,,False
584,Persistence,2025-06-29 17:05:00,130.0,158.0,True
584,Persistence,2025-06-29 17:10:00,133.0,150.0,True
584,Persistence,2025-06-29 17:15:00,134.0,143.0,True
584,Persistence,2025-06-29 17:20:00,132.0,138.0,True
584,Persistence,2025-06-29 17:25:00,127.0,134.0,True
584,Persistence,2025-06-29 17:30:00,127.0,130.0,True
584,Persistence,2025-06-29 17:35:00,129.0,130.0,True
584,Persistence,2025-06-29 17:40:00,132.0,133.0,True
584,Persistence,2025-06-29 17:45:00,134.0,134.0,True
584,Persistence,2025-06-29 17:50:00,139.0,132.0,True
584,Persistence,2025-06-29 17:55:00,143.0,127.0,True
584,Persistence,2025-06-29 18:00:00,144.0,127.0,True
584,Persistence,2025-06-29 18:05:00,146.0,129.0,True
584,Persistence,2025-06-29 18:10:00,151.0,132.0,True
584,Persistence,2025-06-29 18:15:00,150.0,134.0,True
584,Persistence,2025-06-29 18:20:00,148.0,139.0,True
584,Persistence,2025-06-29 18:25:00,155.0,143.0,True
584,Persistence,2025-06-29 18:30:00,161.0,144.0,True
584,Persistence,2025-06-29 18:35:00,162.0,146.0,True
584,Persistence,2025-06-29 18:40:00,163.0,151.0,True
584,Persistence,2025-06-29 18:45:00,164.0,150.0,True
584,Persistence,2025-06-29 18:50:00,165.0,148.0,True
584,Persistence,2025-06-29 18:55:00,162.0,155.0,True
584,Persistence,2025-06-29 19:00:00,159.0,161.0,True
584,Persistence,2025-06-29 19:05:00,163.0,162.0,True
584,Persistence,2025-06-29 19:10:00,165.0,163.0,True
584,Persistence,2025-06-29 19:15:00,162.0,164.0,True
584,Persistence,2025-06-29 19:20:00,163.0,165.0,True
584,Persistence,2025-06-29 19:25:00,168.0,162.0,True
584,Persistence,2025-06-29 19:30:00,169.0,159.0,True
584,Persistence,2025-06-29 19:35:00,170.0,163.0,True
584,Persistence,2025-06-29 19:40:00,170.0,165.0,True
584,Persistence,2025-06-29 19:45:00,170.0,162.0,True
584,Persistence,2025-06-29 19:50:00,169.0,163.0,True
584,Persistence,2025-06-29 19:55:00,169.0,168.0,True
584,Persistence,2025-06-29 20:00:00,169.0,169.0,True
584,Persistence,2025-06-29 20:05:00,172.0,170.0,True
584,Persistence,2025-06-29 20:10:00,174.0,170.0,True
584,Persistence,2025-06-29 20:15:00,172.0,170.0,True
584,Persistence,2025-06-29 20:20:00,171.0,169.0,True
584,Persistence,2025-06-29 20:25:00,171.0,169.0,True
584,Persistence,2025-06-29 20:30:00,170.0,169.0,True
584,Persistence,2025-06-29 20:35:00,170.0,172.0,True
584,Persistence,2025-06-29 20:40:00,171.0,174.0,True
584,Persistence,2025-06-29 20:45:00,172.0,172.0,True
584,Persistence,2025-06-29 20:50:00,173.0,171.0,True
584,Persistence,2025-06-29 20:55:00,173.0,171.0,True
584,Persistence,2025-06-29 21:00:00,173.0,170.0,True
584,Persistence,2025-06-29 21:05:00,170.0,170.0,True
584,Persistence,2025-06-29 21:10:00,172.0,171.0,True
584,Persistence,2025-06-29 21:15:00,174.0,172.0,True
584,Persistence,2025-06-29 21:20:00,173.0,173.0,True
584,Persistence,2025-06-29 21:25:00,171.0,173.0,True
584,Persistence,2025-06-29 21:30:00,168.0,173.0,True
584,Persistence,2025-06-29 21:35:00,165.0,170.0,True
584,Persistence,2025-06-29 21:40:00,160.0,172.0,True
584,Persistence,2025-06-29 21:45:00,156.0,174.0,True
584,Persistence,2025-06-29 21:50:00,153.0,173.0,True
584,Persistence,2025-06-29 21:55:00,150.0,171.0,True
584,Persistence,2025-06-29 22:00:00,148.0,168.0,True
584,Persistence,2025-06-29 22:05:00,147.0,165.0,True
584,Persistence,2025-06-29 22:10:00,147.0,160.0,True
584,Persistence,2025-06-29 22:15:00,149.0,156.0,True
584,Persistence,2025-06-29 22:20:00,152.0,153.0,True
584,Persistence,2025-06-29 22:25:00,155.0,150.0,True
584,Persistence,2025-06-29 22:30:00,158.0,148.0,True
584,Persistence,2025-06-29 22:35:00,162.0,147.0,True
584,Persistence,2025-06-29 22:40:00,167.0,147.0,True
584,Persistence,2025-06-29 22:45:00,172.0,149.0,True
584,Persistence,2025-06-29 22:50:00,176.0,152.0,True
584,Persistence,2025-06-29 22:55:00,181.0,155.0,True
584,Persistence,2025-06-29 23:00:00,188.0,158.0,True
584,Persistence,2025-06-29 23:05:00,192.0,162.0,True
584,Persistence,2025-06-29 23:10:00,195.0,167.0,True
584,Persistence,2025-06-29 23:15:00,195.0,172.0,True
584,Persistence,2025-06-29 23:20:00,196.0,176.0,True
584,Persistence,2025-06-29 23:25:00,199.0,181.0,True
584,Persistence,2025-06-29 23:30:00,203.0,188.0,True
584,Persistence,2025-06-29 23:35:00,207.0,192.0,True
584,Persistence,2025-06-29 23:40:00,208.0,195.0,True
584,Persistence,2025-06-29 23:45:00,208.0,195.0,True
584,Persistence,2025-06-29 23:50:00,209.0,196.0,True
584,Persistence,2025-06-29 23:55:00,210.0,199.0,True
584,Persistence,2025-06-30 00:00:00,213.0,203.0,True
584,Persistence,2025-06-30 00:05:00,217.0,207.0,True
584,Persistence,2025-06-30 00:10:00,221.0,208.0,True
584,Persistence,2025-06-30 00:15:00,224.0,208.0,True
584,Persistence,2025-06-30 00:20:00,229.0,209.0,True
584,Persistence,2025-06-30 00:25:00,233.0,210.0,True
584,Persistence,2025-06-30 00:30:00,236.0,213.0,True
584,Persistence,2025-06-30 00:35:00,237.0,217.0,True
584,Persistence,2025-06-30 00:40:00,235.0,221.0,True
584,Persistence,2025-06-30 00:45:00,235.0,224.0,True
584,Persistence,2025-06-30 00:50:00,234.0,229.0,True
584,Persistence,2025-06-30 00:55:00,233.0,233.0,True
584,Persistence,2025-06-30 01:00:00,229.0,236.0,True
584,Persistence,2025-06-30 01:05:00,224.0,237.0,True
584,Persistence,2025-06-30 01:10:00,221.0,235.0,True
584,Persistence,2025-06-30 01:15:00,218.0,235.0,True
584,Persistence,2025-06-30 01:20:00,220.0,234.0,True
584,Persistence,2025-06-30 01:25:00,220.0,233.0,True
584,Persistence,2025-06-30 01:30:00,220.0,229.0,True
584,Persistence,2025-06-30 01:35:00,222.0,224.0,True
584,Persistence,2025-06-30 01:40:00,225.0,221.0,True
584,Persistence,2025-06-30 01:45:00,227.0,218.0,True
584,Persistence,2025-06-30 01:50:00,226.0,220.0,True
584,Persistence,2025-06-30 01:55:00,226.0,220.0,True
584,Persistence,2025-06-30 02:00:00,232.0,220.0,True
584,Persistence,2025-06-30 02:05:00,236.0,222.0,True
584,Persistence,2025-06-30 02:10:00,236.0,225.0,True
584,Persistence,2025-06-30 02:15:00,237.0,227.0,True
584,Persistence,2025-06-30 02:20:00,239.0,226.0,True
584,Persistence,2025-06-30 02:25:00,242.0,226.0,True
584,Persistence,2025-06-30 02:30:00,243.0,232.0,True
584,Persistence,2025-06-30 02:35:00,243.0,236.0,True
584,Persistence,2025-06-30 02:40:00,239.0,236.0,True
584,Persistence,2025-06-30 02:45:00,234.0,237.0,True
584,Persistence,2025-06-30 02:50:00,230.0,239.0,True
584,Persistence,2025-06-30 02:55:00,225.0,242.0,True
584,Persistence,2025-06-30 03:00:00,222.0,243.0,True
584,Persistence,2025-06-30 03:05:00,221.0,243.0,True
584,Persistence,2025-06-30 03:10:00,214.0,239.0,True
584,Persistence,2025-06-30 03:15:00,210.0,234.0,True
584,Persistence,2025-06-30 03:20:00,208.0,230.0,True
584,Persistence,2025-06-30 03:25:00,212.0,225.0,True
584,Persistence,2025-06-30 03:30:00,215.0,222.0,True
584,Persistence,2025-06-30 03:35:00,216.0,221.0,True
584,Persistence,2025-06-30 03:40:00,216.0,214.0,True
584,Persistence,2025-06-30 03:45:00,215.0,210.0,True
584,Persistence,2025-06-30 03:50:00,213.0,208.0,True
584,Persistence,2025-06-30 03:55:00,204.0,212.0,True
584,Persistence,2025-06-30 04:00:00,194.0,215.0,True
584,Persistence,2025-06-30 04:05:00,191.0,216.0,True
584,Persistence,2025-06-30 04:10:00,187.0,216.0,True
584,Persistence,2025-06-30 04:15:00,195.0,215.0,True
584,Persistence,2025-06-30 04:20:00,198.0,213.0,True
584,Persistence,2025-06-30 04:25:00,198.0,204.0,True
584,Persistence,2025-06-30 04:30:00,198.0,194.0,True
584,Persistence,2025-06-30 04:35:00,198.0,191.0,True
584,Persistence,2025-06-30 04:40:00,198.0,187.0,True
584,Persistence,2025-06-30 04:45:00,198.0,195.0,True
584,Persistence,2025-06-30 04:50:00,198.0,198.0,True
584,Persistence,2025-06-30 05:10:00,174.0,198.0,True
584,Persistence,2025-06-30 05:15:00,174.0,198.0,True
584,Persistence,2025-06-30 05:20:00,172.0,198.0,True
584,Persistence,2025-06-30 05:25:00,169.0,,False
584,Persistence,2025-06-30 05:30:00,166.0,,False
584,Persistence,2025-06-30 05:35:00,164.0,,False
584,Persistence,2025-06-30 05:40:00,161.0,174.0,True
584,Persistence,2025-06-30 05:45:00,158.0,174.0,True
584,Persistence,2025-06-30 05:50:00,155.0,172.0,True
584,Persistence,2025-06-30 05:55:00,152.0,169.0,True
584,Persistence,2025-06-30 06:00:00,151.0,166.0,True
584,Persistence,2025-06-30 06:05:00,149.0,164.0,True
584,Persistence,2025-06-30 06:10:00,148.0,161.0,True
584,Persistence,2025-06-30 06:15:00,146.0,158.0,True
584,Persistence,2025-06-30 06:20:00,145.0,155.0,True
584,Persistence,2025-06-30 06:25:00,145.0,152.0,True
584,Persistence,2025-06-30 06:30:00,145.0,151.0,True
584,Persistence,2025-06-30 06:35:00,148.0,149.0,True
584,Persistence,2025-06-30 06:40:00,152.0,148.0,True
584,Persistence,2025-06-30 06:45:00,158.0,146.0,True
584,Persistence,2025-06-30 06:50:00,169.0,145.0,True
584,Persistence,2025-06-30 06:55:00,181.0,145.0,True
584,Persistence,2025-06-30 07:00:00,195.0,145.0,True
584,Persistence,2025-06-30 07:05:00,207.0,148.0,True
584,Persistence,2025-06-30 07:10:00,217.0,152.0,True
584,Persistence,2025-06-30 07:15:00,226.0,158.0,True
584,Persistence,2025-06-30 07:20:00,231.0,169.0,True
584,Persistence,2025-06-30 07:25:00,236.0,181.0,True
584,Persistence,2025-06-30 07:30:00,240.0,195.0,True
584,Persistence,2025-06-30 07:35:00,241.0,207.0,True
584,Persistence,2025-06-30 07:40:00,241.0,217.0,True
584,Persistence,2025-06-30 07:45:00,241.0,226.0,True
584,Persistence,2025-06-30 07:50:00,242.0,231.0,True
584,Persistence,2025-06-30 07:55:00,247.0,236.0,True
584,Persistence,2025-06-30 08:00:00,251.0,240.0,True
584,Persistence,2025-06-30 08:05:00,253.0,241.0,True
584,Persistence,2025-06-30 08:10:00,255.0,241.0,True
584,Persistence,2025-06-30 08:15:00,258.0,241.0,True
584,Persistence,2025-06-30 08:20:00,260.0,242.0,True
584,Persistence,2025-06-30 08:25:00,265.0,247.0,True
584,Persistence,2025-06-30 08:30:00,272.0,251.0,True
584,Persistence,2025-06-30 08:35:00,273.0,253.0,True
584,Persistence,2025-06-30 08:40:00,274.0,255.0,True
584,Persistence,2025-06-30 08:45:00,277.0,258.0,True
584,Persistence,2025-06-30 08:50:00,279.0,260.0,True
584,Persistence,2025-06-30 08:55:00,281.0,265.0,True
584,Persistence,2025-06-30 09:00:00,282.0,272.0,True
584,Persistence,2025-06-30 09:05:00,284.0,273.0,True
584,Persistence,2025-06-30 09:10:00,286.0,274.0,True
584,Persistence,2025-06-30 09:15:00,288.0,277.0,True
584,Persistence,2025-06-30 09:20:00,290.0,279.0,True
584,Persistence,2025-06-30 09:25:00,293.0,281.0,True
584,Persistence,2025-06-30 09:30:00,296.0,282.0,True
584,Persistence,2025-06-30 09:35:00,297.0,284.0,True
584,Persistence,2025-06-30 09:40:00,299.0,286.0,True
584,Persistence,2025-06-30 09:45:00,300.0,288.0,True
584,Persistence,2025-06-30 09:50:00,300.0,290.0,True
584,Persistence,2025-06-30 09:55:00,303.0,293.0,True
584,Persistence,2025-06-30 10:00:00,300.0,296.0,True
584,Persistence,2025-06-30 10:05:00,295.0,297.0,True
584,Persistence,2025-06-30 10:10:00,301.0,299.0,True
584,Persistence,2025-06-30 10:15:00,307.0,300.0,True
584,Persistence,2025-06-30 10:20:00,313.0,300.0,True
584,Persistence,2025-06-30 10:25:00,315.0,303.0,True
584,Persistence,2025-06-30 10:30:00,312.0,300.0,True
584,Persistence,2025-06-30 10:35:00,311.0,295.0,True
584,Persistence,2025-06-30 10:40:00,312.0,301.0,True
584,Persistence,2025-06-30 10:45:00,312.0,307.0,True
584,Persistence,2025-06-30 10:50:00,313.0,313.0,True
584,Persistence,2025-06-30 10:55:00,311.0,315.0,True
584,Persistence,2025-06-30 11:00:00,310.0,312.0,True
584,Persistence,2025-06-30 11:05:00,311.0,311.0,True
584,Persistence,2025-06-30 11:10:00,301.0,312.0,True
584,Persistence,2025-06-30 11:15:00,298.0,312.0,True
584,Persistence,2025-06-30 11:20:00,302.0,313.0,True
584,Persistence,2025-06-30 11:25:00,297.0,311.0,True
584,Persistence,2025-06-30 11:30:00,290.0,310.0,True
584,Persistence,2025-06-30 11:35:00,284.0,311.0,True
584,Persistence,2025-06-30 11:40:00,283.0,301.0,True
584,Persistence,2025-06-30 11:45:00,287.0,298.0,True
584,Persistence,2025-06-30 11:50:00,291.0,302.0,True
584,Persistence,2025-06-30 11:55:00,291.0,297.0,True
584,Persistence,2025-06-30 12:00:00,290.0,290.0,True
584,Persistence,2025-06-30 12:05:00,285.0,284.0,True
584,Persistence,2025-06-30 12:10:00,282.0,283.0,True
584,Persistence,2025-06-30 12:15:00,280.0,287.0,True
584,Persistence,2025-06-30 12:20:00,277.0,291.0,True
584,Persistence,2025-06-30 12:25:00,273.0,291.0,True
584,Persistence,2025-06-30 12:30:00,268.0,290.0,True
584,Persistence,2025-06-30 12:35:00,263.0,285.0,True
584,Persistence,2025-06-30 12:40:00,257.0,282.0,True
584,Persistence,2025-06-30 12:45:00,249.0,280.0,True
584,Persistence,2025-06-30 12:50:00,241.0,277.0,True
584,Persistence,2025-06-30 12:55:00,232.0,273.0,True
584,Persistence,2025-06-30 13:00:00,225.0,268.0,True
584,Persistence,2025-06-30 13:05:00,218.0,263.0,True
584,Persistence,2025-06-30 13:10:00,212.0,257.0,True
584,Persistence,2025-06-30 13:15:00,205.0,249.0,True
584,Persistence,2025-06-30 13:20:00,198.0,241.0,True
584,Persistence,2025-06-30 13:25:00,191.0,232.0,True
584,Persistence,2025-06-30 13:30:00,184.0,225.0,True
584,Persistence,2025-06-30 13:35:00,175.0,218.0,True
584,Persistence,2025-06-30 13:40:00,167.0,212.0,True
584,Persistence,2025-06-30 13:45:00,161.0,205.0,True
584,Persistence,2025-06-30 13:50:00,156.0,198.0,True
584,Persistence,2025-06-30 13:55:00,154.0,191.0,True
584,Persistence,2025-06-30 14:00:00,152.0,184.0,True
584,Persistence,2025-06-30 14:05:00,148.0,175.0,True
584,Persistence,2025-06-30 14:10:00,140.0,167.0,True
584,Persistence,2025-06-30 14:15:00,134.0,161.0,True
584,Persistence,2025-06-30 14:20:00,128.0,156.0,True
584,Persistence,2025-06-30 14:25:00,123.0,154.0,True
584,Persistence,2025-06-30 14:30:00,122.0,152.0,True
584,Persistence,2025-06-30 14:35:00,121.0,148.0,True
584,Persistence,2025-06-30 14:40:00,123.0,140.0,True
584,Persistence,2025-06-30 14:45:00,123.0,134.0,True
584,Persistence,2025-06-30 14:50:00,121.0,128.0,True
584,Persistence,2025-06-30 14:55:00,119.0,123.0,True
584,Persistence,2025-06-30 15:00:00,120.0,122.0,True
584,Persistence,2025-06-30 15:05:00,121.0,121.0,True
584,Persistence,2025-06-30 15:10:00,120.0,123.0,True
584,Persistence,2025-06-30 15:15:00,120.0,123.0,True
584,Persistence,2025-06-30 15:20:00,123.0,121.0,True
584,Persistence,2025-06-30 15:25:00,128.0,119.0,True
584,Persistence,2025-06-30 15:30:00,130.0,120.0,True
584,Persistence,2025-06-30 15:35:00,131.0,121.0,True
584,Persistence,2025-06-30 15:40:00,133.0,120.0,True
584,Persistence,2025-06-30 15:45:00,137.0,120.0,True
584,Persistence,2025-06-30 15:50:00,138.0,123.0,True
584,Persistence,2025-06-30 15:55:00,138.0,128.0,True
584,Persistence,2025-06-30 16:00:00,140.0,130.0,True
584,Persistence,2025-06-30 16:05:00,139.0,131.0,True
584,Persistence,2025-06-30 16:10:00,137.0,133.0,True
584,Persistence,2025-06-30 16:15:00,135.0,137.0,True
584,Persistence,2025-06-30 16:20:00,133.0,138.0,True
584,Persistence,2025-06-30 16:25:00,131.0,138.0,True
584,Persistence,2025-06-30 16:30:00,131.0,140.0,True
584,Persistence,2025-06-30 16:35:00,129.0,139.0,True
584,Persistence,2025-06-30 16:40:00,124.0,137.0,True
584,Persistence,2025-06-30 16:45:00,120.0,135.0,True
584,Persistence,2025-06-30 16:50:00,116.0,133.0,True
584,Persistence,2025-06-30 16:55:00,114.0,131.0,True
584,Persistence,2025-06-30 17:00:00,112.0,131.0,True
584,Persistence,2025-06-30 17:05:00,109.0,129.0,True
584,Persistence,2025-06-30 17:10:00,105.0,124.0,True
584,Persistence,2025-06-30 17:15:00,105.0,120.0,True
584,Persistence,2025-06-30 17:20:00,104.0,116.0,True
584,Persistence,2025-06-30 17:25:00,99.0,114.0,True
584,Persistence,2025-06-30 17:30:00,96.0,112.0,True
584,Persistence,2025-06-30 17:35:00,96.0,109.0,True
584,Persistence,2025-06-30 17:40:00,96.0,105.0,True
584,Persistence,2025-06-30 17:45:00,96.0,105.0,True
584,Persistence,2025-06-30 17:50:00,98.0,104.0,True
584,Persistence,2025-06-30 17:55:00,103.0,99.0,True
584,Persistence,2025-06-30 18:00:00,104.0,96.0,True
584,Persistence,2025-06-30 18:05:00,100.0,96.0,True
584,Persistence,2025-06-30 18:10:00,99.0,96.0,True
584,Persistence,2025-06-30 18:15:00,95.0,96.0,True
584,Persistence,2025-06-30 18:20:00,88.0,98.0,True
584,Persistence,2025-06-30 18:25:00,89.0,103.0,True
584,Persistence,2025-06-30 18:30:00,100.0,104.0,True
584,Persistence,2025-06-30 18:35:00,106.0,100.0,True
584,Persistence,2025-06-30 18:40:00,118.0,99.0,True
584,Persistence,2025-06-30 18:45:00,133.0,95.0,True
584,Persistence,2025-06-30 18:50:00,142.0,88.0,True
584,Persistence,2025-06-30 18:55:00,150.0,89.0,True
584,Persistence,2025-06-30 19:00:00,158.0,100.0,True
584,Persistence,2025-06-30 19:05:00,163.0,106.0,True
584,Persistence,2025-06-30 19:10:00,167.0,118.0,True
584,Persistence,2025-06-30 19:15:00,171.0,133.0,True
584,Persistence,2025-06-30 19:20:00,175.0,142.0,True
584,Persistence,2025-06-30 19:25:00,173.0,150.0,True
584,Persistence,2025-06-30 19:30:00,171.0,158.0,True
584,Persistence,2025-06-30 19:35:00,168.0,163.0,True
584,Persistence,2025-06-30 19:40:00,175.0,167.0,True
584,Persistence,2025-06-30 19:45:00,182.0,171.0,True
584,Persistence,2025-06-30 19:50:00,185.0,175.0,True
584,Persistence,2025-06-30 19:55:00,188.0,173.0,True
584,Persistence,2025-06-30 20:00:00,190.0,171.0,True
584,Persistence,2025-06-30 20:05:00,189.0,168.0,True
584,Persistence,2025-06-30 20:10:00,187.0,175.0,True
584,Persistence,2025-06-30 20:15:00,185.0,182.0,True
584,Persistence,2025-06-30 20:20:00,185.0,185.0,True
584,Persistence,2025-06-30 20:25:00,184.0,188.0,True
584,Persistence,2025-06-30 20:30:00,181.0,190.0,True
584,Persistence,2025-06-30 20:35:00,178.0,189.0,True
584,Persistence,2025-06-30 20:40:00,174.0,187.0,True
584,Persistence,2025-06-30 20:45:00,168.0,185.0,True
584,Persistence,2025-06-30 20:50:00,164.0,185.0,True
584,Persistence,2025-06-30 20:55:00,159.0,184.0,True
584,Persistence,2025-06-30 21:00:00,154.0,181.0,True
584,Persistence,2025-06-30 21:05:00,155.0,178.0,True
584,Persistence,2025-06-30 21:10:00,154.0,174.0,True
584,Persistence,2025-06-30 21:15:00,147.0,168.0,True
584,Persistence,2025-06-30 21:20:00,138.0,164.0,True
584,Persistence,2025-06-30 21:25:00,132.0,159.0,True
584,Persistence,2025-06-30 21:30:00,128.0,154.0,True
584,Persistence,2025-06-30 21:35:00,127.0,155.0,True
584,Persistence,2025-06-30 21:40:00,127.0,154.0,True
584,Persistence,2025-06-30 21:45:00,128.0,147.0,True
584,Persistence,2025-06-30 21:50:00,131.0,138.0,True
584,Persistence,2025-06-30 21:55:00,134.0,132.0,True
584,Persistence,2025-06-30 22:00:00,134.0,128.0,True
584,Persistence,2025-06-30 22:05:00,133.0,127.0,True
584,Persistence,2025-06-30 22:10:00,131.0,127.0,True
584,Persistence,2025-06-30 22:15:00,130.0,128.0,True
584,Persistence,2025-06-30 22:20:00,131.0,131.0,True
584,Persistence,2025-06-30 22:25:00,133.0,134.0,True
584,Persistence,2025-06-30 22:30:00,135.0,134.0,True
584,Persistence,2025-06-30 22:35:00,136.0,133.0,True
584,Persistence,2025-06-30 22:40:00,136.0,131.0,True
584,Persistence,2025-06-30 22:45:00,138.0,130.0,True
584,Persistence,2025-06-30 22:50:00,138.0,131.0,True
584,Persistence,2025-06-30 22:55:00,138.0,133.0,True
584,Persistence,2025-06-30 23:00:00,137.0,135.0,True
584,Persistence,2025-06-30 23:05:00,136.0,136.0,True
584,Persistence,2025-06-30 23:10:00,136.0,136.0,True
584,Persistence,2025-06-30 23:15:00,136.0,138.0,True
584,Persistence,2025-06-30 23:20:00,138.0,138.0,True
584,Persistence,2025-06-30 23:25:00,141.0,138.0,True
584,Persistence,2025-06-30 23:30:00,144.0,137.0,True
584,Persistence,2025-06-30 23:35:00,146.0,136.0,True
584,Persistence,2025-06-30 23:40:00,148.0,136.0,True
584,Persistence,2025-06-30 23:45:00,148.0,136.0,True
584,Persistence,2025-06-30 23:50:00,147.0,138.0,True
584,Persistence,2025-06-30 23:55:00,145.0,141.0,True
584,Persistence,2025-07-01 00:00:00,145.0,144.0,True
584,Persistence,2025-07-01 00:05:00,147.0,146.0,True
584,Persistence,2025-07-01 00:10:00,149.0,148.0,True
584,Persistence,2025-07-01 00:15:00,153.0,148.0,True
584,Persistence,2025-07-01 00:20:00,158.0,147.0,True
584,Persistence,2025-07-01 00:25:00,165.0,145.0,True
584,Persistence,2025-07-01 00:30:00,170.0,145.0,True
584,Persistence,2025-07-01 00:35:00,176.0,147.0,True
584,Persistence,2025-07-01 00:40:00,181.0,149.0,True
584,Persistence,2025-07-01 00:45:00,186.0,153.0,True
584,Persistence,2025-07-01 00:50:00,188.0,158.0,True
584,Persistence,2025-07-01 00:55:00,190.0,165.0,True
584,Persistence,2025-07-01 01:00:00,193.0,170.0,True
584,Persistence,2025-07-01 01:05:00,197.0,176.0,True
584,Persistence,2025-07-01 01:10:00,200.0,181.0,True
584,Persistence,2025-07-01 01:15:00,203.0,186.0,True
584,Persistence,2025-07-01 01:20:00,206.0,188.0,True
584,Persistence,2025-07-01 01:25:00,210.0,190.0,True
584,Persistence,2025-07-01 01:30:00,215.0,193.0,True
584,Persistence,2025-07-01 01:35:00,220.0,197.0,True
584,Persistence,2025-07-01 01:40:00,225.0,200.0,True
584,Persistence,2025-07-01 01:45:00,227.0,203.0,True
584,Persistence,2025-07-01 01:50:00,229.0,206.0,True
584,Persistence,2025-07-01 01:55:00,230.0,210.0,True
584,Persistence,2025-07-01 02:00:00,230.0,215.0,True
584,Persistence,2025-07-01 02:05:00,230.0,220.0,True
584,Persistence,2025-07-01 02:10:00,230.0,225.0,True
584,Persistence,2025-07-01 02:15:00,231.0,227.0,True
584,Persistence,2025-07-01 02:20:00,232.0,229.0,True
584,Persistence,2025-07-01 02:25:00,232.0,230.0,True
584,Persistence,2025-07-01 02:30:00,233.0,230.0,True
584,Persistence,2025-07-01 02:35:00,235.0,230.0,True
584,Persistence,2025-07-01 02:40:00,235.0,230.0,True
584,Persistence,2025-07-01 02:45:00,235.0,231.0,True
584,Persistence,2025-07-01 02:50:00,235.0,232.0,True
584,Persistence,2025-07-01 02:55:00,234.0,232.0,True
584,Persistence,2025-07-01 03:00:00,234.0,233.0,True
584,Persistence,2025-07-01 03:05:00,234.0,235.0,True
584,Persistence,2025-07-01 03:10:00,234.0,235.0,True
584,Persistence,2025-07-01 03:15:00,235.0,235.0,True
584,Persistence,2025-07-01 03:20:00,234.0,235.0,True
584,Persistence,2025-07-01 03:25:00,229.0,234.0,True
584,Persistence,2025-07-01 03:30:00,221.0,234.0,True
584,Persistence,2025-07-01 03:35:00,215.0,234.0,True
584,Persistence,2025-07-01 03:40:00,211.0,234.0,True
584,Persistence,2025-07-01 03:45:00,207.0,235.0,True
584,Persistence,2025-07-01 03:50:00,205.0,234.0,True
584,Persistence,2025-07-01 03:55:00,205.0,229.0,True
584,Persistence,2025-07-01 04:00:00,205.0,221.0,True
584,Persistence,2025-07-01 04:05:00,205.0,215.0,True
584,Persistence,2025-07-01 04:10:00,205.0,211.0,True
584,Persistence,2025-07-01 04:15:00,205.0,207.0,True
584,Persistence,2025-07-01 04:20:00,205.0,205.0,True
584,Persistence,2025-07-01 04:25:00,178.0,205.0,True
584,Persistence,2025-07-01 04:30:00,176.0,205.0,True
584,Persistence,2025-07-01 04:35:00,174.0,205.0,True
584,Persistence,2025-07-01 04:40:00,172.0,205.0,True
584,Persistence,2025-07-01 04:45:00,169.0,205.0,True
584,Persistence,2025-07-01 04:50:00,167.0,205.0,True
584,Persistence,2025-07-01 04:55:00,165.0,178.0,True
584,Persistence,2025-07-01 05:00:00,165.0,176.0,True
584,Persistence,2025-07-01 05:05:00,168.0,174.0,True
584,Persistence,2025-07-01 05:10:00,171.0,172.0,True
584,Persistence,2025-07-01 05:15:00,171.0,169.0,True
584,Persistence,2025-07-01 05:20:00,171.0,167.0,True
584,Persistence,2025-07-01 05:25:00,170.0,165.0,True
584,Persistence,2025-07-01 05:30:00,170.0,165.0,True
584,Persistence,2025-07-01 05:35:00,170.0,168.0,True
584,Persistence,2025-07-01 05:40:00,165.0,171.0,True
584,Persistence,2025-07-01 05:45:00,161.0,171.0,True
584,Persistence,2025-07-01 05:50:00,158.0,171.0,True
584,Persistence,2025-07-01 05:55:00,155.0,170.0,True
584,Persistence,2025-07-01 06:00:00,148.0,170.0,True
584,Persistence,2025-07-01 06:05:00,140.0,170.0,True
584,Persistence,2025-07-01 06:10:00,133.0,165.0,True
584,Persistence,2025-07-01 06:15:00,126.0,161.0,True
584,Persistence,2025-07-01 06:20:00,121.0,158.0,True
584,Persistence,2025-07-01 06:25:00,115.0,155.0,True
584,Persistence,2025-07-01 06:30:00,112.0,148.0,True
584,Persistence,2025-07-01 06:35:00,108.0,140.0,True
584,Persistence,2025-07-01 06:40:00,107.0,133.0,True
584,Persistence,2025-07-01 06:45:00,104.0,126.0,True
584,Persistence,2025-07-01 06:50:00,105.0,121.0,True
584,Persistence,2025-07-01 06:55:00,106.0,115.0,True
584,Persistence,2025-07-01 07:00:00,109.0,112.0,True
584,Persistence,2025-07-01 07:05:00,115.0,108.0,True
584,Persistence,2025-07-01 07:10:00,121.0,107.0,True
584,Persistence,2025-07-01 07:15:00,124.0,104.0,True
584,Persistence,2025-07-01 07:20:00,128.0,105.0,True
584,Persistence,2025-07-01 07:25:00,132.0,106.0,True
584,Persistence,2025-07-01 07:30:00,136.0,109.0,True
584,Persistence,2025-07-01 07:35:00,139.0,115.0,True
584,Persistence,2025-07-01 07:40:00,140.0,121.0,True
584,Persistence,2025-07-01 07:45:00,139.0,124.0,True
584,Persistence,2025-07-01 07:50:00,140.0,128.0,True
584,Persistence,2025-07-01 07:55:00,142.0,132.0,True
584,Persistence,2025-07-01 08:00:00,146.0,136.0,True
584,Persistence,2025-07-01 08:05:00,153.0,139.0,True
584,Persistence,2025-07-01 08:10:00,159.0,140.0,True
584,Persistence,2025-07-01 08:15:00,162.0,139.0,True
584,Persistence,2025-07-01 08:20:00,162.0,140.0,True
584,Persistence,2025-07-01 08:25:00,161.0,142.0,True
584,Persistence,2025-07-01 08:30:00,160.0,146.0,True
584,Persistence,2025-07-01 08:35:00,153.0,153.0,True
584,Persistence,2025-07-01 08:40:00,147.0,159.0,True
584,Persistence,2025-07-01 08:45:00,141.0,162.0,True
584,Persistence,2025-07-01 08:50:00,136.0,162.0,True
584,Persistence,2025-07-01 08:55:00,132.0,161.0,True
584,Persistence,2025-07-01 09:00:00,128.0,160.0,True
584,Persistence,2025-07-01 09:05:00,122.0,153.0,True
584,Persistence,2025-07-01 09:10:00,118.0,147.0,True
584,Persistence,2025-07-01 09:15:00,114.0,141.0,True
584,Persistence,2025-07-01 09:20:00,111.0,136.0,True
584,Persistence,2025-07-01 09:25:00,108.0,132.0,True
584,Persistence,2025-07-01 09:30:00,106.0,128.0,True
584,Persistence,2025-07-01 09:35:00,105.0,122.0,True
584,Persistence,2025-07-01 09:40:00,102.0,118.0,True
584,Persistence,2025-07-01 09:45:00,99.0,114.0,True
584,Persistence,2025-07-01 09:50:00,97.0,111.0,True
584,Persistence,2025-07-01 09:55:00,95.0,108.0,True
584,Persistence,2025-07-01 10:00:00,95.0,106.0,True
584,Persistence,2025-07-01 10:05:00,95.0,105.0,True
584,Persistence,2025-07-01 10:10:00,94.0,102.0,True
584,Persistence,2025-07-01 10:15:00,93.0,99.0,True
584,Persistence,2025-07-01 10:20:00,92.0,97.0,True
584,Persistence,2025-07-01 10:25:00,91.0,95.0,True
584,Persistence,2025-07-01 10:30:00,90.0,95.0,True
584,Persistence,2025-07-01 10:35:00,90.0,95.0,True
584,Persistence,2025-07-01 10:40:00,89.0,94.0,True
584,Persistence,2025-07-01 10:45:00,89.0,93.0,True
584,Persistence,2025-07-01 10:50:00,88.0,92.0,True
584,Persistence,2025-07-01 10:55:00,87.0,91.0,True
584,Persistence,2025-07-01 11:00:00,87.0,90.0,True
584,Persistence,2025-07-01 11:05:00,89.0,90.0,True
584,Persistence,2025-07-01 11:10:00,91.0,89.0,True
584,Persistence,2025-07-01 11:15:00,94.0,89.0,True
584,Persistence,2025-07-01 11:20:00,95.0,88.0,True
584,Persistence,2025-07-01 11:25:00,95.0,87.0,True
584,Persistence,2025-07-01 11:30:00,94.0,87.0,True
584,Persistence,2025-07-01 11:35:00,92.0,89.0,True
584,Persistence,2025-07-01 11:40:00,91.0,91.0,True
584,Persistence,2025-07-01 11:45:00,90.0,94.0,True
584,Persistence,2025-07-01 11:50:00,89.0,95.0,True
584,Persistence,2025-07-01 11:55:00,88.0,95.0,True
584,Persistence,2025-07-01 12:00:00,88.0,94.0,True
584,Persistence,2025-07-01 12:05:00,89.0,92.0,True
584,Persistence,2025-07-01 12:10:00,91.0,91.0,True
584,Persistence,2025-07-01 12:15:00,93.0,90.0,True
584,Persistence,2025-07-01 12:20:00,97.0,89.0,True
584,Persistence,2025-07-01 12:25:00,100.0,88.0,True
584,Persistence,2025-07-01 12:30:00,103.0,88.0,True
584,Persistence,2025-07-01 12:35:00,106.0,89.0,True
584,Persistence,2025-07-01 12:40:00,109.0,91.0,True
584,Persistence,2025-07-01 12:45:00,113.0,93.0,True
584,Persistence,2025-07-01 12:50:00,114.0,97.0,True
584,Persistence,2025-07-01 12:55:00,114.0,100.0,True
584,Persistence,2025-07-01 13:00:00,113.0,103.0,True
584,Persistence,2025-07-01 13:05:00,112.0,106.0,True
584,Persistence,2025-07-01 13:10:00,112.0,109.0,True
584,Persistence,2025-07-01 13:15:00,111.0,113.0,True
584,Persistence,2025-07-01 13:20:00,108.0,114.0,True
584,Persistence,2025-07-01 13:25:00,107.0,114.0,True
584,Persistence,2025-07-01 13:30:00,106.0,113.0,True
584,Persistence,2025-07-01 13:35:00,105.0,112.0,True
584,Persistence,2025-07-01 13:40:00,107.0,112.0,True
584,Persistence,2025-07-01 13:45:00,108.0,111.0,True
584,Persistence,2025-07-01 13:50:00,107.0,108.0,True
584,Persistence,2025-07-01 13:55:00,107.0,107.0,True
584,Persistence,2025-07-01 14:00:00,106.0,106.0,True
584,Persistence,2025-07-01 14:05:00,104.0,105.0,True
584,Persistence,2025-07-01 14:10:00,105.0,107.0,True
584,Persistence,2025-07-01 14:15:00,106.0,108.0,True
584,Persistence,2025-07-01 14:20:00,105.0,107.0,True
584,Persistence,2025-07-01 14:25:00,107.0,107.0,True
584,Persistence,2025-07-01 14:30:00,110.0,106.0,True
584,Persistence,2025-07-01 14:35:00,110.0,104.0,True
584,Persistence,2025-07-01 14:40:00,111.0,105.0,True
584,Persistence,2025-07-01 14:45:00,113.0,106.0,True
584,Persistence,2025-07-01 14:50:00,115.0,105.0,True
584,Persistence,2025-07-01 14:55:00,118.0,107.0,True
584,Persistence,2025-07-01 15:00:00,119.0,110.0,True
584,Persistence,2025-07-01 15:05:00,120.0,110.0,True
584,Persistence,2025-07-01 15:10:00,121.0,111.0,True
584,Persistence,2025-07-01 15:15:00,123.0,113.0,True
584,Persistence,2025-07-01 15:20:00,127.0,115.0,True
584,Persistence,2025-07-01 15:25:00,130.0,118.0,True
584,Persistence,2025-07-01 15:30:00,132.0,119.0,True
584,Persistence,2025-07-01 15:35:00,136.0,120.0,True
584,Persistence,2025-07-01 15:40:00,141.0,121.0,True
584,Persistence,2025-07-01 15:45:00,148.0,123.0,True
584,Persistence,2025-07-01 15:50:00,152.0,127.0,True
584,Persistence,2025-07-01 15:55:00,153.0,130.0,True
584,Persistence,2025-07-01 16:00:00,153.0,132.0,True
584,Persistence,2025-07-01 16:05:00,154.0,136.0,True
584,Persistence,2025-07-01 16:10:00,154.0,141.0,True
584,Persistence,2025-07-01 16:15:00,154.0,148.0,True
584,Persistence,2025-07-01 16:20:00,154.0,152.0,True
584,Persistence,2025-07-01 16:25:00,154.0,153.0,True
584,Persistence,2025-07-01 16:30:00,154.0,153.0,True
584,Persistence,2025-07-01 16:35:00,154.0,154.0,True
584,Persistence,2025-07-01 16:55:00,227.0,154.0,True
584,Persistence,2025-07-01 17:00:00,233.0,154.0,True
584,Persistence,2025-07-01 17:05:00,235.0,154.0,True
584,Persistence,2025-07-01 17:10:00,236.0,,False
584,Persistence,2025-07-01 17:15:00,237.0,,False
584,Persistence,2025-07-01 17:20:00,236.0,,False
584,Persistence,2025-07-01 17:25:00,234.0,227.0,True
584,Persistence,2025-07-01 17:30:00,231.0,233.0,True
584,Persistence,2025-07-01 17:35:00,230.0,235.0,True
584,Persistence,2025-07-01 17:40:00,228.0,236.0,True
584,Persistence,2025-07-01 17:45:00,227.0,237.0,True
584,Persistence,2025-07-01 17:50:00,224.0,236.0,True
584,Persistence,2025-07-01 17:55:00,220.0,234.0,True
584,Persistence,2025-07-01 18:00:00,216.0,231.0,True
584,Persistence,2025-07-01 18:05:00,212.0,230.0,True
584,Persistence,2025-07-01 18:10:00,208.0,228.0,True
584,Persistence,2025-07-01 18:15:00,203.0,227.0,True
584,Persistence,2025-07-01 18:20:00,199.0,224.0,True
584,Persistence,2025-07-01 18:25:00,196.0,220.0,True
584,Persistence,2025-07-01 18:30:00,194.0,216.0,True
584,Persistence,2025-07-01 18:35:00,194.0,212.0,True
584,Persistence,2025-07-01 18:40:00,193.0,208.0,True
584,Persistence,2025-07-01 18:45:00,193.0,203.0,True
584,Persistence,2025-07-01 18:50:00,192.0,199.0,True
584,Persistence,2025-07-01 18:55:00,191.0,196.0,True
584,Persistence,2025-07-01 19:00:00,191.0,194.0,True
584,Persistence,2025-07-01 19:05:00,191.0,194.0,True
584,Persistence,2025-07-01 19:10:00,191.0,193.0,True
584,Persistence,2025-07-01 19:15:00,191.0,193.0,True
584,Persistence,2025-07-01 19:20:00,190.0,192.0,True
584,Persistence,2025-07-01 19:25:00,187.0,191.0,True
584,Persistence,2025-07-01 19:30:00,185.0,191.0,True
584,Persistence,2025-07-01 19:35:00,182.0,191.0,True
584,Persistence,2025-07-01 19:40:00,179.0,191.0,True
584,Persistence,2025-07-01 19:45:00,176.0,191.0,True
584,Persistence,2025-07-01 19:50:00,174.0,190.0,True
584,Persistence,2025-07-01 19:55:00,173.0,187.0,True
584,Persistence,2025-07-01 20:00:00,173.0,185.0,True
584,Persistence,2025-07-01 20:05:00,173.0,182.0,True
584,Persistence,2025-07-01 20:10:00,173.0,179.0,True
584,Persistence,2025-07-01 20:15:00,171.0,176.0,True
584,Persistence,2025-07-01 20:20:00,163.0,174.0,True
584,Persistence,2025-07-01 20:25:00,150.0,173.0,True
584,Persistence,2025-07-01 20:30:00,137.0,173.0,True
584,Persistence,2025-07-01 20:35:00,127.0,173.0,True
584,Persistence,2025-07-01 20:40:00,118.0,173.0,True
584,Persistence,2025-07-01 20:45:00,112.0,171.0,True
584,Persistence,2025-07-01 20:50:00,108.0,163.0,True
584,Persistence,2025-07-01 20:55:00,107.0,150.0,True
584,Persistence,2025-07-01 21:00:00,105.0,137.0,True
584,Persistence,2025-07-01 21:05:00,103.0,127.0,True
584,Persistence,2025-07-01 21:10:00,101.0,118.0,True
584,Persistence,2025-07-01 21:15:00,101.0,112.0,True
584,Persistence,2025-07-01 21:20:00,102.0,108.0,True
584,Persistence,2025-07-01 21:25:00,105.0,107.0,True
584,Persistence,2025-07-01 21:30:00,108.0,105.0,True
584,Persistence,2025-07-01 21:35:00,111.0,103.0,True
584,Persistence,2025-07-01 21:40:00,114.0,101.0,True
584,Persistence,2025-07-01 21:45:00,116.0,101.0,True
584,Persistence,2025-07-01 21:50:00,118.0,102.0,True
584,Persistence,2025-07-01 21:55:00,120.0,105.0,True
584,Persistence,2025-07-01 22:00:00,122.0,108.0,True
584,Persistence,2025-07-01 22:05:00,124.0,111.0,True
584,Persistence,2025-07-01 22:10:00,125.0,114.0,True
584,Persistence,2025-07-01 22:15:00,126.0,116.0,True
584,Persistence,2025-07-01 22:20:00,127.0,118.0,True
584,Persistence,2025-07-01 22:25:00,127.0,120.0,True
584,Persistence,2025-07-01 22:30:00,129.0,122.0,True
584,Persistence,2025-07-01 22:35:00,130.0,124.0,True
584,Persistence,2025-07-01 22:40:00,131.0,125.0,True
584,Persistence,2025-07-01 22:45:00,131.0,126.0,True
584,Persistence,2025-07-01 22:50:00,130.0,127.0,True
584,Persistence,2025-07-01 22:55:00,130.0,127.0,True
584,Persistence,2025-07-01 23:00:00,132.0,129.0,True
584,Persistence,2025-07-01 23:05:00,134.0,130.0,True
584,Persistence,2025-07-01 23:10:00,137.0,131.0,True
584,Persistence,2025-07-01 23:15:00,140.0,131.0,True
584,Persistence,2025-07-01 23:20:00,141.0,130.0,True
584,Persistence,2025-07-01 23:25:00,141.0,130.0,True
584,Persistence,2025-07-01 23:30:00,141.0,132.0,True
584,Persistence,2025-07-01 23:35:00,143.0,134.0,True
584,Persistence,2025-07-01 23:40:00,141.0,137.0,True
584,Persistence,2025-07-01 23:45:00,140.0,140.0,True
584,Persistence,2025-07-01 23:50:00,141.0,141.0,True
584,Persistence,2025-07-01 23:55:00,143.0,141.0,True
584,Persistence,2025-07-02 00:00:00,146.0,141.0,True
584,Persistence,2025-07-02 00:05:00,149.0,143.0,True
584,Persistence,2025-07-02 00:10:00,152.0,141.0,True
584,Persistence,2025-07-02 00:15:00,154.0,140.0,True
584,Persistence,2025-07-02 00:20:00,156.0,141.0,True
584,Persistence,2025-07-02 00:25:00,157.0,143.0,True
584,Persistence,2025-07-02 00:30:00,158.0,146.0,True
584,Persistence,2025-07-02 00:35:00,157.0,149.0,True
584,Persistence,2025-07-02 00:40:00,154.0,152.0,True
584,Persistence,2025-07-02 00:45:00,151.0,154.0,True
584,Persistence,2025-07-02 00:50:00,149.0,156.0,True
584,Persistence,2025-07-02 00:55:00,147.0,157.0,True
584,Persistence,2025-07-02 01:00:00,145.0,158.0,True
584,Persistence,2025-07-02 01:05:00,143.0,157.0,True
584,Persistence,2025-07-02 01:10:00,142.0,154.0,True
584,Persistence,2025-07-02 01:15:00,142.0,151.0,True
584,Persistence,2025-07-02 01:20:00,143.0,149.0,True
584,Persistence,2025-07-02 01:25:00,143.0,147.0,True
584,Persistence,2025-07-02 01:30:00,144.0,145.0,True
584,Persistence,2025-07-02 01:35:00,147.0,143.0,True
584,Persistence,2025-07-02 01:40:00,150.0,142.0,True
584,Persistence,2025-07-02 01:45:00,152.0,142.0,True
584,Persistence,2025-07-02 01:50:00,153.0,143.0,True
584,Persistence,2025-07-02 01:55:00,152.0,143.0,True
584,Persistence,2025-07-02 02:00:00,151.0,144.0,True
584,Persistence,2025-07-02 02:05:00,150.0,147.0,True
584,Persistence,2025-07-02 02:10:00,149.0,150.0,True
584,Persistence,2025-07-02 02:15:00,150.0,152.0,True
584,Persistence,2025-07-02 02:20:00,151.0,153.0,True
584,Persistence,2025-07-02 02:25:00,149.0,152.0,True
584,Persistence,2025-07-02 02:30:00,148.0,151.0,True
584,Persistence,2025-07-02 02:35:00,147.0,150.0,True
584,Persistence,2025-07-02 02:40:00,145.0,149.0,True
584,Persistence,2025-07-02 02:45:00,145.0,150.0,True
584,Persistence,2025-07-02 02:50:00,145.0,151.0,True
584,Persistence,2025-07-02 02:55:00,145.0,149.0,True
584,Persistence,2025-07-02 03:00:00,144.0,148.0,True
584,Persistence,2025-07-02 03:05:00,143.0,147.0,True
584,Persistence,2025-07-02 03:10:00,141.0,145.0,True
584,Persistence,2025-07-02 03:15:00,140.0,145.0,True
584,Persistence,2025-07-02 03:20:00,141.0,145.0,True
584,Persistence,2025-07-02 03:25:00,140.0,145.0,True
584,Persistence,2025-07-02 03:30:00,139.0,144.0,True
584,Persistence,2025-07-02 03:35:00,138.0,143.0,True
584,Persistence,2025-07-02 03:40:00,138.0,141.0,True
584,Persistence,2025-07-02 03:45:00,137.0,140.0,True
584,Persistence,2025-07-02 03:50:00,137.0,141.0,True
584,Persistence,2025-07-02 03:55:00,135.0,140.0,True
584,Persistence,2025-07-02 04:00:00,135.0,139.0,True
584,Persistence,2025-07-02 04:05:00,134.0,138.0,True
584,Persistence,2025-07-02 04:10:00,133.0,138.0,True
584,Persistence,2025-07-02 04:15:00,132.0,137.0,True
584,Persistence,2025-07-02 04:20:00,131.0,137.0,True
584,Persistence,2025-07-02 04:25:00,130.0,135.0,True
584,Persistence,2025-07-02 04:30:00,129.0,135.0,True
584,Persistence,2025-07-02 04:35:00,129.0,134.0,True
584,Persistence,2025-07-02 04:40:00,129.0,133.0,True
584,Persistence,2025-07-02 04:45:00,129.0,132.0,True
584,Persistence,2025-07-02 04:50:00,129.0,131.0,True
584,Persistence,2025-07-02 04:55:00,129.0,130.0,True
584,Persistence,2025-07-02 05:00:00,129.0,129.0,True
584,Persistence,2025-07-02 05:05:00,129.0,129.0,True
584,Persistence,2025-07-02 05:45:00,120.0,,False
584,Persistence,2025-07-02 05:50:00,117.0,,False
584,Persistence,2025-07-02 05:55:00,113.0,,False
584,Persistence,2025-07-02 06:00:00,110.0,,False
584,Persistence,2025-07-02 06:05:00,108.0,,False
584,Persistence,2025-07-02 06:10:00,107.0,,False
584,Persistence,2025-07-02 06:15:00,106.0,120.0,True
584,Persistence,2025-07-02 06:20:00,106.0,117.0,True
584,Persistence,2025-07-02 06:25:00,106.0,113.0,True
584,Persistence,2025-07-02 06:30:00,106.0,110.0,True
584,Persistence,2025-07-02 06:35:00,106.0,108.0,True
584,Persistence,2025-07-02 06:40:00,107.0,107.0,True
584,Persistence,2025-07-02 06:45:00,109.0,106.0,True
584,Persistence,2025-07-02 06:50:00,111.0,106.0,True
584,Persistence,2025-07-02 06:55:00,113.0,106.0,True
584,Persistence,2025-07-02 07:00:00,116.0,106.0,True
584,Persistence,2025-07-02 07:05:00,117.0,106.0,True
584,Persistence,2025-07-02 07:10:00,118.0,107.0,True
584,Persistence,2025-07-02 07:15:00,119.0,109.0,True
584,Persistence,2025-07-02 07:20:00,120.0,111.0,True
584,Persistence,2025-07-02 07:25:00,120.0,113.0,True
584,Persistence,2025-07-02 07:30:00,120.0,116.0,True
584,Persistence,2025-07-02 07:35:00,120.0,117.0,True
584,Persistence,2025-07-02 07:40:00,120.0,118.0,True
584,Persistence,2025-07-02 07:45:00,120.0,119.0,True
584,Persistence,2025-07-02 07:50:00,122.0,120.0,True
584,Persistence,2025-07-02 07:55:00,123.0,120.0,True
584,Persistence,2025-07-02 08:00:00,126.0,120.0,True
584,Persistence,2025-07-02 08:05:00,130.0,120.0,True
584,Persistence,2025-07-02 08:10:00,136.0,120.0,True
584,Persistence,2025-07-02 08:15:00,143.0,120.0,True
584,Persistence,2025-07-02 08:20:00,152.0,122.0,True
584,Persistence,2025-07-02 08:25:00,161.0,123.0,True
584,Persistence,2025-07-02 08:30:00,169.0,126.0,True
584,Persistence,2025-07-02 08:35:00,176.0,130.0,True
584,Persistence,2025-07-02 08:40:00,180.0,136.0,True
584,Persistence,2025-07-02 08:45:00,184.0,143.0,True
584,Persistence,2025-07-02 08:50:00,186.0,152.0,True
584,Persistence,2025-07-02 08:55:00,188.0,161.0,True
584,Persistence,2025-07-02 09:00:00,188.0,169.0,True
584,Persistence,2025-07-02 09:05:00,189.0,176.0,True
584,Persistence,2025-07-02 09:10:00,190.0,180.0,True
584,Persistence,2025-07-02 09:15:00,188.0,184.0,True
584,Persistence,2025-07-02 09:20:00,192.0,186.0,True
584,Persistence,2025-07-02 09:25:00,197.0,188.0,True
584,Persistence,2025-07-02 09:30:00,202.0,188.0,True
584,Persistence,2025-07-02 09:35:00,206.0,189.0,True
584,Persistence,2025-07-02 09:40:00,207.0,190.0,True
584,Persistence,2025-07-02 09:45:00,205.0,188.0,True
584,Persistence,2025-07-02 09:50:00,200.0,192.0,True
584,Persistence,2025-07-02 09:55:00,194.0,197.0,True
584,Persistence,2025-07-02 10:00:00,186.0,202.0,True
584,Persistence,2025-07-02 10:05:00,177.0,206.0,True
584,Persistence,2025-07-02 10:10:00,166.0,207.0,True
584,Persistence,2025-07-02 10:15:00,157.0,205.0,True
584,Persistence,2025-07-02 10:20:00,149.0,200.0,True
584,Persistence,2025-07-02 10:25:00,143.0,194.0,True
584,Persistence,2025-07-02 10:30:00,138.0,186.0,True
584,Persistence,2025-07-02 10:35:00,135.0,177.0,True
584,Persistence,2025-07-02 10:40:00,131.0,166.0,True
584,Persistence,2025-07-02 10:45:00,126.0,157.0,True
584,Persistence,2025-07-02 10:50:00,121.0,149.0,True
584,Persistence,2025-07-02 10:55:00,116.0,143.0,True
584,Persistence,2025-07-02 11:00:00,111.0,138.0,True
584,Persistence,2025-07-02 11:05:00,105.0,135.0,True
584,Persistence,2025-07-02 11:10:00,101.0,131.0,True
584,Persistence,2025-07-02 11:15:00,99.0,126.0,True
584,Persistence,2025-07-02 11:20:00,99.0,121.0,True
584,Persistence,2025-07-02 11:25:00,100.0,116.0,True
584,Persistence,2025-07-02 11:30:00,101.0,111.0,True
584,Persistence,2025-07-02 11:35:00,104.0,105.0,True
584,Persistence,2025-07-02 11:40:00,106.0,101.0,True
584,Persistence,2025-07-02 11:45:00,106.0,99.0,True
584,Persistence,2025-07-02 11:50:00,107.0,99.0,True
584,Persistence,2025-07-02 11:55:00,108.0,100.0,True
584,Persistence,2025-07-02 12:00:00,110.0,101.0,True
584,Persistence,2025-07-02 12:05:00,113.0,104.0,True
584,Persistence,2025-07-02 12:10:00,116.0,106.0,True
584,Persistence,2025-07-02 12:15:00,120.0,106.0,True
584,Persistence,2025-07-02 12:20:00,123.0,107.0,True
584,Persistence,2025-07-02 12:25:00,129.0,108.0,True
584,Persistence,2025-07-02 12:30:00,135.0,110.0,True
584,Persistence,2025-07-02 12:35:00,140.0,113.0,True
584,Persistence,2025-07-02 12:40:00,156.0,116.0,True
584,Persistence,2025-07-02 12:45:00,165.0,120.0,True
584,Persistence,2025-07-02 12:50:00,169.0,123.0,True
584,Persistence,2025-07-02 12:55:00,172.0,129.0,True
584,Persistence,2025-07-02 13:00:00,177.0,135.0,True
584,Persistence,2025-07-02 13:05:00,180.0,140.0,True
584,Persistence,2025-07-02 13:10:00,189.0,156.0,True
584,Persistence,2025-07-02 13:15:00,202.0,165.0,True
584,Persistence,2025-07-02 13:20:00,218.0,169.0,True
584,Persistence,2025-07-02 13:25:00,229.0,172.0,True
584,Persistence,2025-07-02 13:30:00,237.0,177.0,True
584,Persistence,2025-07-02 13:35:00,244.0,180.0,True
584,Persistence,2025-07-02 13:40:00,247.0,189.0,True
584,Persistence,2025-07-02 13:45:00,250.0,202.0,True
584,Persistence,2025-07-02 13:50:00,253.0,218.0,True
584,Persistence,2025-07-02 13:55:00,257.0,229.0,True
584,Persistence,2025-07-02 14:00:00,259.0,237.0,True
584,Persistence,2025-07-02 14:05:00,261.0,244.0,True
584,Persistence,2025-07-02 14:10:00,261.0,247.0,True
584,Persistence,2025-07-02 14:15:00,260.0,250.0,True
584,Persistence,2025-07-02 14:20:00,260.0,253.0,True
584,Persistence,2025-07-02 14:25:00,260.0,257.0,True
584,Persistence,2025-07-02 14:30:00,262.0,259.0,True
584,Persistence,2025-07-02 14:35:00,263.0,261.0,True
584,Persistence,2025-07-02 14:40:00,265.0,261.0,True
584,Persistence,2025-07-02 14:45:00,265.0,260.0,True
584,Persistence,2025-07-02 14:50:00,265.0,260.0,True
584,Persistence,2025-07-02 14:55:00,266.0,260.0,True
584,Persistence,2025-07-02 15:00:00,267.0,262.0,True
584,Persistence,2025-07-02 15:05:00,268.0,263.0,True
584,Persistence,2025-07-02 15:10:00,269.0,265.0,True
584,Persistence,2025-07-02 15:15:00,269.0,265.0,True
584,Persistence,2025-07-02 15:20:00,268.0,265.0,True
584,Persistence,2025-07-02 15:25:00,264.0,266.0,True
584,Persistence,2025-07-02 15:30:00,257.0,267.0,True
584,Persistence,2025-07-02 15:35:00,253.0,268.0,True
584,Persistence,2025-07-02 15:40:00,248.0,269.0,True
584,Persistence,2025-07-02 15:45:00,240.0,269.0,True
584,Persistence,2025-07-02 15:50:00,227.0,268.0,True
584,Persistence,2025-07-02 15:55:00,214.0,264.0,True
584,Persistence,2025-07-02 16:00:00,204.0,257.0,True
584,Persistence,2025-07-02 16:05:00,199.0,253.0,True
584,Persistence,2025-07-02 16:10:00,196.0,248.0,True
584,Persistence,2025-07-02 16:15:00,194.0,240.0,True
584,Persistence,2025-07-02 16:20:00,190.0,227.0,True
584,Persistence,2025-07-02 16:25:00,185.0,214.0,True
584,Persistence,2025-07-02 16:30:00,180.0,204.0,True
584,Persistence,2025-07-02 16:35:00,176.0,199.0,True
584,Persistence,2025-07-02 16:40:00,172.0,196.0,True
584,Persistence,2025-07-02 16:45:00,165.0,194.0,True
584,Persistence,2025-07-02 16:50:00,154.0,190.0,True
584,Persistence,2025-07-02 16:55:00,168.0,185.0,True
584,Persistence,2025-07-02 17:00:00,159.0,180.0,True
584,Persistence,2025-07-02 17:05:00,153.0,176.0,True
584,Persistence,2025-07-02 17:10:00,148.0,172.0,True
584,Persistence,2025-07-02 17:15:00,143.0,165.0,True
584,Persistence,2025-07-02 17:20:00,140.0,154.0,True
584,Persistence,2025-07-02 17:25:00,137.0,168.0,True
584,Persistence,2025-07-02 17:30:00,134.0,159.0,True
584,Persistence,2025-07-02 17:35:00,131.0,153.0,True
584,Persistence,2025-07-02 17:40:00,128.0,148.0,True
584,Persistence,2025-07-02 17:45:00,126.0,143.0,True
584,Persistence,2025-07-02 17:50:00,126.0,140.0,True
584,Persistence,2025-07-02 17:55:00,125.0,137.0,True
584,Persistence,2025-07-02 18:00:00,123.0,134.0,True
584,Persistence,2025-07-02 18:05:00,123.0,131.0,True
584,Persistence,2025-07-02 18:10:00,126.0,128.0,True
584,Persistence,2025-07-02 18:15:00,126.0,126.0,True
584,Persistence,2025-07-02 18:20:00,124.0,126.0,True
584,Persistence,2025-07-02 18:25:00,112.0,125.0,True
584,Persistence,2025-07-02 18:30:00,109.0,123.0,True
584,Persistence,2025-07-02 18:35:00,116.0,123.0,True
584,Persistence,2025-07-02 18:40:00,125.0,126.0,True
584,Persistence,2025-07-02 18:45:00,136.0,126.0,True
584,Persistence,2025-07-02 18:50:00,146.0,124.0,True
584,Persistence,2025-07-02 18:55:00,153.0,112.0,True
584,Persistence,2025-07-02 19:00:00,161.0,109.0,True
584,Persistence,2025-07-02 19:05:00,167.0,116.0,True
584,Persistence,2025-07-02 19:10:00,172.0,125.0,True
584,Persistence,2025-07-02 19:15:00,177.0,136.0,True
584,Persistence,2025-07-02 19:20:00,182.0,146.0,True
584,Persistence,2025-07-02 19:25:00,189.0,153.0,True
584,Persistence,2025-07-02 19:30:00,186.0,161.0,True
584,Persistence,2025-07-02 19:35:00,185.0,167.0,True
584,Persistence,2025-07-02 19:40:00,180.0,172.0,True
584,Persistence,2025-07-02 19:45:00,166.0,177.0,True
584,Persistence,2025-07-02 19:50:00,164.0,182.0,True
584,Persistence,2025-07-02 19:55:00,172.0,189.0,True
584,Persistence,2025-07-02 20:00:00,176.0,186.0,True
584,Persistence,2025-07-02 20:05:00,179.0,185.0,True
584,Persistence,2025-07-02 20:10:00,179.0,180.0,True
584,Persistence,2025-07-02 20:15:00,180.0,166.0,True
584,Persistence,2025-07-02 20:20:00,183.0,164.0,True
584,Persistence,2025-07-02 20:25:00,186.0,172.0,True
584,Persistence,2025-07-02 20:30:00,187.0,176.0,True
584,Persistence,2025-07-02 20:35:00,187.0,179.0,True
584,Persistence,2025-07-02 20:40:00,187.0,179.0,True
584,Persistence,2025-07-02 20:45:00,186.0,180.0,True
584,Persistence,2025-07-02 20:50:00,183.0,183.0,True
584,Persistence,2025-07-02 20:55:00,180.0,186.0,True
584,Persistence,2025-07-02 21:00:00,179.0,187.0,True
584,Persistence,2025-07-02 21:05:00,178.0,187.0,True
584,Persistence,2025-07-02 21:10:00,178.0,187.0,True
584,Persistence,2025-07-02 21:15:00,181.0,186.0,True
584,Persistence,2025-07-02 21:20:00,185.0,183.0,True
584,Persistence,2025-07-02 21:25:00,189.0,180.0,True
584,Persistence,2025-07-02 21:30:00,191.0,179.0,True
584,Persistence,2025-07-02 21:35:00,191.0,178.0,True
584,Persistence,2025-07-02 21:40:00,192.0,178.0,True
584,Persistence,2025-07-02 21:45:00,192.0,181.0,True
584,Persistence,2025-07-02 21:50:00,191.0,185.0,True
584,Persistence,2025-07-02 21:55:00,190.0,189.0,True
584,Persistence,2025-07-02 22:00:00,189.0,191.0,True
584,Persistence,2025-07-02 22:05:00,190.0,191.0,True
584,Persistence,2025-07-02 22:10:00,191.0,192.0,True
584,Persistence,2025-07-02 22:15:00,193.0,192.0,True
584,Persistence,2025-07-02 22:20:00,195.0,191.0,True
584,Persistence,2025-07-02 22:25:00,198.0,190.0,True
584,Persistence,2025-07-02 22:30:00,203.0,189.0,True
584,Persistence,2025-07-02 22:35:00,206.0,190.0,True
584,Persistence,2025-07-02 22:40:00,207.0,191.0,True
584,Persistence,2025-07-02 22:45:00,209.0,193.0,True
584,Persistence,2025-07-02 22:50:00,211.0,195.0,True
584,Persistence,2025-07-02 22:55:00,212.0,198.0,True
584,Persistence,2025-07-02 23:00:00,213.0,203.0,True
584,Persistence,2025-07-02 23:05:00,212.0,206.0,True
584,Persistence,2025-07-02 23:10:00,211.0,207.0,True
584,Persistence,2025-07-02 23:15:00,210.0,209.0,True
584,Persistence,2025-07-02 23:20:00,211.0,211.0,True
584,Persistence,2025-07-02 23:25:00,213.0,212.0,True
584,Persistence,2025-07-02 23:30:00,216.0,213.0,True
584,Persistence,2025-07-02 23:35:00,218.0,212.0,True
584,Persistence,2025-07-02 23:40:00,220.0,211.0,True
584,Persistence,2025-07-02 23:45:00,223.0,210.0,True
584,Persistence,2025-07-02 23:50:00,226.0,211.0,True
584,Persistence,2025-07-02 23:55:00,229.0,213.0,True
584,Persistence,2025-07-03 00:00:00,230.0,216.0,True
584,Persistence,2025-07-03 00:05:00,232.0,218.0,True
584,Persistence,2025-07-03 00:10:00,236.0,220.0,True
584,Persistence,2025-07-03 00:15:00,242.0,223.0,True
584,Persistence,2025-07-03 00:20:00,249.0,226.0,True
584,Persistence,2025-07-03 00:25:00,255.0,229.0,True
584,Persistence,2025-07-03 00:30:00,259.0,230.0,True
584,Persistence,2025-07-03 00:35:00,262.0,232.0,True
584,Persistence,2025-07-03 00:40:00,265.0,236.0,True
584,Persistence,2025-07-03 00:45:00,268.0,242.0,True
584,Persistence,2025-07-03 00:50:00,272.0,249.0,True
584,Persistence,2025-07-03 00:55:00,276.0,255.0,True
584,Persistence,2025-07-03 01:00:00,278.0,259.0,True
584,Persistence,2025-07-03 01:05:00,280.0,262.0,True
584,Persistence,2025-07-03 01:10:00,280.0,265.0,True
584,Persistence,2025-07-03 01:15:00,281.0,268.0,True
584,Persistence,2025-07-03 01:20:00,280.0,272.0,True
584,Persistence,2025-07-03 01:25:00,278.0,276.0,True
584,Persistence,2025-07-03 01:30:00,276.0,278.0,True
584,Persistence,2025-07-03 01:35:00,273.0,280.0,True
584,Persistence,2025-07-03 01:40:00,270.0,280.0,True
584,Persistence,2025-07-03 01:45:00,264.0,281.0,True
584,Persistence,2025-07-03 01:50:00,258.0,280.0,True
584,Persistence,2025-07-03 01:55:00,252.0,278.0,True
584,Persistence,2025-07-03 02:00:00,249.0,276.0,True
584,Persistence,2025-07-03 02:05:00,245.0,273.0,True
584,Persistence,2025-07-03 02:10:00,244.0,270.0,True
584,Persistence,2025-07-03 02:15:00,244.0,264.0,True
584,Persistence,2025-07-03 02:20:00,245.0,258.0,True
584,Persistence,2025-07-03 02:25:00,243.0,252.0,True
584,Persistence,2025-07-03 02:30:00,242.0,249.0,True
584,Persistence,2025-07-03 02:35:00,240.0,245.0,True
584,Persistence,2025-07-03 02:40:00,239.0,244.0,True
584,Persistence,2025-07-03 02:45:00,237.0,244.0,True
584,Persistence,2025-07-03 02:50:00,236.0,245.0,True
584,Persistence,2025-07-03 02:55:00,236.0,243.0,True
584,Persistence,2025-07-03 03:00:00,238.0,242.0,True
584,Persistence,2025-07-03 03:05:00,237.0,240.0,True
584,Persistence,2025-07-03 03:10:00,235.0,239.0,True
584,Persistence,2025-07-03 03:15:00,233.0,237.0,True
584,Persistence,2025-07-03 03:20:00,231.0,236.0,True
584,Persistence,2025-07-03 03:25:00,229.0,236.0,True
584,Persistence,2025-07-03 03:30:00,226.0,238.0,True
584,Persistence,2025-07-03 03:35:00,226.0,237.0,True
584,Persistence,2025-07-03 03:40:00,225.0,235.0,True
584,Persistence,2025-07-03 03:45:00,224.0,233.0,True
584,Persistence,2025-07-03 03:50:00,222.0,231.0,True
584,Persistence,2025-07-03 03:55:00,220.0,229.0,True
584,Persistence,2025-07-03 04:00:00,217.0,226.0,True
584,Persistence,2025-07-03 04:05:00,215.0,226.0,True
584,Persistence,2025-07-03 04:10:00,212.0,225.0,True
584,Persistence,2025-07-03 04:15:00,209.0,224.0,True
584,Persistence,2025-07-03 04:20:00,207.0,222.0,True
584,Persistence,2025-07-03 04:25:00,205.0,220.0,True
584,Persistence,2025-07-03 04:30:00,202.0,217.0,True
584,Persistence,2025-07-03 04:35:00,200.0,215.0,True
584,Persistence,2025-07-03 04:40:00,200.0,212.0,True
584,Persistence,2025-07-03 04:45:00,200.0,209.0,True
584,Persistence,2025-07-03 04:50:00,200.0,207.0,True
584,Persistence,2025-07-03 04:55:00,200.0,205.0,True
584,Persistence,2025-07-03 05:00:00,200.0,202.0,True
584,Persistence,2025-07-03 05:05:00,200.0,200.0,True
584,Persistence,2025-07-03 05:15:00,156.0,200.0,True
584,Persistence,2025-07-03 05:20:00,156.0,200.0,True
584,Persistence,2025-07-03 05:25:00,154.0,200.0,True
584,Persistence,2025-07-03 05:30:00,151.0,200.0,True
584,Persistence,2025-07-03 05:35:00,148.0,200.0,True
584,Persistence,2025-07-03 05:40:00,144.0,,False
584,Persistence,2025-07-03 05:45:00,141.0,156.0,True
584,Persistence,2025-07-03 05:50:00,137.0,156.0,True
584,Persistence,2025-07-03 05:55:00,134.0,154.0,True
584,Persistence,2025-07-03 06:00:00,131.0,151.0,True
584,Persistence,2025-07-03 06:05:00,127.0,148.0,True
584,Persistence,2025-07-03 06:10:00,123.0,144.0,True
584,Persistence,2025-07-03 06:15:00,120.0,141.0,True
584,Persistence,2025-07-03 06:20:00,118.0,137.0,True
584,Persistence,2025-07-03 06:25:00,115.0,134.0,True
584,Persistence,2025-07-03 06:30:00,113.0,131.0,True
584,Persistence,2025-07-03 06:35:00,112.0,127.0,True
584,Persistence,2025-07-03 06:40:00,112.0,123.0,True
584,Persistence,2025-07-03 06:45:00,114.0,120.0,True
584,Persistence,2025-07-03 06:50:00,118.0,118.0,True
584,Persistence,2025-07-03 06:55:00,126.0,115.0,True
584,Persistence,2025-07-03 07:00:00,135.0,113.0,True
584,Persistence,2025-07-03 07:05:00,142.0,112.0,True
584,Persistence,2025-07-03 07:10:00,146.0,112.0,True
584,Persistence,2025-07-03 07:15:00,153.0,114.0,True
584,Persistence,2025-07-03 07:20:00,162.0,118.0,True
584,Persistence,2025-07-03 07:25:00,169.0,126.0,True
584,Persistence,2025-07-03 07:30:00,174.0,135.0,True
584,Persistence,2025-07-03 07:35:00,176.0,142.0,True
584,Persistence,2025-07-03 07:40:00,182.0,146.0,True
584,Persistence,2025-07-03 07:45:00,187.0,153.0,True
584,Persistence,2025-07-03 07:50:00,192.0,162.0,True
584,Persistence,2025-07-03 07:55:00,196.0,169.0,True
584,Persistence,2025-07-03 08:00:00,199.0,174.0,True
584,Persistence,2025-07-03 08:05:00,202.0,176.0,True
584,Persistence,2025-07-03 08:10:00,202.0,182.0,True
584,Persistence,2025-07-03 08:15:00,200.0,187.0,True
584,Persistence,2025-07-03 08:20:00,199.0,192.0,True
584,Persistence,2025-07-03 08:25:00,192.0,196.0,True
584,Persistence,2025-07-03 08:30:00,189.0,199.0,True
584,Persistence,2025-07-03 08:35:00,182.0,202.0,True
584,Persistence,2025-07-03 08:40:00,179.0,202.0,True
584,Persistence,2025-07-03 08:45:00,185.0,200.0,True
584,Persistence,2025-07-03 08:50:00,193.0,199.0,True
584,Persistence,2025-07-03 08:55:00,199.0,192.0,True
584,Persistence,2025-07-03 09:00:00,203.0,189.0,True
584,Persistence,2025-07-03 09:05:00,210.0,182.0,True
584,Persistence,2025-07-03 09:10:00,200.0,179.0,True
584,Persistence,2025-07-03 09:15:00,183.0,185.0,True
584,Persistence,2025-07-03 09:20:00,171.0,193.0,True
584,Persistence,2025-07-03 09:25:00,162.0,199.0,True
584,Persistence,2025-07-03 09:30:00,157.0,203.0,True
584,Persistence,2025-07-03 09:35:00,162.0,210.0,True
584,Persistence,2025-07-03 09:40:00,174.0,200.0,True
584,Persistence,2025-07-03 09:45:00,186.0,183.0,True
584,Persistence,2025-07-03 09:50:00,200.0,171.0,True
584,Persistence,2025-07-03 09:55:00,201.0,162.0,True
584,Persistence,2025-07-03 10:00:00,185.0,157.0,True
584,Persistence,2025-07-03 10:05:00,188.0,162.0,True
584,Persistence,2025-07-03 10:10:00,199.0,174.0,True
584,Persistence,2025-07-03 10:15:00,210.0,186.0,True
584,Persistence,2025-07-03 10:20:00,215.0,200.0,True
584,Persistence,2025-07-03 10:25:00,214.0,201.0,True
584,Persistence,2025-07-03 10:30:00,224.0,185.0,True
584,Persistence,2025-07-03 10:35:00,241.0,188.0,True
584,Persistence,2025-07-03 10:40:00,257.0,199.0,True
584,Persistence,2025-07-03 10:45:00,266.0,210.0,True
584,Persistence,2025-07-03 10:50:00,266.0,215.0,True
584,Persistence,2025-07-03 10:55:00,265.0,214.0,True
584,Persistence,2025-07-03 11:00:00,265.0,224.0,True
584,Persistence,2025-07-03 11:05:00,266.0,241.0,True
584,Persistence,2025-07-03 11:10:00,265.0,257.0,True
584,Persistence,2025-07-03 11:15:00,258.0,266.0,True
584,Persistence,2025-07-03 11:20:00,247.0,266.0,True
584,Persistence,2025-07-03 11:25:00,238.0,265.0,True
584,Persistence,2025-07-03 11:30:00,226.0,265.0,True
584,Persistence,2025-07-03 11:35:00,229.0,266.0,True
584,Persistence,2025-07-03 11:40:00,234.0,265.0,True
584,Persistence,2025-07-03 11:45:00,237.0,258.0,True
584,Persistence,2025-07-03 11:50:00,233.0,247.0,True
584,Persistence,2025-07-03 11:55:00,229.0,238.0,True
584,Persistence,2025-07-03 12:00:00,224.0,226.0,True
584,Persistence,2025-07-03 12:05:00,225.0,229.0,True
584,Persistence,2025-07-03 12:10:00,225.0,234.0,True
584,Persistence,2025-07-03 12:15:00,227.0,237.0,True
584,Persistence,2025-07-03 12:20:00,225.0,233.0,True
584,Persistence,2025-07-03 12:25:00,221.0,229.0,True
584,Persistence,2025-07-03 12:30:00,220.0,224.0,True
584,Persistence,2025-07-03 12:35:00,220.0,225.0,True
584,Persistence,2025-07-03 12:40:00,217.0,225.0,True
584,Persistence,2025-07-03 12:45:00,211.0,227.0,True
584,Persistence,2025-07-03 12:50:00,212.0,225.0,True
584,Persistence,2025-07-03 12:55:00,218.0,221.0,True
584,Persistence,2025-07-03 13:00:00,222.0,220.0,True
584,Persistence,2025-07-03 13:05:00,230.0,220.0,True
584,Persistence,2025-07-03 13:10:00,238.0,217.0,True
584,Persistence,2025-07-03 13:15:00,245.0,211.0,True
584,Persistence,2025-07-03 13:20:00,255.0,212.0,True
584,Persistence,2025-07-03 13:25:00,260.0,218.0,True
584,Persistence,2025-07-03 13:30:00,262.0,222.0,True
584,Persistence,2025-07-03 13:35:00,266.0,230.0,True
584,Persistence,2025-07-03 13:40:00,269.0,238.0,True
584,Persistence,2025-07-03 13:45:00,268.0,245.0,True
584,Persistence,2025-07-03 13:50:00,267.0,255.0,True
584,Persistence,2025-07-03 13:55:00,266.0,260.0,True
584,Persistence,2025-07-03 14:00:00,264.0,262.0,True
584,Persistence,2025-07-03 14:05:00,263.0,266.0,True
584,Persistence,2025-07-03 14:10:00,260.0,269.0,True
584,Persistence,2025-07-03 14:15:00,255.0,268.0,True
584,Persistence,2025-07-03 14:20:00,250.0,267.0,True
584,Persistence,2025-07-03 14:25:00,246.0,266.0,True
584,Persistence,2025-07-03 14:30:00,239.0,264.0,True
584,Persistence,2025-07-03 14:35:00,233.0,263.0,True
584,Persistence,2025-07-03 14:40:00,232.0,260.0,True
584,Persistence,2025-07-03 14:45:00,229.0,255.0,True
584,Persistence,2025-07-03 14:50:00,223.0,250.0,True
584,Persistence,2025-07-03 14:55:00,213.0,246.0,True
584,Persistence,2025-07-03 15:00:00,200.0,239.0,True
584,Persistence,2025-07-03 15:05:00,185.0,233.0,True
584,Persistence,2025-07-03 15:10:00,169.0,232.0,True
584,Persistence,2025-07-03 15:15:00,155.0,229.0,True
584,Persistence,2025-07-03 15:20:00,143.0,223.0,True
584,Persistence,2025-07-03 15:25:00,133.0,213.0,True
584,Persistence,2025-07-03 15:30:00,125.0,200.0,True
584,Persistence,2025-07-03 15:35:00,119.0,185.0,True
584,Persistence,2025-07-03 15:40:00,113.0,169.0,True
584,Persistence,2025-07-03 15:45:00,110.0,155.0,True
584,Persistence,2025-07-03 15:50:00,109.0,143.0,True
584,Persistence,2025-07-03 15:55:00,108.0,133.0,True
584,Persistence,2025-07-03 16:00:00,109.0,125.0,True
584,Persistence,2025-07-03 16:05:00,111.0,119.0,True
584,Persistence,2025-07-03 16:10:00,111.0,113.0,True
584,Persistence,2025-07-03 16:15:00,110.0,110.0,True
584,Persistence,2025-07-03 16:20:00,112.0,109.0,True
584,Persistence,2025-07-03 16:25:00,113.0,108.0,True
584,Persistence,2025-07-03 16:30:00,113.0,109.0,True
584,Persistence,2025-07-03 16:35:00,112.0,111.0,True
584,Persistence,2025-07-03 16:40:00,112.0,111.0,True
584,Persistence,2025-07-03 16:45:00,112.0,110.0,True
584,Persistence,2025-07-03 16:50:00,111.0,112.0,True
584,Persistence,2025-07-03 16:55:00,110.0,113.0,True
584,Persistence,2025-07-03 17:00:00,113.0,113.0,True
584,Persistence,2025-07-03 17:05:00,115.0,112.0,True
584,Persistence,2025-07-03 17:10:00,117.0,112.0,True
584,Persistence,2025-07-03 17:15:00,121.0,112.0,True
584,Persistence,2025-07-03 17:20:00,128.0,111.0,True
584,Persistence,2025-07-03 17:25:00,134.0,110.0,True
584,Persistence,2025-07-03 17:30:00,140.0,113.0,True
584,Persistence,2025-07-03 17:35:00,146.0,115.0,True
584,Persistence,2025-07-03 17:40:00,155.0,117.0,True
584,Persistence,2025-07-03 17:45:00,158.0,121.0,True
584,Persistence,2025-07-03 17:50:00,155.0,128.0,True
584,Persistence,2025-07-03 17:55:00,151.0,134.0,True
584,Persistence,2025-07-03 18:00:00,156.0,140.0,True
584,Persistence,2025-07-03 18:05:00,162.0,146.0,True
584,Persistence,2025-07-03 18:10:00,172.0,155.0,True
584,Persistence,2025-07-03 18:15:00,178.0,158.0,True
584,Persistence,2025-07-03 18:20:00,177.0,155.0,True
584,Persistence,2025-07-03 18:25:00,171.0,151.0,True
584,Persistence,2025-07-03 18:30:00,167.0,156.0,True
584,Persistence,2025-07-03 18:35:00,165.0,162.0,True
584,Persistence,2025-07-03 18:40:00,159.0,172.0,True
584,Persistence,2025-07-03 18:45:00,166.0,178.0,True
584,Persistence,2025-07-03 18:50:00,169.0,177.0,True
584,Persistence,2025-07-03 18:55:00,166.0,171.0,True
584,Persistence,2025-07-03 19:00:00,167.0,167.0,True
584,Persistence,2025-07-03 19:05:00,167.0,165.0,True
584,Persistence,2025-07-03 19:10:00,164.0,159.0,True
584,Persistence,2025-07-03 19:15:00,164.0,166.0,True
584,Persistence,2025-07-03 19:20:00,174.0,169.0,True
584,Persistence,2025-07-03 19:25:00,175.0,166.0,True
584,Persistence,2025-07-03 19:30:00,165.0,167.0,True
584,Persistence,2025-07-03 19:35:00,151.0,167.0,True
584,Persistence,2025-07-03 19:40:00,138.0,164.0,True
584,Persistence,2025-07-03 19:45:00,138.0,164.0,True
584,Persistence,2025-07-03 19:50:00,138.0,174.0,True
584,Persistence,2025-07-03 19:55:00,138.0,175.0,True
584,Persistence,2025-07-03 20:00:00,138.0,165.0,True
584,Persistence,2025-07-03 20:05:00,138.0,151.0,True
584,Persistence,2025-07-03 20:10:00,138.0,138.0,True
584,Persistence,2025-07-03 20:25:00,184.0,138.0,True
584,Persistence,2025-07-03 20:30:00,179.0,138.0,True
584,Persistence,2025-07-03 20:35:00,175.0,138.0,True
584,Persistence,2025-07-03 20:40:00,170.0,138.0,True
584,Persistence,2025-07-03 20:45:00,166.0,,False
584,Persistence,2025-07-03 20:50:00,163.0,,False
584,Persistence,2025-07-03 20:55:00,161.0,184.0,True
584,Persistence,2025-07-03 21:00:00,160.0,179.0,True
584,Persistence,2025-07-03 21:05:00,160.0,175.0,True
584,Persistence,2025-07-03 21:10:00,162.0,170.0,True
584,Persistence,2025-07-03 21:15:00,163.0,166.0,True
584,Persistence,2025-07-03 21:20:00,165.0,163.0,True
584,Persistence,2025-07-03 21:25:00,166.0,161.0,True
584,Persistence,2025-07-03 21:30:00,169.0,160.0,True
584,Persistence,2025-07-03 21:35:00,168.0,160.0,True
584,Persistence,2025-07-03 21:40:00,162.0,162.0,True
584,Persistence,2025-07-03 21:45:00,155.0,163.0,True
584,Persistence,2025-07-03 21:50:00,151.0,165.0,True
584,Persistence,2025-07-03 21:55:00,148.0,166.0,True
584,Persistence,2025-07-03 22:00:00,146.0,169.0,True
584,Persistence,2025-07-03 22:05:00,145.0,168.0,True
584,Persistence,2025-07-03 22:10:00,143.0,162.0,True
584,Persistence,2025-07-03 22:15:00,140.0,155.0,True
584,Persistence,2025-07-03 22:20:00,139.0,151.0,True
584,Persistence,2025-07-03 22:25:00,139.0,148.0,True
584,Persistence,2025-07-03 22:30:00,139.0,146.0,True
584,Persistence,2025-07-03 22:35:00,141.0,145.0,True
584,Persistence,2025-07-03 22:40:00,145.0,143.0,True
584,Persistence,2025-07-03 22:45:00,149.0,140.0,True
584,Persistence,2025-07-03 22:50:00,153.0,139.0,True
584,Persistence,2025-07-03 22:55:00,157.0,139.0,True
584,Persistence,2025-07-03 23:00:00,160.0,139.0,True
584,Persistence,2025-07-03 23:05:00,163.0,141.0,True
584,Persistence,2025-07-03 23:10:00,165.0,145.0,True
584,Persistence,2025-07-03 23:15:00,168.0,149.0,True
584,Persistence,2025-07-03 23:20:00,170.0,153.0,True
584,Persistence,2025-07-03 23:25:00,172.0,157.0,True
584,Persistence,2025-07-03 23:30:00,176.0,160.0,True
584,Persistence,2025-07-03 23:35:00,179.0,163.0,True
584,Persistence,2025-07-03 23:40:00,183.0,165.0,True
584,Persistence,2025-07-03 23:45:00,187.0,168.0,True
584,Persistence,2025-07-03 23:50:00,189.0,170.0,True
584,Persistence,2025-07-03 23:55:00,188.0,172.0,True
584,Persistence,2025-07-04 00:00:00,185.0,176.0,True
584,Persistence,2025-07-04 00:05:00,182.0,179.0,True
584,Persistence,2025-07-04 00:10:00,181.0,183.0,True
584,Persistence,2025-07-04 00:15:00,181.0,187.0,True
584,Persistence,2025-07-04 00:20:00,182.0,189.0,True
584,Persistence,2025-07-04 00:25:00,184.0,188.0,True
584,Persistence,2025-07-04 00:30:00,188.0,185.0,True
584,Persistence,2025-07-04 00:35:00,191.0,182.0,True
584,Persistence,2025-07-04 00:40:00,194.0,181.0,True
584,Persistence,2025-07-04 00:45:00,197.0,181.0,True
584,Persistence,2025-07-04 00:50:00,200.0,182.0,True
584,Persistence,2025-07-04 00:55:00,202.0,184.0,True
584,Persistence,2025-07-04 01:00:00,204.0,188.0,True
584,Persistence,2025-07-04 01:05:00,204.0,191.0,True
584,Persistence,2025-07-04 01:10:00,204.0,194.0,True
584,Persistence,2025-07-04 01:15:00,205.0,197.0,True
584,Persistence,2025-07-04 01:20:00,207.0,200.0,True
584,Persistence,2025-07-04 01:25:00,206.0,202.0,True
584,Persistence,2025-07-04 01:30:00,202.0,204.0,True
584,Persistence,2025-07-04 01:35:00,199.0,204.0,True
584,Persistence,2025-07-04 01:40:00,197.0,204.0,True
584,Persistence,2025-07-04 01:45:00,196.0,205.0,True
584,Persistence,2025-07-04 01:50:00,194.0,207.0,True
584,Persistence,2025-07-04 01:55:00,192.0,206.0,True
584,Persistence,2025-07-04 02:00:00,190.0,202.0,True
584,Persistence,2025-07-04 02:05:00,189.0,199.0,True
584,Persistence,2025-07-04 02:10:00,189.0,197.0,True
584,Persistence,2025-07-04 02:15:00,189.0,196.0,True
584,Persistence,2025-07-04 02:20:00,189.0,194.0,True
584,Persistence,2025-07-04 02:25:00,189.0,192.0,True
584,Persistence,2025-07-04 02:30:00,188.0,190.0,True
584,Persistence,2025-07-04 02:35:00,187.0,189.0,True
584,Persistence,2025-07-04 02:40:00,186.0,189.0,True
584,Persistence,2025-07-04 02:45:00,185.0,189.0,True
584,Persistence,2025-07-04 02:50:00,185.0,189.0,True
584,Persistence,2025-07-04 02:55:00,185.0,189.0,True
584,Persistence,2025-07-04 03:00:00,185.0,188.0,True
584,Persistence,2025-07-04 03:05:00,185.0,187.0,True
584,Persistence,2025-07-04 03:10:00,185.0,186.0,True
584,Persistence,2025-07-04 03:15:00,184.0,185.0,True
584,Persistence,2025-07-04 03:20:00,181.0,185.0,True
584,Persistence,2025-07-04 03:25:00,179.0,185.0,True
584,Persistence,2025-07-04 03:30:00,177.0,185.0,True
584,Persistence,2025-07-04 03:35:00,176.0,185.0,True
584,Persistence,2025-07-04 03:40:00,173.0,185.0,True
584,Persistence,2025-07-04 03:45:00,171.0,184.0,True
584,Persistence,2025-07-04 03:50:00,168.0,181.0,True
584,Persistence,2025-07-04 03:55:00,166.0,179.0,True
584,Persistence,2025-07-04 04:00:00,163.0,177.0,True
584,Persistence,2025-07-04 04:05:00,161.0,176.0,True
584,Persistence,2025-07-04 04:10:00,160.0,173.0,True
584,Persistence,2025-07-04 04:15:00,158.0,171.0,True
584,Persistence,2025-07-04 04:20:00,155.0,168.0,True
584,Persistence,2025-07-04 04:25:00,154.0,166.0,True
584,Persistence,2025-07-04 04:30:00,153.0,163.0,True
584,Persistence,2025-07-04 04:35:00,153.0,161.0,True
584,Persistence,2025-07-04 04:40:00,154.0,160.0,True
584,Persistence,2025-07-04 04:45:00,154.0,158.0,True
584,Persistence,2025-07-04 04:50:00,154.0,155.0,True
584,Persistence,2025-07-04 04:55:00,153.0,154.0,True
584,Persistence,2025-07-04 05:00:00,154.0,153.0,True
584,Persistence,2025-07-04 05:05:00,164.0,153.0,True
584,Persistence,2025-07-04 05:10:00,165.0,154.0,True
584,Persistence,2025-07-04 05:15:00,163.0,154.0,True
584,Persistence,2025-07-04 05:20:00,160.0,154.0,True
584,Persistence,2025-07-04 05:25:00,158.0,153.0,True
584,Persistence,2025-07-04 05:30:00,155.0,154.0,True
584,Persistence,2025-07-04 05:35:00,152.0,164.0,True
584,Persistence,2025-07-04 05:40:00,149.0,165.0,True
584,Persistence,2025-07-04 05:45:00,145.0,163.0,True
584,Persistence,2025-07-04 05:50:00,142.0,160.0,True
584,Persistence,2025-07-04 05:55:00,138.0,158.0,True
584,Persistence,2025-07-04 06:00:00,136.0,155.0,True
584,Persistence,2025-07-04 06:05:00,130.0,152.0,True
584,Persistence,2025-07-04 06:10:00,126.0,149.0,True
584,Persistence,2025-07-04 06:15:00,122.0,145.0,True
584,Persistence,2025-07-04 06:20:00,118.0,142.0,True
584,Persistence,2025-07-04 06:25:00,115.0,138.0,True
584,Persistence,2025-07-04 06:30:00,112.0,136.0,True
584,Persistence,2025-07-04 06:35:00,110.0,130.0,True
584,Persistence,2025-07-04 06:40:00,109.0,126.0,True
584,Persistence,2025-07-04 06:45:00,108.0,122.0,True
584,Persistence,2025-07-04 06:50:00,107.0,118.0,True
584,Persistence,2025-07-04 06:55:00,108.0,115.0,True
584,Persistence,2025-07-04 07:00:00,111.0,112.0,True
584,Persistence,2025-07-04 07:05:00,117.0,110.0,True
584,Persistence,2025-07-04 07:10:00,121.0,109.0,True
584,Persistence,2025-07-04 07:15:00,128.0,108.0,True
584,Persistence,2025-07-04 07:20:00,136.0,107.0,True
584,Persistence,2025-07-04 07:25:00,147.0,108.0,True
584,Persistence,2025-07-04 07:30:00,155.0,111.0,True
584,Persistence,2025-07-04 07:35:00,155.0,117.0,True
584,Persistence,2025-07-04 07:40:00,152.0,121.0,True
584,Persistence,2025-07-04 07:45:00,155.0,128.0,True
584,Persistence,2025-07-04 07:50:00,162.0,136.0,True
584,Persistence,2025-07-04 07:55:00,162.0,147.0,True
584,Persistence,2025-07-04 08:00:00,159.0,155.0,True
584,Persistence,2025-07-04 08:05:00,153.0,155.0,True
584,Persistence,2025-07-04 08:10:00,143.0,152.0,True
584,Persistence,2025-07-04 08:15:00,135.0,155.0,True
584,Persistence,2025-07-04 08:20:00,131.0,162.0,True
584,Persistence,2025-07-04 08:25:00,126.0,162.0,True
584,Persistence,2025-07-04 08:30:00,121.0,159.0,True
584,Persistence,2025-07-04 08:35:00,115.0,153.0,True
584,Persistence,2025-07-04 08:40:00,108.0,143.0,True
584,Persistence,2025-07-04 08:45:00,104.0,135.0,True
584,Persistence,2025-07-04 08:50:00,102.0,131.0,True
584,Persistence,2025-07-04 08:55:00,100.0,126.0,True
584,Persistence,2025-07-04 09:00:00,100.0,121.0,True
584,Persistence,2025-07-04 09:05:00,99.0,115.0,True
584,Persistence,2025-07-04 09:10:00,97.0,108.0,True
584,Persistence,2025-07-04 09:15:00,101.0,104.0,True
584,Persistence,2025-07-04 09:20:00,109.0,102.0,True
584,Persistence,2025-07-04 09:25:00,118.0,100.0,True
584,Persistence,2025-07-04 09:30:00,122.0,100.0,True
584,Persistence,2025-07-04 09:35:00,125.0,99.0,True
584,Persistence,2025-07-04 09:40:00,126.0,97.0,True
584,Persistence,2025-07-04 09:45:00,124.0,101.0,True
584,Persistence,2025-07-04 09:50:00,120.0,109.0,True
584,Persistence,2025-07-04 09:55:00,119.0,118.0,True
584,Persistence,2025-07-04 10:00:00,119.0,122.0,True
584,Persistence,2025-07-04 10:05:00,120.0,125.0,True
584,Persistence,2025-07-04 10:10:00,123.0,126.0,True
584,Persistence,2025-07-04 10:15:00,125.0,124.0,True
584,Persistence,2025-07-04 10:20:00,127.0,120.0,True
584,Persistence,2025-07-04 10:25:00,130.0,119.0,True
584,Persistence,2025-07-04 10:30:00,133.0,119.0,True
584,Persistence,2025-07-04 10:35:00,134.0,120.0,True
584,Persistence,2025-07-04 10:40:00,135.0,123.0,True
584,Persistence,2025-07-04 10:45:00,137.0,125.0,True
584,Persistence,2025-07-04 10:50:00,137.0,127.0,True
584,Persistence,2025-07-04 10:55:00,140.0,130.0,True
584,Persistence,2025-07-04 11:00:00,141.0,133.0,True
584,Persistence,2025-07-04 11:05:00,142.0,134.0,True
584,Persistence,2025-07-04 11:10:00,140.0,135.0,True
584,Persistence,2025-07-04 11:15:00,142.0,137.0,True
584,Persistence,2025-07-04 11:20:00,145.0,137.0,True
584,Persistence,2025-07-04 11:25:00,146.0,140.0,True
584,Persistence,2025-07-04 11:30:00,147.0,141.0,True
584,Persistence,2025-07-04 11:35:00,149.0,142.0,True
584,Persistence,2025-07-04 11:40:00,150.0,140.0,True
584,Persistence,2025-07-04 11:45:00,142.0,142.0,True
584,Persistence,2025-07-04 11:50:00,147.0,145.0,True
584,Persistence,2025-07-04 11:55:00,154.0,146.0,True
584,Persistence,2025-07-04 12:00:00,161.0,147.0,True
584,Persistence,2025-07-04 12:05:00,169.0,149.0,True
584,Persistence,2025-07-04 12:10:00,174.0,150.0,True
584,Persistence,2025-07-04 12:15:00,179.0,142.0,True
584,Persistence,2025-07-04 12:20:00,184.0,147.0,True
584,Persistence,2025-07-04 12:25:00,185.0,154.0,True
584,Persistence,2025-07-04 12:30:00,187.0,161.0,True
584,Persistence,2025-07-04 12:35:00,185.0,169.0,True
584,Persistence,2025-07-04 12:40:00,180.0,174.0,True
584,Persistence,2025-07-04 12:45:00,181.0,179.0,True
584,Persistence,2025-07-04 12:50:00,184.0,184.0,True
584,Persistence,2025-07-04 12:55:00,183.0,185.0,True
584,Persistence,2025-07-04 13:00:00,183.0,187.0,True
584,Persistence,2025-07-04 13:05:00,185.0,185.0,True
584,Persistence,2025-07-04 13:10:00,188.0,180.0,True
584,Persistence,2025-07-04 13:15:00,191.0,181.0,True
584,Persistence,2025-07-04 13:20:00,194.0,184.0,True
584,Persistence,2025-07-04 13:25:00,196.0,183.0,True
584,Persistence,2025-07-04 13:30:00,198.0,183.0,True
584,Persistence,2025-07-04 13:35:00,200.0,185.0,True
584,Persistence,2025-07-04 13:40:00,203.0,188.0,True
584,Persistence,2025-07-04 13:45:00,205.0,191.0,True
584,Persistence,2025-07-04 13:50:00,201.0,194.0,True
584,Persistence,2025-07-04 13:55:00,199.0,196.0,True
584,Persistence,2025-07-04 14:00:00,197.0,198.0,True
584,Persistence,2025-07-04 14:05:00,201.0,200.0,True
584,Persistence,2025-07-04 14:10:00,202.0,203.0,True
584,Persistence,2025-07-04 14:15:00,207.0,205.0,True
584,Persistence,2025-07-04 14:20:00,213.0,201.0,True
584,Persistence,2025-07-04 14:25:00,225.0,199.0,True
584,Persistence,2025-07-04 14:30:00,235.0,197.0,True
584,Persistence,2025-07-04 14:35:00,244.0,201.0,True
584,Persistence,2025-07-04 14:40:00,252.0,202.0,True
584,Persistence,2025-07-04 14:45:00,261.0,207.0,True
584,Persistence,2025-07-04 14:50:00,271.0,213.0,True
584,Persistence,2025-07-04 14:55:00,282.0,225.0,True
584,Persistence,2025-07-04 15:00:00,286.0,235.0,True
584,Persistence,2025-07-04 15:05:00,290.0,244.0,True
584,Persistence,2025-07-04 15:10:00,297.0,252.0,True
584,Persistence,2025-07-04 15:15:00,302.0,261.0,True
584,Persistence,2025-07-04 15:20:00,299.0,271.0,True
584,Persistence,2025-07-04 15:25:00,298.0,282.0,True
584,Persistence,2025-07-04 15:30:00,296.0,286.0,True
584,Persistence,2025-07-04 15:35:00,295.0,290.0,True
584,Persistence,2025-07-04 15:40:00,295.0,297.0,True
584,Persistence,2025-07-04 15:45:00,295.0,302.0,True
584,Persistence,2025-07-04 15:50:00,297.0,299.0,True
584,Persistence,2025-07-04 15:55:00,298.0,298.0,True
584,Persistence,2025-07-04 16:00:00,299.0,296.0,True
584,Persistence,2025-07-04 16:05:00,303.0,295.0,True
584,Persistence,2025-07-04 16:10:00,309.0,295.0,True
584,Persistence,2025-07-04 16:15:00,316.0,295.0,True
584,Persistence,2025-07-04 16:20:00,320.0,297.0,True
584,Persistence,2025-07-04 16:25:00,316.0,298.0,True
584,Persistence,2025-07-04 16:30:00,312.0,299.0,True
584,Persistence,2025-07-04 16:35:00,306.0,303.0,True
584,Persistence,2025-07-04 16:40:00,301.0,309.0,True
584,Persistence,2025-07-04 16:45:00,298.0,316.0,True
584,Persistence,2025-07-04 16:50:00,293.0,320.0,True
584,Persistence,2025-07-04 16:55:00,293.0,316.0,True
584,Persistence,2025-07-04 17:00:00,293.0,312.0,True
584,Persistence,2025-07-04 17:05:00,293.0,306.0,True
584,Persistence,2025-07-04 17:10:00,293.0,301.0,True
584,Persistence,2025-07-04 17:15:00,293.0,298.0,True
584,Persistence,2025-07-04 17:20:00,293.0,293.0,True
584,Persistence,2025-07-05 09:45:00,109.0,,False
584,Persistence,2025-07-05 09:50:00,108.0,,False
584,Persistence,2025-07-05 09:55:00,106.0,,False
584,Persistence,2025-07-05 10:00:00,106.0,,False
584,Persistence,2025-07-05 10:05:00,108.0,,False
584,Persistence,2025-07-05 10:10:00,113.0,,False
584,Persistence,2025-07-05 10:15:00,120.0,109.0,True
584,Persistence,2025-07-05 10:20:00,127.0,108.0,True
584,Persistence,2025-07-05 10:25:00,135.0,106.0,True
584,Persistence,2025-07-05 10:30:00,141.0,106.0,True
584,Persistence,2025-07-05 10:35:00,146.0,108.0,True
584,Persistence,2025-07-05 10:40:00,148.0,113.0,True
584,Persistence,2025-07-05 10:45:00,152.0,120.0,True
584,Persistence,2025-07-05 10:50:00,153.0,127.0,True
584,Persistence,2025-07-05 10:55:00,161.0,135.0,True
584,Persistence,2025-07-05 11:00:00,163.0,141.0,True
584,Persistence,2025-07-05 11:05:00,159.0,146.0,True
584,Persistence,2025-07-05 11:10:00,162.0,148.0,True
584,Persistence,2025-07-05 11:15:00,163.0,152.0,True
584,Persistence,2025-07-05 11:20:00,160.0,153.0,True
584,Persistence,2025-07-05 11:25:00,160.0,161.0,True
584,Persistence,2025-07-05 11:30:00,157.0,163.0,True
584,Persistence,2025-07-05 11:35:00,154.0,159.0,True
584,Persistence,2025-07-05 11:40:00,151.0,162.0,True
584,Persistence,2025-07-05 11:45:00,148.0,163.0,True
584,Persistence,2025-07-05 11:50:00,146.0,160.0,True
584,Persistence,2025-07-05 11:55:00,140.0,160.0,True
584,Persistence,2025-07-05 12:00:00,136.0,157.0,True
584,Persistence,2025-07-05 12:05:00,129.0,154.0,True
584,Persistence,2025-07-05 12:10:00,120.0,151.0,True
584,Persistence,2025-07-05 12:15:00,117.0,148.0,True
584,Persistence,2025-07-05 12:20:00,113.0,146.0,True
584,Persistence,2025-07-05 12:25:00,109.0,140.0,True
584,Persistence,2025-07-05 12:30:00,106.0,136.0,True
584,Persistence,2025-07-05 12:35:00,108.0,129.0,True
584,Persistence,2025-07-05 12:40:00,107.0,120.0,True
584,Persistence,2025-07-05 12:45:00,106.0,117.0,True
584,Persistence,2025-07-05 12:50:00,109.0,113.0,True
584,Persistence,2025-07-05 12:55:00,109.0,109.0,True
584,Persistence,2025-07-05 13:00:00,111.0,106.0,True
584,Persistence,2025-07-05 13:05:00,112.0,108.0,True
584,Persistence,2025-07-05 13:10:00,111.0,107.0,True
584,Persistence,2025-07-05 13:15:00,111.0,106.0,True
584,Persistence,2025-07-05 13:20:00,110.0,109.0,True
584,Persistence,2025-07-05 13:25:00,110.0,109.0,True
584,Persistence,2025-07-05 13:30:00,108.0,111.0,True
584,Persistence,2025-07-05 13:35:00,108.0,112.0,True
584,Persistence,2025-07-05 13:40:00,108.0,111.0,True
584,Persistence,2025-07-05 13:45:00,111.0,111.0,True
584,Persistence,2025-07-05 13:50:00,113.0,110.0,True
584,Persistence,2025-07-05 13:55:00,117.0,110.0,True
584,Persistence,2025-07-05 14:00:00,120.0,108.0,True
584,Persistence,2025-07-05 14:05:00,123.0,108.0,True
584,Persistence,2025-07-05 14:10:00,125.0,108.0,True
584,Persistence,2025-07-05 14:15:00,128.0,111.0,True
584,Persistence,2025-07-05 14:20:00,127.0,113.0,True
584,Persistence,2025-07-05 14:25:00,131.0,117.0,True
584,Persistence,2025-07-05 14:30:00,134.0,120.0,True
584,Persistence,2025-07-05 14:35:00,133.0,123.0,True
584,Persistence,2025-07-05 14:40:00,136.0,125.0,True
584,Persistence,2025-07-05 14:45:00,136.0,128.0,True
584,Persistence,2025-07-05 14:50:00,135.0,127.0,True
584,Persistence,2025-07-05 14:55:00,136.0,131.0,True
584,Persistence,2025-07-05 15:00:00,137.0,134.0,True
584,Persistence,2025-07-05 15:05:00,139.0,133.0,True
584,Persistence,2025-07-05 15:10:00,143.0,136.0,True
584,Persistence,2025-07-05 15:15:00,151.0,136.0,True
584,Persistence,2025-07-05 15:20:00,149.0,135.0,True
584,Persistence,2025-07-05 15:25:00,147.0,136.0,True
584,Persistence,2025-07-05 15:30:00,149.0,137.0,True
584,Persistence,2025-07-05 15:35:00,149.0,139.0,True
584,Persistence,2025-07-05 15:40:00,149.0,143.0,True
584,Persistence,2025-07-05 15:45:00,149.0,151.0,True
584,Persistence,2025-07-05 15:50:00,149.0,149.0,True
584,Persistence,2025-07-05 15:55:00,149.0,147.0,True
584,Persistence,2025-07-05 16:00:00,149.0,149.0,True
584,Persistence,2025-07-05 17:35:00,154.0,,False
584,Persistence,2025-07-05 17:40:00,155.0,,False
584,Persistence,2025-07-05 17:45:00,155.0,,False
584,Persistence,2025-07-05 17:50:00,154.0,,False
584,Persistence,2025-07-05 17:55:00,153.0,,False
584,Persistence,2025-07-05 18:00:00,151.0,,False
584,Persistence,2025-07-05 18:05:00,150.0,154.0,True
584,Persistence,2025-07-05 18:10:00,150.0,155.0,True
584,Persistence,2025-07-05 18:15:00,151.0,155.0,True
584,Persistence,2025-07-05 18:20:00,152.0,154.0,True
584,Persistence,2025-07-05 18:25:00,153.0,153.0,True
584,Persistence,2025-07-05 18:30:00,155.0,151.0,True
584,Persistence,2025-07-05 18:35:00,156.0,150.0,True
584,Persistence,2025-07-05 18:40:00,155.0,150.0,True
584,Persistence,2025-07-05 18:45:00,153.0,151.0,True
584,Persistence,2025-07-05 18:50:00,151.0,152.0,True
584,Persistence,2025-07-05 18:55:00,151.0,153.0,True
584,Persistence,2025-07-05 19:00:00,151.0,155.0,True
584,Persistence,2025-07-05 19:05:00,152.0,156.0,True
584,Persistence,2025-07-05 19:10:00,153.0,155.0,True
584,Persistence,2025-07-05 19:15:00,155.0,153.0,True
584,Persistence,2025-07-05 19:20:00,155.0,151.0,True
584,Persistence,2025-07-05 19:25:00,154.0,151.0,True
584,Persistence,2025-07-05 19:30:00,151.0,151.0,True
584,Persistence,2025-07-05 19:35:00,147.0,152.0,True
584,Persistence,2025-07-05 19:40:00,144.0,153.0,True
584,Persistence,2025-07-05 19:45:00,140.0,155.0,True
584,Persistence,2025-07-05 19:50:00,138.0,155.0,True
584,Persistence,2025-07-05 19:55:00,137.0,154.0,True
584,Persistence,2025-07-05 20:00:00,135.0,151.0,True
584,Persistence,2025-07-05 20:05:00,133.0,147.0,True
584,Persistence,2025-07-05 20:10:00,128.0,144.0,True
584,Persistence,2025-07-05 20:15:00,125.0,140.0,True
584,Persistence,2025-07-05 20:20:00,123.0,138.0,True
584,Persistence,2025-07-05 20:25:00,122.0,137.0,True
584,Persistence,2025-07-05 20:30:00,123.0,135.0,True
584,Persistence,2025-07-05 20:35:00,124.0,133.0,True
584,Persistence,2025-07-05 20:40:00,125.0,128.0,True
584,Persistence,2025-07-05 20:45:00,127.0,125.0,True
584,Persistence,2025-07-05 20:50:00,129.0,123.0,True
584,Persistence,2025-07-05 20:55:00,131.0,122.0,True
584,Persistence,2025-07-05 21:00:00,133.0,123.0,True
584,Persistence,2025-07-05 21:05:00,137.0,124.0,True
584,Persistence,2025-07-05 21:10:00,141.0,125.0,True
584,Persistence,2025-07-05 21:15:00,143.0,127.0,True
584,Persistence,2025-07-05 21:20:00,146.0,129.0,True
584,Persistence,2025-07-05 21:25:00,149.0,131.0,True
584,Persistence,2025-07-05 21:30:00,155.0,133.0,True
584,Persistence,2025-07-05 21:35:00,161.0,137.0,True
584,Persistence,2025-07-05 21:40:00,168.0,141.0,True
584,Persistence,2025-07-05 21:45:00,176.0,143.0,True
584,Persistence,2025-07-05 21:50:00,182.0,146.0,True
584,Persistence,2025-07-05 21:55:00,186.0,149.0,True
584,Persistence,2025-07-05 22:00:00,190.0,155.0,True
584,Persistence,2025-07-05 22:05:00,192.0,161.0,True
584,Persistence,2025-07-05 22:10:00,194.0,168.0,True
584,Persistence,2025-07-05 22:15:00,194.0,176.0,True
584,Persistence,2025-07-05 22:20:00,196.0,182.0,True
584,Persistence,2025-07-05 22:25:00,200.0,186.0,True
584,Persistence,2025-07-05 22:30:00,203.0,190.0,True
584,Persistence,2025-07-05 22:35:00,204.0,192.0,True
584,Persistence,2025-07-05 22:40:00,203.0,194.0,True
584,Persistence,2025-07-05 22:45:00,203.0,194.0,True
584,Persistence,2025-07-05 22:50:00,204.0,196.0,True
584,Persistence,2025-07-05 22:55:00,206.0,200.0,True
584,Persistence,2025-07-05 23:00:00,208.0,203.0,True
584,Persistence,2025-07-05 23:05:00,210.0,204.0,True
584,Persistence,2025-07-05 23:10:00,210.0,203.0,True
584,Persistence,2025-07-05 23:15:00,210.0,203.0,True
584,Persistence,2025-07-05 23:20:00,211.0,204.0,True
584,Persistence,2025-07-05 23:25:00,211.0,206.0,True
584,Persistence,2025-07-05 23:30:00,210.0,208.0,True
584,Persistence,2025-07-05 23:35:00,212.0,210.0,True
584,Persistence,2025-07-05 23:40:00,214.0,210.0,True
584,Persistence,2025-07-05 23:45:00,215.0,210.0,True
584,Persistence,2025-07-05 23:50:00,216.0,211.0,True
584,Persistence,2025-07-05 23:55:00,220.0,211.0,True
584,Persistence,2025-07-06 00:00:00,223.0,210.0,True
584,Persistence,2025-07-06 00:05:00,224.0,212.0,True
584,Persistence,2025-07-06 00:10:00,224.0,214.0,True
584,Persistence,2025-07-06 00:15:00,224.0,215.0,True
584,Persistence,2025-07-06 00:20:00,224.0,216.0,True
584,Persistence,2025-07-06 00:25:00,223.0,220.0,True
584,Persistence,2025-07-06 00:30:00,221.0,223.0,True
584,Persistence,2025-07-06 00:35:00,218.0,224.0,True
584,Persistence,2025-07-06 00:40:00,216.0,224.0,True
584,Persistence,2025-07-06 00:45:00,215.0,224.0,True
584,Persistence,2025-07-06 00:50:00,214.0,224.0,True
584,Persistence,2025-07-06 00:55:00,213.0,223.0,True
584,Persistence,2025-07-06 01:00:00,218.0,221.0,True
584,Persistence,2025-07-06 01:05:00,221.0,218.0,True
584,Persistence,2025-07-06 01:10:00,223.0,216.0,True
584,Persistence,2025-07-06 01:15:00,221.0,215.0,True
584,Persistence,2025-07-06 01:20:00,218.0,214.0,True
584,Persistence,2025-07-06 01:25:00,222.0,213.0,True
584,Persistence,2025-07-06 01:30:00,223.0,218.0,True
584,Persistence,2025-07-06 01:35:00,226.0,221.0,True
584,Persistence,2025-07-06 01:40:00,230.0,223.0,True
584,Persistence,2025-07-06 01:45:00,231.0,221.0,True
584,Persistence,2025-07-06 01:50:00,234.0,218.0,True
584,Persistence,2025-07-06 01:55:00,236.0,222.0,True
584,Persistence,2025-07-06 02:00:00,239.0,223.0,True
584,Persistence,2025-07-06 02:05:00,242.0,226.0,True
584,Persistence,2025-07-06 02:10:00,241.0,230.0,True
584,Persistence,2025-07-06 02:15:00,238.0,231.0,True
584,Persistence,2025-07-06 02:20:00,238.0,234.0,True
584,Persistence,2025-07-06 02:25:00,240.0,236.0,True
584,Persistence,2025-07-06 02:30:00,240.0,239.0,True
584,Persistence,2025-07-06 02:35:00,239.0,242.0,True
584,Persistence,2025-07-06 02:40:00,237.0,241.0,True
584,Persistence,2025-07-06 02:45:00,236.0,238.0,True
584,Persistence,2025-07-06 02:50:00,236.0,238.0,True
584,Persistence,2025-07-06 02:55:00,238.0,240.0,True
584,Persistence,2025-07-06 03:00:00,238.0,240.0,True
584,Persistence,2025-07-06 03:05:00,238.0,239.0,True
584,Persistence,2025-07-06 03:10:00,239.0,237.0,True
584,Persistence,2025-07-06 03:15:00,236.0,236.0,True
584,Persistence,2025-07-06 03:20:00,235.0,236.0,True
584,Persistence,2025-07-06 03:25:00,240.0,238.0,True
584,Persistence,2025-07-06 03:30:00,238.0,238.0,True
584,Persistence,2025-07-06 03:35:00,237.0,238.0,True
584,Persistence,2025-07-06 03:40:00,235.0,239.0,True
584,Persistence,2025-07-06 03:45:00,234.0,236.0,True
584,Persistence,2025-07-06 03:50:00,233.0,235.0,True
584,Persistence,2025-07-06 03:55:00,233.0,240.0,True
584,Persistence,2025-07-06 04:00:00,234.0,238.0,True
584,Persistence,2025-07-06 04:05:00,235.0,237.0,True
584,Persistence,2025-07-06 04:10:00,235.0,235.0,True
584,Persistence,2025-07-06 04:15:00,230.0,234.0,True
584,Persistence,2025-07-06 04:20:00,223.0,233.0,True
584,Persistence,2025-07-06 04:25:00,225.0,233.0,True
584,Persistence,2025-07-06 04:30:00,221.0,234.0,True
584,Persistence,2025-07-06 04:35:00,217.0,235.0,True
584,Persistence,2025-07-06 04:40:00,215.0,235.0,True
584,Persistence,2025-07-06 04:45:00,213.0,230.0,True
584,Persistence,2025-07-06 04:50:00,211.0,223.0,True
584,Persistence,2025-07-06 04:55:00,211.0,225.0,True
584,Persistence,2025-07-06 05:00:00,212.0,221.0,True
584,Persistence,2025-07-06 05:05:00,214.0,217.0,True
584,Persistence,2025-07-06 05:10:00,214.0,215.0,True
584,Persistence,2025-07-06 05:15:00,214.0,213.0,True
584,Persistence,2025-07-06 05:20:00,211.0,211.0,True
584,Persistence,2025-07-06 05:25:00,211.0,211.0,True
584,Persistence,2025-07-06 05:30:00,211.0,212.0,True
584,Persistence,2025-07-06 05:35:00,211.0,214.0,True
584,Persistence,2025-07-06 05:40:00,211.0,214.0,True
584,Persistence,2025-07-06 05:45:00,213.0,214.0,True
584,Persistence,2025-07-06 05:50:00,214.0,211.0,True
584,Persistence,2025-07-06 05:55:00,213.0,211.0,True
584,Persistence,2025-07-06 06:00:00,212.0,211.0,True
584,Persistence,2025-07-06 06:05:00,211.0,211.0,True
584,Persistence,2025-07-06 06:10:00,208.0,211.0,True
584,Persistence,2025-07-06 06:15:00,204.0,213.0,True
584,Persistence,2025-07-06 06:20:00,197.0,214.0,True
584,Persistence,2025-07-06 06:25:00,188.0,213.0,True
584,Persistence,2025-07-06 06:30:00,179.0,212.0,True
584,Persistence,2025-07-06 06:35:00,177.0,211.0,True
584,Persistence,2025-07-06 06:40:00,174.0,208.0,True
584,Persistence,2025-07-06 06:45:00,170.0,204.0,True
584,Persistence,2025-07-06 06:50:00,164.0,197.0,True
584,Persistence,2025-07-06 06:55:00,163.0,188.0,True
584,Persistence,2025-07-06 07:00:00,161.0,179.0,True
584,Persistence,2025-07-06 07:05:00,159.0,177.0,True
584,Persistence,2025-07-06 07:10:00,157.0,174.0,True
584,Persistence,2025-07-06 07:15:00,157.0,170.0,True
584,Persistence,2025-07-06 07:20:00,158.0,164.0,True
584,Persistence,2025-07-06 07:25:00,159.0,163.0,True
584,Persistence,2025-07-06 07:30:00,160.0,161.0,True
584,Persistence,2025-07-06 07:35:00,165.0,159.0,True
584,Persistence,2025-07-06 07:40:00,163.0,157.0,True
584,Persistence,2025-07-06 07:45:00,158.0,157.0,True
584,Persistence,2025-07-06 07:50:00,159.0,158.0,True
584,Persistence,2025-07-06 07:55:00,160.0,159.0,True
584,Persistence,2025-07-06 08:00:00,159.0,160.0,True
584,Persistence,2025-07-06 08:05:00,158.0,165.0,True
584,Persistence,2025-07-06 08:10:00,154.0,163.0,True
584,Persistence,2025-07-06 08:15:00,146.0,158.0,True
584,Persistence,2025-07-06 08:20:00,144.0,159.0,True
584,Persistence,2025-07-06 08:25:00,143.0,160.0,True
584,Persistence,2025-07-06 08:30:00,143.0,159.0,True
584,Persistence,2025-07-06 08:35:00,147.0,158.0,True
584,Persistence,2025-07-06 08:40:00,149.0,154.0,True
584,Persistence,2025-07-06 08:45:00,153.0,146.0,True
584,Persistence,2025-07-06 08:50:00,148.0,144.0,True
584,Persistence,2025-07-06 08:55:00,149.0,143.0,True
584,Persistence,2025-07-06 09:00:00,154.0,143.0,True
584,Persistence,2025-07-06 09:05:00,167.0,147.0,True
584,Persistence,2025-07-06 09:10:00,169.0,149.0,True
584,Persistence,2025-07-06 09:15:00,177.0,153.0,True
584,Persistence,2025-07-06 09:20:00,182.0,148.0,True
584,Persistence,2025-07-06 09:25:00,192.0,149.0,True
584,Persistence,2025-07-06 09:30:00,202.0,154.0,True
584,Persistence,2025-07-06 09:35:00,211.0,167.0,True
584,Persistence,2025-07-06 09:40:00,212.0,169.0,True
584,Persistence,2025-07-06 09:45:00,211.0,177.0,True
584,Persistence,2025-07-06 09:50:00,215.0,182.0,True
584,Persistence,2025-07-06 09:55:00,207.0,192.0,True
584,Persistence,2025-07-06 10:00:00,196.0,202.0,True
584,Persistence,2025-07-06 10:05:00,187.0,211.0,True
584,Persistence,2025-07-06 10:10:00,183.0,212.0,True
584,Persistence,2025-07-06 10:15:00,183.0,211.0,True
584,Persistence,2025-07-06 10:20:00,173.0,215.0,True
584,Persistence,2025-07-06 10:25:00,168.0,207.0,True
584,Persistence,2025-07-06 10:30:00,168.0,196.0,True
584,Persistence,2025-07-06 10:35:00,167.0,187.0,True
584,Persistence,2025-07-06 10:40:00,168.0,183.0,True
584,Persistence,2025-07-06 10:45:00,172.0,183.0,True
584,Persistence,2025-07-06 10:50:00,173.0,173.0,True
584,Persistence,2025-07-06 10:55:00,172.0,168.0,True
584,Persistence,2025-07-06 11:00:00,170.0,168.0,True
584,Persistence,2025-07-06 11:05:00,170.0,167.0,True
584,Persistence,2025-07-06 11:10:00,175.0,168.0,True
584,Persistence,2025-07-06 11:15:00,181.0,172.0,True
584,Persistence,2025-07-06 11:20:00,182.0,173.0,True
584,Persistence,2025-07-06 11:25:00,180.0,172.0,True
584,Persistence,2025-07-06 11:30:00,178.0,170.0,True
584,Persistence,2025-07-06 11:35:00,169.0,170.0,True
584,Persistence,2025-07-06 11:40:00,152.0,175.0,True
584,Persistence,2025-07-06 11:45:00,147.0,181.0,True
584,Persistence,2025-07-06 11:50:00,148.0,182.0,True
584,Persistence,2025-07-06 11:55:00,147.0,180.0,True
584,Persistence,2025-07-06 12:00:00,141.0,178.0,True
584,Persistence,2025-07-06 12:05:00,136.0,169.0,True
584,Persistence,2025-07-06 12:10:00,132.0,152.0,True
584,Persistence,2025-07-06 12:15:00,134.0,147.0,True
584,Persistence,2025-07-06 12:20:00,132.0,148.0,True
584,Persistence,2025-07-06 12:25:00,125.0,147.0,True
584,Persistence,2025-07-06 12:30:00,121.0,141.0,True
584,Persistence,2025-07-06 12:35:00,115.0,136.0,True
584,Persistence,2025-07-06 12:40:00,110.0,132.0,True
584,Persistence,2025-07-06 12:45:00,112.0,134.0,True
584,Persistence,2025-07-06 12:50:00,115.0,132.0,True
584,Persistence,2025-07-06 12:55:00,118.0,125.0,True
584,Persistence,2025-07-06 13:00:00,115.0,121.0,True
584,Persistence,2025-07-06 13:05:00,109.0,115.0,True
584,Persistence,2025-07-06 13:10:00,102.0,110.0,True
584,Persistence,2025-07-06 13:15:00,103.0,112.0,True
584,Persistence,2025-07-06 13:20:00,109.0,115.0,True
584,Persistence,2025-07-06 13:25:00,105.0,118.0,True
584,Persistence,2025-07-06 13:30:00,99.0,115.0,True
584,Persistence,2025-07-06 13:35:00,93.0,109.0,True
584,Persistence,2025-07-06 13:40:00,95.0,102.0,True
584,Persistence,2025-07-06 13:45:00,110.0,103.0,True
584,Persistence,2025-07-06 13:50:00,126.0,109.0,True
584,Persistence,2025-07-06 13:55:00,133.0,105.0,True
584,Persistence,2025-07-06 14:00:00,132.0,99.0,True
584,Persistence,2025-07-06 14:05:00,141.0,93.0,True
584,Persistence,2025-07-06 14:10:00,154.0,95.0,True
584,Persistence,2025-07-06 14:15:00,165.0,110.0,True
584,Persistence,2025-07-06 14:20:00,163.0,126.0,True
584,Persistence,2025-07-06 14:25:00,158.0,133.0,True
584,Persistence,2025-07-06 14:30:00,155.0,132.0,True
584,Persistence,2025-07-06 14:35:00,160.0,141.0,True
584,Persistence,2025-07-06 14:40:00,164.0,154.0,True
584,Persistence,2025-07-06 14:45:00,167.0,165.0,True
584,Persistence,2025-07-06 14:50:00,174.0,163.0,True
584,Persistence,2025-07-06 14:55:00,179.0,158.0,True
584,Persistence,2025-07-06 15:00:00,178.0,155.0,True
584,Persistence,2025-07-06 15:05:00,176.0,160.0,True
584,Persistence,2025-07-06 15:10:00,174.0,164.0,True
584,Persistence,2025-07-06 15:15:00,183.0,167.0,True
584,Persistence,2025-07-06 15:20:00,182.0,174.0,True
584,Persistence,2025-07-06 15:25:00,179.0,179.0,True
584,Persistence,2025-07-06 15:30:00,178.0,178.0,True
584,Persistence,2025-07-06 15:35:00,190.0,176.0,True
584,Persistence,2025-07-06 15:40:00,196.0,174.0,True
584,Persistence,2025-07-06 15:45:00,193.0,183.0,True
584,Persistence,2025-07-06 15:50:00,198.0,182.0,True
584,Persistence,2025-07-06 15:55:00,198.0,179.0,True
584,Persistence,2025-07-06 16:00:00,201.0,178.0,True
584,Persistence,2025-07-06 16:05:00,200.0,190.0,True
584,Persistence,2025-07-06 16:10:00,187.0,196.0,True
584,Persistence,2025-07-06 16:15:00,184.0,193.0,True
584,Persistence,2025-07-06 16:20:00,186.0,198.0,True
584,Persistence,2025-07-06 16:25:00,186.0,198.0,True
584,Persistence,2025-07-06 16:30:00,182.0,201.0,True
584,Persistence,2025-07-06 16:35:00,177.0,200.0,True
584,Persistence,2025-07-06 16:40:00,189.0,187.0,True
584,Persistence,2025-07-06 16:45:00,194.0,184.0,True
584,Persistence,2025-07-06 16:50:00,176.0,186.0,True
584,Persistence,2025-07-06 16:55:00,174.0,186.0,True
584,Persistence,2025-07-06 17:00:00,166.0,182.0,True
584,Persistence,2025-07-06 17:05:00,159.0,177.0,True
584,Persistence,2025-07-06 17:10:00,150.0,189.0,True
584,Persistence,2025-07-06 17:15:00,162.0,194.0,True
584,Persistence,2025-07-06 17:20:00,171.0,176.0,True
584,Persistence,2025-07-06 17:25:00,164.0,174.0,True
584,Persistence,2025-07-06 17:30:00,158.0,166.0,True
584,Persistence,2025-07-06 17:35:00,154.0,159.0,True
584,Persistence,2025-07-06 17:40:00,151.0,150.0,True
584,Persistence,2025-07-06 17:45:00,162.0,162.0,True
584,Persistence,2025-07-06 17:50:00,177.0,171.0,True
584,Persistence,2025-07-06 17:55:00,184.0,164.0,True
584,Persistence,2025-07-06 18:00:00,185.0,158.0,True
584,Persistence,2025-07-06 18:05:00,190.0,154.0,True
584,Persistence,2025-07-06 18:10:00,194.0,151.0,True
584,Persistence,2025-07-06 18:15:00,200.0,162.0,True
584,Persistence,2025-07-06 18:20:00,216.0,177.0,True
584,Persistence,2025-07-06 18:25:00,216.0,184.0,True
584,Persistence,2025-07-06 18:30:00,213.0,185.0,True
584,Persistence,2025-07-06 18:35:00,201.0,190.0,True
584,Persistence,2025-07-06 18:40:00,189.0,194.0,True
584,Persistence,2025-07-06 18:45:00,187.0,200.0,True
584,Persistence,2025-07-06 18:50:00,181.0,216.0,True
584,Persistence,2025-07-06 18:55:00,176.0,216.0,True
584,Persistence,2025-07-06 19:00:00,188.0,213.0,True
584,Persistence,2025-07-06 19:05:00,207.0,201.0,True
584,Persistence,2025-07-06 19:10:00,215.0,189.0,True
584,Persistence,2025-07-06 19:15:00,206.0,187.0,True
584,Persistence,2025-07-06 19:20:00,201.0,181.0,True
584,Persistence,2025-07-06 19:25:00,193.0,176.0,True
584,Persistence,2025-07-06 19:30:00,181.0,188.0,True
584,Persistence,2025-07-06 19:35:00,180.0,207.0,True
584,Persistence,2025-07-06 19:40:00,178.0,215.0,True
584,Persistence,2025-07-06 19:45:00,179.0,206.0,True
584,Persistence,2025-07-06 19:50:00,177.0,201.0,True
584,Persistence,2025-07-06 19:55:00,174.0,193.0,True
584,Persistence,2025-07-06 20:00:00,170.0,181.0,True
584,Persistence,2025-07-06 20:05:00,172.0,180.0,True
584,Persistence,2025-07-06 20:10:00,172.0,178.0,True
584,Persistence,2025-07-06 20:15:00,174.0,179.0,True
584,Persistence,2025-07-06 20:20:00,182.0,177.0,True
584,Persistence,2025-07-06 20:25:00,188.0,174.0,True
584,Persistence,2025-07-06 20:30:00,193.0,170.0,True
584,Persistence,2025-07-06 20:35:00,196.0,172.0,True
584,Persistence,2025-07-06 20:40:00,198.0,172.0,True
584,Persistence,2025-07-06 20:45:00,189.0,174.0,True
584,Persistence,2025-07-06 20:50:00,180.0,182.0,True
584,Persistence,2025-07-06 20:55:00,184.0,188.0,True
584,Persistence,2025-07-06 21:00:00,188.0,193.0,True
584,Persistence,2025-07-06 21:05:00,191.0,196.0,True
584,Persistence,2025-07-06 21:10:00,193.0,198.0,True
584,Persistence,2025-07-06 21:15:00,195.0,189.0,True
584,Persistence,2025-07-06 21:20:00,195.0,180.0,True
584,Persistence,2025-07-06 21:25:00,195.0,184.0,True
584,Persistence,2025-07-06 21:30:00,195.0,188.0,True
584,Persistence,2025-07-06 21:35:00,194.0,191.0,True
584,Persistence,2025-07-06 21:40:00,196.0,193.0,True
584,Persistence,2025-07-06 21:45:00,204.0,195.0,True
584,Persistence,2025-07-06 21:50:00,207.0,195.0,True
584,Persistence,2025-07-06 21:55:00,213.0,195.0,True
584,Persistence,2025-07-06 22:00:00,216.0,195.0,True
584,Persistence,2025-07-06 22:05:00,215.0,194.0,True
584,Persistence,2025-07-06 22:10:00,212.0,196.0,True
584,Persistence,2025-07-06 22:15:00,208.0,204.0,True
584,Persistence,2025-07-06 22:20:00,205.0,207.0,True
584,Persistence,2025-07-06 22:25:00,200.0,213.0,True
584,Persistence,2025-07-06 22:30:00,194.0,216.0,True
584,Persistence,2025-07-06 22:35:00,189.0,215.0,True
584,Persistence,2025-07-06 22:40:00,183.0,212.0,True
584,Persistence,2025-07-06 22:45:00,177.0,208.0,True
584,Persistence,2025-07-06 22:50:00,172.0,205.0,True
584,Persistence,2025-07-06 22:55:00,168.0,200.0,True
584,Persistence,2025-07-06 23:00:00,165.0,194.0,True
584,Persistence,2025-07-06 23:05:00,161.0,189.0,True
584,Persistence,2025-07-06 23:10:00,157.0,183.0,True
584,Persistence,2025-07-06 23:15:00,154.0,177.0,True
584,Persistence,2025-07-06 23:20:00,150.0,172.0,True
584,Persistence,2025-07-06 23:25:00,145.0,168.0,True
584,Persistence,2025-07-06 23:30:00,144.0,165.0,True
584,Persistence,2025-07-06 23:35:00,143.0,161.0,True
584,Persistence,2025-07-06 23:40:00,143.0,157.0,True
584,Persistence,2025-07-06 23:45:00,142.0,154.0,True
584,Persistence,2025-07-06 23:50:00,141.0,150.0,True
584,Persistence,2025-07-06 23:55:00,139.0,145.0,True
584,Persistence,2025-07-07 00:00:00,137.0,144.0,True
584,Persistence,2025-07-07 00:05:00,135.0,143.0,True
584,Persistence,2025-07-07 00:10:00,132.0,143.0,True
584,Persistence,2025-07-07 00:15:00,132.0,142.0,True
584,Persistence,2025-07-07 00:20:00,133.0,141.0,True
584,Persistence,2025-07-07 00:25:00,132.0,139.0,True
584,Persistence,2025-07-07 00:30:00,131.0,137.0,True
584,Persistence,2025-07-07 00:35:00,130.0,135.0,True
584,Persistence,2025-07-07 00:40:00,129.0,132.0,True
584,Persistence,2025-07-07 00:45:00,129.0,132.0,True
584,Persistence,2025-07-07 00:50:00,130.0,133.0,True
584,Persistence,2025-07-07 00:55:00,131.0,132.0,True
584,Persistence,2025-07-07 01:00:00,131.0,131.0,True
584,Persistence,2025-07-07 01:05:00,130.0,130.0,True
584,Persistence,2025-07-07 01:10:00,127.0,129.0,True
584,Persistence,2025-07-07 01:15:00,124.0,129.0,True
584,Persistence,2025-07-07 01:20:00,125.0,130.0,True
584,Persistence,2025-07-07 01:25:00,127.0,131.0,True
584,Persistence,2025-07-07 01:30:00,128.0,131.0,True
584,Persistence,2025-07-07 01:35:00,129.0,130.0,True
584,Persistence,2025-07-07 01:40:00,120.0,127.0,True
584,Persistence,2025-07-07 01:45:00,109.0,124.0,True
584,Persistence,2025-07-07 01:50:00,109.0,125.0,True
584,Persistence,2025-07-07 01:55:00,112.0,127.0,True
584,Persistence,2025-07-07 02:00:00,113.0,128.0,True
584,Persistence,2025-07-07 02:05:00,113.0,129.0,True
584,Persistence,2025-07-07 02:10:00,112.0,120.0,True
584,Persistence,2025-07-07 02:15:00,110.0,109.0,True
584,Persistence,2025-07-07 02:20:00,108.0,109.0,True
584,Persistence,2025-07-07 02:25:00,106.0,112.0,True
584,Persistence,2025-07-07 02:30:00,104.0,113.0,True
584,Persistence,2025-07-07 02:35:00,101.0,113.0,True
584,Persistence,2025-07-07 02:40:00,101.0,112.0,True
584,Persistence,2025-07-07 02:45:00,102.0,110.0,True
584,Persistence,2025-07-07 02:50:00,103.0,108.0,True
584,Persistence,2025-07-07 02:55:00,104.0,106.0,True
584,Persistence,2025-07-07 03:00:00,98.0,104.0,True
584,Persistence,2025-07-07 03:05:00,89.0,101.0,True
584,Persistence,2025-07-07 03:10:00,91.0,101.0,True
584,Persistence,2025-07-07 03:15:00,92.0,102.0,True
584,Persistence,2025-07-07 03:20:00,92.0,103.0,True
584,Persistence,2025-07-07 03:25:00,91.0,104.0,True
584,Persistence,2025-07-07 03:30:00,89.0,98.0,True
584,Persistence,2025-07-07 03:35:00,87.0,89.0,True
584,Persistence,2025-07-07 03:40:00,86.0,91.0,True
584,Persistence,2025-07-07 03:45:00,86.0,92.0,True
584,Persistence,2025-07-07 03:50:00,85.0,92.0,True
584,Persistence,2025-07-07 03:55:00,83.0,91.0,True
584,Persistence,2025-07-07 04:00:00,81.0,89.0,True
584,Persistence,2025-07-07 04:05:00,79.0,87.0,True
584,Persistence,2025-07-07 04:10:00,79.0,86.0,True
584,Persistence,2025-07-07 04:15:00,78.0,86.0,True
584,Persistence,2025-07-07 04:20:00,76.0,85.0,True
584,Persistence,2025-07-07 04:25:00,76.0,83.0,True
584,Persistence,2025-07-07 04:30:00,75.0,81.0,True
584,Persistence,2025-07-07 04:35:00,75.0,79.0,True
584,Persistence,2025-07-07 04:40:00,75.0,79.0,True
584,Persistence,2025-07-07 04:45:00,75.0,78.0,True
584,Persistence,2025-07-07 04:50:00,75.0,76.0,True
584,Persistence,2025-07-07 04:55:00,75.0,76.0,True
584,Persistence,2025-07-07 05:00:00,75.0,75.0,True
584,Persistence,2025-07-07 05:20:00,73.0,75.0,True
584,Persistence,2025-07-07 05:25:00,75.0,75.0,True
584,Persistence,2025-07-07 05:30:00,76.0,75.0,True
584,Persistence,2025-07-07 05:35:00,77.0,,False
584,Persistence,2025-07-07 05:40:00,74.0,,False
584,Persistence,2025-07-07 05:45:00,72.0,,False
584,Persistence,2025-07-07 05:50:00,66.0,73.0,True
584,Persistence,2025-07-07 05:55:00,70.0,75.0,True
584,Persistence,2025-07-07 06:00:00,83.0,76.0,True
584,Persistence,2025-07-07 06:05:00,95.0,77.0,True
584,Persistence,2025-07-07 06:10:00,108.0,74.0,True
584,Persistence,2025-07-07 06:15:00,113.0,72.0,True
584,Persistence,2025-07-07 06:20:00,112.0,66.0,True
584,Persistence,2025-07-07 06:25:00,107.0,70.0,True
584,Persistence,2025-07-07 06:30:00,118.0,83.0,True
584,Persistence,2025-07-07 06:35:00,126.0,95.0,True
584,Persistence,2025-07-07 06:40:00,130.0,108.0,True
584,Persistence,2025-07-07 06:45:00,133.0,113.0,True
584,Persistence,2025-07-07 06:50:00,134.0,112.0,True
584,Persistence,2025-07-07 06:55:00,137.0,107.0,True
584,Persistence,2025-07-07 07:00:00,139.0,118.0,True
584,Persistence,2025-07-07 07:05:00,134.0,126.0,True
584,Persistence,2025-07-07 07:10:00,135.0,130.0,True
584,Persistence,2025-07-07 07:15:00,141.0,133.0,True
584,Persistence,2025-07-07 07:20:00,141.0,134.0,True
584,Persistence,2025-07-07 07:25:00,138.0,137.0,True
584,Persistence,2025-07-07 07:30:00,143.0,139.0,True
584,Persistence,2025-07-07 07:35:00,134.0,134.0,True
584,Persistence,2025-07-07 07:40:00,109.0,135.0,True
584,Persistence,2025-07-07 07:45:00,96.0,141.0,True
584,Persistence,2025-07-07 07:50:00,109.0,141.0,True
584,Persistence,2025-07-07 07:55:00,124.0,138.0,True
584,Persistence,2025-07-07 08:00:00,133.0,143.0,True
584,Persistence,2025-07-07 08:05:00,135.0,134.0,True
584,Persistence,2025-07-07 08:10:00,134.0,109.0,True
584,Persistence,2025-07-07 08:15:00,137.0,96.0,True
584,Persistence,2025-07-07 08:20:00,133.0,109.0,True
584,Persistence,2025-07-07 08:25:00,146.0,124.0,True
584,Persistence,2025-07-07 08:30:00,144.0,133.0,True
584,Persistence,2025-07-07 08:35:00,128.0,135.0,True
584,Persistence,2025-07-07 08:40:00,123.0,134.0,True
584,Persistence,2025-07-07 08:45:00,126.0,137.0,True
584,Persistence,2025-07-07 08:50:00,124.0,133.0,True
584,Persistence,2025-07-07 08:55:00,110.0,146.0,True
584,Persistence,2025-07-07 09:00:00,107.0,144.0,True
584,Persistence,2025-07-07 09:05:00,102.0,128.0,True
584,Persistence,2025-07-07 09:10:00,107.0,123.0,True
584,Persistence,2025-07-07 09:15:00,112.0,126.0,True
584,Persistence,2025-07-07 09:20:00,105.0,124.0,True
584,Persistence,2025-07-07 09:25:00,102.0,110.0,True
584,Persistence,2025-07-07 09:30:00,103.0,107.0,True
584,Persistence,2025-07-07 09:35:00,103.0,102.0,True
584,Persistence,2025-07-07 09:40:00,98.0,107.0,True
584,Persistence,2025-07-07 09:45:00,89.0,112.0,True
584,Persistence,2025-07-07 09:50:00,86.0,105.0,True
584,Persistence,2025-07-07 09:55:00,81.0,102.0,True
584,Persistence,2025-07-07 10:00:00,79.0,103.0,True
584,Persistence,2025-07-07 10:05:00,78.0,103.0,True
584,Persistence,2025-07-07 10:10:00,75.0,98.0,True
584,Persistence,2025-07-07 10:15:00,67.0,89.0,True
584,Persistence,2025-07-07 10:20:00,62.0,86.0,True
584,Persistence,2025-07-07 10:25:00,66.0,81.0,True
584,Persistence,2025-07-07 10:30:00,72.0,79.0,True
584,Persistence,2025-07-07 10:35:00,82.0,78.0,True
584,Persistence,2025-07-07 10:40:00,88.0,75.0,True
584,Persistence,2025-07-07 10:45:00,80.0,67.0,True
584,Persistence,2025-07-07 10:50:00,69.0,62.0,True
584,Persistence,2025-07-07 10:55:00,73.0,66.0,True
584,Persistence,2025-07-07 11:00:00,80.0,72.0,True
584,Persistence,2025-07-07 11:05:00,77.0,82.0,True
584,Persistence,2025-07-07 11:10:00,82.0,88.0,True
584,Persistence,2025-07-07 11:15:00,86.0,80.0,True
584,Persistence,2025-07-07 11:20:00,93.0,69.0,True
584,Persistence,2025-07-07 11:25:00,96.0,73.0,True
584,Persistence,2025-07-07 11:30:00,95.0,80.0,True
584,Persistence,2025-07-07 11:35:00,94.0,77.0,True
584,Persistence,2025-07-07 11:40:00,94.0,82.0,True
584,Persistence,2025-07-07 11:45:00,89.0,86.0,True
584,Persistence,2025-07-07 11:50:00,86.0,93.0,True
584,Persistence,2025-07-07 11:55:00,80.0,96.0,True
584,Persistence,2025-07-07 12:00:00,79.0,95.0,True
584,Persistence,2025-07-07 12:05:00,81.0,94.0,True
584,Persistence,2025-07-07 12:10:00,82.0,94.0,True
584,Persistence,2025-07-07 12:15:00,80.0,89.0,True
584,Persistence,2025-07-07 12:20:00,71.0,86.0,True
584,Persistence,2025-07-07 12:25:00,67.0,80.0,True
584,Persistence,2025-07-07 12:30:00,63.0,79.0,True
584,Persistence,2025-07-07 12:35:00,68.0,81.0,True
584,Persistence,2025-07-07 12:40:00,69.0,82.0,True
584,Persistence,2025-07-07 12:45:00,75.0,80.0,True
584,Persistence,2025-07-07 12:50:00,80.0,71.0,True
584,Persistence,2025-07-07 12:55:00,79.0,67.0,True
584,Persistence,2025-07-07 13:00:00,80.0,63.0,True
584,Persistence,2025-07-07 13:05:00,80.0,68.0,True
584,Persistence,2025-07-07 13:10:00,83.0,69.0,True
584,Persistence,2025-07-07 13:15:00,97.0,75.0,True
584,Persistence,2025-07-07 13:20:00,108.0,80.0,True
584,Persistence,2025-07-07 13:25:00,110.0,79.0,True
584,Persistence,2025-07-07 13:30:00,106.0,80.0,True
584,Persistence,2025-07-07 13:35:00,103.0,80.0,True
584,Persistence,2025-07-07 13:40:00,101.0,83.0,True
584,Persistence,2025-07-07 13:45:00,101.0,97.0,True
584,Persistence,2025-07-07 13:50:00,94.0,108.0,True
584,Persistence,2025-07-07 13:55:00,92.0,110.0,True
584,Persistence,2025-07-07 14:00:00,88.0,106.0,True
584,Persistence,2025-07-07 14:05:00,91.0,103.0,True
584,Persistence,2025-07-07 14:10:00,97.0,101.0,True
584,Persistence,2025-07-07 14:15:00,98.0,101.0,True
584,Persistence,2025-07-07 14:20:00,89.0,94.0,True
584,Persistence,2025-07-07 14:25:00,90.0,92.0,True
584,Persistence,2025-07-07 14:30:00,95.0,88.0,True
584,Persistence,2025-07-07 14:35:00,93.0,91.0,True
584,Persistence,2025-07-07 14:40:00,93.0,97.0,True
584,Persistence,2025-07-07 14:45:00,92.0,98.0,True
584,Persistence,2025-07-07 14:50:00,85.0,89.0,True
584,Persistence,2025-07-07 14:55:00,85.0,90.0,True
584,Persistence,2025-07-07 15:00:00,94.0,95.0,True
584,Persistence,2025-07-07 15:05:00,103.0,93.0,True
584,Persistence,2025-07-07 15:10:00,113.0,93.0,True
584,Persistence,2025-07-07 15:15:00,121.0,92.0,True
584,Persistence,2025-07-07 15:20:00,114.0,85.0,True
584,Persistence,2025-07-07 15:25:00,110.0,85.0,True
584,Persistence,2025-07-07 15:30:00,103.0,94.0,True
584,Persistence,2025-07-07 15:35:00,98.0,103.0,True
584,Persistence,2025-07-07 15:40:00,104.0,113.0,True
584,Persistence,2025-07-07 15:45:00,111.0,121.0,True
584,Persistence,2025-07-07 15:50:00,114.0,114.0,True
584,Persistence,2025-07-07 15:55:00,109.0,110.0,True
584,Persistence,2025-07-07 16:00:00,105.0,103.0,True
584,Persistence,2025-07-07 16:05:00,110.0,98.0,True
584,Persistence,2025-07-07 16:10:00,118.0,104.0,True
584,Persistence,2025-07-07 16:15:00,120.0,111.0,True
584,Persistence,2025-07-07 16:20:00,123.0,114.0,True
584,Persistence,2025-07-07 16:25:00,117.0,109.0,True
584,Persistence,2025-07-07 16:30:00,98.0,105.0,True
584,Persistence,2025-07-07 16:35:00,87.0,110.0,True
584,Persistence,2025-07-07 16:40:00,84.0,118.0,True
584,Persistence,2025-07-07 16:45:00,84.0,120.0,True
584,Persistence,2025-07-07 16:50:00,82.0,123.0,True
584,Persistence,2025-07-07 16:55:00,87.0,117.0,True
584,Persistence,2025-07-07 17:00:00,95.0,98.0,True
584,Persistence,2025-07-07 17:05:00,104.0,87.0,True
584,Persistence,2025-07-07 17:10:00,104.0,84.0,True
584,Persistence,2025-07-07 17:15:00,104.0,84.0,True
584,Persistence,2025-07-07 17:20:00,104.0,82.0,True
584,Persistence,2025-07-07 17:25:00,104.0,87.0,True
584,Persistence,2025-07-07 17:30:00,217.0,95.0,True
584,Persistence,2025-07-07 17:35:00,231.0,104.0,True
584,Persistence,2025-07-07 17:40:00,236.0,104.0,True
584,Persistence,2025-07-07 17:45:00,235.0,104.0,True
584,Persistence,2025-07-07 17:50:00,234.0,104.0,True
584,Persistence,2025-07-07 17:55:00,246.0,104.0,True
584,Persistence,2025-07-07 18:00:00,257.0,217.0,True
584,Persistence,2025-07-07 18:05:00,263.0,231.0,True
584,Persistence,2025-07-07 18:10:00,256.0,236.0,True
584,Persistence,2025-07-07 18:15:00,246.0,235.0,True
584,Persistence,2025-07-07 18:20:00,237.0,234.0,True
584,Persistence,2025-07-07 18:25:00,229.0,246.0,True
584,Persistence,2025-07-07 18:30:00,221.0,257.0,True
584,Persistence,2025-07-07 18:35:00,220.0,263.0,True
584,Persistence,2025-07-07 18:40:00,223.0,256.0,True
584,Persistence,2025-07-07 18:45:00,225.0,246.0,True
584,Persistence,2025-07-07 18:50:00,213.0,237.0,True
584,Persistence,2025-07-07 18:55:00,201.0,229.0,True
584,Persistence,2025-07-07 19:00:00,194.0,221.0,True
584,Persistence,2025-07-07 19:05:00,189.0,220.0,True
584,Persistence,2025-07-07 19:10:00,183.0,223.0,True
584,Persistence,2025-07-07 19:15:00,174.0,225.0,True
584,Persistence,2025-07-07 19:20:00,164.0,213.0,True
584,Persistence,2025-07-07 19:25:00,164.0,201.0,True
584,Persistence,2025-07-07 19:30:00,175.0,194.0,True
584,Persistence,2025-07-07 19:35:00,200.0,189.0,True
584,Persistence,2025-07-07 19:40:00,207.0,183.0,True
584,Persistence,2025-07-07 19:45:00,210.0,174.0,True
584,Persistence,2025-07-07 19:50:00,214.0,164.0,True
584,Persistence,2025-07-07 19:55:00,193.0,164.0,True
584,Persistence,2025-07-07 20:00:00,171.0,175.0,True
584,Persistence,2025-07-07 20:05:00,177.0,200.0,True
584,Persistence,2025-07-07 20:10:00,197.0,207.0,True
584,Persistence,2025-07-07 20:15:00,239.0,210.0,True
584,Persistence,2025-07-07 20:20:00,271.0,214.0,True
584,Persistence,2025-07-07 20:25:00,294.0,193.0,True
584,Persistence,2025-07-07 20:30:00,303.0,171.0,True
584,Persistence,2025-07-07 20:35:00,312.0,177.0,True
584,Persistence,2025-07-07 20:40:00,319.0,197.0,True
584,Persistence,2025-07-07 20:45:00,322.0,239.0,True
584,Persistence,2025-07-07 20:50:00,325.0,271.0,True
584,Persistence,2025-07-07 20:55:00,330.0,294.0,True
584,Persistence,2025-07-07 21:00:00,327.0,303.0,True
584,Persistence,2025-07-07 21:05:00,311.0,312.0,True
584,Persistence,2025-07-07 21:10:00,305.0,319.0,True
584,Persistence,2025-07-07 21:15:00,318.0,322.0,True
584,Persistence,2025-07-07 21:20:00,327.0,325.0,True
584,Persistence,2025-07-07 21:25:00,331.0,330.0,True
584,Persistence,2025-07-07 21:30:00,332.0,327.0,True
584,Persistence,2025-07-07 21:35:00,327.0,311.0,True
584,Persistence,2025-07-07 21:40:00,321.0,305.0,True
584,Persistence,2025-07-07 21:45:00,314.0,318.0,True
584,Persistence,2025-07-07 21:50:00,305.0,327.0,True
584,Persistence,2025-07-07 21:55:00,293.0,331.0,True
584,Persistence,2025-07-07 22:00:00,280.0,332.0,True
584,Persistence,2025-07-07 22:05:00,256.0,327.0,True
584,Persistence,2025-07-07 22:10:00,242.0,321.0,True
584,Persistence,2025-07-07 22:15:00,231.0,314.0,True
584,Persistence,2025-07-07 22:20:00,221.0,305.0,True
584,Persistence,2025-07-07 22:25:00,210.0,293.0,True
584,Persistence,2025-07-07 22:30:00,199.0,280.0,True
584,Persistence,2025-07-07 22:35:00,187.0,256.0,True
584,Persistence,2025-07-07 22:40:00,180.0,242.0,True
584,Persistence,2025-07-07 22:45:00,173.0,231.0,True
584,Persistence,2025-07-07 22:50:00,167.0,221.0,True
584,Persistence,2025-07-07 22:55:00,161.0,210.0,True
584,Persistence,2025-07-07 23:00:00,157.0,199.0,True
584,Persistence,2025-07-07 23:05:00,147.0,187.0,True
584,Persistence,2025-07-07 23:10:00,146.0,180.0,True
584,Persistence,2025-07-07 23:15:00,152.0,173.0,True
584,Persistence,2025-07-07 23:20:00,152.0,167.0,True
584,Persistence,2025-07-07 23:25:00,153.0,161.0,True
584,Persistence,2025-07-07 23:30:00,154.0,157.0,True
584,Persistence,2025-07-07 23:35:00,142.0,147.0,True
584,Persistence,2025-07-07 23:40:00,140.0,146.0,True
584,Persistence,2025-07-07 23:45:00,143.0,152.0,True
584,Persistence,2025-07-07 23:50:00,152.0,152.0,True
584,Persistence,2025-07-07 23:55:00,161.0,153.0,True
584,Persistence,2025-07-08 00:00:00,163.0,154.0,True
584,Persistence,2025-07-08 00:05:00,164.0,142.0,True
584,Persistence,2025-07-08 00:10:00,165.0,140.0,True
584,Persistence,2025-07-08 00:15:00,164.0,143.0,True
584,Persistence,2025-07-08 00:20:00,161.0,152.0,True
584,Persistence,2025-07-08 00:25:00,159.0,161.0,True
584,Persistence,2025-07-08 00:30:00,139.0,163.0,True
584,Persistence,2025-07-08 00:35:00,134.0,164.0,True
584,Persistence,2025-07-08 00:40:00,138.0,165.0,True
584,Persistence,2025-07-08 00:45:00,147.0,164.0,True
584,Persistence,2025-07-08 00:50:00,153.0,161.0,True
584,Persistence,2025-07-08 00:55:00,152.0,159.0,True
584,Persistence,2025-07-08 01:00:00,160.0,139.0,True
584,Persistence,2025-07-08 01:05:00,173.0,134.0,True
584,Persistence,2025-07-08 01:10:00,176.0,138.0,True
584,Persistence,2025-07-08 01:15:00,175.0,147.0,True
584,Persistence,2025-07-08 01:20:00,176.0,153.0,True
584,Persistence,2025-07-08 01:25:00,173.0,152.0,True
584,Persistence,2025-07-08 01:30:00,167.0,160.0,True
584,Persistence,2025-07-08 01:35:00,159.0,173.0,True
584,Persistence,2025-07-08 01:40:00,156.0,176.0,True
584,Persistence,2025-07-08 01:45:00,167.0,175.0,True
584,Persistence,2025-07-08 01:50:00,170.0,176.0,True
584,Persistence,2025-07-08 01:55:00,174.0,173.0,True
584,Persistence,2025-07-08 02:00:00,149.0,167.0,True
584,Persistence,2025-07-08 02:05:00,149.0,159.0,True
584,Persistence,2025-07-08 02:10:00,156.0,156.0,True
584,Persistence,2025-07-08 02:15:00,161.0,167.0,True
584,Persistence,2025-07-08 02:20:00,166.0,170.0,True
584,Persistence,2025-07-08 02:25:00,167.0,174.0,True
584,Persistence,2025-07-08 02:30:00,169.0,149.0,True
584,Persistence,2025-07-08 02:35:00,175.0,149.0,True
584,Persistence,2025-07-08 02:40:00,176.0,156.0,True
584,Persistence,2025-07-08 02:45:00,176.0,161.0,True
584,Persistence,2025-07-08 02:50:00,175.0,166.0,True
584,Persistence,2025-07-08 02:55:00,180.0,167.0,True
584,Persistence,2025-07-08 03:00:00,184.0,169.0,True
584,Persistence,2025-07-08 03:05:00,187.0,175.0,True
584,Persistence,2025-07-08 03:10:00,187.0,176.0,True
584,Persistence,2025-07-08 03:15:00,185.0,176.0,True
584,Persistence,2025-07-08 03:20:00,180.0,175.0,True
584,Persistence,2025-07-08 03:25:00,176.0,180.0,True
584,Persistence,2025-07-08 03:30:00,168.0,184.0,True
584,Persistence,2025-07-08 03:35:00,162.0,187.0,True
584,Persistence,2025-07-08 03:40:00,162.0,187.0,True
584,Persistence,2025-07-08 03:45:00,155.0,185.0,True
584,Persistence,2025-07-08 03:50:00,163.0,180.0,True
584,Persistence,2025-07-08 03:55:00,164.0,176.0,True
584,Persistence,2025-07-08 04:00:00,156.0,168.0,True
584,Persistence,2025-07-08 04:05:00,157.0,162.0,True
584,Persistence,2025-07-08 04:10:00,161.0,162.0,True
584,Persistence,2025-07-08 04:15:00,156.0,155.0,True
584,Persistence,2025-07-08 04:20:00,141.0,163.0,True
584,Persistence,2025-07-08 04:25:00,150.0,164.0,True
584,Persistence,2025-07-08 04:30:00,149.0,156.0,True
584,Persistence,2025-07-08 04:35:00,145.0,157.0,True
584,Persistence,2025-07-08 04:40:00,142.0,161.0,True
584,Persistence,2025-07-08 04:45:00,142.0,156.0,True
584,Persistence,2025-07-08 04:50:00,142.0,141.0,True
584,Persistence,2025-07-08 04:55:00,143.0,150.0,True
584,Persistence,2025-07-08 05:00:00,154.0,149.0,True
584,Persistence,2025-07-08 05:05:00,149.0,145.0,True
584,Persistence,2025-07-08 05:10:00,134.0,142.0,True
584,Persistence,2025-07-08 05:15:00,120.0,142.0,True
584,Persistence,2025-07-08 05:20:00,130.0,142.0,True
584,Persistence,2025-07-08 05:25:00,134.0,143.0,True
584,Persistence,2025-07-08 05:30:00,127.0,154.0,True
584,Persistence,2025-07-08 05:35:00,113.0,149.0,True
584,Persistence,2025-07-08 05:40:00,112.0,134.0,True
584,Persistence,2025-07-08 05:45:00,116.0,120.0,True
584,Persistence,2025-07-08 05:50:00,114.0,130.0,True
584,Persistence,2025-07-08 05:55:00,113.0,134.0,True
584,Persistence,2025-07-08 06:00:00,115.0,127.0,True
584,Persistence,2025-07-08 06:05:00,101.0,113.0,True
584,Persistence,2025-07-08 06:10:00,92.0,112.0,True
584,Persistence,2025-07-08 06:15:00,97.0,116.0,True
584,Persistence,2025-07-08 06:20:00,99.0,114.0,True
584,Persistence,2025-07-08 06:25:00,97.0,113.0,True
584,Persistence,2025-07-08 06:30:00,91.0,115.0,True
584,Persistence,2025-07-08 06:35:00,88.0,101.0,True
584,Persistence,2025-07-08 06:40:00,85.0,92.0,True
584,Persistence,2025-07-08 06:45:00,94.0,97.0,True
584,Persistence,2025-07-08 06:50:00,100.0,99.0,True
584,Persistence,2025-07-08 06:55:00,93.0,97.0,True
584,Persistence,2025-07-08 07:00:00,95.0,91.0,True
584,Persistence,2025-07-08 07:05:00,105.0,88.0,True
584,Persistence,2025-07-08 07:10:00,106.0,85.0,True
584,Persistence,2025-07-08 07:15:00,96.0,94.0,True
584,Persistence,2025-07-08 07:20:00,83.0,100.0,True
584,Persistence,2025-07-08 07:25:00,83.0,93.0,True
584,Persistence,2025-07-08 07:30:00,88.0,95.0,True
584,Persistence,2025-07-08 07:35:00,84.0,105.0,True
584,Persistence,2025-07-08 07:40:00,75.0,106.0,True
584,Persistence,2025-07-08 07:45:00,65.0,96.0,True
584,Persistence,2025-07-08 07:50:00,74.0,83.0,True
584,Persistence,2025-07-08 07:55:00,90.0,83.0,True
584,Persistence,2025-07-08 08:00:00,101.0,88.0,True
584,Persistence,2025-07-08 08:05:00,107.0,84.0,True
584,Persistence,2025-07-08 08:10:00,103.0,75.0,True
584,Persistence,2025-07-08 08:15:00,96.0,65.0,True
584,Persistence,2025-07-08 08:20:00,91.0,74.0,True
584,Persistence,2025-07-08 08:25:00,80.0,90.0,True
584,Persistence,2025-07-08 08:30:00,74.0,101.0,True
584,Persistence,2025-07-08 08:35:00,78.0,107.0,True
584,Persistence,2025-07-08 08:40:00,82.0,103.0,True
584,Persistence,2025-07-08 08:45:00,81.0,96.0,True
584,Persistence,2025-07-08 08:50:00,85.0,91.0,True
584,Persistence,2025-07-08 08:55:00,88.0,80.0,True
584,Persistence,2025-07-08 09:00:00,85.0,74.0,True
584,Persistence,2025-07-08 09:05:00,92.0,78.0,True
584,Persistence,2025-07-08 09:10:00,90.0,82.0,True
584,Persistence,2025-07-08 09:15:00,84.0,81.0,True
584,Persistence,2025-07-08 09:20:00,82.0,85.0,True
584,Persistence,2025-07-08 09:25:00,91.0,88.0,True
584,Persistence,2025-07-08 09:30:00,99.0,85.0,True
584,Persistence,2025-07-08 09:35:00,90.0,92.0,True
584,Persistence,2025-07-08 09:40:00,72.0,90.0,True
584,Persistence,2025-07-08 09:45:00,73.0,84.0,True
584,Persistence,2025-07-08 09:50:00,78.0,82.0,True
584,Persistence,2025-07-08 09:55:00,76.0,91.0,True
584,Persistence,2025-07-08 10:00:00,80.0,99.0,True
584,Persistence,2025-07-08 10:05:00,79.0,90.0,True
584,Persistence,2025-07-08 10:10:00,79.0,72.0,True
584,Persistence,2025-07-08 10:15:00,73.0,73.0,True
584,Persistence,2025-07-08 10:20:00,62.0,78.0,True
584,Persistence,2025-07-08 10:25:00,65.0,76.0,True
584,Persistence,2025-07-08 10:30:00,75.0,80.0,True
584,Persistence,2025-07-08 10:35:00,81.0,79.0,True
584,Persistence,2025-07-08 10:40:00,91.0,79.0,True
584,Persistence,2025-07-08 10:45:00,94.0,73.0,True
584,Persistence,2025-07-08 10:50:00,93.0,62.0,True
584,Persistence,2025-07-08 10:55:00,94.0,65.0,True
584,Persistence,2025-07-08 11:00:00,98.0,75.0,True
584,Persistence,2025-07-08 11:05:00,96.0,81.0,True
584,Persistence,2025-07-08 11:10:00,93.0,91.0,True
584,Persistence,2025-07-08 11:15:00,95.0,94.0,True
584,Persistence,2025-07-08 11:20:00,98.0,93.0,True
584,Persistence,2025-07-08 11:25:00,107.0,94.0,True
584,Persistence,2025-07-08 11:30:00,118.0,98.0,True
584,Persistence,2025-07-08 11:35:00,109.0,96.0,True
584,Persistence,2025-07-08 11:40:00,107.0,93.0,True
584,Persistence,2025-07-08 11:45:00,96.0,95.0,True
584,Persistence,2025-07-08 11:50:00,94.0,98.0,True
584,Persistence,2025-07-08 11:55:00,86.0,107.0,True
584,Persistence,2025-07-08 12:00:00,75.0,118.0,True
584,Persistence,2025-07-08 12:05:00,75.0,109.0,True
584,Persistence,2025-07-08 12:10:00,82.0,107.0,True
584,Persistence,2025-07-08 12:15:00,87.0,96.0,True
584,Persistence,2025-07-08 12:20:00,88.0,94.0,True
584,Persistence,2025-07-08 12:25:00,92.0,86.0,True
584,Persistence,2025-07-08 12:30:00,95.0,75.0,True
584,Persistence,2025-07-08 12:35:00,97.0,75.0,True
584,Persistence,2025-07-08 12:40:00,105.0,82.0,True
584,Persistence,2025-07-08 12:45:00,112.0,87.0,True
584,Persistence,2025-07-08 12:50:00,115.0,88.0,True
584,Persistence,2025-07-08 12:55:00,102.0,92.0,True
584,Persistence,2025-07-08 13:00:00,104.0,95.0,True
584,Persistence,2025-07-08 13:05:00,96.0,97.0,True
584,Persistence,2025-07-08 13:10:00,99.0,105.0,True
584,Persistence,2025-07-08 13:15:00,102.0,112.0,True
584,Persistence,2025-07-08 13:20:00,104.0,115.0,True
584,Persistence,2025-07-08 13:25:00,99.0,102.0,True
584,Persistence,2025-07-08 13:30:00,94.0,104.0,True
584,Persistence,2025-07-08 13:35:00,95.0,96.0,True
584,Persistence,2025-07-08 13:40:00,89.0,99.0,True
584,Persistence,2025-07-08 13:45:00,77.0,102.0,True
584,Persistence,2025-07-08 13:50:00,73.0,104.0,True
584,Persistence,2025-07-08 13:55:00,75.0,99.0,True
584,Persistence,2025-07-08 14:00:00,79.0,94.0,True
584,Persistence,2025-07-08 14:05:00,86.0,95.0,True
584,Persistence,2025-07-08 14:10:00,86.0,89.0,True
584,Persistence,2025-07-08 14:15:00,76.0,77.0,True
584,Persistence,2025-07-08 14:20:00,68.0,73.0,True
584,Persistence,2025-07-08 14:25:00,75.0,75.0,True
584,Persistence,2025-07-08 14:30:00,82.0,79.0,True
584,Persistence,2025-07-08 14:35:00,90.0,86.0,True
584,Persistence,2025-07-08 14:40:00,100.0,86.0,True
584,Persistence,2025-07-08 14:45:00,107.0,76.0,True
584,Persistence,2025-07-08 14:50:00,110.0,68.0,True
584,Persistence,2025-07-08 14:55:00,107.0,75.0,True
584,Persistence,2025-07-08 15:00:00,101.0,82.0,True
584,Persistence,2025-07-08 15:05:00,95.0,90.0,True
584,Persistence,2025-07-08 15:10:00,88.0,100.0,True
584,Persistence,2025-07-08 15:15:00,110.0,107.0,True
584,Persistence,2025-07-08 15:20:00,97.0,110.0,True
584,Persistence,2025-07-08 15:25:00,99.0,107.0,True
584,Persistence,2025-07-08 15:30:00,92.0,101.0,True
584,Persistence,2025-07-08 15:35:00,92.0,95.0,True
584,Persistence,2025-07-08 15:40:00,79.0,88.0,True
584,Persistence,2025-07-08 15:45:00,74.0,110.0,True
584,Persistence,2025-07-08 15:50:00,75.0,97.0,True
584,Persistence,2025-07-08 15:55:00,81.0,99.0,True
584,Persistence,2025-07-08 16:00:00,78.0,92.0,True
584,Persistence,2025-07-08 16:05:00,78.0,92.0,True
584,Persistence,2025-07-08 16:10:00,88.0,79.0,True
584,Persistence,2025-07-08 16:15:00,97.0,74.0,True
584,Persistence,2025-07-08 16:20:00,121.0,75.0,True
584,Persistence,2025-07-08 16:25:00,137.0,81.0,True
584,Persistence,2025-07-08 16:30:00,135.0,78.0,True
584,Persistence,2025-07-08 16:35:00,125.0,78.0,True
584,Persistence,2025-07-08 16:40:00,110.0,88.0,True
584,Persistence,2025-07-08 16:45:00,118.0,97.0,True
584,Persistence,2025-07-08 16:50:00,134.0,121.0,True
584,Persistence,2025-07-08 16:55:00,144.0,137.0,True
584,Persistence,2025-07-08 17:00:00,158.0,135.0,True
584,Persistence,2025-07-08 17:05:00,137.0,125.0,True
584,Persistence,2025-07-08 17:10:00,142.0,110.0,True
584,Persistence,2025-07-08 17:15:00,151.0,118.0,True
584,Persistence,2025-07-08 17:20:00,156.0,134.0,True
584,Persistence,2025-07-08 17:25:00,160.0,144.0,True
584,Persistence,2025-07-08 17:30:00,163.0,158.0,True
584,Persistence,2025-07-08 17:35:00,167.0,137.0,True
584,Persistence,2025-07-08 17:40:00,170.0,142.0,True
584,Persistence,2025-07-08 17:45:00,174.0,151.0,True
584,Persistence,2025-07-08 17:50:00,176.0,156.0,True
584,Persistence,2025-07-08 17:55:00,172.0,160.0,True
584,Persistence,2025-07-08 18:00:00,187.0,163.0,True
584,Persistence,2025-07-08 18:05:00,192.0,167.0,True
584,Persistence,2025-07-08 18:10:00,193.0,170.0,True
584,Persistence,2025-07-08 18:15:00,200.0,174.0,True
584,Persistence,2025-07-08 18:20:00,207.0,176.0,True
584,Persistence,2025-07-08 18:25:00,210.0,172.0,True
584,Persistence,2025-07-08 18:30:00,221.0,187.0,True
584,Persistence,2025-07-08 18:35:00,234.0,192.0,True
584,Persistence,2025-07-08 18:40:00,235.0,193.0,True
584,Persistence,2025-07-08 18:45:00,246.0,200.0,True
584,Persistence,2025-07-08 18:50:00,246.0,207.0,True
584,Persistence,2025-07-08 18:55:00,249.0,210.0,True
584,Persistence,2025-07-08 19:00:00,237.0,221.0,True
584,Persistence,2025-07-08 19:05:00,229.0,234.0,True
584,Persistence,2025-07-08 19:10:00,220.0,235.0,True
584,Persistence,2025-07-08 19:15:00,210.0,246.0,True
584,Persistence,2025-07-08 19:20:00,199.0,246.0,True
584,Persistence,2025-07-08 19:25:00,186.0,249.0,True
584,Persistence,2025-07-08 19:30:00,165.0,237.0,True
584,Persistence,2025-07-08 19:35:00,136.0,229.0,True
584,Persistence,2025-07-08 19:40:00,120.0,220.0,True
584,Persistence,2025-07-08 19:45:00,119.0,210.0,True
584,Persistence,2025-07-08 19:50:00,118.0,199.0,True
584,Persistence,2025-07-08 19:55:00,126.0,186.0,True
584,Persistence,2025-07-08 20:00:00,133.0,165.0,True
584,Persistence,2025-07-08 20:05:00,132.0,136.0,True
584,Persistence,2025-07-08 20:10:00,132.0,120.0,True
584,Persistence,2025-07-08 20:15:00,135.0,119.0,True
584,Persistence,2025-07-08 20:20:00,132.0,118.0,True
584,Persistence,2025-07-08 20:25:00,130.0,126.0,True
584,Persistence,2025-07-08 20:30:00,136.0,133.0,True
584,Persistence,2025-07-08 20:35:00,150.0,132.0,True
584,Persistence,2025-07-08 20:40:00,156.0,132.0,True
584,Persistence,2025-07-08 20:45:00,164.0,135.0,True
584,Persistence,2025-07-08 20:50:00,168.0,132.0,True
584,Persistence,2025-07-08 20:55:00,175.0,130.0,True
584,Persistence,2025-07-08 21:00:00,194.0,136.0,True
584,Persistence,2025-07-08 21:05:00,218.0,150.0,True
584,Persistence,2025-07-08 21:10:00,236.0,156.0,True
584,Persistence,2025-07-08 21:15:00,255.0,164.0,True
584,Persistence,2025-07-08 21:20:00,268.0,168.0,True
584,Persistence,2025-07-08 21:25:00,279.0,175.0,True
584,Persistence,2025-07-08 21:30:00,291.0,194.0,True
584,Persistence,2025-07-08 21:35:00,299.0,218.0,True
584,Persistence,2025-07-08 21:40:00,307.0,236.0,True
584,Persistence,2025-07-08 21:45:00,312.0,255.0,True
584,Persistence,2025-07-08 21:50:00,318.0,268.0,True
584,Persistence,2025-07-08 21:55:00,329.0,279.0,True
584,Persistence,2025-07-08 22:00:00,317.0,291.0,True
584,Persistence,2025-07-08 22:05:00,318.0,299.0,True
584,Persistence,2025-07-08 22:10:00,318.0,307.0,True
584,Persistence,2025-07-08 22:15:00,314.0,312.0,True
584,Persistence,2025-07-08 22:20:00,311.0,318.0,True
584,Persistence,2025-07-08 22:25:00,304.0,329.0,True
584,Persistence,2025-07-08 22:30:00,298.0,317.0,True
584,Persistence,2025-07-08 22:35:00,289.0,318.0,True
584,Persistence,2025-07-08 22:40:00,278.0,318.0,True
584,Persistence,2025-07-08 22:45:00,266.0,314.0,True
584,Persistence,2025-07-08 22:50:00,256.0,311.0,True
584,Persistence,2025-07-08 22:55:00,246.0,304.0,True
584,Persistence,2025-07-08 23:00:00,207.0,298.0,True
584,Persistence,2025-07-08 23:05:00,170.0,289.0,True
584,Persistence,2025-07-08 23:10:00,187.0,278.0,True
584,Persistence,2025-07-08 23:15:00,175.0,266.0,True
584,Persistence,2025-07-08 23:20:00,165.0,256.0,True
584,Persistence,2025-07-08 23:25:00,162.0,246.0,True
584,Persistence,2025-07-08 23:30:00,161.0,207.0,True
584,Persistence,2025-07-08 23:35:00,164.0,170.0,True
584,Persistence,2025-07-08 23:40:00,168.0,187.0,True
584,Persistence,2025-07-08 23:45:00,169.0,175.0,True
584,Persistence,2025-07-08 23:50:00,173.0,165.0,True
584,Persistence,2025-07-08 23:55:00,177.0,162.0,True
584,Persistence,2025-07-09 00:00:00,169.0,161.0,True
584,Persistence,2025-07-09 00:05:00,151.0,164.0,True
584,Persistence,2025-07-09 00:10:00,136.0,168.0,True
584,Persistence,2025-07-09 00:15:00,132.0,169.0,True
584,Persistence,2025-07-09 00:20:00,138.0,173.0,True
584,Persistence,2025-07-09 00:25:00,149.0,177.0,True
584,Persistence,2025-07-09 00:30:00,170.0,169.0,True
584,Persistence,2025-07-09 00:35:00,182.0,151.0,True
584,Persistence,2025-07-09 00:40:00,184.0,136.0,True
584,Persistence,2025-07-09 00:45:00,183.0,132.0,True
584,Persistence,2025-07-09 00:50:00,182.0,138.0,True
584,Persistence,2025-07-09 00:55:00,181.0,149.0,True
584,Persistence,2025-07-09 01:00:00,178.0,170.0,True
584,Persistence,2025-07-09 01:05:00,171.0,182.0,True
584,Persistence,2025-07-09 01:10:00,166.0,184.0,True
584,Persistence,2025-07-09 01:15:00,164.0,183.0,True
584,Persistence,2025-07-09 01:20:00,164.0,182.0,True
584,Persistence,2025-07-09 01:25:00,165.0,181.0,True
584,Persistence,2025-07-09 01:30:00,165.0,178.0,True
584,Persistence,2025-07-09 01:35:00,166.0,171.0,True
584,Persistence,2025-07-09 01:40:00,162.0,166.0,True
584,Persistence,2025-07-09 01:45:00,163.0,164.0,True
584,Persistence,2025-07-09 01:50:00,171.0,164.0,True
584,Persistence,2025-07-09 01:55:00,168.0,165.0,True
584,Persistence,2025-07-09 02:00:00,164.0,165.0,True
584,Persistence,2025-07-09 02:05:00,169.0,166.0,True
584,Persistence,2025-07-09 02:10:00,166.0,162.0,True
584,Persistence,2025-07-09 02:15:00,164.0,163.0,True
584,Persistence,2025-07-09 02:20:00,159.0,171.0,True
584,Persistence,2025-07-09 02:25:00,160.0,168.0,True
584,Persistence,2025-07-09 02:30:00,164.0,164.0,True
584,Persistence,2025-07-09 02:35:00,159.0,169.0,True
584,Persistence,2025-07-09 02:40:00,156.0,166.0,True
584,Persistence,2025-07-09 02:45:00,130.0,164.0,True
584,Persistence,2025-07-09 02:50:00,125.0,159.0,True
584,Persistence,2025-07-09 02:55:00,132.0,160.0,True
584,Persistence,2025-07-09 03:00:00,134.0,164.0,True
584,Persistence,2025-07-09 03:05:00,141.0,159.0,True
584,Persistence,2025-07-09 03:10:00,148.0,156.0,True
584,Persistence,2025-07-09 03:15:00,151.0,130.0,True
584,Persistence,2025-07-09 03:20:00,154.0,125.0,True
584,Persistence,2025-07-09 03:25:00,163.0,132.0,True
584,Persistence,2025-07-09 03:30:00,171.0,134.0,True
584,Persistence,2025-07-09 03:35:00,175.0,141.0,True
584,Persistence,2025-07-09 03:40:00,176.0,148.0,True
584,Persistence,2025-07-09 03:45:00,170.0,151.0,True
584,Persistence,2025-07-09 03:50:00,162.0,154.0,True
584,Persistence,2025-07-09 03:55:00,142.0,163.0,True
584,Persistence,2025-07-09 04:00:00,115.0,171.0,True
584,Persistence,2025-07-09 04:05:00,103.0,175.0,True
584,Persistence,2025-07-09 04:10:00,107.0,176.0,True
584,Persistence,2025-07-09 04:15:00,120.0,170.0,True
584,Persistence,2025-07-09 04:20:00,131.0,162.0,True
584,Persistence,2025-07-09 04:25:00,133.0,142.0,True
584,Persistence,2025-07-09 04:30:00,134.0,115.0,True
584,Persistence,2025-07-09 04:35:00,139.0,103.0,True
584,Persistence,2025-07-09 04:40:00,150.0,107.0,True
584,Persistence,2025-07-09 04:45:00,160.0,120.0,True
584,Persistence,2025-07-09 04:50:00,160.0,131.0,True
584,Persistence,2025-07-09 04:55:00,160.0,133.0,True
584,Persistence,2025-07-09 05:00:00,160.0,134.0,True
584,Persistence,2025-07-09 05:05:00,160.0,139.0,True
584,Persistence,2025-07-09 05:10:00,160.0,150.0,True
584,Persistence,2025-07-09 05:15:00,160.0,160.0,True
584,Persistence,2025-07-09 05:35:00,162.0,160.0,True
584,Persistence,2025-07-09 05:40:00,154.0,160.0,True
584,Persistence,2025-07-09 05:45:00,151.0,160.0,True
584,Persistence,2025-07-09 05:50:00,154.0,,False
584,Persistence,2025-07-09 05:55:00,149.0,,False
584,Persistence,2025-07-09 06:00:00,141.0,,False
584,Persistence,2025-07-09 06:05:00,138.0,162.0,True
584,Persistence,2025-07-09 06:10:00,138.0,154.0,True
584,Persistence,2025-07-09 06:15:00,137.0,151.0,True
584,Persistence,2025-07-09 06:20:00,115.0,154.0,True
584,Persistence,2025-07-09 06:25:00,125.0,149.0,True
584,Persistence,2025-07-09 06:30:00,126.0,141.0,True
584,Persistence,2025-07-09 06:35:00,124.0,138.0,True
584,Persistence,2025-07-09 06:40:00,110.0,138.0,True
584,Persistence,2025-07-09 06:45:00,97.0,137.0,True
584,Persistence,2025-07-09 06:50:00,83.0,115.0,True
584,Persistence,2025-07-09 06:55:00,77.0,125.0,True
584,Persistence,2025-07-09 07:00:00,81.0,126.0,True
584,Persistence,2025-07-09 07:05:00,93.0,124.0,True
584,Persistence,2025-07-09 07:10:00,89.0,110.0,True
584,Persistence,2025-07-09 07:15:00,74.0,97.0,True
584,Persistence,2025-07-09 07:20:00,65.0,83.0,True
584,Persistence,2025-07-09 07:25:00,60.0,77.0,True
584,Persistence,2025-07-09 07:30:00,58.0,81.0,True
584,Persistence,2025-07-09 07:35:00,59.0,93.0,True
584,Persistence,2025-07-09 07:40:00,57.0,89.0,True
584,Persistence,2025-07-09 07:45:00,55.0,74.0,True
584,Persistence,2025-07-09 07:50:00,54.0,65.0,True
584,Persistence,2025-07-09 07:55:00,49.0,60.0,True
584,Persistence,2025-07-09 08:00:00,41.0,58.0,True
584,Persistence,2025-07-09 08:05:00,49.0,59.0,True
584,Persistence,2025-07-09 08:10:00,55.0,57.0,True
584,Persistence,2025-07-09 08:15:00,53.0,55.0,True
584,Persistence,2025-07-09 08:20:00,66.0,54.0,True
584,Persistence,2025-07-09 08:25:00,90.0,49.0,True
584,Persistence,2025-07-09 08:30:00,87.0,41.0,True
584,Persistence,2025-07-09 08:35:00,86.0,49.0,True
584,Persistence,2025-07-09 08:40:00,77.0,55.0,True
584,Persistence,2025-07-09 08:45:00,71.0,53.0,True
584,Persistence,2025-07-09 08:50:00,74.0,66.0,True
584,Persistence,2025-07-09 08:55:00,72.0,90.0,True
584,Persistence,2025-07-09 09:00:00,78.0,87.0,True
584,Persistence,2025-07-09 09:05:00,79.0,86.0,True
584,Ridge,2025-06-29 00:00:00,257.0,194.89494334542144,False
584,Ridge,2025-06-29 00:05:00,258.0,229.04550574822753,True
584,Ridge,2025-06-29 00:10:00,267.0,254.45809536074972,True
584,Ridge,2025-06-29 00:15:00,275.0,262.04931211067606,True
584,Ridge,2025-06-29 00:20:00,284.0,268.3630518546678,True
584,Ridge,2025-06-29 00:25:00,295.0,264.5010946081095,True
584,Ridge,2025-06-29 00:30:00,299.0,225.95203669110646,True
584,Ridge,2025-06-29 00:35:00,300.0,244.6109806698612,True
584,Ridge,2025-06-29 00:40:00,309.0,268.27032091995443,True
584,Ridge,2025-06-29 00:45:00,312.0,274.9374011613965,True
584,Ridge,2025-06-29 00:50:00,313.0,286.8967855889215,True
584,Ridge,2025-06-29 00:55:00,312.0,300.7458747176197,True
584,Ridge,2025-06-29 01:00:00,311.0,295.0009160967534,True
584,Ridge,2025-06-29 01:05:00,314.0,291.14642262944983,True
584,Ridge,2025-06-29 01:10:00,318.0,310.6504531184448,True
584,Ridge,2025-06-29 01:15:00,325.0,304.4928817846005,True
584,Ridge,2025-06-29 01:20:00,330.0,302.3280019150085,True
584,Ridge,2025-06-29 01:25:00,318.0,296.6253218446973,True
584,Ridge,2025-06-29 01:30:00,296.0,294.5907567392851,True
584,Ridge,2025-06-29 01:35:00,289.0,303.3529252151818,True
584,Ridge,2025-06-29 01:40:00,290.0,308.5669972237257,True
584,Ridge,2025-06-29 01:45:00,290.0,319.79891648728244,True
584,Ridge,2025-06-29 01:50:00,281.0,321.88483157289716,True
584,Ridge,2025-06-29 01:55:00,272.0,285.64653215108433,True
584,Ridge,2025-06-29 02:00:00,267.0,247.2981395273098,True
584,Ridge,2025-06-29 02:05:00,262.0,258.3871594913731,True
584,Ridge,2025-06-29 02:10:00,259.0,269.7793451970186,True
584,Ridge,2025-06-29 02:15:00,265.0,269.703591142436,True
584,Ridge,2025-06-29 02:20:00,277.0,249.28935347291758,True
584,Ridge,2025-06-29 02:25:00,290.0,240.89948236276285,True
584,Ridge,2025-06-29 02:30:00,299.0,241.22590605291683,True
584,Ridge,2025-06-29 02:35:00,306.0,236.6958113031431,True
584,Ridge,2025-06-29 02:40:00,320.0,237.4867955307805,True
584,Ridge,2025-06-29 02:45:00,313.0,257.43408022662584,True
584,Ridge,2025-06-29 02:50:00,313.0,279.1360387065591,True
584,Ridge,2025-06-29 02:55:00,313.0,294.46754101331123,True
584,Ridge,2025-06-29 03:00:00,313.0,298.96873682524824,True
584,Ridge,2025-06-29 03:05:00,313.0,304.47726898068885,True
584,Ridge,2025-06-29 03:10:00,313.0,328.35579412258835,True
584,Ridge,2025-06-29 03:15:00,313.0,291.1659737780566,True
584,Ridge,2025-06-29 03:55:00,275.0,255.84709903727997,False
584,Ridge,2025-06-29 04:00:00,278.0,256.8309630433535,False
584,Ridge,2025-06-29 04:05:00,275.0,268.6706308459282,False
584,Ridge,2025-06-29 04:10:00,271.0,265.96747410766613,False
584,Ridge,2025-06-29 04:15:00,271.0,177.39011079824022,False
584,Ridge,2025-06-29 04:20:00,265.0,169.55172459834765,False
584,Ridge,2025-06-29 04:25:00,257.0,266.2709929512769,True
584,Ridge,2025-06-29 04:30:00,252.0,269.5633928947392,True
584,Ridge,2025-06-29 04:35:00,250.0,251.84299103311525,True
584,Ridge,2025-06-29 04:40:00,236.0,243.01485714132468,True
584,Ridge,2025-06-29 04:45:00,224.0,247.79126911024127,True
584,Ridge,2025-06-29 04:50:00,217.0,228.9910388740424,True
584,Ridge,2025-06-29 04:55:00,199.0,222.20627446019887,True
584,Ridge,2025-06-29 05:00:00,185.0,226.1793923818729,True
584,Ridge,2025-06-29 05:05:00,174.0,228.21317710689544,True
584,Ridge,2025-06-29 05:10:00,165.0,199.0376029924651,True
584,Ridge,2025-06-29 05:15:00,159.0,190.19173244279634,True
584,Ridge,2025-06-29 05:20:00,153.0,189.8214038072594,True
584,Ridge,2025-06-29 05:25:00,149.0,156.24412619494302,True
584,Ridge,2025-06-29 05:30:00,154.0,148.27423696495694,True
584,Ridge,2025-06-29 05:35:00,156.0,141.0534683239743,True
584,Ridge,2025-06-29 05:40:00,150.0,136.5846388039669,True
584,Ridge,2025-06-29 05:45:00,143.0,136.51357257416555,True
584,Ridge,2025-06-29 05:50:00,135.0,132.2598068094618,True
584,Ridge,2025-06-29 05:55:00,131.0,133.32544535211366,True
584,Ridge,2025-06-29 06:00:00,134.0,153.14243649775597,True
584,Ridge,2025-06-29 06:05:00,144.0,153.0604438820141,True
584,Ridge,2025-06-29 06:10:00,144.0,137.43940732607737,True
584,Ridge,2025-06-29 06:15:00,141.0,129.51046457222932,True
584,Ridge,2025-06-29 06:20:00,146.0,119.72453971336819,True
584,Ridge,2025-06-29 06:25:00,150.0,121.02987465702563,True
584,Ridge,2025-06-29 06:30:00,156.0,134.65029875461937,True
584,Ridge,2025-06-29 06:35:00,160.0,156.38944430045345,True
584,Ridge,2025-06-29 06:40:00,164.0,144.2670515899548,True
584,Ridge,2025-06-29 06:45:00,167.0,138.18860970183712,True
584,Ridge,2025-06-29 06:50:00,166.0,153.96648278694764,True
584,Ridge,2025-06-29 06:55:00,161.0,157.05809016833507,True
584,Ridge,2025-06-29 07:00:00,160.0,167.00305828744692,True
584,Ridge,2025-06-29 07:05:00,156.0,167.74711390260228,True
584,Ridge,2025-06-29 07:10:00,155.0,171.60108777275633,True
584,Ridge,2025-06-29 07:15:00,154.0,172.88366523684067,True
584,Ridge,2025-06-29 07:20:00,151.0,165.99296698334024,True
584,Ridge,2025-06-29 07:25:00,146.0,155.18268674781797,True
584,Ridge,2025-06-29 07:30:00,142.0,159.27135098674603,True
584,Ridge,2025-06-29 07:35:00,140.0,150.2625997574618,True
584,Ridge,2025-06-29 07:40:00,142.0,152.86226228570476,True
584,Ridge,2025-06-29 07:45:00,148.0,151.54567524767802,True
584,Ridge,2025-06-29 07:50:00,158.0,146.45351082770554,True
584,Ridge,2025-06-29 07:55:00,176.0,138.4740072645862,True
584,Ridge,2025-06-29 08:00:00,199.0,135.6283904615588,True
584,Ridge,2025-06-29 08:05:00,214.0,134.91858936270637,True
584,Ridge,2025-06-29 08:10:00,222.0,144.1614610240162,True
584,Ridge,2025-06-29 08:15:00,232.0,156.55702197209854,True
584,Ridge,2025-06-29 08:20:00,239.0,173.039857702738,True
584,Ridge,2025-06-29 08:25:00,242.0,203.12621677133464,True
584,Ridge,2025-06-29 08:30:00,248.0,234.22046532012217,True
584,Ridge,2025-06-29 08:35:00,252.0,238.9304792824499,True
584,Ridge,2025-06-29 08:40:00,262.0,237.3100336580157,True
584,Ridge,2025-06-29 08:45:00,272.0,248.66042217762993,True
584,Ridge,2025-06-29 08:50:00,276.0,249.92662409079279,True
584,Ridge,2025-06-29 08:55:00,284.0,246.24544511536692,True
584,Ridge,2025-06-29 09:00:00,286.0,254.911578580109,True
584,Ridge,2025-06-29 09:05:00,283.0,267.9110281687499,True
584,Ridge,2025-06-29 09:10:00,284.0,284.25950225523394,True
584,Ridge,2025-06-29 09:15:00,276.0,292.1901924495529,True
584,Ridge,2025-06-29 09:20:00,262.0,284.44999168854713,True
584,Ridge,2025-06-29 09:25:00,249.0,294.0745601127513,True
584,Ridge,2025-06-29 09:30:00,235.0,284.01315854690665,True
584,Ridge,2025-06-29 09:35:00,223.0,269.8885906908554,True
584,Ridge,2025-06-29 09:40:00,214.0,272.641771770271,True
584,Ridge,2025-06-29 09:45:00,206.0,249.5642645763054,True
584,Ridge,2025-06-29 09:50:00,198.0,225.85801632770318,True
584,Ridge,2025-06-29 09:55:00,192.0,211.71122651636648,True
584,Ridge,2025-06-29 10:00:00,188.0,194.93342175110473,True
584,Ridge,2025-06-29 10:05:00,184.0,185.98019322339,True
584,Ridge,2025-06-29 10:10:00,179.0,181.73465594402177,True
584,Ridge,2025-06-29 10:15:00,174.0,176.39030609069124,True
584,Ridge,2025-06-29 10:20:00,172.0,169.78917758232785,True
584,Ridge,2025-06-29 10:25:00,172.0,168.2272429669763,True
584,Ridge,2025-06-29 10:30:00,174.0,168.35061935777136,True
584,Ridge,2025-06-29 10:35:00,173.0,165.9487079765082,True
584,Ridge,2025-06-29 10:40:00,173.0,161.11747016716245,True
584,Ridge,2025-06-29 10:45:00,177.0,156.8403533099291,True
584,Ridge,2025-06-29 10:50:00,180.0,159.93183263461154,True
584,Ridge,2025-06-29 10:55:00,185.0,164.01895070695414,True
584,Ridge,2025-06-29 11:00:00,195.0,170.35166582527629,True
584,Ridge,2025-06-29 11:05:00,204.0,166.58707258322892,True
584,Ridge,2025-06-29 11:10:00,208.0,169.16812158754394,True
584,Ridge,2025-06-29 11:15:00,210.0,179.19818006729736,True
584,Ridge,2025-06-29 11:20:00,216.0,181.4664044516343,True
584,Ridge,2025-06-29 11:25:00,227.0,190.08198544525723,True
584,Ridge,2025-06-29 11:30:00,234.0,207.3721172077428,True
584,Ridge,2025-06-29 11:35:00,237.0,215.44429911695133,True
584,Ridge,2025-06-29 11:40:00,241.0,212.81416153761862,True
584,Ridge,2025-06-29 11:45:00,244.0,211.65692729298388,True
584,Ridge,2025-06-29 11:50:00,246.0,222.7465313097124,True
584,Ridge,2025-06-29 11:55:00,247.0,240.46591842119716,True
584,Ridge,2025-06-29 12:00:00,248.0,241.8258060404783,True
584,Ridge,2025-06-29 12:05:00,252.0,238.9164175847472,True
584,Ridge,2025-06-29 12:10:00,251.0,243.45131417306118,True
584,Ridge,2025-06-29 12:15:00,243.0,244.31006786904328,True
584,Ridge,2025-06-29 12:20:00,239.0,244.35061108848117,True
584,Ridge,2025-06-29 12:25:00,236.0,243.31162858052377,True
584,Ridge,2025-06-29 12:30:00,235.0,243.80294247669866,True
584,Ridge,2025-06-29 12:35:00,241.0,251.26133182846274,True
584,Ridge,2025-06-29 12:40:00,254.0,242.52450100714594,True
584,Ridge,2025-06-29 12:45:00,268.0,224.2130201099491,True
584,Ridge,2025-06-29 12:50:00,282.0,224.81381581246274,True
584,Ridge,2025-06-29 12:55:00,295.0,222.24772061333653,True
584,Ridge,2025-06-29 13:00:00,302.0,223.87989774168938,True
584,Ridge,2025-06-29 13:05:00,310.0,238.2356847042924,True
584,Ridge,2025-06-29 13:10:00,313.0,263.52275931953795,True
584,Ridge,2025-06-29 13:15:00,314.0,280.0825266268181,True
584,Ridge,2025-06-29 13:20:00,319.0,294.94975681547413,True
584,Ridge,2025-06-29 13:25:00,318.0,306.7917011587291,True
584,Ridge,2025-06-29 13:30:00,312.0,305.2862047931113,True
584,Ridge,2025-06-29 13:35:00,312.0,314.0654098028226,True
584,Ridge,2025-06-29 13:40:00,314.0,308.4340145672895,True
584,Ridge,2025-06-29 13:45:00,309.0,305.53622006984654,True
584,Ridge,2025-06-29 13:50:00,306.0,314.9268525726802,True
584,Ridge,2025-06-29 13:55:00,311.0,304.51431942342606,True
584,Ridge,2025-06-29 14:00:00,316.0,290.9746684272297,True
584,Ridge,2025-06-29 14:05:00,325.0,298.1879244159541,True
584,Ridge,2025-06-29 14:10:00,335.0,302.35382660370567,True
584,Ridge,2025-06-29 14:15:00,347.0,287.42036066044454,True
584,Ridge,2025-06-29 14:20:00,361.0,286.6673840425676,True
584,Ridge,2025-06-29 14:25:00,369.0,302.2478382801398,True
584,Ridge,2025-06-29 14:30:00,374.0,307.44856241066674,True
584,Ridge,2025-06-29 14:35:00,381.0,322.7571617485759,True
584,Ridge,2025-06-29 14:40:00,389.0,334.1217832739433,True
584,Ridge,2025-06-29 14:45:00,396.0,349.5002855794381,True
584,Ridge,2025-06-29 14:50:00,400.0,366.4376253148763,True
584,Ridge,2025-06-29 14:55:00,400.0,365.58581651350624,True
584,Ridge,2025-06-29 15:00:00,400.0,365.92567837681986,True
584,Ridge,2025-06-29 15:05:00,400.0,374.7583407092608,True
584,Ridge,2025-06-29 15:10:00,400.0,383.1537618818504,True
584,Ridge,2025-06-29 15:15:00,400.0,387.83294361599724,True
584,Ridge,2025-06-29 15:20:00,400.0,386.95891953369727,True
584,Ridge,2025-06-29 15:25:00,400.0,380.6349417630534,True
584,Ridge,2025-06-29 15:30:00,392.0,396.22472152593576,True
584,Ridge,2025-06-29 15:35:00,379.0,393.2352893104914,True
584,Ridge,2025-06-29 15:40:00,364.0,391.0649454673676,True
584,Ridge,2025-06-29 15:45:00,364.0,386.31797872336966,True
584,Ridge,2025-06-29 15:50:00,364.0,381.34330378447885,True
584,Ridge,2025-06-29 15:55:00,364.0,377.7424608133631,True
584,Ridge,2025-06-29 16:00:00,364.0,353.87964390969546,True
584,Ridge,2025-06-29 16:05:00,364.0,340.9422915581841,True
584,Ridge,2025-06-29 16:10:00,364.0,318.6290864065277,True
584,Ridge,2025-06-29 16:35:00,158.0,334.8893174397748,True
584,Ridge,2025-06-29 16:40:00,150.0,334.21595622748333,True
584,Ridge,2025-06-29 16:45:00,143.0,271.4151695758917,False
584,Ridge,2025-06-29 16:50:00,138.0,280.232765415223,False
584,Ridge,2025-06-29 16:55:00,134.0,282.3578848156072,False
584,Ridge,2025-06-29 17:00:00,130.0,284.04356373447916,False
584,Ridge,2025-06-29 17:05:00,130.0,212.63619496382736,True
584,Ridge,2025-06-29 17:10:00,133.0,147.48878801813012,True
584,Ridge,2025-06-29 17:15:00,134.0,136.5872040174601,True
584,Ridge,2025-06-29 17:20:00,132.0,124.19264498221818,True
584,Ridge,2025-06-29 17:25:00,127.0,124.30196251073728,True
584,Ridge,2025-06-29 17:30:00,127.0,119.64483691411594,True
584,Ridge,2025-06-29 17:35:00,129.0,125.76099452897822,True
584,Ridge,2025-06-29 17:40:00,132.0,133.93508891595408,True
584,Ridge,2025-06-29 17:45:00,134.0,134.46698867470346,True
584,Ridge,2025-06-29 17:50:00,139.0,129.25859082867342,True
584,Ridge,2025-06-29 17:55:00,143.0,120.22270180466793,True
584,Ridge,2025-06-29 18:00:00,144.0,126.06959949939561,True
584,Ridge,2025-06-29 18:05:00,146.0,132.05661077433695,True
584,Ridge,2025-06-29 18:10:00,151.0,137.06285935017547,True
584,Ridge,2025-06-29 18:15:00,150.0,138.42864580390594,True
584,Ridge,2025-06-29 18:20:00,148.0,148.22017740837606,True
584,Ridge,2025-06-29 18:25:00,155.0,151.1201080401057,True
584,Ridge,2025-06-29 18:30:00,161.0,148.33501953331645,True
584,Ridge,2025-06-29 18:35:00,162.0,151.8297916035284,True
584,Ridge,2025-06-29 18:40:00,163.0,160.83666025472746,True
584,Ridge,2025-06-29 18:45:00,164.0,151.26483085714665,True
584,Ridge,2025-06-29 18:50:00,165.0,147.54865043696628,True
584,Ridge,2025-06-29 18:55:00,162.0,166.4376235618402,True
584,Ridge,2025-06-29 19:00:00,159.0,171.3054383721382,True
584,Ridge,2025-06-29 19:05:00,163.0,165.96300308432606,True
584,Ridge,2025-06-29 19:10:00,165.0,166.51441148754944,True
584,Ridge,2025-06-29 19:15:00,162.0,166.92394663494167,True
584,Ridge,2025-06-29 19:20:00,163.0,167.85537051400922,True
584,Ridge,2025-06-29 19:25:00,168.0,158.70703366484358,True
584,Ridge,2025-06-29 19:30:00,169.0,152.9402967757478,True
584,Ridge,2025-06-29 19:35:00,170.0,168.23202618807517,True
584,Ridge,2025-06-29 19:40:00,170.0,167.4881099238373,True
584,Ridge,2025-06-29 19:45:00,170.0,157.7415898255803,True
584,Ridge,2025-06-29 19:50:00,169.0,164.27893463691083,True
584,Ridge,2025-06-29 19:55:00,169.0,175.03840169541937,True
584,Ridge,2025-06-29 20:00:00,169.0,170.78270637315262,True
584,Ridge,2025-06-29 20:05:00,172.0,170.3726802282978,True
584,Ridge,2025-06-29 20:10:00,174.0,169.80611127441867,True
584,Ridge,2025-06-29 20:15:00,172.0,169.7802682519543,True
584,Ridge,2025-06-29 20:20:00,171.0,167.0982644819889,True
584,Ridge,2025-06-29 20:25:00,171.0,168.2055388959883,True
584,Ridge,2025-06-29 20:30:00,170.0,168.21458135216236,True
584,Ridge,2025-06-29 20:35:00,170.0,175.75029376055176,True
584,Ridge,2025-06-29 20:40:00,171.0,176.19792323320218,True
584,Ridge,2025-06-29 20:45:00,172.0,168.65144245156412,True
584,Ridge,2025-06-29 20:50:00,173.0,169.03653966270704,True
584,Ridge,2025-06-29 20:55:00,173.0,170.08905574058403,True
584,Ridge,2025-06-29 21:00:00,173.0,167.47728066854992,True
584,Ridge,2025-06-29 21:05:00,170.0,168.78210980795268,True
584,Ridge,2025-06-29 21:10:00,172.0,181.96326188109177,True
584,Ridge,2025-06-29 21:15:00,174.0,181.90094414579403,True
584,Ridge,2025-06-29 21:20:00,173.0,181.99704284396444,True
584,Ridge,2025-06-29 21:25:00,171.0,177.94707620259751,True
584,Ridge,2025-06-29 21:30:00,168.0,175.16386993133517,True
584,Ridge,2025-06-29 21:35:00,165.0,165.94832142129135,True
584,Ridge,2025-06-29 21:40:00,160.0,172.27067011641657,True
584,Ridge,2025-06-29 21:45:00,156.0,172.2743073655503,True
584,Ridge,2025-06-29 21:50:00,153.0,166.69431536968239,True
584,Ridge,2025-06-29 21:55:00,150.0,163.36536179200215,True
584,Ridge,2025-06-29 22:00:00,148.0,158.53325194652058,True
584,Ridge,2025-06-29 22:05:00,147.0,155.30939003140944,True
584,Ridge,2025-06-29 22:10:00,147.0,147.6951389002677,True
584,Ridge,2025-06-29 22:15:00,149.0,145.1049442772358,True
584,Ridge,2025-06-29 22:20:00,152.0,143.55088817707588,True
584,Ridge,2025-06-29 22:25:00,155.0,140.93260743780135,True
584,Ridge,2025-06-29 22:30:00,158.0,140.85238461275455,True
584,Ridge,2025-06-29 22:35:00,162.0,141.852792683556,True
584,Ridge,2025-06-29 22:40:00,167.0,144.2690678348366,True
584,Ridge,2025-06-29 22:45:00,172.0,149.79700831905834,True
584,Ridge,2025-06-29 22:50:00,176.0,154.79572893279584,True
584,Ridge,2025-06-29 22:55:00,181.0,158.41052401002202,True
584,Ridge,2025-06-29 23:00:00,188.0,161.7974721571003,True
584,Ridge,2025-06-29 23:05:00,192.0,167.42818514459742,True
584,Ridge,2025-06-29 23:10:00,195.0,173.9545310024221,True
584,Ridge,2025-06-29 23:15:00,195.0,179.1828964597215,True
584,Ridge,2025-06-29 23:20:00,196.0,181.86221827006077,True
584,Ridge,2025-06-29 23:25:00,199.0,188.13697583879306,True
584,Ridge,2025-06-29 23:30:00,203.0,197.7504508647893,True
584,Ridge,2025-06-29 23:35:00,207.0,197.44756176800922,True
584,Ridge,2025-06-29 23:40:00,208.0,198.8697035937538,True
584,Ridge,2025-06-29 23:45:00,208.0,194.00683352630827,True
584,Ridge,2025-06-29 23:50:00,209.0,195.85483130507586,True
584,Ridge,2025-06-29 23:55:00,210.0,200.96937419385782,True
584,Ridge,2025-06-30 00:00:00,213.0,206.08392720406965,True
584,Ridge,2025-06-30 00:05:00,217.0,209.97798132400527,True
584,Ridge,2025-06-30 00:10:00,221.0,206.52378529409938,True
584,Ridge,2025-06-30 00:15:00,224.0,204.71804340666887,True
584,Ridge,2025-06-30 00:20:00,229.0,206.49023575044333,True
584,Ridge,2025-06-30 00:25:00,233.0,207.208662025919,True
584,Ridge,2025-06-30 00:30:00,236.0,212.8696620855427,True
584,Ridge,2025-06-30 00:35:00,237.0,217.8849422332308,True
584,Ridge,2025-06-30 00:40:00,235.0,221.82720922873125,True
584,Ridge,2025-06-30 00:45:00,235.0,223.23059370107993,True
584,Ridge,2025-06-30 00:50:00,234.0,230.93634422210258,True
584,Ridge,2025-06-30 00:55:00,233.0,233.4028453731429,True
584,Ridge,2025-06-30 01:00:00,229.0,234.92132281535027,True
584,Ridge,2025-06-30 01:05:00,224.0,232.59219445666588,True
584,Ridge,2025-06-30 01:10:00,221.0,224.31145248625535,True
584,Ridge,2025-06-30 01:15:00,218.0,227.70344848639715,True
584,Ridge,2025-06-30 01:20:00,220.0,224.72652143885787,True
584,Ridge,2025-06-30 01:25:00,220.0,223.58853749461025,True
584,Ridge,2025-06-30 01:30:00,220.0,214.96858869531104,True
584,Ridge,2025-06-30 01:35:00,222.0,208.15153379405064,True
584,Ridge,2025-06-30 01:40:00,225.0,207.39998322047197,True
584,Ridge,2025-06-30 01:45:00,227.0,204.203660193876,True
584,Ridge,2025-06-30 01:50:00,226.0,213.71772355766709,True
584,Ridge,2025-06-30 01:55:00,226.0,211.33207571392919,True
584,Ridge,2025-06-30 02:00:00,232.0,212.16006739795853,True
584,Ridge,2025-06-30 02:05:00,236.0,217.04425205739773,True
584,Ridge,2025-06-30 02:10:00,236.0,221.6678148667878,True
584,Ridge,2025-06-30 02:15:00,237.0,222.75903405815583,True
584,Ridge,2025-06-30 02:20:00,239.0,217.5988754910448,True
584,Ridge,2025-06-30 02:25:00,242.0,218.84847709501815,True
584,Ridge,2025-06-30 02:30:00,243.0,232.91827608907357,True
584,Ridge,2025-06-30 02:35:00,243.0,234.28643278249024,True
584,Ridge,2025-06-30 02:40:00,239.0,229.18951604109324,True
584,Ridge,2025-06-30 02:45:00,234.0,231.2800573242481,True
584,Ridge,2025-06-30 02:50:00,230.0,234.42553691183645,True
584,Ridge,2025-06-30 02:55:00,225.0,238.71282777290517,True
584,Ridge,2025-06-30 03:00:00,222.0,236.7706531481041,True
584,Ridge,2025-06-30 03:05:00,221.0,235.3113857598147,True
584,Ridge,2025-06-30 03:10:00,214.0,225.1975488018765,True
584,Ridge,2025-06-30 03:15:00,210.0,217.9819359173274,True
584,Ridge,2025-06-30 03:20:00,208.0,214.36223857853582,True
584,Ridge,2025-06-30 03:25:00,212.0,207.61287730018867,True
584,Ridge,2025-06-30 03:30:00,215.0,207.54082901870137,True
584,Ridge,2025-06-30 03:35:00,216.0,209.2914962795715,True
584,Ridge,2025-06-30 03:40:00,216.0,194.09068541098625,True
584,Ridge,2025-06-30 03:45:00,215.0,194.63236076887708,True
584,Ridge,2025-06-30 03:50:00,213.0,195.34220923297832,True
584,Ridge,2025-06-30 03:55:00,204.0,208.74241332654867,True
584,Ridge,2025-06-30 04:00:00,194.0,211.16155068165736,True
584,Ridge,2025-06-30 04:05:00,191.0,210.4390909456592,True
584,Ridge,2025-06-30 04:10:00,187.0,209.18605458272512,True
584,Ridge,2025-06-30 04:15:00,195.0,206.79486587863175,True
584,Ridge,2025-06-30 04:20:00,198.0,203.4480795323038,True
584,Ridge,2025-06-30 04:25:00,198.0,184.02919470713007,True
584,Ridge,2025-06-30 04:30:00,198.0,171.88853924343775,True
584,Ridge,2025-06-30 04:35:00,198.0,177.77478290262073,True
584,Ridge,2025-06-30 04:40:00,198.0,172.2168325891253,True
584,Ridge,2025-06-30 04:45:00,198.0,198.60464980705254,True
584,Ridge,2025-06-30 04:50:00,198.0,195.90624850602583,True
584,Ridge,2025-06-30 05:10:00,174.0,193.6693423713629,True
584,Ridge,2025-06-30 05:15:00,174.0,193.5583040488286,True
584,Ridge,2025-06-30 05:20:00,172.0,195.45317188654025,True
584,Ridge,2025-06-30 05:25:00,169.0,182.2049284068407,False
584,Ridge,2025-06-30 05:30:00,166.0,183.7467610307658,False
584,Ridge,2025-06-30 05:35:00,164.0,183.96787911502966,False
584,Ridge,2025-06-30 05:40:00,161.0,183.7948935961242,True
584,Ridge,2025-06-30 05:45:00,158.0,178.05074179478424,True
584,Ridge,2025-06-30 05:50:00,155.0,169.99627110198992,True
584,Ridge,2025-06-30 05:55:00,152.0,163.13056086760213,True
584,Ridge,2025-06-30 06:00:00,151.0,157.82349233348873,True
584,Ridge,2025-06-30 06:05:00,149.0,156.8925909014858,True
584,Ridge,2025-06-30 06:10:00,148.0,152.61779113993663,True
584,Ridge,2025-06-30 06:15:00,146.0,150.49381899750205,True
584,Ridge,2025-06-30 06:20:00,145.0,147.44394607904084,True
584,Ridge,2025-06-30 06:25:00,145.0,145.06852299459467,True
584,Ridge,2025-06-30 06:30:00,145.0,147.23059382022888,True
584,Ridge,2025-06-30 06:35:00,148.0,144.25932764552988,True
584,Ridge,2025-06-30 06:40:00,152.0,145.16624096730402,True
584,Ridge,2025-06-30 06:45:00,158.0,142.02308718579275,True
584,Ridge,2025-06-30 06:50:00,169.0,141.59230414123556,True
584,Ridge,2025-06-30 06:55:00,181.0,144.42635962421377,True
584,Ridge,2025-06-30 07:00:00,195.0,149.48491396300682,True
584,Ridge,2025-06-30 07:05:00,207.0,173.01473804962149,True
584,Ridge,2025-06-30 07:10:00,217.0,176.45786495588158,True
584,Ridge,2025-06-30 07:15:00,226.0,183.23391819123435,True
584,Ridge,2025-06-30 07:20:00,231.0,196.31192171507863,True
584,Ridge,2025-06-30 07:25:00,236.0,205.12629915065986,True
584,Ridge,2025-06-30 07:30:00,240.0,218.6800372200988,True
584,Ridge,2025-06-30 07:35:00,241.0,223.37976029979845,True
584,Ridge,2025-06-30 07:40:00,241.0,227.5297605956785,True
584,Ridge,2025-06-30 07:45:00,241.0,233.0578955927939,True
584,Ridge,2025-06-30 07:50:00,242.0,231.79251560352793,True
584,Ridge,2025-06-30 07:55:00,247.0,235.82640020617418,True
584,Ridge,2025-06-30 08:00:00,251.0,237.38040831791872,True
584,Ridge,2025-06-30 08:05:00,253.0,234.3110660355804,True
584,Ridge,2025-06-30 08:10:00,255.0,232.25378415176874,True
584,Ridge,2025-06-30 08:15:00,258.0,231.58834436123107,True
584,Ridge,2025-06-30 08:20:00,260.0,233.76981211671654,True
584,Ridge,2025-06-30 08:25:00,265.0,244.14086536899478,True
584,Ridge,2025-06-30 08:30:00,272.0,246.72947414424618,True
584,Ridge,2025-06-30 08:35:00,273.0,246.03247699091722,True
584,Ridge,2025-06-30 08:40:00,274.0,247.69834660590573,True
584,Ridge,2025-06-30 08:45:00,277.0,251.78001647193156,True
584,Ridge,2025-06-30 08:50:00,279.0,252.1889907220539,True
584,Ridge,2025-06-30 08:55:00,281.0,261.36126644102575,True
584,Ridge,2025-06-30 09:00:00,282.0,270.9854104200522,True
584,Ridge,2025-06-30 09:05:00,284.0,263.6399580073841,True
584,Ridge,2025-06-30 09:10:00,286.0,264.4980096852601,True
584,Ridge,2025-06-30 09:15:00,288.0,269.62668562180454,True
584,Ridge,2025-06-30 09:20:00,290.0,270.0012968641209,True
584,Ridge,2025-06-30 09:25:00,293.0,272.2902222408969,True
584,Ridge,2025-06-30 09:30:00,296.0,271.41864303933005,True
584,Ridge,2025-06-30 09:35:00,297.0,274.5855081165681,True
584,Ridge,2025-06-30 09:40:00,299.0,276.3468887611913,True
584,Ridge,2025-06-30 09:45:00,300.0,278.29050762225967,True
584,Ridge,2025-06-30 09:50:00,300.0,280.17646748272637,True
584,Ridge,2025-06-30 09:55:00,303.0,284.59398713876624,True
584,Ridge,2025-06-30 10:00:00,300.0,287.45223347664506,True
584,Ridge,2025-06-30 10:05:00,295.0,285.297247642525,True
584,Ridge,2025-06-30 10:10:00,301.0,288.5528612992873,True
584,Ridge,2025-06-30 10:15:00,307.0,287.89462864243444,True
584,Ridge,2025-06-30 10:20:00,313.0,286.3292359230544,True
584,Ridge,2025-06-30 10:25:00,315.0,293.2332112213817,True
584,Ridge,2025-06-30 10:30:00,312.0,281.5216784055114,True
584,Ridge,2025-06-30 10:35:00,311.0,273.52757817861294,True
584,Ridge,2025-06-30 10:40:00,312.0,294.27020080429884,True
584,Ridge,2025-06-30 10:45:00,312.0,300.3567586002264,True
584,Ridge,2025-06-30 10:50:00,313.0,307.4146714519633,True
584,Ridge,2025-06-30 10:55:00,311.0,303.77676778316425,True
584,Ridge,2025-06-30 11:00:00,310.0,293.0337144184938,True
584,Ridge,2025-06-30 11:05:00,311.0,292.5884568284516,True
584,Ridge,2025-06-30 11:10:00,301.0,297.5588693732572,True
584,Ridge,2025-06-30 11:15:00,298.0,296.18506995394114,True
584,Ridge,2025-06-30 11:20:00,302.0,298.63762749344926,True
584,Ridge,2025-06-30 11:25:00,297.0,292.36495462854475,True
584,Ridge,2025-06-30 11:30:00,290.0,292.4952057099705,True
584,Ridge,2025-06-30 11:35:00,284.0,296.1721878917226,True
584,Ridge,2025-06-30 11:40:00,283.0,270.903432160859,True
584,Ridge,2025-06-30 11:45:00,287.0,277.36994080207546,True
584,Ridge,2025-06-30 11:50:00,291.0,290.3337557034255,True
584,Ridge,2025-06-30 11:55:00,291.0,273.32445111499493,True
584,Ridge,2025-06-30 12:00:00,290.0,263.70104506240483,True
584,Ridge,2025-06-30 12:05:00,285.0,258.4508276437993,True
584,Ridge,2025-06-30 12:10:00,282.0,264.7015011393405,True
584,Ridge,2025-06-30 12:15:00,280.0,276.19321562312626,True
584,Ridge,2025-06-30 12:20:00,277.0,296.13367277875113,True
584,Ridge,2025-06-30 12:25:00,273.0,289.9684643994454,True
584,Ridge,2025-06-30 12:30:00,268.0,286.62634503221886,True
584,Ridge,2025-06-30 12:35:00,263.0,270.7837300075196,True
584,Ridge,2025-06-30 12:40:00,257.0,267.3516809496593,True
584,Ridge,2025-06-30 12:45:00,249.0,264.1807136563307,True
584,Ridge,2025-06-30 12:50:00,241.0,256.7326796978429,True
584,Ridge,2025-06-30 12:55:00,232.0,248.70829719442338,True
584,Ridge,2025-06-30 13:00:00,225.0,241.0223908786631,True
584,Ridge,2025-06-30 13:05:00,218.0,236.42691263161913,True
584,Ridge,2025-06-30 13:10:00,212.0,241.70358689588528,True
584,Ridge,2025-06-30 13:15:00,205.0,229.68963120704606,True
584,Ridge,2025-06-30 13:20:00,198.0,221.28403837794286,True
584,Ridge,2025-06-30 13:25:00,191.0,207.81953873680925,True
584,Ridge,2025-06-30 13:30:00,184.0,200.8778319736587,True
584,Ridge,2025-06-30 13:35:00,175.0,192.33338347114199,True
584,Ridge,2025-06-30 13:40:00,167.0,186.2045405801161,True
584,Ridge,2025-06-30 13:45:00,161.0,176.9546136293302,True
584,Ridge,2025-06-30 13:50:00,156.0,169.95281631754835,True
584,Ridge,2025-06-30 13:55:00,154.0,163.97085139643352,True
584,Ridge,2025-06-30 14:00:00,152.0,157.87389820108967,True
584,Ridge,2025-06-30 14:05:00,148.0,146.8807835893897,True
584,Ridge,2025-06-30 14:10:00,140.0,141.69033936553453,True
584,Ridge,2025-06-30 14:15:00,134.0,139.43470070681047,True
584,Ridge,2025-06-30 14:20:00,128.0,137.24020334962478,True
584,Ridge,2025-06-30 14:25:00,123.0,141.0849747360231,True
584,Ridge,2025-06-30 14:30:00,122.0,140.85249719007285,True
584,Ridge,2025-06-30 14:35:00,121.0,135.69424678182185,True
584,Ridge,2025-06-30 14:40:00,123.0,122.95565125733214,True
584,Ridge,2025-06-30 14:45:00,123.0,120.15602288313401,True
584,Ridge,2025-06-30 14:50:00,121.0,114.41828059010503,True
584,Ridge,2025-06-30 14:55:00,119.0,111.61612587580333,True
584,Ridge,2025-06-30 15:00:00,120.0,117.12250433802953,True
584,Ridge,2025-06-30 15:05:00,121.0,117.36098646679277,True
584,Ridge,2025-06-30 15:10:00,120.0,125.23499274766247,True
584,Ridge,2025-06-30 15:15:00,120.0,123.64461806031173,True
584,Ridge,2025-06-30 15:20:00,123.0,119.99700052840407,True
584,Ridge,2025-06-30 15:25:00,128.0,118.35705683448542,True
584,Ridge,2025-06-30 15:30:00,130.0,123.73616549972077,True
584,Ridge,2025-06-30 15:35:00,131.0,125.0178129486106,True
584,Ridge,2025-06-30 15:40:00,133.0,121.62787986587506,True
584,Ridge,2025-06-30 15:45:00,137.0,123.42605820663881,True
584,Ridge,2025-06-30 15:50:00,138.0,130.79176521480747,True
584,Ridge,2025-06-30 15:55:00,138.0,139.06777081920256,True
584,Ridge,2025-06-30 16:00:00,140.0,137.465525153734,True
584,Ridge,2025-06-30 16:05:00,139.0,137.29426776796896,True
584,Ridge,2025-06-30 16:10:00,137.0,140.52070552758312,True
584,Ridge,2025-06-30 16:15:00,135.0,147.10250421264408,True
584,Ridge,2025-06-30 16:20:00,133.0,141.93664308611832,True
584,Ridge,2025-06-30 16:25:00,131.0,142.16815908772313,True
584,Ridge,2025-06-30 16:30:00,131.0,146.6858008022171,True
584,Ridge,2025-06-30 16:35:00,129.0,141.25366229177644,True
584,Ridge,2025-06-30 16:40:00,124.0,137.71856411445685,True
584,Ridge,2025-06-30 16:45:00,120.0,135.22643757352282,True
584,Ridge,2025-06-30 16:50:00,116.0,133.09601792270618,True
584,Ridge,2025-06-30 16:55:00,114.0,130.89408177419668,True
584,Ridge,2025-06-30 17:00:00,112.0,133.50663629740401,True
584,Ridge,2025-06-30 17:05:00,109.0,128.79373306652815,True
584,Ridge,2025-06-30 17:10:00,105.0,118.13466842391782,True
584,Ridge,2025-06-30 17:15:00,105.0,116.61021649012648,True
584,Ridge,2025-06-30 17:20:00,104.0,112.16405402452855,True
584,Ridge,2025-06-30 17:25:00,99.0,113.19101050884316,True
584,Ridge,2025-06-30 17:30:00,96.0,111.54948869013066,True
584,Ridge,2025-06-30 17:35:00,96.0,107.59758198489416,True
584,Ridge,2025-06-30 17:40:00,96.0,102.50048062677304,True
584,Ridge,2025-06-30 17:45:00,96.0,108.45210340947325,True
584,Ridge,2025-06-30 17:50:00,98.0,106.47917545274947,True
584,Ridge,2025-06-30 17:55:00,103.0,96.46964557690521,True
584,Ridge,2025-06-30 18:00:00,104.0,96.37607584054788,True
584,Ridge,2025-06-30 18:05:00,100.0,100.48407054164926,True
584,Ridge,2025-06-30 18:10:00,99.0,100.96409460024587,True
584,Ridge,2025-06-30 18:15:00,95.0,101.65984111573002,True
584,Ridge,2025-06-30 18:20:00,88.0,107.07284426729791,True
584,Ridge,2025-06-30 18:25:00,89.0,116.8097507591542,True
584,Ridge,2025-06-30 18:30:00,100.0,112.60231532707925,True
584,Ridge,2025-06-30 18:35:00,106.0,101.74548913206853,True
584,Ridge,2025-06-30 18:40:00,118.0,104.49959005124589,True
584,Ridge,2025-06-30 18:45:00,133.0,95.82196922360569,True
584,Ridge,2025-06-30 18:50:00,142.0,84.16078433408595,True
584,Ridge,2025-06-30 18:55:00,150.0,95.76452817145255,True
584,Ridge,2025-06-30 19:00:00,158.0,121.35910896093475,True
584,Ridge,2025-06-30 19:05:00,163.0,121.81166788260828,True
584,Ridge,2025-06-30 19:10:00,167.0,143.2976210225238,True
584,Ridge,2025-06-30 19:15:00,171.0,162.49050680562883,True
584,Ridge,2025-06-30 19:20:00,175.0,163.94883221656673,True
584,Ridge,2025-06-30 19:25:00,173.0,170.44040356461224,True
584,Ridge,2025-06-30 19:30:00,171.0,177.08372712303313,True
584,Ridge,2025-06-30 19:35:00,168.0,177.10487357401558,True
584,Ridge,2025-06-30 19:40:00,175.0,178.85227993751153,True
584,Ridge,2025-06-30 19:45:00,182.0,181.44949504594783,True
584,Ridge,2025-06-30 19:50:00,185.0,184.60992955726385,True
584,Ridge,2025-06-30 19:55:00,188.0,173.77842044083556,True
584,Ridge,2025-06-30 20:00:00,190.0,169.89353309701974,True
584,Ridge,2025-06-30 20:05:00,189.0,178.2190617887791,True
584,Ridge,2025-06-30 20:10:00,187.0,197.47752745266982,True
584,Ridge,2025-06-30 20:15:00,185.0,202.95185131148486,True
584,Ridge,2025-06-30 20:20:00,185.0,197.3746604210922,True
584,Ridge,2025-06-30 20:25:00,184.0,196.60063417364964,True
584,Ridge,2025-06-30 20:30:00,181.0,194.28190274443094,True
584,Ridge,2025-06-30 20:35:00,178.0,185.68232581747077,True
584,Ridge,2025-06-30 20:40:00,174.0,179.6193424861934,True
584,Ridge,2025-06-30 20:45:00,168.0,175.79937325797195,True
584,Ridge,2025-06-30 20:50:00,164.0,191.38087309427533,True
584,Ridge,2025-06-30 20:55:00,159.0,186.92502355251062,True
584,Ridge,2025-06-30 21:00:00,154.0,179.94430849671858,True
584,Ridge,2025-06-30 21:05:00,155.0,187.81648204217277,True
584,Ridge,2025-06-30 21:10:00,154.0,177.7629480389873,True
584,Ridge,2025-06-30 21:15:00,147.0,165.33744625000463,True
584,Ridge,2025-06-30 21:20:00,138.0,157.54536143749073,True
584,Ridge,2025-06-30 21:25:00,132.0,145.6667620523812,True
584,Ridge,2025-06-30 21:30:00,128.0,137.6580109596311,True
584,Ridge,2025-06-30 21:35:00,127.0,144.65043533895252,True
584,Ridge,2025-06-30 21:40:00,127.0,139.72674408689028,True
584,Ridge,2025-06-30 21:45:00,128.0,124.33092145469874,True
584,Ridge,2025-06-30 21:50:00,131.0,113.4797862748424,True
584,Ridge,2025-06-30 21:55:00,134.0,111.5764688716996,True
584,Ridge,2025-06-30 22:00:00,134.0,110.74278357564425,True
584,Ridge,2025-06-30 22:05:00,133.0,115.80383804328281,True
584,Ridge,2025-06-30 22:10:00,131.0,118.86344086437347,True
584,Ridge,2025-06-30 22:15:00,130.0,123.13629330711443,True
584,Ridge,2025-06-30 22:20:00,131.0,130.55776486887208,True
584,Ridge,2025-06-30 22:25:00,133.0,134.7436683804652,True
584,Ridge,2025-06-30 22:30:00,135.0,131.6700981336374,True
584,Ridge,2025-06-30 22:35:00,136.0,130.03298087063652,True
584,Ridge,2025-06-30 22:40:00,136.0,126.55033614703342,True
584,Ridge,2025-06-30 22:45:00,138.0,126.86393166458076,True
584,Ridge,2025-06-30 22:50:00,138.0,130.8561467870075,True
584,Ridge,2025-06-30 22:55:00,138.0,134.95674526875942,True
584,Ridge,2025-06-30 23:00:00,137.0,137.68526100226342,True
584,Ridge,2025-06-30 23:05:00,136.0,137.80868730041925,True
584,Ridge,2025-06-30 23:10:00,136.0,136.67167946921887,True
584,Ridge,2025-06-30 23:15:00,136.0,141.63208342583118,True
584,Ridge,2025-06-30 23:20:00,138.0,138.96051871498102,True
584,Ridge,2025-06-30 23:25:00,141.0,139.10789993504426,True
584,Ridge,2025-06-30 23:30:00,144.0,136.37047529825787,True
584,Ridge,2025-06-30 23:35:00,146.0,135.29934127500545,True
584,Ridge,2025-06-30 23:40:00,148.0,136.6038804360374,True
584,Ridge,2025-06-30 23:45:00,148.0,136.74510584798531,True
584,Ridge,2025-06-30 23:50:00,147.0,141.9054228529254,True
584,Ridge,2025-06-30 23:55:00,145.0,146.50899561970402,True
584,Ridge,2025-07-01 00:00:00,145.0,149.80921971617914,True
584,Ridge,2025-07-01 00:05:00,147.0,148.8394119411377,True
584,Ridge,2025-07-01 00:10:00,149.0,152.3146525204963,True
584,Ridge,2025-07-01 00:15:00,153.0,149.47831426444787,True
584,Ridge,2025-07-01 00:20:00,158.0,146.89073356535548,True
584,Ridge,2025-07-01 00:25:00,165.0,143.1449047767181,True
584,Ridge,2025-07-01 00:30:00,170.0,145.66870539607945,True
584,Ridge,2025-07-01 00:35:00,176.0,150.42096131139965,True
584,Ridge,2025-07-01 00:40:00,181.0,152.7273831927053,True
584,Ridge,2025-07-01 00:45:00,186.0,159.8148038836337,True
584,Ridge,2025-07-01 00:50:00,188.0,164.72039569778366,True
584,Ridge,2025-07-01 00:55:00,190.0,176.27341583892792,True
584,Ridge,2025-07-01 01:00:00,193.0,178.53716899814773,True
584,Ridge,2025-07-01 01:05:00,197.0,184.22713804256867,True
584,Ridge,2025-07-01 01:10:00,200.0,189.00545710483306,True
584,Ridge,2025-07-01 01:15:00,203.0,193.7345138792595,True
584,Ridge,2025-07-01 01:20:00,206.0,191.09051174489736,True
584,Ridge,2025-07-01 01:25:00,210.0,192.6598507796427,True
584,Ridge,2025-07-01 01:30:00,215.0,196.53117055472998,True
584,Ridge,2025-07-01 01:35:00,220.0,201.61910090618193,True
584,Ridge,2025-07-01 01:40:00,225.0,202.9242508700247,True
584,Ridge,2025-07-01 01:45:00,227.0,205.66442887870835,True
584,Ridge,2025-07-01 01:50:00,229.0,208.2315909874389,True
584,Ridge,2025-07-01 01:55:00,230.0,213.2988250120643,True
584,Ridge,2025-07-01 02:00:00,230.0,219.26349864898884,True
584,Ridge,2025-07-01 02:05:00,230.0,224.02187823094516,True
584,Ridge,2025-07-01 02:10:00,230.0,228.69942034253245,True
584,Ridge,2025-07-01 02:15:00,231.0,226.027794227375,True
584,Ridge,2025-07-01 02:20:00,232.0,227.4251354699606,True
584,Ridge,2025-07-01 02:25:00,232.0,226.3368354883554,True
584,Ridge,2025-07-01 02:30:00,233.0,224.53183350393033,True
584,Ridge,2025-07-01 02:35:00,235.0,224.00844193006307,True
584,Ridge,2025-07-01 02:40:00,235.0,223.45769206338753,True
584,Ridge,2025-07-01 02:45:00,235.0,225.57239563232767,True
584,Ridge,2025-07-01 02:50:00,235.0,226.33026176011674,True
584,Ridge,2025-07-01 02:55:00,234.0,224.87304693870098,True
584,Ridge,2025-07-01 03:00:00,234.0,227.1466067851715,True
584,Ridge,2025-07-01 03:05:00,234.0,230.34458308318025,True
584,Ridge,2025-07-01 03:10:00,234.0,227.4858179633818,True
584,Ridge,2025-07-01 03:15:00,235.0,227.27943389488712,True
584,Ridge,2025-07-01 03:20:00,234.0,226.98133585650396,True
584,Ridge,2025-07-01 03:25:00,229.0,224.42551710628732,True
584,Ridge,2025-07-01 03:30:00,221.0,225.65192833944815,True
584,Ridge,2025-07-01 03:35:00,215.0,225.504049645523,True
584,Ridge,2025-07-01 03:40:00,211.0,225.60353280595314,True
584,Ridge,2025-07-01 03:45:00,207.0,228.04492748046334,True
584,Ridge,2025-07-01 03:50:00,205.0,224.23263261103543,True
584,Ridge,2025-07-01 03:55:00,205.0,213.3989760683245,True
584,Ridge,2025-07-01 04:00:00,205.0,200.47643226901434,True
584,Ridge,2025-07-01 04:05:00,205.0,196.44115827685897,True
584,Ridge,2025-07-01 04:10:00,205.0,194.70758693534722,True
584,Ridge,2025-07-01 04:15:00,205.0,190.96893714145654,True
584,Ridge,2025-07-01 04:20:00,205.0,192.3693250947895,True
584,Ridge,2025-07-01 04:25:00,178.0,195.93024010338524,True
584,Ridge,2025-07-01 04:30:00,176.0,196.9592577672298,True
584,Ridge,2025-07-01 04:35:00,174.0,199.79053961493094,True
584,Ridge,2025-07-01 04:40:00,172.0,200.17709534495077,True
584,Ridge,2025-07-01 04:45:00,169.0,200.46665693354424,True
584,Ridge,2025-07-01 04:50:00,167.0,200.06831522437054,True
584,Ridge,2025-07-01 04:55:00,165.0,133.16370810455334,True
584,Ridge,2025-07-01 05:00:00,165.0,164.92069631049836,True
584,Ridge,2025-07-01 05:05:00,168.0,160.6203471635778,True
584,Ridge,2025-07-01 05:10:00,171.0,161.1620292679613,True
584,Ridge,2025-07-01 05:15:00,171.0,157.22088917785578,True
584,Ridge,2025-07-01 05:20:00,171.0,158.27994472067658,True
584,Ridge,2025-07-01 05:25:00,170.0,157.22163243206646,True
584,Ridge,2025-07-01 05:30:00,170.0,164.7468173906183,True
584,Ridge,2025-07-01 05:35:00,170.0,172.40270729868962,True
584,Ridge,2025-07-01 05:40:00,165.0,176.010403925349,True
584,Ridge,2025-07-01 05:45:00,161.0,171.34760865663185,True
584,Ridge,2025-07-01 05:50:00,158.0,170.05813118081645,True
584,Ridge,2025-07-01 05:55:00,155.0,166.15347711046704,True
584,Ridge,2025-07-01 06:00:00,148.0,167.92033339655825,True
584,Ridge,2025-07-01 06:05:00,140.0,167.17897727968773,True
584,Ridge,2025-07-01 06:10:00,133.0,154.65097654351942,True
584,Ridge,2025-07-01 06:15:00,126.0,151.76947595888782,True
584,Ridge,2025-07-01 06:20:00,121.0,149.6240794559217,True
584,Ridge,2025-07-01 06:25:00,115.0,146.7348082727534,True
584,Ridge,2025-07-01 06:30:00,112.0,133.269225405818,True
584,Ridge,2025-07-01 06:35:00,108.0,125.08723263157361,True
584,Ridge,2025-07-01 06:40:00,107.0,119.13349585141759,True
584,Ridge,2025-07-01 06:45:00,104.0,112.05229603093883,True
584,Ridge,2025-07-01 06:50:00,105.0,110.32509350224711,True
584,Ridge,2025-07-01 06:55:00,106.0,103.5580796583987,True
584,Ridge,2025-07-01 07:00:00,109.0,105.84259975354207,True
584,Ridge,2025-07-01 07:05:00,115.0,101.1717221820466,True
584,Ridge,2025-07-01 07:10:00,121.0,105.41706575567136,True
584,Ridge,2025-07-01 07:15:00,124.0,100.53628042958896,True
584,Ridge,2025-07-01 07:20:00,128.0,108.38005205029334,True
584,Ridge,2025-07-01 07:25:00,132.0,110.0624504858753,True
584,Ridge,2025-07-01 07:30:00,136.0,116.8383879223146,True
584,Ridge,2025-07-01 07:35:00,139.0,127.65290756808272,True
584,Ridge,2025-07-01 07:40:00,140.0,134.39334058556716,True
584,Ridge,2025-07-01 07:45:00,139.0,133.8092258082936,True
584,Ridge,2025-07-01 07:50:00,140.0,139.33875398270806,True
584,Ridge,2025-07-01 07:55:00,142.0,143.1209218605161,True
584,Ridge,2025-07-01 08:00:00,146.0,147.23812697474912,True
584,Ridge,2025-07-01 08:05:00,153.0,148.56485268685503,True
584,Ridge,2025-07-01 08:10:00,159.0,146.52637682918834,True
584,Ridge,2025-07-01 08:15:00,162.0,155.3170564038432,True
584,Ridge,2025-07-01 08:20:00,162.0,157.20209409310434,True
584,Ridge,2025-07-01 08:25:00,161.0,159.02421836393484,True
584,Ridge,2025-07-01 08:30:00,160.0,162.6045844099372,True
584,Ridge,2025-07-01 08:35:00,153.0,170.13065171462605,True
584,Ridge,2025-07-01 08:40:00,147.0,172.70310052719546,True
584,Ridge,2025-07-01 08:45:00,141.0,168.46450107058212,True
584,Ridge,2025-07-01 08:50:00,136.0,161.8505150662692,True
584,Ridge,2025-07-01 08:55:00,132.0,157.71479139004776,True
584,Ridge,2025-07-01 09:00:00,128.0,156.26440240017382,True
584,Ridge,2025-07-01 09:05:00,122.0,139.98619103325387,True
584,Ridge,2025-07-01 09:10:00,118.0,134.39028873055216,True
584,Ridge,2025-07-01 09:15:00,114.0,127.96278744877974,True
584,Ridge,2025-07-01 09:20:00,111.0,124.52495283659228,True
584,Ridge,2025-07-01 09:25:00,108.0,122.22221326111728,True
584,Ridge,2025-07-01 09:30:00,106.0,118.44388416934154,True
584,Ridge,2025-07-01 09:35:00,105.0,110.87881467272777,True
584,Ridge,2025-07-01 09:40:00,102.0,110.11449144282892,True
584,Ridge,2025-07-01 09:45:00,99.0,106.43604769254856,True
584,Ridge,2025-07-01 09:50:00,97.0,105.60825934909201,True
584,Ridge,2025-07-01 09:55:00,95.0,103.32103270950063,True
584,Ridge,2025-07-01 10:00:00,95.0,103.56597461322298,True
584,Ridge,2025-07-01 10:05:00,95.0,104.58202170979595,True
584,Ridge,2025-07-01 10:10:00,94.0,99.63527077745917,True
584,Ridge,2025-07-01 10:15:00,93.0,97.2858251854567,True
584,Ridge,2025-07-01 10:20:00,92.0,97.08401417066986,True
584,Ridge,2025-07-01 10:25:00,91.0,95.60306681485937,True
584,Ridge,2025-07-01 10:30:00,90.0,98.95515794337692,True
584,Ridge,2025-07-01 10:35:00,90.0,99.49893978113265,True
584,Ridge,2025-07-01 10:40:00,89.0,97.90769278496307,True
584,Ridge,2025-07-01 10:45:00,89.0,97.2937891972041,True
584,Ridge,2025-07-01 10:50:00,88.0,96.54998724857391,True
584,Ridge,2025-07-01 10:55:00,87.0,95.79001439144426,True
584,Ridge,2025-07-01 11:00:00,87.0,95.00711533523575,True
584,Ridge,2025-07-01 11:05:00,89.0,96.64443045692597,True
584,Ridge,2025-07-01 11:10:00,91.0,94.37532462667244,True
584,Ridge,2025-07-01 11:15:00,94.0,96.08107011031868,True
584,Ridge,2025-07-01 11:20:00,95.0,93.82233120374862,True
584,Ridge,2025-07-01 11:25:00,95.0,93.0618061938207,True
584,Ridge,2025-07-01 11:30:00,94.0,94.58289822567966,True
584,Ridge,2025-07-01 11:35:00,92.0,99.58749852168489,True
584,Ridge,2025-07-01 11:40:00,91.0,101.84938252593383,True
584,Ridge,2025-07-01 11:45:00,90.0,106.568040312795,True
584,Ridge,2025-07-01 11:50:00,89.0,104.88547534323374,True
584,Ridge,2025-07-01 11:55:00,88.0,103.57858610462597,True
584,Ridge,2025-07-01 12:00:00,88.0,100.94229570659358,True
584,Ridge,2025-07-01 12:05:00,89.0,97.32121720711419,True
584,Ridge,2025-07-01 12:10:00,91.0,97.39882239287178,True
584,Ridge,2025-07-01 12:15:00,93.0,94.492733173803,True
584,Ridge,2025-07-01 12:20:00,97.0,94.9436899019984,True
584,Ridge,2025-07-01 12:25:00,100.0,93.9936355836358,True
584,Ridge,2025-07-01 12:30:00,103.0,95.65070556423834,True
584,Ridge,2025-07-01 12:35:00,106.0,98.39182025418677,True
584,Ridge,2025-07-01 12:40:00,109.0,102.11728905967408,True
584,Ridge,2025-07-01 12:45:00,113.0,117.51975021193829,True
584,Ridge,2025-07-01 12:50:00,114.0,122.94180995532511,True
584,Ridge,2025-07-01 12:55:00,114.0,123.44237804421923,True
584,Ridge,2025-07-01 13:00:00,113.0,123.29085543927623,True
584,Ridge,2025-07-01 13:05:00,112.0,122.7099921525408,True
584,Ridge,2025-07-01 13:10:00,112.0,123.4101891430544,True
584,Ridge,2025-07-01 13:15:00,111.0,125.67823439003018,True
584,Ridge,2025-07-01 13:20:00,108.0,120.22394046109596,True
584,Ridge,2025-07-01 13:25:00,107.0,117.52943519502463,True
584,Ridge,2025-07-01 13:30:00,106.0,114.79837368501276,True
584,Ridge,2025-07-01 13:35:00,105.0,113.46390330918902,True
584,Ridge,2025-07-01 13:40:00,107.0,114.54985033389761,True
584,Ridge,2025-07-01 13:45:00,108.0,112.62668592172525,True
584,Ridge,2025-07-01 13:50:00,107.0,106.93879116034597,True
584,Ridge,2025-07-01 13:55:00,107.0,108.63114301671423,True
584,Ridge,2025-07-01 14:00:00,106.0,107.63497448197984,True
584,Ridge,2025-07-01 14:05:00,104.0,107.0158739896921,True
584,Ridge,2025-07-01 14:10:00,105.0,113.58720125392549,True
584,Ridge,2025-07-01 14:15:00,106.0,113.665656528381,True
584,Ridge,2025-07-01 14:20:00,105.0,110.26513298008756,True
584,Ridge,2025-07-01 14:25:00,107.0,111.69736703468001,True
584,Ridge,2025-07-01 14:30:00,110.0,109.29313362510277,True
584,Ridge,2025-07-01 14:35:00,110.0,106.05483318753029,True
584,Ridge,2025-07-01 14:40:00,111.0,111.27060853882172,True
584,Ridge,2025-07-01 14:45:00,113.0,112.39076969317148,True
584,Ridge,2025-07-01 14:50:00,115.0,108.9823007368524,True
584,Ridge,2025-07-01 14:55:00,118.0,115.4247085631648,True
584,Ridge,2025-07-01 15:00:00,119.0,119.90140350424213,True
584,Ridge,2025-07-01 15:05:00,120.0,116.17349036292114,True
584,Ridge,2025-07-01 15:10:00,121.0,118.74119854286076,True
584,Ridge,2025-07-01 15:15:00,123.0,121.86075380327526,True
584,Ridge,2025-07-01 15:20:00,127.0,123.96430610571915,True
584,Ridge,2025-07-01 15:25:00,130.0,128.4273996122884,True
584,Ridge,2025-07-01 15:30:00,132.0,126.52176119791199,True
584,Ridge,2025-07-01 15:35:00,136.0,127.54950009115399,True
584,Ridge,2025-07-01 15:40:00,141.0,128.37085120633301,True
584,Ridge,2025-07-01 15:45:00,148.0,131.62684163239803,True
584,Ridge,2025-07-01 15:50:00,152.0,138.30704562829987,True
584,Ridge,2025-07-01 15:55:00,153.0,140.02929882995366,True
584,Ridge,2025-07-01 16:00:00,153.0,140.63864789549294,True
584,Ridge,2025-07-01 16:05:00,154.0,147.061280216725,True
584,Ridge,2025-07-01 16:10:00,154.0,153.33579188389658,True
584,Ridge,2025-07-01 16:15:00,154.0,163.21400674961563,True
584,Ridge,2025-07-01 16:20:00,154.0,162.87260282377534,True
584,Ridge,2025-07-01 16:25:00,154.0,159.48351248373191,True
584,Ridge,2025-07-01 16:30:00,154.0,157.2750391808311,True
584,Ridge,2025-07-01 16:35:00,154.0,158.9929898402535,True
584,Ridge,2025-07-01 16:55:00,227.0,156.0054135345183,True
584,Ridge,2025-07-01 17:00:00,233.0,155.84840447962765,True
584,Ridge,2025-07-01 17:05:00,235.0,161.54806844963647,True
584,Ridge,2025-07-01 17:10:00,236.0,161.3500309432048,False
584,Ridge,2025-07-01 17:15:00,237.0,160.76063478711401,False
584,Ridge,2025-07-01 17:20:00,236.0,159.08840753646766,False
584,Ridge,2025-07-01 17:25:00,234.0,190.44187345716387,True
584,Ridge,2025-07-01 17:30:00,231.0,217.81197408495987,True
584,Ridge,2025-07-01 17:35:00,230.0,228.85949980780134,True
584,Ridge,2025-07-01 17:40:00,228.0,227.26395482865377,True
584,Ridge,2025-07-01 17:45:00,227.0,227.53484774925545,True
584,Ridge,2025-07-01 17:50:00,224.0,219.87003389567343,True
584,Ridge,2025-07-01 17:55:00,220.0,218.8098136165515,True
584,Ridge,2025-07-01 18:00:00,216.0,217.1087955334733,True
584,Ridge,2025-07-01 18:05:00,212.0,218.37932690582468,True
584,Ridge,2025-07-01 18:10:00,208.0,215.63225077170426,True
584,Ridge,2025-07-01 18:15:00,203.0,216.42068099366492,True
584,Ridge,2025-07-01 18:20:00,199.0,210.7820501241761,True
584,Ridge,2025-07-01 18:25:00,196.0,205.24899929866294,True
584,Ridge,2025-07-01 18:30:00,194.0,201.22505889118804,True
584,Ridge,2025-07-01 18:35:00,194.0,196.9472644732622,True
584,Ridge,2025-07-01 18:40:00,193.0,193.0115584221744,True
584,Ridge,2025-07-01 18:45:00,193.0,186.72896551595892,True
584,Ridge,2025-07-01 18:50:00,192.0,184.30212049148466,True
584,Ridge,2025-07-01 18:55:00,191.0,182.98375404099627,True
584,Ridge,2025-07-01 19:00:00,191.0,183.00436417474708,True
584,Ridge,2025-07-01 19:05:00,191.0,186.65452050982702,True
584,Ridge,2025-07-01 19:10:00,191.0,185.02800168981287,True
584,Ridge,2025-07-01 19:15:00,191.0,187.2550051881477,True
584,Ridge,2025-07-01 19:20:00,190.0,185.17240052550085,True
584,Ridge,2025-07-01 19:25:00,187.0,184.58298491363442,True
584,Ridge,2025-07-01 19:30:00,185.0,186.18871623090845,True
584,Ridge,2025-07-01 19:35:00,182.0,186.46967931317025,True
584,Ridge,2025-07-01 19:40:00,179.0,186.780536886397,True
584,Ridge,2025-07-01 19:45:00,176.0,186.95419002216983,True
584,Ridge,2025-07-01 19:50:00,174.0,184.75166601963707,True
584,Ridge,2025-07-01 19:55:00,173.0,178.924850912926,True
584,Ridge,2025-07-01 20:00:00,173.0,177.59609509891203,True
584,Ridge,2025-07-01 20:05:00,173.0,173.5822891793921,True
584,Ridge,2025-07-01 20:10:00,173.0,170.53617109086755,True
584,Ridge,2025-07-01 20:15:00,171.0,180.55860144508546,True
584,Ridge,2025-07-01 20:20:00,163.0,178.55775088327647,True
584,Ridge,2025-07-01 20:25:00,150.0,178.0854409034202,True
584,Ridge,2025-07-01 20:30:00,137.0,176.72159727422832,True
584,Ridge,2025-07-01 20:35:00,127.0,173.83026386799622,True
584,Ridge,2025-07-01 20:40:00,118.0,172.0643196618187,True
584,Ridge,2025-07-01 20:45:00,112.0,164.4858363345768,True
584,Ridge,2025-07-01 20:50:00,108.0,145.70563987311985,True
584,Ridge,2025-07-01 20:55:00,107.0,123.61181903008206,True
584,Ridge,2025-07-01 21:00:00,105.0,109.5263375777873,True
584,Ridge,2025-07-01 21:05:00,103.0,102.13008536126215,True
584,Ridge,2025-07-01 21:10:00,101.0,95.26356495266407,True
584,Ridge,2025-07-01 21:15:00,101.0,95.16589202520353,True
584,Ridge,2025-07-01 21:20:00,102.0,95.63569499852747,True
584,Ridge,2025-07-01 21:25:00,105.0,100.92760088950247,True
584,Ridge,2025-07-01 21:30:00,108.0,99.40214736741717,True
584,Ridge,2025-07-01 21:35:00,111.0,99.1156724133852,True
584,Ridge,2025-07-01 21:40:00,114.0,98.18722549145934,True
584,Ridge,2025-07-01 21:45:00,116.0,101.80727723288066,True
584,Ridge,2025-07-01 21:50:00,118.0,104.77877818953843,True
584,Ridge,2025-07-01 21:55:00,120.0,111.43323691837023,True
584,Ridge,2025-07-01 22:00:00,122.0,115.3239355031862,True
584,Ridge,2025-07-01 22:05:00,124.0,119.1737447167818,True
584,Ridge,2025-07-01 22:10:00,125.0,122.63051112971644,True
584,Ridge,2025-07-01 22:15:00,126.0,123.61379581086003,True
584,Ridge,2025-07-01 22:20:00,127.0,125.82574509344471,True
584,Ridge,2025-07-01 22:25:00,127.0,127.81820145173192,True
584,Ridge,2025-07-01 22:30:00,129.0,129.68869884871998,True
584,Ridge,2025-07-01 22:35:00,130.0,131.56368402177512,True
584,Ridge,2025-07-01 22:40:00,131.0,131.03080078340489,True
584,Ridge,2025-07-01 22:45:00,131.0,131.95767536476106,True
584,Ridge,2025-07-01 22:50:00,130.0,132.75893760271447,True
584,Ridge,2025-07-01 22:55:00,130.0,131.25188423734843,True
584,Ridge,2025-07-01 23:00:00,132.0,135.86705054797733,True
584,Ridge,2025-07-01 23:05:00,134.0,135.24342352330572,True
584,Ridge,2025-07-01 23:10:00,137.0,136.25894699258293,True
584,Ridge,2025-07-01 23:15:00,140.0,134.57058898673316,True
584,Ridge,2025-07-01 23:20:00,141.0,132.01053379145364,True
584,Ridge,2025-07-01 23:25:00,141.0,133.20261597770025,True
584,Ridge,2025-07-01 23:30:00,141.0,137.8356241402146,True
584,Ridge,2025-07-01 23:35:00,143.0,139.89610027992927,True
584,Ridge,2025-07-01 23:40:00,141.0,144.3943545732706,True
584,Ridge,2025-07-01 23:45:00,140.0,147.39187584588143,True
584,Ridge,2025-07-01 23:50:00,141.0,145.62862020418143,True
584,Ridge,2025-07-01 23:55:00,143.0,144.0647157217419,True
584,Ridge,2025-07-02 00:00:00,146.0,143.7825021256266,True
584,Ridge,2025-07-02 00:05:00,149.0,148.3362867668127,True
584,Ridge,2025-07-02 00:10:00,152.0,140.53218933477274,True
584,Ridge,2025-07-02 00:15:00,154.0,139.06514988058663,True
584,Ridge,2025-07-02 00:20:00,156.0,143.8537376211045,True
584,Ridge,2025-07-02 00:25:00,157.0,147.4515526687764,True
584,Ridge,2025-07-02 00:30:00,158.0,152.15126947693184,True
584,Ridge,2025-07-02 00:35:00,157.0,155.30660274286592,True
584,Ridge,2025-07-02 00:40:00,154.0,158.50094503201234,True
584,Ridge,2025-07-02 00:45:00,151.0,159.03193329068108,True
584,Ridge,2025-07-02 00:50:00,149.0,160.82441668343765,True
584,Ridge,2025-07-02 00:55:00,147.0,160.17146158041507,True
584,Ridge,2025-07-02 01:00:00,145.0,160.98546528943444,True
584,Ridge,2025-07-02 01:05:00,143.0,156.8633615365487,True
584,Ridge,2025-07-02 01:10:00,142.0,150.5249905472465,True
584,Ridge,2025-07-02 01:15:00,142.0,146.95678143439665,True
584,Ridge,2025-07-02 01:20:00,143.0,145.92688302670885,True
584,Ridge,2025-07-02 01:25:00,143.0,143.76836864743586,True
584,Ridge,2025-07-02 01:30:00,144.0,141.80980554413128,True
584,Ridge,2025-07-02 01:35:00,147.0,139.87094183640707,True
584,Ridge,2025-07-02 01:40:00,150.0,140.42494027934424,True
584,Ridge,2025-07-02 01:45:00,152.0,142.02754538715172,True
584,Ridge,2025-07-02 01:50:00,153.0,144.8387405086715,True
584,Ridge,2025-07-02 01:55:00,152.0,143.80682279575544,True
584,Ridge,2025-07-02 02:00:00,151.0,146.50833072044566,True
584,Ridge,2025-07-02 02:05:00,150.0,152.29658791742298,True
584,Ridge,2025-07-02 02:10:00,149.0,155.4892607580237,True
584,Ridge,2025-07-02 02:15:00,150.0,156.3740976988339,True
584,Ridge,2025-07-02 02:20:00,151.0,156.00637071396145,True
584,Ridge,2025-07-02 02:25:00,149.0,152.03654279032114,True
584,Ridge,2025-07-02 02:30:00,148.0,150.7792967042824,True
584,Ridge,2025-07-02 02:35:00,147.0,149.41997356463307,True
584,Ridge,2025-07-02 02:40:00,145.0,148.25995905499178,True
584,Ridge,2025-07-02 02:45:00,145.0,152.0149412319429,True
584,Ridge,2025-07-02 02:50:00,145.0,153.08844275665206,True
584,Ridge,2025-07-02 02:55:00,145.0,147.01167128265908,True
584,Ridge,2025-07-02 03:00:00,144.0,147.3790902902759,True
584,Ridge,2025-07-02 03:05:00,143.0,146.1501198107333,True
584,Ridge,2025-07-02 03:10:00,141.0,142.70339551734122,True
584,Ridge,2025-07-02 03:15:00,140.0,145.37718489132232,True
584,Ridge,2025-07-02 03:20:00,141.0,145.36764899704843,True
584,Ridge,2025-07-02 03:25:00,140.0,145.63592371883917,True
584,Ridge,2025-07-02 03:30:00,139.0,143.33040027862768,True
584,Ridge,2025-07-02 03:35:00,138.0,142.42444391635763,True
584,Ridge,2025-07-02 03:40:00,138.0,138.9615244149677,True
584,Ridge,2025-07-02 03:45:00,137.0,139.40591514146482,True
584,Ridge,2025-07-02 03:50:00,137.0,143.19631526163397,True
584,Ridge,2025-07-02 03:55:00,135.0,139.5309880691621,True
584,Ridge,2025-07-02 04:00:00,135.0,138.8433665344653,True
584,Ridge,2025-07-02 04:05:00,134.0,137.75212633453407,True
584,Ridge,2025-07-02 04:10:00,133.0,139.27253402889485,True
584,Ridge,2025-07-02 04:15:00,132.0,137.01724446171556,True
584,Ridge,2025-07-02 04:20:00,131.0,138.5885924227337,True
584,Ridge,2025-07-02 04:25:00,130.0,133.75323125138414,True
584,Ridge,2025-07-02 04:30:00,129.0,136.64981761045792,True
584,Ridge,2025-07-02 04:35:00,129.0,134.1372014302077,True
584,Ridge,2025-07-02 04:40:00,129.0,133.3576272361838,True
584,Ridge,2025-07-02 04:45:00,129.0,132.40837892662068,True
584,Ridge,2025-07-02 04:50:00,129.0,131.54730819739254,True
584,Ridge,2025-07-02 04:55:00,129.0,130.5305629291671,True
584,Ridge,2025-07-02 05:00:00,129.0,129.60520698203894,True
584,Ridge,2025-07-02 05:05:00,129.0,131.1802400776545,True
584,Ridge,2025-07-02 05:45:00,120.0,139.1052742675366,False
584,Ridge,2025-07-02 05:50:00,117.0,138.91255690227814,False
584,Ridge,2025-07-02 05:55:00,113.0,138.7229531190856,False
584,Ridge,2025-07-02 06:00:00,110.0,138.99007210089823,False
584,Ridge,2025-07-02 06:05:00,108.0,153.67886860472098,False
584,Ridge,2025-07-02 06:10:00,107.0,154.6203821295948,False
584,Ridge,2025-07-02 06:15:00,106.0,124.0823731430817,True
584,Ridge,2025-07-02 06:20:00,106.0,116.4351504131102,True
584,Ridge,2025-07-02 06:25:00,106.0,111.76098911164873,True
584,Ridge,2025-07-02 06:30:00,106.0,110.06592536495869,True
584,Ridge,2025-07-02 06:35:00,106.0,109.44176490204663,True
584,Ridge,2025-07-02 06:40:00,107.0,112.05394033106705,True
584,Ridge,2025-07-02 06:45:00,109.0,110.17051662244913,True
584,Ridge,2025-07-02 06:50:00,111.0,110.41886227958773,True
584,Ridge,2025-07-02 06:55:00,113.0,111.06868152191797,True
584,Ridge,2025-07-02 07:00:00,116.0,111.06742460559747,True
584,Ridge,2025-07-02 07:05:00,117.0,111.23486840254935,True
584,Ridge,2025-07-02 07:10:00,118.0,113.77951208302173,True
584,Ridge,2025-07-02 07:15:00,119.0,117.46082663165944,True
584,Ridge,2025-07-02 07:20:00,120.0,119.53778411866416,True
584,Ridge,2025-07-02 07:25:00,120.0,121.70752643013645,True
584,Ridge,2025-07-02 07:30:00,120.0,126.24461573118586,True
584,Ridge,2025-07-02 07:35:00,120.0,124.52165819474428,True
584,Ridge,2025-07-02 07:40:00,120.0,125.55510643882208,True
584,Ridge,2025-07-02 07:45:00,120.0,126.27566919103387,True
584,Ridge,2025-07-02 07:50:00,122.0,127.20344405998284,True
584,Ridge,2025-07-02 07:55:00,123.0,125.64000275774245,True
584,Ridge,2025-07-02 08:00:00,126.0,125.4385247797469,True
584,Ridge,2025-07-02 08:05:00,130.0,125.23800982992927,True
584,Ridge,2025-07-02 08:10:00,136.0,125.17024879065005,True
584,Ridge,2025-07-02 08:15:00,143.0,125.10565556320961,True
584,Ridge,2025-07-02 08:20:00,152.0,129.82042182763888,True
584,Ridge,2025-07-02 08:25:00,161.0,129.42327264472266,True
584,Ridge,2025-07-02 08:30:00,169.0,135.36724507275267,True
584,Ridge,2025-07-02 08:35:00,176.0,140.6030326854,True
584,Ridge,2025-07-02 08:40:00,180.0,149.61649707423913,True
584,Ridge,2025-07-02 08:45:00,184.0,158.10986944480322,True
584,Ridge,2025-07-02 08:50:00,186.0,170.01243645833026,True
584,Ridge,2025-07-02 08:55:00,188.0,178.97434786652093,True
584,Ridge,2025-07-02 09:00:00,188.0,185.49581349686903,True
584,Ridge,2025-07-02 09:05:00,189.0,189.52003872232925,True
584,Ridge,2025-07-02 09:10:00,190.0,189.86378730543404,True
584,Ridge,2025-07-02 09:15:00,188.0,193.13817812178473,True
584,Ridge,2025-07-02 09:20:00,192.0,191.41730963170616,True
584,Ridge,2025-07-02 09:25:00,197.0,192.6524606050204,True
584,Ridge,2025-07-02 09:30:00,202.0,189.04547647714776,True
584,Ridge,2025-07-02 09:35:00,206.0,203.92881388203668,True
584,Ridge,2025-07-02 09:40:00,207.0,202.8122380315662,True
584,Ridge,2025-07-02 09:45:00,205.0,195.05259208737453,True
584,Ridge,2025-07-02 09:50:00,200.0,203.84481491547353,True
584,Ridge,2025-07-02 09:55:00,194.0,206.3409654027067,True
584,Ridge,2025-07-02 10:00:00,186.0,209.39667126767972,True
584,Ridge,2025-07-02 10:05:00,177.0,208.79024577559062,True
584,Ridge,2025-07-02 10:10:00,166.0,203.22299763000242,True
584,Ridge,2025-07-02 10:15:00,157.0,195.53706608820383,True
584,Ridge,2025-07-02 10:20:00,149.0,185.63915203859145,True
584,Ridge,2025-07-02 10:25:00,143.0,177.22835674093426,True
584,Ridge,2025-07-02 10:30:00,138.0,165.25007863296577,True
584,Ridge,2025-07-02 10:35:00,135.0,154.78654684258063,True
584,Ridge,2025-07-02 10:40:00,131.0,140.48019103708856,True
584,Ridge,2025-07-02 10:45:00,126.0,134.2203507533843,True
584,Ridge,2025-07-02 10:50:00,121.0,128.1789967541525,True
584,Ridge,2025-07-02 10:55:00,116.0,125.98494781963919,True
584,Ridge,2025-07-02 11:00:00,111.0,123.53828120993155,True
584,Ridge,2025-07-02 11:05:00,105.0,124.73851933979284,True
584,Ridge,2025-07-02 11:10:00,101.0,120.54676381810154,True
584,Ridge,2025-07-02 11:15:00,99.0,115.2348548550555,True
584,Ridge,2025-07-02 11:20:00,99.0,110.92533048318812,True
584,Ridge,2025-07-02 11:25:00,100.0,106.5721894079548,True
584,Ridge,2025-07-02 11:30:00,101.0,102.16989977089764,True
584,Ridge,2025-07-02 11:35:00,104.0,95.33268105940594,True
584,Ridge,2025-07-02 11:40:00,106.0,94.81082414806353,True
584,Ridge,2025-07-02 11:45:00,106.0,96.51990845315459,True
584,Ridge,2025-07-02 11:50:00,107.0,100.57740957683714,True
584,Ridge,2025-07-02 11:55:00,108.0,104.31910159294463,True
584,Ridge,2025-07-02 12:00:00,110.0,106.57804537137278,True
584,Ridge,2025-07-02 12:05:00,113.0,113.32009003570053,True
584,Ridge,2025-07-02 12:10:00,116.0,114.38966371830114,True
584,Ridge,2025-07-02 12:15:00,120.0,112.0576562969159,True
584,Ridge,2025-07-02 12:20:00,123.0,114.56770884076025,True
584,Ridge,2025-07-02 12:25:00,129.0,115.55929193020869,True
584,Ridge,2025-07-02 12:30:00,135.0,119.14685764832618,True
584,Ridge,2025-07-02 12:35:00,140.0,123.56247848467888,True
584,Ridge,2025-07-02 12:40:00,156.0,126.81548310014318,True
584,Ridge,2025-07-02 12:45:00,165.0,132.4212627522711,True
584,Ridge,2025-07-02 12:50:00,169.0,134.04459776855123,True
584,Ridge,2025-07-02 12:55:00,172.0,144.28096693685754,True
584,Ridge,2025-07-02 13:00:00,177.0,150.12432896526352,True
584,Ridge,2025-07-02 13:05:00,180.0,153.84570000709144,True
584,Ridge,2025-07-02 13:10:00,189.0,184.9662019761331,True
584,Ridge,2025-07-02 13:15:00,202.0,183.90302577806017,True
584,Ridge,2025-07-02 13:20:00,218.0,181.39975648780774,True
584,Ridge,2025-07-02 13:25:00,229.0,181.63802899907597,True
584,Ridge,2025-07-02 13:30:00,237.0,188.46150004863847,True
584,Ridge,2025-07-02 13:35:00,244.0,186.3532417490976,True
584,Ridge,2025-07-02 13:40:00,247.0,204.5450504003424,True
584,Ridge,2025-07-02 13:45:00,250.0,222.530974948027,True
584,Ridge,2025-07-02 13:50:00,253.0,242.87323029526735,True
584,Ridge,2025-07-02 13:55:00,257.0,246.8120502559529,True
584,Ridge,2025-07-02 14:00:00,259.0,250.1168212490856,True
584,Ridge,2025-07-02 14:05:00,261.0,254.63175671893796,True
584,Ridge,2025-07-02 14:10:00,261.0,251.1226665470149,True
584,Ridge,2025-07-02 14:15:00,260.0,252.47821112806554,True
584,Ridge,2025-07-02 14:20:00,260.0,253.7866361737331,True
584,Ridge,2025-07-02 14:25:00,260.0,258.2480445017421,True
584,Ridge,2025-07-02 14:30:00,262.0,256.6152870573543,True
584,Ridge,2025-07-02 14:35:00,263.0,257.8549269087071,True
584,Ridge,2025-07-02 14:40:00,265.0,254.53032742905475,True
584,Ridge,2025-07-02 14:45:00,265.0,251.6384706185882,True
584,Ridge,2025-07-02 14:50:00,265.0,252.30060497040392,True
584,Ridge,2025-07-02 14:55:00,266.0,251.46533863122164,True
584,Ridge,2025-07-02 15:00:00,267.0,255.8863423779295,True
584,Ridge,2025-07-02 15:05:00,268.0,255.15805997818393,True
584,Ridge,2025-07-02 15:10:00,269.0,258.4148742828732,True
584,Ridge,2025-07-02 15:15:00,269.0,255.42482007113995,True
584,Ridge,2025-07-02 15:20:00,268.0,255.37168644281647,True
584,Ridge,2025-07-02 15:25:00,264.0,257.50815816691045,True
584,Ridge,2025-07-02 15:30:00,257.0,271.42610749055046,True
584,Ridge,2025-07-02 15:35:00,253.0,270.88547341697165,True
584,Ridge,2025-07-02 15:40:00,248.0,270.50455200803464,True
584,Ridge,2025-07-02 15:45:00,240.0,265.73506052473687,True
584,Ridge,2025-07-02 15:50:00,227.0,259.8356426988069,True
584,Ridge,2025-07-02 15:55:00,214.0,248.99470613311718,True
584,Ridge,2025-07-02 16:00:00,204.0,234.19705514082287,True
584,Ridge,2025-07-02 16:05:00,199.0,231.61441208827358,True
584,Ridge,2025-07-02 16:10:00,196.0,223.64569616502925,True
584,Ridge,2025-07-02 16:15:00,194.0,211.60518717702428,True
584,Ridge,2025-07-02 16:20:00,190.0,191.17160899250499,True
584,Ridge,2025-07-02 16:25:00,185.0,177.64207064965882,True
584,Ridge,2025-07-02 16:30:00,180.0,172.12562676058351,True
584,Ridge,2025-07-02 16:35:00,176.0,174.92969058108412,True
584,Ridge,2025-07-02 16:40:00,172.0,176.36261217629675,True
584,Ridge,2025-07-02 16:45:00,165.0,177.85972089898738,True
584,Ridge,2025-07-02 16:50:00,154.0,172.78245335614594,True
584,Ridge,2025-07-02 16:55:00,168.0,167.55762913942823,True
584,Ridge,2025-07-02 17:00:00,159.0,163.22747534636625,True
584,Ridge,2025-07-02 17:05:00,153.0,161.45125390990032,True
584,Ridge,2025-07-02 17:10:00,148.0,158.0847354371218,True
584,Ridge,2025-07-02 17:15:00,143.0,147.34318534940877,True
584,Ridge,2025-07-02 17:20:00,140.0,130.8250457142311,True
584,Ridge,2025-07-02 17:25:00,137.0,180.88477993482934,True
584,Ridge,2025-07-02 17:30:00,134.0,140.77392816052765,True
584,Ridge,2025-07-02 17:35:00,131.0,141.71871063199967,True
584,Ridge,2025-07-02 17:40:00,128.0,136.60827856890575,True
584,Ridge,2025-07-02 17:45:00,126.0,132.43509504174645,True
584,Ridge,2025-07-02 17:50:00,126.0,132.38181009716052,True
584,Ridge,2025-07-02 17:55:00,125.0,128.61848512032017,True
584,Ridge,2025-07-02 18:00:00,123.0,127.93754317364198,True
584,Ridge,2025-07-02 18:05:00,123.0,125.5034102367164,True
584,Ridge,2025-07-02 18:10:00,126.0,122.95569977761002,True
584,Ridge,2025-07-02 18:15:00,126.0,122.81067158463723,True
584,Ridge,2025-07-02 18:20:00,124.0,126.44857899511835,True
584,Ridge,2025-07-02 18:25:00,112.0,125.44608154295837,True
584,Ridge,2025-07-02 18:30:00,109.0,121.64687434903693,True
584,Ridge,2025-07-02 18:35:00,116.0,124.99963835360482,True
584,Ridge,2025-07-02 18:40:00,125.0,132.70971486902687,True
584,Ridge,2025-07-02 18:45:00,136.0,129.1112356496896,True
584,Ridge,2025-07-02 18:50:00,146.0,124.79792387583073,True
584,Ridge,2025-07-02 18:55:00,153.0,98.03045720975113,True
584,Ridge,2025-07-02 19:00:00,161.0,107.04248044735463,True
584,Ridge,2025-07-02 19:05:00,167.0,127.53897154496052,True
584,Ridge,2025-07-02 19:10:00,172.0,151.1932097677787,True
584,Ridge,2025-07-02 19:15:00,177.0,165.3957699045891,True
584,Ridge,2025-07-02 19:20:00,182.0,173.8023918699394,True
584,Ridge,2025-07-02 19:25:00,189.0,174.45069746866434,True
584,Ridge,2025-07-02 19:30:00,186.0,179.27152878510003,True
584,Ridge,2025-07-02 19:35:00,185.0,181.7574410150298,True
584,Ridge,2025-07-02 19:40:00,180.0,182.74622570486216,True
584,Ridge,2025-07-02 19:45:00,166.0,185.1631939914978,True
584,Ridge,2025-07-02 19:50:00,164.0,188.36445679064911,True
584,Ridge,2025-07-02 19:55:00,172.0,197.50661116890373,True
584,Ridge,2025-07-02 20:00:00,176.0,180.40805662823755,True
584,Ridge,2025-07-02 20:05:00,179.0,181.96748358425245,True
584,Ridge,2025-07-02 20:10:00,179.0,170.29029220659032,True
584,Ridge,2025-07-02 20:15:00,180.0,142.58120049265406,True
584,Ridge,2025-07-02 20:20:00,183.0,155.93754277127692,True
584,Ridge,2025-07-02 20:25:00,186.0,177.39437140703788,True
584,Ridge,2025-07-02 20:30:00,187.0,186.3359453236424,True
584,Ridge,2025-07-02 20:35:00,187.0,188.18176261119547,True
584,Ridge,2025-07-02 20:40:00,187.0,183.32115305256957,True
584,Ridge,2025-07-02 20:45:00,186.0,183.8535669242436,True
584,Ridge,2025-07-02 20:50:00,183.0,187.27169058933285,True
584,Ridge,2025-07-02 20:55:00,180.0,188.8461434268707,True
584,Ridge,2025-07-02 21:00:00,179.0,184.87915836852696,True
584,Ridge,2025-07-02 21:05:00,178.0,182.01999230870706,True
584,Ridge,2025-07-02 21:10:00,178.0,180.7362277821789,True
584,Ridge,2025-07-02 21:15:00,181.0,178.174030611798,True
584,Ridge,2025-07-02 21:20:00,185.0,172.85182390959224,True
584,Ridge,2025-07-02 21:25:00,189.0,169.75346846236167,True
584,Ridge,2025-07-02 21:30:00,191.0,171.45799759132942,True
584,Ridge,2025-07-02 21:35:00,191.0,170.5184306511455,True
584,Ridge,2025-07-02 21:40:00,192.0,172.27587583225974,True
584,Ridge,2025-07-02 21:45:00,192.0,180.09508343112935,True
584,Ridge,2025-07-02 21:50:00,191.0,186.18534473974185,True
584,Ridge,2025-07-02 21:55:00,190.0,190.75204505238827,True
584,Ridge,2025-07-02 22:00:00,189.0,190.15162066659275,True
584,Ridge,2025-07-02 22:05:00,190.0,187.4192664227154,True
584,Ridge,2025-07-02 22:10:00,191.0,189.65100215630642,True
584,Ridge,2025-07-02 22:15:00,193.0,187.9785488376732,True
584,Ridge,2025-07-02 22:20:00,195.0,185.4991154118764,True
584,Ridge,2025-07-02 22:25:00,198.0,184.28008972353234,True
584,Ridge,2025-07-02 22:30:00,203.0,183.14214210252035,True
584,Ridge,2025-07-02 22:35:00,206.0,186.93762813534622,True
584,Ridge,2025-07-02 22:40:00,207.0,188.099960170767,True
584,Ridge,2025-07-02 22:45:00,209.0,191.92961533435755,True
584,Ridge,2025-07-02 22:50:00,211.0,194.04139476338221,True
584,Ridge,2025-07-02 22:55:00,212.0,198.5395723057546,True
584,Ridge,2025-07-02 23:00:00,213.0,206.2853137617629,True
584,Ridge,2025-07-02 23:05:00,212.0,206.52648186811444,True
584,Ridge,2025-07-02 23:10:00,211.0,203.5093481861727,True
584,Ridge,2025-07-02 23:15:00,210.0,207.6415705312717,True
584,Ridge,2025-07-02 23:20:00,211.0,209.30916762833473,True
584,Ridge,2025-07-02 23:25:00,213.0,208.85606810831183,True
584,Ridge,2025-07-02 23:30:00,216.0,209.65728843238503,True
584,Ridge,2025-07-02 23:35:00,218.0,205.63820398100765,True
584,Ridge,2025-07-02 23:40:00,220.0,204.41098021235933,True
584,Ridge,2025-07-02 23:45:00,223.0,203.00775493439252,True
584,Ridge,2025-07-02 23:50:00,226.0,206.67957358682747,True
584,Ridge,2025-07-02 23:55:00,229.0,210.11767606359433,True
584,Ridge,2025-07-03 00:00:00,230.0,214.73371796986285,True
584,Ridge,2025-07-03 00:05:00,232.0,215.30274338557643,True
584,Ridge,2025-07-03 00:10:00,236.0,217.27358365137442,True
584,Ridge,2025-07-03 00:15:00,242.0,221.59890651031384,True
584,Ridge,2025-07-03 00:20:00,249.0,224.52030803626786,True
584,Ridge,2025-07-03 00:25:00,255.0,227.4399995404999,True
584,Ridge,2025-07-03 00:30:00,259.0,224.29503711598545,True
584,Ridge,2025-07-03 00:35:00,262.0,228.36090627021153,True
584,Ridge,2025-07-03 00:40:00,265.0,234.83665441068405,True
584,Ridge,2025-07-03 00:45:00,268.0,243.6482925732818,True
584,Ridge,2025-07-03 00:50:00,272.0,252.20451216849182,True
584,Ridge,2025-07-03 00:55:00,276.0,256.8386038640908,True
584,Ridge,2025-07-03 01:00:00,278.0,257.88443021134054,True
584,Ridge,2025-07-03 01:05:00,280.0,258.9600143993318,True
584,Ridge,2025-07-03 01:10:00,280.0,261.37086351008145,True
584,Ridge,2025-07-03 01:15:00,281.0,263.86172251976666,True
584,Ridge,2025-07-03 01:20:00,280.0,268.76445518101684,True
584,Ridge,2025-07-03 01:25:00,278.0,272.26225933595487,True
584,Ridge,2025-07-03 01:30:00,276.0,271.00381084613343,True
584,Ridge,2025-07-03 01:35:00,273.0,272.5997875611617,True
584,Ridge,2025-07-03 01:40:00,270.0,269.2823520448381,True
584,Ridge,2025-07-03 01:45:00,264.0,271.3389719095627,True
584,Ridge,2025-07-03 01:50:00,258.0,266.95007690357136,True
584,Ridge,2025-07-03 01:55:00,252.0,263.0686334568337,True
584,Ridge,2025-07-03 02:00:00,249.0,260.30515738267087,True
584,Ridge,2025-07-03 02:05:00,245.0,255.3424649638148,True
584,Ridge,2025-07-03 02:10:00,244.0,252.00085001604197,True
584,Ridge,2025-07-03 02:15:00,244.0,241.35888011081042,True
584,Ridge,2025-07-03 02:20:00,245.0,235.08195471890656,True
584,Ridge,2025-07-03 02:25:00,243.0,228.59032080890012,True
584,Ridge,2025-07-03 02:30:00,242.0,229.81069385759406,True
584,Ridge,2025-07-03 02:35:00,240.0,224.71564612366342,True
584,Ridge,2025-07-03 02:40:00,239.0,228.68510780733195,True
584,Ridge,2025-07-03 02:45:00,237.0,230.8169103771051,True
584,Ridge,2025-07-03 02:50:00,236.0,234.20577521540903,True
584,Ridge,2025-07-03 02:55:00,236.0,228.64665777651595,True
584,Ridge,2025-07-03 03:00:00,238.0,229.55183974012712,True
584,Ridge,2025-07-03 03:05:00,237.0,226.11708203630502,True
584,Ridge,2025-07-03 03:10:00,235.0,226.72130182464002,True
584,Ridge,2025-07-03 03:15:00,233.0,223.22808705202493,True
584,Ridge,2025-07-03 03:20:00,231.0,223.92845356679987,True
584,Ridge,2025-07-03 03:25:00,229.0,225.57654070026086,True
584,Ridge,2025-07-03 03:30:00,226.0,230.94314934624686,True
584,Ridge,2025-07-03 03:35:00,226.0,226.11394589069405,True
584,Ridge,2025-07-03 03:40:00,225.0,223.1183841158417,True
584,Ridge,2025-07-03 03:45:00,224.0,220.88330968866217,True
584,Ridge,2025-07-03 03:50:00,222.0,218.72742907022672,True
584,Ridge,2025-07-03 03:55:00,220.0,216.52664524784808,True
584,Ridge,2025-07-03 04:00:00,217.0,212.12317689869295,True
584,Ridge,2025-07-03 04:05:00,215.0,216.47565295006223,True
584,Ridge,2025-07-03 04:10:00,212.0,214.27970035243783,True
584,Ridge,2025-07-03 04:15:00,209.0,213.74636666449078,True
584,Ridge,2025-07-03 04:20:00,207.0,210.51633644291675,True
584,Ridge,2025-07-03 04:25:00,205.0,208.73620193739288,True
584,Ridge,2025-07-03 04:30:00,202.0,204.30211773084997,True
584,Ridge,2025-07-03 04:35:00,200.0,203.57648601595037,True
584,Ridge,2025-07-03 04:40:00,200.0,199.155222263526,True
584,Ridge,2025-07-03 04:45:00,200.0,196.3525794770982,True
584,Ridge,2025-07-03 04:50:00,200.0,195.85446986463853,True
584,Ridge,2025-07-03 04:55:00,200.0,194.12877931791652,True
584,Ridge,2025-07-03 05:00:00,200.0,190.0636941636273,True
584,Ridge,2025-07-03 05:05:00,200.0,189.83816535410887,True
584,Ridge,2025-07-03 05:15:00,156.0,193.42880480641819,True
584,Ridge,2025-07-03 05:20:00,156.0,193.96327879540098,True
584,Ridge,2025-07-03 05:25:00,154.0,195.36088276809062,True
584,Ridge,2025-07-03 05:30:00,151.0,195.56302988985556,True
584,Ridge,2025-07-03 05:35:00,148.0,195.69369930296688,True
584,Ridge,2025-07-03 05:40:00,144.0,182.1901384695973,False
584,Ridge,2025-07-03 05:45:00,141.0,177.33677741065105,True
584,Ridge,2025-07-03 05:50:00,137.0,172.11905449791755,True
584,Ridge,2025-07-03 05:55:00,134.0,162.1414812287394,True
584,Ridge,2025-07-03 06:00:00,131.0,152.03030784773148,True
584,Ridge,2025-07-03 06:05:00,127.0,146.4591019929121,True
584,Ridge,2025-07-03 06:10:00,123.0,139.6121365061639,True
584,Ridge,2025-07-03 06:15:00,120.0,135.85110265656567,True
584,Ridge,2025-07-03 06:20:00,118.0,130.72350736679633,True
584,Ridge,2025-07-03 06:25:00,115.0,128.8942493829118,True
584,Ridge,2025-07-03 06:30:00,113.0,125.9569545387355,True
584,Ridge,2025-07-03 06:35:00,112.0,120.8416413644212,True
584,Ridge,2025-07-03 06:40:00,112.0,117.30732681480535,True
584,Ridge,2025-07-03 06:45:00,114.0,115.94737900535407,True
584,Ridge,2025-07-03 06:50:00,118.0,115.75509781400953,True
584,Ridge,2025-07-03 06:55:00,126.0,111.76791447091645,True
584,Ridge,2025-07-03 07:00:00,135.0,110.50953219482079,True
584,Ridge,2025-07-03 07:05:00,142.0,112.5464174344757,True
584,Ridge,2025-07-03 07:10:00,146.0,114.57572647737945,True
584,Ridge,2025-07-03 07:15:00,153.0,120.09130103878913,True
584,Ridge,2025-07-03 07:20:00,162.0,127.54167504245834,True
584,Ridge,2025-07-03 07:25:00,169.0,141.81970628169793,True
584,Ridge,2025-07-03 07:30:00,174.0,152.75549560953934,True
584,Ridge,2025-07-03 07:35:00,176.0,157.47382157609655,True
584,Ridge,2025-07-03 07:40:00,182.0,157.34577577352215,True
584,Ridge,2025-07-03 07:45:00,187.0,168.25349067776094,True
584,Ridge,2025-07-03 07:50:00,192.0,179.6376393419566,True
584,Ridge,2025-07-03 07:55:00,196.0,183.6962816859524,True
584,Ridge,2025-07-03 08:00:00,199.0,185.5457748549828,True
584,Ridge,2025-07-03 08:05:00,202.0,182.5617148193176,True
584,Ridge,2025-07-03 08:10:00,202.0,193.44228189359575,True
584,Ridge,2025-07-03 08:15:00,200.0,196.312448793689,True
584,Ridge,2025-07-03 08:20:00,199.0,201.14919256925828,True
584,Ridge,2025-07-03 08:25:00,192.0,203.1727074633335,True
584,Ridge,2025-07-03 08:30:00,189.0,204.10531289776605,True
584,Ridge,2025-07-03 08:35:00,182.0,206.28307774333337,True
584,Ridge,2025-07-03 08:40:00,179.0,201.27397712881913,True
584,Ridge,2025-07-03 08:45:00,185.0,196.00197419524864,True
584,Ridge,2025-07-03 08:50:00,193.0,195.56312826521824,True
584,Ridge,2025-07-03 08:55:00,199.0,179.01175728433213,True
584,Ridge,2025-07-03 09:00:00,203.0,180.7960178553376,True
584,Ridge,2025-07-03 09:05:00,210.0,167.03577694984028,True
584,Ridge,2025-07-03 09:10:00,200.0,169.90244717669768,True
584,Ridge,2025-07-03 09:15:00,183.0,188.51347596629614,True
584,Ridge,2025-07-03 09:20:00,171.0,200.5502905347411,True
584,Ridge,2025-07-03 09:25:00,162.0,204.96936653025588,True
584,Ridge,2025-07-03 09:30:00,157.0,206.6669083379729,True
584,Ridge,2025-07-03 09:35:00,162.0,217.90657135758983,True
584,Ridge,2025-07-03 09:40:00,174.0,183.60400594928623,True
584,Ridge,2025-07-03 09:45:00,186.0,155.6333928973539,True
584,Ridge,2025-07-03 09:50:00,200.0,147.62146007169642,True
584,Ridge,2025-07-03 09:55:00,201.0,141.16197421590763,True
584,Ridge,2025-07-03 10:00:00,185.0,142.03762030931995,True
584,Ridge,2025-07-03 10:05:00,188.0,162.19012318060862,True
584,Ridge,2025-07-03 10:10:00,199.0,186.80400087193829,True
584,Ridge,2025-07-03 10:15:00,210.0,201.6295272464,True
584,Ridge,2025-07-03 10:20:00,215.0,219.8868872698736,True
584,Ridge,2025-07-03 10:25:00,214.0,203.0528410479447,True
584,Ridge,2025-07-03 10:30:00,224.0,162.85073981455332,True
584,Ridge,2025-07-03 10:35:00,241.0,190.45667432261246,True
584,Ridge,2025-07-03 10:40:00,257.0,217.58407457864755,True
584,Ridge,2025-07-03 10:45:00,266.0,229.33052807635067,True
584,Ridge,2025-07-03 10:50:00,266.0,226.0382588451282,True
584,Ridge,2025-07-03 10:55:00,265.0,214.90231494936006,True
584,Ridge,2025-07-03 11:00:00,265.0,238.2040084525308,True
584,Ridge,2025-07-03 11:05:00,266.0,263.6187800525189,True
584,Ridge,2025-07-03 11:10:00,265.0,277.6123262063936,True
584,Ridge,2025-07-03 11:15:00,258.0,275.69844349549624,True
584,Ridge,2025-07-03 11:20:00,247.0,261.27019988082264,True
584,Ridge,2025-07-03 11:25:00,238.0,256.5043271801753,True
584,Ridge,2025-07-03 11:30:00,226.0,255.77117348040775,True
584,Ridge,2025-07-03 11:35:00,229.0,258.300918544808,True
584,Ridge,2025-07-03 11:40:00,234.0,254.4194083973327,True
584,Ridge,2025-07-03 11:45:00,237.0,237.87126747523723,True
584,Ridge,2025-07-03 11:50:00,233.0,219.51170431289657,True
584,Ridge,2025-07-03 11:55:00,229.0,211.72871754384778,True
584,Ridge,2025-07-03 12:00:00,224.0,195.03567179165682,True
584,Ridge,2025-07-03 12:05:00,225.0,219.62345092278963,True
584,Ridge,2025-07-03 12:10:00,225.0,228.1387958783028,True
584,Ridge,2025-07-03 12:15:00,227.0,230.55523891360872,True
584,Ridge,2025-07-03 12:20:00,225.0,217.4139843931522,True
584,Ridge,2025-07-03 12:25:00,221.0,213.75313682468115,True
584,Ridge,2025-07-03 12:30:00,220.0,207.07434939757587,True
584,Ridge,2025-07-03 12:35:00,220.0,216.5757844838716,True
584,Ridge,2025-07-03 12:40:00,217.0,215.28450559835747,True
584,Ridge,2025-07-03 12:45:00,211.0,220.90194837284716,True
584,Ridge,2025-07-03 12:50:00,212.0,213.602491385882,True
584,Ridge,2025-07-03 12:55:00,218.0,207.23525536602713,True
584,Ridge,2025-07-03 13:00:00,222.0,210.33618098314827,True
584,Ridge,2025-07-03 13:05:00,230.0,212.44951527747574,True
584,Ridge,2025-07-03 13:10:00,238.0,205.58595623091676,True
584,Ridge,2025-07-03 13:15:00,245.0,195.07727876064095,True
584,Ridge,2025-07-03 13:20:00,255.0,205.51077582341665,True
584,Ridge,2025-07-03 13:25:00,260.0,218.8766128318822,True
584,Ridge,2025-07-03 13:30:00,262.0,221.27902719717736,True
584,Ridge,2025-07-03 13:35:00,266.0,235.93793209192017,True
584,Ridge,2025-07-03 13:40:00,269.0,244.11953137095333,True
584,Ridge,2025-07-03 13:45:00,268.0,250.28044241358333,True
584,Ridge,2025-07-03 13:50:00,267.0,264.1872388844546,True
584,Ridge,2025-07-03 13:55:00,266.0,261.90960081779605,True
584,Ridge,2025-07-03 14:00:00,264.0,259.69977381841807,True
584,Ridge,2025-07-03 14:05:00,263.0,265.40273983758334,True
584,Ridge,2025-07-03 14:10:00,260.0,279.5816835506207,True
584,Ridge,2025-07-03 14:15:00,255.0,270.987436496898,True
584,Ridge,2025-07-03 14:20:00,250.0,268.28892371518276,True
584,Ridge,2025-07-03 14:25:00,246.0,263.1385761261969,True
584,Ridge,2025-07-03 14:30:00,239.0,255.58144250106946,True
584,Ridge,2025-07-03 14:35:00,233.0,253.22064049826287,True
584,Ridge,2025-07-03 14:40:00,232.0,242.92268062561914,True
584,Ridge,2025-07-03 14:45:00,229.0,233.49197796094364,True
584,Ridge,2025-07-03 14:50:00,223.0,226.81882209343433,True
584,Ridge,2025-07-03 14:55:00,213.0,223.8435902921012,True
584,Ridge,2025-07-03 15:00:00,200.0,212.47619073870908,True
584,Ridge,2025-07-03 15:05:00,185.0,208.01079733931994,True
584,Ridge,2025-07-03 15:10:00,169.0,214.84741289083115,True
584,Ridge,2025-07-03 15:15:00,155.0,209.8797398914926,True
584,Ridge,2025-07-03 15:20:00,143.0,200.78607830742573,True
584,Ridge,2025-07-03 15:25:00,133.0,185.3700160918975,True
584,Ridge,2025-07-03 15:30:00,125.0,167.94866765140884,True
584,Ridge,2025-07-03 15:35:00,119.0,149.5938754309238,True
584,Ridge,2025-07-03 15:40:00,113.0,131.65324217188208,True
584,Ridge,2025-07-03 15:45:00,110.0,120.51637114993972,True
584,Ridge,2025-07-03 15:50:00,109.0,112.08919221753304,True
584,Ridge,2025-07-03 15:55:00,108.0,106.37734981009423,True
584,Ridge,2025-07-03 16:00:00,109.0,102.94597074561486,True
584,Ridge,2025-07-03 16:05:00,111.0,102.00203640203642,True
584,Ridge,2025-07-03 16:10:00,111.0,98.26650128261544,True
584,Ridge,2025-07-03 16:15:00,110.0,101.31925707106038,True
584,Ridge,2025-07-03 16:20:00,112.0,104.75546425934893,True
584,Ridge,2025-07-03 16:25:00,113.0,105.47636369676908,True
584,Ridge,2025-07-03 16:30:00,113.0,110.78958455671352,True
584,Ridge,2025-07-03 16:35:00,112.0,115.4768234774393,True
584,Ridge,2025-07-03 16:40:00,112.0,113.85403087187917,True
584,Ridge,2025-07-03 16:45:00,112.0,112.2602983508192,True
584,Ridge,2025-07-03 16:50:00,111.0,118.8909024940218,True
584,Ridge,2025-07-03 16:55:00,110.0,118.95654010294852,True
584,Ridge,2025-07-03 17:00:00,113.0,118.1249672445428,True
584,Ridge,2025-07-03 17:05:00,115.0,115.78447611914743,True
584,Ridge,2025-07-03 17:10:00,117.0,117.22533073724662,True
584,Ridge,2025-07-03 17:15:00,121.0,117.36559024995586,True
584,Ridge,2025-07-03 17:20:00,128.0,115.05866740627259,True
584,Ridge,2025-07-03 17:25:00,134.0,114.03415374423767,True
584,Ridge,2025-07-03 17:30:00,140.0,122.75164545843171,True
584,Ridge,2025-07-03 17:35:00,146.0,123.48579771315123,True
584,Ridge,2025-07-03 17:40:00,155.0,125.76646005531323,True
584,Ridge,2025-07-03 17:45:00,158.0,132.5341339131023,True
584,Ridge,2025-07-03 17:50:00,155.0,143.96368863240858,True
584,Ridge,2025-07-03 17:55:00,151.0,148.71579127801718,True
584,Ridge,2025-07-03 18:00:00,156.0,154.7782586552029,True
584,Ridge,2025-07-03 18:05:00,162.0,160.51712940254458,True
584,Ridge,2025-07-03 18:10:00,172.0,171.82666987071718,True
584,Ridge,2025-07-03 18:15:00,178.0,167.5677645672642,True
584,Ridge,2025-07-03 18:20:00,177.0,155.70809475048026,True
584,Ridge,2025-07-03 18:25:00,171.0,149.08732509984014,True
584,Ridge,2025-07-03 18:30:00,167.0,165.86698941310442,True
584,Ridge,2025-07-03 18:35:00,165.0,172.89325087220513,True
584,Ridge,2025-07-03 18:40:00,159.0,188.9987674853174,True
584,Ridge,2025-07-03 18:45:00,166.0,189.4635768710038,True
584,Ridge,2025-07-03 18:50:00,169.0,178.75482686970534,True
584,Ridge,2025-07-03 18:55:00,166.0,164.6381340499561,True
584,Ridge,2025-07-03 19:00:00,167.0,162.01570699492913,True
584,Ridge,2025-07-03 19:05:00,167.0,161.76577351277402,True
584,Ridge,2025-07-03 19:10:00,164.0,149.5007179092276,True
584,Ridge,2025-07-03 19:15:00,164.0,174.44527322138384,True
584,Ridge,2025-07-03 19:20:00,174.0,171.81141324298008,True
584,Ridge,2025-07-03 19:25:00,175.0,161.83820557993755,True
584,Ridge,2025-07-03 19:30:00,165.0,168.45342426877053,True
584,Ridge,2025-07-03 19:35:00,151.0,166.76939641305123,True
584,Ridge,2025-07-03 19:40:00,138.0,160.00210416146462,True
584,Ridge,2025-07-03 19:45:00,138.0,163.43001695605167,True
584,Ridge,2025-07-03 19:50:00,138.0,187.07433643453098,True
584,Ridge,2025-07-03 19:55:00,138.0,175.89089232474043,True
584,Ridge,2025-07-03 20:00:00,138.0,151.00623549225682,True
584,Ridge,2025-07-03 20:05:00,138.0,129.64486497395933,True
584,Ridge,2025-07-03 20:10:00,138.0,116.07657566565851,True
584,Ridge,2025-07-03 20:25:00,184.0,136.1317208991509,True
584,Ridge,2025-07-03 20:30:00,179.0,137.5154866281768,True
584,Ridge,2025-07-03 20:35:00,175.0,140.98059720211285,True
584,Ridge,2025-07-03 20:40:00,170.0,141.2144984852172,True
584,Ridge,2025-07-03 20:45:00,166.0,146.87941432381015,False
584,Ridge,2025-07-03 20:50:00,163.0,146.17565420552143,False
584,Ridge,2025-07-03 20:55:00,161.0,158.75186379593947,True
584,Ridge,2025-07-03 21:00:00,160.0,148.46668378379346,True
584,Ridge,2025-07-03 21:05:00,160.0,154.22380518837255,True
584,Ridge,2025-07-03 21:10:00,162.0,153.44806812859443,True
584,Ridge,2025-07-03 21:15:00,163.0,152.55021888094015,True
584,Ridge,2025-07-03 21:20:00,165.0,151.37608181559472,True
584,Ridge,2025-07-03 21:25:00,166.0,165.15658407030992,True
584,Ridge,2025-07-03 21:30:00,169.0,166.15336607451843,True
584,Ridge,2025-07-03 21:35:00,168.0,167.0022547679223,True
584,Ridge,2025-07-03 21:40:00,162.0,169.67425531067016,True
584,Ridge,2025-07-03 21:45:00,155.0,166.52426016170966,True
584,Ridge,2025-07-03 21:50:00,151.0,168.26235661521218,True
584,Ridge,2025-07-03 21:55:00,148.0,164.8567233366901,True
584,Ridge,2025-07-03 22:00:00,146.0,168.73345569591194,True
584,Ridge,2025-07-03 22:05:00,145.0,161.12922800266358,True
584,Ridge,2025-07-03 22:10:00,143.0,148.2495683907492,True
584,Ridge,2025-07-03 22:15:00,140.0,139.01744784537152,True
584,Ridge,2025-07-03 22:20:00,139.0,138.43656032896564,True
584,Ridge,2025-07-03 22:25:00,139.0,137.39860668002336,True
584,Ridge,2025-07-03 22:30:00,139.0,137.50023633771679,True
584,Ridge,2025-07-03 22:35:00,141.0,138.797943057655,True
584,Ridge,2025-07-03 22:40:00,145.0,136.34997009259797,True
584,Ridge,2025-07-03 22:45:00,149.0,132.55257126509423,True
584,Ridge,2025-07-03 22:50:00,153.0,134.81796753805864,True
584,Ridge,2025-07-03 22:55:00,157.0,136.72531831510656,True
584,Ridge,2025-07-03 23:00:00,160.0,137.47139822935404,True
584,Ridge,2025-07-03 23:05:00,163.0,142.67479499361087,True
584,Ridge,2025-07-03 23:10:00,165.0,149.83926053889934,True
584,Ridge,2025-07-03 23:15:00,168.0,154.50549753186127,True
584,Ridge,2025-07-03 23:20:00,170.0,159.13793150514934,True
584,Ridge,2025-07-03 23:25:00,172.0,163.4054662880453,True
584,Ridge,2025-07-03 23:30:00,176.0,165.16415007208633,True
584,Ridge,2025-07-03 23:35:00,179.0,168.12990243295746,True
584,Ridge,2025-07-03 23:40:00,183.0,168.440085926021,True
584,Ridge,2025-07-03 23:45:00,187.0,172.65700130101823,True
584,Ridge,2025-07-03 23:50:00,189.0,173.059861505484,True
584,Ridge,2025-07-03 23:55:00,188.0,174.9194348242452,True
584,Ridge,2025-07-04 00:00:00,185.0,181.42944082696698,True
584,Ridge,2025-07-04 00:05:00,182.0,182.93546866304564,True
584,Ridge,2025-07-04 00:10:00,181.0,188.3435806023786,True
584,Ridge,2025-07-04 00:15:00,181.0,191.98864482453257,True
584,Ridge,2025-07-04 00:20:00,182.0,191.0093148243529,True
584,Ridge,2025-07-04 00:25:00,184.0,185.40540008105177,True
584,Ridge,2025-07-04 00:30:00,188.0,178.8769802530448,True
584,Ridge,2025-07-04 00:35:00,191.0,174.779023296935,True
584,Ridge,2025-07-04 00:40:00,194.0,176.1724781865026,True
584,Ridge,2025-07-04 00:45:00,197.0,177.36558279429738,True
584,Ridge,2025-07-04 00:50:00,200.0,179.94641005496322,True
584,Ridge,2025-07-04 00:55:00,202.0,183.69400861587522,True
584,Ridge,2025-07-04 01:00:00,204.0,190.8413190111031,True
584,Ridge,2025-07-04 01:05:00,204.0,192.63031903745704,True
584,Ridge,2025-07-04 01:10:00,204.0,195.87618580257933,True
584,Ridge,2025-07-04 01:15:00,205.0,198.73243419293806,True
584,Ridge,2025-07-04 01:20:00,207.0,201.522625778109,True
584,Ridge,2025-07-04 01:25:00,206.0,200.13906761802957,True
584,Ridge,2025-07-04 01:30:00,202.0,203.31559919791457,True
584,Ridge,2025-07-04 01:35:00,199.0,200.26334207342236,True
584,Ridge,2025-07-04 01:40:00,197.0,200.1366666499403,True
584,Ridge,2025-07-04 01:45:00,196.0,202.22862907428262,True
584,Ridge,2025-07-04 01:50:00,194.0,205.53528779875884,True
584,Ridge,2025-07-04 01:55:00,192.0,200.32750295366677,True
584,Ridge,2025-07-04 02:00:00,190.0,191.8867275256905,True
584,Ridge,2025-07-04 02:05:00,189.0,189.55277958789415,True
584,Ridge,2025-07-04 02:10:00,189.0,188.38804533726938,True
584,Ridge,2025-07-04 02:15:00,189.0,188.72417862858313,True
584,Ridge,2025-07-04 02:20:00,189.0,185.39617791490326,True
584,Ridge,2025-07-04 02:25:00,189.0,183.57005119858582,True
584,Ridge,2025-07-04 02:30:00,188.0,181.59621653051704,True
584,Ridge,2025-07-04 02:35:00,187.0,182.07475920514617,True
584,Ridge,2025-07-04 02:40:00,186.0,186.6126663788202,True
584,Ridge,2025-07-04 02:45:00,185.0,186.75386261086427,True
584,Ridge,2025-07-04 02:50:00,185.0,186.88099087418917,True
584,Ridge,2025-07-04 02:55:00,185.0,186.25347013761234,True
584,Ridge,2025-07-04 03:00:00,185.0,183.16318720260594,True
584,Ridge,2025-07-04 03:05:00,185.0,181.8012034389923,True
584,Ridge,2025-07-04 03:10:00,185.0,180.15851394649894,True
584,Ridge,2025-07-04 03:15:00,184.0,178.77819942670564,True
584,Ridge,2025-07-04 03:20:00,181.0,179.9752485041838,True
584,Ridge,2025-07-04 03:25:00,179.0,180.17847654149932,True
584,Ridge,2025-07-04 03:30:00,177.0,180.45605968089498,True
584,Ridge,2025-07-04 03:35:00,176.0,180.66102367702538,True
584,Ridge,2025-07-04 03:40:00,173.0,180.99192411049683,True
584,Ridge,2025-07-04 03:45:00,171.0,178.6604058603848,True
584,Ridge,2025-07-04 03:50:00,168.0,172.75383008184528,True
584,Ridge,2025-07-04 03:55:00,166.0,171.9509565969785,True
584,Ridge,2025-07-04 04:00:00,163.0,169.7107937930966,True
584,Ridge,2025-07-04 04:05:00,161.0,170.27222861716692,True
584,Ridge,2025-07-04 04:10:00,160.0,164.5567939675715,True
584,Ridge,2025-07-04 04:15:00,158.0,164.20447622267355,True
584,Ridge,2025-07-04 04:20:00,155.0,159.81424537887793,True
584,Ridge,2025-07-04 04:25:00,154.0,159.44556754993323,True
584,Ridge,2025-07-04 04:30:00,153.0,155.11735453821817,True
584,Ridge,2025-07-04 04:35:00,153.0,154.83493904584253,True
584,Ridge,2025-07-04 04:40:00,154.0,155.46409042011467,True
584,Ridge,2025-07-04 04:45:00,154.0,152.4105411558349,True
584,Ridge,2025-07-04 04:50:00,154.0,148.27283122592183,True
584,Ridge,2025-07-04 04:55:00,153.0,150.33521935229385,True
584,Ridge,2025-07-04 05:00:00,154.0,149.62235236889777,True
584,Ridge,2025-07-04 05:05:00,164.0,151.55336146860807,True
584,Ridge,2025-07-04 05:10:00,165.0,154.3007810780696,True
584,Ridge,2025-07-04 05:15:00,163.0,153.4565754126498,True
584,Ridge,2025-07-04 05:20:00,160.0,157.04975075051001,True
584,Ridge,2025-07-04 05:25:00,158.0,154.35269333288335,True
584,Ridge,2025-07-04 05:30:00,155.0,157.99327132694512,True
584,Ridge,2025-07-04 05:35:00,152.0,179.9247797015044,True
584,Ridge,2025-07-04 05:40:00,149.0,167.92370191333532,True
584,Ridge,2025-07-04 05:45:00,145.0,161.73465352371232,True
584,Ridge,2025-07-04 05:50:00,142.0,155.53041888956508,True
584,Ridge,2025-07-04 05:55:00,138.0,154.0812756442155,True
584,Ridge,2025-07-04 06:00:00,136.0,148.97167550482544,True
584,Ridge,2025-07-04 06:05:00,130.0,145.74687635177605,True
584,Ridge,2025-07-04 06:10:00,126.0,142.63992298420592,True
584,Ridge,2025-07-04 06:15:00,122.0,137.12110501668246,True
584,Ridge,2025-07-04 06:20:00,118.0,135.68712757650349,True
584,Ridge,2025-07-04 06:25:00,115.0,130.40185769522776,True
584,Ridge,2025-07-04 06:30:00,112.0,131.8334089924116,True
584,Ridge,2025-07-04 06:35:00,110.0,120.57685701119058,True
584,Ridge,2025-07-04 06:40:00,109.0,118.90879420200457,True
584,Ridge,2025-07-04 06:45:00,108.0,115.0772786340496,True
584,Ridge,2025-07-04 06:50:00,107.0,111.63264517111432,True
584,Ridge,2025-07-04 06:55:00,108.0,110.5256444057693,True
584,Ridge,2025-07-04 07:00:00,111.0,108.0717484022727,True
584,Ridge,2025-07-04 07:05:00,117.0,108.20020119806014,True
584,Ridge,2025-07-04 07:10:00,121.0,109.22584265538148,True
584,Ridge,2025-07-04 07:15:00,128.0,108.95235338196562,True
584,Ridge,2025-07-04 07:20:00,136.0,108.66003084841084,True
584,Ridge,2025-07-04 07:25:00,147.0,113.0153474166959,True
584,Ridge,2025-07-04 07:30:00,155.0,119.42140310711702,True
584,Ridge,2025-07-04 07:35:00,155.0,130.09392289470895,True
584,Ridge,2025-07-04 07:40:00,152.0,131.91802501489457,True
584,Ridge,2025-07-04 07:45:00,155.0,143.59475676943234,True
584,Ridge,2025-07-04 07:50:00,162.0,166.12394824793466,True
584,Ridge,2025-07-04 07:55:00,162.0,179.01468714179148,True
584,Ridge,2025-07-04 08:00:00,159.0,182.8314806411241,True
584,Ridge,2025-07-04 08:05:00,153.0,168.21687663567403,True
584,Ridge,2025-07-04 08:10:00,143.0,156.647807981776,True
584,Ridge,2025-07-04 08:15:00,135.0,164.45251702261004,True
584,Ridge,2025-07-04 08:20:00,131.0,173.50992694260415,True
584,Ridge,2025-07-04 08:25:00,126.0,161.79990708635765,True
584,Ridge,2025-07-04 08:30:00,121.0,153.2603393178714,True
584,Ridge,2025-07-04 08:35:00,115.0,142.05672999195895,True
584,Ridge,2025-07-04 08:40:00,108.0,125.15242726573395,True
584,Ridge,2025-07-04 08:45:00,104.0,118.74980637855636,True
584,Ridge,2025-07-04 08:50:00,102.0,120.39789262178155,True
584,Ridge,2025-07-04 08:55:00,100.0,114.59988913641595,True
584,Ridge,2025-07-04 09:00:00,100.0,110.17093614769246,True
584,Ridge,2025-07-04 09:05:00,99.0,103.02634640085267,True
584,Ridge,2025-07-04 09:10:00,97.0,95.33179325821322,True
584,Ridge,2025-07-04 09:15:00,101.0,96.44388065585667,True
584,Ridge,2025-07-04 09:20:00,109.0,97.67709279695939,True
584,Ridge,2025-07-04 09:25:00,118.0,96.96298462958181,True
584,Ridge,2025-07-04 09:30:00,122.0,100.85037572024525,True
584,Ridge,2025-07-04 09:35:00,125.0,99.37950582624023,True
584,Ridge,2025-07-04 09:40:00,126.0,96.88163949579265,True
584,Ridge,2025-07-04 09:45:00,124.0,110.17158534013657,True
584,Ridge,2025-07-04 09:50:00,120.0,124.64947324554615,True
584,Ridge,2025-07-04 09:55:00,119.0,136.1680701361063,True
584,Ridge,2025-07-04 10:00:00,119.0,133.8473660230768,True
584,Ridge,2025-07-04 10:05:00,120.0,135.5955683505948,True
584,Ridge,2025-07-04 10:10:00,123.0,133.3767124213449,True
584,Ridge,2025-07-04 10:15:00,125.0,127.00606434336653,True
584,Ridge,2025-07-04 10:20:00,127.0,119.64304562083603,True
584,Ridge,2025-07-04 10:25:00,130.0,122.08352314674784,True
584,Ridge,2025-07-04 10:30:00,133.0,123.08498477328209,True
584,Ridge,2025-07-04 10:35:00,134.0,125.56980599754003,True
584,Ridge,2025-07-04 10:40:00,135.0,131.67179609249243,True
584,Ridge,2025-07-04 10:45:00,137.0,132.88994171661,True
584,Ridge,2025-07-04 10:50:00,137.0,135.2719882490345,True
584,Ridge,2025-07-04 10:55:00,140.0,139.50260389046946,True
584,Ridge,2025-07-04 11:00:00,141.0,142.27535058763212,True
584,Ridge,2025-07-04 11:05:00,142.0,140.4195552635189,True
584,Ridge,2025-07-04 11:10:00,140.0,141.10274793934482,True
584,Ridge,2025-07-04 11:15:00,142.0,144.068483456341,True
584,Ridge,2025-07-04 11:20:00,145.0,141.12019729983996,True
584,Ridge,2025-07-04 11:25:00,146.0,148.38846921293114,True
584,Ridge,2025-07-04 11:30:00,147.0,146.35083678102202,True
584,Ridge,2025-07-04 11:35:00,149.0,147.52406702309148,True
584,Ridge,2025-07-04 11:40:00,150.0,140.96365264563164,True
584,Ridge,2025-07-04 11:45:00,142.0,148.32082704891477,True
584,Ridge,2025-07-04 11:50:00,147.0,150.78025826162718,True
584,Ridge,2025-07-04 11:55:00,154.0,150.71319597620223,True
584,Ridge,2025-07-04 12:00:00,161.0,151.635051362042,True
584,Ridge,2025-07-04 12:05:00,169.0,154.74193273378086,True
584,Ridge,2025-07-04 12:10:00,174.0,154.38950365983814,True
584,Ridge,2025-07-04 12:15:00,179.0,133.46027520685712,True
584,Ridge,2025-07-04 12:20:00,184.0,156.33237660477616,True
584,Ridge,2025-07-04 12:25:00,185.0,165.73313742134448,True
584,Ridge,2025-07-04 12:30:00,187.0,173.90221777434286,True
584,Ridge,2025-07-04 12:35:00,185.0,183.38907336091194,True
584,Ridge,2025-07-04 12:40:00,180.0,184.16767289218717,True
584,Ridge,2025-07-04 12:45:00,181.0,189.40311264263676,True
584,Ridge,2025-07-04 12:50:00,184.0,193.72530950729993,True
584,Ridge,2025-07-04 12:55:00,183.0,188.6390534191118,True
584,Ridge,2025-07-04 13:00:00,183.0,191.52043950387775,True
584,Ridge,2025-07-04 13:05:00,185.0,182.93419652653117,True
584,Ridge,2025-07-04 13:10:00,188.0,172.90207756294103,True
584,Ridge,2025-07-04 13:15:00,191.0,181.15334111062114,True
584,Ridge,2025-07-04 13:20:00,194.0,187.1084494710911,True
584,Ridge,2025-07-04 13:25:00,196.0,180.91337399189104,True
584,Ridge,2025-07-04 13:30:00,198.0,182.26127997398206,True
584,Ridge,2025-07-04 13:35:00,200.0,186.72428491425777,True
584,Ridge,2025-07-04 13:40:00,203.0,191.13469589145126,True
584,Ridge,2025-07-04 13:45:00,205.0,194.21116517701134,True
584,Ridge,2025-07-04 13:50:00,201.0,197.18339797128843,True
584,Ridge,2025-07-04 13:55:00,199.0,197.59521950824026,True
584,Ridge,2025-07-04 14:00:00,197.0,199.42536168607054,True
584,Ridge,2025-07-04 14:05:00,201.0,200.96887527526127,True
584,Ridge,2025-07-04 14:10:00,202.0,205.21932075999587,True
584,Ridge,2025-07-04 14:15:00,207.0,205.9381203590496,True
584,Ridge,2025-07-04 14:20:00,213.0,193.2624066447417,True
584,Ridge,2025-07-04 14:25:00,225.0,193.33618031659785,True
584,Ridge,2025-07-04 14:30:00,235.0,190.51644138962791,True
584,Ridge,2025-07-04 14:35:00,244.0,203.0814578350586,True
584,Ridge,2025-07-04 14:40:00,252.0,199.9293558678715,True
584,Ridge,2025-07-04 14:45:00,261.0,211.13201600157726,True
584,Ridge,2025-07-04 14:50:00,271.0,218.38981429291746,True
584,Ridge,2025-07-04 14:55:00,282.0,239.18952470600297,True
584,Ridge,2025-07-04 15:00:00,286.0,246.58294375093945,True
584,Ridge,2025-07-04 15:05:00,290.0,254.54181778202405,True
584,Ridge,2025-07-04 15:10:00,297.0,260.70432641086353,True
584,Ridge,2025-07-04 15:15:00,302.0,270.41513877801674,True
584,Ridge,2025-07-04 15:20:00,299.0,280.99006064805144,True
584,Ridge,2025-07-04 15:25:00,298.0,292.91202135896333,True
584,Ridge,2025-07-04 15:30:00,296.0,286.4895202531265,True
584,Ridge,2025-07-04 15:35:00,295.0,289.752433746027,True
584,Ridge,2025-07-04 15:40:00,295.0,299.3441294477417,True
584,Ridge,2025-07-04 15:45:00,295.0,300.9204297273155,True
584,Ridge,2025-07-04 15:50:00,297.0,286.0371676715132,True
584,Ridge,2025-07-04 15:55:00,298.0,286.69511561019567,True
584,Ridge,2025-07-04 16:00:00,299.0,281.6255030622715,True
584,Ridge,2025-07-04 16:05:00,303.0,281.3261146593206,True
584,Ridge,2025-07-04 16:10:00,309.0,281.90361301004714,True
584,Ridge,2025-07-04 16:15:00,316.0,281.80778647642944,True
584,Ridge,2025-07-04 16:20:00,320.0,286.6567505565365,True
584,Ridge,2025-07-04 16:25:00,316.0,286.06810439156294,True
584,Ridge,2025-07-04 16:30:00,312.0,286.8730137018723,True
584,Ridge,2025-07-04 16:35:00,306.0,295.02316140378394,True
584,Ridge,2025-07-04 16:40:00,301.0,303.94199990502705,True
584,Ridge,2025-07-04 16:45:00,298.0,312.39241939790406,True
584,Ridge,2025-07-04 16:50:00,293.0,311.95037774782077,True
584,Ridge,2025-07-04 16:55:00,293.0,296.6118518929875,True
584,Ridge,2025-07-04 17:00:00,293.0,291.7704698874088,True
584,Ridge,2025-07-04 17:05:00,293.0,281.636560987294,True
584,Ridge,2025-07-04 17:10:00,293.0,277.2583509617157,True
584,Ridge,2025-07-04 17:15:00,293.0,276.3635933260302,True
584,Ridge,2025-07-04 17:20:00,293.0,268.5642249591834,True
584,Ridge,2025-07-05 09:45:00,109.0,156.5112430604109,False
584,Ridge,2025-07-05 09:50:00,108.0,156.5237395572264,False
584,Ridge,2025-07-05 09:55:00,106.0,156.53612521578432,False
584,Ridge,2025-07-05 10:00:00,106.0,156.548394141182,False
584,Ridge,2025-07-05 10:05:00,108.0,156.5605404940754,False
584,Ridge,2025-07-05 10:10:00,113.0,156.57255849345842,False
584,Ridge,2025-07-05 10:15:00,120.0,114.96802274686166,True
584,Ridge,2025-07-05 10:20:00,127.0,113.8226511166202,True
584,Ridge,2025-07-05 10:25:00,135.0,110.75030957899043,True
584,Ridge,2025-07-05 10:30:00,141.0,113.87473412346779,True
584,Ridge,2025-07-05 10:35:00,146.0,118.51421812554875,True
584,Ridge,2025-07-05 10:40:00,148.0,130.23094162001124,True
584,Ridge,2025-07-05 10:45:00,152.0,138.76091457513886,True
584,Ridge,2025-07-05 10:50:00,153.0,144.02982044642695,True
584,Ridge,2025-07-05 10:55:00,161.0,154.01024613287046,True
584,Ridge,2025-07-05 11:00:00,163.0,156.6073046236061,True
584,Ridge,2025-07-05 11:05:00,159.0,173.04551637559794,True
584,Ridge,2025-07-05 11:10:00,162.0,168.6601173237593,True
584,Ridge,2025-07-05 11:15:00,163.0,173.90135312709765,True
584,Ridge,2025-07-05 11:20:00,160.0,166.6019294511012,True
584,Ridge,2025-07-05 11:25:00,160.0,180.62412252658558,True
584,Ridge,2025-07-05 11:30:00,157.0,171.41416538736655,True
584,Ridge,2025-07-05 11:35:00,154.0,156.08427330984938,True
584,Ridge,2025-07-05 11:40:00,151.0,165.8946299924786,True
584,Ridge,2025-07-05 11:45:00,148.0,162.23607851358608,True
584,Ridge,2025-07-05 11:50:00,146.0,154.0503868213291,True
584,Ridge,2025-07-05 11:55:00,140.0,157.50039407389863,True
584,Ridge,2025-07-05 12:00:00,136.0,149.60625692284324,True
584,Ridge,2025-07-05 12:05:00,129.0,147.13259087949018,True
584,Ridge,2025-07-05 12:10:00,120.0,143.61108912247929,True
584,Ridge,2025-07-05 12:15:00,117.0,139.87224687530752,True
584,Ridge,2025-07-05 12:20:00,113.0,140.47223624301745,True
584,Ridge,2025-07-05 12:25:00,109.0,129.17714401986404,True
584,Ridge,2025-07-05 12:30:00,106.0,127.89521028424488,True
584,Ridge,2025-07-05 12:35:00,108.0,116.38358408188462,True
584,Ridge,2025-07-05 12:40:00,107.0,105.0613394656192,True
584,Ridge,2025-07-05 12:45:00,106.0,110.35221861925001,True
584,Ridge,2025-07-05 12:50:00,109.0,105.35166298988156,True
584,Ridge,2025-07-05 12:55:00,109.0,102.70002279384707,True
584,Ridge,2025-07-05 13:00:00,111.0,101.68283425432269,True
584,Ridge,2025-07-05 13:05:00,112.0,111.86418553540278,True
584,Ridge,2025-07-05 13:10:00,111.0,107.75404869028088,True
584,Ridge,2025-07-05 13:15:00,111.0,107.91299826365719,True
584,Ridge,2025-07-05 13:20:00,110.0,117.04621115542173,True
584,Ridge,2025-07-05 13:25:00,110.0,113.33989579005956,True
584,Ridge,2025-07-05 13:30:00,108.0,118.88195324270268,True
584,Ridge,2025-07-05 13:35:00,108.0,118.34236691396328,True
584,Ridge,2025-07-05 13:40:00,108.0,114.98878398287998,True
584,Ridge,2025-07-05 13:45:00,111.0,116.63949898673359,True
584,Ridge,2025-07-05 13:50:00,113.0,114.00063295968768,True
584,Ridge,2025-07-05 13:55:00,117.0,115.56638343480287,True
584,Ridge,2025-07-05 14:00:00,120.0,110.68833286126548,True
584,Ridge,2025-07-05 14:05:00,123.0,113.72949120249172,True
584,Ridge,2025-07-05 14:10:00,125.0,113.5040043651353,True
584,Ridge,2025-07-05 14:15:00,128.0,121.10595599678352,True
584,Ridge,2025-07-05 14:20:00,127.0,122.00452778161917,True
584,Ridge,2025-07-05 14:25:00,131.0,129.0591209877383,True
584,Ridge,2025-07-05 14:30:00,134.0,130.75053240786366,True
584,Ridge,2025-07-05 14:35:00,133.0,133.84037193759013,True
584,Ridge,2025-07-05 14:40:00,136.0,134.22683113743835,True
584,Ridge,2025-07-05 14:45:00,136.0,138.5263355159711,True
584,Ridge,2025-07-05 14:50:00,135.0,131.62864244658226,True
584,Ridge,2025-07-05 14:55:00,136.0,142.46817425246758,True
584,Ridge,2025-07-05 15:00:00,137.0,143.5342920281694,True
584,Ridge,2025-07-05 15:05:00,139.0,135.5324709531371,True
584,Ridge,2025-07-05 15:10:00,143.0,145.2461933842092,True
584,Ridge,2025-07-05 15:15:00,151.0,140.63974894338648,True
584,Ridge,2025-07-05 15:20:00,149.0,138.40660581493424,True
584,Ridge,2025-07-05 15:25:00,147.0,141.74687994134442,True
584,Ridge,2025-07-05 15:30:00,149.0,142.5197815146879,True
584,Ridge,2025-07-05 15:35:00,149.0,146.0447866583465,True
584,Ridge,2025-07-05 15:40:00,149.0,152.67684507967252,True
584,Ridge,2025-07-05 15:45:00,149.0,166.4029269014701,True
584,Ridge,2025-07-05 15:50:00,149.0,150.413603791615,True
584,Ridge,2025-07-05 15:55:00,149.0,148.53131097972135,True
584,Ridge,2025-07-05 16:00:00,149.0,154.91509612345578,True
584,Ridge,2025-07-05 17:35:00,154.0,156.69934792519825,False
584,Ridge,2025-07-05 17:40:00,155.0,156.6891918303484,False
584,Ridge,2025-07-05 17:45:00,155.0,156.67884615091978,False
584,Ridge,2025-07-05 17:50:00,154.0,171.4845434784804,False
584,Ridge,2025-07-05 17:55:00,153.0,169.77170814890127,False
584,Ridge,2025-07-05 18:00:00,151.0,168.44637988442105,False
584,Ridge,2025-07-05 18:05:00,150.0,163.35896789197994,True
584,Ridge,2025-07-05 18:10:00,150.0,162.39609185541406,True
584,Ridge,2025-07-05 18:15:00,151.0,157.0419942979684,True
584,Ridge,2025-07-05 18:20:00,152.0,152.39958232285878,True
584,Ridge,2025-07-05 18:25:00,153.0,148.84404009190328,True
584,Ridge,2025-07-05 18:30:00,155.0,144.04881624045666,True
584,Ridge,2025-07-05 18:35:00,156.0,144.5304558119914,True
584,Ridge,2025-07-05 18:40:00,155.0,145.8221670543799,True
584,Ridge,2025-07-05 18:45:00,153.0,148.5128698004758,True
584,Ridge,2025-07-05 18:50:00,151.0,150.61716280514332,True
584,Ridge,2025-07-05 18:55:00,151.0,152.14804278254118,True
584,Ridge,2025-07-05 19:00:00,151.0,155.9329893240966,True
584,Ridge,2025-07-05 19:05:00,152.0,155.8755461464208,True
584,Ridge,2025-07-05 19:10:00,153.0,152.38206948784853,True
584,Ridge,2025-07-05 19:15:00,155.0,159.71803734375274,True
584,Ridge,2025-07-05 19:20:00,155.0,156.24156734123974,True
584,Ridge,2025-07-05 19:25:00,154.0,158.0280833886701,True
584,Ridge,2025-07-05 19:30:00,151.0,155.44405420093983,True
584,Ridge,2025-07-05 19:35:00,147.0,155.53243774046857,True
584,Ridge,2025-07-05 19:40:00,144.0,155.04871593221344,True
584,Ridge,2025-07-05 19:45:00,140.0,156.3538041960047,True
584,Ridge,2025-07-05 19:50:00,138.0,152.060373074162,True
584,Ridge,2025-07-05 19:55:00,137.0,148.9213226063125,True
584,Ridge,2025-07-05 20:00:00,135.0,143.08500572171909,True
584,Ridge,2025-07-05 20:05:00,133.0,137.27672248633726,True
584,Ridge,2025-07-05 20:10:00,128.0,135.1870882883752,True
584,Ridge,2025-07-05 20:15:00,125.0,130.1545468972035,True
584,Ridge,2025-07-05 20:20:00,123.0,131.37895239947676,True
584,Ridge,2025-07-05 20:25:00,122.0,132.30240626237403,True
584,Ridge,2025-07-05 20:30:00,123.0,129.67539762483642,True
584,Ridge,2025-07-05 20:35:00,124.0,128.31721084481887,True
584,Ridge,2025-07-05 20:40:00,125.0,119.37747837481047,True
584,Ridge,2025-07-05 20:45:00,127.0,119.45878193160934,True
584,Ridge,2025-07-05 20:50:00,129.0,118.84211684474799,True
584,Ridge,2025-07-05 20:55:00,131.0,119.84307488999295,True
584,Ridge,2025-07-05 21:00:00,133.0,124.2829146271246,True
584,Ridge,2025-07-05 21:05:00,137.0,126.11232310000071,True
584,Ridge,2025-07-05 21:10:00,141.0,127.9631726158357,True
584,Ridge,2025-07-05 21:15:00,143.0,131.7784789786566,True
584,Ridge,2025-07-05 21:20:00,146.0,134.24091616238286,True
584,Ridge,2025-07-05 21:25:00,149.0,136.60045517925155,True
584,Ridge,2025-07-05 21:30:00,155.0,138.67803930784322,True
584,Ridge,2025-07-05 21:35:00,161.0,145.5450881302071,True
584,Ridge,2025-07-05 21:40:00,168.0,149.53679884124924,True
584,Ridge,2025-07-05 21:45:00,176.0,148.98747329206452,True
584,Ridge,2025-07-05 21:50:00,182.0,151.4291427018763,True
584,Ridge,2025-07-05 21:55:00,186.0,155.8733690154356,True
584,Ridge,2025-07-05 22:00:00,190.0,166.1354299813458,True
584,Ridge,2025-07-05 22:05:00,192.0,172.02058255759803,True
584,Ridge,2025-07-05 22:10:00,194.0,180.55213149738555,True
584,Ridge,2025-07-05 22:15:00,194.0,189.81276338632824,True
584,Ridge,2025-07-05 22:20:00,196.0,192.8369879038936,True
584,Ridge,2025-07-05 22:25:00,200.0,193.71903553094228,True
584,Ridge,2025-07-05 22:30:00,203.0,197.03903821336135,True
584,Ridge,2025-07-05 22:35:00,204.0,195.57979664869927,True
584,Ridge,2025-07-05 22:40:00,203.0,196.9016910453498,True
584,Ridge,2025-07-05 22:45:00,203.0,193.19271630195328,True
584,Ridge,2025-07-05 22:50:00,204.0,197.4644690351448,True
584,Ridge,2025-07-05 22:55:00,206.0,203.69903569943864,True
584,Ridge,2025-07-05 23:00:00,208.0,205.20502913080375,True
584,Ridge,2025-07-05 23:05:00,210.0,203.18373027903903,True
584,Ridge,2025-07-05 23:10:00,210.0,198.9036168256005,True
584,Ridge,2025-07-05 23:15:00,210.0,198.38187584729974,True
584,Ridge,2025-07-05 23:20:00,211.0,201.42262072536533,True
584,Ridge,2025-07-05 23:25:00,211.0,204.60810210473022,True
584,Ridge,2025-07-05 23:30:00,210.0,206.53016853276063,True
584,Ridge,2025-07-05 23:35:00,212.0,208.43467334268203,True
584,Ridge,2025-07-05 23:40:00,214.0,205.50012967683807,True
584,Ridge,2025-07-05 23:45:00,215.0,205.31001204463038,True
584,Ridge,2025-07-05 23:50:00,216.0,207.5605366803705,True
584,Ridge,2025-07-05 23:55:00,220.0,206.11465391648773,True
584,Ridge,2025-07-06 00:00:00,223.0,203.51090235423715,True
584,Ridge,2025-07-06 00:05:00,224.0,209.36092091152312,True
584,Ridge,2025-07-06 00:10:00,224.0,211.2042426262306,True
584,Ridge,2025-07-06 00:15:00,224.0,211.0658628268036,True
584,Ridge,2025-07-06 00:20:00,224.0,212.0153011836005,True
584,Ridge,2025-07-06 00:25:00,223.0,220.14627922473022,True
584,Ridge,2025-07-06 00:30:00,221.0,221.73941716539014,True
584,Ridge,2025-07-06 00:35:00,218.0,219.99618059684911,True
584,Ridge,2025-07-06 00:40:00,216.0,218.2096441922455,True
584,Ridge,2025-07-06 00:45:00,215.0,217.86511675440008,True
584,Ridge,2025-07-06 00:50:00,214.0,217.62440290165463,True
584,Ridge,2025-07-06 00:55:00,213.0,214.91976438437413,True
584,Ridge,2025-07-06 01:00:00,218.0,211.20862821922435,True
584,Ridge,2025-07-06 01:05:00,221.0,206.50534298102497,True
584,Ridge,2025-07-06 01:10:00,223.0,205.52081976512213,True
584,Ridge,2025-07-06 01:15:00,221.0,205.70192509649473,True
584,Ridge,2025-07-06 01:20:00,218.0,204.89553954379923,True
584,Ridge,2025-07-06 01:25:00,222.0,204.22852997349315,True
584,Ridge,2025-07-06 01:30:00,223.0,217.91240018258597,True
584,Ridge,2025-07-06 01:35:00,226.0,218.37636995127465,True
584,Ridge,2025-07-06 01:40:00,230.0,219.61135545810487,True
584,Ridge,2025-07-06 01:45:00,231.0,211.83013079638093,True
584,Ridge,2025-07-06 01:50:00,234.0,207.18914937223147,True
584,Ridge,2025-07-06 01:55:00,236.0,220.59877679177407,True
584,Ridge,2025-07-06 02:00:00,239.0,217.27500385913882,True
584,Ridge,2025-07-06 02:05:00,242.0,223.63634098258035,True
584,Ridge,2025-07-06 02:10:00,241.0,228.84569166517463,True
584,Ridge,2025-07-06 02:15:00,238.0,225.89157977207861,True
584,Ridge,2025-07-06 02:20:00,238.0,231.68991801803253,True
584,Ridge,2025-07-06 02:25:00,240.0,231.9613312068119,True
584,Ridge,2025-07-06 02:30:00,240.0,236.6709936892663,True
584,Ridge,2025-07-06 02:35:00,239.0,239.22619824289814,True
584,Ridge,2025-07-06 02:40:00,237.0,232.29630654667608,True
584,Ridge,2025-07-06 02:45:00,236.0,225.94192959519262,True
584,Ridge,2025-07-06 02:50:00,236.0,229.50616545190996,True
584,Ridge,2025-07-06 02:55:00,238.0,234.26715548404985,True
584,Ridge,2025-07-06 03:00:00,238.0,231.45000151747587,True
584,Ridge,2025-07-06 03:05:00,238.0,229.15356072026097,True
584,Ridge,2025-07-06 03:10:00,239.0,225.4429205016122,True
584,Ridge,2025-07-06 03:15:00,236.0,225.50016210146083,True
584,Ridge,2025-07-06 03:20:00,235.0,226.7842793790735,True
584,Ridge,2025-07-06 03:25:00,240.0,231.73703768605702,True
584,Ridge,2025-07-06 03:30:00,238.0,229.21337177665353,True
584,Ridge,2025-07-06 03:35:00,237.0,229.36101371521974,True
584,Ridge,2025-07-06 03:40:00,235.0,231.43630626915643,True
584,Ridge,2025-07-06 03:45:00,234.0,222.78463206027556,True
584,Ridge,2025-07-06 03:50:00,233.0,224.6854743987554,True
584,Ridge,2025-07-06 03:55:00,233.0,237.89107133325717,True
584,Ridge,2025-07-06 04:00:00,234.0,226.29628568415814,True
584,Ridge,2025-07-06 04:05:00,235.0,227.02108235052503,True
584,Ridge,2025-07-06 04:10:00,235.0,222.91568754517002,True
584,Ridge,2025-07-06 04:15:00,230.0,223.48316347254325,True
584,Ridge,2025-07-06 04:20:00,223.0,222.34241588526837,True
584,Ridge,2025-07-06 04:25:00,225.0,223.90818633135066,True
584,Ridge,2025-07-06 04:30:00,221.0,226.47204760565475,True
584,Ridge,2025-07-06 04:35:00,217.0,227.75681792904652,True
584,Ridge,2025-07-06 04:40:00,215.0,226.5405707356353,True
584,Ridge,2025-07-06 04:45:00,213.0,214.2711557135878,True
584,Ridge,2025-07-06 04:50:00,211.0,204.08723854234512,True
584,Ridge,2025-07-06 04:55:00,211.0,218.30434406891882,True
584,Ridge,2025-07-06 05:00:00,212.0,205.4891511096103,True
584,Ridge,2025-07-06 05:05:00,214.0,202.2486399908207,True
584,Ridge,2025-07-06 05:10:00,214.0,202.71377132089702,True
584,Ridge,2025-07-06 05:15:00,214.0,201.2014338852519,True
584,Ridge,2025-07-06 05:20:00,211.0,199.6049530644076,True
584,Ridge,2025-07-06 05:25:00,211.0,202.8197956410641,True
584,Ridge,2025-07-06 05:30:00,211.0,205.90296360158885,True
584,Ridge,2025-07-06 05:35:00,211.0,209.930014543528,True
584,Ridge,2025-07-06 05:40:00,211.0,207.39930887962709,True
584,Ridge,2025-07-06 05:45:00,213.0,207.49091310858535,True
584,Ridge,2025-07-06 05:50:00,214.0,200.2588897589245,True
584,Ridge,2025-07-06 05:55:00,213.0,204.74805273397996,True
584,Ridge,2025-07-06 06:00:00,212.0,208.11363854149178,True
584,Ridge,2025-07-06 06:05:00,211.0,208.0656722739576,True
584,Ridge,2025-07-06 06:10:00,208.0,207.92243863110488,True
584,Ridge,2025-07-06 06:15:00,204.0,211.95620674470496,True
584,Ridge,2025-07-06 06:20:00,197.0,210.7415543860145,True
584,Ridge,2025-07-06 06:25:00,188.0,206.55184506467705,True
584,Ridge,2025-07-06 06:30:00,179.0,204.58532567375963,True
584,Ridge,2025-07-06 06:35:00,177.0,202.76748295746074,True
584,Ridge,2025-07-06 06:40:00,174.0,196.3439124957925,True
584,Ridge,2025-07-06 06:45:00,170.0,190.64077902395258,True
584,Ridge,2025-07-06 06:50:00,164.0,178.82671452521657,True
584,Ridge,2025-07-06 06:55:00,163.0,166.60973991791974,True
584,Ridge,2025-07-06 07:00:00,161.0,157.13419716868142,True
584,Ridge,2025-07-06 07:05:00,159.0,165.00366438089853,True
584,Ridge,2025-07-06 07:10:00,157.0,161.32033274411785,True
584,Ridge,2025-07-06 07:15:00,157.0,157.35028269460705,True
584,Ridge,2025-07-06 07:20:00,158.0,149.09504878941078,True
584,Ridge,2025-07-06 07:25:00,159.0,155.7665131717991,True
584,Ridge,2025-07-06 07:30:00,160.0,152.96618101583294,True
584,Ridge,2025-07-06 07:35:00,165.0,152.01638071058082,True
584,Ridge,2025-07-06 07:40:00,163.0,150.51997274181204,True
584,Ridge,2025-07-06 07:45:00,158.0,153.98466521841794,True
584,Ridge,2025-07-06 07:50:00,159.0,156.885901872057,True
584,Ridge,2025-07-06 07:55:00,160.0,158.58238637040157,True
584,Ridge,2025-07-06 08:00:00,159.0,160.32181026806808,True
584,Ridge,2025-07-06 08:05:00,158.0,171.58883160124154,True
584,Ridge,2025-07-06 08:10:00,154.0,159.96022792516624,True
584,Ridge,2025-07-06 08:15:00,146.0,150.8711878598117,True
584,Ridge,2025-07-06 08:20:00,144.0,159.58087226927142,True
584,Ridge,2025-07-06 08:25:00,143.0,160.68199721852494,True
584,Ridge,2025-07-06 08:30:00,143.0,157.31863069909312,True
584,Ridge,2025-07-06 08:35:00,147.0,156.3092596093798,True
584,Ridge,2025-07-06 08:40:00,149.0,148.0184363453425,True
584,Ridge,2025-07-06 08:45:00,153.0,134.05653069652033,True
584,Ridge,2025-07-06 08:50:00,148.0,139.90622932519142,True
584,Ridge,2025-07-06 08:55:00,149.0,140.17696750410877,True
584,Ridge,2025-07-06 09:00:00,154.0,142.5338455964781,True
584,Ridge,2025-07-06 09:05:00,167.0,152.8804603776427,True
584,Ridge,2025-07-06 09:10:00,169.0,152.56887911027744,True
584,Ridge,2025-07-06 09:15:00,177.0,160.11877437582305,True
584,Ridge,2025-07-06 09:20:00,182.0,142.7057797143018,True
584,Ridge,2025-07-06 09:25:00,192.0,152.2351583436261,True
584,Ridge,2025-07-06 09:30:00,202.0,162.16583441768248,True
584,Ridge,2025-07-06 09:35:00,211.0,200.11449214877322,True
584,Ridge,2025-07-06 09:40:00,212.0,185.50300380682776,True
584,Ridge,2025-07-06 09:45:00,211.0,201.2063954870012,True
584,Ridge,2025-07-06 09:50:00,215.0,198.11462090465255,True
584,Ridge,2025-07-06 09:55:00,207.0,212.09306743773612,True
584,Ridge,2025-07-06 10:00:00,196.0,218.91042362676973,True
584,Ridge,2025-07-06 10:05:00,187.0,224.0567810085556,True
584,Ridge,2025-07-06 10:10:00,183.0,211.19524749653564,True
584,Ridge,2025-07-06 10:15:00,183.0,205.18878113755648,True
584,Ridge,2025-07-06 10:20:00,173.0,214.76492747052254,True
584,Ridge,2025-07-06 10:25:00,168.0,189.37176086465223,True
584,Ridge,2025-07-06 10:30:00,168.0,173.3009902014909,True
584,Ridge,2025-07-06 10:35:00,167.0,165.52812453858303,True
584,Ridge,2025-07-06 10:40:00,168.0,167.49385477112526,True
584,Ridge,2025-07-06 10:45:00,172.0,173.66677085601276,True
584,Ridge,2025-07-06 10:50:00,173.0,150.38689253709322,True
584,Ridge,2025-07-06 10:55:00,172.0,153.54059478904168,True
584,Ridge,2025-07-06 11:00:00,170.0,160.5045790816878,True
584,Ridge,2025-07-06 11:05:00,170.0,159.27200919164204,True
584,Ridge,2025-07-06 11:10:00,175.0,164.00073285528256,True
584,Ridge,2025-07-06 11:15:00,181.0,173.35270215809848,True
584,Ridge,2025-07-06 11:20:00,182.0,171.31825824108833,True
584,Ridge,2025-07-06 11:25:00,180.0,180.71114925102475,True
584,Ridge,2025-07-06 11:30:00,178.0,175.7731199606765,True
584,Ridge,2025-07-06 11:35:00,169.0,177.78759956047506,True
584,Ridge,2025-07-06 11:40:00,152.0,187.00920327567388,True
584,Ridge,2025-07-06 11:45:00,147.0,191.43966648789456,True
584,Ridge,2025-07-06 11:50:00,148.0,183.48582687540306,True
584,Ridge,2025-07-06 11:55:00,147.0,174.66844197014882,True
584,Ridge,2025-07-06 12:00:00,141.0,170.29341610751902,True
584,Ridge,2025-07-06 12:05:00,136.0,149.64250779365935,True
584,Ridge,2025-07-06 12:10:00,132.0,120.39297837961564,True
584,Ridge,2025-07-06 12:15:00,134.0,130.90152412741006,True
584,Ridge,2025-07-06 12:20:00,132.0,139.82889266653805,True
584,Ridge,2025-07-06 12:25:00,125.0,138.4537300002287,True
584,Ridge,2025-07-06 12:30:00,121.0,126.97901960969835,True
584,Ridge,2025-07-06 12:35:00,115.0,124.5489578046836,True
584,Ridge,2025-07-06 12:40:00,110.0,122.52970417219333,True
584,Ridge,2025-07-06 12:45:00,112.0,133.6803125372149,True
584,Ridge,2025-07-06 12:50:00,115.0,126.78625132943165,True
584,Ridge,2025-07-06 12:55:00,118.0,112.63591888793451,True
584,Ridge,2025-07-06 13:00:00,115.0,113.96393455358154,True
584,Ridge,2025-07-06 13:05:00,109.0,104.68220382280344,True
584,Ridge,2025-07-06 13:10:00,102.0,101.53326647707462,True
584,Ridge,2025-07-06 13:15:00,103.0,114.52832581970736,True
584,Ridge,2025-07-06 13:20:00,109.0,120.42674336961554,True
584,Ridge,2025-07-06 13:25:00,105.0,124.85534269335982,True
584,Ridge,2025-07-06 13:30:00,99.0,113.95417693142227,True
584,Ridge,2025-07-06 13:35:00,93.0,102.3865187827213,True
584,Ridge,2025-07-06 13:40:00,95.0,94.89984998013489,True
584,Ridge,2025-07-06 13:45:00,110.0,107.07164765987784,True
584,Ridge,2025-07-06 13:50:00,126.0,120.3766646798029,True
584,Ridge,2025-07-06 13:55:00,133.0,103.50795424755712,True
584,Ridge,2025-07-06 14:00:00,132.0,95.43947072848704,True
584,Ridge,2025-07-06 14:05:00,141.0,88.54921895012433,True
584,Ridge,2025-07-06 14:10:00,154.0,102.05610141621256,True
584,Ridge,2025-07-06 14:15:00,165.0,136.29532759457624,True
584,Ridge,2025-07-06 14:20:00,163.0,155.26658281554953,True
584,Ridge,2025-07-06 14:25:00,158.0,151.2125213695456,True
584,Ridge,2025-07-06 14:30:00,155.0,138.6423304957146,True
584,Ridge,2025-07-06 14:35:00,160.0,160.62196794591958,True
584,Ridge,2025-07-06 14:40:00,164.0,178.75030119704488,True
584,Ridge,2025-07-06 14:45:00,167.0,187.88279267055776,True
584,Ridge,2025-07-06 14:50:00,174.0,167.20875457239066,True
584,Ridge,2025-07-06 14:55:00,179.0,156.2411578909983,True
584,Ridge,2025-07-06 15:00:00,178.0,153.94054091828133,True
584,Ridge,2025-07-06 15:05:00,176.0,169.40546504789225,True
584,Ridge,2025-07-06 15:10:00,174.0,172.28331080193388,True
584,Ridge,2025-07-06 15:15:00,183.0,174.73380020168312,True
584,Ridge,2025-07-06 15:20:00,182.0,186.79794628542783,True
584,Ridge,2025-07-06 15:25:00,179.0,186.50107367120435,True
584,Ridge,2025-07-06 15:30:00,178.0,178.42646201749184,True
584,Ridge,2025-07-06 15:35:00,190.0,174.83048680053693,True
584,Ridge,2025-07-06 15:40:00,196.0,171.99417510303854,True
584,Ridge,2025-07-06 15:45:00,193.0,195.80824921087535,True
584,Ridge,2025-07-06 15:50:00,198.0,179.99094130030065,True
584,Ridge,2025-07-06 15:55:00,198.0,174.72596699242524,True
584,Ridge,2025-07-06 16:00:00,201.0,175.62775899078036,True
584,Ridge,2025-07-06 16:05:00,200.0,206.08345707021834,True
584,Ridge,2025-07-06 16:10:00,187.0,203.93044437447506,True
584,Ridge,2025-07-06 16:15:00,184.0,189.08082447631222,True
584,Ridge,2025-07-06 16:20:00,186.0,204.63642228973407,True
584,Ridge,2025-07-06 16:25:00,186.0,196.5423725039967,True
584,Ridge,2025-07-06 16:30:00,182.0,203.93364759377062,True
584,Ridge,2025-07-06 16:35:00,177.0,196.42352262910885,True
584,Ridge,2025-07-06 16:40:00,189.0,166.2312879966108,True
584,Ridge,2025-07-06 16:45:00,194.0,176.28502487702494,True
584,Ridge,2025-07-06 16:50:00,176.0,183.4908604971059,True
584,Ridge,2025-07-06 16:55:00,174.0,181.75655219049585,True
584,Ridge,2025-07-06 17:00:00,166.0,174.3524003715192,True
584,Ridge,2025-07-06 17:05:00,159.0,168.29602456309135,True
584,Ridge,2025-07-06 17:10:00,150.0,203.79189748732688,True
584,Ridge,2025-07-06 17:15:00,162.0,198.8078221346692,True
584,Ridge,2025-07-06 17:20:00,171.0,149.58473911370314,True
584,Ridge,2025-07-06 17:25:00,164.0,168.36463949694252,True
584,Ridge,2025-07-06 17:30:00,158.0,149.54791773352085,True
584,Ridge,2025-07-06 17:35:00,154.0,144.25302253520454,True
584,Ridge,2025-07-06 17:40:00,151.0,130.94567398953117,True
584,Ridge,2025-07-06 17:45:00,162.0,174.37497996243977,True
584,Ridge,2025-07-06 17:50:00,177.0,180.74808361821619,True
584,Ridge,2025-07-06 17:55:00,184.0,153.44681882866257,True
584,Ridge,2025-07-06 18:00:00,185.0,148.59348861267168,True
584,Ridge,2025-07-06 18:05:00,190.0,146.44895912155374,True
584,Ridge,2025-07-06 18:10:00,194.0,145.52432163021774,True
584,Ridge,2025-07-06 18:15:00,200.0,175.73149539866972,True
584,Ridge,2025-07-06 18:20:00,216.0,196.72485808247865,True
584,Ridge,2025-07-06 18:25:00,216.0,195.11664131581725,True
584,Ridge,2025-07-06 18:30:00,213.0,187.68841709344073,True
584,Ridge,2025-07-06 18:35:00,201.0,197.58169632072756,True
584,Ridge,2025-07-06 18:40:00,189.0,199.99280097848782,True
584,Ridge,2025-07-06 18:45:00,187.0,209.57011110588712,True
584,Ridge,2025-07-06 18:50:00,181.0,238.54655470185526,True
584,Ridge,2025-07-06 18:55:00,176.0,215.29083865528216,True
584,Ridge,2025-07-06 19:00:00,188.0,208.1529535758852,True
584,Ridge,2025-07-06 19:05:00,207.0,181.05878164033692,True
584,Ridge,2025-07-06 19:10:00,215.0,167.6217445629347,True
584,Ridge,2025-07-06 19:15:00,206.0,178.27679361192227,True
584,Ridge,2025-07-06 19:20:00,201.0,166.0380333863769,True
584,Ridge,2025-07-06 19:25:00,193.0,162.79609571284539,True
584,Ridge,2025-07-06 19:30:00,181.0,199.04375205649023,True
584,Ridge,2025-07-06 19:35:00,180.0,229.59701769260406,True
584,Ridge,2025-07-06 19:40:00,178.0,224.49086041749695,True
584,Ridge,2025-07-06 19:45:00,179.0,192.32909874017471,True
584,Ridge,2025-07-06 19:50:00,177.0,191.69826567460515,True
584,Ridge,2025-07-06 19:55:00,174.0,176.76191000294355,True
584,Ridge,2025-07-06 20:00:00,170.0,157.8865024121667,True
584,Ridge,2025-07-06 20:05:00,172.0,170.91285572668053,True
584,Ridge,2025-07-06 20:10:00,172.0,167.8228653848563,True
584,Ridge,2025-07-06 20:15:00,174.0,175.00015819970045,True
584,Ridge,2025-07-06 20:20:00,182.0,169.17666842817542,True
584,Ridge,2025-07-06 20:25:00,188.0,166.1624371984435,True
584,Ridge,2025-07-06 20:30:00,193.0,161.56524946733109,True
584,Ridge,2025-07-06 20:35:00,196.0,172.12166248216738,True
584,Ridge,2025-07-06 20:40:00,198.0,168.86225489706302,True
584,Ridge,2025-07-06 20:45:00,189.0,173.9479261720976,True
584,Ridge,2025-07-06 20:50:00,180.0,190.8349312405072,True
584,Ridge,2025-07-06 20:55:00,184.0,194.52465536642808,True
584,Ridge,2025-07-06 21:00:00,188.0,197.71652281589255,True
584,Ridge,2025-07-06 21:05:00,191.0,199.32759716980576,True
584,Ridge,2025-07-06 21:10:00,193.0,199.73643764970453,True
584,Ridge,2025-07-06 21:15:00,195.0,174.717936920162,True
584,Ridge,2025-07-06 21:20:00,195.0,164.30721798584554,True
584,Ridge,2025-07-06 21:25:00,195.0,185.03091001296397,True
584,Ridge,2025-07-06 21:30:00,195.0,189.22676642345087,True
584,Ridge,2025-07-06 21:35:00,194.0,192.33406084456357,True
584,Ridge,2025-07-06 21:40:00,196.0,193.13617397938,True
584,Ridge,2025-07-06 21:45:00,204.0,195.480754179531,True
584,Ridge,2025-07-06 21:50:00,207.0,192.82367929025074,True
584,Ridge,2025-07-06 21:55:00,213.0,192.46022058405663,True
584,Ridge,2025-07-06 22:00:00,216.0,192.108471888818,True
584,Ridge,2025-07-06 22:05:00,215.0,189.40142631173478,True
584,Ridge,2025-07-06 22:10:00,212.0,208.30631972126622,True
584,Ridge,2025-07-06 22:15:00,208.0,222.64667523304732,True
584,Ridge,2025-07-06 22:20:00,205.0,218.1299707572987,True
584,Ridge,2025-07-06 22:25:00,200.0,226.0522813104603,True
584,Ridge,2025-07-06 22:30:00,194.0,220.8391681281914,True
584,Ridge,2025-07-06 22:35:00,189.0,211.92765393717073,True
584,Ridge,2025-07-06 22:40:00,183.0,202.34471643875588,True
584,Ridge,2025-07-06 22:45:00,177.0,193.91242060920888,True
584,Ridge,2025-07-06 22:50:00,172.0,190.40197289597688,True
584,Ridge,2025-07-06 22:55:00,168.0,182.07844974630052,True
584,Ridge,2025-07-06 23:00:00,165.0,174.320664331095,True
584,Ridge,2025-07-06 23:05:00,161.0,170.38368995927334,True
584,Ridge,2025-07-06 23:10:00,157.0,163.80676929654885,True
584,Ridge,2025-07-06 23:15:00,154.0,158.3504487001225,True
584,Ridge,2025-07-06 23:20:00,150.0,154.93498117530248,True
584,Ridge,2025-07-06 23:25:00,145.0,153.10517393700127,True
584,Ridge,2025-07-06 23:30:00,144.0,152.17006202167408,True
584,Ridge,2025-07-06 23:35:00,143.0,147.4645821202197,True
584,Ridge,2025-07-06 23:40:00,143.0,144.25743312649593,True
584,Ridge,2025-07-06 23:45:00,142.0,143.31445643098996,True
584,Ridge,2025-07-06 23:50:00,141.0,138.60436891819216,True
584,Ridge,2025-07-06 23:55:00,139.0,132.71563624491858,True
584,Ridge,2025-07-07 00:00:00,137.0,137.87862757905194,True
584,Ridge,2025-07-07 00:05:00,135.0,137.64801034660172,True
584,Ridge,2025-07-07 00:10:00,132.0,140.13693482144504,True
584,Ridge,2025-07-07 00:15:00,132.0,138.4895522668014,True
584,Ridge,2025-07-07 00:20:00,133.0,138.3071978170462,True
584,Ridge,2025-07-07 00:25:00,132.0,135.25670616242462,True
584,Ridge,2025-07-07 00:30:00,131.0,133.49159513434162,True
584,Ridge,2025-07-07 00:35:00,130.0,131.56342202927797,True
584,Ridge,2025-07-07 00:40:00,129.0,127.32121245761934,True
584,Ridge,2025-07-07 00:45:00,129.0,131.8018759651866,True
584,Ridge,2025-07-07 00:50:00,130.0,134.4995140976272,True
584,Ridge,2025-07-07 00:55:00,131.0,131.38442729873788,True
584,Ridge,2025-07-07 01:00:00,131.0,130.91940831226796,True
584,Ridge,2025-07-07 01:05:00,130.0,129.98913191477342,True
584,Ridge,2025-07-07 01:10:00,127.0,129.15587347467988,True
584,Ridge,2025-07-07 01:15:00,124.0,130.60741961622875,True
584,Ridge,2025-07-07 01:20:00,125.0,133.2315163484187,True
584,Ridge,2025-07-07 01:25:00,127.0,134.54045835630137,True
584,Ridge,2025-07-07 01:30:00,128.0,133.37410342364964,True
584,Ridge,2025-07-07 01:35:00,129.0,131.03010485432665,True
584,Ridge,2025-07-07 01:40:00,120.0,125.0687936133888,True
584,Ridge,2025-07-07 01:45:00,109.0,121.90792012316004,True
584,Ridge,2025-07-07 01:50:00,109.0,128.32632527301465,True
584,Ridge,2025-07-07 01:55:00,112.0,131.87529173416024,True
584,Ridge,2025-07-07 02:00:00,113.0,132.08714410386713,True
584,Ridge,2025-07-07 02:05:00,113.0,133.37971406339295,True
584,Ridge,2025-07-07 02:10:00,112.0,108.42392013541902,True
584,Ridge,2025-07-07 02:15:00,110.0,95.32272492193795,True
584,Ridge,2025-07-07 02:20:00,108.0,109.59201032853014,True
584,Ridge,2025-07-07 02:25:00,106.0,117.08654382412539,True
584,Ridge,2025-07-07 02:30:00,104.0,116.76978781177353,True
584,Ridge,2025-07-07 02:35:00,101.0,116.25479763474362,True
584,Ridge,2025-07-07 02:40:00,101.0,114.3375155204665,True
584,Ridge,2025-07-07 02:45:00,102.0,111.21105291480055,True
584,Ridge,2025-07-07 02:50:00,103.0,109.28461000761328,True
584,Ridge,2025-07-07 02:55:00,104.0,107.21824416312495,True
584,Ridge,2025-07-07 03:00:00,98.0,105.1807181655144,True
584,Ridge,2025-07-07 03:05:00,89.0,100.58515380008583,True
584,Ridge,2025-07-07 03:10:00,91.0,104.51522013613302,True
584,Ridge,2025-07-07 03:15:00,92.0,107.37722153068802,True
584,Ridge,2025-07-07 03:20:00,92.0,109.59303811878786,True
584,Ridge,2025-07-07 03:25:00,91.0,111.05969322605202,True
584,Ridge,2025-07-07 03:30:00,89.0,95.11489281466385,True
584,Ridge,2025-07-07 03:35:00,87.0,81.29449134397645,True
584,Ridge,2025-07-07 03:40:00,86.0,97.90767879809489,True
584,Ridge,2025-07-07 03:45:00,86.0,97.58013359977937,True
584,Ridge,2025-07-07 03:50:00,85.0,97.47093077986057,True
584,Ridge,2025-07-07 03:55:00,83.0,95.40163724446016,True
584,Ridge,2025-07-07 04:00:00,81.0,92.37458351072365,True
584,Ridge,2025-07-07 04:05:00,79.0,90.39192489548984,True
584,Ridge,2025-07-07 04:10:00,79.0,90.82175464029977,True
584,Ridge,2025-07-07 04:15:00,78.0,92.48148249251682,True
584,Ridge,2025-07-07 04:20:00,76.0,90.34335736708616,True
584,Ridge,2025-07-07 04:25:00,76.0,86.99624128764103,True
584,Ridge,2025-07-07 04:30:00,75.0,84.66052767277024,True
584,Ridge,2025-07-07 04:35:00,75.0,82.72996802383878,True
584,Ridge,2025-07-07 04:40:00,75.0,86.15539931319591,True
584,Ridge,2025-07-07 04:45:00,75.0,83.86574775998768,True
584,Ridge,2025-07-07 04:50:00,75.0,80.7264551347953,True
584,Ridge,2025-07-07 04:55:00,75.0,83.57805694116917,True
584,Ridge,2025-07-07 05:00:00,75.0,81.27626879190439,True
584,Ridge,2025-07-07 05:20:00,73.0,83.66341709789842,True
584,Ridge,2025-07-07 05:25:00,75.0,83.74666542569824,True
584,Ridge,2025-07-07 05:30:00,76.0,83.86611936832828,True
584,Ridge,2025-07-07 05:35:00,77.0,108.1306918207955,False
584,Ridge,2025-07-07 05:40:00,74.0,105.1666850029792,False
584,Ridge,2025-07-07 05:45:00,72.0,104.47048908398904,False
584,Ridge,2025-07-07 05:50:00,66.0,78.57784245779453,True
584,Ridge,2025-07-07 05:55:00,70.0,87.7303424620938,True
584,Ridge,2025-07-07 06:00:00,83.0,83.9753630373935,True
584,Ridge,2025-07-07 06:05:00,95.0,88.68160146178647,True
584,Ridge,2025-07-07 06:10:00,108.0,82.68152439965165,True
584,Ridge,2025-07-07 06:15:00,113.0,84.6288282682605,True
584,Ridge,2025-07-07 06:20:00,112.0,70.29316055730594,True
584,Ridge,2025-07-07 06:25:00,107.0,84.70212470529347,True
584,Ridge,2025-07-07 06:30:00,118.0,111.19906695181545,True
584,Ridge,2025-07-07 06:35:00,126.0,121.857670244379,True
584,Ridge,2025-07-07 06:40:00,130.0,137.07249571231708,True
584,Ridge,2025-07-07 06:45:00,133.0,130.65355966239315,True
584,Ridge,2025-07-07 06:50:00,134.0,121.43803837969409,True
584,Ridge,2025-07-07 06:55:00,137.0,109.4372942417155,True
584,Ridge,2025-07-07 07:00:00,139.0,141.74440070781384,True
584,Ridge,2025-07-07 07:05:00,134.0,144.91402845099225,True
584,Ridge,2025-07-07 07:10:00,135.0,143.88177608198006,True
584,Ridge,2025-07-07 07:15:00,141.0,144.58697633113903,True
584,Ridge,2025-07-07 07:20:00,141.0,142.0049406253389,True
584,Ridge,2025-07-07 07:25:00,138.0,147.93696643269118,True
584,Ridge,2025-07-07 07:30:00,143.0,148.08294722225733,True
584,Ridge,2025-07-07 07:35:00,134.0,132.74874572940246,True
584,Ridge,2025-07-07 07:40:00,109.0,141.28280593577506,True
584,Ridge,2025-07-07 07:45:00,96.0,152.90646656647556,True
584,Ridge,2025-07-07 07:50:00,109.0,144.6104951163882,True
584,Ridge,2025-07-07 07:55:00,124.0,137.52788570804964,True
584,Ridge,2025-07-07 08:00:00,133.0,153.71739849964422,True
584,Ridge,2025-07-07 08:05:00,135.0,124.39481976793095,True
584,Ridge,2025-07-07 08:10:00,134.0,75.50066408054144,True
584,Ridge,2025-07-07 08:15:00,137.0,76.40351062033676,True
584,Ridge,2025-07-07 08:20:00,133.0,125.0197597733424,True
584,Ridge,2025-07-07 08:25:00,146.0,158.61839789803136,True
584,Ridge,2025-07-07 08:30:00,144.0,161.1706320022415,True
584,Ridge,2025-07-07 08:35:00,128.0,153.2824247524896,True
584,Ridge,2025-07-07 08:40:00,123.0,145.17628970103004,True
584,Ridge,2025-07-07 08:45:00,126.0,150.0002753342899,True
584,Ridge,2025-07-07 08:50:00,124.0,133.20685362250856,True
584,Ridge,2025-07-07 08:55:00,110.0,167.2467892645322,True
584,Ridge,2025-07-07 09:00:00,107.0,141.64674915901995,True
584,Ridge,2025-07-07 09:05:00,102.0,104.52745629548642,True
584,Ridge,2025-07-07 09:10:00,107.0,112.37868602034762,True
584,Ridge,2025-07-07 09:15:00,112.0,126.45887139613276,True
584,Ridge,2025-07-07 09:20:00,105.0,119.63287328999397,True
584,Ridge,2025-07-07 09:25:00,102.0,89.47714939430303,True
584,Ridge,2025-07-07 09:30:00,103.0,101.46944555148241,True
584,Ridge,2025-07-07 09:35:00,103.0,92.88588550104052,True
584,Ridge,2025-07-07 09:40:00,98.0,113.42253854964528,True
584,Ridge,2025-07-07 09:45:00,89.0,119.58984834204202,True
584,Ridge,2025-07-07 09:50:00,86.0,97.7898652779164,True
584,Ridge,2025-07-07 09:55:00,81.0,101.22347195656347,True
584,Ridge,2025-07-07 10:00:00,79.0,106.28788052756943,True
584,Ridge,2025-07-07 10:05:00,78.0,105.49450503722801,True
584,Ridge,2025-07-07 10:10:00,75.0,94.5800448424562,True
584,Ridge,2025-07-07 10:15:00,67.0,80.04690058367294,True
584,Ridge,2025-07-07 10:20:00,62.0,84.7042831709372,True
584,Ridge,2025-07-07 10:25:00,66.0,76.31541009815109,True
584,Ridge,2025-07-07 10:30:00,72.0,79.87046325350671,True
584,Ridge,2025-07-07 10:35:00,82.0,80.90362520608873,True
584,Ridge,2025-07-07 10:40:00,88.0,76.5749279028761,True
584,Ridge,2025-07-07 10:45:00,80.0,61.656724923529836,True
584,Ridge,2025-07-07 10:50:00,69.0,60.359429374960314,True
584,Ridge,2025-07-07 10:55:00,73.0,77.55524477069336,True
584,Ridge,2025-07-07 11:00:00,80.0,87.77853828757209,True
584,Ridge,2025-07-07 11:05:00,77.0,104.92201823667938,True
584,Ridge,2025-07-07 11:10:00,82.0,105.94702660439955,True
584,Ridge,2025-07-07 11:15:00,86.0,78.83050377435701,True
584,Ridge,2025-07-07 11:20:00,93.0,62.96316262071883,True
584,Ridge,2025-07-07 11:25:00,96.0,86.4523538568808,True
584,Ridge,2025-07-07 11:30:00,95.0,97.87495867803418,True
584,Ridge,2025-07-07 11:35:00,94.0,82.13141713064836,True
584,Ridge,2025-07-07 11:40:00,94.0,98.59349989206316,True
584,Ridge,2025-07-07 11:45:00,89.0,100.66693676982494,True
584,Ridge,2025-07-07 11:50:00,86.0,113.11012899230317,True
584,Ridge,2025-07-07 11:55:00,80.0,110.71494920041116,True
584,Ridge,2025-07-07 12:00:00,79.0,104.30552190990512,True
584,Ridge,2025-07-07 12:05:00,81.0,102.76699782031653,True
584,Ridge,2025-07-07 12:10:00,82.0,102.93768858358357,True
584,Ridge,2025-07-07 12:15:00,80.0,89.87515293039468,True
584,Ridge,2025-07-07 12:20:00,71.0,89.3267658390973,True
584,Ridge,2025-07-07 12:25:00,67.0,76.07331853953379,True
584,Ridge,2025-07-07 12:30:00,63.0,84.63638186439364,True
584,Ridge,2025-07-07 12:35:00,68.0,90.47296620308084,True
584,Ridge,2025-07-07 12:40:00,69.0,91.43109041540212,True
584,Ridge,2025-07-07 12:45:00,75.0,85.8914435669341,True
584,Ridge,2025-07-07 12:50:00,80.0,66.8940497106343,True
584,Ridge,2025-07-07 12:55:00,79.0,69.1820130461523,True
584,Ridge,2025-07-07 13:00:00,80.0,64.34344904498012,True
584,Ridge,2025-07-07 13:05:00,80.0,82.83861226880929,True
584,Ridge,2025-07-07 13:10:00,83.0,78.92731109620232,True
584,Ridge,2025-07-07 13:15:00,97.0,93.30681673284391,True
584,Ridge,2025-07-07 13:20:00,108.0,97.18782820822571,True
584,Ridge,2025-07-07 13:25:00,110.0,88.40518856977899,True
584,Ridge,2025-07-07 13:30:00,106.0,92.43186343271913,True
584,Ridge,2025-07-07 13:35:00,103.0,90.5291026137623,True
584,Ridge,2025-07-07 13:40:00,101.0,97.818070008355,True
584,Ridge,2025-07-07 13:45:00,101.0,126.76788792113936,True
584,Ridge,2025-07-07 13:50:00,94.0,133.77772919371955,True
584,Ridge,2025-07-07 13:55:00,92.0,124.26162028417627,True
584,Ridge,2025-07-07 14:00:00,88.0,111.08524944011566,True
584,Ridge,2025-07-07 14:05:00,91.0,108.41762253446402,True
584,Ridge,2025-07-07 14:10:00,97.0,106.64059633016998,True
584,Ridge,2025-07-07 14:15:00,98.0,108.95774655088762,True
584,Ridge,2025-07-07 14:20:00,89.0,91.35203478026101,True
584,Ridge,2025-07-07 14:25:00,90.0,95.88157777816278,True
584,Ridge,2025-07-07 14:30:00,95.0,88.3625749319413,True
584,Ridge,2025-07-07 14:35:00,93.0,101.78423601360299,True
584,Ridge,2025-07-07 14:40:00,93.0,112.64746644785919,True
584,Ridge,2025-07-07 14:45:00,92.0,108.14866090884419,True
584,Ridge,2025-07-07 14:50:00,85.0,84.93650588553463,True
584,Ridge,2025-07-07 14:55:00,85.0,98.791076082263,True
584,Ridge,2025-07-07 15:00:00,94.0,108.68624791626534,True
584,Ridge,2025-07-07 15:05:00,103.0,97.93899699722476,True
584,Ridge,2025-07-07 15:10:00,113.0,101.0633803067104,True
584,Ridge,2025-07-07 15:15:00,121.0,98.27725232944593,True
584,Ridge,2025-07-07 15:20:00,114.0,82.64039206942701,True
584,Ridge,2025-07-07 15:25:00,110.0,92.18170617968951,True
584,Ridge,2025-07-07 15:30:00,103.0,113.74477317518352,True
584,Ridge,2025-07-07 15:35:00,98.0,124.29945362979205,True
584,Ridge,2025-07-07 15:40:00,104.0,136.64290096110503,True
584,Ridge,2025-07-07 15:45:00,111.0,141.5982204548936,True
584,Ridge,2025-07-07 15:50:00,114.0,113.28874804088757,True
584,Ridge,2025-07-07 15:55:00,109.0,113.10424998913959,True
584,Ridge,2025-07-07 16:00:00,105.0,99.82320661591189,True
584,Ridge,2025-07-07 16:05:00,110.0,96.67630921981726,True
584,Ridge,2025-07-07 16:10:00,118.0,117.50946749780391,True
584,Ridge,2025-07-07 16:15:00,120.0,126.49849874565685,True
584,Ridge,2025-07-07 16:20:00,123.0,125.18898373979592,True
584,Ridge,2025-07-07 16:25:00,117.0,109.43611708985621,True
584,Ridge,2025-07-07 16:30:00,98.0,106.64508447647555,True
584,Ridge,2025-07-07 16:35:00,87.0,123.59304459094542,True
584,Ridge,2025-07-07 16:40:00,84.0,135.92698373832135,True
584,Ridge,2025-07-07 16:45:00,84.0,129.96524340281883,True
584,Ridge,2025-07-07 16:50:00,82.0,133.9123536964868,True
584,Ridge,2025-07-07 16:55:00,87.0,114.74238026307796,True
584,Ridge,2025-07-07 17:00:00,95.0,76.36517026891012,True
584,Ridge,2025-07-07 17:05:00,104.0,74.52123832171648,True
584,Ridge,2025-07-07 17:10:00,104.0,81.62244746662593,True
584,Ridge,2025-07-07 17:15:00,104.0,86.74858114725718,True
584,Ridge,2025-07-07 17:20:00,104.0,82.97359404895413,True
584,Ridge,2025-07-07 17:25:00,104.0,99.25172173188622,True
584,Ridge,2025-07-07 17:30:00,217.0,112.91928564830015,True
584,Ridge,2025-07-07 17:35:00,231.0,125.06184559050338,True
584,Ridge,2025-07-07 17:40:00,236.0,121.77332632273158,True
584,Ridge,2025-07-07 17:45:00,235.0,120.60588689502458,True
584,Ridge,2025-07-07 17:50:00,234.0,118.90155947082907,True
584,Ridge,2025-07-07 17:55:00,246.0,115.97998813107078,True
584,Ridge,2025-07-07 18:00:00,257.0,384.67742063587764,True
584,Ridge,2025-07-07 18:05:00,263.0,261.2138305583978,True
584,Ridge,2025-07-07 18:10:00,256.0,259.99717928230484,True
584,Ridge,2025-07-07 18:15:00,246.0,238.33992119045064,True
584,Ridge,2025-07-07 18:20:00,237.0,234.4773477350331,True
584,Ridge,2025-07-07 18:25:00,229.0,263.86784925178284,True
584,Ridge,2025-07-07 18:30:00,221.0,270.0987983515327,True
584,Ridge,2025-07-07 18:35:00,220.0,269.07621600160746,True
584,Ridge,2025-07-07 18:40:00,223.0,241.5137954701711,True
584,Ridge,2025-07-07 18:45:00,225.0,224.75859496682995,True
584,Ridge,2025-07-07 18:50:00,213.0,214.78680362846183,True
584,Ridge,2025-07-07 18:55:00,201.0,207.98510708294816,True
584,Ridge,2025-07-07 19:00:00,194.0,201.9756633237837,True
584,Ridge,2025-07-07 19:05:00,189.0,205.77075207951233,True
584,Ridge,2025-07-07 19:10:00,183.0,214.85370806551816,True
584,Ridge,2025-07-07 19:15:00,174.0,216.99503214600296,True
584,Ridge,2025-07-07 19:20:00,164.0,186.44585844133874,True
584,Ridge,2025-07-07 19:25:00,164.0,173.4527197829124,True
584,Ridge,2025-07-07 19:30:00,175.0,173.0750691724652,True
584,Ridge,2025-07-07 19:35:00,200.0,170.53783769122336,True
584,Ridge,2025-07-07 19:40:00,207.0,163.32537196923508,True
584,Ridge,2025-07-07 19:45:00,210.0,150.94530107665523,True
584,Ridge,2025-07-07 19:50:00,214.0,140.2506237726643,True
584,Ridge,2025-07-07 19:55:00,193.0,154.9627625421733,True
584,Ridge,2025-07-07 20:00:00,171.0,183.0811216141314,True
584,Ridge,2025-07-07 20:05:00,177.0,230.8414322503398,True
584,Ridge,2025-07-07 20:10:00,197.0,215.03101538614797,True
584,Ridge,2025-07-07 20:15:00,239.0,213.67776902600448,True
584,Ridge,2025-07-07 20:20:00,271.0,217.0306029137805,True
584,Ridge,2025-07-07 20:25:00,294.0,160.2019625994082,True
584,Ridge,2025-07-07 20:30:00,303.0,134.86497296422453,True
584,Ridge,2025-07-07 20:35:00,312.0,185.79152966772705,True
584,Ridge,2025-07-07 20:40:00,319.0,225.28838373142787,True
584,Ridge,2025-07-07 20:45:00,322.0,300.9311830918132,True
584,Ridge,2025-07-07 20:50:00,325.0,319.32115255929386,True
584,Ridge,2025-07-07 20:55:00,330.0,330.6502860552622,True
584,Ridge,2025-07-07 21:00:00,327.0,317.78657330921203,True
584,Ridge,2025-07-07 21:05:00,311.0,322.9052939896622,True
584,Ridge,2025-07-07 21:10:00,305.0,322.28443245038727,True
584,Ridge,2025-07-07 21:15:00,318.0,316.7944366824054,True
584,Ridge,2025-07-07 21:20:00,327.0,330.6912990904709,True
584,Ridge,2025-07-07 21:25:00,331.0,333.8247437933743,True
584,Ridge,2025-07-07 21:30:00,332.0,317.5411903949505,True
584,Ridge,2025-07-07 21:35:00,327.0,280.10204406799164,True
584,Ridge,2025-07-07 21:40:00,321.0,281.8921299775683,True
584,Ridge,2025-07-07 21:45:00,314.0,319.44452336823235,True
584,Ridge,2025-07-07 21:50:00,305.0,320.2491426964043,True
584,Ridge,2025-07-07 21:55:00,293.0,316.30651273884143,True
584,Ridge,2025-07-07 22:00:00,280.0,311.23497568129994,True
584,Ridge,2025-07-07 22:05:00,256.0,297.6790996857113,True
584,Ridge,2025-07-07 22:10:00,242.0,289.52703169441537,True
584,Ridge,2025-07-07 22:15:00,231.0,279.6426054486337,True
584,Ridge,2025-07-07 22:20:00,221.0,267.86256564747066,True
584,Ridge,2025-07-07 22:25:00,210.0,251.0009028748203,True
584,Ridge,2025-07-07 22:30:00,199.0,235.56580075533583,True
584,Ridge,2025-07-07 22:35:00,187.0,195.11364961152083,True
584,Ridge,2025-07-07 22:40:00,180.0,195.74388343262714,True
584,Ridge,2025-07-07 22:45:00,173.0,189.56117894311458,True
584,Ridge,2025-07-07 22:50:00,167.0,182.88940626202773,True
584,Ridge,2025-07-07 22:55:00,161.0,172.04650440227417,True
584,Ridge,2025-07-07 23:00:00,157.0,162.82952260658394,True
584,Ridge,2025-07-07 23:05:00,147.0,150.7816379449208,True
584,Ridge,2025-07-07 23:10:00,146.0,152.3118642103102,True
584,Ridge,2025-07-07 23:15:00,152.0,146.96425873273483,True
584,Ridge,2025-07-07 23:20:00,152.0,144.49263990060106,True
584,Ridge,2025-07-07 23:25:00,153.0,140.04025314564024,True
584,Ridge,2025-07-07 23:30:00,154.0,140.4249375958502,True
584,Ridge,2025-07-07 23:35:00,142.0,122.96683297983314,True
584,Ridge,2025-07-07 23:40:00,140.0,136.49264969771806,True
584,Ridge,2025-07-07 23:45:00,143.0,153.65634383401996,True
584,Ridge,2025-07-07 23:50:00,152.0,147.6209278720581,True
584,Ridge,2025-07-07 23:55:00,161.0,151.6241880406871,True
584,Ridge,2025-07-08 00:00:00,163.0,153.0218064470849,True
584,Ridge,2025-07-08 00:05:00,164.0,123.18440511884259,True
584,Ridge,2025-07-08 00:10:00,165.0,135.13176832156302,True
584,Ridge,2025-07-08 00:15:00,164.0,144.40248039681788,True
584,Ridge,2025-07-08 00:20:00,161.0,163.5678476484363,True
584,Ridge,2025-07-08 00:25:00,159.0,173.60397208645475,True
584,Ridge,2025-07-08 00:30:00,139.0,166.76642336836886,True
584,Ridge,2025-07-08 00:35:00,134.0,165.32309766887738,True
584,Ridge,2025-07-08 00:40:00,138.0,167.120072530929,True
584,Ridge,2025-07-08 00:45:00,147.0,163.31038355078687,True
584,Ridge,2025-07-08 00:50:00,153.0,156.8933915192214,True
584,Ridge,2025-07-08 00:55:00,152.0,155.6318243805744,True
584,Ridge,2025-07-08 01:00:00,160.0,108.72452526542884,True
584,Ridge,2025-07-08 01:05:00,173.0,123.4118906610453,True
584,Ridge,2025-07-08 01:10:00,176.0,139.34947748626365,True
584,Ridge,2025-07-08 01:15:00,175.0,158.05978335244856,True
584,Ridge,2025-07-08 01:20:00,176.0,160.10583635122958,True
584,Ridge,2025-07-08 01:25:00,173.0,151.820199901176,True
584,Ridge,2025-07-08 01:30:00,167.0,172.38860271341542,True
584,Ridge,2025-07-08 01:35:00,159.0,192.16899755001035,True
584,Ridge,2025-07-08 01:40:00,156.0,182.1424384628349,True
584,Ridge,2025-07-08 01:45:00,167.0,175.46902362824738,True
584,Ridge,2025-07-08 01:50:00,170.0,177.89544703589826,True
584,Ridge,2025-07-08 01:55:00,174.0,168.43066541941445,True
584,Ridge,2025-07-08 02:00:00,149.0,157.07505266456147,True
584,Ridge,2025-07-08 02:05:00,149.0,145.68984769670882,True
584,Ridge,2025-07-08 02:10:00,156.0,149.35765599044356,True
584,Ridge,2025-07-08 02:15:00,161.0,180.1516843739787,True
584,Ridge,2025-07-08 02:20:00,166.0,172.67345231742996,True
584,Ridge,2025-07-08 02:25:00,167.0,179.4860163682358,True
584,Ridge,2025-07-08 02:30:00,169.0,112.94355875069637,True
584,Ridge,2025-07-08 02:35:00,175.0,147.2838800192013,True
584,Ridge,2025-07-08 02:40:00,176.0,161.34185877165197,True
584,Ridge,2025-07-08 02:45:00,176.0,166.1232408747461,True
584,Ridge,2025-07-08 02:50:00,175.0,172.24336581482535,True
584,Ridge,2025-07-08 02:55:00,180.0,167.91573060535876,True
584,Ridge,2025-07-08 03:00:00,184.0,171.6775479625511,True
584,Ridge,2025-07-08 03:05:00,187.0,182.921137099769,True
584,Ridge,2025-07-08 03:10:00,187.0,177.5328985144936,True
584,Ridge,2025-07-08 03:15:00,185.0,176.76592161256576,True
584,Ridge,2025-07-08 03:20:00,180.0,173.0566324693155,True
584,Ridge,2025-07-08 03:25:00,176.0,185.80710685257708,True
584,Ridge,2025-07-08 03:30:00,168.0,187.43898498039115,True
584,Ridge,2025-07-08 03:35:00,162.0,190.64774732749333,True
584,Ridge,2025-07-08 03:40:00,162.0,186.36351358137327,True
584,Ridge,2025-07-08 03:45:00,155.0,180.97685666492958,True
584,Ridge,2025-07-08 03:50:00,163.0,170.94461978922945,True
584,Ridge,2025-07-08 03:55:00,164.0,167.3170178961215,True
584,Ridge,2025-07-08 04:00:00,156.0,152.84618242289443,True
584,Ridge,2025-07-08 04:05:00,157.0,149.2500101464561,True
584,Ridge,2025-07-08 04:10:00,161.0,157.1023755368043,True
584,Ridge,2025-07-08 04:15:00,156.0,140.67261914146036,True
584,Ridge,2025-07-08 04:20:00,141.0,170.95320973472212,True
584,Ridge,2025-07-08 04:25:00,150.0,162.82464014599532,True
584,Ridge,2025-07-08 04:30:00,149.0,143.77930004532212,True
584,Ridge,2025-07-08 04:35:00,145.0,156.72008214785907,True
584,Ridge,2025-07-08 04:40:00,142.0,164.53810988841659,True
584,Ridge,2025-07-08 04:45:00,142.0,147.8723698937981,True
584,Ridge,2025-07-08 04:50:00,142.0,118.07547882202434,True
584,Ridge,2025-07-08 04:55:00,143.0,160.21438928130814,True
584,Ridge,2025-07-08 05:00:00,154.0,144.9792250205987,True
584,Ridge,2025-07-08 05:05:00,149.0,139.01013844817095,True
584,Ridge,2025-07-08 05:10:00,134.0,136.88856653987153,True
584,Ridge,2025-07-08 05:15:00,120.0,141.46282243519204,True
584,Ridge,2025-07-08 05:20:00,130.0,142.38955566900563,True
584,Ridge,2025-07-08 05:25:00,134.0,144.64774392854983,True
584,Ridge,2025-07-08 05:30:00,127.0,170.54527199757982,True
584,Ridge,2025-07-08 05:35:00,113.0,144.02904395939734,True
584,Ridge,2025-07-08 05:40:00,112.0,114.98933167398334,True
584,Ridge,2025-07-08 05:45:00,116.0,99.17055121682293,True
584,Ridge,2025-07-08 05:50:00,114.0,141.95774481895594,True
584,Ridge,2025-07-08 05:55:00,113.0,139.17485664864793,True
584,Ridge,2025-07-08 06:00:00,115.0,118.51329013656398,True
584,Ridge,2025-07-08 06:05:00,101.0,94.08286090203488,True
584,Ridge,2025-07-08 06:10:00,92.0,110.64069967881152,True
584,Ridge,2025-07-08 06:15:00,97.0,121.70805867805561,True
584,Ridge,2025-07-08 06:20:00,99.0,112.82575757682908,True
584,Ridge,2025-07-08 06:25:00,97.0,114.57426199437862,True
584,Ridge,2025-07-08 06:30:00,91.0,120.21019117099661,True
584,Ridge,2025-07-08 06:35:00,88.0,83.96868668737478,True
584,Ridge,2025-07-08 06:40:00,85.0,81.12530350585843,True
584,Ridge,2025-07-08 06:45:00,94.0,105.2584490223154,True
584,Ridge,2025-07-08 06:50:00,100.0,105.37882905939077,True
584,Ridge,2025-07-08 06:55:00,93.0,98.8606891311888,True
584,Ridge,2025-07-08 07:00:00,95.0,86.94023674492873,True
584,Ridge,2025-07-08 07:05:00,105.0,88.25181117732673,True
584,Ridge,2025-07-08 07:10:00,106.0,85.65946905281125,True
584,Ridge,2025-07-08 07:15:00,96.0,112.27342260143922,True
584,Ridge,2025-07-08 07:20:00,83.0,114.70557495551654,True
584,Ridge,2025-07-08 07:25:00,83.0,104.00329125715604,True
584,Ridge,2025-07-08 07:30:00,88.0,116.65091803590364,True
584,Ridge,2025-07-08 07:35:00,84.0,135.4081948652255,True
584,Ridge,2025-07-08 07:40:00,75.0,122.21372858717002,True
584,Ridge,2025-07-08 07:45:00,65.0,93.9889252284849,True
584,Ridge,2025-07-08 07:50:00,74.0,72.5105247494058,True
584,Ridge,2025-07-08 07:55:00,90.0,86.15214999164046,True
584,Ridge,2025-07-08 08:00:00,101.0,95.82379485632906,True
584,Ridge,2025-07-08 08:05:00,107.0,79.68636721280528,True
584,Ridge,2025-07-08 08:10:00,103.0,64.74860019477092,True
584,Ridge,2025-07-08 08:15:00,96.0,52.93021204877655,True
584,Ridge,2025-07-08 08:20:00,91.0,88.21532240336067,True
584,Ridge,2025-07-08 08:25:00,80.0,115.33379825286494,True
584,Ridge,2025-07-08 08:30:00,74.0,122.787360848888,True
584,Ridge,2025-07-08 08:35:00,78.0,123.26800265511244,True
584,Ridge,2025-07-08 08:40:00,82.0,104.4232524136559,True
584,Ridge,2025-07-08 08:45:00,81.0,92.14943389097168,True
584,Ridge,2025-07-08 08:50:00,85.0,88.72787338554606,True
584,Ridge,2025-07-08 08:55:00,88.0,68.77396968975023,True
584,Ridge,2025-07-08 09:00:00,85.0,69.1742531132988,True
584,Ridge,2025-07-08 09:05:00,92.0,86.41048785938592,True
584,Ridge,2025-07-08 09:10:00,90.0,91.71323146468495,True
584,Ridge,2025-07-08 09:15:00,84.0,85.71646724142371,True
584,Ridge,2025-07-08 09:20:00,82.0,98.41433851228973,True
584,Ridge,2025-07-08 09:25:00,91.0,100.391675032847,True
584,Ridge,2025-07-08 09:30:00,99.0,89.2143048881604,True
584,Ridge,2025-07-08 09:35:00,90.0,109.79428395373772,True
584,Ridge,2025-07-08 09:40:00,72.0,94.47348791842785,True
584,Ridge,2025-07-08 09:45:00,73.0,83.46337987249106,True
584,Ridge,2025-07-08 09:50:00,78.0,85.86356439192471,True
584,Ridge,2025-07-08 09:55:00,76.0,110.13108116185145,True
584,Ridge,2025-07-08 10:00:00,80.0,117.96185370581745,True
584,Ridge,2025-07-08 10:05:00,79.0,86.32352790792393,True
584,Ridge,2025-07-08 10:10:00,79.0,54.52056577537914,True
584,Ridge,2025-07-08 10:15:00,73.0,80.00606308858443,True
584,Ridge,2025-07-08 10:20:00,62.0,90.30929666260441,True
584,Ridge,2025-07-08 10:25:00,65.0,80.18476575195963,True
584,Ridge,2025-07-08 10:30:00,75.0,93.48089041913498,True
584,Ridge,2025-07-08 10:35:00,81.0,86.14026687045535,True
584,Ridge,2025-07-08 10:40:00,91.0,87.91250807771033,True
584,Ridge,2025-07-08 10:45:00,94.0,72.77119833534958,True
584,Ridge,2025-07-08 10:50:00,93.0,54.695460121497874,True
584,Ridge,2025-07-08 10:55:00,94.0,77.14019776292625,True
584,Ridge,2025-07-08 11:00:00,98.0,96.73927709325827,True
584,Ridge,2025-07-08 11:05:00,96.0,98.26658356657917,True
584,Ridge,2025-07-08 11:10:00,93.0,114.9446221742935,True
584,Ridge,2025-07-08 11:15:00,95.0,109.16476895805786,True
584,Ridge,2025-07-08 11:20:00,98.0,102.9649806355635,True
584,Ridge,2025-07-08 11:25:00,107.0,103.87288322479128,True
584,Ridge,2025-07-08 11:30:00,118.0,113.20760707950856,True
584,Ridge,2025-07-08 11:35:00,109.0,102.5632808068502,True
584,Ridge,2025-07-08 11:40:00,107.0,97.70645628671461,True
584,Ridge,2025-07-08 11:45:00,96.0,105.63247290952599,True
584,Ridge,2025-07-08 11:50:00,94.0,110.02747047073913,True
584,Ridge,2025-07-08 11:55:00,86.0,128.560184373296,True
584,Ridge,2025-07-08 12:00:00,75.0,142.73304085407284,True
584,Ridge,2025-07-08 12:05:00,75.0,105.92600383525328,True
584,Ridge,2025-07-08 12:10:00,82.0,113.2088410585541,True
584,Ridge,2025-07-08 12:15:00,87.0,86.68300316049918,True
584,Ridge,2025-07-08 12:20:00,88.0,97.04032504747298,True
584,Ridge,2025-07-08 12:25:00,92.0,78.01776452687301,True
584,Ridge,2025-07-08 12:30:00,95.0,64.31073457905212,True
584,Ridge,2025-07-08 12:35:00,97.0,79.10823117246133,True
584,Ridge,2025-07-08 12:40:00,105.0,96.73144475826598,True
584,Ridge,2025-07-08 12:45:00,112.0,101.33042184564839,True
584,Ridge,2025-07-08 12:50:00,115.0,108.60613802225797,True
584,Ridge,2025-07-08 12:55:00,102.0,116.25932163110346,True
584,Ridge,2025-07-08 13:00:00,104.0,116.77056199388073,True
584,Ridge,2025-07-08 13:05:00,96.0,114.3337143367338,True
584,Ridge,2025-07-08 13:10:00,99.0,128.18610636194165,True
584,Ridge,2025-07-08 13:15:00,102.0,131.7959517635461,True
584,Ridge,2025-07-08 13:20:00,104.0,127.53264717563692,True
584,Ridge,2025-07-08 13:25:00,99.0,89.37030013837249,True
584,Ridge,2025-07-08 13:30:00,94.0,110.59221296244148,True
584,Ridge,2025-07-08 13:35:00,95.0,87.4460340321501,True
584,Ridge,2025-07-08 13:40:00,89.0,106.84163977693359,True
584,Ridge,2025-07-08 13:45:00,77.0,108.8678734409778,True
584,Ridge,2025-07-08 13:50:00,73.0,111.44510311957346,True
584,Ridge,2025-07-08 13:55:00,75.0,96.97506316788626,True
584,Ridge,2025-07-08 14:00:00,79.0,91.63869594697462,True
584,Ridge,2025-07-08 14:05:00,86.0,100.76976274163253,True
584,Ridge,2025-07-08 14:10:00,86.0,85.11940080108371,True
584,Ridge,2025-07-08 14:15:00,76.0,64.50183663080414,True
584,Ridge,2025-07-08 14:20:00,68.0,70.57106605035224,True
584,Ridge,2025-07-08 14:25:00,75.0,80.71537440972004,True
584,Ridge,2025-07-08 14:30:00,82.0,89.68676501695965,True
584,Ridge,2025-07-08 14:35:00,90.0,102.22850728345145,True
584,Ridge,2025-07-08 14:40:00,100.0,94.10291141133365,True
584,Ridge,2025-07-08 14:45:00,107.0,70.43385255808853,True
584,Ridge,2025-07-08 14:50:00,110.0,63.946697554339735,True
584,Ridge,2025-07-08 14:55:00,107.0,91.0212462306035,True
584,Ridge,2025-07-08 15:00:00,101.0,98.98479335544953,True
584,Ridge,2025-07-08 15:05:00,95.0,110.32609063142115,True
584,Ridge,2025-07-08 15:10:00,88.0,123.23945721602993,True
584,Ridge,2025-07-08 15:15:00,110.0,126.47867186982269,True
584,Ridge,2025-07-08 15:20:00,97.0,124.53280838895319,True
584,Ridge,2025-07-08 15:25:00,99.0,112.67977461199274,True
584,Ridge,2025-07-08 15:30:00,92.0,101.61558096663053,True
584,Ridge,2025-07-08 15:35:00,92.0,94.12279546012309,True
584,Ridge,2025-07-08 15:40:00,79.0,83.83622932667373,True
584,Ridge,2025-07-08 15:45:00,74.0,146.3179171843213,True
584,Ridge,2025-07-08 15:50:00,75.0,84.96875817443201,True
584,Ridge,2025-07-08 15:55:00,81.0,110.84230769488953,True
584,Ridge,2025-07-08 16:00:00,78.0,88.05748302887723,True
584,Ridge,2025-07-08 16:05:00,78.0,99.23518445103835,True
584,Ridge,2025-07-08 16:10:00,88.0,66.51224826968925,True
584,Ridge,2025-07-08 16:15:00,97.0,72.56011680997503,True
584,Ridge,2025-07-08 16:20:00,121.0,81.13418279588447,True
584,Ridge,2025-07-08 16:25:00,137.0,95.26058866642725,True
584,Ridge,2025-07-08 16:30:00,135.0,80.7792863953918,True
584,Ridge,2025-07-08 16:35:00,125.0,86.20596474415862,True
584,Ridge,2025-07-08 16:40:00,110.0,110.53921459836866,True
584,Ridge,2025-07-08 16:45:00,118.0,119.62787283465886,True
584,Ridge,2025-07-08 16:50:00,134.0,163.07054041441538,True
584,Ridge,2025-07-08 16:55:00,144.0,169.9525373172944,True
584,Ridge,2025-07-08 17:00:00,158.0,143.52626897620846,True
584,Ridge,2025-07-08 17:05:00,137.0,120.58233785807293,True
584,Ridge,2025-07-08 17:10:00,142.0,95.07158058359315,True
584,Ridge,2025-07-08 17:15:00,151.0,134.23613305915387,True
584,Ridge,2025-07-08 17:20:00,156.0,161.06791165104295,True
584,Ridge,2025-07-08 17:25:00,160.0,164.89579811839138,True
584,Ridge,2025-07-08 17:30:00,163.0,184.82382373798964,True
584,Ridge,2025-07-08 17:35:00,167.0,113.98236036205174,True
584,Ridge,2025-07-08 17:40:00,170.0,155.31428543804245,True
584,Ridge,2025-07-08 17:45:00,174.0,166.85068517419916,True
584,Ridge,2025-07-08 17:50:00,176.0,168.7529646162105,True
584,Ridge,2025-07-08 17:55:00,172.0,170.27724818310747,True
584,Ridge,2025-07-08 18:00:00,187.0,170.2449621299481,True
584,Ridge,2025-07-08 18:05:00,192.0,175.35064257269443,True
584,Ridge,2025-07-08 18:10:00,193.0,176.55209108171445,True
584,Ridge,2025-07-08 18:15:00,200.0,182.84863784233508,True
584,Ridge,2025-07-08 18:20:00,207.0,181.82284323437804,True
584,Ridge,2025-07-08 18:25:00,210.0,167.31143893142462,True
584,Ridge,2025-07-08 18:30:00,221.0,209.0848116347997,True
584,Ridge,2025-07-08 18:35:00,234.0,198.46404942114762,True
584,Ridge,2025-07-08 18:40:00,235.0,196.3647943057435,True
584,Ridge,2025-07-08 18:45:00,246.0,210.40010774589598,True
584,Ridge,2025-07-08 18:50:00,246.0,216.6542276274576,True
584,Ridge,2025-07-08 18:55:00,249.0,214.21851979491854,True
584,Ridge,2025-07-08 19:00:00,237.0,235.62077863449468,True
584,Ridge,2025-07-08 19:05:00,229.0,250.9383745559313,True
584,Ridge,2025-07-08 19:10:00,220.0,248.4074139550209,True
584,Ridge,2025-07-08 19:15:00,210.0,271.1548757170091,True
584,Ridge,2025-07-08 19:20:00,199.0,252.81745895333603,True
584,Ridge,2025-07-08 19:25:00,186.0,256.91142391118615,True
584,Ridge,2025-07-08 19:30:00,165.0,218.89030290482998,True
584,Ridge,2025-07-08 19:35:00,136.0,212.3590647404753,True
584,Ridge,2025-07-08 19:40:00,120.0,196.26108053823074,True
584,Ridge,2025-07-08 19:45:00,119.0,182.22488567203862,True
584,Ridge,2025-07-08 19:50:00,118.0,167.84704291967495,True
584,Ridge,2025-07-08 19:55:00,126.0,151.83696202688864,True
584,Ridge,2025-07-08 20:00:00,133.0,119.54002555426415,True
584,Ridge,2025-07-08 20:05:00,132.0,78.08023692447311,True
584,Ridge,2025-07-08 20:10:00,132.0,79.80663954861757,True
584,Ridge,2025-07-08 20:15:00,135.0,101.25750587969526,True
584,Ridge,2025-07-08 20:20:00,132.0,103.65743785556913,True
584,Ridge,2025-07-08 20:25:00,130.0,128.83090437222398,True
584,Ridge,2025-07-08 20:30:00,136.0,137.5026364994602,True
584,Ridge,2025-07-08 20:35:00,150.0,128.5870706430497,True
584,Ridge,2025-07-08 20:40:00,156.0,131.01258542922773,True
584,Ridge,2025-07-08 20:45:00,164.0,138.49206842621695,True
584,Ridge,2025-07-08 20:50:00,168.0,127.94839867677362,True
584,Ridge,2025-07-08 20:55:00,175.0,127.47822894787335,True
584,Ridge,2025-07-08 21:00:00,194.0,144.08348233574637,True
584,Ridge,2025-07-08 21:05:00,218.0,169.9360281075111,True
584,Ridge,2025-07-08 21:10:00,236.0,166.67942412657973,True
584,Ridge,2025-07-08 21:15:00,255.0,178.82162085449121,True
584,Ridge,2025-07-08 21:20:00,268.0,176.65052026183295,True
584,Ridge,2025-07-08 21:25:00,279.0,188.16239440297022,True
584,Ridge,2025-07-08 21:30:00,291.0,223.12479055214132,True
584,Ridge,2025-07-08 21:35:00,299.0,253.87416043916232,True
584,Ridge,2025-07-08 21:40:00,307.0,264.3238668962318,True
584,Ridge,2025-07-08 21:45:00,312.0,284.3616438502745,True
584,Ridge,2025-07-08 21:50:00,318.0,287.35422562609915,True
584,Ridge,2025-07-08 21:55:00,329.0,294.6822665220427,True
584,Ridge,2025-07-08 22:00:00,317.0,319.62833728923516,True
584,Ridge,2025-07-08 22:05:00,318.0,318.95278873935905,True
584,Ridge,2025-07-08 22:10:00,318.0,323.8553465418888,True
584,Ridge,2025-07-08 22:15:00,314.0,319.30729498070446,True
584,Ridge,2025-07-08 22:20:00,311.0,321.6642686591881,True
584,Ridge,2025-07-08 22:25:00,304.0,336.19768431885916,True
584,Ridge,2025-07-08 22:30:00,298.0,288.14756864051526,True
584,Ridge,2025-07-08 22:35:00,289.0,304.16572140837,True
584,Ridge,2025-07-08 22:40:00,278.0,298.3420950408207,True
584,Ridge,2025-07-08 22:45:00,266.0,289.05955873291373,True
584,Ridge,2025-07-08 22:50:00,256.0,285.96752592566094,True
584,Ridge,2025-07-08 22:55:00,246.0,272.41658023958223,True
584,Ridge,2025-07-08 23:00:00,207.0,268.1767235176132,True
584,Ridge,2025-07-08 23:05:00,170.0,253.95569949119837,True
584,Ridge,2025-07-08 23:10:00,187.0,238.33585941508403,True
584,Ridge,2025-07-08 23:15:00,175.0,225.9787898151318,True
584,Ridge,2025-07-08 23:20:00,165.0,218.89300165181442,True
584,Ridge,2025-07-08 23:25:00,162.0,209.25864518470215,True
584,Ridge,2025-07-08 23:30:00,161.0,128.38875543845973,True
584,Ridge,2025-07-08 23:35:00,164.0,93.41617237419024,True
584,Ridge,2025-07-08 23:40:00,168.0,185.17741626691046,True
584,Ridge,2025-07-08 23:45:00,169.0,135.59944073841302,True
584,Ridge,2025-07-08 23:50:00,173.0,135.13576918129436,True
584,Ridge,2025-07-08 23:55:00,177.0,142.41164668847367,True
584,Ridge,2025-07-09 00:00:00,169.0,147.9012490693942,True
584,Ridge,2025-07-09 00:05:00,151.0,158.73096549689322,True
584,Ridge,2025-07-09 00:10:00,136.0,165.97778152569742,True
584,Ridge,2025-07-09 00:15:00,132.0,165.31186662558883,True
584,Ridge,2025-07-09 00:20:00,138.0,174.57501407767006,True
584,Ridge,2025-07-09 00:25:00,149.0,178.47138577729973,True
584,Ridge,2025-07-09 00:30:00,170.0,153.2885421604008,True
584,Ridge,2025-07-09 00:35:00,182.0,121.4551268703978,True
584,Ridge,2025-07-09 00:40:00,184.0,110.25507690915612,True
584,Ridge,2025-07-09 00:45:00,183.0,119.02157068067176,True
584,Ridge,2025-07-09 00:50:00,182.0,140.19927164687718,True
584,Ridge,2025-07-09 00:55:00,181.0,161.17070769321728,True
584,Ridge,2025-07-09 01:00:00,178.0,199.09736103685864,True
584,Ridge,2025-07-09 01:05:00,171.0,200.33629899076274,True
584,Ridge,2025-07-09 01:10:00,166.0,189.49590474434618,True
584,Ridge,2025-07-09 01:15:00,164.0,183.1771204668666,True
584,Ridge,2025-07-09 01:20:00,164.0,181.0714438365901,True
584,Ridge,2025-07-09 01:25:00,165.0,179.15187279453792,True
584,Ridge,2025-07-09 01:30:00,165.0,171.79201013696797,True
584,Ridge,2025-07-09 01:35:00,166.0,157.89505615223663,True
584,Ridge,2025-07-09 01:40:00,162.0,155.1744647966563,True
584,Ridge,2025-07-09 01:45:00,163.0,157.34750626239318,True
584,Ridge,2025-07-09 01:50:00,171.0,160.90354366479343,True
584,Ridge,2025-07-09 01:55:00,168.0,164.23779274277064,True
584,Ridge,2025-07-09 02:00:00,164.0,162.05182402303788,True
584,Ridge,2025-07-09 02:05:00,169.0,165.81536231018316,True
584,Ridge,2025-07-09 02:10:00,166.0,154.34541737209335,True
584,Ridge,2025-07-09 02:15:00,164.0,162.4789733776728,True
584,Ridge,2025-07-09 02:20:00,159.0,180.26870880719602,True
584,Ridge,2025-07-09 02:25:00,160.0,162.57347715276268,True
584,Ridge,2025-07-09 02:30:00,164.0,157.45581052643783,True
584,Ridge,2025-07-09 02:35:00,159.0,174.08225552978467,True
584,Ridge,2025-07-09 02:40:00,156.0,160.2127114295372,True
584,Ridge,2025-07-09 02:45:00,130.0,160.24132612498636,True
584,Ridge,2025-07-09 02:50:00,125.0,150.11154294884983,True
584,Ridge,2025-07-09 02:55:00,132.0,159.7490619628388,True
584,Ridge,2025-07-09 03:00:00,134.0,167.8083298896716,True
584,Ridge,2025-07-09 03:05:00,141.0,150.74008753304506,True
584,Ridge,2025-07-09 03:10:00,148.0,150.65864817552549,True
584,Ridge,2025-07-09 03:15:00,151.0,90.68934124235439,True
584,Ridge,2025-07-09 03:20:00,154.0,114.41880503764959,True
584,Ridge,2025-07-09 03:25:00,163.0,136.2535497274784,True
584,Ridge,2025-07-09 03:30:00,171.0,134.42292094734512,True
584,Ridge,2025-07-09 03:35:00,175.0,150.91400717165067,True
584,Ridge,2025-07-09 03:40:00,176.0,158.52791927802673,True
584,Ridge,2025-07-09 03:45:00,170.0,157.33365674242393,True
584,Ridge,2025-07-09 03:50:00,162.0,160.42186830631195,True
584,Ridge,2025-07-09 03:55:00,142.0,177.94773456401023,True
584,Ridge,2025-07-09 04:00:00,115.0,184.7989391252198,True
584,Ridge,2025-07-09 04:05:00,103.0,182.97688779463243,True
584,Ridge,2025-07-09 04:10:00,107.0,178.96077755653505,True
584,Ridge,2025-07-09 04:15:00,120.0,161.6544385559912,True
584,Ridge,2025-07-09 04:20:00,131.0,150.85082079467753,True
584,Ridge,2025-07-09 04:25:00,133.0,111.91520991079258,True
584,Ridge,2025-07-09 04:30:00,134.0,72.32954857263995,True
584,Ridge,2025-07-09 04:35:00,139.0,79.13195099743743,True
584,Ridge,2025-07-09 04:40:00,150.0,105.5342960453174,True
584,Ridge,2025-07-09 04:45:00,160.0,134.4394043740329,True
584,Ridge,2025-07-09 04:50:00,160.0,146.71796648367447,True
584,Ridge,2025-07-09 04:55:00,160.0,139.05360491788605,True
584,Ridge,2025-07-09 05:00:00,160.0,139.23129084448863,True
584,Ridge,2025-07-09 05:05:00,160.0,149.35549134344717,True
584,Ridge,2025-07-09 05:10:00,160.0,168.94200395179234,True
584,Ridge,2025-07-09 05:15:00,160.0,177.71144631137852,True
584,Ridge,2025-07-09 05:35:00,162.0,161.9673160695699,True
584,Ridge,2025-07-09 05:40:00,154.0,162.34736333910038,True
584,Ridge,2025-07-09 05:45:00,151.0,162.10078529776345,True
584,Ridge,2025-07-09 05:50:00,154.0,161.66600689097567,False
584,Ridge,2025-07-09 05:55:00,149.0,160.88330860394487,False
584,Ridge,2025-07-09 06:00:00,141.0,160.63742510427585,False
584,Ridge,2025-07-09 06:05:00,138.0,162.70712086027302,True
584,Ridge,2025-07-09 06:10:00,138.0,139.9323115331098,True
584,Ridge,2025-07-09 06:15:00,137.0,144.50936263482836,True
584,Ridge,2025-07-09 06:20:00,115.0,154.90534044176812,True
584,Ridge,2025-07-09 06:25:00,125.0,139.42385335080178,True
584,Ridge,2025-07-09 06:30:00,126.0,127.8011680654407,True
584,Ridge,2025-07-09 06:35:00,124.0,131.35544196441055,True
584,Ridge,2025-07-09 06:40:00,110.0,136.04141154514807,True
584,Ridge,2025-07-09 06:45:00,97.0,134.32429666401273,True
584,Ridge,2025-07-09 06:50:00,83.0,82.78093030831654,True
584,Ridge,2025-07-09 06:55:00,77.0,137.96032536952788,True
584,Ridge,2025-07-09 07:00:00,81.0,125.68251106155387,True
584,Ridge,2025-07-09 07:05:00,93.0,122.67330324517954,True
584,Ridge,2025-07-09 07:10:00,89.0,90.73713096143857,True
584,Ridge,2025-07-09 07:15:00,74.0,79.1387157749315,True
584,Ridge,2025-07-09 07:20:00,65.0,62.35217323766632,True
584,Ridge,2025-07-09 07:25:00,60.0,66.8718609528311,True
584,Ridge,2025-07-09 07:30:00,58.0,86.00624973712615,True
584,Ridge,2025-07-09 07:35:00,59.0,112.36577051592558,True
584,Ridge,2025-07-09 07:40:00,57.0,88.56540039318706,True
584,Ridge,2025-07-09 07:45:00,55.0,58.84289861348945,True
584,Ridge,2025-07-09 07:50:00,54.0,56.37372684707857,True
584,Ridge,2025-07-09 07:55:00,49.0,57.40514199225993,True
584,Ridge,2025-07-09 08:00:00,41.0,59.72092353647341,True
584,Ridge,2025-07-09 08:05:00,49.0,65.71735692091002,True
584,Ridge,2025-07-09 08:10:00,55.0,60.67859470493839,True
584,Ridge,2025-07-09 08:15:00,53.0,60.00372020758135,True
584,Ridge,2025-07-09 08:20:00,66.0,60.92601610816831,True
584,Ridge,2025-07-09 08:25:00,90.0,51.27421849632118,True
584,Ridge,2025-07-09 08:30:00,87.0,39.56871990668125,True
584,Ridge,2025-07-09 08:35:00,86.0,70.1031439668913,True
584,Ridge,2025-07-09 08:40:00,77.0,73.09362066887205,True
584,Ridge,2025-07-09 08:45:00,71.0,61.43394731408368,True
584,Ridge,2025-07-09 08:50:00,74.0,96.00839490235664,True
584,Ridge,2025-07-09 08:55:00,72.0,135.7785152089516,True
584,Ridge,2025-07-09 09:00:00,78.0,96.80879554386664,True
584,Ridge,2025-07-09 09:05:00,79.0,98.69418973864376,True
584,RandomForest,2025-06-29 00:00:00,257.0,178.51874508637567,False
584,RandomForest,2025-06-29 00:05:00,258.0,239.34675788306816,True
584,RandomForest,2025-06-29 00:10:00,267.0,259.24636089372484,True
584,RandomForest,2025-06-29 00:15:00,275.0,275.8446116214561,True
584,RandomForest,2025-06-29 00:20:00,284.0,268.6602784220146,True
584,RandomForest,2025-06-29 00:25:00,295.0,260.855151738365,True
584,RandomForest,2025-06-29 00:30:00,299.0,235.0633912753913,True
584,RandomForest,2025-06-29 00:35:00,300.0,254.37204834293684,True
584,RandomForest,2025-06-29 00:40:00,309.0,265.4004192302181,True
584,RandomForest,2025-06-29 00:45:00,312.0,278.3040028611106,True
584,RandomForest,2025-06-29 00:50:00,313.0,296.731696695849,True
584,RandomForest,2025-06-29 00:55:00,312.0,311.53400135422606,True
584,RandomForest,2025-06-29 01:00:00,311.0,306.26755836878726,True
584,RandomForest,2025-06-29 01:05:00,314.0,297.8207724010266,True
584,RandomForest,2025-06-29 01:10:00,318.0,320.64872231216106,True
584,RandomForest,2025-06-29 01:15:00,325.0,317.31305267774644,True
584,RandomForest,2025-06-29 01:20:00,330.0,319.32833174543737,True
584,RandomForest,2025-06-29 01:25:00,318.0,305.66627320430587,True
584,RandomForest,2025-06-29 01:30:00,296.0,303.1099518319845,True
584,RandomForest,2025-06-29 01:35:00,289.0,319.23017115103465,True
584,RandomForest,2025-06-29 01:40:00,290.0,315.3728092851593,True
584,RandomForest,2025-06-29 01:45:00,290.0,320.49636956945625,True
584,RandomForest,2025-06-29 01:50:00,281.0,324.7337090022456,True
584,RandomForest,2025-06-29 01:55:00,272.0,300.7832497727927,True
584,RandomForest,2025-06-29 02:00:00,267.0,264.91232321164665,True
584,RandomForest,2025-06-29 02:05:00,262.0,265.9676791427526,True
584,RandomForest,2025-06-29 02:10:00,259.0,280.41270007770004,True
584,RandomForest,2025-06-29 02:15:00,265.0,280.2674278936546,True
584,RandomForest,2025-06-29 02:20:00,277.0,249.80289619750897,True
584,RandomForest,2025-06-29 02:25:00,290.0,248.2565055891432,True
584,RandomForest,2025-06-29 02:30:00,299.0,245.8814927557822,True
584,RandomForest,2025-06-29 02:35:00,306.0,242.21729260569074,True
584,RandomForest,2025-06-29 02:40:00,320.0,242.37361838310989,True
584,RandomForest,2025-06-29 02:45:00,313.0,258.35823966543023,True
584,RandomForest,2025-06-29 02:50:00,313.0,276.0370558299989,True
584,RandomForest,2025-06-29 02:55:00,313.0,291.4556960699047,True
584,RandomForest,2025-06-29 03:00:00,313.0,297.5584555102325,True
584,RandomForest,2025-06-29 03:05:00,313.0,303.5767107990049,True
584,RandomForest,2025-06-29 03:10:00,313.0,325.2419811261536,True
584,RandomForest,2025-06-29 03:15:00,313.0,290.5308058762943,True
584,RandomForest,2025-06-29 03:55:00,275.0,247.76673342080798,False
584,RandomForest,2025-06-29 04:00:00,278.0,248.33788231031681,False
584,RandomForest,2025-06-29 04:05:00,275.0,263.0441316082291,False
584,RandomForest,2025-06-29 04:10:00,271.0,258.37283346193095,False
584,RandomForest,2025-06-29 04:15:00,271.0,261.3029492479714,False
584,RandomForest,2025-06-29 04:20:00,265.0,254.59244535359082,False
584,RandomForest,2025-06-29 04:25:00,257.0,269.0275935841499,True
584,RandomForest,2025-06-29 04:30:00,252.0,274.54851961623376,True
584,RandomForest,2025-06-29 04:35:00,250.0,257.9387908389964,True
584,RandomForest,2025-06-29 04:40:00,236.0,246.51908082942825,True
584,RandomForest,2025-06-29 04:45:00,224.0,263.05939625679486,True
584,RandomForest,2025-06-29 04:50:00,217.0,232.1384335046204,True
584,RandomForest,2025-06-29 04:55:00,199.0,223.22439673588826,True
584,RandomForest,2025-06-29 05:00:00,185.0,227.6550657900788,True
584,RandomForest,2025-06-29 05:05:00,174.0,226.10396044806532,True
584,RandomForest,2025-06-29 05:10:00,165.0,201.85472275377455,True
584,RandomForest,2025-06-29 05:15:00,159.0,185.23215274790337,True
584,RandomForest,2025-06-29 05:20:00,153.0,188.6656247630961,True
584,RandomForest,2025-06-29 05:25:00,149.0,148.616639288858,True
584,RandomForest,2025-06-29 05:30:00,154.0,142.22439084608197,True
584,RandomForest,2025-06-29 05:35:00,156.0,128.70488604451106,True
584,RandomForest,2025-06-29 05:40:00,150.0,119.24118284372634,True
584,RandomForest,2025-06-29 05:45:00,143.0,125.87442792848003,True
584,RandomForest,2025-06-29 05:50:00,135.0,123.7023240318485,True
584,RandomForest,2025-06-29 05:55:00,131.0,127.95239608668602,True
584,RandomForest,2025-06-29 06:00:00,134.0,164.69044989143242,True
584,RandomForest,2025-06-29 06:05:00,144.0,155.41746007324613,True
584,RandomForest,2025-06-29 06:10:00,144.0,131.55031332896067,True
584,RandomForest,2025-06-29 06:15:00,141.0,127.44698171113309,True
584,RandomForest,2025-06-29 06:20:00,146.0,119.30020460083755,True
584,RandomForest,2025-06-29 06:25:00,150.0,117.3315141822663,True
584,RandomForest,2025-06-29 06:30:00,156.0,136.01919256812897,True
584,RandomForest,2025-06-29 06:35:00,160.0,147.86475100049492,True
584,RandomForest,2025-06-29 06:40:00,164.0,146.28347185191035,True
584,RandomForest,2025-06-29 06:45:00,167.0,125.96511329316405,True
584,RandomForest,2025-06-29 06:50:00,166.0,159.7241706284386,True
584,RandomForest,2025-06-29 06:55:00,161.0,160.5037746086989,True
584,RandomForest,2025-06-29 07:00:00,160.0,167.92319885268677,True
584,RandomForest,2025-06-29 07:05:00,156.0,169.11133539220518,True
584,RandomForest,2025-06-29 07:10:00,155.0,174.78580458835518,True
584,RandomForest,2025-06-29 07:15:00,154.0,173.39756293503004,True
584,RandomForest,2025-06-29 07:20:00,151.0,159.871473468515,True
584,RandomForest,2025-06-29 07:25:00,146.0,150.0736729361381,True
584,RandomForest,2025-06-29 07:30:00,142.0,157.24065114984302,True
584,RandomForest,2025-06-29 07:35:00,140.0,146.42033912471604,True
584,RandomForest,2025-06-29 07:40:00,142.0,147.513587873077,True
584,RandomForest,2025-06-29 07:45:00,148.0,144.8388924665722,True
584,RandomForest,2025-06-29 07:50:00,158.0,144.4533746264759,True
584,RandomForest,2025-06-29 07:55:00,176.0,140.50445899199468,True
584,RandomForest,2025-06-29 08:00:00,199.0,133.64813532662848,True
584,RandomForest,2025-06-29 08:05:00,214.0,132.72280457394055,True
584,RandomForest,2025-06-29 08:10:00,222.0,143.54640203550585,True
584,RandomForest,2025-06-29 08:15:00,232.0,159.27012126586683,True
584,RandomForest,2025-06-29 08:20:00,239.0,172.4772474563773,True
584,RandomForest,2025-06-29 08:25:00,242.0,189.19182962788548,True
584,RandomForest,2025-06-29 08:30:00,248.0,230.89005541211242,True
584,RandomForest,2025-06-29 08:35:00,252.0,232.27903576715158,True
584,RandomForest,2025-06-29 08:40:00,262.0,237.78591926098815,True
584,RandomForest,2025-06-29 08:45:00,272.0,251.47066227629253,True
584,RandomForest,2025-06-29 08:50:00,276.0,249.26648893256774,True
584,RandomForest,2025-06-29 08:55:00,284.0,241.28787385952626,True
584,RandomForest,2025-06-29 09:00:00,286.0,257.6948355085398,True
584,RandomForest,2025-06-29 09:05:00,283.0,260.4567082526183,True
584,RandomForest,2025-06-29 09:10:00,284.0,274.36276943821196,True
584,RandomForest,2025-06-29 09:15:00,276.0,279.63681996865625,True
584,RandomForest,2025-06-29 09:20:00,262.0,276.8275025524023,True
584,RandomForest,2025-06-29 09:25:00,249.0,288.3356121797687,True
584,RandomForest,2025-06-29 09:30:00,235.0,276.9893470703297,True
584,RandomForest,2025-06-29 09:35:00,223.0,256.51401799232127,True
584,RandomForest,2025-06-29 09:40:00,214.0,274.8745785782767,True
584,RandomForest,2025-06-29 09:45:00,206.0,241.75624442237876,True
584,RandomForest,2025-06-29 09:50:00,198.0,231.2169494333848,True
584,RandomForest,2025-06-29 09:55:00,192.0,203.98613220113216,True
584,RandomForest,2025-06-29 10:00:00,188.0,191.4336178046272,True
584,RandomForest,2025-06-29 10:05:00,184.0,176.93181129454052,True
584,RandomForest,2025-06-29 10:10:00,179.0,175.80409976140032,True
584,RandomForest,2025-06-29 10:15:00,174.0,169.96408701163932,True
584,RandomForest,2025-06-29 10:20:00,172.0,157.24616028821393,True
584,RandomForest,2025-06-29 10:25:00,172.0,153.69892038214573,True
584,RandomForest,2025-06-29 10:30:00,174.0,155.7153883768738,True
584,RandomForest,2025-06-29 10:35:00,173.0,159.3317225247934,True
584,RandomForest,2025-06-29 10:40:00,173.0,152.38661699785555,True
584,RandomForest,2025-06-29 10:45:00,177.0,150.2289721176686,True
584,RandomForest,2025-06-29 10:50:00,180.0,156.9645760523427,True
584,RandomForest,2025-06-29 10:55:00,185.0,159.6025132971448,True
584,RandomForest,2025-06-29 11:00:00,195.0,168.83374180941144,True
584,RandomForest,2025-06-29 11:05:00,204.0,163.2624612884922,True
584,RandomForest,2025-06-29 11:10:00,208.0,168.4240862323344,True
584,RandomForest,2025-06-29 11:15:00,210.0,178.63579203392973,True
584,RandomForest,2025-06-29 11:20:00,216.0,187.02464743977984,True
584,RandomForest,2025-06-29 11:25:00,227.0,198.70463410790555,True
584,RandomForest,2025-06-29 11:30:00,234.0,214.51965170148998,True
584,RandomForest,2025-06-29 11:35:00,237.0,221.4658144851789,True
584,RandomForest,2025-06-29 11:40:00,241.0,221.34021121838202,True
584,RandomForest,2025-06-29 11:45:00,244.0,211.85535780981925,True
584,RandomForest,2025-06-29 11:50:00,246.0,233.12411276947049,True
584,RandomForest,2025-06-29 11:55:00,247.0,248.44962389063764,True
584,RandomForest,2025-06-29 12:00:00,248.0,254.0952951757925,True
584,RandomForest,2025-06-29 12:05:00,252.0,243.91329101313877,True
584,RandomForest,2025-06-29 12:10:00,251.0,255.6300444213037,True
584,RandomForest,2025-06-29 12:15:00,243.0,251.39841221616618,True
584,RandomForest,2025-06-29 12:20:00,239.0,244.74186314241769,True
584,RandomForest,2025-06-29 12:25:00,236.0,243.5499824068078,True
584,RandomForest,2025-06-29 12:30:00,235.0,243.54281430469646,True
584,RandomForest,2025-06-29 12:35:00,241.0,257.90438321357504,True
584,RandomForest,2025-06-29 12:40:00,254.0,248.32555992037024,True
584,RandomForest,2025-06-29 12:45:00,268.0,228.36298649764313,True
584,RandomForest,2025-06-29 12:50:00,282.0,227.0424748164377,True
584,RandomForest,2025-06-29 12:55:00,295.0,222.3891350971427,True
584,RandomForest,2025-06-29 13:00:00,302.0,229.97669490316872,True
584,RandomForest,2025-06-29 13:05:00,310.0,241.3020161518598,True
584,RandomForest,2025-06-29 13:10:00,313.0,269.11556752646777,True
584,RandomForest,2025-06-29 13:15:00,314.0,279.12391998618506,True
584,RandomForest,2025-06-29 13:20:00,319.0,304.5135281167704,True
584,RandomForest,2025-06-29 13:25:00,318.0,315.2742195337905,True
584,RandomForest,2025-06-29 13:30:00,312.0,303.49877364634466,True
584,RandomForest,2025-06-29 13:35:00,312.0,322.612162452477,True
584,RandomForest,2025-06-29 13:40:00,314.0,320.7151623742606,True
584,RandomForest,2025-06-29 13:45:00,309.0,318.1821339457588,True
584,RandomForest,2025-06-29 13:50:00,306.0,327.74887543320733,True
584,RandomForest,2025-06-29 13:55:00,311.0,301.8819662390749,True
584,RandomForest,2025-06-29 14:00:00,316.0,297.1634580805668,True
584,RandomForest,2025-06-29 14:05:00,325.0,304.9964843983351,True
584,RandomForest,2025-06-29 14:10:00,335.0,318.9501444314273,True
584,RandomForest,2025-06-29 14:15:00,347.0,293.44003070940244,True
584,RandomForest,2025-06-29 14:20:00,361.0,295.1029634046509,True
584,RandomForest,2025-06-29 14:25:00,369.0,313.6025706322381,True
584,RandomForest,2025-06-29 14:30:00,374.0,320.3240944066327,True
584,RandomForest,2025-06-29 14:35:00,381.0,327.9857767966665,True
584,RandomForest,2025-06-29 14:40:00,389.0,346.94965728332977,True
584,RandomForest,2025-06-29 14:45:00,396.0,365.07817809967804,True
584,RandomForest,2025-06-29 14:50:00,400.0,363.8595814185813,True
584,RandomForest,2025-06-29 14:55:00,400.0,370.8041694971695,True
584,RandomForest,2025-06-29 15:00:00,400.0,365.3908121323122,True
584,RandomForest,2025-06-29 15:05:00,400.0,375.2873373848374,True
584,RandomForest,2025-06-29 15:10:00,400.0,377.46708757908755,True
584,RandomForest,2025-06-29 15:15:00,400.0,390.17382428682424,True
584,RandomForest,2025-06-29 15:20:00,400.0,396.3516623376623,True
584,RandomForest,2025-06-29 15:25:00,400.0,396.3516623376623,True
584,RandomForest,2025-06-29 15:30:00,392.0,397.7931168831169,True
584,RandomForest,2025-06-29 15:35:00,379.0,398.8501645021645,True
584,RandomForest,2025-06-29 15:40:00,364.0,399.2954978354978,True
584,RandomForest,2025-06-29 15:45:00,364.0,397.6452222222223,True
584,RandomForest,2025-06-29 15:50:00,364.0,396.28576623376625,True
584,RandomForest,2025-06-29 15:55:00,364.0,393.1154942279942,True
584,RandomForest,2025-06-29 16:00:00,364.0,348.43738600288606,True
584,RandomForest,2025-06-29 16:05:00,364.0,304.62705855255854,True
584,RandomForest,2025-06-29 16:10:00,364.0,284.4187391497391,True
584,RandomForest,2025-06-29 16:35:00,158.0,315.06717049617055,True
584,RandomForest,2025-06-29 16:40:00,150.0,314.3557816072817,True
584,RandomForest,2025-06-29 16:45:00,143.0,203.3708154068154,False
584,RandomForest,2025-06-29 16:50:00,138.0,203.29621223221227,False
584,RandomForest,2025-06-29 16:55:00,134.0,203.29621223221227,False
584,RandomForest,2025-06-29 17:00:00,130.0,203.65750512925933,False
584,RandomForest,2025-06-29 17:05:00,130.0,194.47314804336278,True
584,RandomForest,2025-06-29 17:10:00,133.0,121.10587082275137,True
584,RandomForest,2025-06-29 17:15:00,134.0,119.82574926914472,True
584,RandomForest,2025-06-29 17:20:00,132.0,124.05793097562197,True
584,RandomForest,2025-06-29 17:25:00,127.0,123.85377642522138,True
584,RandomForest,2025-06-29 17:30:00,127.0,116.48651784081048,True
584,RandomForest,2025-06-29 17:35:00,129.0,129.90430430397075,True
584,RandomForest,2025-06-29 17:40:00,132.0,144.21420489828313,True
584,RandomForest,2025-06-29 17:45:00,134.0,135.25810532855206,True
584,RandomForest,2025-06-29 17:50:00,139.0,128.7058392479756,True
584,RandomForest,2025-06-29 17:55:00,143.0,118.87563144179968,True
584,RandomForest,2025-06-29 18:00:00,144.0,128.43483926932566,True
584,RandomForest,2025-06-29 18:05:00,146.0,132.243380355603,True
584,RandomForest,2025-06-29 18:10:00,151.0,140.46887698048292,True
584,RandomForest,2025-06-29 18:15:00,150.0,145.30194845603734,True
584,RandomForest,2025-06-29 18:20:00,148.0,152.72127286935097,True
584,RandomForest,2025-06-29 18:25:00,155.0,154.29398240352612,True
584,RandomForest,2025-06-29 18:30:00,161.0,146.80720566758754,True
584,RandomForest,2025-06-29 18:35:00,162.0,153.2824349742563,True
584,RandomForest,2025-06-29 18:40:00,163.0,171.51696343444118,True
584,RandomForest,2025-06-29 18:45:00,164.0,142.04397508770856,True
584,RandomForest,2025-06-29 18:50:00,165.0,141.53141080481566,True
584,RandomForest,2025-06-29 18:55:00,162.0,167.83825132736283,True
584,RandomForest,2025-06-29 19:00:00,159.0,179.52104246364092,True
584,RandomForest,2025-06-29 19:05:00,163.0,166.91625562827718,True
584,RandomForest,2025-06-29 19:10:00,165.0,165.6203893583035,True
584,RandomForest,2025-06-29 19:15:00,162.0,167.1190991976629,True
584,RandomForest,2025-06-29 19:20:00,163.0,167.66540792064734,True
584,RandomForest,2025-06-29 19:25:00,168.0,152.64696141153027,True
584,RandomForest,2025-06-29 19:30:00,169.0,149.3594090047122,True
584,RandomForest,2025-06-29 19:35:00,170.0,174.60352069803105,True
584,RandomForest,2025-06-29 19:40:00,170.0,170.32596603310932,True
584,RandomForest,2025-06-29 19:45:00,170.0,151.35139458621043,True
584,RandomForest,2025-06-29 19:50:00,169.0,164.84357057619002,True
584,RandomForest,2025-06-29 19:55:00,169.0,175.5764728273054,True
584,RandomForest,2025-06-29 20:00:00,169.0,171.3923405790381,True
584,RandomForest,2025-06-29 20:05:00,172.0,175.2946038324365,True
584,RandomForest,2025-06-29 20:10:00,174.0,173.2556226464915,True
584,RandomForest,2025-06-29 20:15:00,172.0,172.48710297572376,True
584,RandomForest,2025-06-29 20:20:00,171.0,167.47652472154093,True
584,RandomForest,2025-06-29 20:25:00,171.0,170.9854205020485,True
584,RandomForest,2025-06-29 20:30:00,170.0,170.54412095982255,True
584,RandomForest,2025-06-29 20:35:00,170.0,180.4353856328831,True
584,RandomForest,2025-06-29 20:40:00,171.0,179.68111676919582,True
584,RandomForest,2025-06-29 20:45:00,172.0,171.72482307135553,True
584,RandomForest,2025-06-29 20:50:00,173.0,171.09279424133777,True
584,RandomForest,2025-06-29 20:55:00,173.0,175.7028196078684,True
584,RandomForest,2025-06-29 21:00:00,173.0,168.84717216738375,True
584,RandomForest,2025-06-29 21:05:00,170.0,172.52210592816806,True
584,RandomForest,2025-06-29 21:10:00,172.0,182.93499141404118,True
584,RandomForest,2025-06-29 21:15:00,174.0,184.7150200438373,True
584,RandomForest,2025-06-29 21:20:00,173.0,184.898665858778,True
584,RandomForest,2025-06-29 21:25:00,171.0,178.20169643221493,True
584,RandomForest,2025-06-29 21:30:00,168.0,175.68787936804736,True
584,RandomForest,2025-06-29 21:35:00,165.0,162.3570592857916,True
584,RandomForest,2025-06-29 21:40:00,160.0,183.54983939880208,True
584,RandomForest,2025-06-29 21:45:00,156.0,183.14830119101694,True
584,RandomForest,2025-06-29 21:50:00,153.0,166.19379595317594,True
584,RandomForest,2025-06-29 21:55:00,150.0,165.02869944497047,True
584,RandomForest,2025-06-29 22:00:00,148.0,154.64762936235746,True
584,RandomForest,2025-06-29 22:05:00,147.0,151.8486749943855,True
584,RandomForest,2025-06-29 22:10:00,147.0,147.31918712872707,True
584,RandomForest,2025-06-29 22:15:00,149.0,143.2356574641232,True
584,RandomForest,2025-06-29 22:20:00,152.0,139.30245248556324,True
584,RandomForest,2025-06-29 22:25:00,155.0,137.06572292206312,True
584,RandomForest,2025-06-29 22:30:00,158.0,137.3114514181442,True
584,RandomForest,2025-06-29 22:35:00,162.0,139.03609241439793,True
584,RandomForest,2025-06-29 22:40:00,167.0,145.58344775620833,True
584,RandomForest,2025-06-29 22:45:00,172.0,147.09458576451155,True
584,RandomForest,2025-06-29 22:50:00,176.0,156.3094320815528,True
584,RandomForest,2025-06-29 22:55:00,181.0,158.84578767297572,True
584,RandomForest,2025-06-29 23:00:00,188.0,166.54159055748602,True
584,RandomForest,2025-06-29 23:05:00,192.0,170.2998557492335,True
584,RandomForest,2025-06-29 23:10:00,195.0,178.92631496061927,True
584,RandomForest,2025-06-29 23:15:00,195.0,183.1436741233669,True
584,RandomForest,2025-06-29 23:20:00,196.0,182.11012517871862,True
584,RandomForest,2025-06-29 23:25:00,199.0,192.45582973732832,True
584,RandomForest,2025-06-29 23:30:00,203.0,204.37362161467064,True
584,RandomForest,2025-06-29 23:35:00,207.0,200.4602321325106,True
584,RandomForest,2025-06-29 23:40:00,208.0,205.0950550261112,True
584,RandomForest,2025-06-29 23:45:00,208.0,202.79004555353356,True
584,RandomForest,2025-06-29 23:50:00,209.0,204.98711171644183,True
584,RandomForest,2025-06-29 23:55:00,210.0,207.6655730406051,True
584,RandomForest,2025-06-30 00:00:00,213.0,213.33957586690354,True
584,RandomForest,2025-06-30 00:05:00,217.0,221.64425859043513,True
584,RandomForest,2025-06-30 00:10:00,221.0,208.83834413301236,True
584,RandomForest,2025-06-30 00:15:00,224.0,209.0840766578411,True
584,RandomForest,2025-06-30 00:20:00,229.0,210.5791012784664,True
584,RandomForest,2025-06-30 00:25:00,233.0,212.0872259193123,True
584,RandomForest,2025-06-30 00:30:00,236.0,215.81047171585058,True
584,RandomForest,2025-06-30 00:35:00,237.0,227.30453865065,True
584,RandomForest,2025-06-30 00:40:00,235.0,230.9953593079724,True
584,RandomForest,2025-06-30 00:45:00,235.0,230.41412135031464,True
584,RandomForest,2025-06-30 00:50:00,234.0,241.2554712733288,True
584,RandomForest,2025-06-30 00:55:00,233.0,244.0216215365799,True
584,RandomForest,2025-06-30 01:00:00,229.0,243.8548405572644,True
584,RandomForest,2025-06-30 01:05:00,224.0,244.33656594567216,True
584,RandomForest,2025-06-30 01:10:00,221.0,229.58242434938722,True
584,RandomForest,2025-06-30 01:15:00,218.0,237.14713794582033,True
584,RandomForest,2025-06-30 01:20:00,220.0,234.12557149535172,True
584,RandomForest,2025-06-30 01:25:00,220.0,230.16124019468734,True
584,RandomForest,2025-06-30 01:30:00,220.0,219.5189513365765,True
584,RandomForest,2025-06-30 01:35:00,222.0,212.68277799793924,True
584,RandomForest,2025-06-30 01:40:00,225.0,216.22622289967808,True
584,RandomForest,2025-06-30 01:45:00,227.0,211.72714561485645,True
584,RandomForest,2025-06-30 01:50:00,226.0,216.86689604330044,True
584,RandomForest,2025-06-30 01:55:00,226.0,216.5208774659296,True
584,RandomForest,2025-06-30 02:00:00,232.0,216.71808574725682,True
584,RandomForest,2025-06-30 02:05:00,236.0,218.9115133013365,True
584,RandomForest,2025-06-30 02:10:00,236.0,225.0196930950919,True
584,RandomForest,2025-06-30 02:15:00,237.0,229.30595889026895,True
584,RandomForest,2025-06-30 02:20:00,239.0,227.3051642053936,True
584,RandomForest,2025-06-30 02:25:00,242.0,230.54982471435312,True
584,RandomForest,2025-06-30 02:30:00,243.0,240.28857770179695,True
584,RandomForest,2025-06-30 02:35:00,243.0,239.09965505189845,True
584,RandomForest,2025-06-30 02:40:00,239.0,236.30901306003025,True
584,RandomForest,2025-06-30 02:45:00,234.0,240.19054848402072,True
584,RandomForest,2025-06-30 02:50:00,230.0,242.3342046824073,True
584,RandomForest,2025-06-30 02:55:00,225.0,244.38123911961964,True
584,RandomForest,2025-06-30 03:00:00,222.0,244.140362625326,True
584,RandomForest,2025-06-30 03:05:00,221.0,242.87533150517183,True
584,RandomForest,2025-06-30 03:10:00,214.0,233.45015065829153,True
584,RandomForest,2025-06-30 03:15:00,210.0,228.37495702970716,True
584,RandomForest,2025-06-30 03:20:00,208.0,222.89903963906679,True
584,RandomForest,2025-06-30 03:25:00,212.0,216.34052216992256,True
584,RandomForest,2025-06-30 03:30:00,215.0,213.69493115951494,True
584,RandomForest,2025-06-30 03:35:00,216.0,212.40063763959472,True
584,RandomForest,2025-06-30 03:40:00,216.0,201.95704924943925,True
584,RandomForest,2025-06-30 03:45:00,215.0,201.36363077072846,True
584,RandomForest,2025-06-30 03:50:00,213.0,199.41560827409566,True
584,RandomForest,2025-06-30 03:55:00,204.0,213.56577761682937,True
584,RandomForest,2025-06-30 04:00:00,194.0,217.43123694306695,True
584,RandomForest,2025-06-30 04:05:00,191.0,212.6377926648073,True
584,RandomForest,2025-06-30 04:10:00,187.0,212.4055014550985,True
584,RandomForest,2025-06-30 04:15:00,195.0,213.08123171089898,True
584,RandomForest,2025-06-30 04:20:00,198.0,208.9579887711057,True
584,RandomForest,2025-06-30 04:25:00,198.0,203.78392292805123,True
584,RandomForest,2025-06-30 04:30:00,198.0,189.55490643773228,True
584,RandomForest,2025-06-30 04:35:00,198.0,195.95344723163845,True
584,RandomForest,2025-06-30 04:40:00,198.0,182.35520572284557,True
584,RandomForest,2025-06-30 04:45:00,198.0,197.9804435678816,True
584,RandomForest,2025-06-30 04:50:00,198.0,205.71771244527545,True
584,RandomForest,2025-06-30 05:10:00,174.0,198.49658138398706,True
584,RandomForest,2025-06-30 05:15:00,174.0,194.89458153234781,True
584,RandomForest,2025-06-30 05:20:00,172.0,197.73833488001168,True
584,RandomForest,2025-06-30 05:25:00,169.0,179.49920357706213,False
584,RandomForest,2025-06-30 05:30:00,166.0,180.1994076302258,False
584,RandomForest,2025-06-30 05:35:00,164.0,179.04344378278654,False
584,RandomForest,2025-06-30 05:40:00,161.0,177.11877256341816,True
584,RandomForest,2025-06-30 05:45:00,158.0,180.28375155166225,True
584,RandomForest,2025-06-30 05:50:00,155.0,168.6900533965552,True
584,RandomForest,2025-06-30 05:55:00,152.0,159.3795071745877,True
584,RandomForest,2025-06-30 06:00:00,151.0,151.34061931287894,True
584,RandomForest,2025-06-30 06:05:00,149.0,154.5019213582742,True
584,RandomForest,2025-06-30 06:10:00,148.0,150.40766905739557,True
584,RandomForest,2025-06-30 06:15:00,146.0,146.60228443507418,True
584,RandomForest,2025-06-30 06:20:00,145.0,142.55035133721432,True
584,RandomForest,2025-06-30 06:25:00,145.0,140.09204376423767,True
584,RandomForest,2025-06-30 06:30:00,145.0,140.93491959937452,True
584,RandomForest,2025-06-30 06:35:00,148.0,139.2139142368941,True
584,RandomForest,2025-06-30 06:40:00,152.0,138.57967770410795,True
584,RandomForest,2025-06-30 06:45:00,158.0,136.92911642535594,True
584,RandomForest,2025-06-30 06:50:00,169.0,138.95699965327242,True
584,RandomForest,2025-06-30 06:55:00,181.0,143.49247608920746,True
584,RandomForest,2025-06-30 07:00:00,195.0,154.394385323361,True
584,RandomForest,2025-06-30 07:05:00,207.0,169.98203565045927,True
584,RandomForest,2025-06-30 07:10:00,217.0,173.5883504458353,True
584,RandomForest,2025-06-30 07:15:00,226.0,180.56944355331285,True
584,RandomForest,2025-06-30 07:20:00,231.0,191.84311261090434,True
584,RandomForest,2025-06-30 07:25:00,236.0,206.5423127968922,True
584,RandomForest,2025-06-30 07:30:00,240.0,226.90065834895194,True
584,RandomForest,2025-06-30 07:35:00,241.0,226.5123183591622,True
584,RandomForest,2025-06-30 07:40:00,241.0,234.00283993586146,True
584,RandomForest,2025-06-30 07:45:00,241.0,234.93105023788365,True
584,RandomForest,2025-06-30 07:50:00,242.0,236.3195451473914,True
584,RandomForest,2025-06-30 07:55:00,247.0,243.94248664091978,True
584,RandomForest,2025-06-30 08:00:00,251.0,240.89222746328377,True
584,RandomForest,2025-06-30 08:05:00,253.0,236.05692115616387,True
584,RandomForest,2025-06-30 08:10:00,255.0,232.60239778433697,True
584,RandomForest,2025-06-30 08:15:00,258.0,233.88270177337628,True
584,RandomForest,2025-06-30 08:20:00,260.0,235.79761025752123,True
584,RandomForest,2025-06-30 08:25:00,265.0,250.68808059886226,True
584,RandomForest,2025-06-30 08:30:00,272.0,256.69744023945736,True
584,RandomForest,2025-06-30 08:35:00,273.0,252.8491201974109,True
584,RandomForest,2025-06-30 08:40:00,274.0,251.89210403926768,True
584,RandomForest,2025-06-30 08:45:00,277.0,252.90924914303406,True
584,RandomForest,2025-06-30 08:50:00,279.0,254.00114579520832,True
584,RandomForest,2025-06-30 08:55:00,281.0,271.6521144516569,True
584,RandomForest,2025-06-30 09:00:00,282.0,274.84678819720136,True
584,RandomForest,2025-06-30 09:05:00,284.0,260.3424631005691,True
584,RandomForest,2025-06-30 09:10:00,286.0,259.3811172070059,True
584,RandomForest,2025-06-30 09:15:00,288.0,270.4154404970231,True
584,RandomForest,2025-06-30 09:20:00,290.0,268.98881226163905,True
584,RandomForest,2025-06-30 09:25:00,293.0,269.11080959468404,True
584,RandomForest,2025-06-30 09:30:00,296.0,270.1623396950288,True
584,RandomForest,2025-06-30 09:35:00,297.0,275.50870470034465,True
584,RandomForest,2025-06-30 09:40:00,299.0,276.56545532294814,True
584,RandomForest,2025-06-30 09:45:00,300.0,280.44738346329007,True
584,RandomForest,2025-06-30 09:50:00,300.0,281.4798454692902,True
584,RandomForest,2025-06-30 09:55:00,303.0,284.3532907386002,True
584,RandomForest,2025-06-30 10:00:00,300.0,293.9360071693164,True
584,RandomForest,2025-06-30 10:05:00,295.0,292.98239532705236,True
584,RandomForest,2025-06-30 10:10:00,301.0,300.6417664631627,True
584,RandomForest,2025-06-30 10:15:00,307.0,294.56658858146307,True
584,RandomForest,2025-06-30 10:20:00,313.0,288.61632189600294,True
584,RandomForest,2025-06-30 10:25:00,315.0,300.2405556475894,True
584,RandomForest,2025-06-30 10:30:00,312.0,280.55056914231386,True
584,RandomForest,2025-06-30 10:35:00,311.0,273.3840669501593,True
584,RandomForest,2025-06-30 10:40:00,312.0,301.64563319700153,True
584,RandomForest,2025-06-30 10:45:00,312.0,302.8353092247247,True
584,RandomForest,2025-06-30 10:50:00,313.0,311.12280929168634,True
584,RandomForest,2025-06-30 10:55:00,311.0,313.69967002984947,True
584,RandomForest,2025-06-30 11:00:00,310.0,298.81275128066176,True
584,RandomForest,2025-06-30 11:05:00,311.0,298.90870690836744,True
584,RandomForest,2025-06-30 11:10:00,301.0,308.77826895487766,True
584,RandomForest,2025-06-30 11:15:00,298.0,299.2965514455918,True
584,RandomForest,2025-06-30 11:20:00,302.0,310.11011826869577,True
584,RandomForest,2025-06-30 11:25:00,297.0,295.2165745868731,True
584,RandomForest,2025-06-30 11:30:00,290.0,294.67113677543523,True
584,RandomForest,2025-06-30 11:35:00,284.0,307.51601626476787,True
584,RandomForest,2025-06-30 11:40:00,283.0,277.1464898598616,True
584,RandomForest,2025-06-30 11:45:00,287.0,268.6949599567099,True
584,RandomForest,2025-06-30 11:50:00,291.0,292.46957296604694,True
584,RandomForest,2025-06-30 11:55:00,291.0,268.0357261744104,True
584,RandomForest,2025-06-30 12:00:00,290.0,258.7738539100144,True
584,RandomForest,2025-06-30 12:05:00,285.0,250.19606267151124,True
584,RandomForest,2025-06-30 12:10:00,282.0,260.6559819065674,True
584,RandomForest,2025-06-30 12:15:00,280.0,270.4800900832913,True
584,RandomForest,2025-06-30 12:20:00,277.0,273.4954208641038,True
584,RandomForest,2025-06-30 12:25:00,273.0,265.4953229996124,True
584,RandomForest,2025-06-30 12:30:00,268.0,267.33140354870756,True
584,RandomForest,2025-06-30 12:35:00,263.0,257.87112303072945,True
584,RandomForest,2025-06-30 12:40:00,257.0,254.6289634413228,True
584,RandomForest,2025-06-30 12:45:00,249.0,258.0876102328444,True
584,RandomForest,2025-06-30 12:50:00,241.0,249.95952159945418,True
584,RandomForest,2025-06-30 12:55:00,232.0,241.93313285039426,True
584,RandomForest,2025-06-30 13:00:00,225.0,236.60238957036768,True
584,RandomForest,2025-06-30 13:05:00,218.0,237.89486710718015,True
584,RandomForest,2025-06-30 13:10:00,212.0,225.9991860172957,True
584,RandomForest,2025-06-30 13:15:00,205.0,209.20233347471566,True
584,RandomForest,2025-06-30 13:20:00,198.0,207.75345937366217,True
584,RandomForest,2025-06-30 13:25:00,191.0,190.3876642538984,True
584,RandomForest,2025-06-30 13:30:00,184.0,191.2090098360222,True
584,RandomForest,2025-06-30 13:35:00,175.0,184.89559860985645,True
584,RandomForest,2025-06-30 13:40:00,167.0,182.75276157809904,True
584,RandomForest,2025-06-30 13:45:00,161.0,176.8002003312899,True
584,RandomForest,2025-06-30 13:50:00,156.0,165.5327855792455,True
584,RandomForest,2025-06-30 13:55:00,154.0,160.8118335906151,True
584,RandomForest,2025-06-30 14:00:00,152.0,154.75181441845095,True
584,RandomForest,2025-06-30 14:05:00,148.0,143.93253734736658,True
584,RandomForest,2025-06-30 14:10:00,140.0,137.04508373370945,True
584,RandomForest,2025-06-30 14:15:00,134.0,135.87551949995907,True
584,RandomForest,2025-06-30 14:20:00,128.0,138.24799599946107,True
584,RandomForest,2025-06-30 14:25:00,123.0,139.3918000715596,True
584,RandomForest,2025-06-30 14:30:00,122.0,135.1557512273118,True
584,RandomForest,2025-06-30 14:35:00,121.0,130.27194690306362,True
584,RandomForest,2025-06-30 14:40:00,123.0,120.34228385446997,True
584,RandomForest,2025-06-30 14:45:00,123.0,118.75878014685843,True
584,RandomForest,2025-06-30 14:50:00,121.0,110.1735071792751,True
584,RandomForest,2025-06-30 14:55:00,119.0,103.57438697526686,True
584,RandomForest,2025-06-30 15:00:00,120.0,116.65686389207876,True
584,RandomForest,2025-06-30 15:05:00,121.0,115.01929019809263,True
584,RandomForest,2025-06-30 15:10:00,120.0,128.92240883785567,True
584,RandomForest,2025-06-30 15:15:00,120.0,124.18581509800546,True
584,RandomForest,2025-06-30 15:20:00,123.0,116.41465367667895,True
584,RandomForest,2025-06-30 15:25:00,128.0,112.65288136098351,True
584,RandomForest,2025-06-30 15:30:00,130.0,120.25455035727823,True
584,RandomForest,2025-06-30 15:35:00,131.0,121.43824050120476,True
584,RandomForest,2025-06-30 15:40:00,133.0,113.96026069684827,True
584,RandomForest,2025-06-30 15:45:00,137.0,120.71159349076468,True
584,RandomForest,2025-06-30 15:50:00,138.0,131.1887172436288,True
584,RandomForest,2025-06-30 15:55:00,138.0,140.43667979316837,True
584,RandomForest,2025-06-30 16:00:00,140.0,137.95930050870663,True
584,RandomForest,2025-06-30 16:05:00,139.0,137.234484246936,True
584,RandomForest,2025-06-30 16:10:00,137.0,143.28699241992342,True
584,RandomForest,2025-06-30 16:15:00,135.0,149.01251158412225,True
584,RandomForest,2025-06-30 16:20:00,133.0,140.85766850882365,True
584,RandomForest,2025-06-30 16:25:00,131.0,140.37574534572147,True
584,RandomForest,2025-06-30 16:30:00,131.0,149.64106426409168,True
584,RandomForest,2025-06-30 16:35:00,129.0,138.55776156581967,True
584,RandomForest,2025-06-30 16:40:00,124.0,135.80000777571183,True
584,RandomForest,2025-06-30 16:45:00,120.0,132.9905524371443,True
584,RandomForest,2025-06-30 16:50:00,116.0,130.93961520141144,True
584,RandomForest,2025-06-30 16:55:00,114.0,126.81676892485419,True
584,RandomForest,2025-06-30 17:00:00,112.0,131.10790233212722,True
584,RandomForest,2025-06-30 17:05:00,109.0,128.02947280556447,True
584,RandomForest,2025-06-30 17:10:00,105.0,116.14793658831657,True
584,RandomForest,2025-06-30 17:15:00,105.0,110.77341677819504,True
584,RandomForest,2025-06-30 17:20:00,104.0,106.63088565441439,True
584,RandomForest,2025-06-30 17:25:00,99.0,107.94167418836945,True
584,RandomForest,2025-06-30 17:30:00,96.0,104.76802570486343,True
584,RandomForest,2025-06-30 17:35:00,96.0,99.76486000031174,True
584,RandomForest,2025-06-30 17:40:00,96.0,95.46141934955034,True
584,RandomForest,2025-06-30 17:45:00,96.0,101.23068185371899,True
584,RandomForest,2025-06-30 17:50:00,98.0,97.99491697499225,True
584,RandomForest,2025-06-30 17:55:00,103.0,92.44943653207312,True
584,RandomForest,2025-06-30 18:00:00,104.0,89.69426675121977,True
584,RandomForest,2025-06-30 18:05:00,100.0,94.70297901637733,True
584,RandomForest,2025-06-30 18:10:00,99.0,92.84765535998694,True
584,RandomForest,2025-06-30 18:15:00,95.0,93.30982674462187,True
584,RandomForest,2025-06-30 18:20:00,88.0,103.70928108268427,True
584,RandomForest,2025-06-30 18:25:00,89.0,108.8322159953433,True
584,RandomForest,2025-06-30 18:30:00,100.0,108.39751955655265,True
584,RandomForest,2025-06-30 18:35:00,106.0,99.06547619317453,True
584,RandomForest,2025-06-30 18:40:00,118.0,98.03095869135764,True
584,RandomForest,2025-06-30 18:45:00,133.0,92.16153372467679,True
584,RandomForest,2025-06-30 18:50:00,142.0,87.10260506020792,True
584,RandomForest,2025-06-30 18:55:00,150.0,96.80996370740746,True
584,RandomForest,2025-06-30 19:00:00,158.0,119.90990434806757,True
584,RandomForest,2025-06-30 19:05:00,163.0,126.4392885899384,True
584,RandomForest,2025-06-30 19:10:00,167.0,149.50408608265224,True
584,RandomForest,2025-06-30 19:15:00,171.0,179.05468764975257,True
584,RandomForest,2025-06-30 19:20:00,175.0,161.0713910154061,True
584,RandomForest,2025-06-30 19:25:00,173.0,172.82924349782698,True
584,RandomForest,2025-06-30 19:30:00,171.0,178.3267954929654,True
584,RandomForest,2025-06-30 19:35:00,168.0,177.16817011592187,True
584,RandomForest,2025-06-30 19:40:00,175.0,176.98821327026243,True
584,RandomForest,2025-06-30 19:45:00,182.0,181.42337241764852,True
584,RandomForest,2025-06-30 19:50:00,185.0,189.4408840175092,True
584,RandomForest,2025-06-30 19:55:00,188.0,171.25140793836238,True
584,RandomForest,2025-06-30 20:00:00,190.0,170.36839197276174,True
584,RandomForest,2025-06-30 20:05:00,189.0,169.16873487747102,True
584,RandomForest,2025-06-30 20:10:00,187.0,200.21834815767932,True
584,RandomForest,2025-06-30 20:15:00,185.0,198.89407526973136,True
584,RandomForest,2025-06-30 20:20:00,185.0,191.75916660479885,True
584,RandomForest,2025-06-30 20:25:00,184.0,192.15276599143365,True
584,RandomForest,2025-06-30 20:30:00,181.0,183.573447586212,True
584,RandomForest,2025-06-30 20:35:00,178.0,183.49395301326368,True
584,RandomForest,2025-06-30 20:40:00,174.0,175.5974184484235,True
584,RandomForest,2025-06-30 20:45:00,168.0,175.82209992852364,True
584,RandomForest,2025-06-30 20:50:00,164.0,199.61797897022788,True
584,RandomForest,2025-06-30 20:55:00,159.0,183.59052828112868,True
584,RandomForest,2025-06-30 21:00:00,154.0,177.52529081285948,True
584,RandomForest,2025-06-30 21:05:00,155.0,168.87898977993328,True
584,RandomForest,2025-06-30 21:10:00,154.0,169.88569632539713,True
584,RandomForest,2025-06-30 21:15:00,147.0,147.30272937582106,True
584,RandomForest,2025-06-30 21:20:00,138.0,143.01749887907073,True
584,RandomForest,2025-06-30 21:25:00,132.0,132.79740178924533,True
584,RandomForest,2025-06-30 21:30:00,128.0,133.94034840716893,True
584,RandomForest,2025-06-30 21:35:00,127.0,155.5787193724106,True
584,RandomForest,2025-06-30 21:40:00,127.0,149.21864672140137,True
584,RandomForest,2025-06-30 21:45:00,128.0,124.77516803472302,True
584,RandomForest,2025-06-30 21:50:00,131.0,125.82248913344179,True
584,RandomForest,2025-06-30 21:55:00,134.0,120.77800573095791,True
584,RandomForest,2025-06-30 22:00:00,134.0,113.07855166126033,True
584,RandomForest,2025-06-30 22:05:00,133.0,129.39623684125527,True
584,RandomForest,2025-06-30 22:10:00,131.0,131.92223454323457,True
584,RandomForest,2025-06-30 22:15:00,130.0,138.47867682317687,True
584,RandomForest,2025-06-30 22:20:00,131.0,147.78148818148816,True
584,RandomForest,2025-06-30 22:25:00,133.0,150.82872821949294,True
584,RandomForest,2025-06-30 22:30:00,135.0,134.79949902033684,True
584,RandomForest,2025-06-30 22:35:00,136.0,135.74685722600762,True
584,RandomForest,2025-06-30 22:40:00,136.0,127.63893107906775,True
584,RandomForest,2025-06-30 22:45:00,138.0,130.05168626050502,True
584,RandomForest,2025-06-30 22:50:00,138.0,132.31864071497478,True
584,RandomForest,2025-06-30 22:55:00,138.0,139.99574628231866,True
584,RandomForest,2025-06-30 23:00:00,137.0,142.71813058738397,True
584,RandomForest,2025-06-30 23:05:00,136.0,137.32725607712163,True
584,RandomForest,2025-06-30 23:10:00,136.0,135.9313019595816,True
584,RandomForest,2025-06-30 23:15:00,136.0,142.04458209634345,True
584,RandomForest,2025-06-30 23:20:00,138.0,132.1976735528784,True
584,RandomForest,2025-06-30 23:25:00,141.0,133.53814006280084,True
584,RandomForest,2025-06-30 23:30:00,144.0,135.40401124669333,True
584,RandomForest,2025-06-30 23:35:00,146.0,134.77679172480896,True
584,RandomForest,2025-06-30 23:40:00,148.0,134.42085034403593,True
584,RandomForest,2025-06-30 23:45:00,148.0,135.1987922316887,True
584,RandomForest,2025-06-30 23:50:00,147.0,144.7949834260198,True
584,RandomForest,2025-06-30 23:55:00,145.0,149.5131471587269,True
584,RandomForest,2025-07-01 00:00:00,145.0,154.8950121398951,True
584,RandomForest,2025-07-01 00:05:00,147.0,152.96172885390735,True
584,RandomForest,2025-07-01 00:10:00,149.0,152.91753884185928,True
584,RandomForest,2025-07-01 00:15:00,153.0,150.0823798320205,True
584,RandomForest,2025-07-01 00:20:00,158.0,142.47002602227784,True
584,RandomForest,2025-07-01 00:25:00,165.0,139.59726776952962,True
584,RandomForest,2025-07-01 00:30:00,170.0,144.0073807628241,True
584,RandomForest,2025-07-01 00:35:00,176.0,151.31059945249143,True
584,RandomForest,2025-07-01 00:40:00,181.0,154.73191895405103,True
584,RandomForest,2025-07-01 00:45:00,186.0,162.63112099977045,True
584,RandomForest,2025-07-01 00:50:00,188.0,173.79060751513722,True
584,RandomForest,2025-07-01 00:55:00,190.0,184.05757921393328,True
584,RandomForest,2025-07-01 01:00:00,193.0,183.98884829894243,True
584,RandomForest,2025-07-01 01:05:00,197.0,193.93221965236128,True
584,RandomForest,2025-07-01 01:10:00,200.0,195.19125870753942,True
584,RandomForest,2025-07-01 01:15:00,203.0,199.39032767925855,True
584,RandomForest,2025-07-01 01:20:00,206.0,192.180814676859,True
584,RandomForest,2025-07-01 01:25:00,210.0,195.5893965456124,True
584,RandomForest,2025-07-01 01:30:00,215.0,203.00953839666397,True
584,RandomForest,2025-07-01 01:35:00,220.0,210.60332065623174,True
584,RandomForest,2025-07-01 01:40:00,225.0,211.74713479534464,True
584,RandomForest,2025-07-01 01:45:00,227.0,211.47260373922248,True
584,RandomForest,2025-07-01 01:50:00,229.0,216.21273202617252,True
584,RandomForest,2025-07-01 01:55:00,230.0,224.76271061322234,True
584,RandomForest,2025-07-01 02:00:00,230.0,233.17743512350341,True
584,RandomForest,2025-07-01 02:05:00,230.0,237.54858051650345,True
584,RandomForest,2025-07-01 02:10:00,230.0,242.37135900870894,True
584,RandomForest,2025-07-01 02:15:00,231.0,237.59193023223295,True
584,RandomForest,2025-07-01 02:20:00,232.0,238.82788679398695,True
584,RandomForest,2025-07-01 02:25:00,232.0,237.43977861401933,True
584,RandomForest,2025-07-01 02:30:00,233.0,233.8521922025181,True
584,RandomForest,2025-07-01 02:35:00,235.0,232.44069995503415,True
584,RandomForest,2025-07-01 02:40:00,235.0,231.4803348345547,True
584,RandomForest,2025-07-01 02:45:00,235.0,231.58113461720654,True
584,RandomForest,2025-07-01 02:50:00,235.0,231.27100576741933,True
584,RandomForest,2025-07-01 02:55:00,234.0,230.03086806125296,True
584,RandomForest,2025-07-01 03:00:00,234.0,231.70507852451178,True
584,RandomForest,2025-07-01 03:05:00,234.0,235.39799420501262,True
584,RandomForest,2025-07-01 03:10:00,234.0,233.19032807615164,True
584,RandomForest,2025-07-01 03:15:00,235.0,233.84620199063454,True
584,RandomForest,2025-07-01 03:20:00,234.0,234.3850028007526,True
584,RandomForest,2025-07-01 03:25:00,229.0,230.4776885433646,True
584,RandomForest,2025-07-01 03:30:00,221.0,229.29352081214273,True
584,RandomForest,2025-07-01 03:35:00,215.0,230.04085734604513,True
584,RandomForest,2025-07-01 03:40:00,211.0,229.6977331039839,True
584,RandomForest,2025-07-01 03:45:00,207.0,234.39913018125054,True
584,RandomForest,2025-07-01 03:50:00,205.0,227.80645888736876,True
584,RandomForest,2025-07-01 03:55:00,205.0,221.36720695771746,True
584,RandomForest,2025-07-01 04:00:00,205.0,214.7764284297065,True
584,RandomForest,2025-07-01 04:05:00,205.0,216.2242562831715,True
584,RandomForest,2025-07-01 04:10:00,205.0,208.92517898663013,True
584,RandomForest,2025-07-01 04:15:00,205.0,199.30322634516423,True
584,RandomForest,2025-07-01 04:20:00,205.0,197.68254463284578,True
584,RandomForest,2025-07-01 04:25:00,178.0,203.56972781393392,True
584,RandomForest,2025-07-01 04:30:00,176.0,203.88287395203878,True
584,RandomForest,2025-07-01 04:35:00,174.0,205.9870111478158,True
584,RandomForest,2025-07-01 04:40:00,172.0,205.39254675997432,True
584,RandomForest,2025-07-01 04:45:00,169.0,205.87795535517853,True
584,RandomForest,2025-07-01 04:50:00,167.0,204.35133407475013,True
584,RandomForest,2025-07-01 04:55:00,165.0,175.54103685418522,True
584,RandomForest,2025-07-01 05:00:00,165.0,181.66320986009322,True
584,RandomForest,2025-07-01 05:05:00,168.0,176.16737297660816,True
584,RandomForest,2025-07-01 05:10:00,171.0,162.8819782843777,True
584,RandomForest,2025-07-01 05:15:00,171.0,155.3638691774916,True
584,RandomForest,2025-07-01 05:20:00,171.0,161.43440634243677,True
584,RandomForest,2025-07-01 05:25:00,170.0,155.52477331326054,True
584,RandomForest,2025-07-01 05:30:00,170.0,174.74538136940203,True
584,RandomForest,2025-07-01 05:35:00,170.0,173.63768581491115,True
584,RandomForest,2025-07-01 05:40:00,165.0,174.2384879044086,True
584,RandomForest,2025-07-01 05:45:00,161.0,167.95847179656198,True
584,RandomForest,2025-07-01 05:50:00,158.0,167.90298716019396,True
584,RandomForest,2025-07-01 05:55:00,155.0,165.5097332860765,True
584,RandomForest,2025-07-01 06:00:00,148.0,171.6266357807764,True
584,RandomForest,2025-07-01 06:05:00,140.0,169.67252080986688,True
584,RandomForest,2025-07-01 06:10:00,133.0,149.57823045649658,True
584,RandomForest,2025-07-01 06:15:00,126.0,147.76582364096492,True
584,RandomForest,2025-07-01 06:20:00,121.0,145.0937974368277,True
584,RandomForest,2025-07-01 06:25:00,115.0,142.1561663197935,True
584,RandomForest,2025-07-01 06:30:00,112.0,130.94481042231573,True
584,RandomForest,2025-07-01 06:35:00,108.0,119.48847208292429,True
584,RandomForest,2025-07-01 06:40:00,107.0,114.55289332173511,True
584,RandomForest,2025-07-01 06:45:00,104.0,106.68110729923879,True
584,RandomForest,2025-07-01 06:50:00,105.0,102.75478674577307,True
584,RandomForest,2025-07-01 06:55:00,106.0,95.69582197376432,True
584,RandomForest,2025-07-01 07:00:00,109.0,99.52632963618764,True
584,RandomForest,2025-07-01 07:05:00,115.0,89.8002031938723,True
584,RandomForest,2025-07-01 07:10:00,121.0,96.14926228471562,True
584,RandomForest,2025-07-01 07:15:00,124.0,91.73985096946082,True
584,RandomForest,2025-07-01 07:20:00,128.0,103.20403183241895,True
584,RandomForest,2025-07-01 07:25:00,132.0,101.74024337237839,True
584,RandomForest,2025-07-01 07:30:00,136.0,115.77624238061463,True
584,RandomForest,2025-07-01 07:35:00,139.0,121.16415968081238,True
584,RandomForest,2025-07-01 07:40:00,140.0,135.504087642966,True
584,RandomForest,2025-07-01 07:45:00,139.0,131.98025714669268,True
584,RandomForest,2025-07-01 07:50:00,140.0,140.72495341139467,True
584,RandomForest,2025-07-01 07:55:00,142.0,145.007929235983,True
584,RandomForest,2025-07-01 08:00:00,146.0,148.39130448937948,True
584,RandomForest,2025-07-01 08:05:00,153.0,149.84892613077767,True
584,RandomForest,2025-07-01 08:10:00,159.0,143.6862347887075,True
584,RandomForest,2025-07-01 08:15:00,162.0,159.40367205496096,True
584,RandomForest,2025-07-01 08:20:00,162.0,150.43186414583568,True
584,RandomForest,2025-07-01 08:25:00,161.0,157.59233083766836,True
584,RandomForest,2025-07-01 08:30:00,160.0,165.4299169679511,True
584,RandomForest,2025-07-01 08:35:00,153.0,172.21571498902466,True
584,RandomForest,2025-07-01 08:40:00,147.0,180.3684426094307,True
584,RandomForest,2025-07-01 08:45:00,141.0,172.28960524675892,True
584,RandomForest,2025-07-01 08:50:00,136.0,168.05145808533925,True
584,RandomForest,2025-07-01 08:55:00,132.0,149.39720691209882,True
584,RandomForest,2025-07-01 09:00:00,128.0,150.50617075315657,True
584,RandomForest,2025-07-01 09:05:00,122.0,129.15931419100286,True
584,RandomForest,2025-07-01 09:10:00,118.0,129.62138629705308,True
584,RandomForest,2025-07-01 09:15:00,114.0,123.95242041373027,True
584,RandomForest,2025-07-01 09:20:00,111.0,121.75401270821447,True
584,RandomForest,2025-07-01 09:25:00,108.0,119.11048401739339,True
584,RandomForest,2025-07-01 09:30:00,106.0,115.95117254873352,True
584,RandomForest,2025-07-01 09:35:00,105.0,104.84909422828527,True
584,RandomForest,2025-07-01 09:40:00,102.0,103.33624637579527,True
584,RandomForest,2025-07-01 09:45:00,99.0,97.14234083032417,True
584,RandomForest,2025-07-01 09:50:00,97.0,99.45339129214226,True
584,RandomForest,2025-07-01 09:55:00,95.0,95.65325554568821,True
584,RandomForest,2025-07-01 10:00:00,95.0,91.72246285454645,True
584,RandomForest,2025-07-01 10:05:00,95.0,96.85337634076386,True
584,RandomForest,2025-07-01 10:10:00,94.0,93.20561615463475,True
584,RandomForest,2025-07-01 10:15:00,93.0,92.72010809923637,True
584,RandomForest,2025-07-01 10:20:00,92.0,91.02818660509367,True
584,RandomForest,2025-07-01 10:25:00,91.0,87.70873755708948,True
584,RandomForest,2025-07-01 10:30:00,90.0,93.48131992762022,True
584,RandomForest,2025-07-01 10:35:00,90.0,93.6289723120423,True
584,RandomForest,2025-07-01 10:40:00,89.0,92.91582017323795,True
584,RandomForest,2025-07-01 10:45:00,89.0,94.30505541818528,True
584,RandomForest,2025-07-01 10:50:00,88.0,95.48128069312934,True
584,RandomForest,2025-07-01 10:55:00,87.0,95.34622254097232,True
584,RandomForest,2025-07-01 11:00:00,87.0,95.44262570816372,True
584,RandomForest,2025-07-01 11:05:00,89.0,96.69470108199293,True
584,RandomForest,2025-07-01 11:10:00,91.0,88.56549092982584,True
584,RandomForest,2025-07-01 11:15:00,94.0,93.41134576494595,True
584,RandomForest,2025-07-01 11:20:00,95.0,86.19723741524584,True
584,RandomForest,2025-07-01 11:25:00,95.0,86.2609198498034,True
584,RandomForest,2025-07-01 11:30:00,94.0,91.55404355082355,True
584,RandomForest,2025-07-01 11:35:00,92.0,100.5770674470994,True
584,RandomForest,2025-07-01 11:40:00,91.0,101.22287863611228,True
584,RandomForest,2025-07-01 11:45:00,90.0,108.86387904762002,True
584,RandomForest,2025-07-01 11:50:00,89.0,101.26800273113746,True
584,RandomForest,2025-07-01 11:55:00,88.0,100.04383126196728,True
584,RandomForest,2025-07-01 12:00:00,88.0,97.56119405819,True
584,RandomForest,2025-07-01 12:05:00,89.0,93.83940455286178,True
584,RandomForest,2025-07-01 12:10:00,91.0,95.54151631789108,True
584,RandomForest,2025-07-01 12:15:00,93.0,92.45206595075129,True
584,RandomForest,2025-07-01 12:20:00,97.0,91.27214570291255,True
584,RandomForest,2025-07-01 12:25:00,100.0,88.15778124600743,True
584,RandomForest,2025-07-01 12:30:00,103.0,94.51925464977172,True
584,RandomForest,2025-07-01 12:35:00,106.0,94.69319134649389,True
584,RandomForest,2025-07-01 12:40:00,109.0,102.33410299546713,True
584,RandomForest,2025-07-01 12:45:00,113.0,119.58004829475055,True
584,RandomForest,2025-07-01 12:50:00,114.0,126.98842280794696,True
584,RandomForest,2025-07-01 12:55:00,114.0,125.57182862180532,True
584,RandomForest,2025-07-01 13:00:00,113.0,127.87656167299247,True
584,RandomForest,2025-07-01 13:05:00,112.0,140.13768872121082,True
584,RandomForest,2025-07-01 13:10:00,112.0,142.80381501564798,True
584,RandomForest,2025-07-01 13:15:00,111.0,148.7314640100486,True
584,RandomForest,2025-07-01 13:20:00,108.0,131.83478765040797,True
584,RandomForest,2025-07-01 13:25:00,107.0,128.48238468782014,True
584,RandomForest,2025-07-01 13:30:00,106.0,115.54274515257633,True
584,RandomForest,2025-07-01 13:35:00,105.0,111.49300356078707,True
584,RandomForest,2025-07-01 13:40:00,107.0,123.1679635142788,True
584,RandomForest,2025-07-01 13:45:00,108.0,111.50986492182439,True
584,RandomForest,2025-07-01 13:50:00,107.0,103.54138954978526,True
584,RandomForest,2025-07-01 13:55:00,107.0,108.70422303132499,True
584,RandomForest,2025-07-01 14:00:00,106.0,105.53538085891321,True
584,RandomForest,2025-07-01 14:05:00,104.0,106.35736272943484,True
584,RandomForest,2025-07-01 14:10:00,105.0,116.49120899648369,True
584,RandomForest,2025-07-01 14:15:00,106.0,115.24036552100304,True
584,RandomForest,2025-07-01 14:20:00,105.0,109.70635919918277,True
584,RandomForest,2025-07-01 14:25:00,107.0,112.68079351307479,True
584,RandomForest,2025-07-01 14:30:00,110.0,104.71479558711805,True
584,RandomForest,2025-07-01 14:35:00,110.0,100.48298703193603,True
584,RandomForest,2025-07-01 14:40:00,111.0,114.75134396773399,True
584,RandomForest,2025-07-01 14:45:00,113.0,111.48551393980559,True
584,RandomForest,2025-07-01 14:50:00,115.0,104.00386400996719,True
584,RandomForest,2025-07-01 14:55:00,118.0,114.74522274605798,True
584,RandomForest,2025-07-01 15:00:00,119.0,121.39865350896896,True
584,RandomForest,2025-07-01 15:05:00,120.0,115.93194732848353,True
584,RandomForest,2025-07-01 15:10:00,121.0,117.93090024238829,True
584,RandomForest,2025-07-01 15:15:00,123.0,121.8144806763373,True
584,RandomForest,2025-07-01 15:20:00,127.0,122.78175109081623,True
584,RandomForest,2025-07-01 15:25:00,130.0,126.59715790643388,True
584,RandomForest,2025-07-01 15:30:00,132.0,122.43827223112963,True
584,RandomForest,2025-07-01 15:35:00,136.0,125.0705171060053,True
584,RandomForest,2025-07-01 15:40:00,141.0,125.5453483518597,True
584,RandomForest,2025-07-01 15:45:00,148.0,129.3644326540565,True
584,RandomForest,2025-07-01 15:50:00,152.0,140.71711125504808,True
584,RandomForest,2025-07-01 15:55:00,153.0,143.07482234067692,True
584,RandomForest,2025-07-01 16:00:00,153.0,140.83050566473617,True
584,RandomForest,2025-07-01 16:05:00,154.0,148.0404742436159,True
584,RandomForest,2025-07-01 16:10:00,154.0,155.71341097347909,True
584,RandomForest,2025-07-01 16:15:00,154.0,168.70642850416246,True
584,RandomForest,2025-07-01 16:20:00,154.0,164.45255946799452,True
584,RandomForest,2025-07-01 16:25:00,154.0,157.12967199352101,True
584,RandomForest,2025-07-01 16:30:00,154.0,155.87695854592374,True
584,RandomForest,2025-07-01 16:35:00,154.0,157.1750569836697,True
584,RandomForest,2025-07-01 16:55:00,227.0,154.1941000724196,True
584,RandomForest,2025-07-01 17:00:00,233.0,154.1819811647354,True
584,RandomForest,2025-07-01 17:05:00,235.0,167.48279186929733,True
584,RandomForest,2025-07-01 17:10:00,236.0,176.5660244581255,False
584,RandomForest,2025-07-01 17:15:00,237.0,178.59929948830631,False
584,RandomForest,2025-07-01 17:20:00,236.0,173.93023813840605,False
584,RandomForest,2025-07-01 17:25:00,234.0,229.9590911074194,True
584,RandomForest,2025-07-01 17:30:00,231.0,243.18377739406176,True
584,RandomForest,2025-07-01 17:35:00,230.0,225.22001632156386,True
584,RandomForest,2025-07-01 17:40:00,228.0,223.6896355682863,True
584,RandomForest,2025-07-01 17:45:00,227.0,219.85880991690271,True
584,RandomForest,2025-07-01 17:50:00,224.0,218.33673612645254,True
584,RandomForest,2025-07-01 17:55:00,220.0,199.1382062721436,True
584,RandomForest,2025-07-01 18:00:00,216.0,203.1989039387532,True
584,RandomForest,2025-07-01 18:05:00,212.0,221.1615003652631,True
584,RandomForest,2025-07-01 18:10:00,208.0,209.0547322032947,True
584,RandomForest,2025-07-01 18:15:00,203.0,216.24410390615682,True
584,RandomForest,2025-07-01 18:20:00,199.0,203.26614665821987,True
584,RandomForest,2025-07-01 18:25:00,196.0,200.4273028207647,True
584,RandomForest,2025-07-01 18:30:00,194.0,196.6110694320714,True
584,RandomForest,2025-07-01 18:35:00,194.0,194.73056726283502,True
584,RandomForest,2025-07-01 18:40:00,193.0,190.3977581152736,True
584,RandomForest,2025-07-01 18:45:00,193.0,183.03492791840824,True
584,RandomForest,2025-07-01 18:50:00,192.0,182.9336426550948,True
584,RandomForest,2025-07-01 18:55:00,191.0,178.37405104385928,True
584,RandomForest,2025-07-01 19:00:00,191.0,179.4567090626305,True
584,RandomForest,2025-07-01 19:05:00,191.0,189.19827670775646,True
584,RandomForest,2025-07-01 19:10:00,191.0,177.26507898823127,True
584,RandomForest,2025-07-01 19:15:00,191.0,187.0848599172651,True
584,RandomForest,2025-07-01 19:20:00,190.0,179.93332384177376,True
584,RandomForest,2025-07-01 19:25:00,187.0,180.320695925285,True
584,RandomForest,2025-07-01 19:30:00,185.0,186.63557234155982,True
584,RandomForest,2025-07-01 19:35:00,182.0,188.53266052417936,True
584,RandomForest,2025-07-01 19:40:00,179.0,188.98265662692614,True
584,RandomForest,2025-07-01 19:45:00,176.0,189.7421354024821,True
584,RandomForest,2025-07-01 19:50:00,174.0,185.75033301346969,True
584,RandomForest,2025-07-01 19:55:00,173.0,180.66433132517366,True
584,RandomForest,2025-07-01 20:00:00,173.0,180.23204702006086,True
584,RandomForest,2025-07-01 20:05:00,173.0,173.02709159781313,True
584,RandomForest,2025-07-01 20:10:00,173.0,166.4712276075257,True
584,RandomForest,2025-07-01 20:15:00,171.0,167.41596941271936,True
584,RandomForest,2025-07-01 20:20:00,163.0,169.86548784892045,True
584,RandomForest,2025-07-01 20:25:00,150.0,170.40707398201602,True
584,RandomForest,2025-07-01 20:30:00,137.0,166.4913128559966,True
584,RandomForest,2025-07-01 20:35:00,127.0,167.70802517323173,True
584,RandomForest,2025-07-01 20:40:00,118.0,170.41833790679556,True
584,RandomForest,2025-07-01 20:45:00,112.0,156.61525020528967,True
584,RandomForest,2025-07-01 20:50:00,108.0,133.31871334137315,True
584,RandomForest,2025-07-01 20:55:00,107.0,112.68250142168745,True
584,RandomForest,2025-07-01 21:00:00,105.0,99.05255234323127,True
584,RandomForest,2025-07-01 21:05:00,103.0,99.73064285647636,True
584,RandomForest,2025-07-01 21:10:00,101.0,96.39497557201301,True
584,RandomForest,2025-07-01 21:15:00,101.0,93.09572537955057,True
584,RandomForest,2025-07-01 21:20:00,102.0,97.88166838100096,True
584,RandomForest,2025-07-01 21:25:00,105.0,103.34040677020099,True
584,RandomForest,2025-07-01 21:30:00,108.0,96.04307835198453,True
584,RandomForest,2025-07-01 21:35:00,111.0,96.30044202972894,True
584,RandomForest,2025-07-01 21:40:00,114.0,98.31669345235993,True
584,RandomForest,2025-07-01 21:45:00,116.0,104.79952903592378,True
584,RandomForest,2025-07-01 21:50:00,118.0,113.16877718814177,True
584,RandomForest,2025-07-01 21:55:00,120.0,119.77997705283698,True
584,RandomForest,2025-07-01 22:00:00,122.0,121.31372981810352,True
584,RandomForest,2025-07-01 22:05:00,124.0,123.2099573980256,True
584,RandomForest,2025-07-01 22:10:00,125.0,130.27166961524875,True
584,RandomForest,2025-07-01 22:15:00,126.0,123.25849405241624,True
584,RandomForest,2025-07-01 22:20:00,127.0,124.34424126296824,True
584,RandomForest,2025-07-01 22:25:00,127.0,128.39550395119812,True
584,RandomForest,2025-07-01 22:30:00,129.0,129.83566432506075,True
584,RandomForest,2025-07-01 22:35:00,130.0,132.5807336802721,True
584,RandomForest,2025-07-01 22:40:00,131.0,129.7731589869082,True
584,RandomForest,2025-07-01 22:45:00,131.0,131.57916668322656,True
584,RandomForest,2025-07-01 22:50:00,130.0,133.6229011345115,True
584,RandomForest,2025-07-01 22:55:00,130.0,133.48559939279238,True
584,RandomForest,2025-07-01 23:00:00,132.0,138.76563865208323,True
584,RandomForest,2025-07-01 23:05:00,134.0,137.15567757852241,True
584,RandomForest,2025-07-01 23:10:00,137.0,136.38925350294932,True
584,RandomForest,2025-07-01 23:15:00,140.0,135.63103816037614,True
584,RandomForest,2025-07-01 23:20:00,141.0,131.14086718520738,True
584,RandomForest,2025-07-01 23:25:00,141.0,134.39767757016782,True
584,RandomForest,2025-07-01 23:30:00,141.0,141.5056875270566,True
584,RandomForest,2025-07-01 23:35:00,143.0,143.96957527947606,True
584,RandomForest,2025-07-01 23:40:00,141.0,146.97936188034413,True
584,RandomForest,2025-07-01 23:45:00,140.0,151.66403607519845,True
584,RandomForest,2025-07-01 23:50:00,141.0,144.17812565304644,True
584,RandomForest,2025-07-01 23:55:00,143.0,142.78393730123466,True
584,RandomForest,2025-07-02 00:00:00,146.0,142.10242611229995,True
584,RandomForest,2025-07-02 00:05:00,149.0,150.67767329573803,True
584,RandomForest,2025-07-02 00:10:00,152.0,137.20236431391572,True
584,RandomForest,2025-07-02 00:15:00,154.0,138.4151464185509,True
584,RandomForest,2025-07-02 00:20:00,156.0,143.98349109177553,True
584,RandomForest,2025-07-02 00:25:00,157.0,149.20638615254228,True
584,RandomForest,2025-07-02 00:30:00,158.0,154.31681329234127,True
584,RandomForest,2025-07-02 00:35:00,157.0,158.54974554323667,True
584,RandomForest,2025-07-02 00:40:00,154.0,159.79054689583378,True
584,RandomForest,2025-07-02 00:45:00,151.0,156.59058348291958,True
584,RandomForest,2025-07-02 00:50:00,149.0,161.80138684903602,True
584,RandomForest,2025-07-02 00:55:00,147.0,160.43643748704343,True
584,RandomForest,2025-07-02 01:00:00,145.0,164.47854918720398,True
584,RandomForest,2025-07-02 01:05:00,143.0,158.12926760275815,True
584,RandomForest,2025-07-02 01:10:00,142.0,151.01880025935534,True
584,RandomForest,2025-07-02 01:15:00,142.0,149.39984259565358,True
584,RandomForest,2025-07-02 01:20:00,143.0,149.42284163876477,True
584,RandomForest,2025-07-02 01:25:00,143.0,145.76131144578613,True
584,RandomForest,2025-07-02 01:30:00,144.0,140.61058165990215,True
584,RandomForest,2025-07-02 01:35:00,147.0,138.201833517957,True
584,RandomForest,2025-07-02 01:40:00,150.0,137.37873206790198,True
584,RandomForest,2025-07-02 01:45:00,152.0,140.41274061139617,True
584,RandomForest,2025-07-02 01:50:00,153.0,143.93629338031934,True
584,RandomForest,2025-07-02 01:55:00,152.0,142.84961235193362,True
584,RandomForest,2025-07-02 02:00:00,151.0,146.39344924149245,True
584,RandomForest,2025-07-02 02:05:00,150.0,153.4681736214368,True
584,RandomForest,2025-07-02 02:10:00,149.0,158.00179183171477,True
584,RandomForest,2025-07-02 02:15:00,150.0,155.17961217566378,True
584,RandomForest,2025-07-02 02:20:00,151.0,155.05972417658967,True
584,RandomForest,2025-07-02 02:25:00,149.0,149.52484451877487,True
584,RandomForest,2025-07-02 02:30:00,148.0,148.46774360888216,True
584,RandomForest,2025-07-02 02:35:00,147.0,147.11673159254175,True
584,RandomForest,2025-07-02 02:40:00,145.0,146.62440489410747,True
584,RandomForest,2025-07-02 02:45:00,145.0,153.85805107872181,True
584,RandomForest,2025-07-02 02:50:00,145.0,154.6759323934244,True
584,RandomForest,2025-07-02 02:55:00,145.0,147.12340343807458,True
584,RandomForest,2025-07-02 03:00:00,144.0,146.89499789076038,True
584,RandomForest,2025-07-02 03:05:00,143.0,145.73149286381525,True
584,RandomForest,2025-07-02 03:10:00,141.0,140.4494252639064,True
584,RandomForest,2025-07-02 03:15:00,140.0,145.13138611925984,True
584,RandomForest,2025-07-02 03:20:00,141.0,144.6545307145624,True
584,RandomForest,2025-07-02 03:25:00,140.0,145.1269141596597,True
584,RandomForest,2025-07-02 03:30:00,139.0,140.2409680163621,True
584,RandomForest,2025-07-02 03:35:00,138.0,140.0336934663709,True
584,RandomForest,2025-07-02 03:40:00,138.0,136.30402597355413,True
584,RandomForest,2025-07-02 03:45:00,137.0,135.89897486918923,True
584,RandomForest,2025-07-02 03:50:00,137.0,142.583715468724,True
584,RandomForest,2025-07-02 03:55:00,135.0,135.15173239338034,True
584,RandomForest,2025-07-02 04:00:00,135.0,135.52874407903835,True
584,RandomForest,2025-07-02 04:05:00,134.0,134.78518050849024,True
584,RandomForest,2025-07-02 04:10:00,133.0,136.76462275710566,True
584,RandomForest,2025-07-02 04:15:00,132.0,136.1982103665861,True
584,RandomForest,2025-07-02 04:20:00,131.0,137.53426392233226,True
584,RandomForest,2025-07-02 04:25:00,130.0,130.96305717238397,True
584,RandomForest,2025-07-02 04:30:00,129.0,133.39745194014395,True
584,RandomForest,2025-07-02 04:35:00,129.0,132.2320834636185,True
584,RandomForest,2025-07-02 04:40:00,129.0,131.19818003431664,True
584,RandomForest,2025-07-02 04:45:00,129.0,127.2384303465077,True
584,RandomForest,2025-07-02 04:50:00,129.0,126.19906234351951,True
584,RandomForest,2025-07-02 04:55:00,129.0,125.53680367012097,True
584,RandomForest,2025-07-02 05:00:00,129.0,125.4421993718408,True
584,RandomForest,2025-07-02 05:05:00,129.0,129.60733364510665,True
584,RandomForest,2025-07-02 05:45:00,120.0,159.706223283206,False
584,RandomForest,2025-07-02 05:50:00,117.0,161.21462108579982,False
584,RandomForest,2025-07-02 05:55:00,113.0,164.07557576682865,False
584,RandomForest,2025-07-02 06:00:00,110.0,164.19075127864974,False
584,RandomForest,2025-07-02 06:05:00,108.0,166.8035217149445,False
584,RandomForest,2025-07-02 06:10:00,107.0,166.8035217149445,False
584,RandomForest,2025-07-02 06:15:00,106.0,127.67638028481298,True
584,RandomForest,2025-07-02 06:20:00,106.0,113.89057261721109,True
584,RandomForest,2025-07-02 06:25:00,106.0,106.04716895118405,True
584,RandomForest,2025-07-02 06:30:00,106.0,101.78295375966601,True
584,RandomForest,2025-07-02 06:35:00,106.0,98.37145982315343,True
584,RandomForest,2025-07-02 06:40:00,107.0,99.0228430987178,True
584,RandomForest,2025-07-02 06:45:00,109.0,94.90611808811603,True
584,RandomForest,2025-07-02 06:50:00,111.0,104.06350577746596,True
584,RandomForest,2025-07-02 06:55:00,113.0,104.69789813559771,True
584,RandomForest,2025-07-02 07:00:00,116.0,103.85449928803232,True
584,RandomForest,2025-07-02 07:05:00,117.0,104.29462525981958,True
584,RandomForest,2025-07-02 07:10:00,118.0,106.9277504539766,True
584,RandomForest,2025-07-02 07:15:00,119.0,113.2508387097613,True
584,RandomForest,2025-07-02 07:20:00,120.0,114.33058759438558,True
584,RandomForest,2025-07-02 07:25:00,120.0,117.65720306902415,True
584,RandomForest,2025-07-02 07:30:00,120.0,125.15293439904735,True
584,RandomForest,2025-07-02 07:35:00,120.0,122.81398061824004,True
584,RandomForest,2025-07-02 07:40:00,120.0,123.13287919563587,True
584,RandomForest,2025-07-02 07:45:00,120.0,122.75489570881984,True
584,RandomForest,2025-07-02 07:50:00,122.0,122.92084652442105,True
584,RandomForest,2025-07-02 07:55:00,123.0,122.08487548080777,True
584,RandomForest,2025-07-02 08:00:00,126.0,122.11691232684105,True
584,RandomForest,2025-07-02 08:05:00,130.0,121.41439285105771,True
584,RandomForest,2025-07-02 08:10:00,136.0,122.09071150417996,True
584,RandomForest,2025-07-02 08:15:00,143.0,121.70196709699596,True
584,RandomForest,2025-07-02 08:20:00,152.0,127.27733662486746,True
584,RandomForest,2025-07-02 08:25:00,161.0,124.57283588235924,True
584,RandomForest,2025-07-02 08:30:00,169.0,132.3877985716122,True
584,RandomForest,2025-07-02 08:35:00,176.0,138.22098907266798,True
584,RandomForest,2025-07-02 08:40:00,180.0,151.48208511594174,True
584,RandomForest,2025-07-02 08:45:00,184.0,166.6351763264056,True
584,RandomForest,2025-07-02 08:50:00,186.0,183.455556864147,True
584,RandomForest,2025-07-02 08:55:00,188.0,191.1131244621437,True
584,RandomForest,2025-07-02 09:00:00,188.0,198.69629316015394,True
584,RandomForest,2025-07-02 09:05:00,189.0,201.35313723162642,True
584,RandomForest,2025-07-02 09:10:00,190.0,192.45034698282095,True
584,RandomForest,2025-07-02 09:15:00,188.0,196.84016011086146,True
584,RandomForest,2025-07-02 09:20:00,192.0,189.4231756097498,True
584,RandomForest,2025-07-02 09:25:00,197.0,190.94342575327784,True
584,RandomForest,2025-07-02 09:30:00,202.0,187.38187838925285,True
584,RandomForest,2025-07-02 09:35:00,206.0,209.26069298534992,True
584,RandomForest,2025-07-02 09:40:00,207.0,196.5244879563716,True
584,RandomForest,2025-07-02 09:45:00,205.0,190.69146153941688,True
584,RandomForest,2025-07-02 09:50:00,200.0,200.3731510873418,True
584,RandomForest,2025-07-02 09:55:00,194.0,205.76887746575605,True
584,RandomForest,2025-07-02 10:00:00,186.0,213.11033050050926,True
584,RandomForest,2025-07-02 10:05:00,177.0,217.6871598482229,True
584,RandomForest,2025-07-02 10:10:00,166.0,199.60017681731173,True
584,RandomForest,2025-07-02 10:15:00,157.0,183.5259256453166,True
584,RandomForest,2025-07-02 10:20:00,149.0,174.26803019025982,True
584,RandomForest,2025-07-02 10:25:00,143.0,169.28923288455096,True
584,RandomForest,2025-07-02 10:30:00,138.0,158.0478701962743,True
584,RandomForest,2025-07-02 10:35:00,135.0,149.6280405947357,True
584,RandomForest,2025-07-02 10:40:00,131.0,129.4059509745694,True
584,RandomForest,2025-07-02 10:45:00,126.0,123.97366946479164,True
584,RandomForest,2025-07-02 10:50:00,121.0,117.92315688031346,True
584,RandomForest,2025-07-02 10:55:00,116.0,120.00273647227431,True
584,RandomForest,2025-07-02 11:00:00,111.0,114.43727308256231,True
584,RandomForest,2025-07-02 11:05:00,105.0,118.45306081701969,True
584,RandomForest,2025-07-02 11:10:00,101.0,113.86768640752716,True
584,RandomForest,2025-07-02 11:15:00,99.0,106.52667355769367,True
584,RandomForest,2025-07-02 11:20:00,99.0,100.43799382784415,True
584,RandomForest,2025-07-02 11:25:00,100.0,95.4233272393825,True
584,RandomForest,2025-07-02 11:30:00,101.0,88.91927461323296,True
584,RandomForest,2025-07-02 11:35:00,104.0,82.18018464107008,True
584,RandomForest,2025-07-02 11:40:00,106.0,84.2813963087908,True
584,RandomForest,2025-07-02 11:45:00,106.0,89.37794324326764,True
584,RandomForest,2025-07-02 11:50:00,107.0,99.7763118071885,True
584,RandomForest,2025-07-02 11:55:00,108.0,100.8686883686628,True
584,RandomForest,2025-07-02 12:00:00,110.0,98.02561619902822,True
584,RandomForest,2025-07-02 12:05:00,113.0,111.60031652327109,True
584,RandomForest,2025-07-02 12:10:00,116.0,104.86336280391387,True
584,RandomForest,2025-07-02 12:15:00,120.0,102.15160684309807,True
584,RandomForest,2025-07-02 12:20:00,123.0,105.88143269036527,True
584,RandomForest,2025-07-02 12:25:00,129.0,108.411868322089,True
584,RandomForest,2025-07-02 12:30:00,135.0,116.41563353032106,True
584,RandomForest,2025-07-02 12:35:00,140.0,121.53291902302546,True
584,RandomForest,2025-07-02 12:40:00,156.0,125.4760144674744,True
584,RandomForest,2025-07-02 12:45:00,165.0,134.15604920750232,True
584,RandomForest,2025-07-02 12:50:00,169.0,134.2696072185861,True
584,RandomForest,2025-07-02 12:55:00,172.0,150.64076751049254,True
584,RandomForest,2025-07-02 13:00:00,177.0,151.68695459162404,True
584,RandomForest,2025-07-02 13:05:00,180.0,153.77738016005,True
584,RandomForest,2025-07-02 13:10:00,189.0,192.88685114990182,True
584,RandomForest,2025-07-02 13:15:00,202.0,180.1614543722304,True
584,RandomForest,2025-07-02 13:20:00,218.0,179.68854800106294,True
584,RandomForest,2025-07-02 13:25:00,229.0,177.96661404404483,True
584,RandomForest,2025-07-02 13:30:00,237.0,195.43908607242545,True
584,RandomForest,2025-07-02 13:35:00,244.0,192.01037087173898,True
584,RandomForest,2025-07-02 13:40:00,247.0,211.07248545185092,True
584,RandomForest,2025-07-02 13:45:00,250.0,226.78546446704485,True
584,RandomForest,2025-07-02 13:50:00,253.0,248.74570565580277,True
584,RandomForest,2025-07-02 13:55:00,257.0,256.0566928395694,True
584,RandomForest,2025-07-02 14:00:00,259.0,259.20787956048713,True
584,RandomForest,2025-07-02 14:05:00,261.0,261.8378722615078,True
584,RandomForest,2025-07-02 14:10:00,261.0,252.56438817022487,True
584,RandomForest,2025-07-02 14:15:00,260.0,263.2037038638071,True
584,RandomForest,2025-07-02 14:20:00,260.0,264.53310174068775,True
584,RandomForest,2025-07-02 14:25:00,260.0,265.395706809825,True
584,RandomForest,2025-07-02 14:30:00,262.0,263.8720055436313,True
584,RandomForest,2025-07-02 14:35:00,263.0,265.5029775068735,True
584,RandomForest,2025-07-02 14:40:00,265.0,265.33728532727093,True
584,RandomForest,2025-07-02 14:45:00,265.0,266.93394373043793,True
584,RandomForest,2025-07-02 14:50:00,265.0,265.8644156065941,True
584,RandomForest,2025-07-02 14:55:00,266.0,265.30691150871974,True
584,RandomForest,2025-07-02 15:00:00,267.0,269.92105937975714,True
584,RandomForest,2025-07-02 15:05:00,268.0,269.19358820396144,True
584,RandomForest,2025-07-02 15:10:00,269.0,270.2447777238606,True
584,RandomForest,2025-07-02 15:15:00,269.0,269.8138302311456,True
584,RandomForest,2025-07-02 15:20:00,268.0,269.69677770210643,True
584,RandomForest,2025-07-02 15:25:00,264.0,271.3925578968225,True
584,RandomForest,2025-07-02 15:30:00,257.0,277.79005894192784,True
584,RandomForest,2025-07-02 15:35:00,253.0,276.1208834662893,True
584,RandomForest,2025-07-02 15:40:00,248.0,270.8704934442111,True
584,RandomForest,2025-07-02 15:45:00,240.0,266.306773758846,True
584,RandomForest,2025-07-02 15:50:00,227.0,260.078572173727,True
584,RandomForest,2025-07-02 15:55:00,214.0,251.8050089678988,True
584,RandomForest,2025-07-02 16:00:00,204.0,231.4091361169557,True
584,RandomForest,2025-07-02 16:05:00,199.0,232.9882404604364,True
584,RandomForest,2025-07-02 16:10:00,196.0,225.67309422256244,True
584,RandomForest,2025-07-02 16:15:00,194.0,202.79537781186988,True
584,RandomForest,2025-07-02 16:20:00,190.0,184.99866046093936,True
584,RandomForest,2025-07-02 16:25:00,185.0,172.99335965021473,True
584,RandomForest,2025-07-02 16:30:00,180.0,169.28658881435933,True
584,RandomForest,2025-07-02 16:35:00,176.0,176.29730053628603,True
584,RandomForest,2025-07-02 16:40:00,172.0,176.15849579042109,True
584,RandomForest,2025-07-02 16:45:00,165.0,173.53470206079496,True
584,RandomForest,2025-07-02 16:50:00,154.0,169.50808998220884,True
584,RandomForest,2025-07-02 16:55:00,168.0,164.1459937402702,True
584,RandomForest,2025-07-02 17:00:00,159.0,156.94296542894685,True
584,RandomForest,2025-07-02 17:05:00,153.0,155.28930521031063,True
584,RandomForest,2025-07-02 17:10:00,148.0,152.0097667174725,True
584,RandomForest,2025-07-02 17:15:00,143.0,142.5107168857262,True
584,RandomForest,2025-07-02 17:20:00,140.0,130.66121321495095,True
584,RandomForest,2025-07-02 17:25:00,137.0,173.0911657499757,True
584,RandomForest,2025-07-02 17:30:00,134.0,142.7814457355533,True
584,RandomForest,2025-07-02 17:35:00,131.0,137.241881725708,True
584,RandomForest,2025-07-02 17:40:00,128.0,132.9059241628893,True
584,RandomForest,2025-07-02 17:45:00,126.0,127.81492934648689,True
584,RandomForest,2025-07-02 17:50:00,126.0,126.43093365615721,True
584,RandomForest,2025-07-02 17:55:00,125.0,126.52763616645967,True
584,RandomForest,2025-07-02 18:00:00,123.0,124.65600213047877,True
584,RandomForest,2025-07-02 18:05:00,123.0,116.35231022888033,True
584,RandomForest,2025-07-02 18:10:00,126.0,113.00399349816044,True
584,RandomForest,2025-07-02 18:15:00,126.0,118.4463064934743,True
584,RandomForest,2025-07-02 18:20:00,124.0,119.87619842072918,True
584,RandomForest,2025-07-02 18:25:00,112.0,114.08206842927672,True
584,RandomForest,2025-07-02 18:30:00,109.0,115.08437931154548,True
584,RandomForest,2025-07-02 18:35:00,116.0,119.01206560670789,True
584,RandomForest,2025-07-02 18:40:00,125.0,131.56499594517695,True
584,RandomForest,2025-07-02 18:45:00,136.0,126.71259388400468,True
584,RandomForest,2025-07-02 18:50:00,146.0,120.38144031831258,True
584,RandomForest,2025-07-02 18:55:00,153.0,103.45273368172957,True
584,RandomForest,2025-07-02 19:00:00,161.0,111.86359667663626,True
584,RandomForest,2025-07-02 19:05:00,167.0,133.038702075228,True
584,RandomForest,2025-07-02 19:10:00,172.0,145.73260026656652,True
584,RandomForest,2025-07-02 19:15:00,177.0,164.1018706886477,True
584,RandomForest,2025-07-02 19:20:00,182.0,167.29763510786063,True
584,RandomForest,2025-07-02 19:25:00,189.0,168.85294143310776,True
584,RandomForest,2025-07-02 19:30:00,186.0,179.09853379575904,True
584,RandomForest,2025-07-02 19:35:00,185.0,178.82191796061048,True
584,RandomForest,2025-07-02 19:40:00,180.0,185.85137640055535,True
584,RandomForest,2025-07-02 19:45:00,166.0,192.75542582417347,True
584,RandomForest,2025-07-02 19:50:00,164.0,190.340521290171,True
584,RandomForest,2025-07-02 19:55:00,172.0,198.3453345644883,True
584,RandomForest,2025-07-02 20:00:00,176.0,167.03327979974972,True
584,RandomForest,2025-07-02 20:05:00,179.0,178.87076229284025,True
584,RandomForest,2025-07-02 20:10:00,179.0,160.6371933747812,True
584,RandomForest,2025-07-02 20:15:00,180.0,136.3198185566727,True
584,RandomForest,2025-07-02 20:20:00,183.0,151.5446094028702,True
584,RandomForest,2025-07-02 20:25:00,186.0,185.2965671850173,True
584,RandomForest,2025-07-02 20:30:00,187.0,179.7329795699336,True
584,RandomForest,2025-07-02 20:35:00,187.0,185.86820359577345,True
584,RandomForest,2025-07-02 20:40:00,187.0,176.43497169253024,True
584,RandomForest,2025-07-02 20:45:00,186.0,178.90940750956307,True
584,RandomForest,2025-07-02 20:50:00,183.0,189.42487240691008,True
584,RandomForest,2025-07-02 20:55:00,180.0,190.98726577397628,True
584,RandomForest,2025-07-02 21:00:00,179.0,191.10696380420427,True
584,RandomForest,2025-07-02 21:05:00,178.0,185.54019100103574,True
584,RandomForest,2025-07-02 21:10:00,178.0,183.30177828705072,True
584,RandomForest,2025-07-02 21:15:00,181.0,179.36475561397296,True
584,RandomForest,2025-07-02 21:20:00,185.0,171.37475519995195,True
584,RandomForest,2025-07-02 21:25:00,189.0,166.33052285629,True
584,RandomForest,2025-07-02 21:30:00,191.0,170.21616847024922,True
584,RandomForest,2025-07-02 21:35:00,191.0,167.9685972041317,True
584,RandomForest,2025-07-02 21:40:00,192.0,176.3784300000988,True
584,RandomForest,2025-07-02 21:45:00,192.0,189.41999260788924,True
584,RandomForest,2025-07-02 21:50:00,191.0,191.80711408568902,True
584,RandomForest,2025-07-02 21:55:00,190.0,194.30518863857037,True
584,RandomForest,2025-07-02 22:00:00,189.0,194.9249248759792,True
584,RandomForest,2025-07-02 22:05:00,190.0,190.08240691192,True
584,RandomForest,2025-07-02 22:10:00,191.0,194.03328635124046,True
584,RandomForest,2025-07-02 22:15:00,193.0,193.00536852031152,True
584,RandomForest,2025-07-02 22:20:00,195.0,182.99538864547435,True
584,RandomForest,2025-07-02 22:25:00,198.0,183.38051028379587,True
584,RandomForest,2025-07-02 22:30:00,203.0,182.45095611924285,True
584,RandomForest,2025-07-02 22:35:00,206.0,191.86992169260523,True
584,RandomForest,2025-07-02 22:40:00,207.0,194.67702380209812,True
584,RandomForest,2025-07-02 22:45:00,209.0,196.33350415043824,True
584,RandomForest,2025-07-02 22:50:00,211.0,198.43404660799058,True
584,RandomForest,2025-07-02 22:55:00,212.0,204.21549173196559,True
584,RandomForest,2025-07-02 23:00:00,213.0,213.72878886261714,True
584,RandomForest,2025-07-02 23:05:00,212.0,209.3374525429799,True
584,RandomForest,2025-07-02 23:10:00,211.0,207.8966857368498,True
584,RandomForest,2025-07-02 23:15:00,210.0,211.08811260428445,True
584,RandomForest,2025-07-02 23:20:00,211.0,211.87235131921625,True
584,RandomForest,2025-07-02 23:25:00,213.0,215.2867970180682,True
584,RandomForest,2025-07-02 23:30:00,216.0,215.30558870163782,True
584,RandomForest,2025-07-02 23:35:00,218.0,211.10548915650105,True
584,RandomForest,2025-07-02 23:40:00,220.0,207.0282619109653,True
584,RandomForest,2025-07-02 23:45:00,223.0,206.6807076968247,True
584,RandomForest,2025-07-02 23:50:00,226.0,210.28633934835386,True
584,RandomForest,2025-07-02 23:55:00,229.0,213.01338387053616,True
584,RandomForest,2025-07-03 00:00:00,230.0,216.52960749271776,True
584,RandomForest,2025-07-03 00:05:00,232.0,220.97054146992127,True
584,RandomForest,2025-07-03 00:10:00,236.0,225.6989511402576,True
584,RandomForest,2025-07-03 00:15:00,242.0,227.3904928472967,True
584,RandomForest,2025-07-03 00:20:00,249.0,234.47374643864754,True
584,RandomForest,2025-07-03 00:25:00,255.0,235.39783642930274,True
584,RandomForest,2025-07-03 00:30:00,259.0,233.41627619066435,True
584,RandomForest,2025-07-03 00:35:00,262.0,236.94736396826255,True
584,RandomForest,2025-07-03 00:40:00,265.0,244.1524324823269,True
584,RandomForest,2025-07-03 00:45:00,268.0,247.72554802618453,True
584,RandomForest,2025-07-03 00:50:00,272.0,258.29679838352723,True
584,RandomForest,2025-07-03 00:55:00,276.0,263.87306762149177,True
584,RandomForest,2025-07-03 01:00:00,278.0,268.276486427021,True
584,RandomForest,2025-07-03 01:05:00,280.0,267.6048336281377,True
584,RandomForest,2025-07-03 01:10:00,280.0,269.50789959472826,True
584,RandomForest,2025-07-03 01:15:00,281.0,271.5503348437997,True
584,RandomForest,2025-07-03 01:20:00,280.0,277.3001925373944,True
584,RandomForest,2025-07-03 01:25:00,278.0,283.1042775624173,True
584,RandomForest,2025-07-03 01:30:00,276.0,278.1526592301796,True
584,RandomForest,2025-07-03 01:35:00,273.0,279.17705630297513,True
584,RandomForest,2025-07-03 01:40:00,270.0,276.5470002738606,True
584,RandomForest,2025-07-03 01:45:00,264.0,275.4748435383831,True
584,RandomForest,2025-07-03 01:50:00,258.0,273.7752811284703,True
584,RandomForest,2025-07-03 01:55:00,252.0,271.6618094785438,True
584,RandomForest,2025-07-03 02:00:00,249.0,270.5749097728143,True
584,RandomForest,2025-07-03 02:05:00,245.0,268.57789672890516,True
584,RandomForest,2025-07-03 02:10:00,244.0,265.7066733043821,True
584,RandomForest,2025-07-03 02:15:00,244.0,256.3434951118525,True
584,RandomForest,2025-07-03 02:20:00,245.0,248.25660761064194,True
584,RandomForest,2025-07-03 02:25:00,243.0,241.2018186111309,True
584,RandomForest,2025-07-03 02:30:00,242.0,235.24391379722528,True
584,RandomForest,2025-07-03 02:35:00,240.0,226.13188346463522,True
584,RandomForest,2025-07-03 02:40:00,239.0,232.83389605238216,True
584,RandomForest,2025-07-03 02:45:00,237.0,232.70884045390412,True
584,RandomForest,2025-07-03 02:50:00,236.0,239.1655683835306,True
584,RandomForest,2025-07-03 02:55:00,236.0,231.18150992085492,True
584,RandomForest,2025-07-03 03:00:00,238.0,234.76398796973376,True
584,RandomForest,2025-07-03 03:05:00,237.0,228.51861376535308,True
584,RandomForest,2025-07-03 03:10:00,235.0,232.60254245533255,True
584,RandomForest,2025-07-03 03:15:00,233.0,225.7196143718771,True
584,RandomForest,2025-07-03 03:20:00,231.0,230.97115934546258,True
584,RandomForest,2025-07-03 03:25:00,229.0,234.6525706742423,True
584,RandomForest,2025-07-03 03:30:00,226.0,238.59501780730065,True
584,RandomForest,2025-07-03 03:35:00,226.0,236.1771829186341,True
584,RandomForest,2025-07-03 03:40:00,225.0,230.5344259949976,True
584,RandomForest,2025-07-03 03:45:00,224.0,227.00346964596366,True
584,RandomForest,2025-07-03 03:50:00,222.0,221.98841775756486,True
584,RandomForest,2025-07-03 03:55:00,220.0,221.38002629420723,True
584,RandomForest,2025-07-03 04:00:00,217.0,218.1719268909157,True
584,RandomForest,2025-07-03 04:05:00,215.0,223.56988371692717,True
584,RandomForest,2025-07-03 04:10:00,212.0,220.69232215273058,True
584,RandomForest,2025-07-03 04:15:00,209.0,217.70954448554792,True
584,RandomForest,2025-07-03 04:20:00,207.0,215.58090292182368,True
584,RandomForest,2025-07-03 04:25:00,205.0,212.13980979941894,True
584,RandomForest,2025-07-03 04:30:00,202.0,210.54448199943312,True
584,RandomForest,2025-07-03 04:35:00,200.0,209.77901632081827,True
584,RandomForest,2025-07-03 04:40:00,200.0,206.00357079865725,True
584,RandomForest,2025-07-03 04:45:00,200.0,202.93267102508347,True
584,RandomForest,2025-07-03 04:50:00,200.0,199.27741101321772,True
584,RandomForest,2025-07-03 04:55:00,200.0,198.60910523517524,True
584,RandomForest,2025-07-03 05:00:00,200.0,194.86909667083853,True
584,RandomForest,2025-07-03 05:05:00,200.0,193.15622178677376,True
584,RandomForest,2025-07-03 05:15:00,156.0,198.88507677221526,True
584,RandomForest,2025-07-03 05:20:00,156.0,199.45696580670213,True
584,RandomForest,2025-07-03 05:25:00,154.0,200.82930454455888,True
584,RandomForest,2025-07-03 05:30:00,151.0,200.77899977618858,True
584,RandomForest,2025-07-03 05:35:00,148.0,200.4516026980369,True
584,RandomForest,2025-07-03 05:40:00,144.0,173.6251862596626,False
584,RandomForest,2025-07-03 05:45:00,141.0,163.99526990161783,True
584,RandomForest,2025-07-03 05:50:00,137.0,159.52625875449831,True
584,RandomForest,2025-07-03 05:55:00,134.0,147.5244379134466,True
584,RandomForest,2025-07-03 06:00:00,131.0,143.36409134063254,True
584,RandomForest,2025-07-03 06:05:00,127.0,132.4524372014532,True
584,RandomForest,2025-07-03 06:10:00,123.0,128.3812632238659,True
584,RandomForest,2025-07-03 06:15:00,120.0,126.63226500687182,True
584,RandomForest,2025-07-03 06:20:00,118.0,120.28777622679945,True
584,RandomForest,2025-07-03 06:25:00,115.0,122.94416779843083,True
584,RandomForest,2025-07-03 06:30:00,113.0,119.10085667948287,True
584,RandomForest,2025-07-03 06:35:00,112.0,112.12046127783246,True
584,RandomForest,2025-07-03 06:40:00,112.0,108.89241695546355,True
584,RandomForest,2025-07-03 06:45:00,114.0,106.99893839615093,True
584,RandomForest,2025-07-03 06:50:00,118.0,107.95827180882662,True
584,RandomForest,2025-07-03 06:55:00,126.0,105.2093718438721,True
584,RandomForest,2025-07-03 07:00:00,135.0,107.8361664907693,True
584,RandomForest,2025-07-03 07:05:00,142.0,106.768269491941,True
584,RandomForest,2025-07-03 07:10:00,146.0,111.96171950118074,True
584,RandomForest,2025-07-03 07:15:00,153.0,115.81423987334458,True
584,RandomForest,2025-07-03 07:20:00,162.0,120.47004004562976,True
584,RandomForest,2025-07-03 07:25:00,169.0,148.30315550840524,True
584,RandomForest,2025-07-03 07:30:00,174.0,157.58054836275994,True
584,RandomForest,2025-07-03 07:35:00,176.0,157.7329893641794,True
584,RandomForest,2025-07-03 07:40:00,182.0,156.05156671356752,True
584,RandomForest,2025-07-03 07:45:00,187.0,172.00726523781347,True
584,RandomForest,2025-07-03 07:50:00,192.0,185.15718529716386,True
584,RandomForest,2025-07-03 07:55:00,196.0,187.99921289271134,True
584,RandomForest,2025-07-03 08:00:00,199.0,195.67122293819975,True
584,RandomForest,2025-07-03 08:05:00,202.0,183.19648192011238,True
584,RandomForest,2025-07-03 08:10:00,202.0,202.72796678114483,True
584,RandomForest,2025-07-03 08:15:00,200.0,200.1415787891128,True
584,RandomForest,2025-07-03 08:20:00,199.0,206.98211813142822,True
584,RandomForest,2025-07-03 08:25:00,192.0,210.08149160668282,True
584,RandomForest,2025-07-03 08:30:00,189.0,207.95587964294617,True
584,RandomForest,2025-07-03 08:35:00,182.0,209.11103968920813,True
584,RandomForest,2025-07-03 08:40:00,179.0,202.16837090795573,True
584,RandomForest,2025-07-03 08:45:00,185.0,201.4763394471261,True
584,RandomForest,2025-07-03 08:50:00,193.0,197.0967892341458,True
584,RandomForest,2025-07-03 08:55:00,199.0,190.57152772449447,True
584,RandomForest,2025-07-03 09:00:00,203.0,191.83301694555004,True
584,RandomForest,2025-07-03 09:05:00,210.0,177.48995552730025,True
584,RandomForest,2025-07-03 09:10:00,200.0,182.21841895514416,True
584,RandomForest,2025-07-03 09:15:00,183.0,186.7417318543308,True
584,RandomForest,2025-07-03 09:20:00,171.0,198.81692920011585,True
584,RandomForest,2025-07-03 09:25:00,162.0,211.59477198254913,True
584,RandomForest,2025-07-03 09:30:00,157.0,212.3713606637676,True
584,RandomForest,2025-07-03 09:35:00,162.0,223.64751655771568,True
584,RandomForest,2025-07-03 09:40:00,174.0,193.8618250370193,True
584,RandomForest,2025-07-03 09:45:00,186.0,178.70061224318783,True
584,RandomForest,2025-07-03 09:50:00,200.0,164.7224039886301,True
584,RandomForest,2025-07-03 09:55:00,201.0,157.13883459595962,True
584,RandomForest,2025-07-03 10:00:00,185.0,149.23445910453495,True
584,RandomForest,2025-07-03 10:05:00,188.0,155.53720539696224,True
584,RandomForest,2025-07-03 10:10:00,199.0,185.98168903553457,True
584,RandomForest,2025-07-03 10:15:00,210.0,201.103822844852,True
584,RandomForest,2025-07-03 10:20:00,215.0,225.23348047803384,True
584,RandomForest,2025-07-03 10:25:00,214.0,202.458044597929,True
584,RandomForest,2025-07-03 10:30:00,224.0,171.72540598913983,True
584,RandomForest,2025-07-03 10:35:00,241.0,198.33054745139543,True
584,RandomForest,2025-07-03 10:40:00,257.0,221.1357414504069,True
584,RandomForest,2025-07-03 10:45:00,266.0,224.88170360935104,True
584,RandomForest,2025-07-03 10:50:00,266.0,224.17437861144376,True
584,RandomForest,2025-07-03 10:55:00,265.0,209.75154138312027,True
584,RandomForest,2025-07-03 11:00:00,265.0,229.5268177731551,True
584,RandomForest,2025-07-03 11:05:00,266.0,262.0392614470099,True
584,RandomForest,2025-07-03 11:10:00,265.0,274.2698847726763,True
584,RandomForest,2025-07-03 11:15:00,258.0,284.2117284353302,True
584,RandomForest,2025-07-03 11:20:00,247.0,260.1367007945889,True
584,RandomForest,2025-07-03 11:25:00,238.0,253.93478577992354,True
584,RandomForest,2025-07-03 11:30:00,226.0,259.26837952514944,True
584,RandomForest,2025-07-03 11:35:00,229.0,262.5306919374507,True
584,RandomForest,2025-07-03 11:40:00,234.0,257.2964545897663,True
584,RandomForest,2025-07-03 11:45:00,237.0,228.43159796790954,True
584,RandomForest,2025-07-03 11:50:00,233.0,212.39074489610937,True
584,RandomForest,2025-07-03 11:55:00,229.0,204.68785374588967,True
584,RandomForest,2025-07-03 12:00:00,224.0,191.30764924167636,True
584,RandomForest,2025-07-03 12:05:00,225.0,212.51227618496247,True
584,RandomForest,2025-07-03 12:10:00,225.0,221.87390146218738,True
584,RandomForest,2025-07-03 12:15:00,227.0,228.5002432151711,True
584,RandomForest,2025-07-03 12:20:00,225.0,210.479343380986,True
584,RandomForest,2025-07-03 12:25:00,221.0,205.40105130811054,True
584,RandomForest,2025-07-03 12:30:00,220.0,198.43486765766193,True
584,RandomForest,2025-07-03 12:35:00,220.0,217.25491751588962,True
584,RandomForest,2025-07-03 12:40:00,217.0,213.43547749473652,True
584,RandomForest,2025-07-03 12:45:00,211.0,220.47447269165258,True
584,RandomForest,2025-07-03 12:50:00,212.0,207.12379845982582,True
584,RandomForest,2025-07-03 12:55:00,218.0,203.33451751437835,True
584,RandomForest,2025-07-03 13:00:00,222.0,209.90273674674768,True
584,RandomForest,2025-07-03 13:05:00,230.0,211.98393461807805,True
584,RandomForest,2025-07-03 13:10:00,238.0,196.9782595859072,True
584,RandomForest,2025-07-03 13:15:00,245.0,195.11156095182272,True
584,RandomForest,2025-07-03 13:20:00,255.0,207.4353989665321,True
584,RandomForest,2025-07-03 13:25:00,260.0,219.9592595399171,True
584,RandomForest,2025-07-03 13:30:00,262.0,228.90459773706695,True
584,RandomForest,2025-07-03 13:35:00,266.0,239.29096053045487,True
584,RandomForest,2025-07-03 13:40:00,269.0,245.86763366657496,True
584,RandomForest,2025-07-03 13:45:00,268.0,253.54988034915655,True
584,RandomForest,2025-07-03 13:50:00,267.0,267.06453694761274,True
584,RandomForest,2025-07-03 13:55:00,266.0,263.01906685737714,True
584,RandomForest,2025-07-03 14:00:00,264.0,259.5283463670962,True
584,RandomForest,2025-07-03 14:05:00,263.0,270.7562510481128,True
584,RandomForest,2025-07-03 14:10:00,260.0,265.267783802898,True
584,RandomForest,2025-07-03 14:15:00,255.0,258.46084233010123,True
584,RandomForest,2025-07-03 14:20:00,250.0,258.1867769429068,True
584,RandomForest,2025-07-03 14:25:00,246.0,257.628477122514,True
584,RandomForest,2025-07-03 14:30:00,239.0,249.84681586458274,True
584,RandomForest,2025-07-03 14:35:00,233.0,255.54825788823106,True
584,RandomForest,2025-07-03 14:40:00,232.0,240.84930692904348,True
584,RandomForest,2025-07-03 14:45:00,229.0,231.20698599338274,True
584,RandomForest,2025-07-03 14:50:00,223.0,228.89422801172458,True
584,RandomForest,2025-07-03 14:55:00,213.0,222.80992158746074,True
584,RandomForest,2025-07-03 15:00:00,200.0,201.32949690884402,True
584,RandomForest,2025-07-03 15:05:00,185.0,198.97060958070003,True
584,RandomForest,2025-07-03 15:10:00,169.0,220.86225834788286,True
584,RandomForest,2025-07-03 15:15:00,155.0,211.21706790022807,True
584,RandomForest,2025-07-03 15:20:00,143.0,189.19417587142806,True
584,RandomForest,2025-07-03 15:25:00,133.0,178.1143758086173,True
584,RandomForest,2025-07-03 15:30:00,125.0,160.4186041715111,True
584,RandomForest,2025-07-03 15:35:00,119.0,138.8026642192216,True
584,RandomForest,2025-07-03 15:40:00,113.0,118.68995261381968,True
584,RandomForest,2025-07-03 15:45:00,110.0,109.06895567262318,True
584,RandomForest,2025-07-03 15:50:00,109.0,105.06657847100048,True
584,RandomForest,2025-07-03 15:55:00,108.0,99.01554522146597,True
584,RandomForest,2025-07-03 16:00:00,109.0,95.57018055639966,True
584,RandomForest,2025-07-03 16:05:00,111.0,92.40589079617479,True
584,RandomForest,2025-07-03 16:10:00,111.0,91.86840663407895,True
584,RandomForest,2025-07-03 16:15:00,110.0,97.52313141482128,True
584,RandomForest,2025-07-03 16:20:00,112.0,95.91081345509735,True
584,RandomForest,2025-07-03 16:25:00,113.0,101.00014488881011,True
584,RandomForest,2025-07-03 16:30:00,113.0,109.76173210703173,True
584,RandomForest,2025-07-03 16:35:00,112.0,116.15371159273522,True
584,RandomForest,2025-07-03 16:40:00,112.0,110.87589675088584,True
584,RandomForest,2025-07-03 16:45:00,112.0,105.23732625123235,True
584,RandomForest,2025-07-03 16:50:00,111.0,113.30231222334034,True
584,RandomForest,2025-07-03 16:55:00,110.0,115.71857988990062,True
584,RandomForest,2025-07-03 17:00:00,113.0,114.27534714732514,True
584,RandomForest,2025-07-03 17:05:00,115.0,111.23035279735464,True
584,RandomForest,2025-07-03 17:10:00,117.0,117.04525919717398,True
584,RandomForest,2025-07-03 17:15:00,121.0,116.55834967265974,True
584,RandomForest,2025-07-03 17:20:00,128.0,111.40665284620535,True
584,RandomForest,2025-07-03 17:25:00,134.0,110.478886734584,True
584,RandomForest,2025-07-03 17:30:00,140.0,122.55645184130954,True
584,RandomForest,2025-07-03 17:35:00,146.0,119.74836093780782,True
584,RandomForest,2025-07-03 17:40:00,155.0,124.29951588448162,True
584,RandomForest,2025-07-03 17:45:00,158.0,133.55943658974854,True
584,RandomForest,2025-07-03 17:50:00,155.0,155.1994133618451,True
584,RandomForest,2025-07-03 17:55:00,151.0,151.87159534580266,True
584,RandomForest,2025-07-03 18:00:00,156.0,157.2935937074891,True
584,RandomForest,2025-07-03 18:05:00,162.0,166.79618342610146,True
584,RandomForest,2025-07-03 18:10:00,172.0,180.78676696279518,True
584,RandomForest,2025-07-03 18:15:00,178.0,168.09682856275455,True
584,RandomForest,2025-07-03 18:20:00,177.0,151.5764338502697,True
584,RandomForest,2025-07-03 18:25:00,171.0,146.22751555713177,True
584,RandomForest,2025-07-03 18:30:00,167.0,164.7199849500921,True
584,RandomForest,2025-07-03 18:35:00,165.0,175.29755120499053,True
584,RandomForest,2025-07-03 18:40:00,159.0,196.83164502564588,True
584,RandomForest,2025-07-03 18:45:00,166.0,198.09550815398066,True
584,RandomForest,2025-07-03 18:50:00,169.0,174.70756152826493,True
584,RandomForest,2025-07-03 18:55:00,166.0,158.91712735114905,True
584,RandomForest,2025-07-03 19:00:00,167.0,166.3602839889501,True
584,RandomForest,2025-07-03 19:05:00,167.0,168.3052311478746,True
584,RandomForest,2025-07-03 19:10:00,164.0,155.58953223539626,True
584,RandomForest,2025-07-03 19:15:00,164.0,161.91765077285288,True
584,RandomForest,2025-07-03 19:20:00,174.0,172.06559823302655,True
584,RandomForest,2025-07-03 19:25:00,175.0,163.08474807769522,True
584,RandomForest,2025-07-03 19:30:00,165.0,171.46253989916,True
584,RandomForest,2025-07-03 19:35:00,151.0,169.2970595667008,True
584,RandomForest,2025-07-03 19:40:00,138.0,161.54290282499997,True
584,RandomForest,2025-07-03 19:45:00,138.0,166.02973402005725,True
584,RandomForest,2025-07-03 19:50:00,138.0,186.36590757996146,True
584,RandomForest,2025-07-03 19:55:00,138.0,175.7317636597501,True
584,RandomForest,2025-07-03 20:00:00,138.0,154.71908583501204,True
584,RandomForest,2025-07-03 20:05:00,138.0,153.98351222266226,True
584,RandomForest,2025-07-03 20:10:00,138.0,128.57849198504218,True
584,RandomForest,2025-07-03 20:25:00,184.0,139.07819933369996,True
584,RandomForest,2025-07-03 20:30:00,179.0,140.51157807380486,True
584,RandomForest,2025-07-03 20:35:00,175.0,145.6239455789393,True
584,RandomForest,2025-07-03 20:40:00,170.0,142.20327816867297,True
584,RandomForest,2025-07-03 20:45:00,166.0,157.3146567160927,False
584,RandomForest,2025-07-03 20:50:00,163.0,159.596274684517,False
584,RandomForest,2025-07-03 20:55:00,161.0,183.29554692761658,True
584,RandomForest,2025-07-03 21:00:00,160.0,166.51777335584353,True
584,RandomForest,2025-07-03 21:05:00,160.0,167.29371453896508,True
584,RandomForest,2025-07-03 21:10:00,162.0,160.54338596785703,True
584,RandomForest,2025-07-03 21:15:00,163.0,153.80627309474258,True
584,RandomForest,2025-07-03 21:20:00,165.0,149.77532802305777,True
584,RandomForest,2025-07-03 21:25:00,166.0,159.0523976721508,True
584,RandomForest,2025-07-03 21:30:00,169.0,159.1189449360951,True
584,RandomForest,2025-07-03 21:35:00,168.0,167.69778807262188,True
584,RandomForest,2025-07-03 21:40:00,162.0,164.64652324939004,True
584,RandomForest,2025-07-03 21:45:00,155.0,159.17759496289693,True
584,RandomForest,2025-07-03 21:50:00,151.0,162.71319931026207,True
584,RandomForest,2025-07-03 21:55:00,148.0,163.49213024349118,True
584,RandomForest,2025-07-03 22:00:00,146.0,170.1176706412005,True
584,RandomForest,2025-07-03 22:05:00,145.0,163.3562063175787,True
584,RandomForest,2025-07-03 22:10:00,143.0,135.96570218945925,True
584,RandomForest,2025-07-03 22:15:00,140.0,127.76090405633808,True
584,RandomForest,2025-07-03 22:20:00,139.0,134.65911996918544,True
584,RandomForest,2025-07-03 22:25:00,139.0,131.04247341521804,True
584,RandomForest,2025-07-03 22:30:00,139.0,134.8555270676436,True
584,RandomForest,2025-07-03 22:35:00,141.0,137.0317480019826,True
584,RandomForest,2025-07-03 22:40:00,145.0,132.97960236853265,True
584,RandomForest,2025-07-03 22:45:00,149.0,126.91471688932643,True
584,RandomForest,2025-07-03 22:50:00,153.0,133.0407974156708,True
584,RandomForest,2025-07-03 22:55:00,157.0,133.94657613207448,True
584,RandomForest,2025-07-03 23:00:00,160.0,134.37383286074967,True
584,RandomForest,2025-07-03 23:05:00,163.0,149.96288006453742,True
584,RandomForest,2025-07-03 23:10:00,165.0,155.8960760076766,True
584,RandomForest,2025-07-03 23:15:00,168.0,161.78169133837358,True
584,RandomForest,2025-07-03 23:20:00,170.0,162.509785814891,True
584,RandomForest,2025-07-03 23:25:00,172.0,168.4602268345423,True
584,RandomForest,2025-07-03 23:30:00,176.0,174.50117294284806,True
584,RandomForest,2025-07-03 23:35:00,179.0,173.75840149856933,True
584,RandomForest,2025-07-03 23:40:00,183.0,169.9170446655578,True
584,RandomForest,2025-07-03 23:45:00,187.0,175.97018830256235,True
584,RandomForest,2025-07-03 23:50:00,189.0,173.40239248335993,True
584,RandomForest,2025-07-03 23:55:00,188.0,175.28370827601117,True
584,RandomForest,2025-07-04 00:00:00,185.0,184.2870940687488,True
584,RandomForest,2025-07-04 00:05:00,182.0,189.6750192033739,True
584,RandomForest,2025-07-04 00:10:00,181.0,195.81292886082036,True
584,RandomForest,2025-07-04 00:15:00,181.0,196.86267073480604,True
584,RandomForest,2025-07-04 00:20:00,182.0,191.69443973592075,True
584,RandomForest,2025-07-04 00:25:00,184.0,181.34196172701328,True
584,RandomForest,2025-07-04 00:30:00,188.0,176.4039279623001,True
584,RandomForest,2025-07-04 00:35:00,191.0,172.63598075169287,True
584,RandomForest,2025-07-04 00:40:00,194.0,173.91181042229604,True
584,RandomForest,2025-07-04 00:45:00,197.0,177.47940120505646,True
584,RandomForest,2025-07-04 00:50:00,200.0,181.20545395740504,True
584,RandomForest,2025-07-04 00:55:00,202.0,186.67217841100808,True
584,RandomForest,2025-07-04 01:00:00,204.0,192.05319617097774,True
584,RandomForest,2025-07-04 01:05:00,204.0,199.60639881388224,True
584,RandomForest,2025-07-04 01:10:00,204.0,201.61506016536418,True
584,RandomForest,2025-07-04 01:15:00,205.0,209.6505119983146,True
584,RandomForest,2025-07-04 01:20:00,207.0,211.40238092919216,True
584,RandomForest,2025-07-04 01:25:00,206.0,210.37169114158735,True
584,RandomForest,2025-07-04 01:30:00,202.0,213.35842645152115,True
584,RandomForest,2025-07-04 01:35:00,199.0,207.55184014591217,True
584,RandomForest,2025-07-04 01:40:00,197.0,205.98165140728153,True
584,RandomForest,2025-07-04 01:45:00,196.0,207.08406565849978,True
584,RandomForest,2025-07-04 01:50:00,194.0,212.19772462156533,True
584,RandomForest,2025-07-04 01:55:00,192.0,206.73536522690577,True
584,RandomForest,2025-07-04 02:00:00,190.0,201.19784932377158,True
584,RandomForest,2025-07-04 02:05:00,189.0,195.6299204954115,True
584,RandomForest,2025-07-04 02:10:00,189.0,192.21701376826263,True
584,RandomForest,2025-07-04 02:15:00,189.0,191.16682820857997,True
584,RandomForest,2025-07-04 02:20:00,189.0,185.39784768750167,True
584,RandomForest,2025-07-04 02:25:00,189.0,186.8043505396269,True
584,RandomForest,2025-07-04 02:30:00,188.0,183.93451822879018,True
584,RandomForest,2025-07-04 02:35:00,187.0,183.54325964623763,True
584,RandomForest,2025-07-04 02:40:00,186.0,191.73944470435748,True
584,RandomForest,2025-07-04 02:45:00,185.0,186.1139907920525,True
584,RandomForest,2025-07-04 02:50:00,185.0,187.95272960795938,True
584,RandomForest,2025-07-04 02:55:00,185.0,186.73443100612025,True
584,RandomForest,2025-07-04 03:00:00,185.0,186.15244414019213,True
584,RandomForest,2025-07-04 03:05:00,185.0,183.26463694809206,True
584,RandomForest,2025-07-04 03:10:00,185.0,181.34594569138503,True
584,RandomForest,2025-07-04 03:15:00,184.0,179.0590090993987,True
584,RandomForest,2025-07-04 03:20:00,181.0,185.48408863259291,True
584,RandomForest,2025-07-04 03:25:00,179.0,185.8623539736107,True
584,RandomForest,2025-07-04 03:30:00,177.0,185.66412323945144,True
584,RandomForest,2025-07-04 03:35:00,176.0,186.4144949931189,True
584,RandomForest,2025-07-04 03:40:00,173.0,187.2474949931189,True
584,RandomForest,2025-07-04 03:45:00,171.0,178.88702407788648,True
584,RandomForest,2025-07-04 03:50:00,168.0,169.3098842147225,True
584,RandomForest,2025-07-04 03:55:00,166.0,166.85169896367788,True
584,RandomForest,2025-07-04 04:00:00,163.0,165.91925708334887,True
584,RandomForest,2025-07-04 04:05:00,161.0,167.18132461214233,True
584,RandomForest,2025-07-04 04:10:00,160.0,163.3257143597242,True
584,RandomForest,2025-07-04 04:15:00,158.0,162.5844683300159,True
584,RandomForest,2025-07-04 04:20:00,155.0,155.61199828473175,True
584,RandomForest,2025-07-04 04:25:00,154.0,156.25008913055328,True
584,RandomForest,2025-07-04 04:30:00,153.0,151.43054869626405,True
584,RandomForest,2025-07-04 04:35:00,153.0,151.0056675414153,True
584,RandomForest,2025-07-04 04:40:00,154.0,152.12143225557705,True
584,RandomForest,2025-07-04 04:45:00,154.0,148.95551426502098,True
584,RandomForest,2025-07-04 04:50:00,154.0,144.23480621391982,True
584,RandomForest,2025-07-04 04:55:00,153.0,143.96184002991455,True
584,RandomForest,2025-07-04 05:00:00,154.0,144.71070362710324,True
584,RandomForest,2025-07-04 05:05:00,164.0,150.3317301897164,True
584,RandomForest,2025-07-04 05:10:00,165.0,151.2942799673309,True
584,RandomForest,2025-07-04 05:15:00,163.0,151.73244276787938,True
584,RandomForest,2025-07-04 05:20:00,160.0,170.76552969228996,True
584,RandomForest,2025-07-04 05:25:00,158.0,147.6004615213505,True
584,RandomForest,2025-07-04 05:30:00,155.0,162.18277020970913,True
584,RandomForest,2025-07-04 05:35:00,152.0,178.89805648538916,True
584,RandomForest,2025-07-04 05:40:00,149.0,168.9797595067423,True
584,RandomForest,2025-07-04 05:45:00,145.0,154.55367765387462,True
584,RandomForest,2025-07-04 05:50:00,142.0,149.8248096729642,True
584,RandomForest,2025-07-04 05:55:00,138.0,150.86418081930742,True
584,RandomForest,2025-07-04 06:00:00,136.0,143.2527293933863,True
584,RandomForest,2025-07-04 06:05:00,130.0,139.01654988207224,True
584,RandomForest,2025-07-04 06:10:00,126.0,135.90432091747067,True
584,RandomForest,2025-07-04 06:15:00,122.0,129.82944847413827,True
584,RandomForest,2025-07-04 06:20:00,118.0,126.96872350115454,True
584,RandomForest,2025-07-04 06:25:00,115.0,122.16406202935015,True
584,RandomForest,2025-07-04 06:30:00,112.0,129.93433277829217,True
584,RandomForest,2025-07-04 06:35:00,110.0,113.2260213483526,True
584,RandomForest,2025-07-04 06:40:00,109.0,112.25992015579375,True
584,RandomForest,2025-07-04 06:45:00,108.0,106.00418742116707,True
584,RandomForest,2025-07-04 06:50:00,107.0,102.76838327367359,True
584,RandomForest,2025-07-04 06:55:00,108.0,103.82509257121067,True
584,RandomForest,2025-07-04 07:00:00,111.0,101.65116400194839,True
584,RandomForest,2025-07-04 07:05:00,117.0,101.42249030285022,True
584,RandomForest,2025-07-04 07:10:00,121.0,101.18912395633716,True
584,RandomForest,2025-07-04 07:15:00,128.0,100.65588745699556,True
584,RandomForest,2025-07-04 07:20:00,136.0,102.31226954067888,True
584,RandomForest,2025-07-04 07:25:00,147.0,107.96204330276147,True
584,RandomForest,2025-07-04 07:30:00,155.0,114.6638786121372,True
584,RandomForest,2025-07-04 07:35:00,155.0,123.35607066021959,True
584,RandomForest,2025-07-04 07:40:00,152.0,130.25114387283415,True
584,RandomForest,2025-07-04 07:45:00,155.0,147.32504921227067,True
584,RandomForest,2025-07-04 07:50:00,162.0,167.81651663567493,True
584,RandomForest,2025-07-04 07:55:00,162.0,177.93406876470664,True
584,RandomForest,2025-07-04 08:00:00,159.0,178.70146474002541,True
584,RandomForest,2025-07-04 08:05:00,153.0,165.97968156072912,True
584,RandomForest,2025-07-04 08:10:00,143.0,158.08389015747537,True
584,RandomForest,2025-07-04 08:15:00,135.0,168.59327206486637,True
584,RandomForest,2025-07-04 08:20:00,131.0,184.87281468410418,True
584,RandomForest,2025-07-04 08:25:00,126.0,167.16543426579614,True
584,RandomForest,2025-07-04 08:30:00,121.0,141.915341917993,True
584,RandomForest,2025-07-04 08:35:00,115.0,127.25279808080406,True
584,RandomForest,2025-07-04 08:40:00,108.0,113.87060396280869,True
584,RandomForest,2025-07-04 08:45:00,104.0,110.54439776463167,True
584,RandomForest,2025-07-04 08:50:00,102.0,118.4819917442579,True
584,RandomForest,2025-07-04 08:55:00,100.0,108.12409276135715,True
584,RandomForest,2025-07-04 09:00:00,100.0,105.76683524225507,True
584,RandomForest,2025-07-04 09:05:00,99.0,99.35594342725818,True
584,RandomForest,2025-07-04 09:10:00,97.0,92.36910754194133,True
584,RandomForest,2025-07-04 09:15:00,101.0,88.47184515674638,True
584,RandomForest,2025-07-04 09:20:00,109.0,89.7484779782083,True
584,RandomForest,2025-07-04 09:25:00,118.0,90.65667229761277,True
584,RandomForest,2025-07-04 09:30:00,122.0,99.16044581026112,True
584,RandomForest,2025-07-04 09:35:00,125.0,99.52122480875838,True
584,RandomForest,2025-07-04 09:40:00,126.0,93.6845207292127,True
584,RandomForest,2025-07-04 09:45:00,124.0,106.04647681990635,True
584,RandomForest,2025-07-04 09:50:00,120.0,131.5828981025669,True
584,RandomForest,2025-07-04 09:55:00,119.0,137.27142887395843,True
584,RandomForest,2025-07-04 10:00:00,119.0,133.2209678993392,True
584,RandomForest,2025-07-04 10:05:00,120.0,131.1446173072505,True
584,RandomForest,2025-07-04 10:10:00,123.0,126.4083829782648,True
584,RandomForest,2025-07-04 10:15:00,125.0,120.15990330533387,True
584,RandomForest,2025-07-04 10:20:00,127.0,110.76629505286846,True
584,RandomForest,2025-07-04 10:25:00,130.0,116.14987097622323,True
584,RandomForest,2025-07-04 10:30:00,133.0,124.5612554411132,True
584,RandomForest,2025-07-04 10:35:00,134.0,125.10171713997596,True
584,RandomForest,2025-07-04 10:40:00,135.0,133.89967943752913,True
584,RandomForest,2025-07-04 10:45:00,137.0,131.42629554243985,True
584,RandomForest,2025-07-04 10:50:00,137.0,134.16560441079105,True
584,RandomForest,2025-07-04 10:55:00,140.0,141.90099489195768,True
584,RandomForest,2025-07-04 11:00:00,141.0,143.0618613813982,True
584,RandomForest,2025-07-04 11:05:00,142.0,137.41042556524835,True
584,RandomForest,2025-07-04 11:10:00,140.0,137.46787448491423,True
584,RandomForest,2025-07-04 11:15:00,142.0,146.93683807677755,True
584,RandomForest,2025-07-04 11:20:00,145.0,139.66746196799494,True
584,RandomForest,2025-07-04 11:25:00,146.0,152.1280679111365,True
584,RandomForest,2025-07-04 11:30:00,147.0,146.35726796477593,True
584,RandomForest,2025-07-04 11:35:00,149.0,147.583105378931,True
584,RandomForest,2025-07-04 11:40:00,150.0,138.2449407310396,True
584,RandomForest,2025-07-04 11:45:00,142.0,150.73800689164563,True
584,RandomForest,2025-07-04 11:50:00,147.0,153.88533751896284,True
584,RandomForest,2025-07-04 11:55:00,154.0,154.59800089460023,True
584,RandomForest,2025-07-04 12:00:00,161.0,158.25314584986293,True
584,RandomForest,2025-07-04 12:05:00,169.0,157.25221260174678,True
584,RandomForest,2025-07-04 12:10:00,174.0,156.97383963964953,True
584,RandomForest,2025-07-04 12:15:00,179.0,140.09785063905028,True
584,RandomForest,2025-07-04 12:20:00,184.0,156.79703462544077,True
584,RandomForest,2025-07-04 12:25:00,185.0,160.65148745848452,True
584,RandomForest,2025-07-04 12:30:00,187.0,179.24012597213098,True
584,RandomForest,2025-07-04 12:35:00,185.0,193.11327799943982,True
584,RandomForest,2025-07-04 12:40:00,180.0,190.82477505572865,True
584,RandomForest,2025-07-04 12:45:00,181.0,190.7381347126259,True
584,RandomForest,2025-07-04 12:50:00,184.0,202.02402457562945,True
584,RandomForest,2025-07-04 12:55:00,183.0,189.16087957229246,True
584,RandomForest,2025-07-04 13:00:00,183.0,191.65905488212243,True
584,RandomForest,2025-07-04 13:05:00,185.0,182.7413112192856,True
584,RandomForest,2025-07-04 13:10:00,188.0,173.4284955626199,True
584,RandomForest,2025-07-04 13:15:00,191.0,178.60632605640166,True
584,RandomForest,2025-07-04 13:20:00,194.0,192.47832084959103,True
584,RandomForest,2025-07-04 13:25:00,196.0,183.41182309358703,True
584,RandomForest,2025-07-04 13:30:00,198.0,185.89782799409505,True
584,RandomForest,2025-07-04 13:35:00,200.0,187.5837143446259,True
584,RandomForest,2025-07-04 13:40:00,203.0,194.3012270110263,True
584,RandomForest,2025-07-04 13:45:00,205.0,200.61938982110408,True
584,RandomForest,2025-07-04 13:50:00,201.0,202.8863152292562,True
584,RandomForest,2025-07-04 13:55:00,199.0,197.35469629766845,True
584,RandomForest,2025-07-04 14:00:00,197.0,201.0334422610422,True
584,RandomForest,2025-07-04 14:05:00,201.0,202.88142136607587,True
584,RandomForest,2025-07-04 14:10:00,202.0,208.75625152237885,True
584,RandomForest,2025-07-04 14:15:00,207.0,209.00234980607686,True
584,RandomForest,2025-07-04 14:20:00,213.0,196.41433574959697,True
584,RandomForest,2025-07-04 14:25:00,225.0,196.24752475557526,True
584,RandomForest,2025-07-04 14:30:00,235.0,191.37777130997543,True
584,RandomForest,2025-07-04 14:35:00,244.0,206.53214218970282,True
584,RandomForest,2025-07-04 14:40:00,252.0,200.41129837560567,True
584,RandomForest,2025-07-04 14:45:00,261.0,215.66258516479263,True
584,RandomForest,2025-07-04 14:50:00,271.0,226.17437685606868,True
584,RandomForest,2025-07-04 14:55:00,282.0,237.8309310906084,True
584,RandomForest,2025-07-04 15:00:00,286.0,241.49032888074964,True
584,RandomForest,2025-07-04 15:05:00,290.0,259.72684435796856,True
584,RandomForest,2025-07-04 15:10:00,297.0,265.7916382402739,True
584,RandomForest,2025-07-04 15:15:00,302.0,271.4312855209865,True
584,RandomForest,2025-07-04 15:20:00,299.0,281.2797121628814,True
584,RandomForest,2025-07-04 15:25:00,298.0,299.9008339213578,True
584,RandomForest,2025-07-04 15:30:00,296.0,293.6031891038414,True
584,RandomForest,2025-07-04 15:35:00,295.0,300.85291481738733,True
584,RandomForest,2025-07-04 15:40:00,295.0,315.0191856306776,True
584,RandomForest,2025-07-04 15:45:00,295.0,315.5044853514584,True
584,RandomForest,2025-07-04 15:50:00,297.0,281.59316457596384,True
584,RandomForest,2025-07-04 15:55:00,298.0,284.3500250444241,True
584,RandomForest,2025-07-04 16:00:00,299.0,286.1515428447733,True
584,RandomForest,2025-07-04 16:05:00,303.0,284.21165510474003,True
584,RandomForest,2025-07-04 16:10:00,309.0,284.4142561988532,True
584,RandomForest,2025-07-04 16:15:00,316.0,285.368340606583,True
584,RandomForest,2025-07-04 16:20:00,320.0,298.08018202343266,True
584,RandomForest,2025-07-04 16:25:00,316.0,290.61678595832274,True
584,RandomForest,2025-07-04 16:30:00,312.0,293.7326895515933,True
584,RandomForest,2025-07-04 16:35:00,306.0,296.757028590506,True
584,RandomForest,2025-07-04 16:40:00,301.0,304.82420135560517,True
584,RandomForest,2025-07-04 16:45:00,298.0,312.94464496480936,True
584,RandomForest,2025-07-04 16:50:00,293.0,319.5172123483698,True
584,RandomForest,2025-07-04 16:55:00,293.0,299.57048899409773,True
584,RandomForest,2025-07-04 17:00:00,293.0,297.85329307890186,True
584,RandomForest,2025-07-04 17:05:00,293.0,287.552324331696,True
584,RandomForest,2025-07-04 17:10:00,293.0,277.8660776270118,True
584,RandomForest,2025-07-04 17:15:00,293.0,275.26071711513924,True
584,RandomForest,2025-07-04 17:20:00,293.0,267.0287603753518,True
584,RandomForest,2025-07-05 09:45:00,109.0,153.27326094538645,False
584,RandomForest,2025-07-05 09:50:00,108.0,153.27326094538645,False
584,RandomForest,2025-07-05 09:55:00,106.0,155.1219926625919,False
584,RandomForest,2025-07-05 10:00:00,106.0,156.89077138987443,False
584,RandomForest,2025-07-05 10:05:00,108.0,159.70572172975017,False
584,RandomForest,2025-07-05 10:10:00,113.0,159.70572172975017,False
584,RandomForest,2025-07-05 10:15:00,120.0,118.30217688255945,True
584,RandomForest,2025-07-05 10:20:00,127.0,104.7461515831107,True
584,RandomForest,2025-07-05 10:25:00,135.0,96.78237442833104,True
584,RandomForest,2025-07-05 10:30:00,141.0,105.75349891965618,True
584,RandomForest,2025-07-05 10:35:00,146.0,115.47260317416777,True
584,RandomForest,2025-07-05 10:40:00,148.0,126.46334938253123,True
584,RandomForest,2025-07-05 10:45:00,152.0,146.8851361878752,True
584,RandomForest,2025-07-05 10:50:00,153.0,159.848722200296,True
584,RandomForest,2025-07-05 10:55:00,161.0,170.76677626557574,True
584,RandomForest,2025-07-05 11:00:00,163.0,163.60270407615556,True
584,RandomForest,2025-07-05 11:05:00,159.0,169.00851557217266,True
584,RandomForest,2025-07-05 11:10:00,162.0,176.44006199305554,True
584,RandomForest,2025-07-05 11:15:00,163.0,179.12386346789265,True
584,RandomForest,2025-07-05 11:20:00,160.0,174.47252876852028,True
584,RandomForest,2025-07-05 11:25:00,160.0,190.59454044419388,True
584,RandomForest,2025-07-05 11:30:00,157.0,170.32270843708375,True
584,RandomForest,2025-07-05 11:35:00,154.0,156.04743647898002,True
584,RandomForest,2025-07-05 11:40:00,151.0,174.86446219966248,True
584,RandomForest,2025-07-05 11:45:00,148.0,181.31505167319358,True
584,RandomForest,2025-07-05 11:50:00,146.0,141.95929499598344,True
584,RandomForest,2025-07-05 11:55:00,140.0,175.85502186039702,True
584,RandomForest,2025-07-05 12:00:00,136.0,138.1504689051849,True
584,RandomForest,2025-07-05 12:05:00,129.0,136.52147224888355,True
584,RandomForest,2025-07-05 12:10:00,120.0,132.47568762636575,True
584,RandomForest,2025-07-05 12:15:00,117.0,130.15960089374917,True
584,RandomForest,2025-07-05 12:20:00,113.0,138.9532369686164,True
584,RandomForest,2025-07-05 12:25:00,109.0,119.02273497032584,True
584,RandomForest,2025-07-05 12:30:00,106.0,125.19983452349923,True
584,RandomForest,2025-07-05 12:35:00,108.0,111.05779552916482,True
584,RandomForest,2025-07-05 12:40:00,107.0,98.73441675956111,True
584,RandomForest,2025-07-05 12:45:00,106.0,107.09623437461939,True
584,RandomForest,2025-07-05 12:50:00,109.0,96.77822446611779,True
584,RandomForest,2025-07-05 12:55:00,109.0,92.58425907434672,True
584,RandomForest,2025-07-05 13:00:00,111.0,91.21075319061823,True
584,RandomForest,2025-07-05 13:05:00,112.0,114.12788493640352,True
584,RandomForest,2025-07-05 13:10:00,111.0,100.8312740387869,True
584,RandomForest,2025-07-05 13:15:00,111.0,104.3905363977494,True
584,RandomForest,2025-07-05 13:20:00,110.0,119.19762601632853,True
584,RandomForest,2025-07-05 13:25:00,110.0,108.13970175314205,True
584,RandomForest,2025-07-05 13:30:00,108.0,114.56908570578285,True
584,RandomForest,2025-07-05 13:35:00,108.0,114.23037243692234,True
584,RandomForest,2025-07-05 13:40:00,108.0,111.39494020551048,True
584,RandomForest,2025-07-05 13:45:00,111.0,115.88124105514622,True
584,RandomForest,2025-07-05 13:50:00,113.0,110.29608376096022,True
584,RandomForest,2025-07-05 13:55:00,117.0,116.35436681759093,True
584,RandomForest,2025-07-05 14:00:00,120.0,105.98868139791757,True
584,RandomForest,2025-07-05 14:05:00,123.0,111.3266915033872,True
584,RandomForest,2025-07-05 14:10:00,125.0,110.71675903739568,True
584,RandomForest,2025-07-05 14:15:00,128.0,122.1843370525145,True
584,RandomForest,2025-07-05 14:20:00,127.0,121.05135725266449,True
584,RandomForest,2025-07-05 14:25:00,131.0,128.03019171207376,True
584,RandomForest,2025-07-05 14:30:00,134.0,126.8865856128525,True
584,RandomForest,2025-07-05 14:35:00,133.0,131.5466174709624,True
584,RandomForest,2025-07-05 14:40:00,136.0,130.93740220751653,True
584,RandomForest,2025-07-05 14:45:00,136.0,143.35524755681791,True
584,RandomForest,2025-07-05 14:50:00,135.0,129.74845616455661,True
584,RandomForest,2025-07-05 14:55:00,136.0,140.34594661702147,True
584,RandomForest,2025-07-05 15:00:00,137.0,144.66628878135964,True
584,RandomForest,2025-07-05 15:05:00,139.0,134.93516079089045,True
584,RandomForest,2025-07-05 15:10:00,143.0,146.6008020001478,True
584,RandomForest,2025-07-05 15:15:00,151.0,139.8410712996093,True
584,RandomForest,2025-07-05 15:20:00,149.0,135.07637518380838,True
584,RandomForest,2025-07-05 15:25:00,147.0,139.7574718401784,True
584,RandomForest,2025-07-05 15:30:00,149.0,140.5947896414153,True
584,RandomForest,2025-07-05 15:35:00,149.0,148.83779065946052,True
584,RandomForest,2025-07-05 15:40:00,149.0,153.18501076074605,True
584,RandomForest,2025-07-05 15:45:00,149.0,169.6983666321429,True
584,RandomForest,2025-07-05 15:50:00,149.0,144.11435696064507,True
584,RandomForest,2025-07-05 15:55:00,149.0,146.14235278837953,True
584,RandomForest,2025-07-05 16:00:00,149.0,155.08688626789336,True
584,RandomForest,2025-07-05 17:35:00,154.0,148.36173389952017,False
584,RandomForest,2025-07-05 17:40:00,155.0,146.89845432962773,False
584,RandomForest,2025-07-05 17:45:00,155.0,146.6166006710911,False
584,RandomForest,2025-07-05 17:50:00,154.0,190.87932731228477,False
584,RandomForest,2025-07-05 17:55:00,153.0,186.90746582139298,False
584,RandomForest,2025-07-05 18:00:00,151.0,183.69618929661033,False
584,RandomForest,2025-07-05 18:05:00,150.0,165.49026066746436,True
584,RandomForest,2025-07-05 18:10:00,150.0,157.82794667580328,True
584,RandomForest,2025-07-05 18:15:00,151.0,160.3942009009543,True
584,RandomForest,2025-07-05 18:20:00,152.0,155.07754179865628,True
584,RandomForest,2025-07-05 18:25:00,153.0,154.56792869918925,True
584,RandomForest,2025-07-05 18:30:00,155.0,147.98825345320603,True
584,RandomForest,2025-07-05 18:35:00,156.0,145.41067100617175,True
584,RandomForest,2025-07-05 18:40:00,155.0,158.25430056522728,True
584,RandomForest,2025-07-05 18:45:00,153.0,157.66963468824414,True
584,RandomForest,2025-07-05 18:50:00,151.0,153.02302052807246,True
584,RandomForest,2025-07-05 18:55:00,151.0,154.2948394722954,True
584,RandomForest,2025-07-05 19:00:00,151.0,156.10755034407472,True
584,RandomForest,2025-07-05 19:05:00,152.0,161.76134212608952,True
584,RandomForest,2025-07-05 19:10:00,153.0,149.14495489792455,True
584,RandomForest,2025-07-05 19:15:00,155.0,156.34672256154425,True
584,RandomForest,2025-07-05 19:20:00,155.0,154.30195175221093,True
584,RandomForest,2025-07-05 19:25:00,154.0,159.02309682327095,True
584,RandomForest,2025-07-05 19:30:00,151.0,155.5952026439518,True
584,RandomForest,2025-07-05 19:35:00,147.0,153.9114251188171,True
584,RandomForest,2025-07-05 19:40:00,144.0,155.46923500164158,True
584,RandomForest,2025-07-05 19:45:00,140.0,156.0268210287764,True
584,RandomForest,2025-07-05 19:50:00,138.0,152.67677908040798,True
584,RandomForest,2025-07-05 19:55:00,137.0,149.97519292944241,True
584,RandomForest,2025-07-05 20:00:00,135.0,141.22415270734982,True
584,RandomForest,2025-07-05 20:05:00,133.0,131.71693134142384,True
584,RandomForest,2025-07-05 20:10:00,128.0,128.57324263995562,True
584,RandomForest,2025-07-05 20:15:00,125.0,125.97576378536179,True
584,RandomForest,2025-07-05 20:20:00,123.0,131.24964695447133,True
584,RandomForest,2025-07-05 20:25:00,122.0,133.69900732343496,True
584,RandomForest,2025-07-05 20:30:00,123.0,130.96774029606763,True
584,RandomForest,2025-07-05 20:35:00,124.0,130.15197690059148,True
584,RandomForest,2025-07-05 20:40:00,125.0,116.57499697138705,True
584,RandomForest,2025-07-05 20:45:00,127.0,118.31783635192998,True
584,RandomForest,2025-07-05 20:50:00,129.0,120.46486238442499,True
584,RandomForest,2025-07-05 20:55:00,131.0,122.03758065749713,True
584,RandomForest,2025-07-05 21:00:00,133.0,126.96262110038775,True
584,RandomForest,2025-07-05 21:05:00,137.0,124.91786132934298,True
584,RandomForest,2025-07-05 21:10:00,141.0,125.63202215590556,True
584,RandomForest,2025-07-05 21:15:00,143.0,133.7530753196817,True
584,RandomForest,2025-07-05 21:20:00,146.0,135.08248608685037,True
584,RandomForest,2025-07-05 21:25:00,149.0,135.11411575714098,True
584,RandomForest,2025-07-05 21:30:00,155.0,142.74946626470418,True
584,RandomForest,2025-07-05 21:35:00,161.0,148.76553417795085,True
584,RandomForest,2025-07-05 21:40:00,168.0,155.36082402330294,True
584,RandomForest,2025-07-05 21:45:00,176.0,150.64941513098418,True
584,RandomForest,2025-07-05 21:50:00,182.0,156.55605116983872,True
584,RandomForest,2025-07-05 21:55:00,186.0,159.14215733686743,True
584,RandomForest,2025-07-05 22:00:00,190.0,172.74474445637534,True
584,RandomForest,2025-07-05 22:05:00,192.0,180.85418774670796,True
584,RandomForest,2025-07-05 22:10:00,194.0,185.28819515905874,True
584,RandomForest,2025-07-05 22:15:00,194.0,200.57945919486014,True
584,RandomForest,2025-07-05 22:20:00,196.0,199.95944673533148,True
584,RandomForest,2025-07-05 22:25:00,200.0,196.69673754644137,True
584,RandomForest,2025-07-05 22:30:00,203.0,201.8007097009584,True
584,RandomForest,2025-07-05 22:35:00,204.0,197.58334751748382,True
584,RandomForest,2025-07-05 22:40:00,203.0,202.71649163231726,True
584,RandomForest,2025-07-05 22:45:00,203.0,200.65414216029916,True
584,RandomForest,2025-07-05 22:50:00,204.0,208.1289656519056,True
584,RandomForest,2025-07-05 22:55:00,206.0,212.57120913015908,True
584,RandomForest,2025-07-05 23:00:00,208.0,213.42936495950042,True
584,RandomForest,2025-07-05 23:05:00,210.0,210.6136604625576,True
584,RandomForest,2025-07-05 23:10:00,210.0,205.01627064307445,True
584,RandomForest,2025-07-05 23:15:00,210.0,206.90234558705254,True
584,RandomForest,2025-07-05 23:20:00,211.0,209.3004421507919,True
584,RandomForest,2025-07-05 23:25:00,211.0,211.90744536956169,True
584,RandomForest,2025-07-05 23:30:00,210.0,214.01805906725062,True
584,RandomForest,2025-07-05 23:35:00,212.0,217.1586338118431,True
584,RandomForest,2025-07-05 23:40:00,214.0,214.39323081889412,True
584,RandomForest,2025-07-05 23:45:00,215.0,215.3057293229687,True
584,RandomForest,2025-07-05 23:50:00,216.0,214.22030583426363,True
584,RandomForest,2025-07-05 23:55:00,220.0,213.3341896342963,True
584,RandomForest,2025-07-06 00:00:00,223.0,210.55921409029165,True
584,RandomForest,2025-07-06 00:05:00,224.0,215.01241476163284,True
584,RandomForest,2025-07-06 00:10:00,224.0,215.8379793710714,True
584,RandomForest,2025-07-06 00:15:00,224.0,215.97706749970084,True
584,RandomForest,2025-07-06 00:20:00,224.0,217.9536282014007,True
584,RandomForest,2025-07-06 00:25:00,223.0,229.31638394242898,True
584,RandomForest,2025-07-06 00:30:00,221.0,227.36480795495285,True
584,RandomForest,2025-07-06 00:35:00,218.0,229.40584311800833,True
584,RandomForest,2025-07-06 00:40:00,216.0,226.14803818339914,True
584,RandomForest,2025-07-06 00:45:00,215.0,225.0983202937268,True
584,RandomForest,2025-07-06 00:50:00,214.0,225.05013216571467,True
584,RandomForest,2025-07-06 00:55:00,213.0,221.57112174143947,True
584,RandomForest,2025-07-06 01:00:00,218.0,217.9403179223903,True
584,RandomForest,2025-07-06 01:05:00,221.0,216.3906173704805,True
584,RandomForest,2025-07-06 01:10:00,223.0,215.91333811783167,True
584,RandomForest,2025-07-06 01:15:00,221.0,215.89245143887752,True
584,RandomForest,2025-07-06 01:20:00,218.0,215.17051939898673,True
584,RandomForest,2025-07-06 01:25:00,222.0,214.6139098918754,True
584,RandomForest,2025-07-06 01:30:00,223.0,223.19562363969723,True
584,RandomForest,2025-07-06 01:35:00,226.0,221.98125112662103,True
584,RandomForest,2025-07-06 01:40:00,230.0,223.55523957129688,True
584,RandomForest,2025-07-06 01:45:00,231.0,215.60892733623004,True
584,RandomForest,2025-07-06 01:50:00,234.0,216.7000070230272,True
584,RandomForest,2025-07-06 01:55:00,236.0,226.69761671478588,True
584,RandomForest,2025-07-06 02:00:00,239.0,221.52559822663602,True
584,RandomForest,2025-07-06 02:05:00,242.0,233.43908279914342,True
584,RandomForest,2025-07-06 02:10:00,241.0,235.88861842309973,True
584,RandomForest,2025-07-06 02:15:00,238.0,233.26612748334136,True
584,RandomForest,2025-07-06 02:20:00,238.0,237.26489870191392,True
584,RandomForest,2025-07-06 02:25:00,240.0,240.2180635487577,True
584,RandomForest,2025-07-06 02:30:00,240.0,242.67911207668433,True
584,RandomForest,2025-07-06 02:35:00,239.0,246.93201106210282,True
584,RandomForest,2025-07-06 02:40:00,237.0,240.3663180872589,True
584,RandomForest,2025-07-06 02:45:00,236.0,231.1797762201373,True
584,RandomForest,2025-07-06 02:50:00,236.0,239.56947896988956,True
584,RandomForest,2025-07-06 02:55:00,238.0,240.87968785477952,True
584,RandomForest,2025-07-06 03:00:00,238.0,240.8007765251394,True
584,RandomForest,2025-07-06 03:05:00,238.0,237.95800117097383,True
584,RandomForest,2025-07-06 03:10:00,239.0,234.210266877618,True
584,RandomForest,2025-07-06 03:15:00,236.0,234.4831521841975,True
584,RandomForest,2025-07-06 03:20:00,235.0,235.81231180881582,True
584,RandomForest,2025-07-06 03:25:00,240.0,240.9722604358567,True
584,RandomForest,2025-07-06 03:30:00,238.0,238.9507709350165,True
584,RandomForest,2025-07-06 03:35:00,237.0,241.18634459899894,True
584,RandomForest,2025-07-06 03:40:00,235.0,240.55080524291233,True
584,RandomForest,2025-07-06 03:45:00,234.0,229.95955097196062,True
584,RandomForest,2025-07-06 03:50:00,233.0,233.81708888395275,True
584,RandomForest,2025-07-06 03:55:00,233.0,239.2289471545197,True
584,RandomForest,2025-07-06 04:00:00,234.0,232.14293750478933,True
584,RandomForest,2025-07-06 04:05:00,235.0,236.5747439238546,True
584,RandomForest,2025-07-06 04:10:00,235.0,231.04707238707778,True
584,RandomForest,2025-07-06 04:15:00,230.0,231.2702274304429,True
584,RandomForest,2025-07-06 04:20:00,223.0,229.9135475883858,True
584,RandomForest,2025-07-06 04:25:00,225.0,232.07522289464254,True
584,RandomForest,2025-07-06 04:30:00,221.0,231.62291322270684,True
584,RandomForest,2025-07-06 04:35:00,217.0,233.29778681874487,True
584,RandomForest,2025-07-06 04:40:00,215.0,234.09984725819487,True
584,RandomForest,2025-07-06 04:45:00,213.0,224.85162514424323,True
584,RandomForest,2025-07-06 04:50:00,211.0,216.51642917522452,True
584,RandomForest,2025-07-06 04:55:00,211.0,224.2853899388916,True
584,RandomForest,2025-07-06 05:00:00,212.0,211.11831790296026,True
584,RandomForest,2025-07-06 05:05:00,214.0,209.77352937036056,True
584,RandomForest,2025-07-06 05:10:00,214.0,212.85869644851994,True
584,RandomForest,2025-07-06 05:15:00,214.0,208.98819311645119,True
584,RandomForest,2025-07-06 05:20:00,211.0,204.65978648979114,True
584,RandomForest,2025-07-06 05:25:00,211.0,210.616654940565,True
584,RandomForest,2025-07-06 05:30:00,211.0,209.6040705857393,True
584,RandomForest,2025-07-06 05:35:00,211.0,210.48578383198117,True
584,RandomForest,2025-07-06 05:40:00,211.0,210.47684642365482,True
584,RandomForest,2025-07-06 05:45:00,213.0,212.2227817538013,True
584,RandomForest,2025-07-06 05:50:00,214.0,205.8722558217266,True
584,RandomForest,2025-07-06 05:55:00,213.0,211.18373229005397,True
584,RandomForest,2025-07-06 06:00:00,212.0,210.1660543582253,True
584,RandomForest,2025-07-06 06:05:00,211.0,210.8928527090108,True
584,RandomForest,2025-07-06 06:10:00,208.0,210.56879377348184,True
584,RandomForest,2025-07-06 06:15:00,204.0,210.47082156691954,True
584,RandomForest,2025-07-06 06:20:00,197.0,212.02919768394366,True
584,RandomForest,2025-07-06 06:25:00,188.0,207.25907096913357,True
584,RandomForest,2025-07-06 06:30:00,179.0,207.35882262737414,True
584,RandomForest,2025-07-06 06:35:00,177.0,204.80183189696854,True
584,RandomForest,2025-07-06 06:40:00,174.0,192.20215138263134,True
584,RandomForest,2025-07-06 06:45:00,170.0,187.1482270865047,True
584,RandomForest,2025-07-06 06:50:00,164.0,171.3294645387371,True
584,RandomForest,2025-07-06 06:55:00,163.0,160.77194715969463,True
584,RandomForest,2025-07-06 07:00:00,161.0,149.68202658064638,True
584,RandomForest,2025-07-06 07:05:00,159.0,163.33539257300214,True
584,RandomForest,2025-07-06 07:10:00,157.0,159.08523597202083,True
584,RandomForest,2025-07-06 07:15:00,157.0,150.4402877169207,True
584,RandomForest,2025-07-06 07:20:00,158.0,138.1625518862497,True
584,RandomForest,2025-07-06 07:25:00,159.0,151.53890482632482,True
584,RandomForest,2025-07-06 07:30:00,160.0,148.46765594803983,True
584,RandomForest,2025-07-06 07:35:00,165.0,149.5368410114367,True
584,RandomForest,2025-07-06 07:40:00,163.0,147.25739554989357,True
584,RandomForest,2025-07-06 07:45:00,158.0,154.4981379287735,True
584,RandomForest,2025-07-06 07:50:00,159.0,156.88763481167692,True
584,RandomForest,2025-07-06 07:55:00,160.0,158.09184546944002,True
584,RandomForest,2025-07-06 08:00:00,159.0,159.27763935745662,True
584,RandomForest,2025-07-06 08:05:00,158.0,173.19955110805847,True
584,RandomForest,2025-07-06 08:10:00,154.0,155.3912949665379,True
584,RandomForest,2025-07-06 08:15:00,146.0,149.9936177109841,True
584,RandomForest,2025-07-06 08:20:00,144.0,160.59646199020509,True
584,RandomForest,2025-07-06 08:25:00,143.0,161.4945398492865,True
584,RandomForest,2025-07-06 08:30:00,143.0,154.92789542521706,True
584,RandomForest,2025-07-06 08:35:00,147.0,152.35259857387157,True
584,RandomForest,2025-07-06 08:40:00,149.0,147.87819967540096,True
584,RandomForest,2025-07-06 08:45:00,153.0,139.17809175736235,True
584,RandomForest,2025-07-06 08:50:00,148.0,139.24264699198397,True
584,RandomForest,2025-07-06 08:55:00,149.0,136.16208161634458,True
584,RandomForest,2025-07-06 09:00:00,154.0,141.2988685925894,True
584,RandomForest,2025-07-06 09:05:00,167.0,150.11042570364145,True
584,RandomForest,2025-07-06 09:10:00,169.0,151.53344670902027,True
584,RandomForest,2025-07-06 09:15:00,177.0,160.39207225203475,True
584,RandomForest,2025-07-06 09:20:00,182.0,139.35199709052134,True
584,RandomForest,2025-07-06 09:25:00,192.0,152.35293839592134,True
584,RandomForest,2025-07-06 09:30:00,202.0,163.38281817025484,True
584,RandomForest,2025-07-06 09:35:00,211.0,185.5097966798356,True
584,RandomForest,2025-07-06 09:40:00,212.0,182.66979376321083,True
584,RandomForest,2025-07-06 09:45:00,211.0,196.27968477050408,True
584,RandomForest,2025-07-06 09:50:00,215.0,190.02536192096522,True
584,RandomForest,2025-07-06 09:55:00,207.0,217.90793357947783,True
584,RandomForest,2025-07-06 10:00:00,196.0,226.55876996154018,True
584,RandomForest,2025-07-06 10:05:00,187.0,223.21553072776663,True
584,RandomForest,2025-07-06 10:10:00,183.0,202.96173693043133,True
584,RandomForest,2025-07-06 10:15:00,183.0,197.86542873350464,True
584,RandomForest,2025-07-06 10:20:00,173.0,220.10343986146944,True
584,RandomForest,2025-07-06 10:25:00,168.0,174.3853497714589,True
584,RandomForest,2025-07-06 10:30:00,168.0,167.77535966978445,True
584,RandomForest,2025-07-06 10:35:00,167.0,161.6805953133006,True
584,RandomForest,2025-07-06 10:40:00,168.0,163.7712720938256,True
584,RandomForest,2025-07-06 10:45:00,172.0,175.0777010046056,True
584,RandomForest,2025-07-06 10:50:00,173.0,149.28148422975678,True
584,RandomForest,2025-07-06 10:55:00,172.0,149.76515875819712,True
584,RandomForest,2025-07-06 11:00:00,170.0,160.2607927924645,True
584,RandomForest,2025-07-06 11:05:00,170.0,157.03639026977442,True
584,RandomForest,2025-07-06 11:10:00,175.0,161.29846522147736,True
584,RandomForest,2025-07-06 11:15:00,181.0,174.2479344893071,True
584,RandomForest,2025-07-06 11:20:00,182.0,169.3562717105523,True
584,RandomForest,2025-07-06 11:25:00,180.0,171.1453579844898,True
584,RandomForest,2025-07-06 11:30:00,178.0,172.9965100559287,True
584,RandomForest,2025-07-06 11:35:00,169.0,170.25021862658517,True
584,RandomForest,2025-07-06 11:40:00,152.0,189.19932171317743,True
584,RandomForest,2025-07-06 11:45:00,147.0,193.94338579866496,True
584,RandomForest,2025-07-06 11:50:00,148.0,177.11593458215577,True
584,RandomForest,2025-07-06 11:55:00,147.0,166.75856474127053,True
584,RandomForest,2025-07-06 12:00:00,141.0,162.5150899708307,True
584,RandomForest,2025-07-06 12:05:00,136.0,135.69439711260742,True
584,RandomForest,2025-07-06 12:10:00,132.0,119.52343597520365,True
584,RandomForest,2025-07-06 12:15:00,134.0,128.90187470616456,True
584,RandomForest,2025-07-06 12:20:00,132.0,154.47361257611306,True
584,RandomForest,2025-07-06 12:25:00,125.0,137.43567950756716,True
584,RandomForest,2025-07-06 12:30:00,121.0,123.93772223584509,True
584,RandomForest,2025-07-06 12:35:00,115.0,123.19533165397053,True
584,RandomForest,2025-07-06 12:40:00,110.0,120.59567394761967,True
584,RandomForest,2025-07-06 12:45:00,112.0,139.98281953493657,True
584,RandomForest,2025-07-06 12:50:00,115.0,124.62514894484113,True
584,RandomForest,2025-07-06 12:55:00,118.0,110.69676229997638,True
584,RandomForest,2025-07-06 13:00:00,115.0,109.63576877181053,True
584,RandomForest,2025-07-06 13:05:00,109.0,99.78374690955877,True
584,RandomForest,2025-07-06 13:10:00,102.0,97.02798469034313,True
584,RandomForest,2025-07-06 13:15:00,103.0,118.28097449762538,True
584,RandomForest,2025-07-06 13:20:00,109.0,125.60335532041185,True
584,RandomForest,2025-07-06 13:25:00,105.0,126.30335748545446,True
584,RandomForest,2025-07-06 13:30:00,99.0,110.49261519817841,True
584,RandomForest,2025-07-06 13:35:00,93.0,103.75127921418326,True
584,RandomForest,2025-07-06 13:40:00,95.0,90.65912912246996,True
584,RandomForest,2025-07-06 13:45:00,110.0,103.38326742884763,True
584,RandomForest,2025-07-06 13:50:00,126.0,122.91998412154577,True
584,RandomForest,2025-07-06 13:55:00,133.0,100.4300918712377,True
584,RandomForest,2025-07-06 14:00:00,132.0,94.64782040022914,True
584,RandomForest,2025-07-06 14:05:00,141.0,84.60367504503944,True
584,RandomForest,2025-07-06 14:10:00,154.0,102.02826309539125,True
584,RandomForest,2025-07-06 14:15:00,165.0,130.02825308730897,True
584,RandomForest,2025-07-06 14:20:00,163.0,155.39301106687435,True
584,RandomForest,2025-07-06 14:25:00,158.0,153.52504372017188,True
584,RandomForest,2025-07-06 14:30:00,155.0,127.62465783858171,True
584,RandomForest,2025-07-06 14:35:00,160.0,170.65106457939794,True
584,RandomForest,2025-07-06 14:40:00,164.0,178.9025038257784,True
584,RandomForest,2025-07-06 14:45:00,167.0,187.2039574559667,True
584,RandomForest,2025-07-06 14:50:00,174.0,159.3758308574308,True
584,RandomForest,2025-07-06 14:55:00,179.0,146.49769121866524,True
584,RandomForest,2025-07-06 15:00:00,178.0,142.43039993274334,True
584,RandomForest,2025-07-06 15:05:00,176.0,167.71671943441007,True
584,RandomForest,2025-07-06 15:10:00,174.0,172.1626541387006,True
584,RandomForest,2025-07-06 15:15:00,183.0,170.2991741492628,True
584,RandomForest,2025-07-06 15:20:00,182.0,198.73094631565505,True
584,RandomForest,2025-07-06 15:25:00,179.0,193.122229851892,True
584,RandomForest,2025-07-06 15:30:00,178.0,165.12110211573435,True
584,RandomForest,2025-07-06 15:35:00,190.0,166.4867372008117,True
584,RandomForest,2025-07-06 15:40:00,196.0,167.29716127817235,True
584,RandomForest,2025-07-06 15:45:00,193.0,193.9806462263594,True
584,RandomForest,2025-07-06 15:50:00,198.0,182.09097266874855,True
584,RandomForest,2025-07-06 15:55:00,198.0,168.08044175747307,True
584,RandomForest,2025-07-06 16:00:00,201.0,171.3915085503711,True
584,RandomForest,2025-07-06 16:05:00,200.0,199.2173510722541,True
584,RandomForest,2025-07-06 16:10:00,187.0,200.1222386664015,True
584,RandomForest,2025-07-06 16:15:00,184.0,190.51601364241907,True
584,RandomForest,2025-07-06 16:20:00,186.0,212.3730998857054,True
584,RandomForest,2025-07-06 16:25:00,186.0,198.8068221424724,True
584,RandomForest,2025-07-06 16:30:00,182.0,206.48161175547236,True
584,RandomForest,2025-07-06 16:35:00,177.0,197.0530581448919,True
584,RandomForest,2025-07-06 16:40:00,189.0,183.3588181161045,True
584,RandomForest,2025-07-06 16:45:00,194.0,186.00616493072152,True
584,RandomForest,2025-07-06 16:50:00,176.0,191.6419407620238,True
584,RandomForest,2025-07-06 16:55:00,174.0,187.22223702399643,True
584,RandomForest,2025-07-06 17:00:00,166.0,179.87752035102355,True
584,RandomForest,2025-07-06 17:05:00,159.0,167.3023864239117,True
584,RandomForest,2025-07-06 17:10:00,150.0,191.93862365894583,True
584,RandomForest,2025-07-06 17:15:00,162.0,200.7068260076182,True
584,RandomForest,2025-07-06 17:20:00,171.0,168.17504264927456,True
584,RandomForest,2025-07-06 17:25:00,164.0,173.51101948407518,True
584,RandomForest,2025-07-06 17:30:00,158.0,144.0571418040214,True
584,RandomForest,2025-07-06 17:35:00,154.0,129.5569336204327,True
584,RandomForest,2025-07-06 17:40:00,151.0,116.9629460421145,True
584,RandomForest,2025-07-06 17:45:00,162.0,165.46396016131345,True
584,RandomForest,2025-07-06 17:50:00,177.0,178.93454875720246,True
584,RandomForest,2025-07-06 17:55:00,184.0,144.447715569938,True
584,RandomForest,2025-07-06 18:00:00,185.0,142.067609171963,True
584,RandomForest,2025-07-06 18:05:00,190.0,136.29787830328513,True
584,RandomForest,2025-07-06 18:10:00,194.0,134.91622954101672,True
584,RandomForest,2025-07-06 18:15:00,200.0,172.650205902844,True
584,RandomForest,2025-07-06 18:20:00,216.0,176.61867228743486,True
584,RandomForest,2025-07-06 18:25:00,216.0,180.89509441408111,True
584,RandomForest,2025-07-06 18:30:00,213.0,188.40678515441826,True
584,RandomForest,2025-07-06 18:35:00,201.0,203.17586146553631,True
584,RandomForest,2025-07-06 18:40:00,189.0,204.66148223101663,True
584,RandomForest,2025-07-06 18:45:00,187.0,213.85082078983524,True
584,RandomForest,2025-07-06 18:50:00,181.0,239.7445129675194,True
584,RandomForest,2025-07-06 18:55:00,176.0,211.5928922053467,True
584,RandomForest,2025-07-06 19:00:00,188.0,211.27878700637953,True
584,RandomForest,2025-07-06 19:05:00,207.0,193.28566835030145,True
584,RandomForest,2025-07-06 19:10:00,215.0,173.65773670929775,True
584,RandomForest,2025-07-06 19:15:00,206.0,188.71074191537267,True
584,RandomForest,2025-07-06 19:20:00,201.0,162.75700796323272,True
584,RandomForest,2025-07-06 19:25:00,193.0,158.0670537578253,True
584,RandomForest,2025-07-06 19:30:00,181.0,183.35278831248468,True
584,RandomForest,2025-07-06 19:35:00,180.0,221.40188375803965,True
584,RandomForest,2025-07-06 19:40:00,178.0,219.28789479839284,True
584,RandomForest,2025-07-06 19:45:00,179.0,197.70155094225774,True
584,RandomForest,2025-07-06 19:50:00,177.0,201.68516112380496,True
584,RandomForest,2025-07-06 19:55:00,174.0,187.6891492107295,True
584,RandomForest,2025-07-06 20:00:00,170.0,157.39384706501286,True
584,RandomForest,2025-07-06 20:05:00,172.0,179.21979106116396,True
584,RandomForest,2025-07-06 20:10:00,172.0,175.4877395803984,True
584,RandomForest,2025-07-06 20:15:00,174.0,177.78038324337354,True
584,RandomForest,2025-07-06 20:20:00,182.0,168.8421806820905,True
584,RandomForest,2025-07-06 20:25:00,188.0,165.85537136229001,True
584,RandomForest,2025-07-06 20:30:00,193.0,167.28380781774908,True
584,RandomForest,2025-07-06 20:35:00,196.0,173.18603498026852,True
584,RandomForest,2025-07-06 20:40:00,198.0,169.0675604578845,True
584,RandomForest,2025-07-06 20:45:00,189.0,171.65087810699723,True
584,RandomForest,2025-07-06 20:50:00,180.0,191.40357643704564,True
584,RandomForest,2025-07-06 20:55:00,184.0,197.14716355982685,True
584,RandomForest,2025-07-06 21:00:00,188.0,203.82200237141123,True
584,RandomForest,2025-07-06 21:05:00,191.0,206.08045484883942,True
584,RandomForest,2025-07-06 21:10:00,193.0,205.37261127300516,True
584,RandomForest,2025-07-06 21:15:00,195.0,190.98729546119458,True
584,RandomForest,2025-07-06 21:20:00,195.0,178.35393334848578,True
584,RandomForest,2025-07-06 21:25:00,195.0,191.80121134632694,True
584,RandomForest,2025-07-06 21:30:00,195.0,195.2990823186105,True
584,RandomForest,2025-07-06 21:35:00,194.0,197.78553335192134,True
584,RandomForest,2025-07-06 21:40:00,196.0,194.18132499174794,True
584,RandomForest,2025-07-06 21:45:00,204.0,201.89412890552506,True
584,RandomForest,2025-07-06 21:50:00,207.0,198.65534325705968,True
584,RandomForest,2025-07-06 21:55:00,213.0,196.70259580372812,True
584,RandomForest,2025-07-06 22:00:00,216.0,194.99059038469557,True
584,RandomForest,2025-07-06 22:05:00,215.0,194.78068018846767,True
584,RandomForest,2025-07-06 22:10:00,212.0,203.13964897342922,True
584,RandomForest,2025-07-06 22:15:00,208.0,210.40631243742303,True
584,RandomForest,2025-07-06 22:20:00,205.0,213.9333070643076,True
584,RandomForest,2025-07-06 22:25:00,200.0,226.94585005140954,True
584,RandomForest,2025-07-06 22:30:00,194.0,218.20646350164506,True
584,RandomForest,2025-07-06 22:35:00,189.0,210.58144761578518,True
584,RandomForest,2025-07-06 22:40:00,183.0,195.63648614937574,True
584,RandomForest,2025-07-06 22:45:00,177.0,181.22558968218115,True
584,RandomForest,2025-07-06 22:50:00,172.0,179.34752479885384,True
584,RandomForest,2025-07-06 22:55:00,168.0,171.80271497704314,True
584,RandomForest,2025-07-06 23:00:00,165.0,167.50534456788705,True
584,RandomForest,2025-07-06 23:05:00,161.0,166.94575817291533,True
584,RandomForest,2025-07-06 23:10:00,157.0,156.5016616630031,True
584,RandomForest,2025-07-06 23:15:00,154.0,152.2022996492806,True
584,RandomForest,2025-07-06 23:20:00,150.0,151.70997567203185,True
584,RandomForest,2025-07-06 23:25:00,145.0,149.59248110057672,True
584,RandomForest,2025-07-06 23:30:00,144.0,147.7527326257651,True
584,RandomForest,2025-07-06 23:35:00,143.0,145.53985445972933,True
584,RandomForest,2025-07-06 23:40:00,143.0,142.89932849152254,True
584,RandomForest,2025-07-06 23:45:00,142.0,136.90853614996675,True
584,RandomForest,2025-07-06 23:50:00,141.0,133.1086561566204,True
584,RandomForest,2025-07-06 23:55:00,139.0,126.24615645337184,True
584,RandomForest,2025-07-07 00:00:00,137.0,131.5225602383295,True
584,RandomForest,2025-07-07 00:05:00,135.0,130.6691791014623,True
584,RandomForest,2025-07-07 00:10:00,132.0,136.45301325573777,True
584,RandomForest,2025-07-07 00:15:00,132.0,133.50415461158093,True
584,RandomForest,2025-07-07 00:20:00,133.0,135.89885625588147,True
584,RandomForest,2025-07-07 00:25:00,132.0,130.65284545669542,True
584,RandomForest,2025-07-07 00:30:00,131.0,130.2532365455077,True
584,RandomForest,2025-07-07 00:35:00,130.0,128.07516631782636,True
584,RandomForest,2025-07-07 00:40:00,129.0,122.05765132593055,True
584,RandomForest,2025-07-07 00:45:00,129.0,127.95625832127378,True
584,RandomForest,2025-07-07 00:50:00,130.0,131.90775285643153,True
584,RandomForest,2025-07-07 00:55:00,131.0,127.62341126536066,True
584,RandomForest,2025-07-07 01:00:00,131.0,127.1020639371859,True
584,RandomForest,2025-07-07 01:05:00,130.0,125.78083902103424,True
584,RandomForest,2025-07-07 01:10:00,127.0,125.4307297113251,True
584,RandomForest,2025-07-07 01:15:00,124.0,129.90983384172728,True
584,RandomForest,2025-07-07 01:20:00,125.0,130.87159167767112,True
584,RandomForest,2025-07-07 01:25:00,127.0,131.57601628700107,True
584,RandomForest,2025-07-07 01:30:00,128.0,130.5690740704913,True
584,RandomForest,2025-07-07 01:35:00,129.0,127.44723829856653,True
584,RandomForest,2025-07-07 01:40:00,120.0,123.58285767589108,True
584,RandomForest,2025-07-07 01:45:00,109.0,117.47788538342841,True
584,RandomForest,2025-07-07 01:50:00,109.0,126.0997051620833,True
584,RandomForest,2025-07-07 01:55:00,112.0,134.54988831303382,True
584,RandomForest,2025-07-07 02:00:00,113.0,131.50069030251404,True
584,RandomForest,2025-07-07 02:05:00,113.0,133.09560499399942,True
584,RandomForest,2025-07-07 02:10:00,112.0,113.67432629636097,True
584,RandomForest,2025-07-07 02:15:00,110.0,104.14912818446332,True
584,RandomForest,2025-07-07 02:20:00,108.0,111.3696460288909,True
584,RandomForest,2025-07-07 02:25:00,106.0,120.03391748058819,True
584,RandomForest,2025-07-07 02:30:00,104.0,115.44893149535211,True
584,RandomForest,2025-07-07 02:35:00,101.0,116.29296439111722,True
584,RandomForest,2025-07-07 02:40:00,101.0,110.01211066389459,True
584,RandomForest,2025-07-07 02:45:00,102.0,106.86004135799732,True
584,RandomForest,2025-07-07 02:50:00,103.0,103.70661123523331,True
584,RandomForest,2025-07-07 02:55:00,104.0,102.5413585460093,True
584,RandomForest,2025-07-07 03:00:00,98.0,99.97156185034322,True
584,RandomForest,2025-07-07 03:05:00,89.0,97.03762328824133,True
584,RandomForest,2025-07-07 03:10:00,91.0,100.99835923667098,True
584,RandomForest,2025-07-07 03:15:00,92.0,104.31477462933651,True
584,RandomForest,2025-07-07 03:20:00,92.0,106.49814553583197,True
584,RandomForest,2025-07-07 03:25:00,91.0,108.84719439501299,True
584,RandomForest,2025-07-07 03:30:00,89.0,95.18427527317692,True
584,RandomForest,2025-07-07 03:35:00,87.0,85.99125632682576,True
584,RandomForest,2025-07-07 03:40:00,86.0,95.06785356904811,True
584,RandomForest,2025-07-07 03:45:00,86.0,95.36266378454327,True
584,RandomForest,2025-07-07 03:50:00,85.0,93.20907468664828,True
584,RandomForest,2025-07-07 03:55:00,83.0,92.89363908045192,True
584,RandomForest,2025-07-07 04:00:00,81.0,90.67065224282862,True
584,RandomForest,2025-07-07 04:05:00,79.0,85.05067271677291,True
584,RandomForest,2025-07-07 04:10:00,79.0,84.07453874188681,True
584,RandomForest,2025-07-07 04:15:00,78.0,87.86683058729167,True
584,RandomForest,2025-07-07 04:20:00,76.0,84.4659926403504,True
584,RandomForest,2025-07-07 04:25:00,76.0,81.86949121105897,True
584,RandomForest,2025-07-07 04:30:00,75.0,77.50759337229601,True
584,RandomForest,2025-07-07 04:35:00,75.0,76.84472528293126,True
584,RandomForest,2025-07-07 04:40:00,75.0,79.87665995366018,True
584,RandomForest,2025-07-07 04:45:00,75.0,77.49130116573536,True
584,RandomForest,2025-07-07 04:50:00,75.0,75.78842633881288,True
584,RandomForest,2025-07-07 04:55:00,75.0,76.30433955396722,True
584,RandomForest,2025-07-07 05:00:00,75.0,74.41177865153666,True
584,RandomForest,2025-07-07 05:20:00,73.0,76.09582133738323,True
584,RandomForest,2025-07-07 05:25:00,75.0,75.99210653303467,True
584,RandomForest,2025-07-07 05:30:00,76.0,75.85287412136033,True
584,RandomForest,2025-07-07 05:35:00,77.0,109.45418087468084,False
584,RandomForest,2025-07-07 05:40:00,74.0,107.847823010323,False
584,RandomForest,2025-07-07 05:45:00,72.0,108.64234826284824,False
584,RandomForest,2025-07-07 05:50:00,66.0,78.54640029859068,True
584,RandomForest,2025-07-07 05:55:00,70.0,83.84181393912291,True
584,RandomForest,2025-07-07 06:00:00,83.0,80.89252727530992,True
584,RandomForest,2025-07-07 06:05:00,95.0,84.59528681382498,True
584,RandomForest,2025-07-07 06:10:00,108.0,79.33216647151235,True
584,RandomForest,2025-07-07 06:15:00,113.0,79.93147173823151,True
584,RandomForest,2025-07-07 06:20:00,112.0,77.23839665068442,True
584,RandomForest,2025-07-07 06:25:00,107.0,93.86027762156418,True
584,RandomForest,2025-07-07 06:30:00,118.0,122.34373418520478,True
584,RandomForest,2025-07-07 06:35:00,126.0,127.84561110796379,True
584,RandomForest,2025-07-07 06:40:00,130.0,149.82186666429448,True
584,RandomForest,2025-07-07 06:45:00,133.0,132.01706056102165,True
584,RandomForest,2025-07-07 06:50:00,134.0,118.9793469903883,True
584,RandomForest,2025-07-07 06:55:00,137.0,106.487562111307,True
584,RandomForest,2025-07-07 07:00:00,139.0,135.79631715411028,True
584,RandomForest,2025-07-07 07:05:00,134.0,139.9945711976433,True
584,RandomForest,2025-07-07 07:10:00,135.0,144.24286733898765,True
584,RandomForest,2025-07-07 07:15:00,141.0,146.73312176539557,True
584,RandomForest,2025-07-07 07:20:00,141.0,141.9721975205556,True
584,RandomForest,2025-07-07 07:25:00,138.0,155.7292502762128,True
584,RandomForest,2025-07-07 07:30:00,143.0,152.29972816527834,True
584,RandomForest,2025-07-07 07:35:00,134.0,130.4431644222028,True
584,RandomForest,2025-07-07 07:40:00,109.0,145.08058927348807,True
584,RandomForest,2025-07-07 07:45:00,96.0,148.47918777706735,True
584,RandomForest,2025-07-07 07:50:00,109.0,144.13378374764997,True
584,RandomForest,2025-07-07 07:55:00,124.0,143.72184751856756,True
584,RandomForest,2025-07-07 08:00:00,133.0,154.42307897770178,True
584,RandomForest,2025-07-07 08:05:00,135.0,131.11617266988097,True
584,RandomForest,2025-07-07 08:10:00,134.0,115.0102703784902,True
584,RandomForest,2025-07-07 08:15:00,137.0,95.76318830836618,True
584,RandomForest,2025-07-07 08:20:00,133.0,135.12688203463208,True
584,RandomForest,2025-07-07 08:25:00,146.0,165.01277189237962,True
584,RandomForest,2025-07-07 08:30:00,144.0,165.04725417861482,True
584,RandomForest,2025-07-07 08:35:00,128.0,160.95312284814202,True
584,RandomForest,2025-07-07 08:40:00,123.0,151.66372266374503,True
584,RandomForest,2025-07-07 08:45:00,126.0,161.30801299538842,True
584,RandomForest,2025-07-07 08:50:00,124.0,142.77424864548453,True
584,RandomForest,2025-07-07 08:55:00,110.0,172.66529167450906,True
584,RandomForest,2025-07-07 09:00:00,107.0,146.2922135564921,True
584,RandomForest,2025-07-07 09:05:00,102.0,120.20330665532855,True
584,RandomForest,2025-07-07 09:10:00,107.0,116.39152197511834,True
584,RandomForest,2025-07-07 09:15:00,112.0,152.02615079365077,True
584,RandomForest,2025-07-07 09:20:00,105.0,117.93217366672351,True
584,RandomForest,2025-07-07 09:25:00,102.0,103.87710542888755,True
584,RandomForest,2025-07-07 09:30:00,103.0,109.31569258638324,True
584,RandomForest,2025-07-07 09:35:00,103.0,91.59871427713232,True
584,RandomForest,2025-07-07 09:40:00,98.0,124.53071224286292,True
584,RandomForest,2025-07-07 09:45:00,89.0,127.59863348279629,True
584,RandomForest,2025-07-07 09:50:00,86.0,98.32470041289595,True
584,RandomForest,2025-07-07 09:55:00,81.0,102.25600450767875,True
584,RandomForest,2025-07-07 10:00:00,79.0,108.69496387624532,True
584,RandomForest,2025-07-07 10:05:00,78.0,107.14351954519749,True
584,RandomForest,2025-07-07 10:10:00,75.0,94.15624291530521,True
584,RandomForest,2025-07-07 10:15:00,67.0,85.13543533309013,True
584,RandomForest,2025-07-07 10:20:00,62.0,85.53720429006614,True
584,RandomForest,2025-07-07 10:25:00,66.0,73.19530732371135,True
584,RandomForest,2025-07-07 10:30:00,72.0,79.3185811228106,True
584,RandomForest,2025-07-07 10:35:00,82.0,76.47374883783937,True
584,RandomForest,2025-07-07 10:40:00,88.0,76.8241537111127,True
584,RandomForest,2025-07-07 10:45:00,80.0,71.40147743620295,True
584,RandomForest,2025-07-07 10:50:00,69.0,72.85407470748653,True
584,RandomForest,2025-07-07 10:55:00,73.0,97.4388623228759,True
584,RandomForest,2025-07-07 11:00:00,80.0,104.6370248939078,True
584,RandomForest,2025-07-07 11:05:00,77.0,123.49254842021337,True
584,RandomForest,2025-07-07 11:10:00,82.0,115.49897589562333,True
584,RandomForest,2025-07-07 11:15:00,86.0,79.8636163692929,True
584,RandomForest,2025-07-07 11:20:00,93.0,73.08291711489635,True
584,RandomForest,2025-07-07 11:25:00,96.0,96.10627464352143,True
584,RandomForest,2025-07-07 11:30:00,95.0,105.26955609448109,True
584,RandomForest,2025-07-07 11:35:00,94.0,77.41220014329733,True
584,RandomForest,2025-07-07 11:40:00,94.0,105.96983585287444,True
584,RandomForest,2025-07-07 11:45:00,89.0,106.7271960325723,True
584,RandomForest,2025-07-07 11:50:00,86.0,120.58759722264544,True
584,RandomForest,2025-07-07 11:55:00,80.0,105.97259729483278,True
584,RandomForest,2025-07-07 12:00:00,79.0,97.93410931964277,True
584,RandomForest,2025-07-07 12:05:00,81.0,99.1705887659109,True
584,RandomForest,2025-07-07 12:10:00,82.0,102.54637649496557,True
584,RandomForest,2025-07-07 12:15:00,80.0,89.32843270085237,True
584,RandomForest,2025-07-07 12:20:00,71.0,88.0104698368766,True
584,RandomForest,2025-07-07 12:25:00,67.0,82.06651533347559,True
584,RandomForest,2025-07-07 12:30:00,63.0,84.2521625580483,True
584,RandomForest,2025-07-07 12:35:00,68.0,93.55427974451418,True
584,RandomForest,2025-07-07 12:40:00,69.0,94.28574719005933,True
584,RandomForest,2025-07-07 12:45:00,75.0,82.06671941999602,True
584,RandomForest,2025-07-07 12:50:00,80.0,82.00882216192696,True
584,RandomForest,2025-07-07 12:55:00,79.0,81.14905386363185,True
584,RandomForest,2025-07-07 13:00:00,80.0,77.25762249978246,True
584,RandomForest,2025-07-07 13:05:00,80.0,106.99614382050736,True
584,RandomForest,2025-07-07 13:10:00,83.0,89.70569153451832,True
584,RandomForest,2025-07-07 13:15:00,97.0,107.59417295911383,True
584,RandomForest,2025-07-07 13:20:00,108.0,118.58256942897313,True
584,RandomForest,2025-07-07 13:25:00,110.0,85.37976179718345,True
584,RandomForest,2025-07-07 13:30:00,106.0,89.97242671178451,True
584,RandomForest,2025-07-07 13:35:00,103.0,87.6776686758702,True
584,RandomForest,2025-07-07 13:40:00,101.0,106.9202520915493,True
584,RandomForest,2025-07-07 13:45:00,101.0,147.02942790706027,True
584,RandomForest,2025-07-07 13:50:00,94.0,153.91255581026198,True
584,RandomForest,2025-07-07 13:55:00,92.0,126.83172390401305,True
584,RandomForest,2025-07-07 14:00:00,88.0,106.50720428782485,True
584,RandomForest,2025-07-07 14:05:00,91.0,107.40924139995865,True
584,RandomForest,2025-07-07 14:10:00,97.0,104.82558094251097,True
584,RandomForest,2025-07-07 14:15:00,98.0,111.42641690477161,True
584,RandomForest,2025-07-07 14:20:00,89.0,104.63128797145956,True
584,RandomForest,2025-07-07 14:25:00,90.0,98.40051825798459,True
584,RandomForest,2025-07-07 14:30:00,95.0,89.65198251022461,True
584,RandomForest,2025-07-07 14:35:00,93.0,100.23693817810415,True
584,RandomForest,2025-07-07 14:40:00,93.0,116.23586565015266,True
584,RandomForest,2025-07-07 14:45:00,92.0,107.82548548266327,True
584,RandomForest,2025-07-07 14:50:00,85.0,94.9303096523621,True
584,RandomForest,2025-07-07 14:55:00,85.0,102.8721010056245,True
584,RandomForest,2025-07-07 15:00:00,94.0,114.03405542718151,True
584,RandomForest,2025-07-07 15:05:00,103.0,96.5752709964127,True
584,RandomForest,2025-07-07 15:10:00,113.0,100.62972985405719,True
584,RandomForest,2025-07-07 15:15:00,121.0,96.3298015755752,True
584,RandomForest,2025-07-07 15:20:00,114.0,84.61212678194401,True
584,RandomForest,2025-07-07 15:25:00,110.0,95.11590988808288,True
584,RandomForest,2025-07-07 15:30:00,103.0,123.77550798144817,True
584,RandomForest,2025-07-07 15:35:00,98.0,134.2593533843223,True
584,RandomForest,2025-07-07 15:40:00,104.0,145.7993826617952,True
584,RandomForest,2025-07-07 15:45:00,111.0,154.38183108488886,True
584,RandomForest,2025-07-07 15:50:00,114.0,124.93128122833353,True
584,RandomForest,2025-07-07 15:55:00,109.0,113.74768401501771,True
584,RandomForest,2025-07-07 16:00:00,105.0,108.20095902658021,True
584,RandomForest,2025-07-07 16:05:00,110.0,104.19035477600049,True
584,RandomForest,2025-07-07 16:10:00,118.0,122.2476947446421,True
584,RandomForest,2025-07-07 16:15:00,120.0,143.9611857825978,True
584,RandomForest,2025-07-07 16:20:00,123.0,126.76623435079365,True
584,RandomForest,2025-07-07 16:25:00,117.0,110.21107875345635,True
584,RandomForest,2025-07-07 16:30:00,98.0,104.81450489095523,True
584,RandomForest,2025-07-07 16:35:00,87.0,127.40010812547162,True
584,RandomForest,2025-07-07 16:40:00,84.0,138.34808659197714,True
584,RandomForest,2025-07-07 16:45:00,84.0,124.31728179142262,True
584,RandomForest,2025-07-07 16:50:00,82.0,132.6120812678684,True
584,RandomForest,2025-07-07 16:55:00,87.0,117.60374890612829,True
584,RandomForest,2025-07-07 17:00:00,95.0,105.36344407552025,True
584,RandomForest,2025-07-07 17:05:00,104.0,89.62040449399336,True
584,RandomForest,2025-07-07 17:10:00,104.0,90.21835406719556,True
584,RandomForest,2025-07-07 17:15:00,104.0,96.38407334294223,True
584,RandomForest,2025-07-07 17:20:00,104.0,88.34115546305019,True
584,RandomForest,2025-07-07 17:25:00,104.0,107.3803555185317,True
584,RandomForest,2025-07-07 17:30:00,217.0,118.06636339232085,True
584,RandomForest,2025-07-07 17:35:00,231.0,122.05889371244783,True
584,RandomForest,2025-07-07 17:40:00,236.0,133.1633592029154,True
584,RandomForest,2025-07-07 17:45:00,235.0,132.35808136458994,True
584,RandomForest,2025-07-07 17:50:00,234.0,130.44543731081168,True
584,RandomForest,2025-07-07 17:55:00,246.0,129.92136563587417,True
584,RandomForest,2025-07-07 18:00:00,257.0,238.6811812909313,True
584,RandomForest,2025-07-07 18:05:00,263.0,257.3949088984152,True
584,RandomForest,2025-07-07 18:10:00,256.0,242.82148846512962,True
584,RandomForest,2025-07-07 18:15:00,246.0,227.66458075258072,True
584,RandomForest,2025-07-07 18:20:00,237.0,227.10227167277168,True
584,RandomForest,2025-07-07 18:25:00,229.0,271.1767331239173,True
584,RandomForest,2025-07-07 18:30:00,221.0,281.73559595959597,True
584,RandomForest,2025-07-07 18:35:00,220.0,275.065901831326,True
584,RandomForest,2025-07-07 18:40:00,223.0,225.5420673763664,True
584,RandomForest,2025-07-07 18:45:00,225.0,201.5285085824389,True
584,RandomForest,2025-07-07 18:50:00,213.0,197.5362685518445,True
584,RandomForest,2025-07-07 18:55:00,201.0,196.52509357102943,True
584,RandomForest,2025-07-07 19:00:00,194.0,185.90506414959418,True
584,RandomForest,2025-07-07 19:05:00,189.0,204.64387199108597,True
584,RandomForest,2025-07-07 19:10:00,183.0,205.1862208600812,True
584,RandomForest,2025-07-07 19:15:00,174.0,214.32662124004997,True
584,RandomForest,2025-07-07 19:20:00,164.0,176.97342528956986,True
584,RandomForest,2025-07-07 19:25:00,164.0,173.82889310816816,True
584,RandomForest,2025-07-07 19:30:00,175.0,172.10748669896054,True
584,RandomForest,2025-07-07 19:35:00,200.0,167.42023269199214,True
584,RandomForest,2025-07-07 19:40:00,207.0,155.1323746929347,True
584,RandomForest,2025-07-07 19:45:00,210.0,147.14202789971247,True
584,RandomForest,2025-07-07 19:50:00,214.0,129.5369472189224,True
584,RandomForest,2025-07-07 19:55:00,193.0,154.46893199437875,True
584,RandomForest,2025-07-07 20:00:00,171.0,177.9709623259028,True
584,RandomForest,2025-07-07 20:05:00,177.0,196.62981437182822,True
584,RandomForest,2025-07-07 20:10:00,197.0,209.00367388583513,True
584,RandomForest,2025-07-07 20:15:00,239.0,204.5201095402908,True
584,RandomForest,2025-07-07 20:20:00,271.0,210.74713903743404,True
584,RandomForest,2025-07-07 20:25:00,294.0,181.57120994164725,True
584,RandomForest,2025-07-07 20:30:00,303.0,143.48420395024618,True
584,RandomForest,2025-07-07 20:35:00,312.0,185.60842369950478,True
584,RandomForest,2025-07-07 20:40:00,319.0,209.36916630726645,True
584,RandomForest,2025-07-07 20:45:00,322.0,228.4686371406371,True
584,RandomForest,2025-07-07 20:50:00,325.0,264.918645021645,True
584,RandomForest,2025-07-07 20:55:00,330.0,289.48480663780674,True
584,RandomForest,2025-07-07 21:00:00,327.0,304.6360555555556,True
584,RandomForest,2025-07-07 21:05:00,311.0,311.62159074259074,True
584,RandomForest,2025-07-07 21:10:00,305.0,309.98099361749354,True
584,RandomForest,2025-07-07 21:15:00,318.0,298.9935047616918,True
584,RandomForest,2025-07-07 21:20:00,327.0,304.892352200355,True
584,RandomForest,2025-07-07 21:25:00,331.0,307.04901723140244,True
584,RandomForest,2025-07-07 21:30:00,332.0,291.84660866910866,True
584,RandomForest,2025-07-07 21:35:00,327.0,275.53577040062373,True
584,RandomForest,2025-07-07 21:40:00,321.0,264.2887742449121,True
584,RandomForest,2025-07-07 21:45:00,314.0,306.9989215451215,True
584,RandomForest,2025-07-07 21:50:00,305.0,315.8372969807969,True
584,RandomForest,2025-07-07 21:55:00,293.0,317.42944785477675,True
584,RandomForest,2025-07-07 22:00:00,280.0,301.42301869183444,True
584,RandomForest,2025-07-07 22:05:00,256.0,289.7238245665712,True
584,RandomForest,2025-07-07 22:10:00,242.0,279.11612213580975,True
584,RandomForest,2025-07-07 22:15:00,231.0,272.93321682182545,True
584,RandomForest,2025-07-07 22:20:00,221.0,264.6734644133644,True
584,RandomForest,2025-07-07 22:25:00,210.0,257.57454078863196,True
584,RandomForest,2025-07-07 22:30:00,199.0,237.33227296255453,True
584,RandomForest,2025-07-07 22:35:00,187.0,207.13716033966037,True
584,RandomForest,2025-07-07 22:40:00,180.0,188.19807881007875,True
584,RandomForest,2025-07-07 22:45:00,173.0,174.76242992133317,True
584,RandomForest,2025-07-07 22:50:00,167.0,166.5909108279427,True
584,RandomForest,2025-07-07 22:55:00,161.0,149.22925105885105,True
584,RandomForest,2025-07-07 23:00:00,157.0,150.30535913247672,True
584,RandomForest,2025-07-07 23:05:00,147.0,146.14422410511895,True
584,RandomForest,2025-07-07 23:10:00,146.0,148.9331266299621,True
584,RandomForest,2025-07-07 23:15:00,152.0,141.70874739689145,True
584,RandomForest,2025-07-07 23:20:00,152.0,138.25052457262578,True
584,RandomForest,2025-07-07 23:25:00,153.0,135.93361010791494,True
584,RandomForest,2025-07-07 23:30:00,154.0,139.86745667707285,True
584,RandomForest,2025-07-07 23:35:00,142.0,121.92963152636034,True
584,RandomForest,2025-07-07 23:40:00,140.0,135.8391927235695,True
584,RandomForest,2025-07-07 23:45:00,143.0,157.30015341186737,True
584,RandomForest,2025-07-07 23:50:00,152.0,145.70608860587524,True
584,RandomForest,2025-07-07 23:55:00,161.0,146.89486945985547,True
584,RandomForest,2025-07-08 00:00:00,163.0,150.02206344015644,True
584,RandomForest,2025-07-08 00:05:00,164.0,128.0283035972848,True
584,RandomForest,2025-07-08 00:10:00,165.0,131.7660099142933,True
584,RandomForest,2025-07-08 00:15:00,164.0,149.17762535550528,True
584,RandomForest,2025-07-08 00:20:00,161.0,163.2818701505876,True
584,RandomForest,2025-07-08 00:25:00,159.0,178.86034863832762,True
584,RandomForest,2025-07-08 00:30:00,139.0,166.96158519305465,True
584,RandomForest,2025-07-08 00:35:00,134.0,165.17499837451044,True
584,RandomForest,2025-07-08 00:40:00,138.0,167.983248087147,True
584,RandomForest,2025-07-08 00:45:00,147.0,157.94791753532382,True
584,RandomForest,2025-07-08 00:50:00,153.0,151.83540360894528,True
584,RandomForest,2025-07-08 00:55:00,152.0,153.33925991056933,True
584,RandomForest,2025-07-08 01:00:00,160.0,124.03911932745255,True
584,RandomForest,2025-07-08 01:05:00,173.0,128.62440944522984,True
584,RandomForest,2025-07-08 01:10:00,176.0,144.76679454054644,True
584,RandomForest,2025-07-08 01:15:00,175.0,153.10570250125755,True
584,RandomForest,2025-07-08 01:20:00,176.0,159.18138854345622,True
584,RandomForest,2025-07-08 01:25:00,173.0,142.65723106713907,True
584,RandomForest,2025-07-08 01:30:00,167.0,176.44739841430376,True
584,RandomForest,2025-07-08 01:35:00,159.0,188.16498879602412,True
584,RandomForest,2025-07-08 01:40:00,156.0,184.78180167777091,True
584,RandomForest,2025-07-08 01:45:00,167.0,166.14177658101983,True
584,RandomForest,2025-07-08 01:50:00,170.0,168.98895570682,True
584,RandomForest,2025-07-08 01:55:00,174.0,171.22454972501623,True
584,RandomForest,2025-07-08 02:00:00,149.0,163.04828041767578,True
584,RandomForest,2025-07-08 02:05:00,149.0,157.59243349208947,True
584,RandomForest,2025-07-08 02:10:00,156.0,157.64442789155652,True
584,RandomForest,2025-07-08 02:15:00,161.0,171.28435522247065,True
584,RandomForest,2025-07-08 02:20:00,166.0,173.95165485106455,True
584,RandomForest,2025-07-08 02:25:00,167.0,184.82373197057075,True
584,RandomForest,2025-07-08 02:30:00,169.0,154.64099042459063,True
584,RandomForest,2025-07-08 02:35:00,175.0,153.20466235482166,True
584,RandomForest,2025-07-08 02:40:00,176.0,167.11259096812503,True
584,RandomForest,2025-07-08 02:45:00,176.0,166.32454997396508,True
584,RandomForest,2025-07-08 02:50:00,175.0,175.39441142667445,True
584,RandomForest,2025-07-08 02:55:00,180.0,168.91470577900614,True
584,RandomForest,2025-07-08 03:00:00,184.0,174.40847979458766,True
584,RandomForest,2025-07-08 03:05:00,187.0,189.0513709997407,True
584,RandomForest,2025-07-08 03:10:00,187.0,177.28944291664953,True
584,RandomForest,2025-07-08 03:15:00,185.0,177.50901184242161,True
584,RandomForest,2025-07-08 03:20:00,180.0,172.0386728735706,True
584,RandomForest,2025-07-08 03:25:00,176.0,193.2108963240059,True
584,RandomForest,2025-07-08 03:30:00,168.0,196.94817663560457,True
584,RandomForest,2025-07-08 03:35:00,162.0,197.49022216318727,True
584,RandomForest,2025-07-08 03:40:00,162.0,190.39381490167432,True
584,RandomForest,2025-07-08 03:45:00,155.0,182.03892467875295,True
584,RandomForest,2025-07-08 03:50:00,163.0,174.94130558675184,True
584,RandomForest,2025-07-08 03:55:00,164.0,172.260278374544,True
584,RandomForest,2025-07-08 04:00:00,156.0,160.82835680540325,True
584,RandomForest,2025-07-08 04:05:00,157.0,153.93340091442923,True
584,RandomForest,2025-07-08 04:10:00,161.0,162.33667450907933,True
584,RandomForest,2025-07-08 04:15:00,156.0,146.36198233910324,True
584,RandomForest,2025-07-08 04:20:00,141.0,166.4027620173417,True
584,RandomForest,2025-07-08 04:25:00,150.0,165.75632730794615,True
584,RandomForest,2025-07-08 04:30:00,149.0,147.71315953360624,True
584,RandomForest,2025-07-08 04:35:00,145.0,159.9078019881753,True
584,RandomForest,2025-07-08 04:40:00,142.0,167.25377732457034,True
584,RandomForest,2025-07-08 04:45:00,142.0,151.34778293163617,True
584,RandomForest,2025-07-08 04:50:00,142.0,131.269921617822,True
584,RandomForest,2025-07-08 04:55:00,143.0,162.21464586175648,True
584,RandomForest,2025-07-08 05:00:00,154.0,148.4955935247869,True
584,RandomForest,2025-07-08 05:05:00,149.0,145.6384997282225,True
584,RandomForest,2025-07-08 05:10:00,134.0,139.88983468004938,True
584,RandomForest,2025-07-08 05:15:00,120.0,142.56922526304186,True
584,RandomForest,2025-07-08 05:20:00,130.0,143.12515334172005,True
584,RandomForest,2025-07-08 05:25:00,134.0,147.68612830262072,True
584,RandomForest,2025-07-08 05:30:00,127.0,168.39815073275892,True
584,RandomForest,2025-07-08 05:35:00,113.0,144.9015432410791,True
584,RandomForest,2025-07-08 05:40:00,112.0,127.39848222020359,True
584,RandomForest,2025-07-08 05:45:00,116.0,111.05933675929083,True
584,RandomForest,2025-07-08 05:50:00,114.0,132.3897598131609,True
584,RandomForest,2025-07-08 05:55:00,113.0,135.1178250819064,True
584,RandomForest,2025-07-08 06:00:00,115.0,125.33276301407209,True
584,RandomForest,2025-07-08 06:05:00,101.0,102.57571133076608,True
584,RandomForest,2025-07-08 06:10:00,92.0,112.28862373839667,True
584,RandomForest,2025-07-08 06:15:00,97.0,120.84563265803378,True
584,RandomForest,2025-07-08 06:20:00,99.0,109.3929918490677,True
584,RandomForest,2025-07-08 06:25:00,97.0,117.90591600787764,True
584,RandomForest,2025-07-08 06:30:00,91.0,120.01418596549351,True
584,RandomForest,2025-07-08 06:35:00,88.0,101.76803864292805,True
584,RandomForest,2025-07-08 06:40:00,85.0,92.25575983506464,True
584,RandomForest,2025-07-08 06:45:00,94.0,104.13561221226335,True
584,RandomForest,2025-07-08 06:50:00,100.0,106.4168334258326,True
584,RandomForest,2025-07-08 06:55:00,93.0,97.43641460991718,True
584,RandomForest,2025-07-08 07:00:00,95.0,91.79305489368872,True
584,RandomForest,2025-07-08 07:05:00,105.0,84.89234597249488,True
584,RandomForest,2025-07-08 07:10:00,106.0,83.85790930489027,True
584,RandomForest,2025-07-08 07:15:00,96.0,119.20729193143976,True
584,RandomForest,2025-07-08 07:20:00,83.0,116.25325866464672,True
584,RandomForest,2025-07-08 07:25:00,83.0,107.01618207558582,True
584,RandomForest,2025-07-08 07:30:00,88.0,116.982368246631,True
584,RandomForest,2025-07-08 07:35:00,84.0,145.55214213564213,True
584,RandomForest,2025-07-08 07:40:00,75.0,125.86195356342886,True
584,RandomForest,2025-07-08 07:45:00,65.0,108.58358000482718,True
584,RandomForest,2025-07-08 07:50:00,74.0,101.75363890377892,True
584,RandomForest,2025-07-08 07:55:00,90.0,105.8539690733778,True
584,RandomForest,2025-07-08 08:00:00,101.0,112.32338334770357,True
584,RandomForest,2025-07-08 08:05:00,107.0,90.14535082198726,True
584,RandomForest,2025-07-08 08:10:00,103.0,87.20372986769637,True
584,RandomForest,2025-07-08 08:15:00,96.0,90.4827334336102,True
584,RandomForest,2025-07-08 08:20:00,91.0,108.98128427128428,True
584,RandomForest,2025-07-08 08:25:00,80.0,129.29225646575645,True
584,RandomForest,2025-07-08 08:30:00,74.0,135.67960690544024,True
584,RandomForest,2025-07-08 08:35:00,78.0,132.1988761880005,True
584,RandomForest,2025-07-08 08:40:00,82.0,103.75386256438338,True
584,RandomForest,2025-07-08 08:45:00,81.0,90.18365166924492,True
584,RandomForest,2025-07-08 08:50:00,85.0,84.9017586894321,True
584,RandomForest,2025-07-08 08:55:00,88.0,77.12299701540576,True
584,RandomForest,2025-07-08 09:00:00,85.0,77.03464471100115,True
584,RandomForest,2025-07-08 09:05:00,92.0,95.95119010281087,True
584,RandomForest,2025-07-08 09:10:00,90.0,98.12852513377746,True
584,RandomForest,2025-07-08 09:15:00,84.0,81.08512652922487,True
584,RandomForest,2025-07-08 09:20:00,82.0,105.9418053186464,True
584,RandomForest,2025-07-08 09:25:00,91.0,104.06224189246896,True
584,RandomForest,2025-07-08 09:30:00,99.0,87.55416535636395,True
584,RandomForest,2025-07-08 09:35:00,90.0,122.72221129779153,True
584,RandomForest,2025-07-08 09:40:00,72.0,96.34343401147247,True
584,RandomForest,2025-07-08 09:45:00,73.0,89.05607652036778,True
584,RandomForest,2025-07-08 09:50:00,78.0,85.17575857175152,True
584,RandomForest,2025-07-08 09:55:00,76.0,120.0401217929616,True
584,RandomForest,2025-07-08 10:00:00,80.0,130.34251322495055,True
584,RandomForest,2025-07-08 10:05:00,79.0,95.19918187992822,True
584,RandomForest,2025-07-08 10:10:00,79.0,77.58971196424861,True
584,RandomForest,2025-07-08 10:15:00,73.0,92.21648046582187,True
584,RandomForest,2025-07-08 10:20:00,62.0,103.44077274066979,True
584,RandomForest,2025-07-08 10:25:00,65.0,78.26166369644437,True
584,RandomForest,2025-07-08 10:30:00,75.0,103.26815775794392,True
584,RandomForest,2025-07-08 10:35:00,81.0,80.70460514973799,True
584,RandomForest,2025-07-08 10:40:00,91.0,86.03988736843115,True
584,RandomForest,2025-07-08 10:45:00,94.0,75.52365117227063,True
584,RandomForest,2025-07-08 10:50:00,93.0,74.68691119763918,True
584,RandomForest,2025-07-08 10:55:00,94.0,97.12811201344196,True
584,RandomForest,2025-07-08 11:00:00,98.0,120.99772322122325,True
584,RandomForest,2025-07-08 11:05:00,96.0,103.72841188547658,True
584,RandomForest,2025-07-08 11:10:00,93.0,121.11160304745154,True
584,RandomForest,2025-07-08 11:15:00,95.0,115.27594350219046,True
584,RandomForest,2025-07-08 11:20:00,98.0,104.7603701602836,True
584,RandomForest,2025-07-08 11:25:00,107.0,107.34619666333224,True
584,RandomForest,2025-07-08 11:30:00,118.0,121.96349700967963,True
584,RandomForest,2025-07-08 11:35:00,109.0,101.80751176031242,True
584,RandomForest,2025-07-08 11:40:00,107.0,99.86280191285414,True
584,RandomForest,2025-07-08 11:45:00,96.0,111.6291493998085,True
584,RandomForest,2025-07-08 11:50:00,94.0,113.84916416485645,True
584,RandomForest,2025-07-08 11:55:00,86.0,143.6448064502066,True
584,RandomForest,2025-07-08 12:00:00,75.0,151.79854462572598,True
584,RandomForest,2025-07-08 12:05:00,75.0,111.76249713570347,True
584,RandomForest,2025-07-08 12:10:00,82.0,113.10580951984029,True
584,RandomForest,2025-07-08 12:15:00,87.0,97.42944874402407,True
584,RandomForest,2025-07-08 12:20:00,88.0,103.19062673264682,True
584,RandomForest,2025-07-08 12:25:00,92.0,91.09672160611561,True
584,RandomForest,2025-07-08 12:30:00,95.0,81.63405054161285,True
584,RandomForest,2025-07-08 12:35:00,97.0,100.87063182244667,True
584,RandomForest,2025-07-08 12:40:00,105.0,107.98809852794328,True
584,RandomForest,2025-07-08 12:45:00,112.0,112.80127493736212,True
584,RandomForest,2025-07-08 12:50:00,115.0,112.97745177954465,True
584,RandomForest,2025-07-08 12:55:00,102.0,129.6529891336628,True
584,RandomForest,2025-07-08 13:00:00,104.0,125.17546920081479,True
584,RandomForest,2025-07-08 13:05:00,96.0,121.3027387751138,True
584,RandomForest,2025-07-08 13:10:00,99.0,142.16133096837345,True
584,RandomForest,2025-07-08 13:15:00,102.0,136.0957041191483,True
584,RandomForest,2025-07-08 13:20:00,104.0,146.2919031924757,True
584,RandomForest,2025-07-08 13:25:00,99.0,111.85157702124302,True
584,RandomForest,2025-07-08 13:30:00,94.0,116.29970867950531,True
584,RandomForest,2025-07-08 13:35:00,95.0,93.5772423285989,True
584,RandomForest,2025-07-08 13:40:00,89.0,113.42033589632948,True
584,RandomForest,2025-07-08 13:45:00,77.0,113.07082705675562,True
584,RandomForest,2025-07-08 13:50:00,73.0,114.66216917159583,True
584,RandomForest,2025-07-08 13:55:00,75.0,99.86153494193442,True
584,RandomForest,2025-07-08 14:00:00,79.0,89.85479159996312,True
584,RandomForest,2025-07-08 14:05:00,86.0,102.54654508444075,True
584,RandomForest,2025-07-08 14:10:00,86.0,86.83550613431584,True
584,RandomForest,2025-07-08 14:15:00,76.0,76.13758527238868,True
584,RandomForest,2025-07-08 14:20:00,68.0,74.57159746767843,True
584,RandomForest,2025-07-08 14:25:00,75.0,100.64742989115146,True
584,RandomForest,2025-07-08 14:30:00,82.0,102.7385448308414,True
584,RandomForest,2025-07-08 14:35:00,90.0,116.94615971762443,True
584,RandomForest,2025-07-08 14:40:00,100.0,100.44961741316645,True
584,RandomForest,2025-07-08 14:45:00,107.0,72.62420649108927,True
584,RandomForest,2025-07-08 14:50:00,110.0,71.10556683086753,True
584,RandomForest,2025-07-08 14:55:00,107.0,112.09629164724167,True
584,RandomForest,2025-07-08 15:00:00,101.0,108.63909470504807,True
584,RandomForest,2025-07-08 15:05:00,95.0,120.78360507248739,True
584,RandomForest,2025-07-08 15:10:00,88.0,129.8127010437185,True
584,RandomForest,2025-07-08 15:15:00,110.0,129.96634342144466,True
584,RandomForest,2025-07-08 15:20:00,97.0,125.62465668271798,True
584,RandomForest,2025-07-08 15:25:00,99.0,103.98902539350811,True
584,RandomForest,2025-07-08 15:30:00,92.0,98.977665096329,True
584,RandomForest,2025-07-08 15:35:00,92.0,90.53208413347973,True
584,RandomForest,2025-07-08 15:40:00,79.0,84.51666713710082,True
584,RandomForest,2025-07-08 15:45:00,74.0,128.78300324675325,True
584,RandomForest,2025-07-08 15:50:00,75.0,93.34262695069881,True
584,RandomForest,2025-07-08 15:55:00,81.0,112.43748297979404,True
584,RandomForest,2025-07-08 16:00:00,78.0,89.3051015393811,True
584,RandomForest,2025-07-08 16:05:00,78.0,98.41974039144601,True
584,RandomForest,2025-07-08 16:10:00,88.0,83.97843345333176,True
584,RandomForest,2025-07-08 16:15:00,97.0,80.08408818644276,True
584,RandomForest,2025-07-08 16:20:00,121.0,94.74192173595132,True
584,RandomForest,2025-07-08 16:25:00,137.0,111.98992467525652,True
584,RandomForest,2025-07-08 16:30:00,135.0,79.64882505407849,True
584,RandomForest,2025-07-08 16:35:00,125.0,93.53968716217162,True
584,RandomForest,2025-07-08 16:40:00,110.0,124.88844338994339,True
584,RandomForest,2025-07-08 16:45:00,118.0,126.40733490017082,True
584,RandomForest,2025-07-08 16:50:00,134.0,164.37209418275117,True
584,RandomForest,2025-07-08 16:55:00,144.0,171.87874832494188,True
584,RandomForest,2025-07-08 17:00:00,158.0,127.69976073175363,True
584,RandomForest,2025-07-08 17:05:00,137.0,117.58350946294857,True
584,RandomForest,2025-07-08 17:10:00,142.0,101.52041343513423,True
584,RandomForest,2025-07-08 17:15:00,151.0,147.4961687861383,True
584,RandomForest,2025-07-08 17:20:00,156.0,154.37716300366301,True
584,RandomForest,2025-07-08 17:25:00,160.0,154.79538320551563,True
584,RandomForest,2025-07-08 17:30:00,163.0,187.00700777193896,True
584,RandomForest,2025-07-08 17:35:00,167.0,142.38219613780066,True
584,RandomForest,2025-07-08 17:40:00,170.0,146.6185157896941,True
584,RandomForest,2025-07-08 17:45:00,174.0,165.1542954758085,True
584,RandomForest,2025-07-08 17:50:00,176.0,167.07948195691736,True
584,RandomForest,2025-07-08 17:55:00,172.0,171.01853470791073,True
584,RandomForest,2025-07-08 18:00:00,187.0,169.70673030457104,True
584,RandomForest,2025-07-08 18:05:00,192.0,176.5425868765968,True
584,RandomForest,2025-07-08 18:10:00,193.0,176.841908507292,True
584,RandomForest,2025-07-08 18:15:00,200.0,191.4287949799557,True
584,RandomForest,2025-07-08 18:20:00,207.0,182.51631779298106,True
584,RandomForest,2025-07-08 18:25:00,210.0,168.3780672109152,True
584,RandomForest,2025-07-08 18:30:00,221.0,201.888014011039,True
584,RandomForest,2025-07-08 18:35:00,234.0,207.50753189743978,True
584,RandomForest,2025-07-08 18:40:00,235.0,197.84188454253734,True
584,RandomForest,2025-07-08 18:45:00,246.0,214.78327482518918,True
584,RandomForest,2025-07-08 18:50:00,246.0,222.79376662058206,True
584,RandomForest,2025-07-08 18:55:00,249.0,216.7170188231175,True
584,RandomForest,2025-07-08 19:00:00,237.0,241.681050976396,True
584,RandomForest,2025-07-08 19:05:00,229.0,258.3014638520414,True
584,RandomForest,2025-07-08 19:10:00,220.0,238.96242545097613,True
584,RandomForest,2025-07-08 19:15:00,210.0,266.45232518240306,True
584,RandomForest,2025-07-08 19:20:00,199.0,237.91385668429444,True
584,RandomForest,2025-07-08 19:25:00,186.0,254.39531019780836,True
584,RandomForest,2025-07-08 19:30:00,165.0,207.57050316350316,True
584,RandomForest,2025-07-08 19:35:00,136.0,200.36600044968273,True
584,RandomForest,2025-07-08 19:40:00,120.0,167.6595499196969,True
584,RandomForest,2025-07-08 19:45:00,119.0,158.81124990502136,True
584,RandomForest,2025-07-08 19:50:00,118.0,143.20578018713312,True
584,RandomForest,2025-07-08 19:55:00,126.0,132.53854036465327,True
584,RandomForest,2025-07-08 20:00:00,133.0,103.36316526456,True
584,RandomForest,2025-07-08 20:05:00,132.0,100.89367581169873,True
584,RandomForest,2025-07-08 20:10:00,132.0,97.81343900543897,True
584,RandomForest,2025-07-08 20:15:00,135.0,114.49481024531028,True
584,RandomForest,2025-07-08 20:20:00,132.0,111.58610101010105,True
584,RandomForest,2025-07-08 20:25:00,130.0,150.89180597180598,True
584,RandomForest,2025-07-08 20:30:00,136.0,153.3962417926901,True
584,RandomForest,2025-07-08 20:35:00,150.0,123.9640926902153,True
584,RandomForest,2025-07-08 20:40:00,156.0,121.88973541995502,True
584,RandomForest,2025-07-08 20:45:00,164.0,160.96181192121622,True
584,RandomForest,2025-07-08 20:50:00,168.0,125.5049111973979,True
584,RandomForest,2025-07-08 20:55:00,175.0,128.3956837002154,True
584,RandomForest,2025-07-08 21:00:00,194.0,149.80007006534882,True
584,RandomForest,2025-07-08 21:05:00,218.0,160.6375925709793,True
584,RandomForest,2025-07-08 21:10:00,236.0,160.3799292501,True
584,RandomForest,2025-07-08 21:15:00,255.0,182.8533776428988,True
584,RandomForest,2025-07-08 21:20:00,268.0,175.97295955921385,True
584,RandomForest,2025-07-08 21:25:00,279.0,200.2915240982802,True
584,RandomForest,2025-07-08 21:30:00,291.0,214.68632998338433,True
584,RandomForest,2025-07-08 21:35:00,299.0,244.86658298254247,True
584,RandomForest,2025-07-08 21:40:00,307.0,257.6317913805802,True
584,RandomForest,2025-07-08 21:45:00,312.0,277.6907152068862,True
584,RandomForest,2025-07-08 21:50:00,318.0,292.85784704184704,True
584,RandomForest,2025-07-08 21:55:00,329.0,291.6946363781146,True
584,RandomForest,2025-07-08 22:00:00,317.0,311.4643293807641,True
584,RandomForest,2025-07-08 22:05:00,318.0,309.34918616459794,True
584,RandomForest,2025-07-08 22:10:00,318.0,318.4389933101454,True
584,RandomForest,2025-07-08 22:15:00,314.0,313.77980191156564,True
584,RandomForest,2025-07-08 22:20:00,311.0,312.12471298489896,True
584,RandomForest,2025-07-08 22:25:00,304.0,322.41217689500036,True
584,RandomForest,2025-07-08 22:30:00,298.0,287.00947409300954,True
584,RandomForest,2025-07-08 22:35:00,289.0,304.7778848381573,True
584,RandomForest,2025-07-08 22:40:00,278.0,287.8519760932163,True
584,RandomForest,2025-07-08 22:45:00,266.0,277.3299640426734,True
584,RandomForest,2025-07-08 22:50:00,256.0,279.63148397975164,True
584,RandomForest,2025-07-08 22:55:00,246.0,268.66235120427797,True
584,RandomForest,2025-07-08 23:00:00,207.0,259.1537244231178,True
584,RandomForest,2025-07-08 23:05:00,170.0,256.6459880918501,True
584,RandomForest,2025-07-08 23:10:00,187.0,233.63613892673843,True
584,RandomForest,2025-07-08 23:15:00,175.0,224.4034985969516,True
584,RandomForest,2025-07-08 23:20:00,165.0,211.34473840779108,True
584,RandomForest,2025-07-08 23:25:00,162.0,191.33620666565793,True
584,RandomForest,2025-07-08 23:30:00,161.0,145.92224969474967,True
584,RandomForest,2025-07-08 23:35:00,164.0,121.11049783549788,True
584,RandomForest,2025-07-08 23:40:00,168.0,189.75044718614717,True
584,RandomForest,2025-07-08 23:45:00,169.0,126.46675124875122,True
584,RandomForest,2025-07-08 23:50:00,173.0,123.3088576134011,True
584,RandomForest,2025-07-08 23:55:00,177.0,144.002199123432,True
584,RandomForest,2025-07-09 00:00:00,169.0,158.60576587039105,True
584,RandomForest,2025-07-09 00:05:00,151.0,175.94484857905138,True
584,RandomForest,2025-07-09 00:10:00,136.0,172.28839758529392,True
584,RandomForest,2025-07-09 00:15:00,132.0,165.8556676955698,True
584,RandomForest,2025-07-09 00:20:00,138.0,175.99208367446968,True
584,RandomForest,2025-07-09 00:25:00,149.0,177.67900801103104,True
584,RandomForest,2025-07-09 00:30:00,170.0,153.88089549965244,True
584,RandomForest,2025-07-09 00:35:00,182.0,128.02963225905728,True
584,RandomForest,2025-07-09 00:40:00,184.0,114.54818459236355,True
584,RandomForest,2025-07-09 00:45:00,183.0,123.68558685108773,True
584,RandomForest,2025-07-09 00:50:00,182.0,144.28162235781775,True
584,RandomForest,2025-07-09 00:55:00,181.0,157.41447519313422,True
584,RandomForest,2025-07-09 01:00:00,178.0,187.5622399291139,True
584,RandomForest,2025-07-09 01:05:00,171.0,185.18157146271278,True
584,RandomForest,2025-07-09 01:10:00,166.0,176.35884205728095,True
584,RandomForest,2025-07-09 01:15:00,164.0,174.39131854255132,True
584,RandomForest,2025-07-09 01:20:00,164.0,177.42046571039035,True
584,RandomForest,2025-07-09 01:25:00,165.0,174.42296532132096,True
584,RandomForest,2025-07-09 01:30:00,165.0,158.9503687375558,True
584,RandomForest,2025-07-09 01:35:00,166.0,162.44641580086179,True
584,RandomForest,2025-07-09 01:40:00,162.0,153.76416083231476,True
584,RandomForest,2025-07-09 01:45:00,163.0,151.9071209855727,True
584,RandomForest,2025-07-09 01:50:00,171.0,164.24147871744918,True
584,RandomForest,2025-07-09 01:55:00,168.0,164.63245336153136,True
584,RandomForest,2025-07-09 02:00:00,164.0,163.62120909661078,True
584,RandomForest,2025-07-09 02:05:00,169.0,167.65571798629793,True
584,RandomForest,2025-07-09 02:10:00,166.0,150.08662995300386,True
584,RandomForest,2025-07-09 02:15:00,164.0,163.8329673157167,True
584,RandomForest,2025-07-09 02:20:00,159.0,179.38345526587074,True
584,RandomForest,2025-07-09 02:25:00,160.0,163.10442631621305,True
584,RandomForest,2025-07-09 02:30:00,164.0,155.96143562573135,True
584,RandomForest,2025-07-09 02:35:00,159.0,175.36799035342474,True
584,RandomForest,2025-07-09 02:40:00,156.0,165.1491602576965,True
584,RandomForest,2025-07-09 02:45:00,130.0,164.09592432875434,True
584,RandomForest,2025-07-09 02:50:00,125.0,159.28430776920393,True
584,RandomForest,2025-07-09 02:55:00,132.0,162.85401420491667,True
584,RandomForest,2025-07-09 03:00:00,134.0,167.3107763418802,True
584,RandomForest,2025-07-09 03:05:00,141.0,156.42862705247987,True
584,RandomForest,2025-07-09 03:10:00,148.0,154.53757843522436,True
584,RandomForest,2025-07-09 03:15:00,151.0,121.2324561908975,True
584,RandomForest,2025-07-09 03:20:00,154.0,128.74294655471417,True
584,RandomForest,2025-07-09 03:25:00,163.0,129.54001342980473,True
584,RandomForest,2025-07-09 03:30:00,171.0,134.50968736805225,True
584,RandomForest,2025-07-09 03:35:00,175.0,154.2322118142379,True
584,RandomForest,2025-07-09 03:40:00,176.0,166.6577399531902,True
584,RandomForest,2025-07-09 03:45:00,170.0,158.67168261783632,True
584,RandomForest,2025-07-09 03:50:00,162.0,159.35598484868552,True
584,RandomForest,2025-07-09 03:55:00,142.0,178.5288173010789,True
584,RandomForest,2025-07-09 04:00:00,115.0,187.2161266032367,True
584,RandomForest,2025-07-09 04:05:00,103.0,190.05100348341165,True
584,RandomForest,2025-07-09 04:10:00,107.0,177.9722083428782,True
584,RandomForest,2025-07-09 04:15:00,120.0,175.62386583574062,True
584,RandomForest,2025-07-09 04:20:00,131.0,157.58441366864275,True
584,RandomForest,2025-07-09 04:25:00,133.0,142.65544737530283,True
584,RandomForest,2025-07-09 04:30:00,134.0,127.4485302106803,True
584,RandomForest,2025-07-09 04:35:00,139.0,114.12736586970088,True
584,RandomForest,2025-07-09 04:40:00,150.0,125.89035554062794,True
584,RandomForest,2025-07-09 04:45:00,160.0,139.50091885891888,True
584,RandomForest,2025-07-09 04:50:00,160.0,150.70357017716012,True
584,RandomForest,2025-07-09 04:55:00,160.0,139.10853808131557,True
584,RandomForest,2025-07-09 05:00:00,160.0,129.0852966528544,True
584,RandomForest,2025-07-09 05:05:00,160.0,154.88740586223267,True
584,RandomForest,2025-07-09 05:10:00,160.0,166.45972030512164,True
584,RandomForest,2025-07-09 05:15:00,160.0,178.47132330283955,True
584,RandomForest,2025-07-09 05:35:00,162.0,164.4602289803345,True
584,RandomForest,2025-07-09 05:40:00,154.0,164.41927216659917,True
584,RandomForest,2025-07-09 05:45:00,151.0,163.92511930034198,True
584,RandomForest,2025-07-09 05:50:00,154.0,170.7264111153826,False
584,RandomForest,2025-07-09 05:55:00,149.0,167.76186498999684,False
584,RandomForest,2025-07-09 06:00:00,141.0,168.78949865358095,False
584,RandomForest,2025-07-09 06:05:00,138.0,166.35838405343372,True
584,RandomForest,2025-07-09 06:10:00,138.0,150.40929711952182,True
584,RandomForest,2025-07-09 06:15:00,137.0,145.74362765275,True
584,RandomForest,2025-07-09 06:20:00,115.0,154.70768912631848,True
584,RandomForest,2025-07-09 06:25:00,125.0,133.09482661056506,True
584,RandomForest,2025-07-09 06:30:00,126.0,125.94666590243567,True
584,RandomForest,2025-07-09 06:35:00,124.0,128.81472655689424,True
584,RandomForest,2025-07-09 06:40:00,110.0,133.99443296181812,True
584,RandomForest,2025-07-09 06:45:00,97.0,133.80363406463314,True
584,RandomForest,2025-07-09 06:50:00,83.0,106.87962282799623,True
584,RandomForest,2025-07-09 06:55:00,77.0,140.34176134836036,True
584,RandomForest,2025-07-09 07:00:00,81.0,123.57241598677474,True
584,RandomForest,2025-07-09 07:05:00,93.0,121.60105907199154,True
584,RandomForest,2025-07-09 07:10:00,89.0,104.3892396186671,True
584,RandomForest,2025-07-09 07:15:00,74.0,94.61277276336348,True
584,RandomForest,2025-07-09 07:20:00,65.0,79.62080701321554,True
584,RandomForest,2025-07-09 07:25:00,60.0,79.62034414846374,True
584,RandomForest,2025-07-09 07:30:00,58.0,109.35466958406377,True
584,RandomForest,2025-07-09 07:35:00,59.0,121.0005018221178,True
584,RandomForest,2025-07-09 07:40:00,57.0,98.97634352988882,True
584,RandomForest,2025-07-09 07:45:00,55.0,90.02250617962167,True
584,RandomForest,2025-07-09 07:50:00,54.0,91.27747280649959,True
584,RandomForest,2025-07-09 07:55:00,49.0,87.0609823077507,True
584,RandomForest,2025-07-09 08:00:00,41.0,76.75646275341524,True
584,RandomForest,2025-07-09 08:05:00,49.0,81.12910949818298,True
584,RandomForest,2025-07-09 08:10:00,55.0,68.54745810953906,True
584,RandomForest,2025-07-09 08:15:00,53.0,67.84357941578556,True
584,RandomForest,2025-07-09 08:20:00,66.0,73.15589895545389,True
584,RandomForest,2025-07-09 08:25:00,90.0,69.35719416613082,True
584,RandomForest,2025-07-09 08:30:00,87.0,54.65057087357088,True
584,RandomForest,2025-07-09 08:35:00,86.0,96.98395704078055,True
584,RandomForest,2025-07-09 08:40:00,77.0,92.72735807158244,True
584,RandomForest,2025-07-09 08:45:00,71.0,69.90686291071187,True
584,RandomForest,2025-07-09 08:50:00,74.0,115.51914385614386,True
584,RandomForest,2025-07-09 08:55:00,72.0,140.3888741085362,True
584,RandomForest,2025-07-09 09:00:00,78.0,113.19010229484725,True
584,RandomForest,2025-07-09 09:05:00,79.0,122.46879700137133,True
584,MLP,2025-06-29 00:00:00,257.0,191.01359893713467,False
584,MLP,2025-06-29 00:05:00,258.0,211.50003434582658,True
584,MLP,2025-06-29 00:10:00,267.0,235.80998472262593,True
584,MLP,2025-06-29 00:15:00,275.0,237.40637064418323,True
584,MLP,2025-06-29 00:20:00,284.0,250.8876449497516,True
584,MLP,2025-06-29 00:25:00,295.0,260.88730447811525,True
584,MLP,2025-06-29 00:30:00,299.0,225.3471387650003,True
584,MLP,2025-06-29 00:35:00,300.0,255.1540336625636,True
584,MLP,2025-06-29 00:40:00,309.0,257.6214512157838,True
584,MLP,2025-06-29 00:45:00,312.0,259.1005278344388,True
584,MLP,2025-06-29 00:50:00,313.0,289.37996915668975,True
584,MLP,2025-06-29 00:55:00,312.0,292.6091036764277,True
584,MLP,2025-06-29 01:00:00,311.0,289.07392782592126,True
584,MLP,2025-06-29 01:05:00,314.0,301.14112947562217,True
584,MLP,2025-06-29 01:10:00,318.0,316.7863235792626,True
584,MLP,2025-06-29 01:15:00,325.0,309.6040499124167,True
584,MLP,2025-06-29 01:20:00,330.0,306.8501156231945,True
584,MLP,2025-06-29 01:25:00,318.0,300.1013889380249,True
584,MLP,2025-06-29 01:30:00,296.0,302.90141566370903,True
584,MLP,2025-06-29 01:35:00,289.0,319.5909695676094,True
584,MLP,2025-06-29 01:40:00,290.0,321.5634065322621,True
584,MLP,2025-06-29 01:45:00,290.0,324.3885507740668,True
584,MLP,2025-06-29 01:50:00,281.0,329.62837522659214,True
584,MLP,2025-06-29 01:55:00,272.0,309.4479580710087,True
584,MLP,2025-06-29 02:00:00,267.0,285.74812347781744,True
584,MLP,2025-06-29 02:05:00,262.0,298.58599651216343,True
584,MLP,2025-06-29 02:10:00,259.0,290.55225783479267,True
584,MLP,2025-06-29 02:15:00,265.0,284.4396448833491,True
584,MLP,2025-06-29 02:20:00,277.0,260.78247432831876,True
584,MLP,2025-06-29 02:25:00,290.0,257.60250142076495,True
584,MLP,2025-06-29 02:30:00,299.0,256.539555595081,True
584,MLP,2025-06-29 02:35:00,306.0,252.26934149005882,True
584,MLP,2025-06-29 02:40:00,320.0,248.18273103956486,True
584,MLP,2025-06-29 02:45:00,313.0,255.70676636656302,True
584,MLP,2025-06-29 02:50:00,313.0,260.0713288264733,True
584,MLP,2025-06-29 02:55:00,313.0,272.752219380299,True
584,MLP,2025-06-29 03:00:00,313.0,280.67272185719344,True
584,MLP,2025-06-29 03:05:00,313.0,302.78139659589544,True
584,MLP,2025-06-29 03:10:00,313.0,325.0162984518608,True
584,MLP,2025-06-29 03:15:00,313.0,289.74443917748783,True
584,MLP,2025-06-29 03:55:00,275.0,276.599978784523,False
584,MLP,2025-06-29 04:00:00,278.0,275.9375607923215,False
584,MLP,2025-06-29 04:05:00,275.0,298.8038889524162,False
584,MLP,2025-06-29 04:10:00,271.0,301.2730651085717,False
584,MLP,2025-06-29 04:15:00,271.0,236.83478866991743,False
584,MLP,2025-06-29 04:20:00,265.0,224.15953054023694,False
584,MLP,2025-06-29 04:25:00,257.0,291.72278713121375,True
584,MLP,2025-06-29 04:30:00,252.0,281.0583366626652,True
584,MLP,2025-06-29 04:35:00,250.0,248.0338974075293,True
584,MLP,2025-06-29 04:40:00,236.0,238.37611335634645,True
584,MLP,2025-06-29 04:45:00,224.0,253.70006653264963,True
584,MLP,2025-06-29 04:50:00,217.0,223.64842405088584,True
584,MLP,2025-06-29 04:55:00,199.0,208.24802666797981,True
584,MLP,2025-06-29 05:00:00,185.0,218.4684780957928,True
584,MLP,2025-06-29 05:05:00,174.0,222.73774522806187,True
584,MLP,2025-06-29 05:10:00,165.0,188.9736364047389,True
584,MLP,2025-06-29 05:15:00,159.0,162.98842202778596,True
584,MLP,2025-06-29 05:20:00,153.0,173.09964518586716,True
584,MLP,2025-06-29 05:25:00,149.0,135.27694502773437,True
584,MLP,2025-06-29 05:30:00,154.0,126.46822559150215,True
584,MLP,2025-06-29 05:35:00,156.0,125.18554117938231,True
584,MLP,2025-06-29 05:40:00,150.0,115.15710622590255,True
584,MLP,2025-06-29 05:45:00,143.0,127.38132422824724,True
584,MLP,2025-06-29 05:50:00,135.0,119.85969443839556,True
584,MLP,2025-06-29 05:55:00,131.0,123.85687081648408,True
584,MLP,2025-06-29 06:00:00,134.0,146.5527598369452,True
584,MLP,2025-06-29 06:05:00,144.0,145.19703583077293,True
584,MLP,2025-06-29 06:10:00,144.0,138.3103247328615,True
584,MLP,2025-06-29 06:15:00,141.0,128.65870785148527,True
584,MLP,2025-06-29 06:20:00,146.0,121.62674142342031,True
584,MLP,2025-06-29 06:25:00,150.0,127.23858841451315,True
584,MLP,2025-06-29 06:30:00,156.0,127.58567213859882,True
584,MLP,2025-06-29 06:35:00,160.0,144.89763388899274,True
584,MLP,2025-06-29 06:40:00,164.0,131.5552913906083,True
584,MLP,2025-06-29 06:45:00,167.0,128.45855326540774,True
584,MLP,2025-06-29 06:50:00,166.0,152.85396526750438,True
584,MLP,2025-06-29 06:55:00,161.0,154.14487739434662,True
584,MLP,2025-06-29 07:00:00,160.0,165.817207343151,True
584,MLP,2025-06-29 07:05:00,156.0,162.35857455892713,True
584,MLP,2025-06-29 07:10:00,155.0,174.39457143592082,True
584,MLP,2025-06-29 07:15:00,154.0,176.4022605693768,True
584,MLP,2025-06-29 07:20:00,151.0,167.25436682763015,True
584,MLP,2025-06-29 07:25:00,146.0,152.67402254863813,True
584,MLP,2025-06-29 07:30:00,142.0,157.87039525758217,True
584,MLP,2025-06-29 07:35:00,140.0,143.65684884037947,True
584,MLP,2025-06-29 07:40:00,142.0,158.99602226909875,True
584,MLP,2025-06-29 07:45:00,148.0,154.6278845743629,True
584,MLP,2025-06-29 07:50:00,158.0,142.83572548353737,True
584,MLP,2025-06-29 07:55:00,176.0,135.77221833861392,True
584,MLP,2025-06-29 08:00:00,199.0,131.9838332860037,True
584,MLP,2025-06-29 08:05:00,214.0,135.8085159459492,True
584,MLP,2025-06-29 08:10:00,222.0,143.22215817661223,True
584,MLP,2025-06-29 08:15:00,232.0,153.78306288486428,True
584,MLP,2025-06-29 08:20:00,239.0,174.75476000722207,True
584,MLP,2025-06-29 08:25:00,242.0,202.21256273506222,True
584,MLP,2025-06-29 08:30:00,248.0,231.01272486372443,True
584,MLP,2025-06-29 08:35:00,252.0,240.15547339156083,True
584,MLP,2025-06-29 08:40:00,262.0,224.6577395087904,True
584,MLP,2025-06-29 08:45:00,272.0,241.60725100046474,True
584,MLP,2025-06-29 08:50:00,276.0,232.04554688850678,True
584,MLP,2025-06-29 08:55:00,284.0,228.4201881738572,True
584,MLP,2025-06-29 09:00:00,286.0,254.72314681295987,True
584,MLP,2025-06-29 09:05:00,283.0,251.59859114041595,True
584,MLP,2025-06-29 09:10:00,284.0,265.3778190220032,True
584,MLP,2025-06-29 09:15:00,276.0,282.27122622311833,True
584,MLP,2025-06-29 09:20:00,262.0,270.04520615927186,True
584,MLP,2025-06-29 09:25:00,249.0,286.30079758457816,True
584,MLP,2025-06-29 09:30:00,235.0,261.3522065190626,True
584,MLP,2025-06-29 09:35:00,223.0,243.9447604937819,True
584,MLP,2025-06-29 09:40:00,214.0,262.0686126628178,True
584,MLP,2025-06-29 09:45:00,206.0,230.12607927985613,True
584,MLP,2025-06-29 09:50:00,198.0,208.33901167564585,True
584,MLP,2025-06-29 09:55:00,192.0,192.98139414810845,True
584,MLP,2025-06-29 10:00:00,188.0,174.93896058278057,True
584,MLP,2025-06-29 10:05:00,184.0,171.31020247127654,True
584,MLP,2025-06-29 10:10:00,179.0,168.9793734916473,True
584,MLP,2025-06-29 10:15:00,174.0,163.3707918039602,True
584,MLP,2025-06-29 10:20:00,172.0,151.88455277705674,True
584,MLP,2025-06-29 10:25:00,172.0,153.88603607261948,True
584,MLP,2025-06-29 10:30:00,174.0,159.95099911623757,True
584,MLP,2025-06-29 10:35:00,173.0,161.42592795087367,True
584,MLP,2025-06-29 10:40:00,173.0,157.52517915385943,True
584,MLP,2025-06-29 10:45:00,177.0,153.0977322728934,True
584,MLP,2025-06-29 10:50:00,180.0,160.0834228861865,True
584,MLP,2025-06-29 10:55:00,185.0,166.69049183271426,True
584,MLP,2025-06-29 11:00:00,195.0,173.92433988974832,True
584,MLP,2025-06-29 11:05:00,204.0,163.37743569154304,True
584,MLP,2025-06-29 11:10:00,208.0,166.80426537858543,True
584,MLP,2025-06-29 11:15:00,210.0,176.9507495520949,True
584,MLP,2025-06-29 11:20:00,216.0,178.35796875624388,True
584,MLP,2025-06-29 11:25:00,227.0,192.8925105249014,True
584,MLP,2025-06-29 11:30:00,234.0,210.21557951736642,True
584,MLP,2025-06-29 11:35:00,237.0,220.91855627506735,True
584,MLP,2025-06-29 11:40:00,241.0,211.0439633772701,True
584,MLP,2025-06-29 11:45:00,244.0,211.82782454610393,True
584,MLP,2025-06-29 11:50:00,246.0,231.26145682684492,True
584,MLP,2025-06-29 11:55:00,247.0,241.7935641929327,True
584,MLP,2025-06-29 12:00:00,248.0,246.60847472688678,True
584,MLP,2025-06-29 12:05:00,252.0,237.69699515059813,True
584,MLP,2025-06-29 12:10:00,251.0,249.14825202892655,True
584,MLP,2025-06-29 12:15:00,243.0,249.0688317373652,True
584,MLP,2025-06-29 12:20:00,239.0,248.36483365405556,True
584,MLP,2025-06-29 12:25:00,236.0,243.80815988132318,True
584,MLP,2025-06-29 12:30:00,235.0,245.28652289312666,True
584,MLP,2025-06-29 12:35:00,241.0,252.54962041364908,True
584,MLP,2025-06-29 12:40:00,254.0,244.58760115862864,True
584,MLP,2025-06-29 12:45:00,268.0,229.3075999557439,True
584,MLP,2025-06-29 12:50:00,282.0,227.40183746198522,True
584,MLP,2025-06-29 12:55:00,295.0,220.6365978379388,True
584,MLP,2025-06-29 13:00:00,302.0,224.4236660482014,True
584,MLP,2025-06-29 13:05:00,310.0,232.44388093616323,True
584,MLP,2025-06-29 13:10:00,313.0,246.2275037142811,True
584,MLP,2025-06-29 13:15:00,314.0,266.5402956489175,True
584,MLP,2025-06-29 13:20:00,319.0,289.1993748909737,True
584,MLP,2025-06-29 13:25:00,318.0,318.3667403849524,True
584,MLP,2025-06-29 13:30:00,312.0,315.6694377691171,True
584,MLP,2025-06-29 13:35:00,312.0,331.68194867782415,True
584,MLP,2025-06-29 13:40:00,314.0,315.050886994297,True
584,MLP,2025-06-29 13:45:00,309.0,310.21054880772374,True
584,MLP,2025-06-29 13:50:00,306.0,318.69436340664356,True
584,MLP,2025-06-29 13:55:00,311.0,305.95624463733503,True
584,MLP,2025-06-29 14:00:00,316.0,298.7109367547249,True
584,MLP,2025-06-29 14:05:00,325.0,303.421754976899,True
584,MLP,2025-06-29 14:10:00,335.0,306.63078354085087,True
584,MLP,2025-06-29 14:15:00,347.0,290.73753262662177,True
584,MLP,2025-06-29 14:20:00,361.0,286.2774518415889,True
584,MLP,2025-06-29 14:25:00,369.0,301.4198132246404,True
584,MLP,2025-06-29 14:30:00,374.0,310.5049166133817,True
584,MLP,2025-06-29 14:35:00,381.0,324.75395031982487,True
584,MLP,2025-06-29 14:40:00,389.0,333.2572472932933,True
584,MLP,2025-06-29 14:45:00,396.0,352.93428691823317,True
584,MLP,2025-06-29 14:50:00,400.0,370.21135081035936,True
584,MLP,2025-06-29 14:55:00,400.0,375.02910076526587,True
584,MLP,2025-06-29 15:00:00,400.0,375.43466014805495,True
584,MLP,2025-06-29 15:05:00,400.0,394.12781108966544,True
584,MLP,2025-06-29 15:10:00,400.0,397.64107974464616,True
584,MLP,2025-06-29 15:15:00,400.0,397.1021915201118,True
584,MLP,2025-06-29 15:20:00,400.0,397.5971025183021,True
584,MLP,2025-06-29 15:25:00,400.0,392.7853690124995,True
584,MLP,2025-06-29 15:30:00,392.0,399.7190314931971,True
584,MLP,2025-06-29 15:35:00,379.0,388.47672215936973,True
584,MLP,2025-06-29 15:40:00,364.0,385.5048195538404,True
584,MLP,2025-06-29 15:45:00,364.0,375.0750278503104,True
584,MLP,2025-06-29 15:50:00,364.0,370.2469093268835,True
584,MLP,2025-06-29 15:55:00,364.0,372.9423848219743,True
584,MLP,2025-06-29 16:00:00,364.0,338.10143122438956,True
584,MLP,2025-06-29 16:05:00,364.0,303.6233733735612,True
584,MLP,2025-06-29 16:10:00,364.0,286.0641077160162,True
584,MLP,2025-06-29 16:35:00,158.0,332.829812451469,True
584,MLP,2025-06-29 16:40:00,150.0,326.8301151679944,True
584,MLP,2025-06-29 16:45:00,143.0,259.04704479470735,False
584,MLP,2025-06-29 16:50:00,138.0,259.55484705251934,False
584,MLP,2025-06-29 16:55:00,134.0,268.6504230634941,False
584,MLP,2025-06-29 17:00:00,130.0,272.1034384784351,False
584,MLP,2025-06-29 17:05:00,130.0,303.80634736253535,True
584,MLP,2025-06-29 17:10:00,133.0,162.40793973551686,True
584,MLP,2025-06-29 17:15:00,134.0,147.67765873684354,True
584,MLP,2025-06-29 17:20:00,132.0,139.03594517824197,True
584,MLP,2025-06-29 17:25:00,127.0,127.85543327729192,True
584,MLP,2025-06-29 17:30:00,127.0,116.19242502134006,True
584,MLP,2025-06-29 17:35:00,129.0,123.46285077674176,True
584,MLP,2025-06-29 17:40:00,132.0,136.87573598869545,True
584,MLP,2025-06-29 17:45:00,134.0,132.84166095685552,True
584,MLP,2025-06-29 17:50:00,139.0,122.4569177556069,True
584,MLP,2025-06-29 17:55:00,143.0,110.90917988602331,True
584,MLP,2025-06-29 18:00:00,144.0,118.88903812968493,True
584,MLP,2025-06-29 18:05:00,146.0,130.19062022290987,True
584,MLP,2025-06-29 18:10:00,151.0,139.70561000111607,True
584,MLP,2025-06-29 18:15:00,150.0,136.47642236142502,True
584,MLP,2025-06-29 18:20:00,148.0,154.12933467663126,True
584,MLP,2025-06-29 18:25:00,155.0,151.95503297078008,True
584,MLP,2025-06-29 18:30:00,161.0,142.55051942826665,True
584,MLP,2025-06-29 18:35:00,162.0,150.12436277703526,True
584,MLP,2025-06-29 18:40:00,163.0,163.3232478872226,True
584,MLP,2025-06-29 18:45:00,164.0,142.51919692937608,True
584,MLP,2025-06-29 18:50:00,165.0,140.20345142913,True
584,MLP,2025-06-29 18:55:00,162.0,167.5090088159795,True
584,MLP,2025-06-29 19:00:00,159.0,177.5112697309897,True
584,MLP,2025-06-29 19:05:00,163.0,170.29772416342436,True
584,MLP,2025-06-29 19:10:00,165.0,170.72530284830518,True
584,MLP,2025-06-29 19:15:00,162.0,170.98580796595763,True
584,MLP,2025-06-29 19:20:00,163.0,170.77231138167534,True
584,MLP,2025-06-29 19:25:00,168.0,155.6027906379018,True
584,MLP,2025-06-29 19:30:00,169.0,150.50350118009354,True
584,MLP,2025-06-29 19:35:00,170.0,173.07937012441067,True
584,MLP,2025-06-29 19:40:00,170.0,167.05999805121147,True
584,MLP,2025-06-29 19:45:00,170.0,158.36055248111788,True
584,MLP,2025-06-29 19:50:00,169.0,163.94256144925717,True
584,MLP,2025-06-29 19:55:00,169.0,181.6291526674003,True
584,MLP,2025-06-29 20:00:00,169.0,172.8670220220109,True
584,MLP,2025-06-29 20:05:00,172.0,171.5037702209638,True
584,MLP,2025-06-29 20:10:00,174.0,168.58836208238785,True
584,MLP,2025-06-29 20:15:00,172.0,169.25077938868384,True
584,MLP,2025-06-29 20:20:00,171.0,163.9249545141946,True
584,MLP,2025-06-29 20:25:00,171.0,166.53729323855254,True
584,MLP,2025-06-29 20:30:00,170.0,164.71497377363906,True
584,MLP,2025-06-29 20:35:00,170.0,178.36920992322578,True
584,MLP,2025-06-29 20:40:00,171.0,176.12227232443828,True
584,MLP,2025-06-29 20:45:00,172.0,166.93635589208722,True
584,MLP,2025-06-29 20:50:00,173.0,166.2510127806793,True
584,MLP,2025-06-29 20:55:00,173.0,167.23852194796117,True
584,MLP,2025-06-29 21:00:00,173.0,164.62056993840602,True
584,MLP,2025-06-29 21:05:00,170.0,166.64683326146053,True
584,MLP,2025-06-29 21:10:00,172.0,191.0467293763928,True
584,MLP,2025-06-29 21:15:00,174.0,198.5210969165984,True
584,MLP,2025-06-29 21:20:00,173.0,201.56683757594408,True
584,MLP,2025-06-29 21:25:00,171.0,196.61959473868083,True
584,MLP,2025-06-29 21:30:00,168.0,177.34203529676952,True
584,MLP,2025-06-29 21:35:00,165.0,160.1406332505428,True
584,MLP,2025-06-29 21:40:00,160.0,177.89025688248446,True
584,MLP,2025-06-29 21:45:00,156.0,177.25057656649562,True
584,MLP,2025-06-29 21:50:00,153.0,163.42364758532142,True
584,MLP,2025-06-29 21:55:00,150.0,160.18597030821027,True
584,MLP,2025-06-29 22:00:00,148.0,151.02723897042128,True
584,MLP,2025-06-29 22:05:00,147.0,150.3785091864895,True
584,MLP,2025-06-29 22:10:00,147.0,144.53522510275872,True
584,MLP,2025-06-29 22:15:00,149.0,147.21205709779943,True
584,MLP,2025-06-29 22:20:00,152.0,144.0312180486088,True
584,MLP,2025-06-29 22:25:00,155.0,137.92259255897284,True
584,MLP,2025-06-29 22:30:00,158.0,139.5759217163521,True
584,MLP,2025-06-29 22:35:00,162.0,139.0692891300647,True
584,MLP,2025-06-29 22:40:00,167.0,144.0157398557432,True
584,MLP,2025-06-29 22:45:00,172.0,151.90090663328291,True
584,MLP,2025-06-29 22:50:00,176.0,157.50502632507633,True
584,MLP,2025-06-29 22:55:00,181.0,158.98931746509388,True
584,MLP,2025-06-29 23:00:00,188.0,161.5790913844014,True
584,MLP,2025-06-29 23:05:00,192.0,169.88412200065656,True
584,MLP,2025-06-29 23:10:00,195.0,178.99173591136568,True
584,MLP,2025-06-29 23:15:00,195.0,185.04368561432912,True
584,MLP,2025-06-29 23:20:00,196.0,188.7719533197709,True
584,MLP,2025-06-29 23:25:00,199.0,196.95771812903888,True
584,MLP,2025-06-29 23:30:00,203.0,206.53759262622256,True
584,MLP,2025-06-29 23:35:00,207.0,200.8748988447628,True
584,MLP,2025-06-29 23:40:00,208.0,203.2748168981861,True
584,MLP,2025-06-29 23:45:00,208.0,194.40629943549808,True
584,MLP,2025-06-29 23:50:00,209.0,198.42436023885884,True
584,MLP,2025-06-29 23:55:00,210.0,206.06468239183872,True
584,MLP,2025-06-30 00:00:00,213.0,213.06220258044212,True
584,MLP,2025-06-30 00:05:00,217.0,217.1856058706047,True
584,MLP,2025-06-30 00:10:00,221.0,211.14174607861216,True
584,MLP,2025-06-30 00:15:00,224.0,209.5376274480642,True
584,MLP,2025-06-30 00:20:00,229.0,212.2457749145395,True
584,MLP,2025-06-30 00:25:00,233.0,212.6519152048076,True
584,MLP,2025-06-30 00:30:00,236.0,220.87786822369546,True
584,MLP,2025-06-30 00:35:00,237.0,224.91205841388953,True
584,MLP,2025-06-30 00:40:00,235.0,229.37529173059485,True
584,MLP,2025-06-30 00:45:00,235.0,232.44627507793695,True
584,MLP,2025-06-30 00:50:00,234.0,240.17616912541732,True
584,MLP,2025-06-30 00:55:00,233.0,243.58349740664514,True
584,MLP,2025-06-30 01:00:00,229.0,244.09510322035726,True
584,MLP,2025-06-30 01:05:00,224.0,237.99228312773857,True
584,MLP,2025-06-30 01:10:00,221.0,228.25385860138178,True
584,MLP,2025-06-30 01:15:00,218.0,233.73474133000437,True
584,MLP,2025-06-30 01:20:00,220.0,227.25497466611955,True
584,MLP,2025-06-30 01:25:00,220.0,229.00797551845608,True
584,MLP,2025-06-30 01:30:00,220.0,218.96716611374796,True
584,MLP,2025-06-30 01:35:00,222.0,218.51959536059286,True
584,MLP,2025-06-30 01:40:00,225.0,219.40986615414914,True
584,MLP,2025-06-30 01:45:00,227.0,216.2077539134912,True
584,MLP,2025-06-30 01:50:00,226.0,223.57596809827112,True
584,MLP,2025-06-30 01:55:00,226.0,217.24857604394828,True
584,MLP,2025-06-30 02:00:00,232.0,218.96575704248772,True
584,MLP,2025-06-30 02:05:00,236.0,224.4032851213705,True
584,MLP,2025-06-30 02:10:00,236.0,229.3302339408108,True
584,MLP,2025-06-30 02:15:00,237.0,229.74575387994858,True
584,MLP,2025-06-30 02:20:00,239.0,223.16549997486064,True
584,MLP,2025-06-30 02:25:00,242.0,226.7379608063105,True
584,MLP,2025-06-30 02:30:00,243.0,236.34866759943392,True
584,MLP,2025-06-30 02:35:00,243.0,242.46373699247343,True
584,MLP,2025-06-30 02:40:00,239.0,237.83850070286405,True
584,MLP,2025-06-30 02:45:00,234.0,244.27484762087082,True
584,MLP,2025-06-30 02:50:00,230.0,245.42540980611315,True
584,MLP,2025-06-30 02:55:00,225.0,249.1572995904824,True
584,MLP,2025-06-30 03:00:00,222.0,246.4957110792774,True
584,MLP,2025-06-30 03:05:00,221.0,245.61232621121204,True
584,MLP,2025-06-30 03:10:00,214.0,237.61523279238543,True
584,MLP,2025-06-30 03:15:00,210.0,232.15540717268553,True
584,MLP,2025-06-30 03:20:00,208.0,228.55043168113517,True
584,MLP,2025-06-30 03:25:00,212.0,222.19240325468263,True
584,MLP,2025-06-30 03:30:00,215.0,226.4072588269023,True
584,MLP,2025-06-30 03:35:00,216.0,225.5165207908521,True
584,MLP,2025-06-30 03:40:00,216.0,208.5872775687315,True
584,MLP,2025-06-30 03:45:00,215.0,208.83774748872796,True
584,MLP,2025-06-30 03:50:00,213.0,205.74357139988913,True
584,MLP,2025-06-30 03:55:00,204.0,212.41854396254675,True
584,MLP,2025-06-30 04:00:00,194.0,209.40992933291565,True
584,MLP,2025-06-30 04:05:00,191.0,213.695841585429,True
584,MLP,2025-06-30 04:10:00,187.0,212.5602882754463,True
584,MLP,2025-06-30 04:15:00,195.0,212.06408456926593,True
584,MLP,2025-06-30 04:20:00,198.0,206.72523990137236,True
584,MLP,2025-06-30 04:25:00,198.0,194.62890150960763,True
584,MLP,2025-06-30 04:30:00,198.0,183.1217695496172,True
584,MLP,2025-06-30 04:35:00,198.0,197.92219065769262,True
584,MLP,2025-06-30 04:40:00,198.0,188.54470225363931,True
584,MLP,2025-06-30 04:45:00,198.0,204.49099054734666,True
584,MLP,2025-06-30 04:50:00,198.0,195.49287878162662,True
584,MLP,2025-06-30 05:10:00,174.0,195.3186489068394,True
584,MLP,2025-06-30 05:15:00,174.0,194.78422412416316,True
584,MLP,2025-06-30 05:20:00,172.0,201.19871171425456,True
584,MLP,2025-06-30 05:25:00,169.0,195.84453249666922,False
584,MLP,2025-06-30 05:30:00,166.0,199.73600531510837,False
584,MLP,2025-06-30 05:35:00,164.0,196.30458543552365,False
584,MLP,2025-06-30 05:40:00,161.0,182.70848391392593,True
584,MLP,2025-06-30 05:45:00,158.0,172.27011795808542,True
584,MLP,2025-06-30 05:50:00,155.0,173.48256585221085,True
584,MLP,2025-06-30 05:55:00,152.0,166.9082146899095,True
584,MLP,2025-06-30 06:00:00,151.0,160.65313571988696,True
584,MLP,2025-06-30 06:05:00,149.0,159.63297122058924,True
584,MLP,2025-06-30 06:10:00,148.0,152.05336618596056,True
584,MLP,2025-06-30 06:15:00,146.0,147.7629060202043,True
584,MLP,2025-06-30 06:20:00,145.0,142.3989103100852,True
584,MLP,2025-06-30 06:25:00,145.0,139.2945970098435,True
584,MLP,2025-06-30 06:30:00,145.0,143.57179910215163,True
584,MLP,2025-06-30 06:35:00,148.0,139.93396127748213,True
584,MLP,2025-06-30 06:40:00,152.0,142.0036150500176,True
584,MLP,2025-06-30 06:45:00,158.0,136.09198430927503,True
584,MLP,2025-06-30 06:50:00,169.0,143.8152783488637,True
584,MLP,2025-06-30 06:55:00,181.0,140.76251504307817,True
584,MLP,2025-06-30 07:00:00,195.0,165.18944171934766,True
584,MLP,2025-06-30 07:05:00,207.0,181.84467975560298,True
584,MLP,2025-06-30 07:10:00,217.0,188.69312072215277,True
584,MLP,2025-06-30 07:15:00,226.0,195.2467478151015,True
584,MLP,2025-06-30 07:20:00,231.0,199.93357721916382,True
584,MLP,2025-06-30 07:25:00,236.0,213.28132304478584,True
584,MLP,2025-06-30 07:30:00,240.0,221.42268441945066,True
584,MLP,2025-06-30 07:35:00,241.0,214.11089247169744,True
584,MLP,2025-06-30 07:40:00,241.0,213.9610900536819,True
584,MLP,2025-06-30 07:45:00,241.0,221.3123306896093,True
584,MLP,2025-06-30 07:50:00,242.0,220.7798087098884,True
584,MLP,2025-06-30 07:55:00,247.0,230.27324751718135,True
584,MLP,2025-06-30 08:00:00,251.0,233.17787763213687,True
584,MLP,2025-06-30 08:05:00,253.0,231.9038046191049,True
584,MLP,2025-06-30 08:10:00,255.0,228.9721426920384,True
584,MLP,2025-06-30 08:15:00,258.0,230.43699516316528,True
584,MLP,2025-06-30 08:20:00,260.0,239.21829040848345,True
584,MLP,2025-06-30 08:25:00,265.0,251.77945368514455,True
584,MLP,2025-06-30 08:30:00,272.0,253.2447262067621,True
584,MLP,2025-06-30 08:35:00,273.0,250.0131280031537,True
584,MLP,2025-06-30 08:40:00,274.0,250.47064791636615,True
584,MLP,2025-06-30 08:45:00,277.0,255.12288179868176,True
584,MLP,2025-06-30 08:50:00,279.0,250.77639993599055,True
584,MLP,2025-06-30 08:55:00,281.0,257.9016965820325,True
584,MLP,2025-06-30 09:00:00,282.0,263.8438931228398,True
584,MLP,2025-06-30 09:05:00,284.0,255.9083174483228,True
584,MLP,2025-06-30 09:10:00,286.0,260.03865988726295,True
584,MLP,2025-06-30 09:15:00,288.0,264.19370823472013,True
584,MLP,2025-06-30 09:20:00,290.0,267.4402471046052,True
584,MLP,2025-06-30 09:25:00,293.0,269.8345205876532,True
584,MLP,2025-06-30 09:30:00,296.0,265.9626508729294,True
584,MLP,2025-06-30 09:35:00,297.0,270.2604607694952,True
584,MLP,2025-06-30 09:40:00,299.0,271.44029597091355,True
584,MLP,2025-06-30 09:45:00,300.0,273.93879710691874,True
584,MLP,2025-06-30 09:50:00,300.0,276.2379095158704,True
584,MLP,2025-06-30 09:55:00,303.0,281.0676901095676,True
584,MLP,2025-06-30 10:00:00,300.0,283.27504078508343,True
584,MLP,2025-06-30 10:05:00,295.0,282.7310135945504,True
584,MLP,2025-06-30 10:10:00,301.0,286.14275679418677,True
584,MLP,2025-06-30 10:15:00,307.0,285.66553129817567,True
584,MLP,2025-06-30 10:20:00,313.0,285.63816142829006,True
584,MLP,2025-06-30 10:25:00,315.0,291.0931447826305,True
584,MLP,2025-06-30 10:30:00,312.0,282.83562163630233,True
584,MLP,2025-06-30 10:35:00,311.0,273.44542151091537,True
584,MLP,2025-06-30 10:40:00,312.0,287.9271557716034,True
584,MLP,2025-06-30 10:45:00,312.0,289.88146906866035,True
584,MLP,2025-06-30 10:50:00,313.0,301.97578174738544,True
584,MLP,2025-06-30 10:55:00,311.0,303.5282338147366,True
584,MLP,2025-06-30 11:00:00,310.0,298.3379332819476,True
584,MLP,2025-06-30 11:05:00,311.0,295.44626843375977,True
584,MLP,2025-06-30 11:10:00,301.0,292.16857290908354,True
584,MLP,2025-06-30 11:15:00,298.0,292.07066676605797,True
584,MLP,2025-06-30 11:20:00,302.0,294.6797358792385,True
584,MLP,2025-06-30 11:25:00,297.0,294.6193590613685,True
584,MLP,2025-06-30 11:30:00,290.0,292.6944737252001,True
584,MLP,2025-06-30 11:35:00,284.0,296.7432720788858,True
584,MLP,2025-06-30 11:40:00,283.0,275.2377773301305,True
584,MLP,2025-06-30 11:45:00,287.0,275.20116353896003,True
584,MLP,2025-06-30 11:50:00,291.0,278.21190155005723,True
584,MLP,2025-06-30 11:55:00,291.0,272.14645987934125,True
584,MLP,2025-06-30 12:00:00,290.0,261.7898732232883,True
584,MLP,2025-06-30 12:05:00,285.0,254.31890662313438,True
584,MLP,2025-06-30 12:10:00,282.0,259.0968109786078,True
584,MLP,2025-06-30 12:15:00,280.0,265.5495400552798,True
584,MLP,2025-06-30 12:20:00,277.0,295.0558009905859,True
584,MLP,2025-06-30 12:25:00,273.0,283.44698038527633,True
584,MLP,2025-06-30 12:30:00,268.0,277.5841107844122,True
584,MLP,2025-06-30 12:35:00,263.0,284.856106164582,True
584,MLP,2025-06-30 12:40:00,257.0,277.67673381262813,True
584,MLP,2025-06-30 12:45:00,249.0,280.84705363900923,True
584,MLP,2025-06-30 12:50:00,241.0,271.5139312126456,True
584,MLP,2025-06-30 12:55:00,232.0,259.10436569504816,True
584,MLP,2025-06-30 13:00:00,225.0,246.96125570405476,True
584,MLP,2025-06-30 13:05:00,218.0,239.41354375422029,True
584,MLP,2025-06-30 13:10:00,212.0,230.52235936267564,True
584,MLP,2025-06-30 13:15:00,205.0,220.45643945148694,True
584,MLP,2025-06-30 13:20:00,198.0,205.8300674056524,True
584,MLP,2025-06-30 13:25:00,191.0,194.69592399604917,True
584,MLP,2025-06-30 13:30:00,184.0,190.0221928488435,True
584,MLP,2025-06-30 13:35:00,175.0,177.48005590965707,True
584,MLP,2025-06-30 13:40:00,167.0,174.48447461402822,True
584,MLP,2025-06-30 13:45:00,161.0,164.7444148565049,True
584,MLP,2025-06-30 13:50:00,156.0,156.21934268308647,True
584,MLP,2025-06-30 13:55:00,154.0,150.9726966320981,True
584,MLP,2025-06-30 14:00:00,152.0,155.67679063466173,True
584,MLP,2025-06-30 14:05:00,148.0,141.54889360502764,True
584,MLP,2025-06-30 14:10:00,140.0,142.31096364019422,True
584,MLP,2025-06-30 14:15:00,134.0,144.5790583259064,True
584,MLP,2025-06-30 14:20:00,128.0,141.21748841131242,True
584,MLP,2025-06-30 14:25:00,123.0,148.5122077556841,True
584,MLP,2025-06-30 14:30:00,122.0,140.18409433796106,True
584,MLP,2025-06-30 14:35:00,121.0,131.4947959748377,True
584,MLP,2025-06-30 14:40:00,123.0,121.53243138623871,True
584,MLP,2025-06-30 14:45:00,123.0,120.60112916291939,True
584,MLP,2025-06-30 14:50:00,121.0,112.30081806422962,True
584,MLP,2025-06-30 14:55:00,119.0,113.01582057194715,True
584,MLP,2025-06-30 15:00:00,120.0,126.26934406030074,True
584,MLP,2025-06-30 15:05:00,121.0,119.19252141077786,True
584,MLP,2025-06-30 15:10:00,120.0,129.39997558324976,True
584,MLP,2025-06-30 15:15:00,120.0,119.07484739479457,True
584,MLP,2025-06-30 15:20:00,123.0,113.34004223044614,True
584,MLP,2025-06-30 15:25:00,128.0,112.05618222732295,True
584,MLP,2025-06-30 15:30:00,130.0,119.77492994481861,True
584,MLP,2025-06-30 15:35:00,131.0,119.40713744001197,True
584,MLP,2025-06-30 15:40:00,133.0,111.45184054191886,True
584,MLP,2025-06-30 15:45:00,137.0,114.72471145355554,True
584,MLP,2025-06-30 15:50:00,138.0,125.79274467659752,True
584,MLP,2025-06-30 15:55:00,138.0,141.60642334064758,True
584,MLP,2025-06-30 16:00:00,140.0,132.51703265202278,True
584,MLP,2025-06-30 16:05:00,139.0,132.52117862470973,True
584,MLP,2025-06-30 16:10:00,137.0,136.64779386138974,True
584,MLP,2025-06-30 16:15:00,135.0,147.4924405149009,True
584,MLP,2025-06-30 16:20:00,133.0,136.79567906673915,True
584,MLP,2025-06-30 16:25:00,131.0,136.77592215072718,True
584,MLP,2025-06-30 16:30:00,131.0,143.09089554360517,True
584,MLP,2025-06-30 16:35:00,129.0,134.7063387951319,True
584,MLP,2025-06-30 16:40:00,124.0,133.56477470400753,True
584,MLP,2025-06-30 16:45:00,120.0,130.95269269303753,True
584,MLP,2025-06-30 16:50:00,116.0,127.1496034177876,True
584,MLP,2025-06-30 16:55:00,114.0,124.30818984269823,True
584,MLP,2025-06-30 17:00:00,112.0,128.73419370383166,True
584,MLP,2025-06-30 17:05:00,109.0,120.49630895645097,True
584,MLP,2025-06-30 17:10:00,105.0,115.35934731408176,True
584,MLP,2025-06-30 17:15:00,105.0,110.19647271139526,True
584,MLP,2025-06-30 17:20:00,104.0,100.7219005142447,True
584,MLP,2025-06-30 17:25:00,99.0,102.02735815395056,True
584,MLP,2025-06-30 17:30:00,96.0,98.7504164127353,True
584,MLP,2025-06-30 17:35:00,96.0,94.60763820952909,True
584,MLP,2025-06-30 17:40:00,96.0,91.18958514552702,True
584,MLP,2025-06-30 17:45:00,96.0,99.84234517408176,True
584,MLP,2025-06-30 17:50:00,98.0,96.46739963083681,True
584,MLP,2025-06-30 17:55:00,103.0,88.55244613342566,True
584,MLP,2025-06-30 18:00:00,104.0,89.05474636355824,True
584,MLP,2025-06-30 18:05:00,100.0,94.59551858381687,True
584,MLP,2025-06-30 18:10:00,99.0,94.41397490557017,True
584,MLP,2025-06-30 18:15:00,95.0,93.56788057163435,True
584,MLP,2025-06-30 18:20:00,88.0,101.68005602283924,True
584,MLP,2025-06-30 18:25:00,89.0,117.76945446025367,True
584,MLP,2025-06-30 18:30:00,100.0,105.3552997286762,True
584,MLP,2025-06-30 18:35:00,106.0,96.97179226262023,True
584,MLP,2025-06-30 18:40:00,118.0,100.43066338202755,True
584,MLP,2025-06-30 18:45:00,133.0,95.70484286428021,True
584,MLP,2025-06-30 18:50:00,142.0,84.59511678412905,True
584,MLP,2025-06-30 18:55:00,150.0,94.65155321819805,True
584,MLP,2025-06-30 19:00:00,158.0,120.83932219185114,True
584,MLP,2025-06-30 19:05:00,163.0,127.26707747147822,True
584,MLP,2025-06-30 19:10:00,167.0,161.11579964118042,True
584,MLP,2025-06-30 19:15:00,171.0,170.77393671297637,True
584,MLP,2025-06-30 19:20:00,175.0,173.42894081247834,True
584,MLP,2025-06-30 19:25:00,173.0,173.69051970786055,True
584,MLP,2025-06-30 19:30:00,171.0,182.9558075956007,True
584,MLP,2025-06-30 19:35:00,168.0,172.28259366790596,True
584,MLP,2025-06-30 19:40:00,175.0,176.797548678766,True
584,MLP,2025-06-30 19:45:00,182.0,183.1213640847971,True
584,MLP,2025-06-30 19:50:00,185.0,185.44298632460757,True
584,MLP,2025-06-30 19:55:00,188.0,172.3476284274409,True
584,MLP,2025-06-30 20:00:00,190.0,183.6845569982006,True
584,MLP,2025-06-30 20:05:00,189.0,187.3633971090952,True
584,MLP,2025-06-30 20:10:00,187.0,210.18180479565618,True
584,MLP,2025-06-30 20:15:00,185.0,215.6323467093181,True
584,MLP,2025-06-30 20:20:00,185.0,200.781251548612,True
584,MLP,2025-06-30 20:25:00,184.0,189.08317234564876,True
584,MLP,2025-06-30 20:30:00,181.0,179.35957003599768,True
584,MLP,2025-06-30 20:35:00,178.0,167.30658031485953,True
584,MLP,2025-06-30 20:40:00,174.0,165.33093608203038,True
584,MLP,2025-06-30 20:45:00,168.0,161.55630656837408,True
584,MLP,2025-06-30 20:50:00,164.0,188.94831182363308,True
584,MLP,2025-06-30 20:55:00,159.0,174.38384061120516,True
584,MLP,2025-06-30 21:00:00,154.0,167.50948547807255,True
584,MLP,2025-06-30 21:05:00,155.0,161.7339691191144,True
584,MLP,2025-06-30 21:10:00,154.0,176.97720863540115,True
584,MLP,2025-06-30 21:15:00,147.0,160.93421594341254,True
584,MLP,2025-06-30 21:20:00,138.0,157.4163422352962,True
584,MLP,2025-06-30 21:25:00,132.0,128.7742292038347,True
584,MLP,2025-06-30 21:30:00,128.0,124.52807406713382,True
584,MLP,2025-06-30 21:35:00,127.0,137.4681264663985,True
584,MLP,2025-06-30 21:40:00,127.0,125.57967257692043,True
584,MLP,2025-06-30 21:45:00,128.0,115.06034060122265,True
584,MLP,2025-06-30 21:50:00,131.0,116.13788692147094,True
584,MLP,2025-06-30 21:55:00,134.0,113.2027359734632,True
584,MLP,2025-06-30 22:00:00,134.0,107.97364932178027,True
584,MLP,2025-06-30 22:05:00,133.0,116.15413583135367,True
584,MLP,2025-06-30 22:10:00,131.0,115.72117662708803,True
584,MLP,2025-06-30 22:15:00,130.0,119.89101117610598,True
584,MLP,2025-06-30 22:20:00,131.0,129.22102870196883,True
584,MLP,2025-06-30 22:25:00,133.0,130.4183370156998,True
584,MLP,2025-06-30 22:30:00,135.0,121.59760722497131,True
584,MLP,2025-06-30 22:35:00,136.0,119.19055270938534,True
584,MLP,2025-06-30 22:40:00,136.0,116.44965132351666,True
584,MLP,2025-06-30 22:45:00,138.0,122.57735578661405,True
584,MLP,2025-06-30 22:50:00,138.0,130.9602659803876,True
584,MLP,2025-06-30 22:55:00,138.0,136.62985725874796,True
584,MLP,2025-06-30 23:00:00,137.0,138.7592197171888,True
584,MLP,2025-06-30 23:05:00,136.0,136.37478992400813,True
584,MLP,2025-06-30 23:10:00,136.0,132.41389093358853,True
584,MLP,2025-06-30 23:15:00,136.0,143.7947257500468,True
584,MLP,2025-06-30 23:20:00,138.0,133.92712907130806,True
584,MLP,2025-06-30 23:25:00,141.0,136.1218683846234,True
584,MLP,2025-06-30 23:30:00,144.0,130.2802153801567,True
584,MLP,2025-06-30 23:35:00,146.0,129.37376901400094,True
584,MLP,2025-06-30 23:40:00,148.0,132.4982012014723,True
584,MLP,2025-06-30 23:45:00,148.0,132.16505450922426,True
584,MLP,2025-06-30 23:50:00,147.0,142.48493049622002,True
584,MLP,2025-06-30 23:55:00,145.0,146.69787471729504,True
584,MLP,2025-07-01 00:00:00,145.0,150.26523639135874,True
584,MLP,2025-07-01 00:05:00,147.0,148.9165387329667,True
584,MLP,2025-07-01 00:10:00,149.0,152.0948192325529,True
584,MLP,2025-07-01 00:15:00,153.0,147.0811852855939,True
584,MLP,2025-07-01 00:20:00,158.0,146.66273150324403,True
584,MLP,2025-07-01 00:25:00,165.0,141.67593885568655,True
584,MLP,2025-07-01 00:30:00,170.0,147.57097662505478,True
584,MLP,2025-07-01 00:35:00,176.0,154.2889229278297,True
584,MLP,2025-07-01 00:40:00,181.0,156.62088500984757,True
584,MLP,2025-07-01 00:45:00,186.0,165.4584929053996,True
584,MLP,2025-07-01 00:50:00,188.0,171.90877161878024,True
584,MLP,2025-07-01 00:55:00,190.0,182.41358060794627,True
584,MLP,2025-07-01 01:00:00,193.0,185.9332962851638,True
584,MLP,2025-07-01 01:05:00,197.0,194.97283283497984,True
584,MLP,2025-07-01 01:10:00,200.0,195.9407214704665,True
584,MLP,2025-07-01 01:15:00,203.0,200.6774027819714,True
584,MLP,2025-07-01 01:20:00,206.0,192.52354353653362,True
584,MLP,2025-07-01 01:25:00,210.0,196.97003826152402,True
584,MLP,2025-07-01 01:30:00,215.0,202.83606190945514,True
584,MLP,2025-07-01 01:35:00,220.0,209.69327909030625,True
584,MLP,2025-07-01 01:40:00,225.0,211.00072518123986,True
584,MLP,2025-07-01 01:45:00,227.0,213.94801461895244,True
584,MLP,2025-07-01 01:50:00,229.0,215.80685650184242,True
584,MLP,2025-07-01 01:55:00,230.0,221.24094552585495,True
584,MLP,2025-07-01 02:00:00,230.0,226.81076822079118,True
584,MLP,2025-07-01 02:05:00,230.0,233.63680748691056,True
584,MLP,2025-07-01 02:10:00,230.0,239.77718589592914,True
584,MLP,2025-07-01 02:15:00,231.0,234.12475749644778,True
584,MLP,2025-07-01 02:20:00,232.0,238.78255443521593,True
584,MLP,2025-07-01 02:25:00,232.0,234.87440098403624,True
584,MLP,2025-07-01 02:30:00,233.0,231.65063198188204,True
584,MLP,2025-07-01 02:35:00,235.0,231.67474419073588,True
584,MLP,2025-07-01 02:40:00,235.0,232.86609868162444,True
584,MLP,2025-07-01 02:45:00,235.0,238.61750722406956,True
584,MLP,2025-07-01 02:50:00,235.0,238.5619912159814,True
584,MLP,2025-07-01 02:55:00,234.0,235.74478277167555,True
584,MLP,2025-07-01 03:00:00,234.0,238.12965476868476,True
584,MLP,2025-07-01 03:05:00,234.0,241.0018018197917,True
584,MLP,2025-07-01 03:10:00,234.0,237.55599360850445,True
584,MLP,2025-07-01 03:15:00,235.0,238.45514212105164,True
584,MLP,2025-07-01 03:20:00,234.0,237.11253454196475,True
584,MLP,2025-07-01 03:25:00,229.0,234.6225486770228,True
584,MLP,2025-07-01 03:30:00,221.0,237.70256933765822,True
584,MLP,2025-07-01 03:35:00,215.0,237.11094335419025,True
584,MLP,2025-07-01 03:40:00,211.0,237.63995504411233,True
584,MLP,2025-07-01 03:45:00,207.0,239.8701062880759,True
584,MLP,2025-07-01 03:50:00,205.0,234.4231734515666,True
584,MLP,2025-07-01 03:55:00,205.0,225.17668114381277,True
584,MLP,2025-07-01 04:00:00,205.0,217.1238450735738,True
584,MLP,2025-07-01 04:05:00,205.0,215.07673925661504,True
584,MLP,2025-07-01 04:10:00,205.0,213.56192731726003,True
584,MLP,2025-07-01 04:15:00,205.0,208.90225038051506,True
584,MLP,2025-07-01 04:20:00,205.0,207.2700313316577,True
584,MLP,2025-07-01 04:25:00,178.0,207.71180953226403,True
584,MLP,2025-07-01 04:30:00,176.0,205.7727890362605,True
584,MLP,2025-07-01 04:35:00,174.0,207.9192049205001,True
584,MLP,2025-07-01 04:40:00,172.0,208.37935039812632,True
584,MLP,2025-07-01 04:45:00,169.0,208.10793840726106,True
584,MLP,2025-07-01 04:50:00,167.0,203.82594591301478,True
584,MLP,2025-07-01 04:55:00,165.0,175.25476273214795,True
584,MLP,2025-07-01 05:00:00,165.0,175.50427967356669,True
584,MLP,2025-07-01 05:05:00,168.0,167.1613686733385,True
584,MLP,2025-07-01 05:10:00,171.0,162.56772800578477,True
584,MLP,2025-07-01 05:15:00,171.0,156.91308723915083,True
584,MLP,2025-07-01 05:20:00,171.0,160.44248539574576,True
584,MLP,2025-07-01 05:25:00,170.0,151.83734146375753,True
584,MLP,2025-07-01 05:30:00,170.0,170.99236271184762,True
584,MLP,2025-07-01 05:35:00,170.0,176.95767393872404,True
584,MLP,2025-07-01 05:40:00,165.0,184.14992126846815,True
584,MLP,2025-07-01 05:45:00,161.0,169.59417726998603,True
584,MLP,2025-07-01 05:50:00,158.0,163.63901843044113,True
584,MLP,2025-07-01 05:55:00,155.0,166.0286366811984,True
584,MLP,2025-07-01 06:00:00,148.0,170.03327976303777,True
584,MLP,2025-07-01 06:05:00,140.0,169.23740622227635,True
584,MLP,2025-07-01 06:10:00,133.0,152.61194990640135,True
584,MLP,2025-07-01 06:15:00,126.0,145.9818382364431,True
584,MLP,2025-07-01 06:20:00,121.0,142.86426412843142,True
584,MLP,2025-07-01 06:25:00,115.0,139.92431700731794,True
584,MLP,2025-07-01 06:30:00,112.0,133.3858380670969,True
584,MLP,2025-07-01 06:35:00,108.0,113.58934347295744,True
584,MLP,2025-07-01 06:40:00,107.0,108.81159108900536,True
584,MLP,2025-07-01 06:45:00,104.0,100.43679843060852,True
584,MLP,2025-07-01 06:50:00,105.0,105.81966651792061,True
584,MLP,2025-07-01 06:55:00,106.0,98.28487370246445,True
584,MLP,2025-07-01 07:00:00,109.0,102.12900976803692,True
584,MLP,2025-07-01 07:05:00,115.0,94.12071978034339,True
584,MLP,2025-07-01 07:10:00,121.0,100.44421430038682,True
584,MLP,2025-07-01 07:15:00,124.0,93.41069618704319,True
584,MLP,2025-07-01 07:20:00,128.0,110.91384115069097,True
584,MLP,2025-07-01 07:25:00,132.0,106.70362622335976,True
584,MLP,2025-07-01 07:30:00,136.0,116.54212826274203,True
584,MLP,2025-07-01 07:35:00,139.0,129.6443882681502,True
584,MLP,2025-07-01 07:40:00,140.0,136.37416297406634,True
584,MLP,2025-07-01 07:45:00,139.0,128.0313903116002,True
584,MLP,2025-07-01 07:50:00,140.0,140.03135270790162,True
584,MLP,2025-07-01 07:55:00,142.0,143.45646011305254,True
584,MLP,2025-07-01 08:00:00,146.0,147.0415203001174,True
584,MLP,2025-07-01 08:05:00,153.0,147.96737829705606,True
584,MLP,2025-07-01 08:10:00,159.0,143.82586707892514,True
584,MLP,2025-07-01 08:15:00,162.0,159.5676496199229,True
584,MLP,2025-07-01 08:20:00,162.0,171.33269544606117,True
584,MLP,2025-07-01 08:25:00,161.0,174.27894062486888,True
584,MLP,2025-07-01 08:30:00,160.0,176.03482701723146,True
584,MLP,2025-07-01 08:35:00,153.0,182.43671793627757,True
584,MLP,2025-07-01 08:40:00,147.0,177.42341647793083,True
584,MLP,2025-07-01 08:45:00,141.0,165.1587560188503,True
584,MLP,2025-07-01 08:50:00,136.0,151.68552565591148,True
584,MLP,2025-07-01 08:55:00,132.0,143.81995656707534,True
584,MLP,2025-07-01 09:00:00,128.0,141.6901057475758,True
584,MLP,2025-07-01 09:05:00,122.0,121.30588853120325,True
584,MLP,2025-07-01 09:10:00,118.0,118.8863831401753,True
584,MLP,2025-07-01 09:15:00,114.0,107.54806569639942,True
584,MLP,2025-07-01 09:20:00,111.0,108.55167418440604,True
584,MLP,2025-07-01 09:25:00,108.0,111.08536562698535,True
584,MLP,2025-07-01 09:30:00,106.0,107.497502893285,True
584,MLP,2025-07-01 09:35:00,105.0,99.42923531511951,True
584,MLP,2025-07-01 09:40:00,102.0,99.66745284499267,True
584,MLP,2025-07-01 09:45:00,99.0,96.5830195830592,True
584,MLP,2025-07-01 09:50:00,97.0,100.21088938771447,True
584,MLP,2025-07-01 09:55:00,95.0,96.39212196325093,True
584,MLP,2025-07-01 10:00:00,95.0,98.29280473784608,True
584,MLP,2025-07-01 10:05:00,95.0,100.60377994442763,True
584,MLP,2025-07-01 10:10:00,94.0,93.61557648829852,True
584,MLP,2025-07-01 10:15:00,93.0,91.38054604055782,True
584,MLP,2025-07-01 10:20:00,92.0,92.26541426432405,True
584,MLP,2025-07-01 10:25:00,91.0,90.71520390850351,True
584,MLP,2025-07-01 10:30:00,90.0,99.01909741399678,True
584,MLP,2025-07-01 10:35:00,90.0,98.38584022531988,True
584,MLP,2025-07-01 10:40:00,89.0,93.64894950665877,True
584,MLP,2025-07-01 10:45:00,89.0,93.47109786032475,True
584,MLP,2025-07-01 10:50:00,88.0,92.04787200583236,True
584,MLP,2025-07-01 10:55:00,87.0,91.31105753555386,True
584,MLP,2025-07-01 11:00:00,87.0,90.34689041472674,True
584,MLP,2025-07-01 11:05:00,89.0,93.84764699049434,True
584,MLP,2025-07-01 11:10:00,91.0,87.94776469253,True
584,MLP,2025-07-01 11:15:00,94.0,92.64415734251526,True
584,MLP,2025-07-01 11:20:00,95.0,87.49962789701347,True
584,MLP,2025-07-01 11:25:00,95.0,89.3027942657981,True
584,MLP,2025-07-01 11:30:00,94.0,91.93410968342289,True
584,MLP,2025-07-01 11:35:00,92.0,100.68109084542546,True
584,MLP,2025-07-01 11:40:00,91.0,101.76934579195922,True
584,MLP,2025-07-01 11:45:00,90.0,109.46206008485598,True
584,MLP,2025-07-01 11:50:00,89.0,100.48060317886981,True
584,MLP,2025-07-01 11:55:00,88.0,99.22130176964933,True
584,MLP,2025-07-01 12:00:00,88.0,96.45030002436351,True
584,MLP,2025-07-01 12:05:00,89.0,95.00699922168805,True
584,MLP,2025-07-01 12:10:00,91.0,98.6564548694726,True
584,MLP,2025-07-01 12:15:00,93.0,94.82111444592067,True
584,MLP,2025-07-01 12:20:00,97.0,94.08544351174223,True
584,MLP,2025-07-01 12:25:00,100.0,91.7739358120364,True
584,MLP,2025-07-01 12:30:00,103.0,93.66489395137604,True
584,MLP,2025-07-01 12:35:00,106.0,96.94881174335416,True
584,MLP,2025-07-01 12:40:00,109.0,103.26030838508615,True
584,MLP,2025-07-01 12:45:00,113.0,128.7159029258343,True
584,MLP,2025-07-01 12:50:00,114.0,134.6776164774638,True
584,MLP,2025-07-01 12:55:00,114.0,131.46167758011126,True
584,MLP,2025-07-01 13:00:00,113.0,132.98806125878312,True
584,MLP,2025-07-01 13:05:00,112.0,125.3542737983339,True
584,MLP,2025-07-01 13:10:00,112.0,121.18732871729793,True
584,MLP,2025-07-01 13:15:00,111.0,124.6143799286996,True
584,MLP,2025-07-01 13:20:00,108.0,117.15961670938812,True
584,MLP,2025-07-01 13:25:00,107.0,111.83976407405292,True
584,MLP,2025-07-01 13:30:00,106.0,105.15848647868216,True
584,MLP,2025-07-01 13:35:00,105.0,99.62639177059177,True
584,MLP,2025-07-01 13:40:00,107.0,100.67636704396361,True
584,MLP,2025-07-01 13:45:00,108.0,96.74812962183321,True
584,MLP,2025-07-01 13:50:00,107.0,90.96905375980008,True
584,MLP,2025-07-01 13:55:00,107.0,96.21798367374555,True
584,MLP,2025-07-01 14:00:00,106.0,96.84118515149531,True
584,MLP,2025-07-01 14:05:00,104.0,96.90001218529758,True
584,MLP,2025-07-01 14:10:00,105.0,108.72274748414803,True
584,MLP,2025-07-01 14:15:00,106.0,106.32526582666384,True
584,MLP,2025-07-01 14:20:00,105.0,102.00786549827902,True
584,MLP,2025-07-01 14:25:00,107.0,106.378061488921,True
584,MLP,2025-07-01 14:30:00,110.0,103.01103160187931,True
584,MLP,2025-07-01 14:35:00,110.0,99.83827199550457,True
584,MLP,2025-07-01 14:40:00,111.0,110.34987516963943,True
584,MLP,2025-07-01 14:45:00,113.0,108.34171994410616,True
584,MLP,2025-07-01 14:50:00,115.0,102.15124513393317,True
584,MLP,2025-07-01 14:55:00,118.0,113.49883262613793,True
584,MLP,2025-07-01 15:00:00,119.0,117.28719510587378,True
584,MLP,2025-07-01 15:05:00,120.0,109.61000100206095,True
584,MLP,2025-07-01 15:10:00,121.0,114.05056322320772,True
584,MLP,2025-07-01 15:15:00,123.0,118.7628701660507,True
584,MLP,2025-07-01 15:20:00,127.0,118.98801738822964,True
584,MLP,2025-07-01 15:25:00,130.0,127.13434469099343,True
584,MLP,2025-07-01 15:30:00,132.0,121.02255292065968,True
584,MLP,2025-07-01 15:35:00,136.0,122.05484098213459,True
584,MLP,2025-07-01 15:40:00,141.0,123.963797000818,True
584,MLP,2025-07-01 15:45:00,148.0,130.6698842576039,True
584,MLP,2025-07-01 15:50:00,152.0,142.35103810252966,True
584,MLP,2025-07-01 15:55:00,153.0,139.5766436007785,True
584,MLP,2025-07-01 16:00:00,153.0,139.27504400897237,True
584,MLP,2025-07-01 16:05:00,154.0,150.59446184455393,True
584,MLP,2025-07-01 16:10:00,154.0,156.76195346109904,True
584,MLP,2025-07-01 16:15:00,154.0,169.29083156041062,True
584,MLP,2025-07-01 16:20:00,154.0,161.8579549371362,True
584,MLP,2025-07-01 16:25:00,154.0,158.90014370657042,True
584,MLP,2025-07-01 16:30:00,154.0,156.9177825210949,True
584,MLP,2025-07-01 16:35:00,154.0,158.47713777044666,True
584,MLP,2025-07-01 16:55:00,227.0,152.73091878897222,True
584,MLP,2025-07-01 17:00:00,233.0,152.12487440743936,True
584,MLP,2025-07-01 17:05:00,235.0,178.67276497552214,True
584,MLP,2025-07-01 17:10:00,236.0,175.8927879150548,False
584,MLP,2025-07-01 17:15:00,237.0,176.41851641781955,False
584,MLP,2025-07-01 17:20:00,236.0,168.5462206786875,False
584,MLP,2025-07-01 17:25:00,234.0,194.0340751640358,True
584,MLP,2025-07-01 17:30:00,231.0,213.78358585577675,True
584,MLP,2025-07-01 17:35:00,230.0,224.23185334689796,True
584,MLP,2025-07-01 17:40:00,228.0,228.69700311844767,True
584,MLP,2025-07-01 17:45:00,227.0,230.2620947193786,True
584,MLP,2025-07-01 17:50:00,224.0,221.63712069796273,True
584,MLP,2025-07-01 17:55:00,220.0,220.18164634691385,True
584,MLP,2025-07-01 18:00:00,216.0,214.65057375305508,True
584,MLP,2025-07-01 18:05:00,212.0,219.5008534246601,True
584,MLP,2025-07-01 18:10:00,208.0,214.78179714990682,True
584,MLP,2025-07-01 18:15:00,203.0,217.29695687980913,True
584,MLP,2025-07-01 18:20:00,199.0,207.46659254722923,True
584,MLP,2025-07-01 18:25:00,196.0,202.18172079468022,True
584,MLP,2025-07-01 18:30:00,194.0,198.9526293246042,True
584,MLP,2025-07-01 18:35:00,194.0,192.53329255559797,True
584,MLP,2025-07-01 18:40:00,193.0,186.9443108248984,True
584,MLP,2025-07-01 18:45:00,193.0,177.98731624200116,True
584,MLP,2025-07-01 18:50:00,192.0,176.62767662889823,True
584,MLP,2025-07-01 18:55:00,191.0,176.43127521454258,True
584,MLP,2025-07-01 19:00:00,191.0,179.99942200877115,True
584,MLP,2025-07-01 19:05:00,191.0,187.71201450595558,True
584,MLP,2025-07-01 19:10:00,191.0,181.98290910586456,True
584,MLP,2025-07-01 19:15:00,191.0,187.46276493360853,True
584,MLP,2025-07-01 19:20:00,190.0,181.84536317028974,True
584,MLP,2025-07-01 19:25:00,187.0,182.33281727345374,True
584,MLP,2025-07-01 19:30:00,185.0,184.32967040330857,True
584,MLP,2025-07-01 19:35:00,182.0,185.0684007172938,True
584,MLP,2025-07-01 19:40:00,179.0,186.04477086332844,True
584,MLP,2025-07-01 19:45:00,176.0,185.98981452842938,True
584,MLP,2025-07-01 19:50:00,174.0,182.43524918420022,True
584,MLP,2025-07-01 19:55:00,173.0,176.22616444560433,True
584,MLP,2025-07-01 20:00:00,173.0,176.97971481724198,True
584,MLP,2025-07-01 20:05:00,173.0,171.04479770115884,True
584,MLP,2025-07-01 20:10:00,173.0,169.89180659784546,True
584,MLP,2025-07-01 20:15:00,171.0,169.56866232430895,True
584,MLP,2025-07-01 20:20:00,163.0,174.09797738747542,True
584,MLP,2025-07-01 20:25:00,150.0,175.06441255891397,True
584,MLP,2025-07-01 20:30:00,137.0,186.95947846554765,True
584,MLP,2025-07-01 20:35:00,127.0,179.32577631853295,True
584,MLP,2025-07-01 20:40:00,118.0,172.96077308059262,True
584,MLP,2025-07-01 20:45:00,112.0,162.19434854284341,True
584,MLP,2025-07-01 20:50:00,108.0,132.55738492967166,True
584,MLP,2025-07-01 20:55:00,107.0,115.1803740806465,True
584,MLP,2025-07-01 21:00:00,105.0,102.13514316685917,True
584,MLP,2025-07-01 21:05:00,103.0,94.5711120537303,True
584,MLP,2025-07-01 21:10:00,101.0,89.90204440174135,True
584,MLP,2025-07-01 21:15:00,101.0,98.74657118921026,True
584,MLP,2025-07-01 21:20:00,102.0,96.91920950837778,True
584,MLP,2025-07-01 21:25:00,105.0,106.80981832525565,True
584,MLP,2025-07-01 21:30:00,108.0,104.17562592416226,True
584,MLP,2025-07-01 21:35:00,111.0,101.3783636672039,True
584,MLP,2025-07-01 21:40:00,114.0,96.58794066281952,True
584,MLP,2025-07-01 21:45:00,116.0,101.16512312314593,True
584,MLP,2025-07-01 21:50:00,118.0,107.4975511059086,True
584,MLP,2025-07-01 21:55:00,120.0,119.93474557770749,True
584,MLP,2025-07-01 22:00:00,122.0,118.69203647100993,True
584,MLP,2025-07-01 22:05:00,124.0,119.65481483210996,True
584,MLP,2025-07-01 22:10:00,125.0,121.65707520066147,True
584,MLP,2025-07-01 22:15:00,126.0,120.85047418129342,True
584,MLP,2025-07-01 22:20:00,127.0,124.50405847932635,True
584,MLP,2025-07-01 22:25:00,127.0,127.43753179582885,True
584,MLP,2025-07-01 22:30:00,129.0,130.384421049829,True
584,MLP,2025-07-01 22:35:00,130.0,131.4010219482519,True
584,MLP,2025-07-01 22:40:00,131.0,128.98367749633317,True
584,MLP,2025-07-01 22:45:00,131.0,130.16835317269275,True
584,MLP,2025-07-01 22:50:00,130.0,132.08105543257423,True
584,MLP,2025-07-01 22:55:00,130.0,130.39962060785564,True
584,MLP,2025-07-01 23:00:00,132.0,138.4173124675248,True
584,MLP,2025-07-01 23:05:00,134.0,136.20451137013262,True
584,MLP,2025-07-01 23:10:00,137.0,137.86044920110356,True
584,MLP,2025-07-01 23:15:00,140.0,134.75541848847158,True
584,MLP,2025-07-01 23:20:00,141.0,130.87823488057177,True
584,MLP,2025-07-01 23:25:00,141.0,133.2515405614411,True
584,MLP,2025-07-01 23:30:00,141.0,141.20385211253029,True
584,MLP,2025-07-01 23:35:00,143.0,141.73367617901616,True
584,MLP,2025-07-01 23:40:00,141.0,147.2151500875485,True
584,MLP,2025-07-01 23:45:00,140.0,148.7141634198144,True
584,MLP,2025-07-01 23:50:00,141.0,143.46373820039418,True
584,MLP,2025-07-01 23:55:00,143.0,141.81962148285064,True
584,MLP,2025-07-02 00:00:00,146.0,143.72361319545095,True
584,MLP,2025-07-02 00:05:00,149.0,151.86277889109874,True
584,MLP,2025-07-02 00:10:00,152.0,139.8757146040986,True
584,MLP,2025-07-02 00:15:00,154.0,140.08154429334164,True
584,MLP,2025-07-02 00:20:00,156.0,143.2814030247283,True
584,MLP,2025-07-02 00:25:00,157.0,148.18425391245475,True
584,MLP,2025-07-02 00:30:00,158.0,156.9998438649833,True
584,MLP,2025-07-02 00:35:00,157.0,160.11465896163904,True
584,MLP,2025-07-02 00:40:00,154.0,161.29751982722428,True
584,MLP,2025-07-02 00:45:00,151.0,160.2617701345776,True
584,MLP,2025-07-02 00:50:00,149.0,163.30924171853567,True
584,MLP,2025-07-02 00:55:00,147.0,161.23160504780188,True
584,MLP,2025-07-02 01:00:00,145.0,162.3137675695946,True
584,MLP,2025-07-02 01:05:00,143.0,156.1175877587847,True
584,MLP,2025-07-02 01:10:00,142.0,149.22461023886294,True
584,MLP,2025-07-02 01:15:00,142.0,146.4538020830091,True
584,MLP,2025-07-02 01:20:00,143.0,145.98839716302328,True
584,MLP,2025-07-02 01:25:00,143.0,142.53727807547645,True
584,MLP,2025-07-02 01:30:00,144.0,140.88769594918082,True
584,MLP,2025-07-02 01:35:00,147.0,137.8751346731195,True
584,MLP,2025-07-02 01:40:00,150.0,139.30678430304013,True
584,MLP,2025-07-02 01:45:00,152.0,141.05180134041552,True
584,MLP,2025-07-02 01:50:00,153.0,144.595198718696,True
584,MLP,2025-07-02 01:55:00,152.0,142.51589122422595,True
584,MLP,2025-07-02 02:00:00,151.0,146.99077997910499,True
584,MLP,2025-07-02 02:05:00,150.0,151.38401986341734,True
584,MLP,2025-07-02 02:10:00,149.0,154.22405770301316,True
584,MLP,2025-07-02 02:15:00,150.0,155.63183665550181,True
584,MLP,2025-07-02 02:20:00,151.0,155.68283895019087,True
584,MLP,2025-07-02 02:25:00,149.0,151.27329843499078,True
584,MLP,2025-07-02 02:30:00,148.0,151.57263175976956,True
584,MLP,2025-07-02 02:35:00,147.0,150.63767368067388,True
584,MLP,2025-07-02 02:40:00,145.0,148.78650565984907,True
584,MLP,2025-07-02 02:45:00,145.0,153.13852994473046,True
584,MLP,2025-07-02 02:50:00,145.0,153.91126632443306,True
584,MLP,2025-07-02 02:55:00,145.0,148.13442112997674,True
584,MLP,2025-07-02 03:00:00,144.0,149.69125035254626,True
584,MLP,2025-07-02 03:05:00,143.0,146.9269221036422,True
584,MLP,2025-07-02 03:10:00,141.0,141.4430310125127,True
584,MLP,2025-07-02 03:15:00,140.0,145.15335253497102,True
584,MLP,2025-07-02 03:20:00,141.0,142.44562208928323,True
584,MLP,2025-07-02 03:25:00,140.0,141.80189971463213,True
584,MLP,2025-07-02 03:30:00,139.0,140.14377881846497,True
584,MLP,2025-07-02 03:35:00,138.0,140.68236153454143,True
584,MLP,2025-07-02 03:40:00,138.0,135.59511456610184,True
584,MLP,2025-07-02 03:45:00,137.0,136.64711490843573,True
584,MLP,2025-07-02 03:50:00,137.0,139.66898181738785,True
584,MLP,2025-07-02 03:55:00,135.0,133.84558363186702,True
584,MLP,2025-07-02 04:00:00,135.0,134.33720154046247,True
584,MLP,2025-07-02 04:05:00,134.0,133.66104790141785,True
584,MLP,2025-07-02 04:10:00,133.0,135.6398144482221,True
584,MLP,2025-07-02 04:15:00,132.0,132.1412819853087,True
584,MLP,2025-07-02 04:20:00,131.0,135.14481988423162,True
584,MLP,2025-07-02 04:25:00,130.0,128.8241162882816,True
584,MLP,2025-07-02 04:30:00,129.0,133.52291010837692,True
584,MLP,2025-07-02 04:35:00,129.0,127.95524980856298,True
584,MLP,2025-07-02 04:40:00,129.0,128.94642710113328,True
584,MLP,2025-07-02 04:45:00,129.0,127.49200713062706,True
584,MLP,2025-07-02 04:50:00,129.0,126.94401037109289,True
584,MLP,2025-07-02 04:55:00,129.0,125.22086863612834,True
584,MLP,2025-07-02 05:00:00,129.0,124.71144805717454,True
584,MLP,2025-07-02 05:05:00,129.0,127.027993765287,True
584,MLP,2025-07-02 05:45:00,120.0,136.5281471150984,False
584,MLP,2025-07-02 05:50:00,117.0,137.43925374064258,False
584,MLP,2025-07-02 05:55:00,113.0,138.17557526835301,False
584,MLP,2025-07-02 06:00:00,110.0,138.15748118554123,False
584,MLP,2025-07-02 06:05:00,108.0,153.78855407888713,False
584,MLP,2025-07-02 06:10:00,107.0,154.32656755545028,False
584,MLP,2025-07-02 06:15:00,106.0,124.66903717362325,True
584,MLP,2025-07-02 06:20:00,106.0,116.2532499264691,True
584,MLP,2025-07-02 06:25:00,106.0,114.73170435329132,True
584,MLP,2025-07-02 06:30:00,106.0,113.86927134261187,True
584,MLP,2025-07-02 06:35:00,106.0,115.25300723860445,True
584,MLP,2025-07-02 06:40:00,107.0,115.46223025980888,True
584,MLP,2025-07-02 06:45:00,109.0,112.12716100152187,True
584,MLP,2025-07-02 06:50:00,111.0,112.56601257793893,True
584,MLP,2025-07-02 06:55:00,113.0,112.5176844929164,True
584,MLP,2025-07-02 07:00:00,116.0,111.37714178380027,True
584,MLP,2025-07-02 07:05:00,117.0,109.50024536530387,True
584,MLP,2025-07-02 07:10:00,118.0,110.8837083536155,True
584,MLP,2025-07-02 07:15:00,119.0,112.29929513613095,True
584,MLP,2025-07-02 07:20:00,120.0,113.42888904423074,True
584,MLP,2025-07-02 07:25:00,120.0,116.49508193406106,True
584,MLP,2025-07-02 07:30:00,120.0,125.10427597472628,True
584,MLP,2025-07-02 07:35:00,120.0,119.70817471790427,True
584,MLP,2025-07-02 07:40:00,120.0,122.6050704803391,True
584,MLP,2025-07-02 07:45:00,120.0,124.7144686612754,True
584,MLP,2025-07-02 07:50:00,122.0,126.65742851177411,True
584,MLP,2025-07-02 07:55:00,123.0,125.3839243137731,True
584,MLP,2025-07-02 08:00:00,126.0,126.58743228879426,True
584,MLP,2025-07-02 08:05:00,130.0,126.19574224926885,True
584,MLP,2025-07-02 08:10:00,136.0,127.20248943478045,True
584,MLP,2025-07-02 08:15:00,143.0,127.24563701442801,True
584,MLP,2025-07-02 08:20:00,152.0,133.5751418140272,True
584,MLP,2025-07-02 08:25:00,161.0,131.98408213327346,True
584,MLP,2025-07-02 08:30:00,169.0,140.97683127208077,True
584,MLP,2025-07-02 08:35:00,176.0,147.87363617295287,True
584,MLP,2025-07-02 08:40:00,180.0,161.3493052317805,True
584,MLP,2025-07-02 08:45:00,184.0,171.23454864494482,True
584,MLP,2025-07-02 08:50:00,186.0,183.70497174610782,True
584,MLP,2025-07-02 08:55:00,188.0,190.7580866642177,True
584,MLP,2025-07-02 09:00:00,188.0,194.05813409861904,True
584,MLP,2025-07-02 09:05:00,189.0,195.50446068157794,True
584,MLP,2025-07-02 09:10:00,190.0,188.87276328537055,True
584,MLP,2025-07-02 09:15:00,188.0,195.44993981779706,True
584,MLP,2025-07-02 09:20:00,192.0,191.39196327610537,True
584,MLP,2025-07-02 09:25:00,197.0,195.00165592021088,True
584,MLP,2025-07-02 09:30:00,202.0,186.73601909846107,True
584,MLP,2025-07-02 09:35:00,206.0,209.1285366115191,True
584,MLP,2025-07-02 09:40:00,207.0,212.2299458305433,True
584,MLP,2025-07-02 09:45:00,205.0,207.42533882917732,True
584,MLP,2025-07-02 09:50:00,200.0,215.83076257489276,True
584,MLP,2025-07-02 09:55:00,194.0,218.90012547363833,True
584,MLP,2025-07-02 10:00:00,186.0,219.60700144751368,True
584,MLP,2025-07-02 10:05:00,177.0,213.8936900412871,True
584,MLP,2025-07-02 10:10:00,166.0,200.02159247811383,True
584,MLP,2025-07-02 10:15:00,157.0,182.22980411650857,True
584,MLP,2025-07-02 10:20:00,149.0,166.4147307895264,True
584,MLP,2025-07-02 10:25:00,143.0,159.14736152188178,True
584,MLP,2025-07-02 10:30:00,138.0,145.08577633015204,True
584,MLP,2025-07-02 10:35:00,135.0,138.21626518604901,True
584,MLP,2025-07-02 10:40:00,131.0,130.70072005643482,True
584,MLP,2025-07-02 10:45:00,126.0,125.80527471920254,True
584,MLP,2025-07-02 10:50:00,121.0,116.06279557824314,True
584,MLP,2025-07-02 10:55:00,116.0,116.36273936439576,True
584,MLP,2025-07-02 11:00:00,111.0,112.60901912205505,True
584,MLP,2025-07-02 11:05:00,105.0,115.7716587574608,True
584,MLP,2025-07-02 11:10:00,101.0,109.9121699515261,True
584,MLP,2025-07-02 11:15:00,99.0,103.53822879248725,True
584,MLP,2025-07-02 11:20:00,99.0,101.40764780014464,True
584,MLP,2025-07-02 11:25:00,100.0,97.23965441889422,True
584,MLP,2025-07-02 11:30:00,101.0,91.61197885734268,True
584,MLP,2025-07-02 11:35:00,104.0,83.5309997490168,True
584,MLP,2025-07-02 11:40:00,106.0,85.05384686517067,True
584,MLP,2025-07-02 11:45:00,106.0,87.30461626783739,True
584,MLP,2025-07-02 11:50:00,107.0,96.24345531177286,True
584,MLP,2025-07-02 11:55:00,108.0,105.96065950249212,True
584,MLP,2025-07-02 12:00:00,110.0,105.82895233242428,True
584,MLP,2025-07-02 12:05:00,113.0,115.90930243826487,True
584,MLP,2025-07-02 12:10:00,116.0,110.53972005631914,True
584,MLP,2025-07-02 12:15:00,120.0,102.30000437134566,True
584,MLP,2025-07-02 12:20:00,123.0,106.87006934600277,True
584,MLP,2025-07-02 12:25:00,129.0,106.50308281561402,True
584,MLP,2025-07-02 12:30:00,135.0,113.31233320534905,True
584,MLP,2025-07-02 12:35:00,140.0,121.86862028224891,True
584,MLP,2025-07-02 12:40:00,156.0,127.97287263537835,True
584,MLP,2025-07-02 12:45:00,165.0,137.36508400107718,True
584,MLP,2025-07-02 12:50:00,169.0,135.09875160739182,True
584,MLP,2025-07-02 12:55:00,172.0,151.1415974499706,True
584,MLP,2025-07-02 13:00:00,177.0,153.97252258834922,True
584,MLP,2025-07-02 13:05:00,180.0,156.11545324277117,True
584,MLP,2025-07-02 13:10:00,189.0,197.90941069499289,True
584,MLP,2025-07-02 13:15:00,202.0,190.4582256257177,True
584,MLP,2025-07-02 13:20:00,218.0,188.15575087538784,True
584,MLP,2025-07-02 13:25:00,229.0,189.11521569778094,True
584,MLP,2025-07-02 13:30:00,237.0,201.38307689142403,True
584,MLP,2025-07-02 13:35:00,244.0,190.801829592365,True
584,MLP,2025-07-02 13:40:00,247.0,217.00138830410086,True
584,MLP,2025-07-02 13:45:00,250.0,228.2733660119993,True
584,MLP,2025-07-02 13:50:00,253.0,245.8365840847632,True
584,MLP,2025-07-02 13:55:00,257.0,247.54090933657383,True
584,MLP,2025-07-02 14:00:00,259.0,258.93761077580007,True
584,MLP,2025-07-02 14:05:00,261.0,271.77265860543383,True
584,MLP,2025-07-02 14:10:00,261.0,261.57164685342826,True
584,MLP,2025-07-02 14:15:00,260.0,263.93933516744715,True
584,MLP,2025-07-02 14:20:00,260.0,260.7283840412831,True
584,MLP,2025-07-02 14:25:00,260.0,264.251821024066,True
584,MLP,2025-07-02 14:30:00,262.0,263.58789550631155,True
584,MLP,2025-07-02 14:35:00,263.0,266.9369685809383,True
584,MLP,2025-07-02 14:40:00,265.0,262.6842269484523,True
584,MLP,2025-07-02 14:45:00,265.0,257.1320332229255,True
584,MLP,2025-07-02 14:50:00,265.0,258.77221416621455,True
584,MLP,2025-07-02 14:55:00,266.0,260.58640175717505,True
584,MLP,2025-07-02 15:00:00,267.0,266.4867648786995,True
584,MLP,2025-07-02 15:05:00,268.0,262.69324445477434,True
584,MLP,2025-07-02 15:10:00,269.0,266.8008458298954,True
584,MLP,2025-07-02 15:15:00,269.0,261.54854169313245,True
584,MLP,2025-07-02 15:20:00,268.0,261.87506541003,True
584,MLP,2025-07-02 15:25:00,264.0,262.74051754085997,True
584,MLP,2025-07-02 15:30:00,257.0,278.4756059912088,True
584,MLP,2025-07-02 15:35:00,253.0,269.99046133560967,True
584,MLP,2025-07-02 15:40:00,248.0,266.3906981703491,True
584,MLP,2025-07-02 15:45:00,240.0,256.6836606671101,True
584,MLP,2025-07-02 15:50:00,227.0,249.61628971866688,True
584,MLP,2025-07-02 15:55:00,214.0,240.95577048533693,True
584,MLP,2025-07-02 16:00:00,204.0,222.22596305079927,True
584,MLP,2025-07-02 16:05:00,199.0,234.32460198692345,True
584,MLP,2025-07-02 16:10:00,196.0,220.99501833967884,True
584,MLP,2025-07-02 16:15:00,194.0,193.2457699883751,True
584,MLP,2025-07-02 16:20:00,190.0,168.74186725429394,True
584,MLP,2025-07-02 16:25:00,185.0,156.7672445460008,True
584,MLP,2025-07-02 16:30:00,180.0,166.54671399259826,True
584,MLP,2025-07-02 16:35:00,176.0,178.29687783509323,True
584,MLP,2025-07-02 16:40:00,172.0,181.64969371292332,True
584,MLP,2025-07-02 16:45:00,165.0,182.3921724927793,True
584,MLP,2025-07-02 16:50:00,154.0,169.53171983257235,True
584,MLP,2025-07-02 16:55:00,168.0,166.58079513462107,True
584,MLP,2025-07-02 17:00:00,159.0,163.18365287925073,True
584,MLP,2025-07-02 17:05:00,153.0,159.30978652350487,True
584,MLP,2025-07-02 17:10:00,148.0,151.84737712268068,True
584,MLP,2025-07-02 17:15:00,143.0,138.82583620238398,True
584,MLP,2025-07-02 17:20:00,140.0,126.31668235602419,True
584,MLP,2025-07-02 17:25:00,137.0,173.33512679222923,True
584,MLP,2025-07-02 17:30:00,134.0,139.3423933012384,True
584,MLP,2025-07-02 17:35:00,131.0,144.87703673701665,True
584,MLP,2025-07-02 17:40:00,128.0,127.69657846844265,True
584,MLP,2025-07-02 17:45:00,126.0,131.43086319474608,True
584,MLP,2025-07-02 17:50:00,126.0,128.44778083920815,True
584,MLP,2025-07-02 17:55:00,125.0,126.3104625484344,True
584,MLP,2025-07-02 18:00:00,123.0,121.42464178397104,True
584,MLP,2025-07-02 18:05:00,123.0,110.91105142353913,True
584,MLP,2025-07-02 18:10:00,126.0,113.2953618855398,True
584,MLP,2025-07-02 18:15:00,126.0,115.23443293973445,True
584,MLP,2025-07-02 18:20:00,124.0,118.15643096699786,True
584,MLP,2025-07-02 18:25:00,112.0,122.73322164246602,True
584,MLP,2025-07-02 18:30:00,109.0,111.80828923054031,True
584,MLP,2025-07-02 18:35:00,116.0,117.1148762052313,True
584,MLP,2025-07-02 18:40:00,125.0,129.023020124937,True
584,MLP,2025-07-02 18:45:00,136.0,121.1351059812231,True
584,MLP,2025-07-02 18:50:00,146.0,116.94687473491123,True
584,MLP,2025-07-02 18:55:00,153.0,107.66186779584771,True
584,MLP,2025-07-02 19:00:00,161.0,108.87227069709328,True
584,MLP,2025-07-02 19:05:00,167.0,122.71797687953263,True
584,MLP,2025-07-02 19:10:00,172.0,139.88737620271138,True
584,MLP,2025-07-02 19:15:00,177.0,161.76050079270195,True
584,MLP,2025-07-02 19:20:00,182.0,171.37072943611756,True
584,MLP,2025-07-02 19:25:00,189.0,166.3925945050155,True
584,MLP,2025-07-02 19:30:00,186.0,172.8004305764577,True
584,MLP,2025-07-02 19:35:00,185.0,168.73460624169664,True
584,MLP,2025-07-02 19:40:00,180.0,166.24926097224508,True
584,MLP,2025-07-02 19:45:00,166.0,173.96619995095259,True
584,MLP,2025-07-02 19:50:00,164.0,177.0881636909573,True
584,MLP,2025-07-02 19:55:00,172.0,184.6916004239462,True
584,MLP,2025-07-02 20:00:00,176.0,168.78492303570212,True
584,MLP,2025-07-02 20:05:00,179.0,178.31223080749734,True
584,MLP,2025-07-02 20:10:00,179.0,159.18327647285233,True
584,MLP,2025-07-02 20:15:00,180.0,136.85461844625692,True
584,MLP,2025-07-02 20:20:00,183.0,160.5511100578083,True
584,MLP,2025-07-02 20:25:00,186.0,180.00908537725488,True
584,MLP,2025-07-02 20:30:00,187.0,160.31251023222916,True
584,MLP,2025-07-02 20:35:00,187.0,188.26739643026124,True
584,MLP,2025-07-02 20:40:00,187.0,183.80510125502138,True
584,MLP,2025-07-02 20:45:00,186.0,185.04567539500977,True
584,MLP,2025-07-02 20:50:00,183.0,183.84389396264336,True
584,MLP,2025-07-02 20:55:00,180.0,182.23563867452415,True
584,MLP,2025-07-02 21:00:00,179.0,176.23627699245475,True
584,MLP,2025-07-02 21:05:00,178.0,177.65150522266325,True
584,MLP,2025-07-02 21:10:00,178.0,176.09729270998224,True
584,MLP,2025-07-02 21:15:00,181.0,168.6244761311779,True
584,MLP,2025-07-02 21:20:00,185.0,165.25410202022496,True
584,MLP,2025-07-02 21:25:00,189.0,166.59036319022036,True
584,MLP,2025-07-02 21:30:00,191.0,176.3630896360044,True
584,MLP,2025-07-02 21:35:00,191.0,172.6740431363157,True
584,MLP,2025-07-02 21:40:00,192.0,177.62705872522972,True
584,MLP,2025-07-02 21:45:00,192.0,192.57616438970885,True
584,MLP,2025-07-02 21:50:00,191.0,201.41655397869843,True
584,MLP,2025-07-02 21:55:00,190.0,206.8231128408202,True
584,MLP,2025-07-02 22:00:00,189.0,201.2466940443086,True
584,MLP,2025-07-02 22:05:00,190.0,193.0169378111411,True
584,MLP,2025-07-02 22:10:00,191.0,192.165201944665,True
584,MLP,2025-07-02 22:15:00,193.0,184.9123737455215,True
584,MLP,2025-07-02 22:20:00,195.0,182.15424655036858,True
584,MLP,2025-07-02 22:25:00,198.0,182.20464323491197,True
584,MLP,2025-07-02 22:30:00,203.0,182.2248869013679,True
584,MLP,2025-07-02 22:35:00,206.0,192.2667334139867,True
584,MLP,2025-07-02 22:40:00,207.0,193.9724839356137,True
584,MLP,2025-07-02 22:45:00,209.0,200.07207216434531,True
584,MLP,2025-07-02 22:50:00,211.0,202.11884960071828,True
584,MLP,2025-07-02 22:55:00,212.0,207.7250757523567,True
584,MLP,2025-07-02 23:00:00,213.0,215.45648698271052,True
584,MLP,2025-07-02 23:05:00,212.0,211.8885246368182,True
584,MLP,2025-07-02 23:10:00,211.0,210.20573113559257,True
584,MLP,2025-07-02 23:15:00,210.0,212.90419998680218,True
584,MLP,2025-07-02 23:20:00,211.0,213.1352974334545,True
584,MLP,2025-07-02 23:25:00,213.0,212.49124821530634,True
584,MLP,2025-07-02 23:30:00,216.0,214.65206374921195,True
584,MLP,2025-07-02 23:35:00,218.0,207.8737951401087,True
584,MLP,2025-07-02 23:40:00,220.0,208.66632223620033,True
584,MLP,2025-07-02 23:45:00,223.0,206.6785624489655,True
584,MLP,2025-07-02 23:50:00,226.0,212.42954612568747,True
584,MLP,2025-07-02 23:55:00,229.0,216.87657020312693,True
584,MLP,2025-07-03 00:00:00,230.0,223.9560745419654,True
584,MLP,2025-07-03 00:05:00,232.0,222.34583227011981,True
584,MLP,2025-07-03 00:10:00,236.0,225.38644791899787,True
584,MLP,2025-07-03 00:15:00,242.0,230.20728742736065,True
584,MLP,2025-07-03 00:20:00,249.0,232.13199097058936,True
584,MLP,2025-07-03 00:25:00,255.0,234.6233540408264,True
584,MLP,2025-07-03 00:30:00,259.0,230.3975532423345,True
584,MLP,2025-07-03 00:35:00,262.0,235.88416195889545,True
584,MLP,2025-07-03 00:40:00,265.0,242.6169433221991,True
584,MLP,2025-07-03 00:45:00,268.0,248.17186850202486,True
584,MLP,2025-07-03 00:50:00,272.0,254.75339187246954,True
584,MLP,2025-07-03 00:55:00,276.0,262.6025938833567,True
584,MLP,2025-07-03 01:00:00,278.0,264.13953370955477,True
584,MLP,2025-07-03 01:05:00,280.0,267.4339194843348,True
584,MLP,2025-07-03 01:10:00,280.0,271.33878562901066,True
584,MLP,2025-07-03 01:15:00,281.0,271.94874093703487,True
584,MLP,2025-07-03 01:20:00,280.0,275.9341095878847,True
584,MLP,2025-07-03 01:25:00,278.0,279.31703824050476,True
584,MLP,2025-07-03 01:30:00,276.0,280.4598290758479,True
584,MLP,2025-07-03 01:35:00,273.0,285.1433744863882,True
584,MLP,2025-07-03 01:40:00,270.0,281.2993471537774,True
584,MLP,2025-07-03 01:45:00,264.0,284.5342081983363,True
584,MLP,2025-07-03 01:50:00,258.0,277.65176888074836,True
584,MLP,2025-07-03 01:55:00,252.0,274.6563149086801,True
584,MLP,2025-07-03 02:00:00,249.0,272.60286734304634,True
584,MLP,2025-07-03 02:05:00,245.0,268.81048795659035,True
584,MLP,2025-07-03 02:10:00,244.0,267.2458320500284,True
584,MLP,2025-07-03 02:15:00,244.0,256.4552666200565,True
584,MLP,2025-07-03 02:20:00,245.0,253.34079555086714,True
584,MLP,2025-07-03 02:25:00,243.0,246.29915618902973,True
584,MLP,2025-07-03 02:30:00,242.0,247.0966431252742,True
584,MLP,2025-07-03 02:35:00,240.0,238.2945484211397,True
584,MLP,2025-07-03 02:40:00,239.0,241.78718473336372,True
584,MLP,2025-07-03 02:45:00,237.0,240.0369981952739,True
584,MLP,2025-07-03 02:50:00,236.0,242.35500196037387,True
584,MLP,2025-07-03 02:55:00,236.0,231.45560357030712,True
584,MLP,2025-07-03 03:00:00,238.0,237.1872285549751,True
584,MLP,2025-07-03 03:05:00,237.0,230.7277700405198,True
584,MLP,2025-07-03 03:10:00,235.0,235.08639244872248,True
584,MLP,2025-07-03 03:15:00,233.0,228.75594535603517,True
584,MLP,2025-07-03 03:20:00,231.0,233.90946548014549,True
584,MLP,2025-07-03 03:25:00,229.0,234.09106115006213,True
584,MLP,2025-07-03 03:30:00,226.0,239.978945711945,True
584,MLP,2025-07-03 03:35:00,226.0,233.86616146565927,True
584,MLP,2025-07-03 03:40:00,225.0,233.29456978077909,True
584,MLP,2025-07-03 03:45:00,224.0,230.50632735077147,True
584,MLP,2025-07-03 03:50:00,222.0,229.27720382021184,True
584,MLP,2025-07-03 03:55:00,220.0,226.28733276502027,True
584,MLP,2025-07-03 04:00:00,217.0,221.63945047442823,True
584,MLP,2025-07-03 04:05:00,215.0,226.66035928326278,True
584,MLP,2025-07-03 04:10:00,212.0,223.21100703481216,True
584,MLP,2025-07-03 04:15:00,209.0,222.5570110144528,True
584,MLP,2025-07-03 04:20:00,207.0,217.20397342332512,True
584,MLP,2025-07-03 04:25:00,205.0,217.18603069288858,True
584,MLP,2025-07-03 04:30:00,202.0,210.6565972376223,True
584,MLP,2025-07-03 04:35:00,200.0,211.97070242904087,True
584,MLP,2025-07-03 04:40:00,200.0,205.1697608057082,True
584,MLP,2025-07-03 04:45:00,200.0,204.40714913461622,True
584,MLP,2025-07-03 04:50:00,200.0,203.45106321557435,True
584,MLP,2025-07-03 04:55:00,200.0,201.23646299139904,True
584,MLP,2025-07-03 05:00:00,200.0,195.72543071072275,True
584,MLP,2025-07-03 05:05:00,200.0,195.9797259026286,True
584,MLP,2025-07-03 05:15:00,156.0,197.1468385612793,True
584,MLP,2025-07-03 05:20:00,156.0,197.9061847895438,True
584,MLP,2025-07-03 05:25:00,154.0,202.33858806253488,True
584,MLP,2025-07-03 05:30:00,151.0,202.32244912232238,True
584,MLP,2025-07-03 05:35:00,148.0,202.15744547849184,True
584,MLP,2025-07-03 05:40:00,144.0,190.4926582260343,False
584,MLP,2025-07-03 05:45:00,141.0,169.7556010382373,True
584,MLP,2025-07-03 05:50:00,137.0,159.24749667375644,True
584,MLP,2025-07-03 05:55:00,134.0,143.77973426365017,True
584,MLP,2025-07-03 06:00:00,131.0,140.11173844725337,True
584,MLP,2025-07-03 06:05:00,127.0,156.7059364400088,True
584,MLP,2025-07-03 06:10:00,123.0,148.06161947717754,True
584,MLP,2025-07-03 06:15:00,120.0,144.31094595768863,True
584,MLP,2025-07-03 06:20:00,118.0,133.43041454006,True
584,MLP,2025-07-03 06:25:00,115.0,130.76254050011605,True
584,MLP,2025-07-03 06:30:00,113.0,124.78069113917132,True
584,MLP,2025-07-03 06:35:00,112.0,117.44463507409036,True
584,MLP,2025-07-03 06:40:00,112.0,113.57273755778633,True
584,MLP,2025-07-03 06:45:00,114.0,113.03140955633799,True
584,MLP,2025-07-03 06:50:00,118.0,112.60844203685079,True
584,MLP,2025-07-03 06:55:00,126.0,105.31583969793532,True
584,MLP,2025-07-03 07:00:00,135.0,114.18724208787873,True
584,MLP,2025-07-03 07:05:00,142.0,106.30871513525919,True
584,MLP,2025-07-03 07:10:00,146.0,108.22952778081097,True
584,MLP,2025-07-03 07:15:00,153.0,114.78691960296476,True
584,MLP,2025-07-03 07:20:00,162.0,123.86189656858912,True
584,MLP,2025-07-03 07:25:00,169.0,143.63316960432937,True
584,MLP,2025-07-03 07:30:00,174.0,158.1402147537045,True
584,MLP,2025-07-03 07:35:00,176.0,160.24472493973826,True
584,MLP,2025-07-03 07:40:00,182.0,153.2303791544239,True
584,MLP,2025-07-03 07:45:00,187.0,173.62655473811304,True
584,MLP,2025-07-03 07:50:00,192.0,185.96736780044964,True
584,MLP,2025-07-03 07:55:00,196.0,184.96466265045157,True
584,MLP,2025-07-03 08:00:00,199.0,188.30712171639112,True
584,MLP,2025-07-03 08:05:00,202.0,184.04416166049376,True
584,MLP,2025-07-03 08:10:00,202.0,202.13676120264572,True
584,MLP,2025-07-03 08:15:00,200.0,199.4882149177944,True
584,MLP,2025-07-03 08:20:00,199.0,204.06069898666553,True
584,MLP,2025-07-03 08:25:00,192.0,205.0638816501215,True
584,MLP,2025-07-03 08:30:00,189.0,204.95030396650097,True
584,MLP,2025-07-03 08:35:00,182.0,210.16203277110637,True
584,MLP,2025-07-03 08:40:00,179.0,199.62744932795593,True
584,MLP,2025-07-03 08:45:00,185.0,194.31671998550053,True
584,MLP,2025-07-03 08:50:00,193.0,193.4459024464846,True
584,MLP,2025-07-03 08:55:00,199.0,181.59919577483274,True
584,MLP,2025-07-03 09:00:00,203.0,187.668288293872,True
584,MLP,2025-07-03 09:05:00,210.0,169.42957050214156,True
584,MLP,2025-07-03 09:10:00,200.0,175.4603554040416,True
584,MLP,2025-07-03 09:15:00,183.0,183.51783762999017,True
584,MLP,2025-07-03 09:20:00,171.0,191.21378362581575,True
584,MLP,2025-07-03 09:25:00,162.0,203.4626491063348,True
584,MLP,2025-07-03 09:30:00,157.0,206.88507390476434,True
584,MLP,2025-07-03 09:35:00,162.0,227.35864235946264,True
584,MLP,2025-07-03 09:40:00,174.0,193.89414993891873,True
584,MLP,2025-07-03 09:45:00,186.0,173.40563549321914,True
584,MLP,2025-07-03 09:50:00,200.0,168.26505496284682,True
584,MLP,2025-07-03 09:55:00,201.0,154.76306789682016,True
584,MLP,2025-07-03 10:00:00,185.0,157.260118128597,True
584,MLP,2025-07-03 10:05:00,188.0,160.9701990774478,True
584,MLP,2025-07-03 10:10:00,199.0,172.92237745207868,True
584,MLP,2025-07-03 10:15:00,210.0,176.98622255111079,True
584,MLP,2025-07-03 10:20:00,215.0,204.74148672956125,True
584,MLP,2025-07-03 10:25:00,214.0,188.9842724535117,True
584,MLP,2025-07-03 10:30:00,224.0,166.51556319663948,True
584,MLP,2025-07-03 10:35:00,241.0,189.3288236186524,True
584,MLP,2025-07-03 10:40:00,257.0,204.10417581173567,True
584,MLP,2025-07-03 10:45:00,266.0,205.07534427123758,True
584,MLP,2025-07-03 10:50:00,266.0,209.16893112920172,True
584,MLP,2025-07-03 10:55:00,265.0,201.72373248856601,True
584,MLP,2025-07-03 11:00:00,265.0,228.54394635875676,True
584,MLP,2025-07-03 11:05:00,266.0,264.2769962850863,True
584,MLP,2025-07-03 11:10:00,265.0,281.7368678097721,True
584,MLP,2025-07-03 11:15:00,258.0,266.1490235996052,True
584,MLP,2025-07-03 11:20:00,247.0,246.64874853122734,True
584,MLP,2025-07-03 11:25:00,238.0,242.0911043699173,True
584,MLP,2025-07-03 11:30:00,226.0,244.3523149984041,True
584,MLP,2025-07-03 11:35:00,229.0,255.99225474346184,True
584,MLP,2025-07-03 11:40:00,234.0,243.96842430562248,True
584,MLP,2025-07-03 11:45:00,237.0,221.61061396602045,True
584,MLP,2025-07-03 11:50:00,233.0,203.1114474879991,True
584,MLP,2025-07-03 11:55:00,229.0,202.19906666162248,True
584,MLP,2025-07-03 12:00:00,224.0,180.46807932769119,True
584,MLP,2025-07-03 12:05:00,225.0,208.22338163436135,True
584,MLP,2025-07-03 12:10:00,225.0,216.00061551424145,True
584,MLP,2025-07-03 12:15:00,227.0,219.34532118596607,True
584,MLP,2025-07-03 12:20:00,225.0,203.43139497007382,True
584,MLP,2025-07-03 12:25:00,221.0,206.41797039763904,True
584,MLP,2025-07-03 12:30:00,220.0,200.2405647615308,True
584,MLP,2025-07-03 12:35:00,220.0,208.58923444156042,True
584,MLP,2025-07-03 12:40:00,217.0,204.72453651628584,True
584,MLP,2025-07-03 12:45:00,211.0,211.82165808401868,True
584,MLP,2025-07-03 12:50:00,212.0,203.86137634879523,True
584,MLP,2025-07-03 12:55:00,218.0,204.58869645253267,True
584,MLP,2025-07-03 13:00:00,222.0,205.98542306611873,True
584,MLP,2025-07-03 13:05:00,230.0,209.7358501602682,True
584,MLP,2025-07-03 13:10:00,238.0,198.88678129164137,True
584,MLP,2025-07-03 13:15:00,245.0,189.51730250525142,True
584,MLP,2025-07-03 13:20:00,255.0,198.968288316499,True
584,MLP,2025-07-03 13:25:00,260.0,209.22802841846604,True
584,MLP,2025-07-03 13:30:00,262.0,217.76039026967032,True
584,MLP,2025-07-03 13:35:00,266.0,234.5604804536218,True
584,MLP,2025-07-03 13:40:00,269.0,248.4822304179964,True
584,MLP,2025-07-03 13:45:00,268.0,260.12048674362086,True
584,MLP,2025-07-03 13:50:00,267.0,274.6220440113315,True
584,MLP,2025-07-03 13:55:00,266.0,267.59651952917176,True
584,MLP,2025-07-03 14:00:00,264.0,264.70376339016354,True
584,MLP,2025-07-03 14:05:00,263.0,273.10441752115855,True
584,MLP,2025-07-03 14:10:00,260.0,273.0241409487385,True
584,MLP,2025-07-03 14:15:00,255.0,258.95246804058974,True
584,MLP,2025-07-03 14:20:00,250.0,263.5620316733909,True
584,MLP,2025-07-03 14:25:00,246.0,249.8001892710225,True
584,MLP,2025-07-03 14:30:00,239.0,245.76834490515833,True
584,MLP,2025-07-03 14:35:00,233.0,253.5950993313004,True
584,MLP,2025-07-03 14:40:00,232.0,238.24319849219196,True
584,MLP,2025-07-03 14:45:00,229.0,219.09948265479315,True
584,MLP,2025-07-03 14:50:00,223.0,218.49943894280577,True
584,MLP,2025-07-03 14:55:00,213.0,220.6007840837449,True
584,MLP,2025-07-03 15:00:00,200.0,203.03572423021845,True
584,MLP,2025-07-03 15:05:00,185.0,203.67842722705396,True
584,MLP,2025-07-03 15:10:00,169.0,217.02660597336805,True
584,MLP,2025-07-03 15:15:00,155.0,204.5597246532055,True
584,MLP,2025-07-03 15:20:00,143.0,195.9953816121791,True
584,MLP,2025-07-03 15:25:00,133.0,179.25194770837166,True
584,MLP,2025-07-03 15:30:00,125.0,165.6486336472496,True
584,MLP,2025-07-03 15:35:00,119.0,154.04332037304033,True
584,MLP,2025-07-03 15:40:00,113.0,133.17996170845288,True
584,MLP,2025-07-03 15:45:00,110.0,113.93668244254013,True
584,MLP,2025-07-03 15:50:00,109.0,103.68188663284668,True
584,MLP,2025-07-03 15:55:00,108.0,96.52820822983354,True
584,MLP,2025-07-03 16:00:00,109.0,94.60809991538304,True
584,MLP,2025-07-03 16:05:00,111.0,95.64046473309948,True
584,MLP,2025-07-03 16:10:00,111.0,89.76887326061046,True
584,MLP,2025-07-03 16:15:00,110.0,99.06270254389212,True
584,MLP,2025-07-03 16:20:00,112.0,103.17843671579874,True
584,MLP,2025-07-03 16:25:00,113.0,101.63010675943266,True
584,MLP,2025-07-03 16:30:00,113.0,111.07636584476681,True
584,MLP,2025-07-03 16:35:00,112.0,116.05604931995359,True
584,MLP,2025-07-03 16:40:00,112.0,107.56503701973043,True
584,MLP,2025-07-03 16:45:00,112.0,103.68615775674465,True
584,MLP,2025-07-03 16:50:00,111.0,114.94147183352517,True
584,MLP,2025-07-03 16:55:00,110.0,108.31062248353825,True
584,MLP,2025-07-03 17:00:00,113.0,106.49693496425175,True
584,MLP,2025-07-03 17:05:00,115.0,104.06468595833383,True
584,MLP,2025-07-03 17:10:00,117.0,108.2353624477551,True
584,MLP,2025-07-03 17:15:00,121.0,107.75057449438069,True
584,MLP,2025-07-03 17:20:00,128.0,107.21008717806532,True
584,MLP,2025-07-03 17:25:00,134.0,107.02508284049426,True
584,MLP,2025-07-03 17:30:00,140.0,122.34249929660669,True
584,MLP,2025-07-03 17:35:00,146.0,118.97059920642317,True
584,MLP,2025-07-03 17:40:00,155.0,124.64648921271575,True
584,MLP,2025-07-03 17:45:00,158.0,135.40190676959483,True
584,MLP,2025-07-03 17:50:00,155.0,153.68732809222195,True
584,MLP,2025-07-03 17:55:00,151.0,151.03033857304078,True
584,MLP,2025-07-03 18:00:00,156.0,156.17491627417283,True
584,MLP,2025-07-03 18:05:00,162.0,163.2786745934007,True
584,MLP,2025-07-03 18:10:00,172.0,183.64240582062902,True
584,MLP,2025-07-03 18:15:00,178.0,165.33516324465003,True
584,MLP,2025-07-03 18:20:00,177.0,152.33936022852967,True
584,MLP,2025-07-03 18:25:00,171.0,148.68483618803245,True
584,MLP,2025-07-03 18:30:00,167.0,172.34920320284968,True
584,MLP,2025-07-03 18:35:00,165.0,180.27132951871747,True
584,MLP,2025-07-03 18:40:00,159.0,198.63934641256313,True
584,MLP,2025-07-03 18:45:00,166.0,197.38102914474504,True
584,MLP,2025-07-03 18:50:00,169.0,186.01494515170285,True
584,MLP,2025-07-03 18:55:00,166.0,167.72646985428753,True
584,MLP,2025-07-03 19:00:00,167.0,171.3815320683036,True
584,MLP,2025-07-03 19:05:00,167.0,166.61394402885313,True
584,MLP,2025-07-03 19:10:00,164.0,152.3331682238019,True
584,MLP,2025-07-03 19:15:00,164.0,180.66436398628716,True
584,MLP,2025-07-03 19:20:00,174.0,171.45953413298434,True
584,MLP,2025-07-03 19:25:00,175.0,163.487827007792,True
584,MLP,2025-07-03 19:30:00,165.0,166.23505669092233,True
584,MLP,2025-07-03 19:35:00,151.0,162.68336482620535,True
584,MLP,2025-07-03 19:40:00,138.0,161.7699479317807,True
584,MLP,2025-07-03 19:45:00,138.0,163.03896811627894,True
584,MLP,2025-07-03 19:50:00,138.0,180.55957176060772,True
584,MLP,2025-07-03 19:55:00,138.0,178.00522511754227,True
584,MLP,2025-07-03 20:00:00,138.0,167.55923081456123,True
584,MLP,2025-07-03 20:05:00,138.0,142.16272839200457,True
584,MLP,2025-07-03 20:10:00,138.0,128.89899276822553,True
584,MLP,2025-07-03 20:25:00,184.0,148.0243139561602,True
584,MLP,2025-07-03 20:30:00,179.0,144.4778387078281,True
584,MLP,2025-07-03 20:35:00,175.0,158.84187557792714,True
584,MLP,2025-07-03 20:40:00,170.0,157.5188193128784,True
584,MLP,2025-07-03 20:45:00,166.0,153.72264346907073,False
584,MLP,2025-07-03 20:50:00,163.0,150.18638299447323,False
584,MLP,2025-07-03 20:55:00,161.0,157.4835409704937,True
584,MLP,2025-07-03 21:00:00,160.0,148.47524014368017,True
584,MLP,2025-07-03 21:05:00,160.0,159.40639430583087,True
584,MLP,2025-07-03 21:10:00,162.0,150.84407651581077,True
584,MLP,2025-07-03 21:15:00,163.0,156.2935606812928,True
584,MLP,2025-07-03 21:20:00,165.0,154.1397455832586,True
584,MLP,2025-07-03 21:25:00,166.0,150.74835141597995,True
584,MLP,2025-07-03 21:30:00,169.0,168.22540439204673,True
584,MLP,2025-07-03 21:35:00,168.0,167.49834573881176,True
584,MLP,2025-07-03 21:40:00,162.0,179.44619804794283,True
584,MLP,2025-07-03 21:45:00,155.0,168.87019280312845,True
584,MLP,2025-07-03 21:50:00,151.0,169.8101650692111,True
584,MLP,2025-07-03 21:55:00,148.0,161.48672662015647,True
584,MLP,2025-07-03 22:00:00,146.0,169.1026209046156,True
584,MLP,2025-07-03 22:05:00,145.0,154.95883335409673,True
584,MLP,2025-07-03 22:10:00,143.0,136.80881354110718,True
584,MLP,2025-07-03 22:15:00,140.0,127.31826800717616,True
584,MLP,2025-07-03 22:20:00,139.0,134.95223824546517,True
584,MLP,2025-07-03 22:25:00,139.0,134.61803712285112,True
584,MLP,2025-07-03 22:30:00,139.0,133.97646765244008,True
584,MLP,2025-07-03 22:35:00,141.0,135.1618911632447,True
584,MLP,2025-07-03 22:40:00,145.0,128.47988816855252,True
584,MLP,2025-07-03 22:45:00,149.0,123.02859224829243,True
584,MLP,2025-07-03 22:50:00,153.0,133.6084291232157,True
584,MLP,2025-07-03 22:55:00,157.0,136.96277295708595,True
584,MLP,2025-07-03 23:00:00,160.0,135.07914079761426,True
584,MLP,2025-07-03 23:05:00,163.0,142.6000443788028,True
584,MLP,2025-07-03 23:10:00,165.0,152.13582973271414,True
584,MLP,2025-07-03 23:15:00,168.0,155.09361599548802,True
584,MLP,2025-07-03 23:20:00,170.0,160.47221581551693,True
584,MLP,2025-07-03 23:25:00,172.0,165.94135270764437,True
584,MLP,2025-07-03 23:30:00,176.0,166.29753277156323,True
584,MLP,2025-07-03 23:35:00,179.0,170.72621408263103,True
584,MLP,2025-07-03 23:40:00,183.0,171.04419757388158,True
584,MLP,2025-07-03 23:45:00,187.0,176.90135821931588,True
584,MLP,2025-07-03 23:50:00,189.0,175.6679263788396,True
584,MLP,2025-07-03 23:55:00,188.0,178.9017294712585,True
584,MLP,2025-07-04 00:00:00,185.0,189.72558432126314,True
584,MLP,2025-07-04 00:05:00,182.0,190.15658466782426,True
584,MLP,2025-07-04 00:10:00,181.0,196.83337022230327,True
584,MLP,2025-07-04 00:15:00,181.0,199.69465744274274,True
584,MLP,2025-07-04 00:20:00,182.0,197.56753689251963,True
584,MLP,2025-07-04 00:25:00,184.0,188.0410225191276,True
584,MLP,2025-07-04 00:30:00,188.0,178.77607167319192,True
584,MLP,2025-07-04 00:35:00,191.0,174.58467430440461,True
584,MLP,2025-07-04 00:40:00,194.0,176.8498306909531,True
584,MLP,2025-07-04 00:45:00,197.0,177.4486935833414,True
584,MLP,2025-07-04 00:50:00,200.0,182.30743507166233,True
584,MLP,2025-07-04 00:55:00,202.0,188.36990400245946,True
584,MLP,2025-07-04 01:00:00,204.0,196.63622743969728,True
584,MLP,2025-07-04 01:05:00,204.0,197.56620763039882,True
584,MLP,2025-07-04 01:10:00,204.0,203.67660997085275,True
584,MLP,2025-07-04 01:15:00,205.0,205.54128160612137,True
584,MLP,2025-07-04 01:20:00,207.0,208.295533908598,True
584,MLP,2025-07-04 01:25:00,206.0,206.46068231160783,True
584,MLP,2025-07-04 01:30:00,202.0,208.57284861353978,True
584,MLP,2025-07-04 01:35:00,199.0,203.96739069087633,True
584,MLP,2025-07-04 01:40:00,197.0,204.68605615781865,True
584,MLP,2025-07-04 01:45:00,196.0,208.59734032145477,True
584,MLP,2025-07-04 01:50:00,194.0,213.9899459420221,True
584,MLP,2025-07-04 01:55:00,192.0,207.50989068499806,True
584,MLP,2025-07-04 02:00:00,190.0,199.35083771823793,True
584,MLP,2025-07-04 02:05:00,189.0,198.93096507764722,True
584,MLP,2025-07-04 02:10:00,189.0,197.13993867982683,True
584,MLP,2025-07-04 02:15:00,189.0,199.20301958052517,True
584,MLP,2025-07-04 02:20:00,189.0,191.96357899228806,True
584,MLP,2025-07-04 02:25:00,189.0,190.03876507047275,True
584,MLP,2025-07-04 02:30:00,188.0,185.8685275112672,True
584,MLP,2025-07-04 02:35:00,187.0,187.15592571045144,True
584,MLP,2025-07-04 02:40:00,186.0,197.67883217854094,True
584,MLP,2025-07-04 02:45:00,185.0,197.34099225964476,True
584,MLP,2025-07-04 02:50:00,185.0,195.9786012551467,True
584,MLP,2025-07-04 02:55:00,185.0,191.9188674689279,True
584,MLP,2025-07-04 03:00:00,185.0,182.09837206706172,True
584,MLP,2025-07-04 03:05:00,185.0,177.6456890973829,True
584,MLP,2025-07-04 03:10:00,185.0,175.6168857125812,True
584,MLP,2025-07-04 03:15:00,184.0,174.8043036014953,True
584,MLP,2025-07-04 03:20:00,181.0,178.34987764161653,True
584,MLP,2025-07-04 03:25:00,179.0,178.37564176882418,True
584,MLP,2025-07-04 03:30:00,177.0,179.44016096227475,True
584,MLP,2025-07-04 03:35:00,176.0,180.26544601203304,True
584,MLP,2025-07-04 03:40:00,173.0,180.72990054892063,True
584,MLP,2025-07-04 03:45:00,171.0,176.87293797568745,True
584,MLP,2025-07-04 03:50:00,168.0,170.96077951727656,True
584,MLP,2025-07-04 03:55:00,166.0,172.1446920052026,True
584,MLP,2025-07-04 04:00:00,163.0,167.8571239635185,True
584,MLP,2025-07-04 04:05:00,161.0,170.30891706108363,True
584,MLP,2025-07-04 04:10:00,160.0,162.20061552136397,True
584,MLP,2025-07-04 04:15:00,158.0,162.94476672983663,True
584,MLP,2025-07-04 04:20:00,155.0,155.970240004096,True
584,MLP,2025-07-04 04:25:00,154.0,159.06747796918862,True
584,MLP,2025-07-04 04:30:00,153.0,152.39215918801037,True
584,MLP,2025-07-04 04:35:00,153.0,154.14389188046542,True
584,MLP,2025-07-04 04:40:00,154.0,153.30381053243505,True
584,MLP,2025-07-04 04:45:00,154.0,148.34709838588043,True
584,MLP,2025-07-04 04:50:00,154.0,143.76626518645898,True
584,MLP,2025-07-04 04:55:00,153.0,147.47952861417357,True
584,MLP,2025-07-04 05:00:00,154.0,144.87378345887484,True
584,MLP,2025-07-04 05:05:00,164.0,147.45961148346007,True
584,MLP,2025-07-04 05:10:00,165.0,149.8310970149724,True
584,MLP,2025-07-04 05:15:00,163.0,149.8996815631905,True
584,MLP,2025-07-04 05:20:00,160.0,170.1454553680116,True
584,MLP,2025-07-04 05:25:00,158.0,167.5357931306614,True
584,MLP,2025-07-04 05:30:00,155.0,172.546626688172,True
584,MLP,2025-07-04 05:35:00,152.0,176.16437180171135,True
584,MLP,2025-07-04 05:40:00,149.0,166.9247171317664,True
584,MLP,2025-07-04 05:45:00,145.0,159.49648891669088,True
584,MLP,2025-07-04 05:50:00,142.0,151.60304999491163,True
584,MLP,2025-07-04 05:55:00,138.0,152.0816611646918,True
584,MLP,2025-07-04 06:00:00,136.0,142.60817919930318,True
584,MLP,2025-07-04 06:05:00,130.0,138.96256352356477,True
584,MLP,2025-07-04 06:10:00,126.0,137.3016601700227,True
584,MLP,2025-07-04 06:15:00,122.0,123.68796215124556,True
584,MLP,2025-07-04 06:20:00,118.0,125.9565811503878,True
584,MLP,2025-07-04 06:25:00,115.0,123.53622393949962,True
584,MLP,2025-07-04 06:30:00,112.0,127.44315306363282,True
584,MLP,2025-07-04 06:35:00,110.0,111.83500777771111,True
584,MLP,2025-07-04 06:40:00,109.0,115.93879034841498,True
584,MLP,2025-07-04 06:45:00,108.0,108.90364600022546,True
584,MLP,2025-07-04 06:50:00,107.0,103.50081248594702,True
584,MLP,2025-07-04 06:55:00,108.0,103.23444932696972,True
584,MLP,2025-07-04 07:00:00,111.0,99.56723390126288,True
584,MLP,2025-07-04 07:05:00,117.0,100.69355558803088,True
584,MLP,2025-07-04 07:10:00,121.0,102.82320529504713,True
584,MLP,2025-07-04 07:15:00,128.0,100.64997104614102,True
584,MLP,2025-07-04 07:20:00,136.0,100.25741551515821,True
584,MLP,2025-07-04 07:25:00,147.0,106.3971473977535,True
584,MLP,2025-07-04 07:30:00,155.0,113.47251565873236,True
584,MLP,2025-07-04 07:35:00,155.0,129.1016177281355,True
584,MLP,2025-07-04 07:40:00,152.0,126.467998518991,True
584,MLP,2025-07-04 07:45:00,155.0,151.38351234447975,True
584,MLP,2025-07-04 07:50:00,162.0,173.450400998048,True
584,MLP,2025-07-04 07:55:00,162.0,179.57906074439592,True
584,MLP,2025-07-04 08:00:00,159.0,190.56741180458985,True
584,MLP,2025-07-04 08:05:00,153.0,177.66327395676385,True
584,MLP,2025-07-04 08:10:00,143.0,153.70748467151276,True
584,MLP,2025-07-04 08:15:00,135.0,159.70326416663426,True
584,MLP,2025-07-04 08:20:00,131.0,179.2528106238579,True
584,MLP,2025-07-04 08:25:00,126.0,149.9030642426052,True
584,MLP,2025-07-04 08:30:00,121.0,133.14046196286824,True
584,MLP,2025-07-04 08:35:00,115.0,122.76509122568444,True
584,MLP,2025-07-04 08:40:00,108.0,106.80442890449511,True
584,MLP,2025-07-04 08:45:00,104.0,107.84728901006895,True
584,MLP,2025-07-04 08:50:00,102.0,117.19648437772722,True
584,MLP,2025-07-04 08:55:00,100.0,105.08001587647593,True
584,MLP,2025-07-04 09:00:00,100.0,98.94502447171857,True
584,MLP,2025-07-04 09:05:00,99.0,95.33264134126236,True
584,MLP,2025-07-04 09:10:00,97.0,90.089322027612,True
584,MLP,2025-07-04 09:15:00,101.0,93.92214821043322,True
584,MLP,2025-07-04 09:20:00,109.0,96.03070233747533,True
584,MLP,2025-07-04 09:25:00,118.0,94.06030440336619,True
584,MLP,2025-07-04 09:30:00,122.0,100.54229563885154,True
584,MLP,2025-07-04 09:35:00,125.0,97.65151984426237,True
584,MLP,2025-07-04 09:40:00,126.0,94.04417919040668,True
584,MLP,2025-07-04 09:45:00,124.0,119.03642873445386,True
584,MLP,2025-07-04 09:50:00,120.0,137.63550515137197,True
584,MLP,2025-07-04 09:55:00,119.0,153.93243952604809,True
584,MLP,2025-07-04 10:00:00,119.0,138.76014304403665,True
584,MLP,2025-07-04 10:05:00,120.0,136.1147324630712,True
584,MLP,2025-07-04 10:10:00,123.0,125.1324946663471,True
584,MLP,2025-07-04 10:15:00,125.0,111.34726957332217,True
584,MLP,2025-07-04 10:20:00,127.0,103.95469959014382,True
584,MLP,2025-07-04 10:25:00,130.0,115.78075551206143,True
584,MLP,2025-07-04 10:30:00,133.0,114.69987203898339,True
584,MLP,2025-07-04 10:35:00,134.0,119.44754194872714,True
584,MLP,2025-07-04 10:40:00,135.0,125.75252267540333,True
584,MLP,2025-07-04 10:45:00,137.0,127.74630307702918,True
584,MLP,2025-07-04 10:50:00,137.0,130.151361189381,True
584,MLP,2025-07-04 10:55:00,140.0,136.23963613332918,True
584,MLP,2025-07-04 11:00:00,141.0,141.16842792196192,True
584,MLP,2025-07-04 11:05:00,142.0,134.82830465553428,True
584,MLP,2025-07-04 11:10:00,140.0,135.14886557475847,True
584,MLP,2025-07-04 11:15:00,142.0,140.28405827932903,True
584,MLP,2025-07-04 11:20:00,145.0,135.98204960479566,True
584,MLP,2025-07-04 11:25:00,146.0,150.96316885178553,True
584,MLP,2025-07-04 11:30:00,147.0,147.1617807657986,True
584,MLP,2025-07-04 11:35:00,149.0,149.648631770033,True
584,MLP,2025-07-04 11:40:00,150.0,141.68797520657643,True
584,MLP,2025-07-04 11:45:00,142.0,149.03700670513527,True
584,MLP,2025-07-04 11:50:00,147.0,152.76181574012807,True
584,MLP,2025-07-04 11:55:00,154.0,152.1492294821486,True
584,MLP,2025-07-04 12:00:00,161.0,153.2043999569916,True
584,MLP,2025-07-04 12:05:00,169.0,155.80036423242902,True
584,MLP,2025-07-04 12:10:00,174.0,154.8511603756806,True
584,MLP,2025-07-04 12:15:00,179.0,140.9784646377914,True
584,MLP,2025-07-04 12:20:00,184.0,156.60257301548992,True
584,MLP,2025-07-04 12:25:00,185.0,162.99962431503656,True
584,MLP,2025-07-04 12:30:00,187.0,187.59943692061054,True
584,MLP,2025-07-04 12:35:00,185.0,194.19133826161394,True
584,MLP,2025-07-04 12:40:00,180.0,191.09064153840572,True
584,MLP,2025-07-04 12:45:00,181.0,202.1929462925682,True
584,MLP,2025-07-04 12:50:00,184.0,201.43146456024795,True
584,MLP,2025-07-04 12:55:00,183.0,187.45784582369023,True
584,MLP,2025-07-04 13:00:00,183.0,195.61532906350823,True
584,MLP,2025-07-04 13:05:00,185.0,182.46098636264875,True
584,MLP,2025-07-04 13:10:00,188.0,170.32646863533174,True
584,MLP,2025-07-04 13:15:00,191.0,185.08595493739438,True
584,MLP,2025-07-04 13:20:00,194.0,189.00645418489964,True
584,MLP,2025-07-04 13:25:00,196.0,182.62024807439218,True
584,MLP,2025-07-04 13:30:00,198.0,182.3685733247997,True
584,MLP,2025-07-04 13:35:00,200.0,186.2043617607263,True
584,MLP,2025-07-04 13:40:00,203.0,194.9152499371137,True
584,MLP,2025-07-04 13:45:00,205.0,202.14808550695213,True
584,MLP,2025-07-04 13:50:00,201.0,205.67836347235752,True
584,MLP,2025-07-04 13:55:00,199.0,202.74553735337653,True
584,MLP,2025-07-04 14:00:00,197.0,204.20787176483014,True
584,MLP,2025-07-04 14:05:00,201.0,205.8199808468785,True
584,MLP,2025-07-04 14:10:00,202.0,211.1240456563256,True
584,MLP,2025-07-04 14:15:00,207.0,211.58986879210457,True
584,MLP,2025-07-04 14:20:00,213.0,201.0514959400524,True
584,MLP,2025-07-04 14:25:00,225.0,196.50842909714092,True
584,MLP,2025-07-04 14:30:00,235.0,190.8549405999798,True
584,MLP,2025-07-04 14:35:00,244.0,207.9423321210045,True
584,MLP,2025-07-04 14:40:00,252.0,200.13761700580025,True
584,MLP,2025-07-04 14:45:00,261.0,217.99681991042385,True
584,MLP,2025-07-04 14:50:00,271.0,222.19308264871077,True
584,MLP,2025-07-04 14:55:00,282.0,241.52335652159073,True
584,MLP,2025-07-04 15:00:00,286.0,257.3137802626304,True
584,MLP,2025-07-04 15:05:00,290.0,266.3522400087156,True
584,MLP,2025-07-04 15:10:00,297.0,273.2000958270606,True
584,MLP,2025-07-04 15:15:00,302.0,286.2857925994624,True
584,MLP,2025-07-04 15:20:00,299.0,298.0398035643002,True
584,MLP,2025-07-04 15:25:00,298.0,310.9072247298766,True
584,MLP,2025-07-04 15:30:00,296.0,292.32297156150685,True
584,MLP,2025-07-04 15:35:00,295.0,304.6466193418691,True
584,MLP,2025-07-04 15:40:00,295.0,313.84136213033867,True
584,MLP,2025-07-04 15:45:00,295.0,316.7337807969699,True
584,MLP,2025-07-04 15:50:00,297.0,300.5942071671797,True
584,MLP,2025-07-04 15:55:00,298.0,298.20945416922723,True
584,MLP,2025-07-04 16:00:00,299.0,289.38057680376494,True
584,MLP,2025-07-04 16:05:00,303.0,287.74045461961873,True
584,MLP,2025-07-04 16:10:00,309.0,287.7264891157975,True
584,MLP,2025-07-04 16:15:00,316.0,286.5274995985427,True
584,MLP,2025-07-04 16:20:00,320.0,293.91476655583233,True
584,MLP,2025-07-04 16:25:00,316.0,289.92856254234874,True
584,MLP,2025-07-04 16:30:00,312.0,292.71739481969263,True
584,MLP,2025-07-04 16:35:00,306.0,302.65993590890105,True
584,MLP,2025-07-04 16:40:00,301.0,312.3511586998825,True
584,MLP,2025-07-04 16:45:00,298.0,318.2014424457118,True
584,MLP,2025-07-04 16:50:00,293.0,317.7205822071663,True
584,MLP,2025-07-04 16:55:00,293.0,302.6166646135698,True
584,MLP,2025-07-04 17:00:00,293.0,294.785451766258,True
584,MLP,2025-07-04 17:05:00,293.0,282.58545909232754,True
584,MLP,2025-07-04 17:10:00,293.0,274.81715586819456,True
584,MLP,2025-07-04 17:15:00,293.0,275.2629676322865,True
584,MLP,2025-07-04 17:20:00,293.0,266.9882699167957,True
584,MLP,2025-07-05 09:45:00,109.0,156.5332393809153,False
584,MLP,2025-07-05 09:50:00,108.0,156.3622361147711,False
584,MLP,2025-07-05 09:55:00,106.0,156.17583841256297,False
584,MLP,2025-07-05 10:00:00,106.0,155.9725896138913,False
584,MLP,2025-07-05 10:05:00,108.0,155.75220092199984,False
584,MLP,2025-07-05 10:10:00,113.0,155.51477722996978,False
584,MLP,2025-07-05 10:15:00,120.0,115.7694858766267,True
584,MLP,2025-07-05 10:20:00,127.0,112.49896616890175,True
584,MLP,2025-07-05 10:25:00,135.0,108.57489637015809,True
584,MLP,2025-07-05 10:30:00,141.0,111.70532990362868,True
584,MLP,2025-07-05 10:35:00,146.0,120.02616637123796,True
584,MLP,2025-07-05 10:40:00,148.0,137.4606884639334,True
584,MLP,2025-07-05 10:45:00,152.0,157.0600832648773,True
584,MLP,2025-07-05 10:50:00,153.0,162.2446585482766,True
584,MLP,2025-07-05 10:55:00,161.0,170.97184816622428,True
584,MLP,2025-07-05 11:00:00,163.0,161.20499694314813,True
584,MLP,2025-07-05 11:05:00,159.0,180.1281292196637,True
584,MLP,2025-07-05 11:10:00,162.0,160.04858268865448,True
584,MLP,2025-07-05 11:15:00,163.0,177.15265310189915,True
584,MLP,2025-07-05 11:20:00,160.0,158.75490969199612,True
584,MLP,2025-07-05 11:25:00,160.0,165.50807487852012,True
584,MLP,2025-07-05 11:30:00,157.0,151.02140159549705,True
584,MLP,2025-07-05 11:35:00,154.0,133.05325192066414,True
584,MLP,2025-07-05 11:40:00,151.0,167.22624286565758,True
584,MLP,2025-07-05 11:45:00,148.0,153.72226722966133,True
584,MLP,2025-07-05 11:50:00,146.0,136.60491425730984,True
584,MLP,2025-07-05 11:55:00,140.0,146.41788587617148,True
584,MLP,2025-07-05 12:00:00,136.0,132.14841439749975,True
584,MLP,2025-07-05 12:05:00,129.0,129.6273507150282,True
584,MLP,2025-07-05 12:10:00,120.0,128.1790676085609,True
584,MLP,2025-07-05 12:15:00,117.0,123.2333697124182,True
584,MLP,2025-07-05 12:20:00,113.0,128.48268838923087,True
584,MLP,2025-07-05 12:25:00,109.0,119.46993018100822,True
584,MLP,2025-07-05 12:30:00,106.0,122.063166854921,True
584,MLP,2025-07-05 12:35:00,108.0,110.05086242006571,True
584,MLP,2025-07-05 12:40:00,107.0,100.95976943589368,True
584,MLP,2025-07-05 12:45:00,106.0,108.56606561791642,True
584,MLP,2025-07-05 12:50:00,109.0,97.83352996757596,True
584,MLP,2025-07-05 12:55:00,109.0,96.80768183900742,True
584,MLP,2025-07-05 13:00:00,111.0,96.64287902706292,True
584,MLP,2025-07-05 13:05:00,112.0,116.66892110158904,True
584,MLP,2025-07-05 13:10:00,111.0,107.63711051208291,True
584,MLP,2025-07-05 13:15:00,111.0,107.32229663127397,True
584,MLP,2025-07-05 13:20:00,110.0,123.65146236665957,True
584,MLP,2025-07-05 13:25:00,110.0,108.03133848157712,True
584,MLP,2025-07-05 13:30:00,108.0,118.1679181359885,True
584,MLP,2025-07-05 13:35:00,108.0,112.87755766705958,True
584,MLP,2025-07-05 13:40:00,108.0,104.53159548673484,True
584,MLP,2025-07-05 13:45:00,111.0,109.63077444346233,True
584,MLP,2025-07-05 13:50:00,113.0,108.16125626659424,True
584,MLP,2025-07-05 13:55:00,117.0,109.8264640775569,True
584,MLP,2025-07-05 14:00:00,120.0,104.2001669812363,True
584,MLP,2025-07-05 14:05:00,123.0,109.65071994825283,True
584,MLP,2025-07-05 14:10:00,125.0,106.24605299427955,True
584,MLP,2025-07-05 14:15:00,128.0,120.22799501782222,True
584,MLP,2025-07-05 14:20:00,127.0,118.51893778698413,True
584,MLP,2025-07-05 14:25:00,131.0,130.8885843142509,True
584,MLP,2025-07-05 14:30:00,134.0,128.68303012037208,True
584,MLP,2025-07-05 14:35:00,133.0,133.66736586976776,True
584,MLP,2025-07-05 14:40:00,136.0,130.74189802354013,True
584,MLP,2025-07-05 14:45:00,136.0,137.7780552668289,True
584,MLP,2025-07-05 14:50:00,135.0,125.10869354339177,True
584,MLP,2025-07-05 14:55:00,136.0,144.8102630127137,True
584,MLP,2025-07-05 15:00:00,137.0,142.03859799807012,True
584,MLP,2025-07-05 15:05:00,139.0,133.59218252107073,True
584,MLP,2025-07-05 15:10:00,143.0,148.18422836152777,True
584,MLP,2025-07-05 15:15:00,151.0,139.29258799008988,True
584,MLP,2025-07-05 15:20:00,149.0,136.1483345121197,True
584,MLP,2025-07-05 15:25:00,147.0,139.99960128588953,True
584,MLP,2025-07-05 15:30:00,149.0,140.93429101940322,True
584,MLP,2025-07-05 15:35:00,149.0,145.08388256805364,True
584,MLP,2025-07-05 15:40:00,149.0,155.51436695606603,True
584,MLP,2025-07-05 15:45:00,149.0,171.91618779501152,True
584,MLP,2025-07-05 15:50:00,149.0,150.1318459089953,True
584,MLP,2025-07-05 15:55:00,149.0,147.11776695157988,True
584,MLP,2025-07-05 16:00:00,149.0,154.22022867366016,True
584,MLP,2025-07-05 17:35:00,154.0,151.29114182733355,False
584,MLP,2025-07-05 17:40:00,155.0,151.30788630502892,False
584,MLP,2025-07-05 17:45:00,155.0,151.30711090650848,False
584,MLP,2025-07-05 17:50:00,154.0,177.4443731083211,False
584,MLP,2025-07-05 17:55:00,153.0,175.44665682795986,False
584,MLP,2025-07-05 18:00:00,151.0,174.56679197145448,False
584,MLP,2025-07-05 18:05:00,150.0,167.52970407369443,True
584,MLP,2025-07-05 18:10:00,150.0,164.09743708570252,True
584,MLP,2025-07-05 18:15:00,151.0,161.4370436783976,True
584,MLP,2025-07-05 18:20:00,152.0,154.8438793474039,True
584,MLP,2025-07-05 18:25:00,153.0,150.33056394281724,True
584,MLP,2025-07-05 18:30:00,155.0,140.05999850681613,True
584,MLP,2025-07-05 18:35:00,156.0,141.03229039086202,True
584,MLP,2025-07-05 18:40:00,155.0,147.999482430956,True
584,MLP,2025-07-05 18:45:00,153.0,149.51911076153115,True
584,MLP,2025-07-05 18:50:00,151.0,151.77053191346587,True
584,MLP,2025-07-05 18:55:00,151.0,154.1492441013496,True
584,MLP,2025-07-05 19:00:00,151.0,160.80897284749548,True
584,MLP,2025-07-05 19:05:00,152.0,156.57367812663034,True
584,MLP,2025-07-05 19:10:00,153.0,148.56388136070981,True
584,MLP,2025-07-05 19:15:00,155.0,156.77029804269222,True
584,MLP,2025-07-05 19:20:00,155.0,145.98265285664428,True
584,MLP,2025-07-05 19:25:00,154.0,151.50847154899643,True
584,MLP,2025-07-05 19:30:00,151.0,148.69987126522298,True
584,MLP,2025-07-05 19:35:00,147.0,148.23670303134227,True
584,MLP,2025-07-05 19:40:00,144.0,143.84935457608609,True
584,MLP,2025-07-05 19:45:00,140.0,150.28759003968972,True
584,MLP,2025-07-05 19:50:00,138.0,143.42405544498664,True
584,MLP,2025-07-05 19:55:00,137.0,141.9414892850498,True
584,MLP,2025-07-05 20:00:00,135.0,132.38354656628707,True
584,MLP,2025-07-05 20:05:00,133.0,129.99679859901025,True
584,MLP,2025-07-05 20:10:00,128.0,129.43543609402653,True
584,MLP,2025-07-05 20:15:00,125.0,122.00235119410283,True
584,MLP,2025-07-05 20:20:00,123.0,130.63398206254215,True
584,MLP,2025-07-05 20:25:00,122.0,130.91098393811077,True
584,MLP,2025-07-05 20:30:00,123.0,126.73607685412486,True
584,MLP,2025-07-05 20:35:00,124.0,128.12909330052443,True
584,MLP,2025-07-05 20:40:00,125.0,116.5814904982349,True
584,MLP,2025-07-05 20:45:00,127.0,120.11120819942593,True
584,MLP,2025-07-05 20:50:00,129.0,120.5319049656021,True
584,MLP,2025-07-05 20:55:00,131.0,123.73221291000901,True
584,MLP,2025-07-05 21:00:00,133.0,128.73344520725576,True
584,MLP,2025-07-05 21:05:00,137.0,126.47691264713335,True
584,MLP,2025-07-05 21:10:00,141.0,127.58939295460766,True
584,MLP,2025-07-05 21:15:00,143.0,132.34080736491413,True
584,MLP,2025-07-05 21:20:00,146.0,133.91525232777872,True
584,MLP,2025-07-05 21:25:00,149.0,137.3716410382349,True
584,MLP,2025-07-05 21:30:00,155.0,138.61628051969393,True
584,MLP,2025-07-05 21:35:00,161.0,149.17409278707711,True
584,MLP,2025-07-05 21:40:00,168.0,153.20848771849606,True
584,MLP,2025-07-05 21:45:00,176.0,149.30147946861575,True
584,MLP,2025-07-05 21:50:00,182.0,155.46098875545866,True
584,MLP,2025-07-05 21:55:00,186.0,157.1096752960935,True
584,MLP,2025-07-05 22:00:00,190.0,172.24974398901338,True
584,MLP,2025-07-05 22:05:00,192.0,180.38352880048242,True
584,MLP,2025-07-05 22:10:00,194.0,193.124201793949,True
584,MLP,2025-07-05 22:15:00,194.0,200.9794633025932,True
584,MLP,2025-07-05 22:20:00,196.0,199.80640855823214,True
584,MLP,2025-07-05 22:25:00,200.0,199.3395363526583,True
584,MLP,2025-07-05 22:30:00,203.0,202.74118233626112,True
584,MLP,2025-07-05 22:35:00,204.0,198.22957504311168,True
584,MLP,2025-07-05 22:40:00,203.0,201.87791067117197,True
584,MLP,2025-07-05 22:45:00,203.0,194.10784091044562,True
584,MLP,2025-07-05 22:50:00,204.0,202.0827656989912,True
584,MLP,2025-07-05 22:55:00,206.0,212.1811881543447,True
584,MLP,2025-07-05 23:00:00,208.0,211.56697370452179,True
584,MLP,2025-07-05 23:05:00,210.0,209.1060638681943,True
584,MLP,2025-07-05 23:10:00,210.0,202.81948763844403,True
584,MLP,2025-07-05 23:15:00,210.0,205.33930408663295,True
584,MLP,2025-07-05 23:20:00,211.0,206.94164620080298,True
584,MLP,2025-07-05 23:25:00,211.0,211.0658028884899,True
584,MLP,2025-07-05 23:30:00,210.0,212.85504421430156,True
584,MLP,2025-07-05 23:35:00,212.0,217.17631324794291,True
584,MLP,2025-07-05 23:40:00,214.0,211.28662661669892,True
584,MLP,2025-07-05 23:45:00,215.0,211.54010003212287,True
584,MLP,2025-07-05 23:50:00,216.0,213.8947446437842,True
584,MLP,2025-07-05 23:55:00,220.0,210.8959393510829,True
584,MLP,2025-07-06 00:00:00,223.0,207.74054928427466,True
584,MLP,2025-07-06 00:05:00,224.0,217.5580195669201,True
584,MLP,2025-07-06 00:10:00,224.0,217.61306792936605,True
584,MLP,2025-07-06 00:15:00,224.0,217.31816031647108,True
584,MLP,2025-07-06 00:20:00,224.0,217.95590289208073,True
584,MLP,2025-07-06 00:25:00,223.0,229.97647629540876,True
584,MLP,2025-07-06 00:30:00,221.0,229.14814526212788,True
584,MLP,2025-07-06 00:35:00,218.0,226.2616080117138,True
584,MLP,2025-07-06 00:40:00,216.0,223.33371200417477,True
584,MLP,2025-07-06 00:45:00,215.0,223.00406611070898,True
584,MLP,2025-07-06 00:50:00,214.0,222.3225674520157,True
584,MLP,2025-07-06 00:55:00,213.0,218.96196445625517,True
584,MLP,2025-07-06 01:00:00,218.0,214.73722025163133,True
584,MLP,2025-07-06 01:05:00,221.0,211.071838668414,True
584,MLP,2025-07-06 01:10:00,223.0,212.3779966263263,True
584,MLP,2025-07-06 01:15:00,221.0,213.1778227420773,True
584,MLP,2025-07-06 01:20:00,218.0,211.02486789457478,True
584,MLP,2025-07-06 01:25:00,222.0,208.76382822813855,True
584,MLP,2025-07-06 01:30:00,223.0,220.81104357895455,True
584,MLP,2025-07-06 01:35:00,226.0,224.29563310622984,True
584,MLP,2025-07-06 01:40:00,230.0,227.9844802760465,True
584,MLP,2025-07-06 01:45:00,231.0,216.71915215915868,True
584,MLP,2025-07-06 01:50:00,234.0,213.18921274875086,True
584,MLP,2025-07-06 01:55:00,236.0,226.42430898913472,True
584,MLP,2025-07-06 02:00:00,239.0,220.05218416591057,True
584,MLP,2025-07-06 02:05:00,242.0,233.3380777147328,True
584,MLP,2025-07-06 02:10:00,241.0,237.06456256732412,True
584,MLP,2025-07-06 02:15:00,238.0,235.76323190045076,True
584,MLP,2025-07-06 02:20:00,238.0,243.0379285483235,True
584,MLP,2025-07-06 02:25:00,240.0,243.51985803262951,True
584,MLP,2025-07-06 02:30:00,240.0,247.82915722411101,True
584,MLP,2025-07-06 02:35:00,239.0,249.19855024023053,True
584,MLP,2025-07-06 02:40:00,237.0,240.703083732951,True
584,MLP,2025-07-06 02:45:00,236.0,235.54072705322366,True
584,MLP,2025-07-06 02:50:00,236.0,242.35591039391403,True
584,MLP,2025-07-06 02:55:00,238.0,246.37866852165817,True
584,MLP,2025-07-06 03:00:00,238.0,241.51863254125084,True
584,MLP,2025-07-06 03:05:00,238.0,241.00837077795708,True
584,MLP,2025-07-06 03:10:00,239.0,236.49514820320957,True
584,MLP,2025-07-06 03:15:00,236.0,238.38869739795368,True
584,MLP,2025-07-06 03:20:00,235.0,238.3717975801131,True
584,MLP,2025-07-06 03:25:00,240.0,241.48652627523782,True
584,MLP,2025-07-06 03:30:00,238.0,238.73028403164167,True
584,MLP,2025-07-06 03:35:00,237.0,240.56727223292614,True
584,MLP,2025-07-06 03:40:00,235.0,241.24835692322765,True
584,MLP,2025-07-06 03:45:00,234.0,232.6848054260408,True
584,MLP,2025-07-06 03:50:00,233.0,236.773085207661,True
584,MLP,2025-07-06 03:55:00,233.0,241.54599320898737,True
584,MLP,2025-07-06 04:00:00,234.0,236.33683442584413,True
584,MLP,2025-07-06 04:05:00,235.0,238.58396463554362,True
584,MLP,2025-07-06 04:10:00,235.0,232.23250140661898,True
584,MLP,2025-07-06 04:15:00,230.0,235.73643906306964,True
584,MLP,2025-07-06 04:20:00,223.0,232.55548463893481,True
584,MLP,2025-07-06 04:25:00,225.0,234.6885821264789,True
584,MLP,2025-07-06 04:30:00,221.0,235.4053539151134,True
584,MLP,2025-07-06 04:35:00,217.0,237.91552222008536,True
584,MLP,2025-07-06 04:40:00,215.0,236.34016057644772,True
584,MLP,2025-07-06 04:45:00,213.0,225.9968144603977,True
584,MLP,2025-07-06 04:50:00,211.0,218.73664050051073,True
584,MLP,2025-07-06 04:55:00,211.0,224.61871250366605,True
584,MLP,2025-07-06 05:00:00,212.0,216.36704452908256,True
584,MLP,2025-07-06 05:05:00,214.0,214.19503584946742,True
584,MLP,2025-07-06 05:10:00,214.0,211.50628156835734,True
584,MLP,2025-07-06 05:15:00,214.0,211.37550271370603,True
584,MLP,2025-07-06 05:20:00,211.0,206.4690491506893,True
584,MLP,2025-07-06 05:25:00,211.0,208.8638351154793,True
584,MLP,2025-07-06 05:30:00,211.0,208.99789858712913,True
584,MLP,2025-07-06 05:35:00,211.0,214.99045807256337,True
584,MLP,2025-07-06 05:40:00,211.0,210.0887965225453,True
584,MLP,2025-07-06 05:45:00,213.0,211.98043570845144,True
584,MLP,2025-07-06 05:50:00,214.0,206.12726485870175,True
584,MLP,2025-07-06 05:55:00,213.0,212.15673880300054,True
584,MLP,2025-07-06 06:00:00,212.0,222.2293843646938,True
584,MLP,2025-07-06 06:05:00,211.0,218.4117599105831,True
584,MLP,2025-07-06 06:10:00,208.0,220.83804774646802,True
584,MLP,2025-07-06 06:15:00,204.0,221.0008991255519,True
584,MLP,2025-07-06 06:20:00,197.0,215.6357978781712,True
584,MLP,2025-07-06 06:25:00,188.0,207.00474155180848,True
584,MLP,2025-07-06 06:30:00,179.0,201.68914889080722,True
584,MLP,2025-07-06 06:35:00,177.0,197.96290497780265,True
584,MLP,2025-07-06 06:40:00,174.0,189.60645526177072,True
584,MLP,2025-07-06 06:45:00,170.0,185.6975715930611,True
584,MLP,2025-07-06 06:50:00,164.0,177.6134504322707,True
584,MLP,2025-07-06 06:55:00,163.0,159.90108873564932,True
584,MLP,2025-07-06 07:00:00,161.0,146.22646264261024,True
584,MLP,2025-07-06 07:05:00,159.0,160.87315451259488,True
584,MLP,2025-07-06 07:10:00,157.0,155.87678726251065,True
584,MLP,2025-07-06 07:15:00,157.0,151.20563389600196,True
584,MLP,2025-07-06 07:20:00,158.0,141.4143853555164,True
584,MLP,2025-07-06 07:25:00,159.0,148.6207662107124,True
584,MLP,2025-07-06 07:30:00,160.0,143.1621473174331,True
584,MLP,2025-07-06 07:35:00,165.0,146.09291317710515,True
584,MLP,2025-07-06 07:40:00,163.0,143.99748219589182,True
584,MLP,2025-07-06 07:45:00,158.0,152.32277316489277,True
584,MLP,2025-07-06 07:50:00,159.0,153.95617527092887,True
584,MLP,2025-07-06 07:55:00,160.0,156.85559487694758,True
584,MLP,2025-07-06 08:00:00,159.0,160.28955882446868,True
584,MLP,2025-07-06 08:05:00,158.0,173.70344905188773,True
584,MLP,2025-07-06 08:10:00,154.0,162.5162263070512,True
584,MLP,2025-07-06 08:15:00,146.0,154.32676702832916,True
584,MLP,2025-07-06 08:20:00,144.0,159.39543615445854,True
584,MLP,2025-07-06 08:25:00,143.0,159.51089561753693,True
584,MLP,2025-07-06 08:30:00,143.0,160.7555653637438,True
584,MLP,2025-07-06 08:35:00,147.0,157.66254842202716,True
584,MLP,2025-07-06 08:40:00,149.0,150.88155305432227,True
584,MLP,2025-07-06 08:45:00,153.0,140.64385462839178,True
584,MLP,2025-07-06 08:50:00,148.0,145.35371537376275,True
584,MLP,2025-07-06 08:55:00,149.0,143.05606734136745,True
584,MLP,2025-07-06 09:00:00,154.0,145.66296555920442,True
584,MLP,2025-07-06 09:05:00,167.0,154.97499177168842,True
584,MLP,2025-07-06 09:10:00,169.0,154.869808843392,True
584,MLP,2025-07-06 09:15:00,177.0,164.87384699495468,True
584,MLP,2025-07-06 09:20:00,182.0,143.43510694782708,True
584,MLP,2025-07-06 09:25:00,192.0,149.47804761185662,True
584,MLP,2025-07-06 09:30:00,202.0,155.00506515357958,True
584,MLP,2025-07-06 09:35:00,211.0,215.67906415609747,True
584,MLP,2025-07-06 09:40:00,212.0,184.82621688444794,True
584,MLP,2025-07-06 09:45:00,211.0,202.58255960115602,True
584,MLP,2025-07-06 09:50:00,215.0,201.68383382843396,True
584,MLP,2025-07-06 09:55:00,207.0,213.42315814093976,True
584,MLP,2025-07-06 10:00:00,196.0,216.5668930066305,True
584,MLP,2025-07-06 10:05:00,187.0,217.00963275192262,True
584,MLP,2025-07-06 10:10:00,183.0,185.89573294550345,True
584,MLP,2025-07-06 10:15:00,183.0,185.95637604678475,True
584,MLP,2025-07-06 10:20:00,173.0,204.2919309635941,True
584,MLP,2025-07-06 10:25:00,168.0,163.1102167974156,True
584,MLP,2025-07-06 10:30:00,168.0,151.49171462234634,True
584,MLP,2025-07-06 10:35:00,167.0,154.10199289121812,True
584,MLP,2025-07-06 10:40:00,168.0,165.86844449516923,True
584,MLP,2025-07-06 10:45:00,172.0,166.55792734922628,True
584,MLP,2025-07-06 10:50:00,173.0,142.54149596797956,True
584,MLP,2025-07-06 10:55:00,172.0,147.03825082725072,True
584,MLP,2025-07-06 11:00:00,170.0,155.35931477931743,True
584,MLP,2025-07-06 11:05:00,170.0,155.18220024789608,True
584,MLP,2025-07-06 11:10:00,175.0,162.5131310397075,True
584,MLP,2025-07-06 11:15:00,181.0,178.85617804908847,True
584,MLP,2025-07-06 11:20:00,182.0,169.44668692153513,True
584,MLP,2025-07-06 11:25:00,180.0,184.12370098024027,True
584,MLP,2025-07-06 11:30:00,178.0,174.187255760899,True
584,MLP,2025-07-06 11:35:00,169.0,169.94241477182007,True
584,MLP,2025-07-06 11:40:00,152.0,182.0110593010895,True
584,MLP,2025-07-06 11:45:00,147.0,184.01783622741192,True
584,MLP,2025-07-06 11:50:00,148.0,170.7785889842627,True
584,MLP,2025-07-06 11:55:00,147.0,165.0970710260166,True
584,MLP,2025-07-06 12:00:00,141.0,162.35674680828254,True
584,MLP,2025-07-06 12:05:00,136.0,126.40626771872837,True
584,MLP,2025-07-06 12:10:00,132.0,120.78485238956554,True
584,MLP,2025-07-06 12:15:00,134.0,139.32274095607147,True
584,MLP,2025-07-06 12:20:00,132.0,144.13068801228573,True
584,MLP,2025-07-06 12:25:00,125.0,135.86461455456478,True
584,MLP,2025-07-06 12:30:00,121.0,120.90410537635793,True
584,MLP,2025-07-06 12:35:00,115.0,114.89856277130646,True
584,MLP,2025-07-06 12:40:00,110.0,114.91884245344319,True
584,MLP,2025-07-06 12:45:00,112.0,140.21098813408017,True
584,MLP,2025-07-06 12:50:00,115.0,124.62384771684496,True
584,MLP,2025-07-06 12:55:00,118.0,107.96881884347846,True
584,MLP,2025-07-06 13:00:00,115.0,112.70452178832664,True
584,MLP,2025-07-06 13:05:00,109.0,101.85058255245735,True
584,MLP,2025-07-06 13:10:00,102.0,104.29872028123096,True
584,MLP,2025-07-06 13:15:00,103.0,121.85769209555619,True
584,MLP,2025-07-06 13:20:00,109.0,122.45327138848958,True
584,MLP,2025-07-06 13:25:00,105.0,126.97720907782026,True
584,MLP,2025-07-06 13:30:00,99.0,111.41545873098592,True
584,MLP,2025-07-06 13:35:00,93.0,102.35346512606016,True
584,MLP,2025-07-06 13:40:00,95.0,94.50815556084379,True
584,MLP,2025-07-06 13:45:00,110.0,109.24540997536064,True
584,MLP,2025-07-06 13:50:00,126.0,123.4981058232166,True
584,MLP,2025-07-06 13:55:00,133.0,100.12169088085886,True
584,MLP,2025-07-06 14:00:00,132.0,93.78355311080809,True
584,MLP,2025-07-06 14:05:00,141.0,83.44168977052911,True
584,MLP,2025-07-06 14:10:00,154.0,106.41067151773458,True
584,MLP,2025-07-06 14:15:00,165.0,135.86316523335947,True
584,MLP,2025-07-06 14:20:00,163.0,150.79937209528654,True
584,MLP,2025-07-06 14:25:00,158.0,151.6450447873582,True
584,MLP,2025-07-06 14:30:00,155.0,141.98229155304048,True
584,MLP,2025-07-06 14:35:00,160.0,174.2858512311007,True
584,MLP,2025-07-06 14:40:00,164.0,185.95637301592834,True
584,MLP,2025-07-06 14:45:00,167.0,188.96140648174404,True
584,MLP,2025-07-06 14:50:00,174.0,170.06715666571645,True
584,MLP,2025-07-06 14:55:00,179.0,152.42910891245296,True
584,MLP,2025-07-06 15:00:00,178.0,151.25706020127635,True
584,MLP,2025-07-06 15:05:00,176.0,172.24161648473088,True
584,MLP,2025-07-06 15:10:00,174.0,168.7760836934588,True
584,MLP,2025-07-06 15:15:00,183.0,174.33023554125873,True
584,MLP,2025-07-06 15:20:00,182.0,191.93879347391172,True
584,MLP,2025-07-06 15:25:00,179.0,187.70036537234333,True
584,MLP,2025-07-06 15:30:00,178.0,180.8800371361397,True
584,MLP,2025-07-06 15:35:00,190.0,177.09849618795815,True
584,MLP,2025-07-06 15:40:00,196.0,173.94755826755147,True
584,MLP,2025-07-06 15:45:00,193.0,192.68046938714534,True
584,MLP,2025-07-06 15:50:00,198.0,182.63315410868168,True
584,MLP,2025-07-06 15:55:00,198.0,175.71527906223344,True
584,MLP,2025-07-06 16:00:00,201.0,175.32919574605924,True
584,MLP,2025-07-06 16:05:00,200.0,200.50234754788522,True
584,MLP,2025-07-06 16:10:00,187.0,212.19736907349983,True
584,MLP,2025-07-06 16:15:00,184.0,190.28158731149867,True
584,MLP,2025-07-06 16:20:00,186.0,216.56333784668558,True
584,MLP,2025-07-06 16:25:00,186.0,198.56889333288177,True
584,MLP,2025-07-06 16:30:00,182.0,213.40522176565955,True
584,MLP,2025-07-06 16:35:00,177.0,196.95615709554485,True
584,MLP,2025-07-06 16:40:00,189.0,182.29110054534652,True
584,MLP,2025-07-06 16:45:00,194.0,186.87167642756035,True
584,MLP,2025-07-06 16:50:00,176.0,184.57301370728575,True
584,MLP,2025-07-06 16:55:00,174.0,183.4401691967764,True
584,MLP,2025-07-06 17:00:00,166.0,174.50300676711998,True
584,MLP,2025-07-06 17:05:00,159.0,168.70819910436697,True
584,MLP,2025-07-06 17:10:00,150.0,195.79202090799194,True
584,MLP,2025-07-06 17:15:00,162.0,193.99115762832346,True
584,MLP,2025-07-06 17:20:00,171.0,176.2842278118507,True
584,MLP,2025-07-06 17:25:00,164.0,177.76825719006203,True
584,MLP,2025-07-06 17:30:00,158.0,153.02354214164464,True
584,MLP,2025-07-06 17:35:00,154.0,154.21840302458835,True
584,MLP,2025-07-06 17:40:00,151.0,122.01328513879602,True
584,MLP,2025-07-06 17:45:00,162.0,153.3195900980192,True
584,MLP,2025-07-06 17:50:00,177.0,171.00198802941767,True
584,MLP,2025-07-06 17:55:00,184.0,156.22098411077536,True
584,MLP,2025-07-06 18:00:00,185.0,147.60678058846125,True
584,MLP,2025-07-06 18:05:00,190.0,143.45911580527465,True
584,MLP,2025-07-06 18:10:00,194.0,146.272723481229,True
584,MLP,2025-07-06 18:15:00,200.0,169.33060339763466,True
584,MLP,2025-07-06 18:20:00,216.0,180.21472822443658,True
584,MLP,2025-07-06 18:25:00,216.0,190.1227250946418,True
584,MLP,2025-07-06 18:30:00,213.0,177.3374412193716,True
584,MLP,2025-07-06 18:35:00,201.0,204.23796477601482,True
584,MLP,2025-07-06 18:40:00,189.0,201.757756564952,True
584,MLP,2025-07-06 18:45:00,187.0,220.2152410004475,True
584,MLP,2025-07-06 18:50:00,181.0,231.04386943466346,True
584,MLP,2025-07-06 18:55:00,176.0,208.54315917142802,True
584,MLP,2025-07-06 19:00:00,188.0,202.56074666116248,True
584,MLP,2025-07-06 19:05:00,207.0,185.90615597727674,True
584,MLP,2025-07-06 19:10:00,215.0,176.51291061048278,True
584,MLP,2025-07-06 19:15:00,206.0,190.94005778793527,True
584,MLP,2025-07-06 19:20:00,201.0,172.17177263943637,True
584,MLP,2025-07-06 19:25:00,193.0,167.1823286934471,True
584,MLP,2025-07-06 19:30:00,181.0,201.6699814783038,True
584,MLP,2025-07-06 19:35:00,180.0,213.7768324369404,True
584,MLP,2025-07-06 19:40:00,178.0,214.50627530693473,True
584,MLP,2025-07-06 19:45:00,179.0,197.1497630048872,True
584,MLP,2025-07-06 19:50:00,177.0,201.0193135326821,True
584,MLP,2025-07-06 19:55:00,174.0,187.11110656655305,True
584,MLP,2025-07-06 20:00:00,170.0,165.5837159820145,True
584,MLP,2025-07-06 20:05:00,172.0,176.7330950793221,True
584,MLP,2025-07-06 20:10:00,172.0,170.8551026446136,True
584,MLP,2025-07-06 20:15:00,174.0,187.2494711243061,True
584,MLP,2025-07-06 20:20:00,182.0,170.52425933525876,True
584,MLP,2025-07-06 20:25:00,188.0,166.72551220238637,True
584,MLP,2025-07-06 20:30:00,193.0,155.69179648053623,True
584,MLP,2025-07-06 20:35:00,196.0,172.1778426651901,True
584,MLP,2025-07-06 20:40:00,198.0,166.21437211086578,True
584,MLP,2025-07-06 20:45:00,189.0,174.22882983803396,True
584,MLP,2025-07-06 20:50:00,180.0,189.95165380485528,True
584,MLP,2025-07-06 20:55:00,184.0,198.78725147703338,True
584,MLP,2025-07-06 21:00:00,188.0,197.67458105428577,True
584,MLP,2025-07-06 21:05:00,191.0,203.85073297068126,True
584,MLP,2025-07-06 21:10:00,193.0,206.8735170481717,True
584,MLP,2025-07-06 21:15:00,195.0,184.71660817217287,True
584,MLP,2025-07-06 21:20:00,195.0,173.9442790778945,True
584,MLP,2025-07-06 21:25:00,195.0,185.9854832209313,True
584,MLP,2025-07-06 21:30:00,195.0,188.25698836496716,True
584,MLP,2025-07-06 21:35:00,194.0,193.18815993029673,True
584,MLP,2025-07-06 21:40:00,196.0,192.67165490140385,True
584,MLP,2025-07-06 21:45:00,204.0,199.07839643318445,True
584,MLP,2025-07-06 21:50:00,207.0,192.16773429011488,True
584,MLP,2025-07-06 21:55:00,213.0,196.1495871783014,True
584,MLP,2025-07-06 22:00:00,216.0,190.54370776037132,True
584,MLP,2025-07-06 22:05:00,215.0,187.86171715558334,True
584,MLP,2025-07-06 22:10:00,212.0,213.054594019507,True
584,MLP,2025-07-06 22:15:00,208.0,221.18270954586237,True
584,MLP,2025-07-06 22:20:00,205.0,212.8215489636109,True
584,MLP,2025-07-06 22:25:00,200.0,222.46952574410977,True
584,MLP,2025-07-06 22:30:00,194.0,206.11758988171695,True
584,MLP,2025-07-06 22:35:00,189.0,187.87104453059365,True
584,MLP,2025-07-06 22:40:00,183.0,179.95705227129295,True
584,MLP,2025-07-06 22:45:00,177.0,177.48744595099808,True
584,MLP,2025-07-06 22:50:00,172.0,179.115033135503,True
584,MLP,2025-07-06 22:55:00,168.0,165.05291938602434,True
584,MLP,2025-07-06 23:00:00,165.0,159.65535519474201,True
584,MLP,2025-07-06 23:05:00,161.0,162.24923543765723,True
584,MLP,2025-07-06 23:10:00,157.0,154.8916007342687,True
584,MLP,2025-07-06 23:15:00,154.0,151.81084158385286,True
584,MLP,2025-07-06 23:20:00,150.0,151.1278988176968,True
584,MLP,2025-07-06 23:25:00,145.0,148.19947073148128,True
584,MLP,2025-07-06 23:30:00,144.0,147.2585445781139,True
584,MLP,2025-07-06 23:35:00,143.0,138.5123636111275,True
584,MLP,2025-07-06 23:40:00,143.0,135.75341052837396,True
584,MLP,2025-07-06 23:45:00,142.0,134.96595127115174,True
584,MLP,2025-07-06 23:50:00,141.0,128.22365240606953,True
584,MLP,2025-07-06 23:55:00,139.0,122.48224307546224,True
584,MLP,2025-07-07 00:00:00,137.0,133.25464121168207,True
584,MLP,2025-07-07 00:05:00,135.0,130.99066568373885,True
584,MLP,2025-07-07 00:10:00,132.0,136.90000384739156,True
584,MLP,2025-07-07 00:15:00,132.0,133.1094225005514,True
584,MLP,2025-07-07 00:20:00,133.0,136.1326291386981,True
584,MLP,2025-07-07 00:25:00,132.0,131.03065891549215,True
584,MLP,2025-07-07 00:30:00,131.0,129.665870272901,True
584,MLP,2025-07-07 00:35:00,130.0,128.85870593019087,True
584,MLP,2025-07-07 00:40:00,129.0,123.12868233714877,True
584,MLP,2025-07-07 00:45:00,129.0,130.74155513343422,True
584,MLP,2025-07-07 00:50:00,130.0,132.04057041694844,True
584,MLP,2025-07-07 00:55:00,131.0,128.19224800986925,True
584,MLP,2025-07-07 01:00:00,131.0,129.79332514909288,True
584,MLP,2025-07-07 01:05:00,130.0,129.87775665783974,True
584,MLP,2025-07-07 01:10:00,127.0,128.18578115495447,True
584,MLP,2025-07-07 01:15:00,124.0,128.86755567834615,True
584,MLP,2025-07-07 01:20:00,125.0,132.57761875620287,True
584,MLP,2025-07-07 01:25:00,127.0,133.66153399452733,True
584,MLP,2025-07-07 01:30:00,128.0,131.56370303540194,True
584,MLP,2025-07-07 01:35:00,129.0,129.02794291086317,True
584,MLP,2025-07-07 01:40:00,120.0,121.13466983960258,True
584,MLP,2025-07-07 01:45:00,109.0,118.42534224535785,True
584,MLP,2025-07-07 01:50:00,109.0,125.34104042802282,True
584,MLP,2025-07-07 01:55:00,112.0,124.81807230737647,True
584,MLP,2025-07-07 02:00:00,113.0,126.25001460803776,True
584,MLP,2025-07-07 02:05:00,113.0,129.43813170183702,True
584,MLP,2025-07-07 02:10:00,112.0,112.97249734519315,True
584,MLP,2025-07-07 02:15:00,110.0,104.4670341265661,True
584,MLP,2025-07-07 02:20:00,108.0,108.62993175309283,True
584,MLP,2025-07-07 02:25:00,106.0,109.89181940258496,True
584,MLP,2025-07-07 02:30:00,104.0,110.6192972699522,True
584,MLP,2025-07-07 02:35:00,101.0,104.92589791129717,True
584,MLP,2025-07-07 02:40:00,101.0,107.52235907841538,True
584,MLP,2025-07-07 02:45:00,102.0,108.60019318754904,True
584,MLP,2025-07-07 02:50:00,103.0,105.87940500268576,True
584,MLP,2025-07-07 02:55:00,104.0,104.62339720081016,True
584,MLP,2025-07-07 03:00:00,98.0,101.28014310147002,True
584,MLP,2025-07-07 03:05:00,89.0,94.75755555041013,True
584,MLP,2025-07-07 03:10:00,91.0,97.58455482515244,True
584,MLP,2025-07-07 03:15:00,92.0,99.42694837676716,True
584,MLP,2025-07-07 03:20:00,92.0,103.77488619960272,True
584,MLP,2025-07-07 03:25:00,91.0,105.81630644269956,True
584,MLP,2025-07-07 03:30:00,89.0,95.31965988482871,True
584,MLP,2025-07-07 03:35:00,87.0,89.7384333492146,True
584,MLP,2025-07-07 03:40:00,86.0,94.13134190983533,True
584,MLP,2025-07-07 03:45:00,86.0,91.04806277388298,True
584,MLP,2025-07-07 03:50:00,85.0,91.1699284760367,True
584,MLP,2025-07-07 03:55:00,83.0,84.17337985725739,True
584,MLP,2025-07-07 04:00:00,81.0,86.44000998393946,True
584,MLP,2025-07-07 04:05:00,79.0,86.25272724527066,True
584,MLP,2025-07-07 04:10:00,79.0,86.08160315959569,True
584,MLP,2025-07-07 04:15:00,78.0,88.18114791549972,True
584,MLP,2025-07-07 04:20:00,76.0,83.58131318005726,True
584,MLP,2025-07-07 04:25:00,76.0,76.8282686173245,True
584,MLP,2025-07-07 04:30:00,75.0,72.33620386913637,True
584,MLP,2025-07-07 04:35:00,75.0,72.39984728533734,True
584,MLP,2025-07-07 04:40:00,75.0,79.01619976215446,True
584,MLP,2025-07-07 04:45:00,75.0,74.47034430522424,True
584,MLP,2025-07-07 04:50:00,75.0,70.6036466903389,True
584,MLP,2025-07-07 04:55:00,75.0,74.07518559501912,True
584,MLP,2025-07-07 05:00:00,75.0,69.69504924853075,True
584,MLP,2025-07-07 05:20:00,73.0,73.47698562940451,True
584,MLP,2025-07-07 05:25:00,75.0,73.08049495653826,True
584,MLP,2025-07-07 05:30:00,76.0,73.33650632094964,True
584,MLP,2025-07-07 05:35:00,77.0,98.17947521026369,False
584,MLP,2025-07-07 05:40:00,74.0,98.83779986667382,False
584,MLP,2025-07-07 05:45:00,72.0,99.93653314711868,False
584,MLP,2025-07-07 05:50:00,66.0,77.23759830906286,True
584,MLP,2025-07-07 05:55:00,70.0,81.14153320877968,True
584,MLP,2025-07-07 06:00:00,83.0,81.31469314406661,True
584,MLP,2025-07-07 06:05:00,95.0,81.46955234165836,True
584,MLP,2025-07-07 06:10:00,108.0,80.6025481316927,True
584,MLP,2025-07-07 06:15:00,113.0,78.20402449429223,True
584,MLP,2025-07-07 06:20:00,112.0,76.65864226860626,True
584,MLP,2025-07-07 06:25:00,107.0,95.13961229404927,True
584,MLP,2025-07-07 06:30:00,118.0,112.32435288604694,True
584,MLP,2025-07-07 06:35:00,126.0,134.66549778221932,True
584,MLP,2025-07-07 06:40:00,130.0,156.38991342537594,True
584,MLP,2025-07-07 06:45:00,133.0,137.8742680669031,True
584,MLP,2025-07-07 06:50:00,134.0,118.68832738938838,True
584,MLP,2025-07-07 06:55:00,137.0,98.82242511439006,True
584,MLP,2025-07-07 07:00:00,139.0,137.0583007663926,True
584,MLP,2025-07-07 07:05:00,134.0,139.89576550835235,True
584,MLP,2025-07-07 07:10:00,135.0,133.71266434241122,True
584,MLP,2025-07-07 07:15:00,141.0,139.08526883496583,True
584,MLP,2025-07-07 07:20:00,141.0,140.30740193171272,True
584,MLP,2025-07-07 07:25:00,138.0,147.82563502610876,True
584,MLP,2025-07-07 07:30:00,143.0,146.18605286124122,True
584,MLP,2025-07-07 07:35:00,134.0,131.08777989411257,True
584,MLP,2025-07-07 07:40:00,109.0,146.1768098377881,True
584,MLP,2025-07-07 07:45:00,96.0,161.70841588883846,True
584,MLP,2025-07-07 07:50:00,109.0,152.51673468634644,True
584,MLP,2025-07-07 07:55:00,124.0,141.29327999648334,True
584,MLP,2025-07-07 08:00:00,133.0,150.10282488635463,True
584,MLP,2025-07-07 08:05:00,135.0,135.846994444684,True
584,MLP,2025-07-07 08:10:00,134.0,118.38073913669754,True
584,MLP,2025-07-07 08:15:00,137.0,115.90411196889728,True
584,MLP,2025-07-07 08:20:00,133.0,130.7890640437568,True
584,MLP,2025-07-07 08:25:00,146.0,172.3145433531993,True
584,MLP,2025-07-07 08:30:00,144.0,144.72639999653578,True
584,MLP,2025-07-07 08:35:00,128.0,161.3391112409354,True
584,MLP,2025-07-07 08:40:00,123.0,167.21883608128542,True
584,MLP,2025-07-07 08:45:00,126.0,170.39820556457866,True
584,MLP,2025-07-07 08:50:00,124.0,145.68273368403663,True
584,MLP,2025-07-07 08:55:00,110.0,193.3146253948671,True
584,MLP,2025-07-07 09:00:00,107.0,152.2541587052994,True
584,MLP,2025-07-07 09:05:00,102.0,139.53619920989743,True
584,MLP,2025-07-07 09:10:00,107.0,117.09897775752523,True
584,MLP,2025-07-07 09:15:00,112.0,139.1200682175391,True
584,MLP,2025-07-07 09:20:00,105.0,112.80910338738315,True
584,MLP,2025-07-07 09:25:00,102.0,88.87620010185243,True
584,MLP,2025-07-07 09:30:00,103.0,106.25269259445717,True
584,MLP,2025-07-07 09:35:00,103.0,85.25467894765075,True
584,MLP,2025-07-07 09:40:00,98.0,125.61205141467443,True
584,MLP,2025-07-07 09:45:00,89.0,116.0284341723198,True
584,MLP,2025-07-07 09:50:00,86.0,106.22343969279035,True
584,MLP,2025-07-07 09:55:00,81.0,98.36046366301404,True
584,MLP,2025-07-07 10:00:00,79.0,107.53510833157007,True
584,MLP,2025-07-07 10:05:00,78.0,111.93697886475334,True
584,MLP,2025-07-07 10:10:00,75.0,92.16922429511236,True
584,MLP,2025-07-07 10:15:00,67.0,83.06060634940422,True
584,MLP,2025-07-07 10:20:00,62.0,82.79621353021156,True
584,MLP,2025-07-07 10:25:00,66.0,67.27180901340685,True
584,MLP,2025-07-07 10:30:00,72.0,80.75429864988097,True
584,MLP,2025-07-07 10:35:00,82.0,84.19845673959111,True
584,MLP,2025-07-07 10:40:00,88.0,74.81049599522326,True
584,MLP,2025-07-07 10:45:00,80.0,70.10816676788389,True
584,MLP,2025-07-07 10:50:00,69.0,69.91250166512764,True
584,MLP,2025-07-07 10:55:00,73.0,101.89866712940622,True
584,MLP,2025-07-07 11:00:00,80.0,110.3003633475529,True
584,MLP,2025-07-07 11:05:00,77.0,127.97477616801851,True
584,MLP,2025-07-07 11:10:00,82.0,110.55348609638601,True
584,MLP,2025-07-07 11:15:00,86.0,91.42093629589647,True
584,MLP,2025-07-07 11:20:00,93.0,79.28518837173047,True
584,MLP,2025-07-07 11:25:00,96.0,110.18452755968617,True
584,MLP,2025-07-07 11:30:00,95.0,118.93922852981957,True
584,MLP,2025-07-07 11:35:00,94.0,81.35387180164246,True
584,MLP,2025-07-07 11:40:00,94.0,100.17627982016182,True
584,MLP,2025-07-07 11:45:00,89.0,91.51875416230932,True
584,MLP,2025-07-07 11:50:00,86.0,118.99340514497746,True
584,MLP,2025-07-07 11:55:00,80.0,106.45887274775748,True
584,MLP,2025-07-07 12:00:00,79.0,99.63732316072728,True
584,MLP,2025-07-07 12:05:00,81.0,99.7731156052479,True
584,MLP,2025-07-07 12:10:00,82.0,101.21938578858594,True
584,MLP,2025-07-07 12:15:00,80.0,86.84685549477872,True
584,MLP,2025-07-07 12:20:00,71.0,90.48433523682564,True
584,MLP,2025-07-07 12:25:00,67.0,90.36077508422308,True
584,MLP,2025-07-07 12:30:00,63.0,84.14273255847654,True
584,MLP,2025-07-07 12:35:00,68.0,93.84160558560856,True
584,MLP,2025-07-07 12:40:00,69.0,88.31627129611141,True
584,MLP,2025-07-07 12:45:00,75.0,83.5664521969063,True
584,MLP,2025-07-07 12:50:00,80.0,79.01446292885305,True
584,MLP,2025-07-07 12:55:00,79.0,82.59921453380352,True
584,MLP,2025-07-07 13:00:00,80.0,73.08155349856722,True
584,MLP,2025-07-07 13:05:00,80.0,99.39211134235028,True
584,MLP,2025-07-07 13:10:00,83.0,86.46052393143916,True
584,MLP,2025-07-07 13:15:00,97.0,109.37402076514232,True
584,MLP,2025-07-07 13:20:00,108.0,103.27357611847214,True
584,MLP,2025-07-07 13:25:00,110.0,88.2672594211075,True
584,MLP,2025-07-07 13:30:00,106.0,92.70363979123923,True
584,MLP,2025-07-07 13:35:00,103.0,89.61330004294015,True
584,MLP,2025-07-07 13:40:00,101.0,102.31434978297166,True
584,MLP,2025-07-07 13:45:00,101.0,138.44039556272043,True
584,MLP,2025-07-07 13:50:00,94.0,143.79149813262345,True
584,MLP,2025-07-07 13:55:00,92.0,129.97293688841225,True
584,MLP,2025-07-07 14:00:00,88.0,120.00663797982838,True
584,MLP,2025-07-07 14:05:00,91.0,113.60366287074265,True
584,MLP,2025-07-07 14:10:00,97.0,106.7916143338729,True
584,MLP,2025-07-07 14:15:00,98.0,111.26915664388183,True
584,MLP,2025-07-07 14:20:00,89.0,83.42158001423152,True
584,MLP,2025-07-07 14:25:00,90.0,98.9481925170609,True
584,MLP,2025-07-07 14:30:00,95.0,81.95423538162417,True
584,MLP,2025-07-07 14:35:00,93.0,106.84769720945789,True
584,MLP,2025-07-07 14:40:00,93.0,110.34453288294434,True
584,MLP,2025-07-07 14:45:00,92.0,105.06260692317987,True
584,MLP,2025-07-07 14:50:00,85.0,100.70025918195643,True
584,MLP,2025-07-07 14:55:00,85.0,105.6716952517178,True
584,MLP,2025-07-07 15:00:00,94.0,110.29131948093145,True
584,MLP,2025-07-07 15:05:00,103.0,93.25481337625243,True
584,MLP,2025-07-07 15:10:00,113.0,98.32222197752566,True
584,MLP,2025-07-07 15:15:00,121.0,95.54236363853612,True
584,MLP,2025-07-07 15:20:00,114.0,82.76276289413886,True
584,MLP,2025-07-07 15:25:00,110.0,91.5925440986569,True
584,MLP,2025-07-07 15:30:00,103.0,116.01123550951887,True
584,MLP,2025-07-07 15:35:00,98.0,131.55236596990247,True
584,MLP,2025-07-07 15:40:00,104.0,148.51748037860608,True
584,MLP,2025-07-07 15:45:00,111.0,145.67041857524993,True
584,MLP,2025-07-07 15:50:00,114.0,125.10105483591252,True
584,MLP,2025-07-07 15:55:00,109.0,112.9281612055774,True
584,MLP,2025-07-07 16:00:00,105.0,101.25277798438299,True
584,MLP,2025-07-07 16:05:00,110.0,95.83847474825575,True
584,MLP,2025-07-07 16:10:00,118.0,114.3084634147534,True
584,MLP,2025-07-07 16:15:00,120.0,120.64485145529795,True
584,MLP,2025-07-07 16:20:00,123.0,123.48287599012149,True
584,MLP,2025-07-07 16:25:00,117.0,108.72209611912685,True
584,MLP,2025-07-07 16:30:00,98.0,103.21363482290673,True
584,MLP,2025-07-07 16:35:00,87.0,123.70346169295938,True
584,MLP,2025-07-07 16:40:00,84.0,138.50200429699802,True
584,MLP,2025-07-07 16:45:00,84.0,126.56939368180355,True
584,MLP,2025-07-07 16:50:00,82.0,132.6771118011304,True
584,MLP,2025-07-07 16:55:00,87.0,115.1929623600875,True
584,MLP,2025-07-07 17:00:00,95.0,108.8748382267119,True
584,MLP,2025-07-07 17:05:00,104.0,102.96149911515826,True
584,MLP,2025-07-07 17:10:00,104.0,99.32071248813213,True
584,MLP,2025-07-07 17:15:00,104.0,97.7450188674251,True
584,MLP,2025-07-07 17:20:00,104.0,81.12392660593824,True
584,MLP,2025-07-07 17:25:00,104.0,103.22084893626561,True
584,MLP,2025-07-07 17:30:00,217.0,125.63827445623215,True
584,MLP,2025-07-07 17:35:00,231.0,134.09175373465357,True
584,MLP,2025-07-07 17:40:00,236.0,136.60477660415012,True
584,MLP,2025-07-07 17:45:00,235.0,121.26476477114502,True
584,MLP,2025-07-07 17:50:00,234.0,120.15702608121691,True
584,MLP,2025-07-07 17:55:00,246.0,119.60809711652705,True
584,MLP,2025-07-07 18:00:00,257.0,241.0872249686311,True
584,MLP,2025-07-07 18:05:00,263.0,162.37799216038863,True
584,MLP,2025-07-07 18:10:00,256.0,194.83939805501174,True
584,MLP,2025-07-07 18:15:00,246.0,188.47643617968302,True
584,MLP,2025-07-07 18:20:00,237.0,218.74827015697676,True
584,MLP,2025-07-07 18:25:00,229.0,245.81671952420984,True
584,MLP,2025-07-07 18:30:00,221.0,228.76810051500505,True
584,MLP,2025-07-07 18:35:00,220.0,226.54825181430158,True
584,MLP,2025-07-07 18:40:00,223.0,230.4603962589011,True
584,MLP,2025-07-07 18:45:00,225.0,198.47774033601485,True
584,MLP,2025-07-07 18:50:00,213.0,217.62968813802442,True
584,MLP,2025-07-07 18:55:00,201.0,193.04968142542282,True
584,MLP,2025-07-07 19:00:00,194.0,188.3132790752412,True
584,MLP,2025-07-07 19:05:00,189.0,201.00897196563923,True
584,MLP,2025-07-07 19:10:00,183.0,222.56777209088298,True
584,MLP,2025-07-07 19:15:00,174.0,223.58146995163392,True
584,MLP,2025-07-07 19:20:00,164.0,184.9184540497753,True
584,MLP,2025-07-07 19:25:00,164.0,184.39592447573975,True
584,MLP,2025-07-07 19:30:00,175.0,174.89476673180062,True
584,MLP,2025-07-07 19:35:00,200.0,176.20315106718294,True
584,MLP,2025-07-07 19:40:00,207.0,162.1317358596473,True
584,MLP,2025-07-07 19:45:00,210.0,137.6674556391993,True
584,MLP,2025-07-07 19:50:00,214.0,127.95533485173405,True
584,MLP,2025-07-07 19:55:00,193.0,156.22482377095974,True
584,MLP,2025-07-07 20:00:00,171.0,175.21992289377553,True
584,MLP,2025-07-07 20:05:00,177.0,206.07624816027212,True
584,MLP,2025-07-07 20:10:00,197.0,191.46024735542045,True
584,MLP,2025-07-07 20:15:00,239.0,195.1701120395992,True
584,MLP,2025-07-07 20:20:00,271.0,211.63383053526834,True
584,MLP,2025-07-07 20:25:00,294.0,174.20086426985355,True
584,MLP,2025-07-07 20:30:00,303.0,158.15586043804515,True
584,MLP,2025-07-07 20:35:00,312.0,146.92800298244313,True
584,MLP,2025-07-07 20:40:00,319.0,171.74755061141835,True
584,MLP,2025-07-07 20:45:00,322.0,214.20947190053312,True
584,MLP,2025-07-07 20:50:00,325.0,221.49228172580152,True
584,MLP,2025-07-07 20:55:00,330.0,255.5497280394857,True
584,MLP,2025-07-07 21:00:00,327.0,277.5133626227201,True
584,MLP,2025-07-07 21:05:00,311.0,315.7164167248192,True
584,MLP,2025-07-07 21:10:00,305.0,294.2625110233853,True
584,MLP,2025-07-07 21:15:00,318.0,273.22960787121565,True
584,MLP,2025-07-07 21:20:00,327.0,286.7612483296269,True
584,MLP,2025-07-07 21:25:00,331.0,286.5375947963955,True
584,MLP,2025-07-07 21:30:00,332.0,272.852025769188,True
584,MLP,2025-07-07 21:35:00,327.0,275.30330301426994,True
584,MLP,2025-07-07 21:40:00,321.0,284.5605364188322,True
584,MLP,2025-07-07 21:45:00,314.0,310.4467672580149,True
584,MLP,2025-07-07 21:50:00,305.0,301.24586827281263,True
584,MLP,2025-07-07 21:55:00,293.0,288.1934440953438,True
584,MLP,2025-07-07 22:00:00,280.0,297.7278518121899,True
584,MLP,2025-07-07 22:05:00,256.0,281.47604138729724,True
584,MLP,2025-07-07 22:10:00,242.0,279.49928780689334,True
584,MLP,2025-07-07 22:15:00,231.0,276.44163948355083,True
584,MLP,2025-07-07 22:20:00,221.0,247.96853621926286,True
584,MLP,2025-07-07 22:25:00,210.0,235.73986505469492,True
584,MLP,2025-07-07 22:30:00,199.0,214.03541299334464,True
584,MLP,2025-07-07 22:35:00,187.0,190.72052639439843,True
584,MLP,2025-07-07 22:40:00,180.0,187.85976174588936,True
584,MLP,2025-07-07 22:45:00,173.0,177.607645948433,True
584,MLP,2025-07-07 22:50:00,167.0,168.44227205191288,True
584,MLP,2025-07-07 22:55:00,161.0,156.21347915174928,True
584,MLP,2025-07-07 23:00:00,157.0,143.54247064554087,True
584,MLP,2025-07-07 23:05:00,147.0,127.76611435017631,True
584,MLP,2025-07-07 23:10:00,146.0,142.69339242014644,True
584,MLP,2025-07-07 23:15:00,152.0,131.52623355164246,True
584,MLP,2025-07-07 23:20:00,152.0,136.71578488459187,True
584,MLP,2025-07-07 23:25:00,153.0,138.13983652796122,True
584,MLP,2025-07-07 23:30:00,154.0,143.10810290942658,True
584,MLP,2025-07-07 23:35:00,142.0,114.62062439497336,True
584,MLP,2025-07-07 23:40:00,140.0,143.0033476894514,True
584,MLP,2025-07-07 23:45:00,143.0,143.17992749974232,True
584,MLP,2025-07-07 23:50:00,152.0,139.86964969547128,True
584,MLP,2025-07-07 23:55:00,161.0,148.6887562431938,True
584,MLP,2025-07-08 00:00:00,163.0,144.90420115404245,True
584,MLP,2025-07-08 00:05:00,164.0,126.97398299674298,True
584,MLP,2025-07-08 00:10:00,165.0,142.9277128906274,True
584,MLP,2025-07-08 00:15:00,164.0,136.55866491266144,True
584,MLP,2025-07-08 00:20:00,161.0,143.4759630425709,True
584,MLP,2025-07-08 00:25:00,159.0,156.46206981073422,True
584,MLP,2025-07-08 00:30:00,139.0,149.35212902733755,True
584,MLP,2025-07-08 00:35:00,134.0,152.38183017908122,True
584,MLP,2025-07-08 00:40:00,138.0,166.7176955944922,True
584,MLP,2025-07-08 00:45:00,147.0,162.3504170796919,True
584,MLP,2025-07-08 00:50:00,153.0,154.98121743086895,True
584,MLP,2025-07-08 00:55:00,152.0,154.0597075675686,True
584,MLP,2025-07-08 01:00:00,160.0,122.21026986877789,True
584,MLP,2025-07-08 01:05:00,173.0,136.61869368348997,True
584,MLP,2025-07-08 01:10:00,176.0,144.55649594028867,True
584,MLP,2025-07-08 01:15:00,175.0,165.80585510819034,True
584,MLP,2025-07-08 01:20:00,176.0,151.8529998764981,True
584,MLP,2025-07-08 01:25:00,173.0,136.9257350890372,True
584,MLP,2025-07-08 01:30:00,167.0,169.87683641413125,True
584,MLP,2025-07-08 01:35:00,159.0,183.14962104101184,True
584,MLP,2025-07-08 01:40:00,156.0,176.08504552821896,True
584,MLP,2025-07-08 01:45:00,167.0,169.3580761513276,True
584,MLP,2025-07-08 01:50:00,170.0,176.34383279383604,True
584,MLP,2025-07-08 01:55:00,174.0,161.82676415367715,True
584,MLP,2025-07-08 02:00:00,149.0,159.68788680795254,True
584,MLP,2025-07-08 02:05:00,149.0,153.56082403707816,True
584,MLP,2025-07-08 02:10:00,156.0,162.89023010169615,True
584,MLP,2025-07-08 02:15:00,161.0,180.70879816368517,True
584,MLP,2025-07-08 02:20:00,166.0,175.7975836901396,True
584,MLP,2025-07-08 02:25:00,167.0,180.7840283431594,True
584,MLP,2025-07-08 02:30:00,169.0,144.25371019510777,True
584,MLP,2025-07-08 02:35:00,175.0,163.7428408778088,True
584,MLP,2025-07-08 02:40:00,176.0,148.11038157581427,True
584,MLP,2025-07-08 02:45:00,176.0,160.77105025505412,True
584,MLP,2025-07-08 02:50:00,175.0,162.62214767563904,True
584,MLP,2025-07-08 02:55:00,180.0,156.32283525927673,True
584,MLP,2025-07-08 03:00:00,184.0,162.52252047954835,True
584,MLP,2025-07-08 03:05:00,187.0,181.83838522030126,True
584,MLP,2025-07-08 03:10:00,187.0,180.6610192315845,True
584,MLP,2025-07-08 03:15:00,185.0,178.5792638750444,True
584,MLP,2025-07-08 03:20:00,180.0,173.21188007785125,True
584,MLP,2025-07-08 03:25:00,176.0,185.6075490791843,True
584,MLP,2025-07-08 03:30:00,168.0,188.49105530931052,True
584,MLP,2025-07-08 03:35:00,162.0,199.29981236193058,True
584,MLP,2025-07-08 03:40:00,162.0,189.437916842128,True
584,MLP,2025-07-08 03:45:00,155.0,184.34019652576026,True
584,MLP,2025-07-08 03:50:00,163.0,178.62051871068533,True
584,MLP,2025-07-08 03:55:00,164.0,176.5875322163541,True
584,MLP,2025-07-08 04:00:00,156.0,162.85613889017057,True
584,MLP,2025-07-08 04:05:00,157.0,164.53092257644983,True
584,MLP,2025-07-08 04:10:00,161.0,170.1844606413142,True
584,MLP,2025-07-08 04:15:00,156.0,148.36008809154072,True
584,MLP,2025-07-08 04:20:00,141.0,177.03746687045347,True
584,MLP,2025-07-08 04:25:00,150.0,162.14309838481176,True
584,MLP,2025-07-08 04:30:00,149.0,152.34089863004098,True
584,MLP,2025-07-08 04:35:00,145.0,157.04330039793572,True
584,MLP,2025-07-08 04:40:00,142.0,155.24746756639072,True
584,MLP,2025-07-08 04:45:00,142.0,149.6448154940409,True
584,MLP,2025-07-08 04:50:00,142.0,138.74918680980593,True
584,MLP,2025-07-08 04:55:00,143.0,156.73885228923922,True
584,MLP,2025-07-08 05:00:00,154.0,144.8690969740692,True
584,MLP,2025-07-08 05:05:00,149.0,143.41454476746216,True
584,MLP,2025-07-08 05:10:00,134.0,139.69385778724572,True
584,MLP,2025-07-08 05:15:00,120.0,141.64473839113407,True
584,MLP,2025-07-08 05:20:00,130.0,143.62949267561916,True
584,MLP,2025-07-08 05:25:00,134.0,147.43000984342987,True
584,MLP,2025-07-08 05:30:00,127.0,158.69418870949895,True
584,MLP,2025-07-08 05:35:00,113.0,146.93944482632878,True
584,MLP,2025-07-08 05:40:00,112.0,137.23907333247567,True
584,MLP,2025-07-08 05:45:00,116.0,125.90052079709521,True
584,MLP,2025-07-08 05:50:00,114.0,151.75555814842855,True
584,MLP,2025-07-08 05:55:00,113.0,137.26030923491734,True
584,MLP,2025-07-08 06:00:00,115.0,124.75542001462523,True
584,MLP,2025-07-08 06:05:00,101.0,108.53700834414207,True
584,MLP,2025-07-08 06:10:00,92.0,129.47955639750685,True
584,MLP,2025-07-08 06:15:00,97.0,123.66547852498931,True
584,MLP,2025-07-08 06:20:00,99.0,119.31789898912189,True
584,MLP,2025-07-08 06:25:00,97.0,117.2511425232435,True
584,MLP,2025-07-08 06:30:00,91.0,133.47343650082368,True
584,MLP,2025-07-08 06:35:00,88.0,101.53231977279424,True
584,MLP,2025-07-08 06:40:00,85.0,96.57145674290373,True
584,MLP,2025-07-08 06:45:00,94.0,109.46411780505164,True
584,MLP,2025-07-08 06:50:00,100.0,105.05309901074031,True
584,MLP,2025-07-08 06:55:00,93.0,98.0103223274815,True
584,MLP,2025-07-08 07:00:00,95.0,83.9386337837868,True
584,MLP,2025-07-08 07:05:00,105.0,89.53790428028286,True
584,MLP,2025-07-08 07:10:00,106.0,86.54631940053167,True
584,MLP,2025-07-08 07:15:00,96.0,109.23161311126304,True
584,MLP,2025-07-08 07:20:00,83.0,110.1744430030937,True
584,MLP,2025-07-08 07:25:00,83.0,134.91645353634001,True
584,MLP,2025-07-08 07:30:00,88.0,127.97082342648162,True
584,MLP,2025-07-08 07:35:00,84.0,155.77232221033407,True
584,MLP,2025-07-08 07:40:00,75.0,149.12402304171323,True
584,MLP,2025-07-08 07:45:00,65.0,128.13598371948393,True
584,MLP,2025-07-08 07:50:00,74.0,104.09439096305758,True
584,MLP,2025-07-08 07:55:00,90.0,122.51020847084786,True
584,MLP,2025-07-08 08:00:00,101.0,129.75449946234787,True
584,MLP,2025-07-08 08:05:00,107.0,88.09546704094055,True
584,MLP,2025-07-08 08:10:00,103.0,67.32928303341386,True
584,MLP,2025-07-08 08:15:00,96.0,69.43864143193446,True
584,MLP,2025-07-08 08:20:00,91.0,118.23441949823138,True
584,MLP,2025-07-08 08:25:00,80.0,128.3120586764227,True
584,MLP,2025-07-08 08:30:00,74.0,130.92234179518397,True
584,MLP,2025-07-08 08:35:00,78.0,123.30668592823082,True
584,MLP,2025-07-08 08:40:00,82.0,95.90343020141708,True
584,MLP,2025-07-08 08:45:00,81.0,97.74203272968968,True
584,MLP,2025-07-08 08:50:00,85.0,93.80085866068261,True
584,MLP,2025-07-08 08:55:00,88.0,76.85084436579477,True
584,MLP,2025-07-08 09:00:00,85.0,69.44716241354618,True
584,MLP,2025-07-08 09:05:00,92.0,88.99585535004273,True
584,MLP,2025-07-08 09:10:00,90.0,92.9035660207118,True
584,MLP,2025-07-08 09:15:00,84.0,83.92135957979826,True
584,MLP,2025-07-08 09:20:00,82.0,102.01581406743956,True
584,MLP,2025-07-08 09:25:00,91.0,97.52237575576756,True
584,MLP,2025-07-08 09:30:00,99.0,95.89687117206074,True
584,MLP,2025-07-08 09:35:00,90.0,117.96069939044786,True
584,MLP,2025-07-08 09:40:00,72.0,96.75997213599223,True
584,MLP,2025-07-08 09:45:00,73.0,91.62334134404486,True
584,MLP,2025-07-08 09:50:00,78.0,89.40364669730417,True
584,MLP,2025-07-08 09:55:00,76.0,117.23899166438821,True
584,MLP,2025-07-08 10:00:00,80.0,128.55203882659646,True
584,MLP,2025-07-08 10:05:00,79.0,95.5047880777957,True
584,MLP,2025-07-08 10:10:00,79.0,91.12508978783606,True
584,MLP,2025-07-08 10:15:00,73.0,102.61395775341916,True
584,MLP,2025-07-08 10:20:00,62.0,104.10209675960175,True
584,MLP,2025-07-08 10:25:00,65.0,90.41281279704897,True
584,MLP,2025-07-08 10:30:00,75.0,109.63051352916884,True
584,MLP,2025-07-08 10:35:00,81.0,89.06208064752444,True
584,MLP,2025-07-08 10:40:00,91.0,87.17650823494319,True
584,MLP,2025-07-08 10:45:00,94.0,78.78429068831414,True
584,MLP,2025-07-08 10:50:00,93.0,74.59248249514559,True
584,MLP,2025-07-08 10:55:00,94.0,95.81611665911277,True
584,MLP,2025-07-08 11:00:00,98.0,112.82044282454603,True
584,MLP,2025-07-08 11:05:00,96.0,99.40873776357073,True
584,MLP,2025-07-08 11:10:00,93.0,124.63740106855772,True
584,MLP,2025-07-08 11:15:00,95.0,115.95928133682217,True
584,MLP,2025-07-08 11:20:00,98.0,105.43052983053724,True
584,MLP,2025-07-08 11:25:00,107.0,102.92355963356981,True
584,MLP,2025-07-08 11:30:00,118.0,112.77764760004261,True
584,MLP,2025-07-08 11:35:00,109.0,93.63410746824843,True
584,MLP,2025-07-08 11:40:00,107.0,88.90150578435056,True
584,MLP,2025-07-08 11:45:00,96.0,105.84874573504327,True
584,MLP,2025-07-08 11:50:00,94.0,110.43471905953439,True
584,MLP,2025-07-08 11:55:00,86.0,140.84139954033387,True
584,MLP,2025-07-08 12:00:00,75.0,149.5701244127336,True
584,MLP,2025-07-08 12:05:00,75.0,119.7615216638464,True
584,MLP,2025-07-08 12:10:00,82.0,115.52966937465031,True
584,MLP,2025-07-08 12:15:00,87.0,99.63258273112743,True
584,MLP,2025-07-08 12:20:00,88.0,118.86173708424033,True
584,MLP,2025-07-08 12:25:00,92.0,96.63590762377356,True
584,MLP,2025-07-08 12:30:00,95.0,71.28809588639322,True
584,MLP,2025-07-08 12:35:00,97.0,90.17589539906558,True
584,MLP,2025-07-08 12:40:00,105.0,113.22996252517802,True
584,MLP,2025-07-08 12:45:00,112.0,106.12399841097573,True
584,MLP,2025-07-08 12:50:00,115.0,127.31350594418197,True
584,MLP,2025-07-08 12:55:00,102.0,137.51516278187577,True
584,MLP,2025-07-08 13:00:00,104.0,128.813021892864,True
584,MLP,2025-07-08 13:05:00,96.0,127.10794809201985,True
584,MLP,2025-07-08 13:10:00,99.0,132.37304647830229,True
584,MLP,2025-07-08 13:15:00,102.0,123.9234065916903,True
584,MLP,2025-07-08 13:20:00,104.0,114.675036412041,True
584,MLP,2025-07-08 13:25:00,99.0,93.67618558191735,True
584,MLP,2025-07-08 13:30:00,94.0,107.42572975029972,True
584,MLP,2025-07-08 13:35:00,95.0,75.53827488495483,True
584,MLP,2025-07-08 13:40:00,89.0,117.22368347935411,True
584,MLP,2025-07-08 13:45:00,77.0,99.84145527145371,True
584,MLP,2025-07-08 13:50:00,73.0,99.97112212754757,True
584,MLP,2025-07-08 13:55:00,75.0,90.8072279228613,True
584,MLP,2025-07-08 14:00:00,79.0,87.8992667761512,True
584,MLP,2025-07-08 14:05:00,86.0,101.36835212329991,True
584,MLP,2025-07-08 14:10:00,86.0,84.09850626351934,True
584,MLP,2025-07-08 14:15:00,76.0,77.50789633470681,True
584,MLP,2025-07-08 14:20:00,68.0,75.0784839439145,True
584,MLP,2025-07-08 14:25:00,75.0,90.17961449473506,True
584,MLP,2025-07-08 14:30:00,82.0,99.4791155790434,True
584,MLP,2025-07-08 14:35:00,90.0,107.4269855836348,True
584,MLP,2025-07-08 14:40:00,100.0,100.48793301722088,True
584,MLP,2025-07-08 14:45:00,107.0,91.44363658054161,True
584,MLP,2025-07-08 14:50:00,110.0,74.3941768834112,True
584,MLP,2025-07-08 14:55:00,107.0,102.73780128367453,True
584,MLP,2025-07-08 15:00:00,101.0,104.98627341857521,True
584,MLP,2025-07-08 15:05:00,95.0,117.57324555822646,True
584,MLP,2025-07-08 15:10:00,88.0,117.82616741304966,True
584,MLP,2025-07-08 15:15:00,110.0,122.40952566793544,True
584,MLP,2025-07-08 15:20:00,97.0,126.40243988894838,True
584,MLP,2025-07-08 15:25:00,99.0,106.06580627886048,True
584,MLP,2025-07-08 15:30:00,92.0,91.63473741183925,True
584,MLP,2025-07-08 15:35:00,92.0,87.5681833907592,True
584,MLP,2025-07-08 15:40:00,79.0,71.59908068138392,True
584,MLP,2025-07-08 15:45:00,74.0,126.0975518870204,True
584,MLP,2025-07-08 15:50:00,75.0,93.35658137257983,True
584,MLP,2025-07-08 15:55:00,81.0,120.10515987281762,True
584,MLP,2025-07-08 16:00:00,78.0,93.20176343262122,True
584,MLP,2025-07-08 16:05:00,78.0,115.33890375992442,True
584,MLP,2025-07-08 16:10:00,88.0,84.36498428359216,True
584,MLP,2025-07-08 16:15:00,97.0,78.12447158951252,True
584,MLP,2025-07-08 16:20:00,121.0,94.74530765230283,True
584,MLP,2025-07-08 16:25:00,137.0,98.25125940689283,True
584,MLP,2025-07-08 16:30:00,135.0,77.82963331557833,True
584,MLP,2025-07-08 16:35:00,125.0,80.30104937176822,True
584,MLP,2025-07-08 16:40:00,110.0,127.07273174869205,True
584,MLP,2025-07-08 16:45:00,118.0,127.61389561494714,True
584,MLP,2025-07-08 16:50:00,134.0,172.80716494491807,True
584,MLP,2025-07-08 16:55:00,144.0,160.28454410747182,True
584,MLP,2025-07-08 17:00:00,158.0,147.94519322264492,True
584,MLP,2025-07-08 17:05:00,137.0,124.85647054464648,True
584,MLP,2025-07-08 17:10:00,142.0,113.64618657041028,True
584,MLP,2025-07-08 17:15:00,151.0,138.13003150160435,True
584,MLP,2025-07-08 17:20:00,156.0,151.4390223035822,True
584,MLP,2025-07-08 17:25:00,160.0,151.96527084371328,True
584,MLP,2025-07-08 17:30:00,163.0,181.94922188084982,True
584,MLP,2025-07-08 17:35:00,167.0,138.57877338370275,True
584,MLP,2025-07-08 17:40:00,170.0,168.2863154616645,True
584,MLP,2025-07-08 17:45:00,174.0,158.99504355163353,True
584,MLP,2025-07-08 17:50:00,176.0,166.48275072969088,True
584,MLP,2025-07-08 17:55:00,172.0,173.68887914120626,True
584,MLP,2025-07-08 18:00:00,187.0,170.15246583295087,True
584,MLP,2025-07-08 18:05:00,192.0,175.4079283357309,True
584,MLP,2025-07-08 18:10:00,193.0,182.1066736839251,True
584,MLP,2025-07-08 18:15:00,200.0,189.12221009437783,True
584,MLP,2025-07-08 18:20:00,207.0,189.83437897200264,True
584,MLP,2025-07-08 18:25:00,210.0,186.70952791041603,True
584,MLP,2025-07-08 18:30:00,221.0,202.69735560024824,True
584,MLP,2025-07-08 18:35:00,234.0,195.79148924693303,True
584,MLP,2025-07-08 18:40:00,235.0,202.9828788428251,True
584,MLP,2025-07-08 18:45:00,246.0,223.27713836388548,True
584,MLP,2025-07-08 18:50:00,246.0,228.83105538797582,True
584,MLP,2025-07-08 18:55:00,249.0,224.2602190496279,True
584,MLP,2025-07-08 19:00:00,237.0,244.67506850754623,True
584,MLP,2025-07-08 19:05:00,229.0,256.99008771155025,True
584,MLP,2025-07-08 19:10:00,220.0,238.4523565794027,True
584,MLP,2025-07-08 19:15:00,210.0,269.34773972888166,True
584,MLP,2025-07-08 19:20:00,199.0,238.6431901330281,True
584,MLP,2025-07-08 19:25:00,186.0,246.77383877794202,True
584,MLP,2025-07-08 19:30:00,165.0,224.24282942962597,True
584,MLP,2025-07-08 19:35:00,136.0,200.92345567833067,True
584,MLP,2025-07-08 19:40:00,120.0,186.1760413424947,True
584,MLP,2025-07-08 19:45:00,119.0,163.20723374356334,True
584,MLP,2025-07-08 19:50:00,118.0,139.49456465151235,True
584,MLP,2025-07-08 19:55:00,126.0,121.19494199585671,True
584,MLP,2025-07-08 20:00:00,133.0,92.26832896503491,True
584,MLP,2025-07-08 20:05:00,132.0,68.90944083685655,True
584,MLP,2025-07-08 20:10:00,132.0,87.02068830032653,True
584,MLP,2025-07-08 20:15:00,135.0,117.63011109341682,True
584,MLP,2025-07-08 20:20:00,132.0,119.86335246612624,True
584,MLP,2025-07-08 20:25:00,130.0,140.56308854532253,True
584,MLP,2025-07-08 20:30:00,136.0,152.1055409783144,True
584,MLP,2025-07-08 20:35:00,150.0,141.2083357113399,True
584,MLP,2025-07-08 20:40:00,156.0,130.77762584547256,True
584,MLP,2025-07-08 20:45:00,164.0,144.2754321398845,True
584,MLP,2025-07-08 20:50:00,168.0,122.28867149167078,True
584,MLP,2025-07-08 20:55:00,175.0,126.99122746326307,True
584,MLP,2025-07-08 21:00:00,194.0,156.67906882015197,True
584,MLP,2025-07-08 21:05:00,218.0,164.15953369340465,True
584,MLP,2025-07-08 21:10:00,236.0,163.56969092500196,True
584,MLP,2025-07-08 21:15:00,255.0,190.62982769258454,True
584,MLP,2025-07-08 21:20:00,268.0,179.8145919097082,True
584,MLP,2025-07-08 21:25:00,279.0,199.90346410816338,True
584,MLP,2025-07-08 21:30:00,291.0,219.6736521605228,True
584,MLP,2025-07-08 21:35:00,299.0,239.16301404068844,True
584,MLP,2025-07-08 21:40:00,307.0,263.8487439720154,True
584,MLP,2025-07-08 21:45:00,312.0,281.2243018961767,True
584,MLP,2025-07-08 21:50:00,318.0,269.6615625251787,True
584,MLP,2025-07-08 21:55:00,329.0,294.3037395224935,True
584,MLP,2025-07-08 22:00:00,317.0,312.859480967524,True
584,MLP,2025-07-08 22:05:00,318.0,301.6113042946613,True
584,MLP,2025-07-08 22:10:00,318.0,299.00578919421014,True
584,MLP,2025-07-08 22:15:00,314.0,289.511038288446,True
584,MLP,2025-07-08 22:20:00,311.0,291.09002112848214,True
584,MLP,2025-07-08 22:25:00,304.0,312.25748643923373,True
584,MLP,2025-07-08 22:30:00,298.0,253.1188412501577,True
584,MLP,2025-07-08 22:35:00,289.0,295.2184351664762,True
584,MLP,2025-07-08 22:40:00,278.0,287.27841261996446,True
584,MLP,2025-07-08 22:45:00,266.0,271.11508966541646,True
584,MLP,2025-07-08 22:50:00,256.0,276.9772581382059,True
584,MLP,2025-07-08 22:55:00,246.0,261.01077406117537,True
584,MLP,2025-07-08 23:00:00,207.0,258.6155153940272,True
584,MLP,2025-07-08 23:05:00,170.0,240.07668130357456,True
584,MLP,2025-07-08 23:10:00,187.0,230.28987418924228,True
584,MLP,2025-07-08 23:15:00,175.0,220.3952596518079,True
584,MLP,2025-07-08 23:20:00,165.0,207.5133229867998,True
584,MLP,2025-07-08 23:25:00,162.0,202.8292740959957,True
584,MLP,2025-07-08 23:30:00,161.0,141.22643750743606,True
584,MLP,2025-07-08 23:35:00,164.0,94.99147467019401,True
584,MLP,2025-07-08 23:40:00,168.0,182.551329932367,True
584,MLP,2025-07-08 23:45:00,169.0,125.3106950245059,True
584,MLP,2025-07-08 23:50:00,173.0,140.63452699133407,True
584,MLP,2025-07-08 23:55:00,177.0,142.68589955032527,True
584,MLP,2025-07-09 00:00:00,169.0,131.3299152764385,True
584,MLP,2025-07-09 00:05:00,151.0,165.68160351730864,True
584,MLP,2025-07-09 00:10:00,136.0,173.14517102180335,True
584,MLP,2025-07-09 00:15:00,132.0,152.45257276069296,True
584,MLP,2025-07-09 00:20:00,138.0,174.54515515101602,True
584,MLP,2025-07-09 00:25:00,149.0,183.7694854344194,True
584,MLP,2025-07-09 00:30:00,170.0,163.65634714857134,True
584,MLP,2025-07-09 00:35:00,182.0,131.01386323099638,True
584,MLP,2025-07-09 00:40:00,184.0,116.64255206308135,True
584,MLP,2025-07-09 00:45:00,183.0,113.4264062271229,True
584,MLP,2025-07-09 00:50:00,182.0,130.85923316195917,True
584,MLP,2025-07-09 00:55:00,181.0,144.3611264442505,True
584,MLP,2025-07-09 01:00:00,178.0,153.38676330479788,True
584,MLP,2025-07-09 01:05:00,171.0,151.35210254659867,True
584,MLP,2025-07-09 01:10:00,166.0,160.77364443970967,True
584,MLP,2025-07-09 01:15:00,164.0,169.15333990673125,True
584,MLP,2025-07-09 01:20:00,164.0,165.66638608227208,True
584,MLP,2025-07-09 01:25:00,165.0,171.26801172702537,True
584,MLP,2025-07-09 01:30:00,165.0,164.30449770071775,True
584,MLP,2025-07-09 01:35:00,166.0,145.72866204787292,True
584,MLP,2025-07-09 01:40:00,162.0,154.08633388913947,True
584,MLP,2025-07-09 01:45:00,163.0,166.34447736516077,True
584,MLP,2025-07-09 01:50:00,171.0,168.0909468824071,True
584,MLP,2025-07-09 01:55:00,168.0,165.76906250404147,True
584,MLP,2025-07-09 02:00:00,164.0,159.77538610796438,True
584,MLP,2025-07-09 02:05:00,169.0,165.40337041958017,True
584,MLP,2025-07-09 02:10:00,166.0,156.93785333281332,True
584,MLP,2025-07-09 02:15:00,164.0,164.8344409507294,True
584,MLP,2025-07-09 02:20:00,159.0,165.44857981848182,True
584,MLP,2025-07-09 02:25:00,160.0,165.1780542890684,True
584,MLP,2025-07-09 02:30:00,164.0,163.20061158411335,True
584,MLP,2025-07-09 02:35:00,159.0,165.89107848146926,True
584,MLP,2025-07-09 02:40:00,156.0,161.64346018757465,True
584,MLP,2025-07-09 02:45:00,130.0,165.9276464890954,True
584,MLP,2025-07-09 02:50:00,125.0,156.21662867024492,True
584,MLP,2025-07-09 02:55:00,132.0,163.13678302164075,True
584,MLP,2025-07-09 03:00:00,134.0,166.014545639131,True
584,MLP,2025-07-09 03:05:00,141.0,159.3133206042775,True
584,MLP,2025-07-09 03:10:00,148.0,153.1275473158199,True
584,MLP,2025-07-09 03:15:00,151.0,134.03997637224447,True
584,MLP,2025-07-09 03:20:00,154.0,131.16859148878018,True
584,MLP,2025-07-09 03:25:00,163.0,129.1136876271378,True
584,MLP,2025-07-09 03:30:00,171.0,132.84482131361924,True
584,MLP,2025-07-09 03:35:00,175.0,133.36151734105343,True
584,MLP,2025-07-09 03:40:00,176.0,141.76372483414607,True
584,MLP,2025-07-09 03:45:00,170.0,137.13975995555157,True
584,MLP,2025-07-09 03:50:00,162.0,160.09670215944666,True
584,MLP,2025-07-09 03:55:00,142.0,178.96548555767814,True
584,MLP,2025-07-09 04:00:00,115.0,175.10488667970176,True
584,MLP,2025-07-09 04:05:00,103.0,173.2842185271289,True
584,MLP,2025-07-09 04:10:00,107.0,171.3023551226987,True
584,MLP,2025-07-09 04:15:00,120.0,159.01529692582767,True
584,MLP,2025-07-09 04:20:00,131.0,159.0998330241221,True
584,MLP,2025-07-09 04:25:00,133.0,138.88645369488648,True
584,MLP,2025-07-09 04:30:00,134.0,119.83560251888773,True
584,MLP,2025-07-09 04:35:00,139.0,127.01411838664357,True
584,MLP,2025-07-09 04:40:00,150.0,123.05233145276323,True
584,MLP,2025-07-09 04:45:00,160.0,146.01594144749606,True
584,MLP,2025-07-09 04:50:00,160.0,119.02759695574117,True
584,MLP,2025-07-09 04:55:00,160.0,117.17198692042845,True
584,MLP,2025-07-09 05:00:00,160.0,121.16077622665559,True
584,MLP,2025-07-09 05:05:00,160.0,142.83083914093203,True
584,MLP,2025-07-09 05:10:00,160.0,161.4734241185289,True
584,MLP,2025-07-09 05:15:00,160.0,161.54322598976728,True
584,MLP,2025-07-09 05:35:00,162.0,165.18216668461605,True
584,MLP,2025-07-09 05:40:00,154.0,166.0069994624474,True
584,MLP,2025-07-09 05:45:00,151.0,161.8087480259346,True
584,MLP,2025-07-09 05:50:00,154.0,169.93512531587285,False
584,MLP,2025-07-09 05:55:00,149.0,170.29339393395333,False
584,MLP,2025-07-09 06:00:00,141.0,167.43736518848394,False
584,MLP,2025-07-09 06:05:00,138.0,166.31817436897282,True
584,MLP,2025-07-09 06:10:00,138.0,143.17295425810786,True
584,MLP,2025-07-09 06:15:00,137.0,149.16169137239748,True
584,MLP,2025-07-09 06:20:00,115.0,155.3413179725364,True
584,MLP,2025-07-09 06:25:00,125.0,140.91230373305282,True
584,MLP,2025-07-09 06:30:00,126.0,128.7278588673679,True
584,MLP,2025-07-09 06:35:00,124.0,131.31598849082894,True
584,MLP,2025-07-09 06:40:00,110.0,135.71794370980504,True
584,MLP,2025-07-09 06:45:00,97.0,130.67800079901613,True
584,MLP,2025-07-09 06:50:00,83.0,103.4113602643057,True
584,MLP,2025-07-09 06:55:00,77.0,130.5707173160698,True
584,MLP,2025-07-09 07:00:00,81.0,112.39252883800947,True
584,MLP,2025-07-09 07:05:00,93.0,122.7806529450569,True
584,MLP,2025-07-09 07:10:00,89.0,100.08457978985774,True
584,MLP,2025-07-09 07:15:00,74.0,91.027373231794,True
584,MLP,2025-07-09 07:20:00,65.0,86.11995357031199,True
584,MLP,2025-07-09 07:25:00,60.0,85.27857896032683,True
584,MLP,2025-07-09 07:30:00,58.0,99.10705920301984,True
584,MLP,2025-07-09 07:35:00,59.0,120.64904515335313,True
584,MLP,2025-07-09 07:40:00,57.0,92.44327066829791,True
584,MLP,2025-07-09 07:45:00,55.0,83.56023386399997,True
584,MLP,2025-07-09 07:50:00,54.0,91.39020849522126,True
584,MLP,2025-07-09 07:55:00,49.0,82.34083603598029,True
584,MLP,2025-07-09 08:00:00,41.0,79.04224921056982,True
584,MLP,2025-07-09 08:05:00,49.0,84.47588401678296,True
584,MLP,2025-07-09 08:10:00,55.0,76.24518351835252,True
584,MLP,2025-07-09 08:15:00,53.0,68.73559782590932,True
584,MLP,2025-07-09 08:20:00,66.0,69.24926030979778,True
584,MLP,2025-07-09 08:25:00,90.0,69.06103435849612,True
584,MLP,2025-07-09 08:30:00,87.0,64.09406263799285,True
584,MLP,2025-07-09 08:35:00,86.0,95.84317719592151,True
584,MLP,2025-07-09 08:40:00,77.0,86.02588230514,True
584,MLP,2025-07-09 08:45:00,71.0,72.5201285909267,True
584,MLP,2025-07-09 08:50:00,74.0,120.98387949505212,True
584,MLP,2025-07-09 08:55:00,72.0,161.56794986460548,True
584,MLP,2025-07-09 09:00:00,78.0,119.28455427167528,True
584,MLP,2025-07-09 09:05:00,79.0,103.29101001786324,True
584,LightGBM,2025-06-29 00:00:00,257.0,158.30227974671374,False
584,LightGBM,2025-06-29 00:05:00,258.0,238.1364261462762,True
584,LightGBM,2025-06-29 00:10:00,267.0,263.3285035618057,True
584,LightGBM,2025-06-29 00:15:00,275.0,270.7324079613782,True
584,LightGBM,2025-06-29 00:20:00,284.0,274.4043901053912,True
584,LightGBM,2025-06-29 00:25:00,295.0,265.6149552430398,True
584,LightGBM,2025-06-29 00:30:00,299.0,241.0070179700513,True
584,LightGBM,2025-06-29 00:35:00,300.0,259.9810413248014,True
584,LightGBM,2025-06-29 00:40:00,309.0,271.9914594079663,True
584,LightGBM,2025-06-29 00:45:00,312.0,278.98784755992557,True
584,LightGBM,2025-06-29 00:50:00,313.0,290.17826076089113,True
584,LightGBM,2025-06-29 00:55:00,312.0,307.54754900154336,True
584,LightGBM,2025-06-29 01:00:00,311.0,300.3201500599891,True
584,LightGBM,2025-06-29 01:05:00,314.0,297.02481367685044,True
584,LightGBM,2025-06-29 01:10:00,318.0,314.46316068192937,True
584,LightGBM,2025-06-29 01:15:00,325.0,314.43415526208565,True
584,LightGBM,2025-06-29 01:20:00,330.0,312.45103470705203,True
584,LightGBM,2025-06-29 01:25:00,318.0,305.0513169796392,True
584,LightGBM,2025-06-29 01:30:00,296.0,304.2825810165793,True
584,LightGBM,2025-06-29 01:35:00,289.0,313.9918922643691,True
584,LightGBM,2025-06-29 01:40:00,290.0,314.95762341625334,True
584,LightGBM,2025-06-29 01:45:00,290.0,324.9234748903651,True
584,LightGBM,2025-06-29 01:50:00,281.0,324.7254112691839,True
584,LightGBM,2025-06-29 01:55:00,272.0,297.65000800439833,True
584,LightGBM,2025-06-29 02:00:00,267.0,280.37090292927553,True
584,LightGBM,2025-06-29 02:05:00,262.0,272.80144260783044,True
584,LightGBM,2025-06-29 02:10:00,259.0,277.2223843564076,True
584,LightGBM,2025-06-29 02:15:00,265.0,272.09480302279695,True
584,LightGBM,2025-06-29 02:20:00,277.0,252.3496709087326,True
584,LightGBM,2025-06-29 02:25:00,290.0,247.5363817486569,True
584,LightGBM,2025-06-29 02:30:00,299.0,247.39730619657726,True
584,LightGBM,2025-06-29 02:35:00,306.0,239.2650911372135,True
584,LightGBM,2025-06-29 02:40:00,320.0,238.54714205292353,True
584,LightGBM,2025-06-29 02:45:00,313.0,257.90325034521055,True
584,LightGBM,2025-06-29 02:50:00,313.0,273.89179179477435,True
584,LightGBM,2025-06-29 02:55:00,313.0,291.0998060431642,True
584,LightGBM,2025-06-29 03:00:00,313.0,300.3718525427398,True
584,LightGBM,2025-06-29 03:05:00,313.0,304.183804411298,True
584,LightGBM,2025-06-29 03:10:00,313.0,323.1451389695643,True
584,LightGBM,2025-06-29 03:15:00,313.0,292.6388086600323,True
584,LightGBM,2025-06-29 03:55:00,275.0,246.7252270585215,False
584,LightGBM,2025-06-29 04:00:00,278.0,248.10242701545695,False
584,LightGBM,2025-06-29 04:05:00,275.0,275.0681278959104,False
584,LightGBM,2025-06-29 04:10:00,271.0,273.4639136658252,False
584,LightGBM,2025-06-29 04:15:00,271.0,265.47636835007035,False
584,LightGBM,2025-06-29 04:20:00,265.0,262.0918016831155,False
584,LightGBM,2025-06-29 04:25:00,257.0,269.38903153862753,True
584,LightGBM,2025-06-29 04:30:00,252.0,274.29738552155385,True
584,LightGBM,2025-06-29 04:35:00,250.0,257.6411874225154,True
584,LightGBM,2025-06-29 04:40:00,236.0,249.83041603801237,True
584,LightGBM,2025-06-29 04:45:00,224.0,260.4417632097688,True
584,LightGBM,2025-06-29 04:50:00,217.0,238.62012922370312,True
584,LightGBM,2025-06-29 04:55:00,199.0,226.2611813268883,True
584,LightGBM,2025-06-29 05:00:00,185.0,231.3525327716918,True
584,LightGBM,2025-06-29 05:05:00,174.0,236.5035764675226,True
584,LightGBM,2025-06-29 05:10:00,165.0,199.69780468480542,True
584,LightGBM,2025-06-29 05:15:00,159.0,180.47558476477198,True
584,LightGBM,2025-06-29 05:20:00,153.0,185.21201734500855,True
584,LightGBM,2025-06-29 05:25:00,149.0,152.1618283149619,True
584,LightGBM,2025-06-29 05:30:00,154.0,140.598075751657,True
584,LightGBM,2025-06-29 05:35:00,156.0,129.40301957263523,True
584,LightGBM,2025-06-29 05:40:00,150.0,126.12775389104527,True
584,LightGBM,2025-06-29 05:45:00,143.0,134.14736382735396,True
584,LightGBM,2025-06-29 05:50:00,135.0,124.80600470381826,True
584,LightGBM,2025-06-29 05:55:00,131.0,129.74689053046302,True
584,LightGBM,2025-06-29 06:00:00,134.0,153.7323674661695,True
584,LightGBM,2025-06-29 06:05:00,144.0,151.5879498860192,True
584,LightGBM,2025-06-29 06:10:00,144.0,130.07451081667833,True
584,LightGBM,2025-06-29 06:15:00,141.0,123.82089350699943,True
584,LightGBM,2025-06-29 06:20:00,146.0,113.67532629904768,True
584,LightGBM,2025-06-29 06:25:00,150.0,116.25646064896308,True
584,LightGBM,2025-06-29 06:30:00,156.0,139.01620342740094,True
584,LightGBM,2025-06-29 06:35:00,160.0,155.2967637509154,True
584,LightGBM,2025-06-29 06:40:00,164.0,144.52790457222585,True
584,LightGBM,2025-06-29 06:45:00,167.0,132.68275543840437,True
584,LightGBM,2025-06-29 06:50:00,166.0,156.5256529432039,True
584,LightGBM,2025-06-29 06:55:00,161.0,154.32479220792712,True
584,LightGBM,2025-06-29 07:00:00,160.0,169.44795705578503,True
584,LightGBM,2025-06-29 07:05:00,156.0,169.1416968874224,True
584,LightGBM,2025-06-29 07:10:00,155.0,173.58953512226904,True
584,LightGBM,2025-06-29 07:15:00,154.0,172.53463666040867,True
584,LightGBM,2025-06-29 07:20:00,151.0,162.85724716042253,True
584,LightGBM,2025-06-29 07:25:00,146.0,152.83599265723763,True
584,LightGBM,2025-06-29 07:30:00,142.0,157.9072442645538,True
584,LightGBM,2025-06-29 07:35:00,140.0,146.43887344058092,True
584,LightGBM,2025-06-29 07:40:00,142.0,150.78550379222654,True
584,LightGBM,2025-06-29 07:45:00,148.0,145.40483240885177,True
584,LightGBM,2025-06-29 07:50:00,158.0,142.31575674644597,True
584,LightGBM,2025-06-29 07:55:00,176.0,134.6148254426043,True
584,LightGBM,2025-06-29 08:00:00,199.0,133.54129686947005,True
584,LightGBM,2025-06-29 08:05:00,214.0,132.43865422216737,True
584,LightGBM,2025-06-29 08:10:00,222.0,141.88880980106896,True
584,LightGBM,2025-06-29 08:15:00,232.0,154.54338166211977,True
584,LightGBM,2025-06-29 08:20:00,239.0,172.98393340469528,True
584,LightGBM,2025-06-29 08:25:00,242.0,199.63459873646133,True
584,LightGBM,2025-06-29 08:30:00,248.0,238.3939552485989,True
584,LightGBM,2025-06-29 08:35:00,252.0,232.19971089560002,True
584,LightGBM,2025-06-29 08:40:00,262.0,234.87584485084201,True
584,LightGBM,2025-06-29 08:45:00,272.0,254.90788945909466,True
584,LightGBM,2025-06-29 08:50:00,276.0,246.4224896473542,True
584,LightGBM,2025-06-29 08:55:00,284.0,241.99149923303673,True
584,LightGBM,2025-06-29 09:00:00,286.0,255.97473147856715,True
584,LightGBM,2025-06-29 09:05:00,283.0,254.91489919364912,True
584,LightGBM,2025-06-29 09:10:00,284.0,278.75935845965574,True
584,LightGBM,2025-06-29 09:15:00,276.0,281.90027270069953,True
584,LightGBM,2025-06-29 09:20:00,262.0,270.22569521846737,True
584,LightGBM,2025-06-29 09:25:00,249.0,282.8249526839406,True
584,LightGBM,2025-06-29 09:30:00,235.0,272.66708981247706,True
584,LightGBM,2025-06-29 09:35:00,223.0,255.73683125567757,True
584,LightGBM,2025-06-29 09:40:00,214.0,273.3761338159898,True
584,LightGBM,2025-06-29 09:45:00,206.0,239.4018030406809,True
584,LightGBM,2025-06-29 09:50:00,198.0,220.0669215852519,True
584,LightGBM,2025-06-29 09:55:00,192.0,207.8764653765236,True
584,LightGBM,2025-06-29 10:00:00,188.0,181.59423649631907,True
584,LightGBM,2025-06-29 10:05:00,184.0,175.20722726979454,True
584,LightGBM,2025-06-29 10:10:00,179.0,173.2346771458316,True
584,LightGBM,2025-06-29 10:15:00,174.0,171.08935092253876,True
584,LightGBM,2025-06-29 10:20:00,172.0,161.68284854430865,True
584,LightGBM,2025-06-29 10:25:00,172.0,162.81883656539614,True
584,LightGBM,2025-06-29 10:30:00,174.0,162.1813816528147,True
584,LightGBM,2025-06-29 10:35:00,173.0,158.61962318095232,True
584,LightGBM,2025-06-29 10:40:00,173.0,152.4633256437144,True
584,LightGBM,2025-06-29 10:45:00,177.0,150.87899255036842,True
584,LightGBM,2025-06-29 10:50:00,180.0,153.7583826044842,True
584,LightGBM,2025-06-29 10:55:00,185.0,159.03698116839098,True
584,LightGBM,2025-06-29 11:00:00,195.0,170.4030894351545,True
584,LightGBM,2025-06-29 11:05:00,204.0,159.8946592992206,True
584,LightGBM,2025-06-29 11:10:00,208.0,164.6039996649996,True
584,LightGBM,2025-06-29 11:15:00,210.0,175.7168345267181,True
584,LightGBM,2025-06-29 11:20:00,216.0,178.62235039657318,True
584,LightGBM,2025-06-29 11:25:00,227.0,193.4795983984712,True
584,LightGBM,2025-06-29 11:30:00,234.0,212.77976150066942,True
584,LightGBM,2025-06-29 11:35:00,237.0,219.78900856342906,True
584,LightGBM,2025-06-29 11:40:00,241.0,215.81816345271537,True
584,LightGBM,2025-06-29 11:45:00,244.0,215.014905536321,True
584,LightGBM,2025-06-29 11:50:00,246.0,229.58988425921314,True
584,LightGBM,2025-06-29 11:55:00,247.0,244.8421189458371,True
584,LightGBM,2025-06-29 12:00:00,248.0,244.2684477004523,True
584,LightGBM,2025-06-29 12:05:00,252.0,239.7980639052981,True
584,LightGBM,2025-06-29 12:10:00,251.0,247.4809580587391,True
584,LightGBM,2025-06-29 12:15:00,243.0,248.58420645229126,True
584,LightGBM,2025-06-29 12:20:00,239.0,248.54329005319622,True
584,LightGBM,2025-06-29 12:25:00,236.0,249.05019470770392,True
584,LightGBM,2025-06-29 12:30:00,235.0,248.6082139855767,True
584,LightGBM,2025-06-29 12:35:00,241.0,258.7314550768032,True
584,LightGBM,2025-06-29 12:40:00,254.0,250.47899691426707,True
584,LightGBM,2025-06-29 12:45:00,268.0,231.39292084959598,True
584,LightGBM,2025-06-29 12:50:00,282.0,226.491935143482,True
584,LightGBM,2025-06-29 12:55:00,295.0,221.5275288618181,True
584,LightGBM,2025-06-29 13:00:00,302.0,226.86701542518327,True
584,LightGBM,2025-06-29 13:05:00,310.0,239.86412311122928,True
584,LightGBM,2025-06-29 13:10:00,313.0,262.1858902030579,True
584,LightGBM,2025-06-29 13:15:00,314.0,283.5467247524712,True
584,LightGBM,2025-06-29 13:20:00,319.0,301.73369412701857,True
584,LightGBM,2025-06-29 13:25:00,318.0,317.42160215286896,True
584,LightGBM,2025-06-29 13:30:00,312.0,308.4313863672511,True
584,LightGBM,2025-06-29 13:35:00,312.0,324.9013531874415,True
584,LightGBM,2025-06-29 13:40:00,314.0,314.45763581228704,True
584,LightGBM,2025-06-29 13:45:00,309.0,311.91269035472465,True
584,LightGBM,2025-06-29 13:50:00,306.0,320.1935019353693,True
584,LightGBM,2025-06-29 13:55:00,311.0,305.862196496756,True
584,LightGBM,2025-06-29 14:00:00,316.0,293.8402162293533,True
584,LightGBM,2025-06-29 14:05:00,325.0,305.3183466656006,True
584,LightGBM,2025-06-29 14:10:00,335.0,314.0203117718974,True
584,LightGBM,2025-06-29 14:15:00,347.0,284.6479897563162,True
584,LightGBM,2025-06-29 14:20:00,361.0,290.6609576578678,True
584,LightGBM,2025-06-29 14:25:00,369.0,311.71103719718445,True
584,LightGBM,2025-06-29 14:30:00,374.0,311.2093446178326,True
584,LightGBM,2025-06-29 14:35:00,381.0,322.11880012395244,True
584,LightGBM,2025-06-29 14:40:00,389.0,344.1271267613163,True
584,LightGBM,2025-06-29 14:45:00,396.0,351.99276041968466,True
584,LightGBM,2025-06-29 14:50:00,400.0,363.2577496677001,True
584,LightGBM,2025-06-29 14:55:00,400.0,352.4828793788651,True
584,LightGBM,2025-06-29 15:00:00,400.0,368.63873637239624,True
584,LightGBM,2025-06-29 15:05:00,400.0,378.69517689987987,True
584,LightGBM,2025-06-29 15:10:00,400.0,383.8487238088052,True
584,LightGBM,2025-06-29 15:15:00,400.0,377.3307427964867,True
584,LightGBM,2025-06-29 15:20:00,400.0,375.9426482829564,True
584,LightGBM,2025-06-29 15:25:00,400.0,381.59507913532815,True
584,LightGBM,2025-06-29 15:30:00,392.0,384.03742903836195,True
584,LightGBM,2025-06-29 15:35:00,379.0,375.5560523762213,True
584,LightGBM,2025-06-29 15:40:00,364.0,372.6599294816371,True
584,LightGBM,2025-06-29 15:45:00,364.0,370.3745589052642,True
584,LightGBM,2025-06-29 15:50:00,364.0,370.63467220470545,True
584,LightGBM,2025-06-29 15:55:00,364.0,370.72792494256834,True
584,LightGBM,2025-06-29 16:00:00,364.0,337.8584314115756,True
584,LightGBM,2025-06-29 16:05:00,364.0,324.4219624927607,True
584,LightGBM,2025-06-29 16:10:00,364.0,296.4530583867378,True
584,LightGBM,2025-06-29 16:35:00,158.0,338.75574706196073,True
584,LightGBM,2025-06-29 16:40:00,150.0,340.40924418340217,True
584,LightGBM,2025-06-29 16:45:00,143.0,204.97952815655617,False
584,LightGBM,2025-06-29 16:50:00,138.0,202.59771504200805,False
584,LightGBM,2025-06-29 16:55:00,134.0,203.9484336040583,False
584,LightGBM,2025-06-29 17:00:00,130.0,204.47505309792902,False
584,LightGBM,2025-06-29 17:05:00,130.0,200.41823971146673,True
584,LightGBM,2025-06-29 17:10:00,133.0,170.7606764757403,True
584,LightGBM,2025-06-29 17:15:00,134.0,154.87998263379689,True
584,LightGBM,2025-06-29 17:20:00,132.0,131.32398812283316,True
584,LightGBM,2025-06-29 17:25:00,127.0,123.93636484421486,True
584,LightGBM,2025-06-29 17:30:00,127.0,118.30428177190555,True
584,LightGBM,2025-06-29 17:35:00,129.0,128.02812161988876,True
584,LightGBM,2025-06-29 17:40:00,132.0,139.27028081207527,True
584,LightGBM,2025-06-29 17:45:00,134.0,135.49384746211803,True
584,LightGBM,2025-06-29 17:50:00,139.0,128.1958692192437,True
584,LightGBM,2025-06-29 17:55:00,143.0,118.50406982476993,True
584,LightGBM,2025-06-29 18:00:00,144.0,127.82182314689533,True
584,LightGBM,2025-06-29 18:05:00,146.0,135.32369305639034,True
584,LightGBM,2025-06-29 18:10:00,151.0,141.36470919245798,True
584,LightGBM,2025-06-29 18:15:00,150.0,139.6578527462334,True
584,LightGBM,2025-06-29 18:20:00,148.0,153.6570098984486,True
584,LightGBM,2025-06-29 18:25:00,155.0,151.9082513866794,True
584,LightGBM,2025-06-29 18:30:00,161.0,147.9273647548444,True
584,LightGBM,2025-06-29 18:35:00,162.0,153.88334835791855,True
584,LightGBM,2025-06-29 18:40:00,163.0,163.7985452775301,True
584,LightGBM,2025-06-29 18:45:00,164.0,146.13643914166724,True
584,LightGBM,2025-06-29 18:50:00,165.0,140.16695578938732,True
584,LightGBM,2025-06-29 18:55:00,162.0,166.7795354161353,True
584,LightGBM,2025-06-29 19:00:00,159.0,171.4418014206172,True
584,LightGBM,2025-06-29 19:05:00,163.0,165.3667124839877,True
584,LightGBM,2025-06-29 19:10:00,165.0,165.08261024724072,True
584,LightGBM,2025-06-29 19:15:00,162.0,166.80570102258338,True
584,LightGBM,2025-06-29 19:20:00,163.0,168.52469828641566,True
584,LightGBM,2025-06-29 19:25:00,168.0,152.73298533206582,True
584,LightGBM,2025-06-29 19:30:00,169.0,151.3692516502651,True
584,LightGBM,2025-06-29 19:35:00,170.0,170.65311649294156,True
584,LightGBM,2025-06-29 19:40:00,170.0,168.73096625856124,True
584,LightGBM,2025-06-29 19:45:00,170.0,151.6653769040319,True
584,LightGBM,2025-06-29 19:50:00,169.0,163.62096452326625,True
584,LightGBM,2025-06-29 19:55:00,169.0,179.89519963790136,True
584,LightGBM,2025-06-29 20:00:00,169.0,170.97354822767954,True
584,LightGBM,2025-06-29 20:05:00,172.0,172.7930324995379,True
584,LightGBM,2025-06-29 20:10:00,174.0,170.23031332167153,True
584,LightGBM,2025-06-29 20:15:00,172.0,170.09953654966102,True
584,LightGBM,2025-06-29 20:20:00,171.0,168.0619274361354,True
584,LightGBM,2025-06-29 20:25:00,171.0,169.3516853649561,True
584,LightGBM,2025-06-29 20:30:00,170.0,169.12433079517385,True
584,LightGBM,2025-06-29 20:35:00,170.0,179.49031067979274,True
584,LightGBM,2025-06-29 20:40:00,171.0,181.3135628206814,True
584,LightGBM,2025-06-29 20:45:00,172.0,169.7434776277318,True
584,LightGBM,2025-06-29 20:50:00,173.0,172.57870892934685,True
584,LightGBM,2025-06-29 20:55:00,173.0,173.08843097587217,True
584,LightGBM,2025-06-29 21:00:00,173.0,170.21468480243038,True
584,LightGBM,2025-06-29 21:05:00,170.0,171.6310484864852,True
584,LightGBM,2025-06-29 21:10:00,172.0,185.47502565145035,True
584,LightGBM,2025-06-29 21:15:00,174.0,184.73676863930248,True
584,LightGBM,2025-06-29 21:20:00,173.0,187.40386802958167,True
584,LightGBM,2025-06-29 21:25:00,171.0,186.29320556223524,True
584,LightGBM,2025-06-29 21:30:00,168.0,183.30846112568608,True
584,LightGBM,2025-06-29 21:35:00,165.0,168.8189426880663,True
584,LightGBM,2025-06-29 21:40:00,160.0,175.2906095668865,True
584,LightGBM,2025-06-29 21:45:00,156.0,177.0223590609304,True
584,LightGBM,2025-06-29 21:50:00,153.0,162.11684397980196,True
584,LightGBM,2025-06-29 21:55:00,150.0,160.21080833860398,True
584,LightGBM,2025-06-29 22:00:00,148.0,152.77159781255418,True
584,LightGBM,2025-06-29 22:05:00,147.0,150.3868915706906,True
584,LightGBM,2025-06-29 22:10:00,147.0,145.33891176151727,True
584,LightGBM,2025-06-29 22:15:00,149.0,142.14365480339916,True
584,LightGBM,2025-06-29 22:20:00,152.0,138.22249006135442,True
584,LightGBM,2025-06-29 22:25:00,155.0,136.88293538701714,True
584,LightGBM,2025-06-29 22:30:00,158.0,136.25908034469927,True
584,LightGBM,2025-06-29 22:35:00,162.0,137.74490352458028,True
584,LightGBM,2025-06-29 22:40:00,167.0,143.7026818472953,True
584,LightGBM,2025-06-29 22:45:00,172.0,149.91099940462593,True
584,LightGBM,2025-06-29 22:50:00,176.0,154.89156517416959,True
584,LightGBM,2025-06-29 22:55:00,181.0,160.65611572942706,True
584,LightGBM,2025-06-29 23:00:00,188.0,164.6113204270679,True
584,LightGBM,2025-06-29 23:05:00,192.0,171.25082197539973,True
584,LightGBM,2025-06-29 23:10:00,195.0,180.93370450904703,True
584,LightGBM,2025-06-29 23:15:00,195.0,184.39947392289696,True
584,LightGBM,2025-06-29 23:20:00,196.0,182.800848770667,True
584,LightGBM,2025-06-29 23:25:00,199.0,194.5441628097617,True
584,LightGBM,2025-06-29 23:30:00,203.0,207.1846481063818,True
584,LightGBM,2025-06-29 23:35:00,207.0,202.8728618204612,True
584,LightGBM,2025-06-29 23:40:00,208.0,206.16315784405722,True
584,LightGBM,2025-06-29 23:45:00,208.0,198.87585331090884,True
584,LightGBM,2025-06-29 23:50:00,209.0,201.6973786019116,True
584,LightGBM,2025-06-29 23:55:00,210.0,207.1642722056511,True
584,LightGBM,2025-06-30 00:00:00,213.0,210.95514726512002,True
584,LightGBM,2025-06-30 00:05:00,217.0,219.23027410080854,True
584,LightGBM,2025-06-30 00:10:00,221.0,211.93925295872344,True
584,LightGBM,2025-06-30 00:15:00,224.0,211.10267030610262,True
584,LightGBM,2025-06-30 00:20:00,229.0,210.4936551535023,True
584,LightGBM,2025-06-30 00:25:00,233.0,213.6559165376192,True
584,LightGBM,2025-06-30 00:30:00,236.0,217.8579792754001,True
584,LightGBM,2025-06-30 00:35:00,237.0,226.3540810617943,True
584,LightGBM,2025-06-30 00:40:00,235.0,232.26053523562476,True
584,LightGBM,2025-06-30 00:45:00,235.0,228.57464434497743,True
584,LightGBM,2025-06-30 00:50:00,234.0,242.31399069365384,True
584,LightGBM,2025-06-30 00:55:00,233.0,242.738878462886,True
584,LightGBM,2025-06-30 01:00:00,229.0,241.7697432434264,True
584,LightGBM,2025-06-30 01:05:00,224.0,241.16898040618932,True
584,LightGBM,2025-06-30 01:10:00,221.0,231.22282792773788,True
584,LightGBM,2025-06-30 01:15:00,218.0,235.5064566490642,True
584,LightGBM,2025-06-30 01:20:00,220.0,230.41146221765405,True
584,LightGBM,2025-06-30 01:25:00,220.0,230.55594417142413,True
584,LightGBM,2025-06-30 01:30:00,220.0,221.3746910066723,True
584,LightGBM,2025-06-30 01:35:00,222.0,211.68416377551588,True
584,LightGBM,2025-06-30 01:40:00,225.0,209.53166368544242,True
584,LightGBM,2025-06-30 01:45:00,227.0,206.16817788415878,True
584,LightGBM,2025-06-30 01:50:00,226.0,216.09680584882858,True
584,LightGBM,2025-06-30 01:55:00,226.0,214.2681062389575,True
584,LightGBM,2025-06-30 02:00:00,232.0,217.09040677150784,True
584,LightGBM,2025-06-30 02:05:00,236.0,220.42190616438137,True
584,LightGBM,2025-06-30 02:10:00,236.0,226.15068992487696,True
584,LightGBM,2025-06-30 02:15:00,237.0,229.10295870416192,True
584,LightGBM,2025-06-30 02:20:00,239.0,224.99360120686165,True
584,LightGBM,2025-06-30 02:25:00,242.0,226.27339730751163,True
584,LightGBM,2025-06-30 02:30:00,243.0,239.87815296465112,True
584,LightGBM,2025-06-30 02:35:00,243.0,240.86780966883518,True
584,LightGBM,2025-06-30 02:40:00,239.0,236.12340041234555,True
584,LightGBM,2025-06-30 02:45:00,234.0,240.78014993168227,True
584,LightGBM,2025-06-30 02:50:00,230.0,240.08930399012112,True
584,LightGBM,2025-06-30 02:55:00,225.0,247.3879121766501,True
584,LightGBM,2025-06-30 03:00:00,222.0,244.99467456169864,True
584,LightGBM,2025-06-30 03:05:00,221.0,244.64123919106194,True
584,LightGBM,2025-06-30 03:10:00,214.0,229.30491314261937,True
584,LightGBM,2025-06-30 03:15:00,210.0,223.01645456212046,True
584,LightGBM,2025-06-30 03:20:00,208.0,218.34931513990475,True
584,LightGBM,2025-06-30 03:25:00,212.0,209.94038742914654,True
584,LightGBM,2025-06-30 03:30:00,215.0,208.5526225842221,True
584,LightGBM,2025-06-30 03:35:00,216.0,212.50369328682115,True
584,LightGBM,2025-06-30 03:40:00,216.0,198.1782102154734,True
584,LightGBM,2025-06-30 03:45:00,215.0,197.17960806475386,True
584,LightGBM,2025-06-30 03:50:00,213.0,197.530478609257,True
584,LightGBM,2025-06-30 03:55:00,204.0,213.05844806319766,True
584,LightGBM,2025-06-30 04:00:00,194.0,212.13444952614626,True
584,LightGBM,2025-06-30 04:05:00,191.0,212.30333245762,True
584,LightGBM,2025-06-30 04:10:00,187.0,213.99962864298885,True
584,LightGBM,2025-06-30 04:15:00,195.0,212.07762337760158,True
584,LightGBM,2025-06-30 04:20:00,198.0,208.41008782414116,True
584,LightGBM,2025-06-30 04:25:00,198.0,192.06004301362904,True
584,LightGBM,2025-06-30 04:30:00,198.0,179.3271502454281,True
584,LightGBM,2025-06-30 04:35:00,198.0,187.48235418106424,True
584,LightGBM,2025-06-30 04:40:00,198.0,176.88911826642456,True
584,LightGBM,2025-06-30 04:45:00,198.0,199.12744463405446,True
584,LightGBM,2025-06-30 04:50:00,198.0,196.60831121188605,True
584,LightGBM,2025-06-30 05:10:00,174.0,196.78031419547912,True
584,LightGBM,2025-06-30 05:15:00,174.0,198.12762438198578,True
584,LightGBM,2025-06-30 05:20:00,172.0,199.4347507995916,True
584,LightGBM,2025-06-30 05:25:00,169.0,168.96464004787398,False
584,LightGBM,2025-06-30 05:30:00,166.0,169.50723574215996,False
584,LightGBM,2025-06-30 05:35:00,164.0,169.36897257439225,False
584,LightGBM,2025-06-30 05:40:00,161.0,173.40002399153593,True
584,LightGBM,2025-06-30 05:45:00,158.0,175.39926496995568,True
584,LightGBM,2025-06-30 05:50:00,155.0,166.136223403397,True
584,LightGBM,2025-06-30 05:55:00,152.0,158.6331445395309,True
584,LightGBM,2025-06-30 06:00:00,151.0,153.569424149267,True
584,LightGBM,2025-06-30 06:05:00,149.0,153.700407906282,True
584,LightGBM,2025-06-30 06:10:00,148.0,146.24740470849886,True
584,LightGBM,2025-06-30 06:15:00,146.0,144.0361975446658,True
584,LightGBM,2025-06-30 06:20:00,145.0,140.250636080824,True
584,LightGBM,2025-06-30 06:25:00,145.0,137.52632295800967,True
584,LightGBM,2025-06-30 06:30:00,145.0,140.5891174044629,True
584,LightGBM,2025-06-30 06:35:00,148.0,135.29042093412122,True
584,LightGBM,2025-06-30 06:40:00,152.0,136.998808162823,True
584,LightGBM,2025-06-30 06:45:00,158.0,133.6830940582143,True
584,LightGBM,2025-06-30 06:50:00,169.0,135.70740486777845,True
584,LightGBM,2025-06-30 06:55:00,181.0,139.30269860501028,True
584,LightGBM,2025-06-30 07:00:00,195.0,161.10900590095017,True
584,LightGBM,2025-06-30 07:05:00,207.0,182.7951972373496,True
584,LightGBM,2025-06-30 07:10:00,217.0,181.3058279279213,True
584,LightGBM,2025-06-30 07:15:00,226.0,190.25464570247402,True
584,LightGBM,2025-06-30 07:20:00,231.0,203.26225664724888,True
584,LightGBM,2025-06-30 07:25:00,236.0,213.6071125122303,True
584,LightGBM,2025-06-30 07:30:00,240.0,222.3316350817336,True
584,LightGBM,2025-06-30 07:35:00,241.0,218.64531651521972,True
584,LightGBM,2025-06-30 07:40:00,241.0,226.45586539423925,True
584,LightGBM,2025-06-30 07:45:00,241.0,236.05456798995183,True
584,LightGBM,2025-06-30 07:50:00,242.0,227.85491279321613,True
584,LightGBM,2025-06-30 07:55:00,247.0,240.07180375410707,True
584,LightGBM,2025-06-30 08:00:00,251.0,239.5963357881692,True
584,LightGBM,2025-06-30 08:05:00,253.0,237.6382862395544,True
584,LightGBM,2025-06-30 08:10:00,255.0,234.17876244817077,True
584,LightGBM,2025-06-30 08:15:00,258.0,235.18576794510003,True
584,LightGBM,2025-06-30 08:20:00,260.0,237.58843837645506,True
584,LightGBM,2025-06-30 08:25:00,265.0,247.61236191392672,True
584,LightGBM,2025-06-30 08:30:00,272.0,253.48301607021403,True
584,LightGBM,2025-06-30 08:35:00,273.0,250.50286492585795,True
584,LightGBM,2025-06-30 08:40:00,274.0,251.92007753901953,True
584,LightGBM,2025-06-30 08:45:00,277.0,256.88498089165796,True
584,LightGBM,2025-06-30 08:50:00,279.0,256.22665622589955,True
584,LightGBM,2025-06-30 08:55:00,281.0,266.51932606761227,True
584,LightGBM,2025-06-30 09:00:00,282.0,275.6971123738284,True
584,LightGBM,2025-06-30 09:05:00,284.0,263.76939833969385,True
584,LightGBM,2025-06-30 09:10:00,286.0,268.5036599189103,True
584,LightGBM,2025-06-30 09:15:00,288.0,272.40892546474794,True
584,LightGBM,2025-06-30 09:20:00,290.0,271.62276399732883,True
584,LightGBM,2025-06-30 09:25:00,293.0,273.578723978634,True
584,LightGBM,2025-06-30 09:30:00,296.0,269.590972754791,True
584,LightGBM,2025-06-30 09:35:00,297.0,275.85906100466997,True
584,LightGBM,2025-06-30 09:40:00,299.0,276.3608696262742,True
584,LightGBM,2025-06-30 09:45:00,300.0,283.8646860104,True
584,LightGBM,2025-06-30 09:50:00,300.0,285.06238904548866,True
584,LightGBM,2025-06-30 09:55:00,303.0,285.38526455495395,True
584,LightGBM,2025-06-30 10:00:00,300.0,292.92583645212574,True
584,LightGBM,2025-06-30 10:05:00,295.0,290.21983099319095,True
584,LightGBM,2025-06-30 10:10:00,301.0,293.5488837700959,True
584,LightGBM,2025-06-30 10:15:00,307.0,289.37846869033694,True
584,LightGBM,2025-06-30 10:20:00,313.0,285.3917130659823,True
584,LightGBM,2025-06-30 10:25:00,315.0,295.67181473110264,True
584,LightGBM,2025-06-30 10:30:00,312.0,282.5615407301364,True
584,LightGBM,2025-06-30 10:35:00,311.0,276.4492582932398,True
584,LightGBM,2025-06-30 10:40:00,312.0,293.2881235490589,True
584,LightGBM,2025-06-30 10:45:00,312.0,303.69852537592845,True
584,LightGBM,2025-06-30 10:50:00,313.0,312.01265790469455,True
584,LightGBM,2025-06-30 10:55:00,311.0,310.95170960889544,True
584,LightGBM,2025-06-30 11:00:00,310.0,296.5091220823912,True
584,LightGBM,2025-06-30 11:05:00,311.0,302.0052900880894,True
584,LightGBM,2025-06-30 11:10:00,301.0,307.1313113757232,True
584,LightGBM,2025-06-30 11:15:00,298.0,299.06844849480086,True
584,LightGBM,2025-06-30 11:20:00,302.0,307.0699480986465,True
584,LightGBM,2025-06-30 11:25:00,297.0,295.31942142928074,True
584,LightGBM,2025-06-30 11:30:00,290.0,297.7173691407176,True
584,LightGBM,2025-06-30 11:35:00,284.0,304.5577500572887,True
584,LightGBM,2025-06-30 11:40:00,283.0,272.52657899552327,True
584,LightGBM,2025-06-30 11:45:00,287.0,281.87217280870067,True
584,LightGBM,2025-06-30 11:50:00,291.0,293.3647446722971,True
584,LightGBM,2025-06-30 11:55:00,291.0,272.6220565610757,True
584,LightGBM,2025-06-30 12:00:00,290.0,263.60815770308926,True
584,LightGBM,2025-06-30 12:05:00,285.0,255.84092394153694,True
584,LightGBM,2025-06-30 12:10:00,282.0,262.10735093396625,True
584,LightGBM,2025-06-30 12:15:00,280.0,274.2220080987629,True
584,LightGBM,2025-06-30 12:20:00,277.0,290.2014807282888,True
584,LightGBM,2025-06-30 12:25:00,273.0,286.09350908897807,True
584,LightGBM,2025-06-30 12:30:00,268.0,283.2147382521,True
584,LightGBM,2025-06-30 12:35:00,263.0,261.440426746422,True
584,LightGBM,2025-06-30 12:40:00,257.0,267.190171443983,True
584,LightGBM,2025-06-30 12:45:00,249.0,268.07498267834114,True
584,LightGBM,2025-06-30 12:50:00,241.0,261.86819013199425,True
584,LightGBM,2025-06-30 12:55:00,232.0,252.99877623437231,True
584,LightGBM,2025-06-30 13:00:00,225.0,243.61445471407922,True
584,LightGBM,2025-06-30 13:05:00,218.0,234.8090580194522,True
584,LightGBM,2025-06-30 13:10:00,212.0,228.25848306346768,True
584,LightGBM,2025-06-30 13:15:00,205.0,219.7663747439937,True
584,LightGBM,2025-06-30 13:20:00,198.0,212.7417925158472,True
584,LightGBM,2025-06-30 13:25:00,191.0,196.354475845638,True
584,LightGBM,2025-06-30 13:30:00,184.0,194.73649360102104,True
584,LightGBM,2025-06-30 13:35:00,175.0,186.65710929892268,True
584,LightGBM,2025-06-30 13:40:00,167.0,185.70436946736942,True
584,LightGBM,2025-06-30 13:45:00,161.0,174.5771916124989,True
584,LightGBM,2025-06-30 13:50:00,156.0,167.43734458606406,True
584,LightGBM,2025-06-30 13:55:00,154.0,163.24179203261886,True
584,LightGBM,2025-06-30 14:00:00,152.0,159.0754141544676,True
584,LightGBM,2025-06-30 14:05:00,148.0,143.0504222922122,True
584,LightGBM,2025-06-30 14:10:00,140.0,138.76598980779704,True
584,LightGBM,2025-06-30 14:15:00,134.0,138.60067504058438,True
584,LightGBM,2025-06-30 14:20:00,128.0,137.10878212690602,True
584,LightGBM,2025-06-30 14:25:00,123.0,137.9632837459531,True
584,LightGBM,2025-06-30 14:30:00,122.0,134.98211836733412,True
584,LightGBM,2025-06-30 14:35:00,121.0,133.68405850209672,True
584,LightGBM,2025-06-30 14:40:00,123.0,116.66983041739572,True
584,LightGBM,2025-06-30 14:45:00,123.0,116.26124741533478,True
584,LightGBM,2025-06-30 14:50:00,121.0,107.93612442812365,True
584,LightGBM,2025-06-30 14:55:00,119.0,104.65596186432334,True
584,LightGBM,2025-06-30 15:00:00,120.0,116.36509691909849,True
584,LightGBM,2025-06-30 15:05:00,121.0,114.31832707816592,True
584,LightGBM,2025-06-30 15:10:00,120.0,124.76899037165467,True
584,LightGBM,2025-06-30 15:15:00,120.0,121.72567117277957,True
584,LightGBM,2025-06-30 15:20:00,123.0,116.73560360481038,True
584,LightGBM,2025-06-30 15:25:00,128.0,115.09991889347509,True
584,LightGBM,2025-06-30 15:30:00,130.0,120.05382984560825,True
584,LightGBM,2025-06-30 15:35:00,131.0,121.55001824853427,True
584,LightGBM,2025-06-30 15:40:00,133.0,116.8706805487673,True
584,LightGBM,2025-06-30 15:45:00,137.0,120.47905998008324,True
584,LightGBM,2025-06-30 15:50:00,138.0,130.89160703460595,True
584,LightGBM,2025-06-30 15:55:00,138.0,142.77728487739958,True
584,LightGBM,2025-06-30 16:00:00,140.0,137.8752776581925,True
584,LightGBM,2025-06-30 16:05:00,139.0,135.3330959014411,True
584,LightGBM,2025-06-30 16:10:00,137.0,142.39190055148563,True
584,LightGBM,2025-06-30 16:15:00,135.0,150.78241647343486,True
584,LightGBM,2025-06-30 16:20:00,133.0,143.15817225570245,True
584,LightGBM,2025-06-30 16:25:00,131.0,141.7526069606552,True
584,LightGBM,2025-06-30 16:30:00,131.0,149.26573215081618,True
584,LightGBM,2025-06-30 16:35:00,129.0,139.35998866715624,True
584,LightGBM,2025-06-30 16:40:00,124.0,134.80827969887898,True
584,LightGBM,2025-06-30 16:45:00,120.0,131.41189706096523,True
584,LightGBM,2025-06-30 16:50:00,116.0,129.55721062713758,True
584,LightGBM,2025-06-30 16:55:00,114.0,125.33245152184726,True
584,LightGBM,2025-06-30 17:00:00,112.0,129.95379846107357,True
584,LightGBM,2025-06-30 17:05:00,109.0,125.62613086832553,True
584,LightGBM,2025-06-30 17:10:00,105.0,114.42534657074832,True
584,LightGBM,2025-06-30 17:15:00,105.0,111.01511947949456,True
584,LightGBM,2025-06-30 17:20:00,104.0,107.23822356445721,True
584,LightGBM,2025-06-30 17:25:00,99.0,110.72897482509094,True
584,LightGBM,2025-06-30 17:30:00,96.0,105.86720091167714,True
584,LightGBM,2025-06-30 17:35:00,96.0,101.30197493723638,True
584,LightGBM,2025-06-30 17:40:00,96.0,96.2869363713456,True
584,LightGBM,2025-06-30 17:45:00,96.0,105.6491447619525,True
584,LightGBM,2025-06-30 17:50:00,98.0,100.33537839740704,True
584,LightGBM,2025-06-30 17:55:00,103.0,94.34482051434836,True
584,LightGBM,2025-06-30 18:00:00,104.0,90.60421593674911,True
584,LightGBM,2025-06-30 18:05:00,100.0,96.19722814238868,True
584,LightGBM,2025-06-30 18:10:00,99.0,95.5019974236778,True
584,LightGBM,2025-06-30 18:15:00,95.0,96.209325193331,True
584,LightGBM,2025-06-30 18:20:00,88.0,105.00909872363388,True
584,LightGBM,2025-06-30 18:25:00,89.0,118.514952806257,True
584,LightGBM,2025-06-30 18:30:00,100.0,110.11385673687226,True
584,LightGBM,2025-06-30 18:35:00,106.0,99.02574423285414,True
584,LightGBM,2025-06-30 18:40:00,118.0,100.19663865199357,True
584,LightGBM,2025-06-30 18:45:00,133.0,91.57126557093146,True
584,LightGBM,2025-06-30 18:50:00,142.0,86.68235549824955,True
584,LightGBM,2025-06-30 18:55:00,150.0,96.11368210670652,True
584,LightGBM,2025-06-30 19:00:00,158.0,124.24275341911896,True
584,LightGBM,2025-06-30 19:05:00,163.0,126.80210558379231,True
584,LightGBM,2025-06-30 19:10:00,167.0,156.69677645812618,True
584,LightGBM,2025-06-30 19:15:00,171.0,175.8990649695973,True
584,LightGBM,2025-06-30 19:20:00,175.0,164.60499147075353,True
584,LightGBM,2025-06-30 19:25:00,173.0,175.23980633965996,True
584,LightGBM,2025-06-30 19:30:00,171.0,184.51825337721073,True
584,LightGBM,2025-06-30 19:35:00,168.0,174.6502107672773,True
584,LightGBM,2025-06-30 19:40:00,175.0,177.32875472109865,True
584,LightGBM,2025-06-30 19:45:00,182.0,181.6084523488908,True
584,LightGBM,2025-06-30 19:50:00,185.0,186.42863675899432,True
584,LightGBM,2025-06-30 19:55:00,188.0,173.3760794039811,True
584,LightGBM,2025-06-30 20:00:00,190.0,172.48528676773444,True
584,LightGBM,2025-06-30 20:05:00,189.0,177.9746041220668,True
584,LightGBM,2025-06-30 20:10:00,187.0,195.31045492281808,True
584,LightGBM,2025-06-30 20:15:00,185.0,197.70326459628313,True
584,LightGBM,2025-06-30 20:20:00,185.0,193.99541321113716,True
584,LightGBM,2025-06-30 20:25:00,184.0,193.78307003531452,True
584,LightGBM,2025-06-30 20:30:00,181.0,187.34196506272792,True
584,LightGBM,2025-06-30 20:35:00,178.0,175.66151126138845,True
584,LightGBM,2025-06-30 20:40:00,174.0,174.10055794006828,True
584,LightGBM,2025-06-30 20:45:00,168.0,175.47720717290332,True
584,LightGBM,2025-06-30 20:50:00,164.0,181.7859882007383,True
584,LightGBM,2025-06-30 20:55:00,159.0,174.53437799081033,True
584,LightGBM,2025-06-30 21:00:00,154.0,167.12694087270376,True
584,LightGBM,2025-06-30 21:05:00,155.0,172.99546291866906,True
584,LightGBM,2025-06-30 21:10:00,154.0,170.7636923200702,True
584,LightGBM,2025-06-30 21:15:00,147.0,156.04109713088542,True
584,LightGBM,2025-06-30 21:20:00,138.0,157.43927415714336,True
584,LightGBM,2025-06-30 21:25:00,132.0,148.58950691316468,True
584,LightGBM,2025-06-30 21:30:00,128.0,131.53829979371716,True
584,LightGBM,2025-06-30 21:35:00,127.0,153.95876034852762,True
584,LightGBM,2025-06-30 21:40:00,127.0,143.09713578241326,True
584,LightGBM,2025-06-30 21:45:00,128.0,128.45581186731144,True
584,LightGBM,2025-06-30 21:50:00,131.0,116.33969817619412,True
584,LightGBM,2025-06-30 21:55:00,134.0,113.02585245096245,True
584,LightGBM,2025-06-30 22:00:00,134.0,118.31886745477095,True
584,LightGBM,2025-06-30 22:05:00,133.0,122.25448837237067,True
584,LightGBM,2025-06-30 22:10:00,131.0,126.39708978218668,True
584,LightGBM,2025-06-30 22:15:00,130.0,132.66577663514846,True
584,LightGBM,2025-06-30 22:20:00,131.0,140.50513864809372,True
584,LightGBM,2025-06-30 22:25:00,133.0,143.00322610605218,True
584,LightGBM,2025-06-30 22:30:00,135.0,132.61148975320194,True
584,LightGBM,2025-06-30 22:35:00,136.0,130.7154731657107,True
584,LightGBM,2025-06-30 22:40:00,136.0,125.36208876129659,True
584,LightGBM,2025-06-30 22:45:00,138.0,126.60951186772564,True
584,LightGBM,2025-06-30 22:50:00,138.0,131.36355795499784,True
584,LightGBM,2025-06-30 22:55:00,138.0,136.1004695521989,True
584,LightGBM,2025-06-30 23:00:00,137.0,138.91026254011513,True
584,LightGBM,2025-06-30 23:05:00,136.0,139.65230701118995,True
584,LightGBM,2025-06-30 23:10:00,136.0,138.63579473917804,True
584,LightGBM,2025-06-30 23:15:00,136.0,144.8983542534504,True
584,LightGBM,2025-06-30 23:20:00,138.0,139.41844798623404,True
584,LightGBM,2025-06-30 23:25:00,141.0,139.2879285320805,True
584,LightGBM,2025-06-30 23:30:00,144.0,134.9003510549848,True
584,LightGBM,2025-06-30 23:35:00,146.0,134.64472753654312,True
584,LightGBM,2025-06-30 23:40:00,148.0,135.5354948560591,True
584,LightGBM,2025-06-30 23:45:00,148.0,134.20433319532313,True
584,LightGBM,2025-06-30 23:50:00,147.0,140.46380870969568,True
584,LightGBM,2025-06-30 23:55:00,145.0,148.50486578576775,True
584,LightGBM,2025-07-01 00:00:00,145.0,153.10303408664714,True
584,LightGBM,2025-07-01 00:05:00,147.0,151.45003116858604,True
584,LightGBM,2025-07-01 00:10:00,149.0,155.0558117960357,True
584,LightGBM,2025-07-01 00:15:00,153.0,149.331619567996,True
584,LightGBM,2025-07-01 00:20:00,158.0,143.51476841516663,True
584,LightGBM,2025-07-01 00:25:00,165.0,137.57742880370162,True
584,LightGBM,2025-07-01 00:30:00,170.0,144.59347915094202,True
584,LightGBM,2025-07-01 00:35:00,176.0,150.01127475538303,True
584,LightGBM,2025-07-01 00:40:00,181.0,153.3741763794328,True
584,LightGBM,2025-07-01 00:45:00,186.0,162.73230261633557,True
584,LightGBM,2025-07-01 00:50:00,188.0,173.02882127272508,True
584,LightGBM,2025-07-01 00:55:00,190.0,184.099194559125,True
584,LightGBM,2025-07-01 01:00:00,193.0,184.1336641309035,True
584,LightGBM,2025-07-01 01:05:00,197.0,192.00169688069556,True
584,LightGBM,2025-07-01 01:10:00,200.0,193.90270642495145,True
584,LightGBM,2025-07-01 01:15:00,203.0,201.59940987202862,True
584,LightGBM,2025-07-01 01:20:00,206.0,193.18557538928445,True
584,LightGBM,2025-07-01 01:25:00,210.0,198.69773152763588,True
584,LightGBM,2025-07-01 01:30:00,215.0,204.5788686909089,True
584,LightGBM,2025-07-01 01:35:00,220.0,209.11987135241895,True
584,LightGBM,2025-07-01 01:40:00,225.0,212.48807401265847,True
584,LightGBM,2025-07-01 01:45:00,227.0,214.6045551102088,True
584,LightGBM,2025-07-01 01:50:00,229.0,217.89657919525294,True
584,LightGBM,2025-07-01 01:55:00,230.0,226.1958027809035,True
584,LightGBM,2025-07-01 02:00:00,230.0,232.8990628898256,True
584,LightGBM,2025-07-01 02:05:00,230.0,236.965821742231,True
584,LightGBM,2025-07-01 02:10:00,230.0,239.32804570522762,True
584,LightGBM,2025-07-01 02:15:00,231.0,234.68495283181565,True
584,LightGBM,2025-07-01 02:20:00,232.0,238.30591074267377,True
584,LightGBM,2025-07-01 02:25:00,232.0,235.62139586899528,True
584,LightGBM,2025-07-01 02:30:00,233.0,234.3095652716789,True
584,LightGBM,2025-07-01 02:35:00,235.0,233.8985831393751,True
584,LightGBM,2025-07-01 02:40:00,235.0,233.32968323558873,True
584,LightGBM,2025-07-01 02:45:00,235.0,234.17709422455184,True
584,LightGBM,2025-07-01 02:50:00,235.0,235.4457687636105,True
584,LightGBM,2025-07-01 02:55:00,234.0,233.339704604578,True
584,LightGBM,2025-07-01 03:00:00,234.0,234.97288926850544,True
584,LightGBM,2025-07-01 03:05:00,234.0,237.76738895021512,True
584,LightGBM,2025-07-01 03:10:00,234.0,236.0725125498408,True
584,LightGBM,2025-07-01 03:15:00,235.0,236.35860750632736,True
584,LightGBM,2025-07-01 03:20:00,234.0,235.9105750206034,True
584,LightGBM,2025-07-01 03:25:00,229.0,232.3834786679406,True
584,LightGBM,2025-07-01 03:30:00,221.0,233.9290982669006,True
584,LightGBM,2025-07-01 03:35:00,215.0,233.71114968572093,True
584,LightGBM,2025-07-01 03:40:00,211.0,233.13581252806424,True
584,LightGBM,2025-07-01 03:45:00,207.0,237.04208093672156,True
584,LightGBM,2025-07-01 03:50:00,205.0,232.05594453118363,True
584,LightGBM,2025-07-01 03:55:00,205.0,220.75643755997046,True
584,LightGBM,2025-07-01 04:00:00,205.0,209.85001132595406,True
584,LightGBM,2025-07-01 04:05:00,205.0,204.8893563104827,True
584,LightGBM,2025-07-01 04:10:00,205.0,201.96963877664442,True
584,LightGBM,2025-07-01 04:15:00,205.0,195.49634136248858,True
584,LightGBM,2025-07-01 04:20:00,205.0,194.96923657764293,True
584,LightGBM,2025-07-01 04:25:00,178.0,198.9372033944947,True
584,LightGBM,2025-07-01 04:30:00,176.0,199.8647364928465,True
584,LightGBM,2025-07-01 04:35:00,174.0,201.218471326721,True
584,LightGBM,2025-07-01 04:40:00,172.0,202.83236719992797,True
584,LightGBM,2025-07-01 04:45:00,169.0,204.76978847736365,True
584,LightGBM,2025-07-01 04:50:00,167.0,204.2908579995871,True
584,LightGBM,2025-07-01 04:55:00,165.0,173.67205893342663,True
584,LightGBM,2025-07-01 05:00:00,165.0,173.57100760025935,True
584,LightGBM,2025-07-01 05:05:00,168.0,169.19163188798174,True
584,LightGBM,2025-07-01 05:10:00,171.0,162.35196289092556,True
584,LightGBM,2025-07-01 05:15:00,171.0,154.7887814862718,True
584,LightGBM,2025-07-01 05:20:00,171.0,157.6319129206587,True
584,LightGBM,2025-07-01 05:25:00,170.0,155.45231945393093,True
584,LightGBM,2025-07-01 05:30:00,170.0,166.5934326404492,True
584,LightGBM,2025-07-01 05:35:00,170.0,174.29251085667354,True
584,LightGBM,2025-07-01 05:40:00,165.0,180.29328387767407,True
584,LightGBM,2025-07-01 05:45:00,161.0,173.32682827530755,True
584,LightGBM,2025-07-01 05:50:00,158.0,175.23243714659213,True
584,LightGBM,2025-07-01 05:55:00,155.0,166.10332477919417,True
584,LightGBM,2025-07-01 06:00:00,148.0,169.43404651651966,True
584,LightGBM,2025-07-01 06:05:00,140.0,167.7279177672355,True
584,LightGBM,2025-07-01 06:10:00,133.0,151.36681520945896,True
584,LightGBM,2025-07-01 06:15:00,126.0,147.55073900422502,True
584,LightGBM,2025-07-01 06:20:00,121.0,143.84043446219172,True
584,LightGBM,2025-07-01 06:25:00,115.0,139.82063948782127,True
584,LightGBM,2025-07-01 06:30:00,112.0,125.32156577103824,True
584,LightGBM,2025-07-01 06:35:00,108.0,115.10577037564131,True
584,LightGBM,2025-07-01 06:40:00,107.0,111.56478225758295,True
584,LightGBM,2025-07-01 06:45:00,104.0,103.68090806400575,True
584,LightGBM,2025-07-01 06:50:00,105.0,102.81639061866778,True
584,LightGBM,2025-07-01 06:55:00,106.0,94.29924820530186,True
584,LightGBM,2025-07-01 07:00:00,109.0,100.42325829959651,True
584,LightGBM,2025-07-01 07:05:00,115.0,92.84745252549446,True
584,LightGBM,2025-07-01 07:10:00,121.0,100.21380633376559,True
584,LightGBM,2025-07-01 07:15:00,124.0,94.71448083435641,True
584,LightGBM,2025-07-01 07:20:00,128.0,106.79712009780438,True
584,LightGBM,2025-07-01 07:25:00,132.0,107.11285367275907,True
584,LightGBM,2025-07-01 07:30:00,136.0,115.85085974350619,True
584,LightGBM,2025-07-01 07:35:00,139.0,129.61120459331445,True
584,LightGBM,2025-07-01 07:40:00,140.0,135.49118452347295,True
584,LightGBM,2025-07-01 07:45:00,139.0,131.08851833179313,True
584,LightGBM,2025-07-01 07:50:00,140.0,142.58708105885245,True
584,LightGBM,2025-07-01 07:55:00,142.0,143.37900819676065,True
584,LightGBM,2025-07-01 08:00:00,146.0,148.27058733217316,True
584,LightGBM,2025-07-01 08:05:00,153.0,150.35405453324253,True
584,LightGBM,2025-07-01 08:10:00,159.0,145.33182284504,True
584,LightGBM,2025-07-01 08:15:00,162.0,152.87130122672812,True
584,LightGBM,2025-07-01 08:20:00,162.0,160.05387606854154,True
584,LightGBM,2025-07-01 08:25:00,161.0,166.76754651534452,True
584,LightGBM,2025-07-01 08:30:00,160.0,172.80159346555297,True
584,LightGBM,2025-07-01 08:35:00,153.0,176.74665823377737,True
584,LightGBM,2025-07-01 08:40:00,147.0,168.12803981888112,True
584,LightGBM,2025-07-01 08:45:00,141.0,159.78973234130203,True
584,LightGBM,2025-07-01 08:50:00,136.0,152.58328421362154,True
584,LightGBM,2025-07-01 08:55:00,132.0,147.50717369985915,True
584,LightGBM,2025-07-01 09:00:00,128.0,149.72682456646794,True
584,LightGBM,2025-07-01 09:05:00,122.0,124.60420253602351,True
584,LightGBM,2025-07-01 09:10:00,118.0,125.77417109176679,True
584,LightGBM,2025-07-01 09:15:00,114.0,120.10500116650134,True
584,LightGBM,2025-07-01 09:20:00,111.0,118.81683453435842,True
584,LightGBM,2025-07-01 09:25:00,108.0,117.15078756529338,True
584,LightGBM,2025-07-01 09:30:00,106.0,115.8660629243376,True
584,LightGBM,2025-07-01 09:35:00,105.0,103.02673409937705,True
584,LightGBM,2025-07-01 09:40:00,102.0,106.41468679953778,True
584,LightGBM,2025-07-01 09:45:00,99.0,100.93298992081789,True
584,LightGBM,2025-07-01 09:50:00,97.0,102.13801719452336,True
584,LightGBM,2025-07-01 09:55:00,95.0,97.87789083897125,True
584,LightGBM,2025-07-01 10:00:00,95.0,98.5981653172319,True
584,LightGBM,2025-07-01 10:05:00,95.0,98.55084149967534,True
584,LightGBM,2025-07-01 10:10:00,94.0,91.8850172233543,True
584,LightGBM,2025-07-01 10:15:00,93.0,89.81786656495574,True
584,LightGBM,2025-07-01 10:20:00,92.0,90.60909058305879,True
584,LightGBM,2025-07-01 10:25:00,91.0,89.09675196254899,True
584,LightGBM,2025-07-01 10:30:00,90.0,94.44027160863777,True
584,LightGBM,2025-07-01 10:35:00,90.0,93.98616539556252,True
584,LightGBM,2025-07-01 10:40:00,89.0,91.52936012881861,True
584,LightGBM,2025-07-01 10:45:00,89.0,89.92856113886447,True
584,LightGBM,2025-07-01 10:50:00,88.0,89.41449034710544,True
584,LightGBM,2025-07-01 10:55:00,87.0,88.634028697029,True
584,LightGBM,2025-07-01 11:00:00,87.0,88.67634318804161,True
584,LightGBM,2025-07-01 11:05:00,89.0,92.48593884304408,True
584,LightGBM,2025-07-01 11:10:00,91.0,87.514265273243,True
584,LightGBM,2025-07-01 11:15:00,94.0,91.12133476394597,True
584,LightGBM,2025-07-01 11:20:00,95.0,87.0681061342621,True
584,LightGBM,2025-07-01 11:25:00,95.0,85.76968539550653,True
584,LightGBM,2025-07-01 11:30:00,94.0,88.46533011574626,True
584,LightGBM,2025-07-01 11:35:00,92.0,97.83046360615467,True
584,LightGBM,2025-07-01 11:40:00,91.0,100.2461534461565,True
584,LightGBM,2025-07-01 11:45:00,90.0,107.81368041615553,True
584,LightGBM,2025-07-01 11:50:00,89.0,101.67125591562993,True
584,LightGBM,2025-07-01 11:55:00,88.0,99.5061728978441,True
584,LightGBM,2025-07-01 12:00:00,88.0,95.02748418075247,True
584,LightGBM,2025-07-01 12:05:00,89.0,91.55295967109066,True
584,LightGBM,2025-07-01 12:10:00,91.0,90.38146061510903,True
584,LightGBM,2025-07-01 12:15:00,93.0,91.30286329599363,True
584,LightGBM,2025-07-01 12:20:00,97.0,89.71630997384193,True
584,LightGBM,2025-07-01 12:25:00,100.0,89.24887564351825,True
584,LightGBM,2025-07-01 12:30:00,103.0,93.35236961644812,True
584,LightGBM,2025-07-01 12:35:00,106.0,97.27809543575242,True
584,LightGBM,2025-07-01 12:40:00,109.0,102.50604125807298,True
584,LightGBM,2025-07-01 12:45:00,113.0,117.95520784036853,True
584,LightGBM,2025-07-01 12:50:00,114.0,127.23476892705021,True
584,LightGBM,2025-07-01 12:55:00,114.0,122.30272457105274,True
584,LightGBM,2025-07-01 13:00:00,113.0,124.9677484114152,True
584,LightGBM,2025-07-01 13:05:00,112.0,122.74519972838871,True
584,LightGBM,2025-07-01 13:10:00,112.0,120.07061862170764,True
584,LightGBM,2025-07-01 13:15:00,111.0,134.87837703088638,True
584,LightGBM,2025-07-01 13:20:00,108.0,125.05161516998012,True
584,LightGBM,2025-07-01 13:25:00,107.0,122.90676199293696,True
584,LightGBM,2025-07-01 13:30:00,106.0,113.7356208895578,True
584,LightGBM,2025-07-01 13:35:00,105.0,108.91188695619365,True
584,LightGBM,2025-07-01 13:40:00,107.0,113.69189904953774,True
584,LightGBM,2025-07-01 13:45:00,108.0,109.1564514691725,True
584,LightGBM,2025-07-01 13:50:00,107.0,103.64321647343716,True
584,LightGBM,2025-07-01 13:55:00,107.0,105.32750570792611,True
584,LightGBM,2025-07-01 14:00:00,106.0,105.02774286028801,True
584,LightGBM,2025-07-01 14:05:00,104.0,103.5396049295687,True
584,LightGBM,2025-07-01 14:10:00,105.0,116.25320065122115,True
584,LightGBM,2025-07-01 14:15:00,106.0,113.18196438086349,True
584,LightGBM,2025-07-01 14:20:00,105.0,105.72510722130995,True
584,LightGBM,2025-07-01 14:25:00,107.0,109.9063297202405,True
584,LightGBM,2025-07-01 14:30:00,110.0,103.57718339053133,True
584,LightGBM,2025-07-01 14:35:00,110.0,101.46352014760545,True
584,LightGBM,2025-07-01 14:40:00,111.0,110.15187309522169,True
584,LightGBM,2025-07-01 14:45:00,113.0,110.05024275110053,True
584,LightGBM,2025-07-01 14:50:00,115.0,103.40740991499861,True
584,LightGBM,2025-07-01 14:55:00,118.0,115.93434238793122,True
584,LightGBM,2025-07-01 15:00:00,119.0,119.52093490992736,True
584,LightGBM,2025-07-01 15:05:00,120.0,115.64451012539118,True
584,LightGBM,2025-07-01 15:10:00,121.0,119.78858712559212,True
584,LightGBM,2025-07-01 15:15:00,123.0,122.33293152993873,True
584,LightGBM,2025-07-01 15:20:00,127.0,123.34201435566386,True
584,LightGBM,2025-07-01 15:25:00,130.0,130.2032217240877,True
584,LightGBM,2025-07-01 15:30:00,132.0,124.78874303777359,True
584,LightGBM,2025-07-01 15:35:00,136.0,126.98917144779942,True
584,LightGBM,2025-07-01 15:40:00,141.0,128.384808947906,True
584,LightGBM,2025-07-01 15:45:00,148.0,131.98513952315034,True
584,LightGBM,2025-07-01 15:50:00,152.0,143.61947795745334,True
584,LightGBM,2025-07-01 15:55:00,153.0,142.3178388562745,True
584,LightGBM,2025-07-01 16:00:00,153.0,142.26481081890483,True
584,LightGBM,2025-07-01 16:05:00,154.0,151.94749631853492,True
584,LightGBM,2025-07-01 16:10:00,154.0,159.16340299041886,True
584,LightGBM,2025-07-01 16:15:00,154.0,172.10524254903734,True
584,LightGBM,2025-07-01 16:20:00,154.0,165.0670765893412,True
584,LightGBM,2025-07-01 16:25:00,154.0,160.25176978381631,True
584,LightGBM,2025-07-01 16:30:00,154.0,158.75453216385424,True
584,LightGBM,2025-07-01 16:35:00,154.0,158.72632186766788,True
584,LightGBM,2025-07-01 16:55:00,227.0,154.6454294793025,True
584,LightGBM,2025-07-01 17:00:00,233.0,156.04347242362581,True
584,LightGBM,2025-07-01 17:05:00,235.0,177.895215310671,True
584,LightGBM,2025-07-01 17:10:00,236.0,180.78703832239003,False
584,LightGBM,2025-07-01 17:15:00,237.0,181.32927867371848,False
584,LightGBM,2025-07-01 17:20:00,236.0,184.1913743411048,False
584,LightGBM,2025-07-01 17:25:00,234.0,222.86709632716097,True
584,LightGBM,2025-07-01 17:30:00,231.0,234.552404493515,True
584,LightGBM,2025-07-01 17:35:00,230.0,231.5004817708414,True
584,LightGBM,2025-07-01 17:40:00,228.0,229.64224160215463,True
584,LightGBM,2025-07-01 17:45:00,227.0,232.69038312048127,True
584,LightGBM,2025-07-01 17:50:00,224.0,224.79958769165182,True
584,LightGBM,2025-07-01 17:55:00,220.0,218.6208403488987,True
584,LightGBM,2025-07-01 18:00:00,216.0,211.5247783802045,True
584,LightGBM,2025-07-01 18:05:00,212.0,220.06892693870893,True
584,LightGBM,2025-07-01 18:10:00,208.0,212.52727976730466,True
584,LightGBM,2025-07-01 18:15:00,203.0,216.86607878227733,True
584,LightGBM,2025-07-01 18:20:00,199.0,204.6545605395464,True
584,LightGBM,2025-07-01 18:25:00,196.0,199.46794937671748,True
584,LightGBM,2025-07-01 18:30:00,194.0,194.15471604337856,True
584,LightGBM,2025-07-01 18:35:00,194.0,191.40776328750715,True
584,LightGBM,2025-07-01 18:40:00,193.0,186.90973344682686,True
584,LightGBM,2025-07-01 18:45:00,193.0,179.30132416853155,True
584,LightGBM,2025-07-01 18:50:00,192.0,179.49813629863098,True
584,LightGBM,2025-07-01 18:55:00,191.0,178.89529310919,True
584,LightGBM,2025-07-01 19:00:00,191.0,178.94786189320283,True
584,LightGBM,2025-07-01 19:05:00,191.0,185.28751209537182,True
584,LightGBM,2025-07-01 19:10:00,191.0,179.99210193190402,True
584,LightGBM,2025-07-01 19:15:00,191.0,186.7292553224328,True
584,LightGBM,2025-07-01 19:20:00,190.0,181.59038229836952,True
584,LightGBM,2025-07-01 19:25:00,187.0,185.00448979298983,True
584,LightGBM,2025-07-01 19:30:00,185.0,188.69035913229376,True
584,LightGBM,2025-07-01 19:35:00,182.0,188.8851257672969,True
584,LightGBM,2025-07-01 19:40:00,179.0,190.6548703035866,True
584,LightGBM,2025-07-01 19:45:00,176.0,190.92931225029702,True
584,LightGBM,2025-07-01 19:50:00,174.0,185.47232586495753,True
584,LightGBM,2025-07-01 19:55:00,173.0,177.21789134108005,True
584,LightGBM,2025-07-01 20:00:00,173.0,179.72400113813757,True
584,LightGBM,2025-07-01 20:05:00,173.0,170.8286951972301,True
584,LightGBM,2025-07-01 20:10:00,173.0,166.59858161597106,True
584,LightGBM,2025-07-01 20:15:00,171.0,166.95977988857123,True
584,LightGBM,2025-07-01 20:20:00,163.0,166.66181716699825,True
584,LightGBM,2025-07-01 20:25:00,150.0,166.0338631942812,True
584,LightGBM,2025-07-01 20:30:00,137.0,168.945367680475,True
584,LightGBM,2025-07-01 20:35:00,127.0,168.84847217675684,True
584,LightGBM,2025-07-01 20:40:00,118.0,169.26847860646475,True
584,LightGBM,2025-07-01 20:45:00,112.0,160.9871218322442,True
584,LightGBM,2025-07-01 20:50:00,108.0,136.11011450817506,True
584,LightGBM,2025-07-01 20:55:00,107.0,118.82727428742665,True
584,LightGBM,2025-07-01 21:00:00,105.0,102.52650805364863,True
584,LightGBM,2025-07-01 21:05:00,103.0,103.92813752495067,True
584,LightGBM,2025-07-01 21:10:00,101.0,94.43891978107828,True
584,LightGBM,2025-07-01 21:15:00,101.0,95.52527060958525,True
584,LightGBM,2025-07-01 21:20:00,102.0,97.2652450467734,True
584,LightGBM,2025-07-01 21:25:00,105.0,103.3908982492238,True
584,LightGBM,2025-07-01 21:30:00,108.0,99.98007097526343,True
584,LightGBM,2025-07-01 21:35:00,111.0,98.6380115306647,True
584,LightGBM,2025-07-01 21:40:00,114.0,95.18038037706577,True
584,LightGBM,2025-07-01 21:45:00,116.0,101.16777060989777,True
584,LightGBM,2025-07-01 21:50:00,118.0,104.43658583410333,True
584,LightGBM,2025-07-01 21:55:00,120.0,115.07141265338454,True
584,LightGBM,2025-07-01 22:00:00,122.0,116.304695760485,True
584,LightGBM,2025-07-01 22:05:00,124.0,118.43049918409791,True
584,LightGBM,2025-07-01 22:10:00,125.0,123.18591381809209,True
584,LightGBM,2025-07-01 22:15:00,126.0,121.39692319926611,True
584,LightGBM,2025-07-01 22:20:00,127.0,124.27359070325113,True
584,LightGBM,2025-07-01 22:25:00,127.0,127.11286024253837,True
584,LightGBM,2025-07-01 22:30:00,129.0,129.43292213203657,True
584,LightGBM,2025-07-01 22:35:00,130.0,132.36940893290082,True
584,LightGBM,2025-07-01 22:40:00,131.0,131.56320438707752,True
584,LightGBM,2025-07-01 22:45:00,131.0,132.87231949390508,True
584,LightGBM,2025-07-01 22:50:00,130.0,135.0804688679762,True
584,LightGBM,2025-07-01 22:55:00,130.0,132.61763885412412,True
584,LightGBM,2025-07-01 23:00:00,132.0,138.91630082796948,True
584,LightGBM,2025-07-01 23:05:00,134.0,135.91356665676975,True
584,LightGBM,2025-07-01 23:10:00,137.0,136.51066587643928,True
584,LightGBM,2025-07-01 23:15:00,140.0,133.7027347145341,True
584,LightGBM,2025-07-01 23:20:00,141.0,131.0611753712631,True
584,LightGBM,2025-07-01 23:25:00,141.0,132.37097731257634,True
584,LightGBM,2025-07-01 23:30:00,141.0,138.87907044472706,True
584,LightGBM,2025-07-01 23:35:00,143.0,141.98066364698525,True
584,LightGBM,2025-07-01 23:40:00,141.0,147.76359705298705,True
584,LightGBM,2025-07-01 23:45:00,140.0,151.0387262591976,True
584,LightGBM,2025-07-01 23:50:00,141.0,147.86142108280532,True
584,LightGBM,2025-07-01 23:55:00,143.0,145.82732204024487,True
584,LightGBM,2025-07-02 00:00:00,146.0,145.06530282272442,True
584,LightGBM,2025-07-02 00:05:00,149.0,148.97481332680144,True
584,LightGBM,2025-07-02 00:10:00,152.0,138.5250978625493,True
584,LightGBM,2025-07-02 00:15:00,154.0,138.36376973916168,True
584,LightGBM,2025-07-02 00:20:00,156.0,143.7263242471452,True
584,LightGBM,2025-07-02 00:25:00,157.0,146.12763017865717,True
584,LightGBM,2025-07-02 00:30:00,158.0,154.0058180186266,True
584,LightGBM,2025-07-02 00:35:00,157.0,159.36679392748633,True
584,LightGBM,2025-07-02 00:40:00,154.0,160.80826681605447,True
584,LightGBM,2025-07-02 00:45:00,151.0,159.26812780642857,True
584,LightGBM,2025-07-02 00:50:00,149.0,164.54152430439484,True
584,LightGBM,2025-07-02 00:55:00,147.0,162.75302608520548,True
584,LightGBM,2025-07-02 01:00:00,145.0,164.29969369707274,True
584,LightGBM,2025-07-02 01:05:00,143.0,158.50542894345256,True
584,LightGBM,2025-07-02 01:10:00,142.0,150.2022491659307,True
584,LightGBM,2025-07-02 01:15:00,142.0,147.52473903141518,True
584,LightGBM,2025-07-02 01:20:00,143.0,145.84237083160855,True
584,LightGBM,2025-07-02 01:25:00,143.0,143.01407597427,True
584,LightGBM,2025-07-02 01:30:00,144.0,140.67525748087544,True
584,LightGBM,2025-07-02 01:35:00,147.0,137.981592508318,True
584,LightGBM,2025-07-02 01:40:00,150.0,137.76020226928907,True
584,LightGBM,2025-07-02 01:45:00,152.0,140.73176941940218,True
584,LightGBM,2025-07-02 01:50:00,153.0,143.18797272462817,True
584,LightGBM,2025-07-02 01:55:00,152.0,141.5190765300036,True
584,LightGBM,2025-07-02 02:00:00,151.0,147.0535908932722,True
584,LightGBM,2025-07-02 02:05:00,150.0,153.11505437498187,True
584,LightGBM,2025-07-02 02:10:00,149.0,156.9321461801571,True
584,LightGBM,2025-07-02 02:15:00,150.0,154.88245394509087,True
584,LightGBM,2025-07-02 02:20:00,151.0,157.10188652956612,True
584,LightGBM,2025-07-02 02:25:00,149.0,150.68171840737736,True
584,LightGBM,2025-07-02 02:30:00,148.0,149.5931869306692,True
584,LightGBM,2025-07-02 02:35:00,147.0,147.9491708030038,True
584,LightGBM,2025-07-02 02:40:00,145.0,145.9927861585895,True
584,LightGBM,2025-07-02 02:45:00,145.0,152.3192860224517,True
584,LightGBM,2025-07-02 02:50:00,145.0,152.70399486244534,True
584,LightGBM,2025-07-02 02:55:00,145.0,146.41594285895076,True
584,LightGBM,2025-07-02 03:00:00,144.0,145.93715254612584,True
584,LightGBM,2025-07-02 03:05:00,143.0,143.29879516960767,True
584,LightGBM,2025-07-02 03:10:00,141.0,141.002028852206,True
584,LightGBM,2025-07-02 03:15:00,140.0,144.57010459833438,True
584,LightGBM,2025-07-02 03:20:00,141.0,144.872345661584,True
584,LightGBM,2025-07-02 03:25:00,140.0,145.44578429560127,True
584,LightGBM,2025-07-02 03:30:00,139.0,142.1638695441331,True
584,LightGBM,2025-07-02 03:35:00,138.0,139.44061972543193,True
584,LightGBM,2025-07-02 03:40:00,138.0,137.55469522285216,True
584,LightGBM,2025-07-02 03:45:00,137.0,135.97349724212197,True
584,LightGBM,2025-07-02 03:50:00,137.0,142.83174889023937,True
584,LightGBM,2025-07-02 03:55:00,135.0,136.10069198632522,True
584,LightGBM,2025-07-02 04:00:00,135.0,136.85355362116803,True
584,LightGBM,2025-07-02 04:05:00,134.0,133.97170876876638,True
584,LightGBM,2025-07-02 04:10:00,133.0,135.46213304913516,True
584,LightGBM,2025-07-02 04:15:00,132.0,134.35890464064792,True
584,LightGBM,2025-07-02 04:20:00,131.0,136.8325384174234,True
584,LightGBM,2025-07-02 04:25:00,130.0,130.88525643799642,True
584,LightGBM,2025-07-02 04:30:00,129.0,134.13463107239994,True
584,LightGBM,2025-07-02 04:35:00,129.0,130.75526751753333,True
584,LightGBM,2025-07-02 04:40:00,129.0,130.4224866248546,True
584,LightGBM,2025-07-02 04:45:00,129.0,127.50775702727748,True
584,LightGBM,2025-07-02 04:50:00,129.0,125.43220960585002,True
584,LightGBM,2025-07-02 04:55:00,129.0,125.20078108539057,True
584,LightGBM,2025-07-02 05:00:00,129.0,125.29903608272699,True
584,LightGBM,2025-07-02 05:05:00,129.0,127.37155732894115,True
584,LightGBM,2025-07-02 05:45:00,120.0,151.18418057950402,False
584,LightGBM,2025-07-02 05:50:00,117.0,151.18418057950402,False
584,LightGBM,2025-07-02 05:55:00,113.0,151.32827539519883,False
584,LightGBM,2025-07-02 06:00:00,110.0,151.6029043417266,False
584,LightGBM,2025-07-02 06:05:00,108.0,157.9298093378324,False
584,LightGBM,2025-07-02 06:10:00,107.0,158.0403520882133,False
584,LightGBM,2025-07-02 06:15:00,106.0,122.73123443563045,True
584,LightGBM,2025-07-02 06:20:00,106.0,114.99029332402561,True
584,LightGBM,2025-07-02 06:25:00,106.0,109.5594955493496,True
584,LightGBM,2025-07-02 06:30:00,106.0,105.53396720890599,True
584,LightGBM,2025-07-02 06:35:00,106.0,104.21752374683697,True
584,LightGBM,2025-07-02 06:40:00,107.0,103.34427299230417,True
584,LightGBM,2025-07-02 06:45:00,109.0,101.95778387350548,True
584,LightGBM,2025-07-02 06:50:00,111.0,106.01747011544356,True
584,LightGBM,2025-07-02 06:55:00,113.0,106.25668133424051,True
584,LightGBM,2025-07-02 07:00:00,116.0,107.20268519465294,True
584,LightGBM,2025-07-02 07:05:00,117.0,107.33605443637073,True
584,LightGBM,2025-07-02 07:10:00,118.0,110.83934280980823,True
584,LightGBM,2025-07-02 07:15:00,119.0,115.6337919291521,True
584,LightGBM,2025-07-02 07:20:00,120.0,117.41628690542596,True
584,LightGBM,2025-07-02 07:25:00,120.0,119.38175387400344,True
584,LightGBM,2025-07-02 07:30:00,120.0,126.77613934432568,True
584,LightGBM,2025-07-02 07:35:00,120.0,122.19119077161977,True
584,LightGBM,2025-07-02 07:40:00,120.0,124.35583538212094,True
584,LightGBM,2025-07-02 07:45:00,120.0,124.46674418201114,True
584,LightGBM,2025-07-02 07:50:00,122.0,125.36029285116231,True
584,LightGBM,2025-07-02 07:55:00,123.0,124.47062935473338,True
584,LightGBM,2025-07-02 08:00:00,126.0,124.7027970132878,True
584,LightGBM,2025-07-02 08:05:00,130.0,124.44608462455905,True
584,LightGBM,2025-07-02 08:10:00,136.0,124.51947586353091,True
584,LightGBM,2025-07-02 08:15:00,143.0,124.34575448350252,True
584,LightGBM,2025-07-02 08:20:00,152.0,129.20359710540566,True
584,LightGBM,2025-07-02 08:25:00,161.0,127.53293200615995,True
584,LightGBM,2025-07-02 08:30:00,169.0,136.82201728877465,True
584,LightGBM,2025-07-02 08:35:00,176.0,142.7885390391892,True
584,LightGBM,2025-07-02 08:40:00,180.0,154.64091789926104,True
584,LightGBM,2025-07-02 08:45:00,184.0,165.0978083239754,True
584,LightGBM,2025-07-02 08:50:00,186.0,178.81462117657222,True
584,LightGBM,2025-07-02 08:55:00,188.0,188.8605659454758,True
584,LightGBM,2025-07-02 09:00:00,188.0,193.13527124019532,True
584,LightGBM,2025-07-02 09:05:00,189.0,198.34536106269022,True
584,LightGBM,2025-07-02 09:10:00,190.0,190.58173473470293,True
584,LightGBM,2025-07-02 09:15:00,188.0,197.2322356085738,True
584,LightGBM,2025-07-02 09:20:00,192.0,193.11565331302552,True
584,LightGBM,2025-07-02 09:25:00,197.0,193.5873768151615,True
584,LightGBM,2025-07-02 09:30:00,202.0,189.20745971203826,True
584,LightGBM,2025-07-02 09:35:00,206.0,196.16770525555498,True
584,LightGBM,2025-07-02 09:40:00,207.0,198.9353494976466,True
584,LightGBM,2025-07-02 09:45:00,205.0,193.6997955313727,True
584,LightGBM,2025-07-02 09:50:00,200.0,208.8922191399018,True
584,LightGBM,2025-07-02 09:55:00,194.0,211.20820653047636,True
584,LightGBM,2025-07-02 10:00:00,186.0,212.0079458365443,True
584,LightGBM,2025-07-02 10:05:00,177.0,212.16811312035964,True
584,LightGBM,2025-07-02 10:10:00,166.0,200.76565550517083,True
584,LightGBM,2025-07-02 10:15:00,157.0,191.77881403084118,True
584,LightGBM,2025-07-02 10:20:00,149.0,176.10267144828217,True
584,LightGBM,2025-07-02 10:25:00,143.0,164.84403915299043,True
584,LightGBM,2025-07-02 10:30:00,138.0,157.05731731689022,True
584,LightGBM,2025-07-02 10:35:00,135.0,142.36992460011078,True
584,LightGBM,2025-07-02 10:40:00,131.0,125.27639782935599,True
584,LightGBM,2025-07-02 10:45:00,126.0,122.20252856051134,True
584,LightGBM,2025-07-02 10:50:00,121.0,117.82725246200297,True
584,LightGBM,2025-07-02 10:55:00,116.0,118.84882683288211,True
584,LightGBM,2025-07-02 11:00:00,111.0,117.31063107101339,True
584,LightGBM,2025-07-02 11:05:00,105.0,122.04655419000015,True
584,LightGBM,2025-07-02 11:10:00,101.0,112.81380535757717,True
584,LightGBM,2025-07-02 11:15:00,99.0,105.72411433003563,True
584,LightGBM,2025-07-02 11:20:00,99.0,100.84335286123273,True
584,LightGBM,2025-07-02 11:25:00,100.0,95.60147978720005,True
584,LightGBM,2025-07-02 11:30:00,101.0,91.34759023361154,True
584,LightGBM,2025-07-02 11:35:00,104.0,87.7992333054875,True
584,LightGBM,2025-07-02 11:40:00,106.0,88.4213410458339,True
584,LightGBM,2025-07-02 11:45:00,106.0,92.08643906781218,True
584,LightGBM,2025-07-02 11:50:00,107.0,98.09305641183897,True
584,LightGBM,2025-07-02 11:55:00,108.0,100.88588493547249,True
584,LightGBM,2025-07-02 12:00:00,110.0,102.7623822808987,True
584,LightGBM,2025-07-02 12:05:00,113.0,113.24257990342663,True
584,LightGBM,2025-07-02 12:10:00,116.0,111.81508700842089,True
584,LightGBM,2025-07-02 12:15:00,120.0,108.73084095317077,True
584,LightGBM,2025-07-02 12:20:00,123.0,113.92110642114586,True
584,LightGBM,2025-07-02 12:25:00,129.0,114.82770584813574,True
584,LightGBM,2025-07-02 12:30:00,135.0,120.95674655339754,True
584,LightGBM,2025-07-02 12:35:00,140.0,123.24837697496686,True
584,LightGBM,2025-07-02 12:40:00,156.0,127.39271533215896,True
584,LightGBM,2025-07-02 12:45:00,165.0,136.56373732426135,True
584,LightGBM,2025-07-02 12:50:00,169.0,135.9421045088632,True
584,LightGBM,2025-07-02 12:55:00,172.0,151.83322282759,True
584,LightGBM,2025-07-02 13:00:00,177.0,154.10735135633485,True
584,LightGBM,2025-07-02 13:05:00,180.0,156.12323291134683,True
584,LightGBM,2025-07-02 13:10:00,189.0,187.93197183527758,True
584,LightGBM,2025-07-02 13:15:00,202.0,186.79012141488252,True
584,LightGBM,2025-07-02 13:20:00,218.0,182.76210888224463,True
584,LightGBM,2025-07-02 13:25:00,229.0,182.5989135756837,True
584,LightGBM,2025-07-02 13:30:00,237.0,194.58776052667875,True
584,LightGBM,2025-07-02 13:35:00,244.0,187.43858005657057,True
584,LightGBM,2025-07-02 13:40:00,247.0,212.60157368014177,True
584,LightGBM,2025-07-02 13:45:00,250.0,231.1436453461184,True
584,LightGBM,2025-07-02 13:50:00,253.0,255.1384975661748,True
584,LightGBM,2025-07-02 13:55:00,257.0,255.75196624435532,True
584,LightGBM,2025-07-02 14:00:00,259.0,255.83404717642887,True
584,LightGBM,2025-07-02 14:05:00,261.0,264.08134083286654,True
584,LightGBM,2025-07-02 14:10:00,261.0,253.2421422934271,True
584,LightGBM,2025-07-02 14:15:00,260.0,258.6100559556362,True
584,LightGBM,2025-07-02 14:20:00,260.0,260.55702106906017,True
584,LightGBM,2025-07-02 14:25:00,260.0,263.9643605901061,True
584,LightGBM,2025-07-02 14:30:00,262.0,261.169615192775,True
584,LightGBM,2025-07-02 14:35:00,263.0,267.231790673846,True
584,LightGBM,2025-07-02 14:40:00,265.0,263.27461469380165,True
584,LightGBM,2025-07-02 14:45:00,265.0,263.57452026979223,True
584,LightGBM,2025-07-02 14:50:00,265.0,263.658898628317,True
584,LightGBM,2025-07-02 14:55:00,266.0,261.79214474643277,True
584,LightGBM,2025-07-02 15:00:00,267.0,264.3361287708899,True
584,LightGBM,2025-07-02 15:05:00,268.0,262.98403039401984,True
584,LightGBM,2025-07-02 15:10:00,269.0,267.8039115944451,True
584,LightGBM,2025-07-02 15:15:00,269.0,265.98012280728227,True
584,LightGBM,2025-07-02 15:20:00,268.0,267.4334419568368,True
584,LightGBM,2025-07-02 15:25:00,264.0,267.7913076116335,True
584,LightGBM,2025-07-02 15:30:00,257.0,269.1915775936896,True
584,LightGBM,2025-07-02 15:35:00,253.0,268.98282445232707,True
584,LightGBM,2025-07-02 15:40:00,248.0,267.0401829803823,True
584,LightGBM,2025-07-02 15:45:00,240.0,263.6091156966468,True
584,LightGBM,2025-07-02 15:50:00,227.0,258.2199386426622,True
584,LightGBM,2025-07-02 15:55:00,214.0,243.21640221507596,True
584,LightGBM,2025-07-02 16:00:00,204.0,226.6231740318304,True
584,LightGBM,2025-07-02 16:05:00,199.0,232.45265256543962,True
584,LightGBM,2025-07-02 16:10:00,196.0,219.3864832980272,True
584,LightGBM,2025-07-02 16:15:00,194.0,204.72507989494756,True
584,LightGBM,2025-07-02 16:20:00,190.0,182.5592423336796,True
584,LightGBM,2025-07-02 16:25:00,185.0,163.78858315214634,True
584,LightGBM,2025-07-02 16:30:00,180.0,163.75858750383307,True
584,LightGBM,2025-07-02 16:35:00,176.0,172.45034541192243,True
584,LightGBM,2025-07-02 16:40:00,172.0,173.32675099034216,True
584,LightGBM,2025-07-02 16:45:00,165.0,175.2409073783917,True
584,LightGBM,2025-07-02 16:50:00,154.0,167.81042546730777,True
584,LightGBM,2025-07-02 16:55:00,168.0,162.60841442632682,True
584,LightGBM,2025-07-02 17:00:00,159.0,156.13341397023626,True
584,LightGBM,2025-07-02 17:05:00,153.0,154.95150210844855,True
584,LightGBM,2025-07-02 17:10:00,148.0,150.54592480662404,True
584,LightGBM,2025-07-02 17:15:00,143.0,138.93468764903497,True
584,LightGBM,2025-07-02 17:20:00,140.0,119.77598609532282,True
584,LightGBM,2025-07-02 17:25:00,137.0,172.29271875168382,True
584,LightGBM,2025-07-02 17:30:00,134.0,133.13845000463553,True
584,LightGBM,2025-07-02 17:35:00,131.0,133.5129040989868,True
584,LightGBM,2025-07-02 17:40:00,128.0,128.48202664181042,True
584,LightGBM,2025-07-02 17:45:00,126.0,123.29137488018708,True
584,LightGBM,2025-07-02 17:50:00,126.0,126.90212570063055,True
584,LightGBM,2025-07-02 17:55:00,125.0,122.61054599195266,True
584,LightGBM,2025-07-02 18:00:00,123.0,121.70026103511472,True
584,LightGBM,2025-07-02 18:05:00,123.0,116.83669516467619,True
584,LightGBM,2025-07-02 18:10:00,126.0,117.37315735677328,True
584,LightGBM,2025-07-02 18:15:00,126.0,117.11311583286573,True
584,LightGBM,2025-07-02 18:20:00,124.0,123.50444226927239,True
584,LightGBM,2025-07-02 18:25:00,112.0,118.64070826330976,True
584,LightGBM,2025-07-02 18:30:00,109.0,115.70808685915674,True
584,LightGBM,2025-07-02 18:35:00,116.0,121.79677770273403,True
584,LightGBM,2025-07-02 18:40:00,125.0,131.77327738942992,True
584,LightGBM,2025-07-02 18:45:00,136.0,125.16433533773652,True
584,LightGBM,2025-07-02 18:50:00,146.0,119.43895088645958,True
584,LightGBM,2025-07-02 18:55:00,153.0,105.97114956431024,True
584,LightGBM,2025-07-02 19:00:00,161.0,105.49184026007711,True
584,LightGBM,2025-07-02 19:05:00,167.0,129.33987729595057,True
584,LightGBM,2025-07-02 19:10:00,172.0,157.000922337783,True
584,LightGBM,2025-07-02 19:15:00,177.0,173.1140470913124,True
584,LightGBM,2025-07-02 19:20:00,182.0,174.9411171860809,True
584,LightGBM,2025-07-02 19:25:00,189.0,169.86386060761856,True
584,LightGBM,2025-07-02 19:30:00,186.0,180.30927798010705,True
584,LightGBM,2025-07-02 19:35:00,185.0,167.24436771008658,True
584,LightGBM,2025-07-02 19:40:00,180.0,170.76854441447958,True
584,LightGBM,2025-07-02 19:45:00,166.0,180.97210709173925,True
584,LightGBM,2025-07-02 19:50:00,164.0,186.07972941752533,True
584,LightGBM,2025-07-02 19:55:00,172.0,200.12268587694388,True
584,LightGBM,2025-07-02 20:00:00,176.0,167.22088530790833,True
584,LightGBM,2025-07-02 20:05:00,179.0,179.16143302122228,True
584,LightGBM,2025-07-02 20:10:00,179.0,163.29131873996883,True
584,LightGBM,2025-07-02 20:15:00,180.0,135.4342375461006,True
584,LightGBM,2025-07-02 20:20:00,183.0,151.55620608016923,True
584,LightGBM,2025-07-02 20:25:00,186.0,183.16064190916194,True
584,LightGBM,2025-07-02 20:30:00,187.0,180.8041046907826,True
584,LightGBM,2025-07-02 20:35:00,187.0,185.23150426951236,True
584,LightGBM,2025-07-02 20:40:00,187.0,176.84274328630602,True
584,LightGBM,2025-07-02 20:45:00,186.0,178.86596052798842,True
584,LightGBM,2025-07-02 20:50:00,183.0,190.9141158392734,True
584,LightGBM,2025-07-02 20:55:00,180.0,190.35618459345795,True
584,LightGBM,2025-07-02 21:00:00,179.0,179.47101694010505,True
584,LightGBM,2025-07-02 21:05:00,178.0,179.17202235474193,True
584,LightGBM,2025-07-02 21:10:00,178.0,183.06383863741746,True
584,LightGBM,2025-07-02 21:15:00,181.0,174.77137738225142,True
584,LightGBM,2025-07-02 21:20:00,185.0,166.56827959896657,True
584,LightGBM,2025-07-02 21:25:00,189.0,164.10400403061462,True
584,LightGBM,2025-07-02 21:30:00,191.0,170.62847890109074,True
584,LightGBM,2025-07-02 21:35:00,191.0,170.00653300566918,True
584,LightGBM,2025-07-02 21:40:00,192.0,174.1969469389426,True
584,LightGBM,2025-07-02 21:45:00,192.0,185.08945090199967,True
584,LightGBM,2025-07-02 21:50:00,191.0,191.02928258182868,True
584,LightGBM,2025-07-02 21:55:00,190.0,193.87922848662518,True
584,LightGBM,2025-07-02 22:00:00,189.0,194.4844368690195,True
584,LightGBM,2025-07-02 22:05:00,190.0,188.70154480707725,True
584,LightGBM,2025-07-02 22:10:00,191.0,192.98597705298275,True
584,LightGBM,2025-07-02 22:15:00,193.0,188.14065426812246,True
584,LightGBM,2025-07-02 22:20:00,195.0,184.37694138469953,True
584,LightGBM,2025-07-02 22:25:00,198.0,182.66829861970095,True
584,LightGBM,2025-07-02 22:30:00,203.0,179.65719004300348,True
584,LightGBM,2025-07-02 22:35:00,206.0,188.1309507769602,True
584,LightGBM,2025-07-02 22:40:00,207.0,191.1265881986763,True
584,LightGBM,2025-07-02 22:45:00,209.0,197.84999768471124,True
584,LightGBM,2025-07-02 22:50:00,211.0,200.57340055588196,True
584,LightGBM,2025-07-02 22:55:00,212.0,206.72872952552305,True
584,LightGBM,2025-07-02 23:00:00,213.0,213.71454720855343,True
584,LightGBM,2025-07-02 23:05:00,212.0,214.97231258997886,True
584,LightGBM,2025-07-02 23:10:00,211.0,211.3674142946198,True
584,LightGBM,2025-07-02 23:15:00,210.0,214.66961816049894,True
584,LightGBM,2025-07-02 23:20:00,211.0,216.79322336571184,True
584,LightGBM,2025-07-02 23:25:00,213.0,215.47728139532109,True
584,LightGBM,2025-07-02 23:30:00,216.0,216.35103001533008,True
584,LightGBM,2025-07-02 23:35:00,218.0,212.5168503100505,True
584,LightGBM,2025-07-02 23:40:00,220.0,212.53657257064643,True
584,LightGBM,2025-07-02 23:45:00,223.0,209.82543768755912,True
584,LightGBM,2025-07-02 23:50:00,226.0,213.67234744496795,True
584,LightGBM,2025-07-02 23:55:00,229.0,215.11237950613602,True
584,LightGBM,2025-07-03 00:00:00,230.0,219.76132491069703,True
584,LightGBM,2025-07-03 00:05:00,232.0,221.66971028734517,True
584,LightGBM,2025-07-03 00:10:00,236.0,225.61841104206425,True
584,LightGBM,2025-07-03 00:15:00,242.0,226.31575503341054,True
584,LightGBM,2025-07-03 00:20:00,249.0,231.38087805891732,True
584,LightGBM,2025-07-03 00:25:00,255.0,237.15971012857122,True
584,LightGBM,2025-07-03 00:30:00,259.0,235.00819191062638,True
584,LightGBM,2025-07-03 00:35:00,262.0,237.9461456648586,True
584,LightGBM,2025-07-03 00:40:00,265.0,243.20684854172984,True
584,LightGBM,2025-07-03 00:45:00,268.0,252.55729283446814,True
584,LightGBM,2025-07-03 00:50:00,272.0,261.19660484047023,True
584,LightGBM,2025-07-03 00:55:00,276.0,265.01933802859156,True
584,LightGBM,2025-07-03 01:00:00,278.0,265.8039153684338,True
584,LightGBM,2025-07-03 01:05:00,280.0,268.88390954269005,True
584,LightGBM,2025-07-03 01:10:00,280.0,272.98720281286757,True
584,LightGBM,2025-07-03 01:15:00,281.0,274.2405648711704,True
584,LightGBM,2025-07-03 01:20:00,280.0,278.43643576363445,True
584,LightGBM,2025-07-03 01:25:00,278.0,284.5892964039412,True
584,LightGBM,2025-07-03 01:30:00,276.0,282.92267410478263,True
584,LightGBM,2025-07-03 01:35:00,273.0,283.4863651302691,True
584,LightGBM,2025-07-03 01:40:00,270.0,278.71270244967826,True
584,LightGBM,2025-07-03 01:45:00,264.0,279.7549368700939,True
584,LightGBM,2025-07-03 01:50:00,258.0,275.34402345627177,True
584,LightGBM,2025-07-03 01:55:00,252.0,271.77328761152967,True
584,LightGBM,2025-07-03 02:00:00,249.0,267.5896755715884,True
584,LightGBM,2025-07-03 02:05:00,245.0,258.4442048970545,True
584,LightGBM,2025-07-03 02:10:00,244.0,254.79272469434423,True
584,LightGBM,2025-07-03 02:15:00,244.0,246.58290860120394,True
584,LightGBM,2025-07-03 02:20:00,245.0,238.4062724501525,True
584,LightGBM,2025-07-03 02:25:00,243.0,232.66586751356783,True
584,LightGBM,2025-07-03 02:30:00,242.0,232.7710263626298,True
584,LightGBM,2025-07-03 02:35:00,240.0,224.3228869717799,True
584,LightGBM,2025-07-03 02:40:00,239.0,231.63639861695174,True
584,LightGBM,2025-07-03 02:45:00,237.0,234.14076965585795,True
584,LightGBM,2025-07-03 02:50:00,236.0,240.36789917971385,True
584,LightGBM,2025-07-03 02:55:00,236.0,232.8178533516975,True
584,LightGBM,2025-07-03 03:00:00,238.0,236.48140243082233,True
584,LightGBM,2025-07-03 03:05:00,237.0,229.66042951024303,True
584,LightGBM,2025-07-03 03:10:00,235.0,231.39377053623198,True
584,LightGBM,2025-07-03 03:15:00,233.0,227.00228219979704,True
584,LightGBM,2025-07-03 03:20:00,231.0,230.45961917112825,True
584,LightGBM,2025-07-03 03:25:00,229.0,232.55856514163622,True
584,LightGBM,2025-07-03 03:30:00,226.0,236.90495652998146,True
584,LightGBM,2025-07-03 03:35:00,226.0,234.3779702409085,True
584,LightGBM,2025-07-03 03:40:00,225.0,229.4069374596809,True
584,LightGBM,2025-07-03 03:45:00,224.0,225.06958005036566,True
584,LightGBM,2025-07-03 03:50:00,222.0,222.36446920644056,True
584,LightGBM,2025-07-03 03:55:00,220.0,221.07972529932047,True
584,LightGBM,2025-07-03 04:00:00,217.0,213.41124546285036,True
584,LightGBM,2025-07-03 04:05:00,215.0,220.9674633027753,True
584,LightGBM,2025-07-03 04:10:00,212.0,219.97447311548393,True
584,LightGBM,2025-07-03 04:15:00,209.0,220.04047528249836,True
584,LightGBM,2025-07-03 04:20:00,207.0,215.81879533694124,True
584,LightGBM,2025-07-03 04:25:00,205.0,212.92480580008794,True
584,LightGBM,2025-07-03 04:30:00,202.0,206.38783647160088,True
584,LightGBM,2025-07-03 04:35:00,200.0,206.66333285700796,True
584,LightGBM,2025-07-03 04:40:00,200.0,200.5053766985507,True
584,LightGBM,2025-07-03 04:45:00,200.0,197.00562688859708,True
584,LightGBM,2025-07-03 04:50:00,200.0,197.42934160685738,True
584,LightGBM,2025-07-03 04:55:00,200.0,194.5940436909688,True
584,LightGBM,2025-07-03 05:00:00,200.0,191.1742385827805,True
584,LightGBM,2025-07-03 05:05:00,200.0,189.8976152936804,True
584,LightGBM,2025-07-03 05:15:00,156.0,196.14152420977408,True
584,LightGBM,2025-07-03 05:20:00,156.0,197.67258734187294,True
584,LightGBM,2025-07-03 05:25:00,154.0,199.50377668014906,True
584,LightGBM,2025-07-03 05:30:00,151.0,200.78434248732847,True
584,LightGBM,2025-07-03 05:35:00,148.0,201.39028776974547,True
584,LightGBM,2025-07-03 05:40:00,144.0,159.83995336640223,False
584,LightGBM,2025-07-03 05:45:00,141.0,157.04043770263786,True
584,LightGBM,2025-07-03 05:50:00,137.0,159.94674423564686,True
584,LightGBM,2025-07-03 05:55:00,134.0,148.49464312970989,True
584,LightGBM,2025-07-03 06:00:00,131.0,140.055628185749,True
584,LightGBM,2025-07-03 06:05:00,127.0,138.85142048730785,True
584,LightGBM,2025-07-03 06:10:00,123.0,134.5777393630578,True
584,LightGBM,2025-07-03 06:15:00,120.0,131.49366109018627,True
584,LightGBM,2025-07-03 06:20:00,118.0,125.78666311043271,True
584,LightGBM,2025-07-03 06:25:00,115.0,122.93652826802315,True
584,LightGBM,2025-07-03 06:30:00,113.0,118.17131577428333,True
584,LightGBM,2025-07-03 06:35:00,112.0,114.79874330099805,True
584,LightGBM,2025-07-03 06:40:00,112.0,108.82811385792576,True
584,LightGBM,2025-07-03 06:45:00,114.0,109.28873993017692,True
584,LightGBM,2025-07-03 06:50:00,118.0,110.1267229753403,True
584,LightGBM,2025-07-03 06:55:00,126.0,104.5898736762901,True
584,LightGBM,2025-07-03 07:00:00,135.0,106.24854641252315,True
584,LightGBM,2025-07-03 07:05:00,142.0,105.31586228499786,True
584,LightGBM,2025-07-03 07:10:00,146.0,108.56888836512236,True
584,LightGBM,2025-07-03 07:15:00,153.0,115.68844470587335,True
584,LightGBM,2025-07-03 07:20:00,162.0,126.44651186003506,True
584,LightGBM,2025-07-03 07:25:00,169.0,146.6835174087573,True
584,LightGBM,2025-07-03 07:30:00,174.0,158.4736564669833,True
584,LightGBM,2025-07-03 07:35:00,176.0,158.78924999711145,True
584,LightGBM,2025-07-03 07:40:00,182.0,155.79103449000002,True
584,LightGBM,2025-07-03 07:45:00,187.0,172.12580349817478,True
584,LightGBM,2025-07-03 07:50:00,192.0,186.56361449689877,True
584,LightGBM,2025-07-03 07:55:00,196.0,187.9787606899503,True
584,LightGBM,2025-07-03 08:00:00,199.0,189.62313448374434,True
584,LightGBM,2025-07-03 08:05:00,202.0,183.31838550469104,True
584,LightGBM,2025-07-03 08:10:00,202.0,199.46900804868773,True
584,LightGBM,2025-07-03 08:15:00,200.0,199.32191090100284,True
584,LightGBM,2025-07-03 08:20:00,199.0,206.8001454430002,True
584,LightGBM,2025-07-03 08:25:00,192.0,207.39614300165795,True
584,LightGBM,2025-07-03 08:30:00,189.0,210.61092169675752,True
584,LightGBM,2025-07-03 08:35:00,182.0,214.44039967089225,True
584,LightGBM,2025-07-03 08:40:00,179.0,208.01615785224894,True
584,LightGBM,2025-07-03 08:45:00,185.0,201.49785052601484,True
584,LightGBM,2025-07-03 08:50:00,193.0,197.8651774019063,True
584,LightGBM,2025-07-03 08:55:00,199.0,183.2866544981633,True
584,LightGBM,2025-07-03 09:00:00,203.0,181.4418266725181,True
584,LightGBM,2025-07-03 09:05:00,210.0,171.4609383191781,True
584,LightGBM,2025-07-03 09:10:00,200.0,172.56990989512067,True
584,LightGBM,2025-07-03 09:15:00,183.0,188.70769462092122,True
584,LightGBM,2025-07-03 09:20:00,171.0,197.76444127618296,True
584,LightGBM,2025-07-03 09:25:00,162.0,205.49453827264892,True
584,LightGBM,2025-07-03 09:30:00,157.0,204.50481894692228,True
584,LightGBM,2025-07-03 09:35:00,162.0,223.16850499151522,True
584,LightGBM,2025-07-03 09:40:00,174.0,197.32990272355588,True
584,LightGBM,2025-07-03 09:45:00,186.0,176.03301538150222,True
584,LightGBM,2025-07-03 09:50:00,200.0,159.26512161416235,True
584,LightGBM,2025-07-03 09:55:00,201.0,154.60838994687958,True
584,LightGBM,2025-07-03 10:00:00,185.0,149.62182191733478,True
584,LightGBM,2025-07-03 10:05:00,188.0,170.14804266294672,True
584,LightGBM,2025-07-03 10:10:00,199.0,188.16140547339626,True
584,LightGBM,2025-07-03 10:15:00,210.0,199.26145287494376,True
584,LightGBM,2025-07-03 10:20:00,215.0,219.93324087921036,True
584,LightGBM,2025-07-03 10:25:00,214.0,199.05153232074298,True
584,LightGBM,2025-07-03 10:30:00,224.0,182.32011353806206,True
584,LightGBM,2025-07-03 10:35:00,241.0,191.4352080607372,True
584,LightGBM,2025-07-03 10:40:00,257.0,215.25380878702907,True
584,LightGBM,2025-07-03 10:45:00,266.0,228.9146571502746,True
584,LightGBM,2025-07-03 10:50:00,266.0,225.204015959461,True
584,LightGBM,2025-07-03 10:55:00,265.0,212.12896353769554,True
584,LightGBM,2025-07-03 11:00:00,265.0,241.49651202263527,True
584,LightGBM,2025-07-03 11:05:00,266.0,260.27178403657354,True
584,LightGBM,2025-07-03 11:10:00,265.0,274.4918051759313,True
584,LightGBM,2025-07-03 11:15:00,258.0,275.0333558834666,True
584,LightGBM,2025-07-03 11:20:00,247.0,258.27994107997074,True
584,LightGBM,2025-07-03 11:25:00,238.0,251.14208514064714,True
584,LightGBM,2025-07-03 11:30:00,226.0,255.86916967914956,True
584,LightGBM,2025-07-03 11:35:00,229.0,256.88294975387817,True
584,LightGBM,2025-07-03 11:40:00,234.0,249.78535843259434,True
584,LightGBM,2025-07-03 11:45:00,237.0,228.0701526358346,True
584,LightGBM,2025-07-03 11:50:00,233.0,208.82503157975128,True
584,LightGBM,2025-07-03 11:55:00,229.0,197.631033532582,True
584,LightGBM,2025-07-03 12:00:00,224.0,177.40054633305053,True
584,LightGBM,2025-07-03 12:05:00,225.0,216.70538499166884,True
584,LightGBM,2025-07-03 12:10:00,225.0,226.80528902774935,True
584,LightGBM,2025-07-03 12:15:00,227.0,227.79860043783017,True
584,LightGBM,2025-07-03 12:20:00,225.0,212.43279644242588,True
584,LightGBM,2025-07-03 12:25:00,221.0,210.03842873177456,True
584,LightGBM,2025-07-03 12:30:00,220.0,198.3813190119037,True
584,LightGBM,2025-07-03 12:35:00,220.0,216.8693384474159,True
584,LightGBM,2025-07-03 12:40:00,217.0,214.85115313503766,True
584,LightGBM,2025-07-03 12:45:00,211.0,221.77076641531613,True
584,LightGBM,2025-07-03 12:50:00,212.0,210.16853088621477,True
584,LightGBM,2025-07-03 12:55:00,218.0,202.98158173133766,True
584,LightGBM,2025-07-03 13:00:00,222.0,208.72442175373106,True
584,LightGBM,2025-07-03 13:05:00,230.0,212.109449404224,True
584,LightGBM,2025-07-03 13:10:00,238.0,202.39321251035997,True
584,LightGBM,2025-07-03 13:15:00,245.0,191.94328129958186,True
584,LightGBM,2025-07-03 13:20:00,255.0,207.6639032487335,True
584,LightGBM,2025-07-03 13:25:00,260.0,219.6224872937686,True
584,LightGBM,2025-07-03 13:30:00,262.0,222.4407521383607,True
584,LightGBM,2025-07-03 13:35:00,266.0,239.44079842457322,True
584,LightGBM,2025-07-03 13:40:00,269.0,246.19801032799853,True
584,LightGBM,2025-07-03 13:45:00,268.0,252.64112848435383,True
584,LightGBM,2025-07-03 13:50:00,267.0,270.40090720715244,True
584,LightGBM,2025-07-03 13:55:00,266.0,266.0098333005811,True
584,LightGBM,2025-07-03 14:00:00,264.0,265.0263912836069,True
584,LightGBM,2025-07-03 14:05:00,263.0,274.9032481433835,True
584,LightGBM,2025-07-03 14:10:00,260.0,273.0518844053757,True
584,LightGBM,2025-07-03 14:15:00,255.0,266.63806166153523,True
584,LightGBM,2025-07-03 14:20:00,250.0,264.31117828664236,True
584,LightGBM,2025-07-03 14:25:00,246.0,257.65097203269994,True
584,LightGBM,2025-07-03 14:30:00,239.0,251.63771468529615,True
584,LightGBM,2025-07-03 14:35:00,233.0,251.07264180962588,True
584,LightGBM,2025-07-03 14:40:00,232.0,238.03038100365683,True
584,LightGBM,2025-07-03 14:45:00,229.0,225.03286873958024,True
584,LightGBM,2025-07-03 14:50:00,223.0,223.05845123986188,True
584,LightGBM,2025-07-03 14:55:00,213.0,220.39472030492294,True
584,LightGBM,2025-07-03 15:00:00,200.0,201.71373409768506,True
584,LightGBM,2025-07-03 15:05:00,185.0,202.32466375741188,True
584,LightGBM,2025-07-03 15:10:00,169.0,217.31146978541972,True
584,LightGBM,2025-07-03 15:15:00,155.0,209.26605288830876,True
584,LightGBM,2025-07-03 15:20:00,143.0,194.5145231199432,True
584,LightGBM,2025-07-03 15:25:00,133.0,178.79324373270953,True
584,LightGBM,2025-07-03 15:30:00,125.0,156.3810225588396,True
584,LightGBM,2025-07-03 15:35:00,119.0,135.4233573610209,True
584,LightGBM,2025-07-03 15:40:00,113.0,119.2650279557513,True
584,LightGBM,2025-07-03 15:45:00,110.0,116.12080766622537,True
584,LightGBM,2025-07-03 15:50:00,109.0,108.93512628352299,True
584,LightGBM,2025-07-03 15:55:00,108.0,103.37014285344166,True
584,LightGBM,2025-07-03 16:00:00,109.0,101.28404157846883,True
584,LightGBM,2025-07-03 16:05:00,111.0,98.61641109488725,True
584,LightGBM,2025-07-03 16:10:00,111.0,93.01182308829613,True
584,LightGBM,2025-07-03 16:15:00,110.0,100.63189335412122,True
584,LightGBM,2025-07-03 16:20:00,112.0,102.71930653170527,True
584,LightGBM,2025-07-03 16:25:00,113.0,100.20160666830103,True
584,LightGBM,2025-07-03 16:30:00,113.0,110.04211680504403,True
584,LightGBM,2025-07-03 16:35:00,112.0,114.1567719249302,True
584,LightGBM,2025-07-03 16:40:00,112.0,111.81513156463848,True
584,LightGBM,2025-07-03 16:45:00,112.0,109.06418365261993,True
584,LightGBM,2025-07-03 16:50:00,111.0,117.67924983290314,True
584,LightGBM,2025-07-03 16:55:00,110.0,115.56937098155699,True
584,LightGBM,2025-07-03 17:00:00,113.0,115.53378255963177,True
584,LightGBM,2025-07-03 17:05:00,115.0,111.12603436515099,True
584,LightGBM,2025-07-03 17:10:00,117.0,114.40998339972978,True
584,LightGBM,2025-07-03 17:15:00,121.0,113.85249064885681,True
584,LightGBM,2025-07-03 17:20:00,128.0,111.35972921525688,True
584,LightGBM,2025-07-03 17:25:00,134.0,110.02615388214763,True
584,LightGBM,2025-07-03 17:30:00,140.0,119.62602754481641,True
584,LightGBM,2025-07-03 17:35:00,146.0,119.59083791679832,True
584,LightGBM,2025-07-03 17:40:00,155.0,122.99108422251476,True
584,LightGBM,2025-07-03 17:45:00,158.0,136.48813512606276,True
584,LightGBM,2025-07-03 17:50:00,155.0,153.02164501352226,True
584,LightGBM,2025-07-03 17:55:00,151.0,153.69136237161518,True
584,LightGBM,2025-07-03 18:00:00,156.0,158.74880978552864,True
584,LightGBM,2025-07-03 18:05:00,162.0,165.96655396126036,True
584,LightGBM,2025-07-03 18:10:00,172.0,181.68911329214222,True
584,LightGBM,2025-07-03 18:15:00,178.0,170.79352702693035,True
584,LightGBM,2025-07-03 18:20:00,177.0,151.1779591984987,True
584,LightGBM,2025-07-03 18:25:00,171.0,146.51861507960862,True
584,LightGBM,2025-07-03 18:30:00,167.0,169.15154540747127,True
584,LightGBM,2025-07-03 18:35:00,165.0,172.1294830116567,True
584,LightGBM,2025-07-03 18:40:00,159.0,193.3044444267005,True
584,LightGBM,2025-07-03 18:45:00,166.0,192.397534065017,True
584,LightGBM,2025-07-03 18:50:00,169.0,176.5407017354956,True
584,LightGBM,2025-07-03 18:55:00,166.0,165.98492432221232,True
584,LightGBM,2025-07-03 19:00:00,167.0,163.9169486420626,True
584,LightGBM,2025-07-03 19:05:00,167.0,163.18041523266584,True
584,LightGBM,2025-07-03 19:10:00,164.0,152.6713566943951,True
584,LightGBM,2025-07-03 19:15:00,164.0,174.98709740975713,True
584,LightGBM,2025-07-03 19:20:00,174.0,172.04281878265468,True
584,LightGBM,2025-07-03 19:25:00,175.0,159.2700021747428,True
584,LightGBM,2025-07-03 19:30:00,165.0,171.22543393337307,True
584,LightGBM,2025-07-03 19:35:00,151.0,168.70806966426215,True
584,LightGBM,2025-07-03 19:40:00,138.0,157.8933833280219,True
584,LightGBM,2025-07-03 19:45:00,138.0,165.21375699944844,True
584,LightGBM,2025-07-03 19:50:00,138.0,191.77972562618544,True
584,LightGBM,2025-07-03 19:55:00,138.0,176.36703231998658,True
584,LightGBM,2025-07-03 20:00:00,138.0,159.7451151256409,True
584,LightGBM,2025-07-03 20:05:00,138.0,144.40548970298386,True
584,LightGBM,2025-07-03 20:10:00,138.0,126.29882296823962,True
584,LightGBM,2025-07-03 20:25:00,184.0,137.16423912509427,True
584,LightGBM,2025-07-03 20:30:00,179.0,137.7850087579132,True
584,LightGBM,2025-07-03 20:35:00,175.0,150.37053628927862,True
584,LightGBM,2025-07-03 20:40:00,170.0,147.00008213978717,True
584,LightGBM,2025-07-03 20:45:00,166.0,163.28407550374845,False
584,LightGBM,2025-07-03 20:50:00,163.0,166.6702907850257,False
584,LightGBM,2025-07-03 20:55:00,161.0,182.54219033075523,True
584,LightGBM,2025-07-03 21:00:00,160.0,169.1092473247351,True
584,LightGBM,2025-07-03 21:05:00,160.0,165.4823450880999,True
584,LightGBM,2025-07-03 21:10:00,162.0,151.92272202409507,True
584,LightGBM,2025-07-03 21:15:00,163.0,150.2737620587121,True
584,LightGBM,2025-07-03 21:20:00,165.0,147.6991594779138,True
584,LightGBM,2025-07-03 21:25:00,166.0,152.754137587668,True
584,LightGBM,2025-07-03 21:30:00,169.0,157.9960345284667,True
584,LightGBM,2025-07-03 21:35:00,168.0,162.91826333080073,True
584,LightGBM,2025-07-03 21:40:00,162.0,168.45478463886866,True
584,LightGBM,2025-07-03 21:45:00,155.0,165.09365711486993,True
584,LightGBM,2025-07-03 21:50:00,151.0,171.05510540543028,True
584,LightGBM,2025-07-03 21:55:00,148.0,162.17786213159496,True
584,LightGBM,2025-07-03 22:00:00,146.0,172.87115050081505,True
584,LightGBM,2025-07-03 22:05:00,145.0,157.02485898732172,True
584,LightGBM,2025-07-03 22:10:00,143.0,137.44751464937852,True
584,LightGBM,2025-07-03 22:15:00,140.0,129.80403078085806,True
584,LightGBM,2025-07-03 22:20:00,139.0,135.6898561288985,True
584,LightGBM,2025-07-03 22:25:00,139.0,136.08524887683814,True
584,LightGBM,2025-07-03 22:30:00,139.0,134.60322394207364,True
584,LightGBM,2025-07-03 22:35:00,141.0,138.38591689559846,True
584,LightGBM,2025-07-03 22:40:00,145.0,131.95497747764273,True
584,LightGBM,2025-07-03 22:45:00,149.0,130.14230690563335,True
584,LightGBM,2025-07-03 22:50:00,153.0,134.91488179418857,True
584,LightGBM,2025-07-03 22:55:00,157.0,137.45250054704292,True
584,LightGBM,2025-07-03 23:00:00,160.0,136.14285737754045,True
584,LightGBM,2025-07-03 23:05:00,163.0,144.27599049693526,True
584,LightGBM,2025-07-03 23:10:00,165.0,152.88008342485293,True
584,LightGBM,2025-07-03 23:15:00,168.0,157.53605025470833,True
584,LightGBM,2025-07-03 23:20:00,170.0,163.06249572316707,True
584,LightGBM,2025-07-03 23:25:00,172.0,168.70138245106,True
584,LightGBM,2025-07-03 23:30:00,176.0,167.2524651879812,True
584,LightGBM,2025-07-03 23:35:00,179.0,171.4213899446595,True
584,LightGBM,2025-07-03 23:40:00,183.0,169.29267108020233,True
584,LightGBM,2025-07-03 23:45:00,187.0,173.67084284245396,True
584,LightGBM,2025-07-03 23:50:00,189.0,173.5958473002118,True
584,LightGBM,2025-07-03 23:55:00,188.0,176.97090342010063,True
584,LightGBM,2025-07-04 00:00:00,185.0,184.54283366128783,True
584,LightGBM,2025-07-04 00:05:00,182.0,186.35764131210905,True
584,LightGBM,2025-07-04 00:10:00,181.0,194.09788623461807,True
584,LightGBM,2025-07-04 00:15:00,181.0,197.3049397447561,True
584,LightGBM,2025-07-04 00:20:00,182.0,192.49310497874475,True
584,LightGBM,2025-07-04 00:25:00,184.0,187.30212409025148,True
584,LightGBM,2025-07-04 00:30:00,188.0,179.9443937400005,True
584,LightGBM,2025-07-04 00:35:00,191.0,173.4596429265737,True
584,LightGBM,2025-07-04 00:40:00,194.0,175.68394921927785,True
584,LightGBM,2025-07-04 00:45:00,197.0,177.24330303011163,True
584,LightGBM,2025-07-04 00:50:00,200.0,180.91961899867428,True
584,LightGBM,2025-07-04 00:55:00,202.0,185.35886727113586,True
584,LightGBM,2025-07-04 01:00:00,204.0,192.64351961621136,True
584,LightGBM,2025-07-04 01:05:00,204.0,199.6634664462195,True
584,LightGBM,2025-07-04 01:10:00,204.0,203.75535481852472,True
584,LightGBM,2025-07-04 01:15:00,205.0,207.84810667806386,True
584,LightGBM,2025-07-04 01:20:00,207.0,212.02615047307717,True
584,LightGBM,2025-07-04 01:25:00,206.0,208.9601592814753,True
584,LightGBM,2025-07-04 01:30:00,202.0,210.45150684929297,True
584,LightGBM,2025-07-04 01:35:00,199.0,206.02952740244294,True
584,LightGBM,2025-07-04 01:40:00,197.0,207.62376887567638,True
584,LightGBM,2025-07-04 01:45:00,196.0,208.4362834992522,True
584,LightGBM,2025-07-04 01:50:00,194.0,211.90168833207287,True
584,LightGBM,2025-07-04 01:55:00,192.0,207.13895191294407,True
584,LightGBM,2025-07-04 02:00:00,190.0,199.02673369240242,True
584,LightGBM,2025-07-04 02:05:00,189.0,195.83857204830338,True
584,LightGBM,2025-07-04 02:10:00,189.0,193.6884997785234,True
584,LightGBM,2025-07-04 02:15:00,189.0,191.6104484227014,True
584,LightGBM,2025-07-04 02:20:00,189.0,187.2797735142716,True
584,LightGBM,2025-07-04 02:25:00,189.0,185.0490492367129,True
584,LightGBM,2025-07-04 02:30:00,188.0,183.76471696695427,True
584,LightGBM,2025-07-04 02:35:00,187.0,181.93114502001865,True
584,LightGBM,2025-07-04 02:40:00,186.0,188.37350847523948,True
584,LightGBM,2025-07-04 02:45:00,185.0,188.1805553636929,True
584,LightGBM,2025-07-04 02:50:00,185.0,188.81039878389726,True
584,LightGBM,2025-07-04 02:55:00,185.0,187.93529565692248,True
584,LightGBM,2025-07-04 03:00:00,185.0,180.98591871236894,True
584,LightGBM,2025-07-04 03:05:00,185.0,180.56442126761326,True
584,LightGBM,2025-07-04 03:10:00,185.0,180.98919730287005,True
584,LightGBM,2025-07-04 03:15:00,184.0,179.31737960715512,True
584,LightGBM,2025-07-04 03:20:00,181.0,183.14963093435279,True
584,LightGBM,2025-07-04 03:25:00,179.0,182.8611599679478,True
584,LightGBM,2025-07-04 03:30:00,177.0,183.99542583449127,True
584,LightGBM,2025-07-04 03:35:00,176.0,184.8031461190829,True
584,LightGBM,2025-07-04 03:40:00,173.0,183.28970258243135,True
584,LightGBM,2025-07-04 03:45:00,171.0,180.03366056941272,True
584,LightGBM,2025-07-04 03:50:00,168.0,169.5464655802341,True
584,LightGBM,2025-07-04 03:55:00,166.0,170.2116781748332,True
584,LightGBM,2025-07-04 04:00:00,163.0,165.71053088531542,True
584,LightGBM,2025-07-04 04:05:00,161.0,167.1815577590767,True
584,LightGBM,2025-07-04 04:10:00,160.0,158.1340442936629,True
584,LightGBM,2025-07-04 04:15:00,158.0,160.5063391053467,True
584,LightGBM,2025-07-04 04:20:00,155.0,153.95879578995118,True
584,LightGBM,2025-07-04 04:25:00,154.0,154.66156552472074,True
584,LightGBM,2025-07-04 04:30:00,153.0,148.63294804394351,True
584,LightGBM,2025-07-04 04:35:00,153.0,148.60966737009724,True
584,LightGBM,2025-07-04 04:40:00,154.0,151.15504739652872,True
584,LightGBM,2025-07-04 04:45:00,154.0,146.5843720170838,True
584,LightGBM,2025-07-04 04:50:00,154.0,141.89208927658296,True
584,LightGBM,2025-07-04 04:55:00,153.0,145.17525853694477,True
584,LightGBM,2025-07-04 05:00:00,154.0,144.49701218945845,True
584,LightGBM,2025-07-04 05:05:00,164.0,147.5284141172072,True
584,LightGBM,2025-07-04 05:10:00,165.0,150.9394427640474,True
584,LightGBM,2025-07-04 05:15:00,163.0,150.2454393548637,True
584,LightGBM,2025-07-04 05:20:00,160.0,168.48920661580917,True
584,LightGBM,2025-07-04 05:25:00,158.0,162.5247267183244,True
584,LightGBM,2025-07-04 05:30:00,155.0,160.30246030045654,True
584,LightGBM,2025-07-04 05:35:00,152.0,185.29591643190014,True
584,LightGBM,2025-07-04 05:40:00,149.0,171.54593939438863,True
584,LightGBM,2025-07-04 05:45:00,145.0,154.3872008082396,True
584,LightGBM,2025-07-04 05:50:00,142.0,149.55357931835402,True
584,LightGBM,2025-07-04 05:55:00,138.0,146.31256205595795,True
584,LightGBM,2025-07-04 06:00:00,136.0,139.01755951468883,True
584,LightGBM,2025-07-04 06:05:00,130.0,137.60622460021276,True
584,LightGBM,2025-07-04 06:10:00,126.0,136.17124176084508,True
584,LightGBM,2025-07-04 06:15:00,122.0,132.38505834813785,True
584,LightGBM,2025-07-04 06:20:00,118.0,129.47561803597338,True
584,LightGBM,2025-07-04 06:25:00,115.0,123.76186043384297,True
584,LightGBM,2025-07-04 06:30:00,112.0,127.85585308455063,True
584,LightGBM,2025-07-04 06:35:00,110.0,108.81260117935635,True
584,LightGBM,2025-07-04 06:40:00,109.0,111.40180352819998,True
584,LightGBM,2025-07-04 06:45:00,108.0,105.97008735165485,True
584,LightGBM,2025-07-04 06:50:00,107.0,102.85588061925904,True
584,LightGBM,2025-07-04 06:55:00,108.0,103.80323835309659,True
584,LightGBM,2025-07-04 07:00:00,111.0,99.77998750675557,True
584,LightGBM,2025-07-04 07:05:00,117.0,102.92287779427377,True
584,LightGBM,2025-07-04 07:10:00,121.0,102.4989149402825,True
584,LightGBM,2025-07-04 07:15:00,128.0,100.82875874341256,True
584,LightGBM,2025-07-04 07:20:00,136.0,100.22312069836562,True
584,LightGBM,2025-07-04 07:25:00,147.0,108.41808073239896,True
584,LightGBM,2025-07-04 07:30:00,155.0,114.6356484295898,True
584,LightGBM,2025-07-04 07:35:00,155.0,129.85760752181324,True
584,LightGBM,2025-07-04 07:40:00,152.0,131.23631364565082,True
584,LightGBM,2025-07-04 07:45:00,155.0,148.4415090741151,True
584,LightGBM,2025-07-04 07:50:00,162.0,173.0359686449606,True
584,LightGBM,2025-07-04 07:55:00,162.0,187.74829763301685,True
584,LightGBM,2025-07-04 08:00:00,159.0,182.65797097173595,True
584,LightGBM,2025-07-04 08:05:00,153.0,168.96700419979047,True
584,LightGBM,2025-07-04 08:10:00,143.0,141.9841298818147,True
584,LightGBM,2025-07-04 08:15:00,135.0,163.89611615377336,True
584,LightGBM,2025-07-04 08:20:00,131.0,174.62327477928372,True
584,LightGBM,2025-07-04 08:25:00,126.0,155.4030402019092,True
584,LightGBM,2025-07-04 08:30:00,121.0,142.24843548807792,True
584,LightGBM,2025-07-04 08:35:00,115.0,124.39980279229536,True
584,LightGBM,2025-07-04 08:40:00,108.0,112.38311511257182,True
584,LightGBM,2025-07-04 08:45:00,104.0,109.9679542459409,True
584,LightGBM,2025-07-04 08:50:00,102.0,117.18239898003523,True
584,LightGBM,2025-07-04 08:55:00,100.0,108.32191437882857,True
584,LightGBM,2025-07-04 09:00:00,100.0,103.60962817641906,True
584,LightGBM,2025-07-04 09:05:00,99.0,96.80444291214697,True
584,LightGBM,2025-07-04 09:10:00,97.0,91.22479505381632,True
584,LightGBM,2025-07-04 09:15:00,101.0,94.85308056508686,True
584,LightGBM,2025-07-04 09:20:00,109.0,95.77599652932297,True
584,LightGBM,2025-07-04 09:25:00,118.0,93.82051875544573,True
584,LightGBM,2025-07-04 09:30:00,122.0,98.97022538215224,True
584,LightGBM,2025-07-04 09:35:00,125.0,94.2544780911599,True
584,LightGBM,2025-07-04 09:40:00,126.0,91.84236668412223,True
584,LightGBM,2025-07-04 09:45:00,124.0,111.8749166446803,True
584,LightGBM,2025-07-04 09:50:00,120.0,128.58312329628035,True
584,LightGBM,2025-07-04 09:55:00,119.0,136.87329423753513,True
584,LightGBM,2025-07-04 10:00:00,119.0,131.6238349737651,True
584,LightGBM,2025-07-04 10:05:00,120.0,132.6876389348083,True
584,LightGBM,2025-07-04 10:10:00,123.0,129.62462505956245,True
584,LightGBM,2025-07-04 10:15:00,125.0,121.18917508496527,True
584,LightGBM,2025-07-04 10:20:00,127.0,112.49906758297512,True
584,LightGBM,2025-07-04 10:25:00,130.0,115.87927480180558,True
584,LightGBM,2025-07-04 10:30:00,133.0,116.4603920981206,True
584,LightGBM,2025-07-04 10:35:00,134.0,118.77076285565182,True
584,LightGBM,2025-07-04 10:40:00,135.0,129.507257824112,True
584,LightGBM,2025-07-04 10:45:00,137.0,129.06683698425817,True
584,LightGBM,2025-07-04 10:50:00,137.0,134.65626754909502,True
584,LightGBM,2025-07-04 10:55:00,140.0,140.21763920575444,True
584,LightGBM,2025-07-04 11:00:00,141.0,143.6578445932347,True
584,LightGBM,2025-07-04 11:05:00,142.0,137.7632563049375,True
584,LightGBM,2025-07-04 11:10:00,140.0,138.744438547095,True
584,LightGBM,2025-07-04 11:15:00,142.0,143.46613969165136,True
584,LightGBM,2025-07-04 11:20:00,145.0,138.35738735569637,True
584,LightGBM,2025-07-04 11:25:00,146.0,150.30758820801765,True
584,LightGBM,2025-07-04 11:30:00,147.0,145.0418023849199,True
584,LightGBM,2025-07-04 11:35:00,149.0,147.1385421747327,True
584,LightGBM,2025-07-04 11:40:00,150.0,135.4566082116837,True
584,LightGBM,2025-07-04 11:45:00,142.0,146.434499993646,True
584,LightGBM,2025-07-04 11:50:00,147.0,151.21368508852578,True
584,LightGBM,2025-07-04 11:55:00,154.0,149.58476658807194,True
584,LightGBM,2025-07-04 12:00:00,161.0,151.15686811106758,True
584,LightGBM,2025-07-04 12:05:00,169.0,152.63778182647695,True
584,LightGBM,2025-07-04 12:10:00,174.0,151.90976215763536,True
584,LightGBM,2025-07-04 12:15:00,179.0,136.85146339751492,True
584,LightGBM,2025-07-04 12:20:00,184.0,156.9078989836355,True
584,LightGBM,2025-07-04 12:25:00,185.0,164.49911001391638,True
584,LightGBM,2025-07-04 12:30:00,187.0,179.1234340254922,True
584,LightGBM,2025-07-04 12:35:00,185.0,190.8630465992375,True
584,LightGBM,2025-07-04 12:40:00,180.0,189.16262849502723,True
584,LightGBM,2025-07-04 12:45:00,181.0,193.9195121621599,True
584,LightGBM,2025-07-04 12:50:00,184.0,201.1275024649098,True
584,LightGBM,2025-07-04 12:55:00,183.0,193.00549137235987,True
584,LightGBM,2025-07-04 13:00:00,183.0,196.05567737219403,True
584,LightGBM,2025-07-04 13:05:00,185.0,185.98181360943994,True
584,LightGBM,2025-07-04 13:10:00,188.0,175.4495099681122,True
584,LightGBM,2025-07-04 13:15:00,191.0,183.0180145142578,True
584,LightGBM,2025-07-04 13:20:00,194.0,189.8295965662083,True
584,LightGBM,2025-07-04 13:25:00,196.0,181.3620926969723,True
584,LightGBM,2025-07-04 13:30:00,198.0,186.72341088340306,True
584,LightGBM,2025-07-04 13:35:00,200.0,189.49993097189244,True
584,LightGBM,2025-07-04 13:40:00,203.0,195.70744630950722,True
584,LightGBM,2025-07-04 13:45:00,205.0,201.68091103322635,True
584,LightGBM,2025-07-04 13:50:00,201.0,205.65313689316253,True
584,LightGBM,2025-07-04 13:55:00,199.0,204.86965991496632,True
584,LightGBM,2025-07-04 14:00:00,197.0,208.28517440934132,True
584,LightGBM,2025-07-04 14:05:00,201.0,209.28615479771366,True
584,LightGBM,2025-07-04 14:10:00,202.0,213.49207172605517,True
584,LightGBM,2025-07-04 14:15:00,207.0,213.08180456619934,True
584,LightGBM,2025-07-04 14:20:00,213.0,201.2419121788444,True
584,LightGBM,2025-07-04 14:25:00,225.0,199.81953630733958,True
584,LightGBM,2025-07-04 14:30:00,235.0,194.78260190158676,True
584,LightGBM,2025-07-04 14:35:00,244.0,204.42775199021432,True
584,LightGBM,2025-07-04 14:40:00,252.0,200.40107474275032,True
584,LightGBM,2025-07-04 14:45:00,261.0,215.82754436163577,True
584,LightGBM,2025-07-04 14:50:00,271.0,222.99654254300583,True
584,LightGBM,2025-07-04 14:55:00,282.0,247.10693374171055,True
584,LightGBM,2025-07-04 15:00:00,286.0,253.93133868703052,True
584,LightGBM,2025-07-04 15:05:00,290.0,265.1940561557852,True
584,LightGBM,2025-07-04 15:10:00,297.0,267.7817562594301,True
584,LightGBM,2025-07-04 15:15:00,302.0,283.3029965122218,True
584,LightGBM,2025-07-04 15:20:00,299.0,288.59504066848757,True
584,LightGBM,2025-07-04 15:25:00,298.0,301.857299268739,True
584,LightGBM,2025-07-04 15:30:00,296.0,289.5672933220084,True
584,LightGBM,2025-07-04 15:35:00,295.0,300.57584778491986,True
584,LightGBM,2025-07-04 15:40:00,295.0,310.6217593404991,True
584,LightGBM,2025-07-04 15:45:00,295.0,307.0071473145133,True
584,LightGBM,2025-07-04 15:50:00,297.0,290.38602933461027,True
584,LightGBM,2025-07-04 15:55:00,298.0,292.07223701071035,True
584,LightGBM,2025-07-04 16:00:00,299.0,286.33647270901974,True
584,LightGBM,2025-07-04 16:05:00,303.0,284.9995970585327,True
584,LightGBM,2025-07-04 16:10:00,309.0,285.4109473162754,True
584,LightGBM,2025-07-04 16:15:00,316.0,283.97143539487,True
584,LightGBM,2025-07-04 16:20:00,320.0,293.8645027340935,True
584,LightGBM,2025-07-04 16:25:00,316.0,292.26510985494275,True
584,LightGBM,2025-07-04 16:30:00,312.0,293.49198439375795,True
584,LightGBM,2025-07-04 16:35:00,306.0,301.54960237167643,True
584,LightGBM,2025-07-04 16:40:00,301.0,309.9921703922292,True
584,LightGBM,2025-07-04 16:45:00,298.0,316.3732389676486,True
584,LightGBM,2025-07-04 16:50:00,293.0,313.55197112480465,True
584,LightGBM,2025-07-04 16:55:00,293.0,297.0213197645156,True
584,LightGBM,2025-07-04 17:00:00,293.0,296.6136662064875,True
584,LightGBM,2025-07-04 17:05:00,293.0,281.55309168941955,True
584,LightGBM,2025-07-04 17:10:00,293.0,275.6063429560388,True
584,LightGBM,2025-07-04 17:15:00,293.0,278.920815191458,True
584,LightGBM,2025-07-04 17:20:00,293.0,262.74958995262944,True
584,LightGBM,2025-07-05 09:45:00,109.0,157.8916916001352,False
584,LightGBM,2025-07-05 09:50:00,108.0,157.8916916001352,False
584,LightGBM,2025-07-05 09:55:00,106.0,157.8916916001352,False
584,LightGBM,2025-07-05 10:00:00,106.0,157.8916916001352,False
584,LightGBM,2025-07-05 10:05:00,108.0,157.8916916001352,False
584,LightGBM,2025-07-05 10:10:00,113.0,157.8916916001352,False
584,LightGBM,2025-07-05 10:15:00,120.0,113.86824068076531,True
584,LightGBM,2025-07-05 10:20:00,127.0,108.13323322596214,True
584,LightGBM,2025-07-05 10:25:00,135.0,105.12448445420883,True
584,LightGBM,2025-07-05 10:30:00,141.0,109.08401659141683,True
584,LightGBM,2025-07-05 10:35:00,146.0,116.71256800717994,True
584,LightGBM,2025-07-05 10:40:00,148.0,127.8002002345569,True
584,LightGBM,2025-07-05 10:45:00,152.0,139.31552503486694,True
584,LightGBM,2025-07-05 10:50:00,153.0,150.2220922355085,True
584,LightGBM,2025-07-05 10:55:00,161.0,160.43796225752004,True
584,LightGBM,2025-07-05 11:00:00,163.0,159.53201970667925,True
584,LightGBM,2025-07-05 11:05:00,159.0,180.2367199036121,True
584,LightGBM,2025-07-05 11:10:00,162.0,174.9155581186092,True
584,LightGBM,2025-07-05 11:15:00,163.0,177.08558911521828,True
584,LightGBM,2025-07-05 11:20:00,160.0,173.20442310082623,True
584,LightGBM,2025-07-05 11:25:00,160.0,177.8625030855929,True
584,LightGBM,2025-07-05 11:30:00,157.0,167.31525182528102,True
584,LightGBM,2025-07-05 11:35:00,154.0,150.54413220168647,True
584,LightGBM,2025-07-05 11:40:00,151.0,172.37098741005158,True
584,LightGBM,2025-07-05 11:45:00,148.0,160.51444969089223,True
584,LightGBM,2025-07-05 11:50:00,146.0,144.59774723678962,True
584,LightGBM,2025-07-05 11:55:00,140.0,163.37820776295965,True
584,LightGBM,2025-07-05 12:00:00,136.0,143.70160572548895,True
584,LightGBM,2025-07-05 12:05:00,129.0,137.79757504409199,True
584,LightGBM,2025-07-05 12:10:00,120.0,134.276601015452,True
584,LightGBM,2025-07-05 12:15:00,117.0,134.67608907300323,True
584,LightGBM,2025-07-05 12:20:00,113.0,134.35606169331547,True
584,LightGBM,2025-07-05 12:25:00,109.0,120.41425613304766,True
584,LightGBM,2025-07-05 12:30:00,106.0,128.44542550736566,True
584,LightGBM,2025-07-05 12:35:00,108.0,109.85592556599418,True
584,LightGBM,2025-07-05 12:40:00,107.0,98.17863455890675,True
584,LightGBM,2025-07-05 12:45:00,106.0,108.55834722341038,True
584,LightGBM,2025-07-05 12:50:00,109.0,99.6885013119334,True
584,LightGBM,2025-07-05 12:55:00,109.0,96.84874755018416,True
584,LightGBM,2025-07-05 13:00:00,111.0,97.57318654765601,True
584,LightGBM,2025-07-05 13:05:00,112.0,113.95420881681223,True
584,LightGBM,2025-07-05 13:10:00,111.0,101.97309710286633,True
584,LightGBM,2025-07-05 13:15:00,111.0,102.41958212354282,True
584,LightGBM,2025-07-05 13:20:00,110.0,116.72224403459781,True
584,LightGBM,2025-07-05 13:25:00,110.0,109.87630655653219,True
584,LightGBM,2025-07-05 13:30:00,108.0,119.73574017343368,True
584,LightGBM,2025-07-05 13:35:00,108.0,116.68631423801496,True
584,LightGBM,2025-07-05 13:40:00,108.0,110.475683977883,True
584,LightGBM,2025-07-05 13:45:00,111.0,114.4687664579816,True
584,LightGBM,2025-07-05 13:50:00,113.0,109.46727471152323,True
584,LightGBM,2025-07-05 13:55:00,117.0,114.32080927665861,True
584,LightGBM,2025-07-05 14:00:00,120.0,105.34567694076257,True
584,LightGBM,2025-07-05 14:05:00,123.0,112.3667380682869,True
584,LightGBM,2025-07-05 14:10:00,125.0,110.49366591835478,True
584,LightGBM,2025-07-05 14:15:00,128.0,120.6006131734266,True
584,LightGBM,2025-07-05 14:20:00,127.0,121.24237633378476,True
584,LightGBM,2025-07-05 14:25:00,131.0,131.42771759456028,True
584,LightGBM,2025-07-05 14:30:00,134.0,130.57438028393108,True
584,LightGBM,2025-07-05 14:35:00,133.0,136.43528108105644,True
584,LightGBM,2025-07-05 14:40:00,136.0,134.0003179629166,True
584,LightGBM,2025-07-05 14:45:00,136.0,143.53407978656492,True
584,LightGBM,2025-07-05 14:50:00,135.0,130.4317045007193,True
584,LightGBM,2025-07-05 14:55:00,136.0,144.58013173177903,True
584,LightGBM,2025-07-05 15:00:00,137.0,145.0412614078322,True
584,LightGBM,2025-07-05 15:05:00,139.0,134.54972579561982,True
584,LightGBM,2025-07-05 15:10:00,143.0,149.02870239226277,True
584,LightGBM,2025-07-05 15:15:00,151.0,139.0803134097913,True
584,LightGBM,2025-07-05 15:20:00,149.0,135.92091431253237,True
584,LightGBM,2025-07-05 15:25:00,147.0,141.89272801657611,True
584,LightGBM,2025-07-05 15:30:00,149.0,140.87682418605746,True
584,LightGBM,2025-07-05 15:35:00,149.0,146.49845648791933,True
584,LightGBM,2025-07-05 15:40:00,149.0,154.01079961142702,True
584,LightGBM,2025-07-05 15:45:00,149.0,170.9225269503502,True
584,LightGBM,2025-07-05 15:50:00,149.0,150.68468874546207,True
584,LightGBM,2025-07-05 15:55:00,149.0,147.4017629612819,True
584,LightGBM,2025-07-05 16:00:00,149.0,154.3991579368085,True
584,LightGBM,2025-07-05 17:35:00,154.0,154.4662493198835,False
584,LightGBM,2025-07-05 17:40:00,155.0,154.4662493198835,False
584,LightGBM,2025-07-05 17:45:00,155.0,154.4662493198835,False
584,LightGBM,2025-07-05 17:50:00,154.0,201.6980349631115,False
584,LightGBM,2025-07-05 17:55:00,153.0,200.74371463336414,False
584,LightGBM,2025-07-05 18:00:00,151.0,198.56178249974917,False
584,LightGBM,2025-07-05 18:05:00,150.0,187.9518963029946,True
584,LightGBM,2025-07-05 18:10:00,150.0,170.9039679154686,True
584,LightGBM,2025-07-05 18:15:00,151.0,165.6448868297174,True
584,LightGBM,2025-07-05 18:20:00,152.0,157.15183842496754,True
584,LightGBM,2025-07-05 18:25:00,153.0,152.12308345298246,True
584,LightGBM,2025-07-05 18:30:00,155.0,137.93016426652747,True
584,LightGBM,2025-07-05 18:35:00,156.0,146.94152655818033,True
584,LightGBM,2025-07-05 18:40:00,155.0,150.67158592097053,True
584,LightGBM,2025-07-05 18:45:00,153.0,155.7149332795459,True
584,LightGBM,2025-07-05 18:50:00,151.0,153.767966457038,True
584,LightGBM,2025-07-05 18:55:00,151.0,156.26354812249517,True
584,LightGBM,2025-07-05 19:00:00,151.0,160.01318598728682,True
584,LightGBM,2025-07-05 19:05:00,152.0,158.58184789372376,True
584,LightGBM,2025-07-05 19:10:00,153.0,150.69568387037964,True
584,LightGBM,2025-07-05 19:15:00,155.0,148.40463769700037,True
584,LightGBM,2025-07-05 19:20:00,155.0,142.97015484850024,True
584,LightGBM,2025-07-05 19:25:00,154.0,152.8587846938349,True
584,LightGBM,2025-07-05 19:30:00,151.0,152.88827514760374,True
584,LightGBM,2025-07-05 19:35:00,147.0,155.39226282116593,True
584,LightGBM,2025-07-05 19:40:00,144.0,154.17364655015538,True
584,LightGBM,2025-07-05 19:45:00,140.0,158.94631664821244,True
584,LightGBM,2025-07-05 19:50:00,138.0,150.49068172785638,True
584,LightGBM,2025-07-05 19:55:00,137.0,144.38066168999154,True
584,LightGBM,2025-07-05 20:00:00,135.0,134.21118748375656,True
584,LightGBM,2025-07-05 20:05:00,133.0,130.68210151351363,True
584,LightGBM,2025-07-05 20:10:00,128.0,131.12788984460116,True
584,LightGBM,2025-07-05 20:15:00,125.0,126.06230414160039,True
584,LightGBM,2025-07-05 20:20:00,123.0,129.7495884113296,True
584,LightGBM,2025-07-05 20:25:00,122.0,132.09751266944636,True
584,LightGBM,2025-07-05 20:30:00,123.0,127.82418392935647,True
584,LightGBM,2025-07-05 20:35:00,124.0,127.09185248465937,True
584,LightGBM,2025-07-05 20:40:00,125.0,113.95913682730486,True
584,LightGBM,2025-07-05 20:45:00,127.0,117.62992013471411,True
584,LightGBM,2025-07-05 20:50:00,129.0,116.56775689677998,True
584,LightGBM,2025-07-05 20:55:00,131.0,116.69428520047813,True
584,LightGBM,2025-07-05 21:00:00,133.0,122.35997672667499,True
584,LightGBM,2025-07-05 21:05:00,137.0,123.1397308752323,True
584,LightGBM,2025-07-05 21:10:00,141.0,126.32289346379655,True
584,LightGBM,2025-07-05 21:15:00,143.0,134.13114910583883,True
584,LightGBM,2025-07-05 21:20:00,146.0,135.67322523958933,True
584,LightGBM,2025-07-05 21:25:00,149.0,137.04766151234162,True
584,LightGBM,2025-07-05 21:30:00,155.0,139.71201501061495,True
584,LightGBM,2025-07-05 21:35:00,161.0,150.38266535927656,True
584,LightGBM,2025-07-05 21:40:00,168.0,154.13932297333793,True
584,LightGBM,2025-07-05 21:45:00,176.0,150.1432711642749,True
584,LightGBM,2025-07-05 21:50:00,182.0,159.3878451458674,True
584,LightGBM,2025-07-05 21:55:00,186.0,161.01089038479157,True
584,LightGBM,2025-07-05 22:00:00,190.0,173.5348384959155,True
584,LightGBM,2025-07-05 22:05:00,192.0,179.19359135441056,True
584,LightGBM,2025-07-05 22:10:00,194.0,191.327011887489,True
584,LightGBM,2025-07-05 22:15:00,194.0,202.71666848951833,True
584,LightGBM,2025-07-05 22:20:00,196.0,200.11037009157596,True
584,LightGBM,2025-07-05 22:25:00,200.0,199.59930920831206,True
584,LightGBM,2025-07-05 22:30:00,203.0,205.64980627452164,True
584,LightGBM,2025-07-05 22:35:00,204.0,200.84943112074157,True
584,LightGBM,2025-07-05 22:40:00,203.0,204.46143787776353,True
584,LightGBM,2025-07-05 22:45:00,203.0,197.82111266234168,True
584,LightGBM,2025-07-05 22:50:00,204.0,204.912807661891,True
584,LightGBM,2025-07-05 22:55:00,206.0,210.7525257899995,True
584,LightGBM,2025-07-05 23:00:00,208.0,211.99596735402005,True
584,LightGBM,2025-07-05 23:05:00,210.0,210.3165221830958,True
584,LightGBM,2025-07-05 23:10:00,210.0,205.21104612647767,True
584,LightGBM,2025-07-05 23:15:00,210.0,206.4913531795052,True
584,LightGBM,2025-07-05 23:20:00,211.0,207.49319365240424,True
584,LightGBM,2025-07-05 23:25:00,211.0,210.97626379432202,True
584,LightGBM,2025-07-05 23:30:00,210.0,212.35168935537467,True
584,LightGBM,2025-07-05 23:35:00,212.0,216.39335808191245,True
584,LightGBM,2025-07-05 23:40:00,214.0,213.52060722130716,True
584,LightGBM,2025-07-05 23:45:00,215.0,214.06673281972414,True
584,LightGBM,2025-07-05 23:50:00,216.0,215.57576594173293,True
584,LightGBM,2025-07-05 23:55:00,220.0,214.0472673465314,True
584,LightGBM,2025-07-06 00:00:00,223.0,211.02966878332572,True
584,LightGBM,2025-07-06 00:05:00,224.0,215.7786369326496,True
584,LightGBM,2025-07-06 00:10:00,224.0,216.55434438542216,True
584,LightGBM,2025-07-06 00:15:00,224.0,218.4609770087385,True
584,LightGBM,2025-07-06 00:20:00,224.0,220.02774869960484,True
584,LightGBM,2025-07-06 00:25:00,223.0,229.8143487393829,True
584,LightGBM,2025-07-06 00:30:00,221.0,226.373229160511,True
584,LightGBM,2025-07-06 00:35:00,218.0,227.79328346658474,True
584,LightGBM,2025-07-06 00:40:00,216.0,226.8966576903625,True
584,LightGBM,2025-07-06 00:45:00,215.0,225.3230940419749,True
584,LightGBM,2025-07-06 00:50:00,214.0,225.03079543002414,True
584,LightGBM,2025-07-06 00:55:00,213.0,222.41977013109155,True
584,LightGBM,2025-07-06 01:00:00,218.0,217.5211591211369,True
584,LightGBM,2025-07-06 01:05:00,221.0,211.0875694653291,True
584,LightGBM,2025-07-06 01:10:00,223.0,209.32920925581772,True
584,LightGBM,2025-07-06 01:15:00,221.0,210.6926729543963,True
584,LightGBM,2025-07-06 01:20:00,218.0,209.75989920297968,True
584,LightGBM,2025-07-06 01:25:00,222.0,209.88598103429624,True
584,LightGBM,2025-07-06 01:30:00,223.0,226.96940302167144,True
584,LightGBM,2025-07-06 01:35:00,226.0,223.45055333008216,True
584,LightGBM,2025-07-06 01:40:00,230.0,225.4815365868595,True
584,LightGBM,2025-07-06 01:45:00,231.0,218.06500239712022,True
584,LightGBM,2025-07-06 01:50:00,234.0,211.5760991392273,True
584,LightGBM,2025-07-06 01:55:00,236.0,225.52683821343544,True
584,LightGBM,2025-07-06 02:00:00,239.0,219.82918698239783,True
584,LightGBM,2025-07-06 02:05:00,242.0,230.24714319393817,True
584,LightGBM,2025-07-06 02:10:00,241.0,237.58071007233679,True
584,LightGBM,2025-07-06 02:15:00,238.0,233.33754844876844,True
584,LightGBM,2025-07-06 02:20:00,238.0,239.03327939175813,True
584,LightGBM,2025-07-06 02:25:00,240.0,238.96591066988603,True
584,LightGBM,2025-07-06 02:30:00,240.0,244.2430782435264,True
584,LightGBM,2025-07-06 02:35:00,239.0,247.44507834717734,True
584,LightGBM,2025-07-06 02:40:00,237.0,241.696679923164,True
584,LightGBM,2025-07-06 02:45:00,236.0,230.31030225543586,True
584,LightGBM,2025-07-06 02:50:00,236.0,237.58953039909375,True
584,LightGBM,2025-07-06 02:55:00,238.0,240.99216960574586,True
584,LightGBM,2025-07-06 03:00:00,238.0,238.38142893186347,True
584,LightGBM,2025-07-06 03:05:00,238.0,235.70880045720511,True
584,LightGBM,2025-07-06 03:10:00,239.0,230.0981400197036,True
584,LightGBM,2025-07-06 03:15:00,236.0,232.6164832986273,True
584,LightGBM,2025-07-06 03:20:00,235.0,233.56391281770573,True
584,LightGBM,2025-07-06 03:25:00,240.0,238.14429996079673,True
584,LightGBM,2025-07-06 03:30:00,238.0,236.1533742476184,True
584,LightGBM,2025-07-06 03:35:00,237.0,236.93883380511582,True
584,LightGBM,2025-07-06 03:40:00,235.0,238.6511938640572,True
584,LightGBM,2025-07-06 03:45:00,234.0,226.24476011665536,True
584,LightGBM,2025-07-06 03:50:00,233.0,233.9230369912318,True
584,LightGBM,2025-07-06 03:55:00,233.0,242.96258828251123,True
584,LightGBM,2025-07-06 04:00:00,234.0,228.91045664861096,True
584,LightGBM,2025-07-06 04:05:00,235.0,235.73763634652641,True
584,LightGBM,2025-07-06 04:10:00,235.0,227.27738656603654,True
584,LightGBM,2025-07-06 04:15:00,230.0,229.59380517424722,True
584,LightGBM,2025-07-06 04:20:00,223.0,228.79039987959445,True
584,LightGBM,2025-07-06 04:25:00,225.0,232.15898950155173,True
584,LightGBM,2025-07-06 04:30:00,221.0,234.65247437623313,True
584,LightGBM,2025-07-06 04:35:00,217.0,236.5009344233002,True
584,LightGBM,2025-07-06 04:40:00,215.0,235.16755363740367,True
584,LightGBM,2025-07-06 04:45:00,213.0,220.0052950330654,True
584,LightGBM,2025-07-06 04:50:00,211.0,210.17262805017054,True
584,LightGBM,2025-07-06 04:55:00,211.0,223.64373774719925,True
584,LightGBM,2025-07-06 05:00:00,212.0,209.1974268152321,True
584,LightGBM,2025-07-06 05:05:00,214.0,206.81228140547128,True
584,LightGBM,2025-07-06 05:10:00,214.0,207.21059695906254,True
584,LightGBM,2025-07-06 05:15:00,214.0,204.43230750141888,True
584,LightGBM,2025-07-06 05:20:00,211.0,201.0160540215481,True
584,LightGBM,2025-07-06 05:25:00,211.0,206.50141739158536,True
584,LightGBM,2025-07-06 05:30:00,211.0,208.85329143228572,True
584,LightGBM,2025-07-06 05:35:00,211.0,211.40661562753496,True
584,LightGBM,2025-07-06 05:40:00,211.0,211.90847157529356,True
584,LightGBM,2025-07-06 05:45:00,213.0,213.6885300422839,True
584,LightGBM,2025-07-06 05:50:00,214.0,204.83713037577556,True
584,LightGBM,2025-07-06 05:55:00,213.0,213.0530235412048,True
584,LightGBM,2025-07-06 06:00:00,212.0,215.4736960167572,True
584,LightGBM,2025-07-06 06:05:00,211.0,214.69337754103896,True
584,LightGBM,2025-07-06 06:10:00,208.0,214.88188056399926,True
584,LightGBM,2025-07-06 06:15:00,204.0,217.52333766809917,True
584,LightGBM,2025-07-06 06:20:00,197.0,212.74058310556572,True
584,LightGBM,2025-07-06 06:25:00,188.0,205.89563830744734,True
584,LightGBM,2025-07-06 06:30:00,179.0,207.61353249638034,True
584,LightGBM,2025-07-06 06:35:00,177.0,205.86928393357303,True
584,LightGBM,2025-07-06 06:40:00,174.0,191.08770709271306,True
584,LightGBM,2025-07-06 06:45:00,170.0,183.07271052236317,True
584,LightGBM,2025-07-06 06:50:00,164.0,172.61097294757417,True
584,LightGBM,2025-07-06 06:55:00,163.0,158.7621787436129,True
584,LightGBM,2025-07-06 07:00:00,161.0,150.02734430266236,True
584,LightGBM,2025-07-06 07:05:00,159.0,161.02797974927626,True
584,LightGBM,2025-07-06 07:10:00,157.0,158.37938667164542,True
584,LightGBM,2025-07-06 07:15:00,157.0,150.9718581611851,True
584,LightGBM,2025-07-06 07:20:00,158.0,140.27913775654875,True
584,LightGBM,2025-07-06 07:25:00,159.0,149.53243529209573,True
584,LightGBM,2025-07-06 07:30:00,160.0,142.85645133440764,True
584,LightGBM,2025-07-06 07:35:00,165.0,145.01626135484014,True
584,LightGBM,2025-07-06 07:40:00,163.0,141.55784789849864,True
584,LightGBM,2025-07-06 07:45:00,158.0,149.18927117715643,True
584,LightGBM,2025-07-06 07:50:00,159.0,152.12163326444698,True
584,LightGBM,2025-07-06 07:55:00,160.0,155.48195477106515,True
584,LightGBM,2025-07-06 08:00:00,159.0,157.95063564934728,True
584,LightGBM,2025-07-06 08:05:00,158.0,175.89729436055714,True
584,LightGBM,2025-07-06 08:10:00,154.0,152.94779367903928,True
584,LightGBM,2025-07-06 08:15:00,146.0,149.30516248776996,True
584,LightGBM,2025-07-06 08:20:00,144.0,159.15794911473088,True
584,LightGBM,2025-07-06 08:25:00,143.0,158.5935725382728,True
584,LightGBM,2025-07-06 08:30:00,143.0,154.31406462288476,True
584,LightGBM,2025-07-06 08:35:00,147.0,152.9940701869581,True
584,LightGBM,2025-07-06 08:40:00,149.0,144.27193526601673,True
584,LightGBM,2025-07-06 08:45:00,153.0,131.41700219971153,True
584,LightGBM,2025-07-06 08:50:00,148.0,136.1710618439865,True
584,LightGBM,2025-07-06 08:55:00,149.0,134.60233703575045,True
584,LightGBM,2025-07-06 09:00:00,154.0,138.86223504396284,True
584,LightGBM,2025-07-06 09:05:00,167.0,150.79196203169252,True
584,LightGBM,2025-07-06 09:10:00,169.0,150.08790003535788,True
584,LightGBM,2025-07-06 09:15:00,177.0,162.62410677516758,True
584,LightGBM,2025-07-06 09:20:00,182.0,139.2510549304111,True
584,LightGBM,2025-07-06 09:25:00,192.0,151.61434385072903,True
584,LightGBM,2025-07-06 09:30:00,202.0,160.1662238159865,True
584,LightGBM,2025-07-06 09:35:00,211.0,194.75760505713498,True
584,LightGBM,2025-07-06 09:40:00,212.0,181.28166302039511,True
584,LightGBM,2025-07-06 09:45:00,211.0,199.22481405964652,True
584,LightGBM,2025-07-06 09:50:00,215.0,196.66268013479083,True
584,LightGBM,2025-07-06 09:55:00,207.0,215.5018177977497,True
584,LightGBM,2025-07-06 10:00:00,196.0,220.02123570074664,True
584,LightGBM,2025-07-06 10:05:00,187.0,223.09981623026738,True
584,LightGBM,2025-07-06 10:10:00,183.0,197.349057846529,True
584,LightGBM,2025-07-06 10:15:00,183.0,195.83745277963808,True
584,LightGBM,2025-07-06 10:20:00,173.0,215.82009008969302,True
584,LightGBM,2025-07-06 10:25:00,168.0,180.7027151324563,True
584,LightGBM,2025-07-06 10:30:00,168.0,166.58876101161724,True
584,LightGBM,2025-07-06 10:35:00,167.0,159.21197426565305,True
584,LightGBM,2025-07-06 10:40:00,168.0,162.00912443935945,True
584,LightGBM,2025-07-06 10:45:00,172.0,172.18045345954908,True
584,LightGBM,2025-07-06 10:50:00,173.0,139.03105802886878,True
584,LightGBM,2025-07-06 10:55:00,172.0,147.87167182955253,True
584,LightGBM,2025-07-06 11:00:00,170.0,158.34280500003513,True
584,LightGBM,2025-07-06 11:05:00,170.0,156.33477205487364,True
584,LightGBM,2025-07-06 11:10:00,175.0,161.78781711870207,True
584,LightGBM,2025-07-06 11:15:00,181.0,173.32933052837288,True
584,LightGBM,2025-07-06 11:20:00,182.0,166.99659139306797,True
584,LightGBM,2025-07-06 11:25:00,180.0,168.08391925791173,True
584,LightGBM,2025-07-06 11:30:00,178.0,164.26628466128045,True
584,LightGBM,2025-07-06 11:35:00,169.0,167.7699125590158,True
584,LightGBM,2025-07-06 11:40:00,152.0,183.93663287927686,True
584,LightGBM,2025-07-06 11:45:00,147.0,192.23198517313995,True
584,LightGBM,2025-07-06 11:50:00,148.0,178.5451011191751,True
584,LightGBM,2025-07-06 11:55:00,147.0,165.8191615450716,True
584,LightGBM,2025-07-06 12:00:00,141.0,166.01231774485942,True
584,LightGBM,2025-07-06 12:05:00,136.0,136.84434676001231,True
584,LightGBM,2025-07-06 12:10:00,132.0,117.1524880465239,True
584,LightGBM,2025-07-06 12:15:00,134.0,129.66607783269845,True
584,LightGBM,2025-07-06 12:20:00,132.0,148.64328449869066,True
584,LightGBM,2025-07-06 12:25:00,125.0,137.83458760486909,True
584,LightGBM,2025-07-06 12:30:00,121.0,126.64456606450493,True
584,LightGBM,2025-07-06 12:35:00,115.0,124.22296090953185,True
584,LightGBM,2025-07-06 12:40:00,110.0,118.83309524587168,True
584,LightGBM,2025-07-06 12:45:00,112.0,138.96525529463185,True
584,LightGBM,2025-07-06 12:50:00,115.0,125.8778955168842,True
584,LightGBM,2025-07-06 12:55:00,118.0,110.61011873385299,True
584,LightGBM,2025-07-06 13:00:00,115.0,111.8760529145814,True
584,LightGBM,2025-07-06 13:05:00,109.0,98.63714012670401,True
584,LightGBM,2025-07-06 13:10:00,102.0,96.8699364814958,True
584,LightGBM,2025-07-06 13:15:00,103.0,116.18985163718655,True
584,LightGBM,2025-07-06 13:20:00,109.0,122.41841148963441,True
584,LightGBM,2025-07-06 13:25:00,105.0,126.20905734637306,True
584,LightGBM,2025-07-06 13:30:00,99.0,111.40881369004843,True
584,LightGBM,2025-07-06 13:35:00,93.0,103.75183156105018,True
584,LightGBM,2025-07-06 13:40:00,95.0,90.0291147045134,True
584,LightGBM,2025-07-06 13:45:00,110.0,110.47351884939013,True
584,LightGBM,2025-07-06 13:50:00,126.0,125.31397982533694,True
584,LightGBM,2025-07-06 13:55:00,133.0,102.12750569207233,True
584,LightGBM,2025-07-06 14:00:00,132.0,95.29780477801958,True
584,LightGBM,2025-07-06 14:05:00,141.0,86.52907851566543,True
584,LightGBM,2025-07-06 14:10:00,154.0,105.2806920251569,True
584,LightGBM,2025-07-06 14:15:00,165.0,135.6814702154656,True
584,LightGBM,2025-07-06 14:20:00,163.0,157.21515659974077,True
584,LightGBM,2025-07-06 14:25:00,158.0,151.25838586595938,True
584,LightGBM,2025-07-06 14:30:00,155.0,129.42853536633942,True
584,LightGBM,2025-07-06 14:35:00,160.0,165.33206594176355,True
584,LightGBM,2025-07-06 14:40:00,164.0,177.07488782474468,True
584,LightGBM,2025-07-06 14:45:00,167.0,187.7940593907787,True
584,LightGBM,2025-07-06 14:50:00,174.0,160.58009148035362,True
584,LightGBM,2025-07-06 14:55:00,179.0,148.37911553903245,True
584,LightGBM,2025-07-06 15:00:00,178.0,146.8592511123311,True
584,LightGBM,2025-07-06 15:05:00,176.0,168.8961795571667,True
584,LightGBM,2025-07-06 15:10:00,174.0,167.72571989322418,True
584,LightGBM,2025-07-06 15:15:00,183.0,172.93408656216243,True
584,LightGBM,2025-07-06 15:20:00,182.0,193.79537910215768,True
584,LightGBM,2025-07-06 15:25:00,179.0,190.3517358682657,True
584,LightGBM,2025-07-06 15:30:00,178.0,174.08671234539744,True
584,LightGBM,2025-07-06 15:35:00,190.0,171.85613018806075,True
584,LightGBM,2025-07-06 15:40:00,196.0,167.77088314058824,True
584,LightGBM,2025-07-06 15:45:00,193.0,195.3319465215912,True
584,LightGBM,2025-07-06 15:50:00,198.0,177.87015142817933,True
584,LightGBM,2025-07-06 15:55:00,198.0,169.67461089299712,True
584,LightGBM,2025-07-06 16:00:00,201.0,171.9281992290751,True
584,LightGBM,2025-07-06 16:05:00,200.0,202.32498849868836,True
584,LightGBM,2025-07-06 16:10:00,187.0,202.2851927873196,True
584,LightGBM,2025-07-06 16:15:00,184.0,191.31600404424174,True
584,LightGBM,2025-07-06 16:20:00,186.0,208.66467677661464,True
584,LightGBM,2025-07-06 16:25:00,186.0,198.30020067349471,True
584,LightGBM,2025-07-06 16:30:00,182.0,209.99557550231677,True
584,LightGBM,2025-07-06 16:35:00,177.0,198.31095844862884,True
584,LightGBM,2025-07-06 16:40:00,189.0,184.8136763131641,True
584,LightGBM,2025-07-06 16:45:00,194.0,181.61347478587064,True
584,LightGBM,2025-07-06 16:50:00,176.0,189.51990895197883,True
584,LightGBM,2025-07-06 16:55:00,174.0,183.8417273228139,True
584,LightGBM,2025-07-06 17:00:00,166.0,174.44095335738305,True
584,LightGBM,2025-07-06 17:05:00,159.0,168.6990916913269,True
584,LightGBM,2025-07-06 17:10:00,150.0,199.1409745359175,True
584,LightGBM,2025-07-06 17:15:00,162.0,194.6153845136848,True
584,LightGBM,2025-07-06 17:20:00,171.0,168.88704642799678,True
584,LightGBM,2025-07-06 17:25:00,164.0,171.19319471656658,True
584,LightGBM,2025-07-06 17:30:00,158.0,150.06155185069295,True
584,LightGBM,2025-07-06 17:35:00,154.0,144.3533485021024,True
584,LightGBM,2025-07-06 17:40:00,151.0,119.36669779845356,True
584,LightGBM,2025-07-06 17:45:00,162.0,170.80132190619707,True
584,LightGBM,2025-07-06 17:50:00,177.0,178.93038321990556,True
584,LightGBM,2025-07-06 17:55:00,184.0,145.3108433178436,True
584,LightGBM,2025-07-06 18:00:00,185.0,143.68628251564814,True
584,LightGBM,2025-07-06 18:05:00,190.0,141.20391555253087,True
584,LightGBM,2025-07-06 18:10:00,194.0,140.20635458381858,True
584,LightGBM,2025-07-06 18:15:00,200.0,168.13923780202333,True
584,LightGBM,2025-07-06 18:20:00,216.0,187.5841773071472,True
584,LightGBM,2025-07-06 18:25:00,216.0,195.21335181806012,True
584,LightGBM,2025-07-06 18:30:00,213.0,183.25080028301306,True
584,LightGBM,2025-07-06 18:35:00,201.0,201.94222258900814,True
584,LightGBM,2025-07-06 18:40:00,189.0,200.0415137335739,True
584,LightGBM,2025-07-06 18:45:00,187.0,216.3426426654646,True
584,LightGBM,2025-07-06 18:50:00,181.0,239.18549690316235,True
584,LightGBM,2025-07-06 18:55:00,176.0,220.9864440158458,True
584,LightGBM,2025-07-06 19:00:00,188.0,208.32846702136305,True
584,LightGBM,2025-07-06 19:05:00,207.0,186.85738721876658,True
584,LightGBM,2025-07-06 19:10:00,215.0,169.21496934498555,True
584,LightGBM,2025-07-06 19:15:00,206.0,181.99492441903084,True
584,LightGBM,2025-07-06 19:20:00,201.0,163.22071086729096,True
584,LightGBM,2025-07-06 19:25:00,193.0,162.94606574955856,True
584,LightGBM,2025-07-06 19:30:00,181.0,192.27660097373118,True
584,LightGBM,2025-07-06 19:35:00,180.0,212.9294814760616,True
584,LightGBM,2025-07-06 19:40:00,178.0,218.03251756117479,True
584,LightGBM,2025-07-06 19:45:00,179.0,194.80545273587458,True
584,LightGBM,2025-07-06 19:50:00,177.0,195.8355197892529,True
584,LightGBM,2025-07-06 19:55:00,174.0,180.30847539356705,True
584,LightGBM,2025-07-06 20:00:00,170.0,152.82042440728182,True
584,LightGBM,2025-07-06 20:05:00,172.0,169.31204752503393,True
584,LightGBM,2025-07-06 20:10:00,172.0,167.75387477523452,True
584,LightGBM,2025-07-06 20:15:00,174.0,176.7048271853031,True
584,LightGBM,2025-07-06 20:20:00,182.0,166.99270270505954,True
584,LightGBM,2025-07-06 20:25:00,188.0,166.46645552950162,True
584,LightGBM,2025-07-06 20:30:00,193.0,158.1040272058088,True
584,LightGBM,2025-07-06 20:35:00,196.0,173.29099934315013,True
584,LightGBM,2025-07-06 20:40:00,198.0,167.8396663553335,True
584,LightGBM,2025-07-06 20:45:00,189.0,178.82323751659726,True
584,LightGBM,2025-07-06 20:50:00,180.0,198.809446997096,True
584,LightGBM,2025-07-06 20:55:00,184.0,198.31031538922488,True
584,LightGBM,2025-07-06 21:00:00,188.0,203.6774307974569,True
584,LightGBM,2025-07-06 21:05:00,191.0,206.1679902270856,True
584,LightGBM,2025-07-06 21:10:00,193.0,205.08502736907855,True
584,LightGBM,2025-07-06 21:15:00,195.0,186.75346695343225,True
584,LightGBM,2025-07-06 21:20:00,195.0,175.83484913744763,True
584,LightGBM,2025-07-06 21:25:00,195.0,191.23933335049574,True
584,LightGBM,2025-07-06 21:30:00,195.0,191.651587631918,True
584,LightGBM,2025-07-06 21:35:00,194.0,200.58457247120322,True
584,LightGBM,2025-07-06 21:40:00,196.0,197.60270093893052,True
584,LightGBM,2025-07-06 21:45:00,204.0,203.72979852882466,True
584,LightGBM,2025-07-06 21:50:00,207.0,198.61405056229273,True
584,LightGBM,2025-07-06 21:55:00,213.0,201.21122046589676,True
584,LightGBM,2025-07-06 22:00:00,216.0,198.84728860427765,True
584,LightGBM,2025-07-06 22:05:00,215.0,191.91233740882873,True
584,LightGBM,2025-07-06 22:10:00,212.0,206.3219688610247,True
584,LightGBM,2025-07-06 22:15:00,208.0,216.97942129223773,True
584,LightGBM,2025-07-06 22:20:00,205.0,214.9382692156939,True
584,LightGBM,2025-07-06 22:25:00,200.0,227.42642145369436,True
584,LightGBM,2025-07-06 22:30:00,194.0,217.84286496471555,True
584,LightGBM,2025-07-06 22:35:00,189.0,202.5590447910493,True
584,LightGBM,2025-07-06 22:40:00,183.0,188.87360157194306,True
584,LightGBM,2025-07-06 22:45:00,177.0,181.32248741157863,True
584,LightGBM,2025-07-06 22:50:00,172.0,183.94758976408585,True
584,LightGBM,2025-07-06 22:55:00,168.0,171.11148675101958,True
584,LightGBM,2025-07-06 23:00:00,165.0,165.4013645925627,True
584,LightGBM,2025-07-06 23:05:00,161.0,165.42027903632336,True
584,LightGBM,2025-07-06 23:10:00,157.0,160.53456720134776,True
584,LightGBM,2025-07-06 23:15:00,154.0,153.41037479900268,True
584,LightGBM,2025-07-06 23:20:00,150.0,150.9403903855756,True
584,LightGBM,2025-07-06 23:25:00,145.0,148.97231312491803,True
584,LightGBM,2025-07-06 23:30:00,144.0,147.94538474626066,True
584,LightGBM,2025-07-06 23:35:00,143.0,142.1157764905171,True
584,LightGBM,2025-07-06 23:40:00,143.0,139.6405505690445,True
584,LightGBM,2025-07-06 23:45:00,142.0,135.1685903020265,True
584,LightGBM,2025-07-06 23:50:00,141.0,132.36520622059004,True
584,LightGBM,2025-07-06 23:55:00,139.0,124.58679084501732,True
584,LightGBM,2025-07-07 00:00:00,137.0,131.33453080005867,True
584,LightGBM,2025-07-07 00:05:00,135.0,129.23310888605658,True
584,LightGBM,2025-07-07 00:10:00,132.0,135.43193849352315,True
584,LightGBM,2025-07-07 00:15:00,132.0,131.53827402405366,True
584,LightGBM,2025-07-07 00:20:00,133.0,132.21631621651198,True
584,LightGBM,2025-07-07 00:25:00,132.0,128.84258131385556,True
584,LightGBM,2025-07-07 00:30:00,131.0,127.69856286399364,True
584,LightGBM,2025-07-07 00:35:00,130.0,125.85039213561612,True
584,LightGBM,2025-07-07 00:40:00,129.0,119.96390183869585,True
584,LightGBM,2025-07-07 00:45:00,129.0,126.590528990577,True
584,LightGBM,2025-07-07 00:50:00,130.0,131.261661750102,True
584,LightGBM,2025-07-07 00:55:00,131.0,126.36308698101529,True
584,LightGBM,2025-07-07 01:00:00,131.0,125.44898685722765,True
584,LightGBM,2025-07-07 01:05:00,130.0,124.45998633378433,True
584,LightGBM,2025-07-07 01:10:00,127.0,124.19329907067471,True
584,LightGBM,2025-07-07 01:15:00,124.0,126.86778593231267,True
584,LightGBM,2025-07-07 01:20:00,125.0,130.48841075766148,True
584,LightGBM,2025-07-07 01:25:00,127.0,131.67964202738557,True
584,LightGBM,2025-07-07 01:30:00,128.0,129.7958066785147,True
584,LightGBM,2025-07-07 01:35:00,129.0,127.6991445424109,True
584,LightGBM,2025-07-07 01:40:00,120.0,123.1735225795725,True
584,LightGBM,2025-07-07 01:45:00,109.0,116.01984327598237,True
584,LightGBM,2025-07-07 01:50:00,109.0,126.03158999743032,True
584,LightGBM,2025-07-07 01:55:00,112.0,132.21684778952857,True
584,LightGBM,2025-07-07 02:00:00,113.0,131.30632817924152,True
584,LightGBM,2025-07-07 02:05:00,113.0,133.49164605500044,True
584,LightGBM,2025-07-07 02:10:00,112.0,114.92647019227711,True
584,LightGBM,2025-07-07 02:15:00,110.0,105.88651824114605,True
584,LightGBM,2025-07-07 02:20:00,108.0,110.69484693113785,True
584,LightGBM,2025-07-07 02:25:00,106.0,118.71701323389897,True
584,LightGBM,2025-07-07 02:30:00,104.0,117.01160236627017,True
584,LightGBM,2025-07-07 02:35:00,101.0,115.85422977415723,True
584,LightGBM,2025-07-07 02:40:00,101.0,110.6454887081385,True
584,LightGBM,2025-07-07 02:45:00,102.0,109.66733674804631,True
584,LightGBM,2025-07-07 02:50:00,103.0,105.72224293139199,True
584,LightGBM,2025-07-07 02:55:00,104.0,103.7233574235084,True
584,LightGBM,2025-07-07 03:00:00,98.0,100.12783176032448,True
584,LightGBM,2025-07-07 03:05:00,89.0,93.94970720987165,True
584,LightGBM,2025-07-07 03:10:00,91.0,100.01980323339673,True
584,LightGBM,2025-07-07 03:15:00,92.0,103.37090008016732,True
584,LightGBM,2025-07-07 03:20:00,92.0,106.90796319239696,True
584,LightGBM,2025-07-07 03:25:00,91.0,107.27029635785742,True
584,LightGBM,2025-07-07 03:30:00,89.0,94.47385672459156,True
584,LightGBM,2025-07-07 03:35:00,87.0,85.73829127954032,True
584,LightGBM,2025-07-07 03:40:00,86.0,98.02503316517561,True
584,LightGBM,2025-07-07 03:45:00,86.0,97.14226528804578,True
584,LightGBM,2025-07-07 03:50:00,85.0,96.50496047277925,True
584,LightGBM,2025-07-07 03:55:00,83.0,90.39756718063842,True
584,LightGBM,2025-07-07 04:00:00,81.0,87.21460061809753,True
584,LightGBM,2025-07-07 04:05:00,79.0,85.40050683896374,True
584,LightGBM,2025-07-07 04:10:00,79.0,86.66784939510613,True
584,LightGBM,2025-07-07 04:15:00,78.0,88.1257165821902,True
584,LightGBM,2025-07-07 04:20:00,76.0,84.0192604858369,True
584,LightGBM,2025-07-07 04:25:00,76.0,81.86085097246047,True
584,LightGBM,2025-07-07 04:30:00,75.0,78.45021307020131,True
584,LightGBM,2025-07-07 04:35:00,75.0,78.04297954941275,True
584,LightGBM,2025-07-07 04:40:00,75.0,82.27120669808252,True
584,LightGBM,2025-07-07 04:45:00,75.0,78.59861698764541,True
584,LightGBM,2025-07-07 04:50:00,75.0,74.55917127143712,True
584,LightGBM,2025-07-07 04:55:00,75.0,78.33837177172731,True
584,LightGBM,2025-07-07 05:00:00,75.0,75.58590474561808,True
584,LightGBM,2025-07-07 05:20:00,73.0,77.32466409653503,True
584,LightGBM,2025-07-07 05:25:00,75.0,77.37629705510592,True
584,LightGBM,2025-07-07 05:30:00,76.0,78.24737377078421,True
584,LightGBM,2025-07-07 05:35:00,77.0,107.92070944402141,False
584,LightGBM,2025-07-07 05:40:00,74.0,106.69932086566752,False
584,LightGBM,2025-07-07 05:45:00,72.0,107.17865334650398,False
584,LightGBM,2025-07-07 05:50:00,66.0,80.01436457148857,True
584,LightGBM,2025-07-07 05:55:00,70.0,87.67339586638373,True
584,LightGBM,2025-07-07 06:00:00,83.0,83.37168827844579,True
584,LightGBM,2025-07-07 06:05:00,95.0,85.51808215795766,True
584,LightGBM,2025-07-07 06:10:00,108.0,79.23210666801789,True
584,LightGBM,2025-07-07 06:15:00,113.0,77.5686928688416,True
584,LightGBM,2025-07-07 06:20:00,112.0,72.9838086246811,True
584,LightGBM,2025-07-07 06:25:00,107.0,92.37581550194727,True
584,LightGBM,2025-07-07 06:30:00,118.0,113.73170827541882,True
584,LightGBM,2025-07-07 06:35:00,126.0,132.74161149150189,True
584,LightGBM,2025-07-07 06:40:00,130.0,150.25286348006028,True
584,LightGBM,2025-07-07 06:45:00,133.0,130.08277253549917,True
584,LightGBM,2025-07-07 06:50:00,134.0,114.73516818664913,True
584,LightGBM,2025-07-07 06:55:00,137.0,105.94491329074845,True
584,LightGBM,2025-07-07 07:00:00,139.0,136.4028356770765,True
584,LightGBM,2025-07-07 07:05:00,134.0,145.64831892492563,True
584,LightGBM,2025-07-07 07:10:00,135.0,139.28370490103052,True
584,LightGBM,2025-07-07 07:15:00,141.0,142.21228210562967,True
584,LightGBM,2025-07-07 07:20:00,141.0,136.54432580078043,True
584,LightGBM,2025-07-07 07:25:00,138.0,150.05256678204154,True
584,LightGBM,2025-07-07 07:30:00,143.0,147.825418227249,True
584,LightGBM,2025-07-07 07:35:00,134.0,130.63358632039882,True
584,LightGBM,2025-07-07 07:40:00,109.0,140.80226023629135,True
584,LightGBM,2025-07-07 07:45:00,96.0,155.57442782009204,True
584,LightGBM,2025-07-07 07:50:00,109.0,144.84437223776953,True
584,LightGBM,2025-07-07 07:55:00,124.0,135.95208849999347,True
584,LightGBM,2025-07-07 08:00:00,133.0,154.98874761014497,True
584,LightGBM,2025-07-07 08:05:00,135.0,128.5786353010834,True
584,LightGBM,2025-07-07 08:10:00,134.0,111.76699345566698,True
584,LightGBM,2025-07-07 08:15:00,137.0,103.66604447132617,True
584,LightGBM,2025-07-07 08:20:00,133.0,136.89566872860172,True
584,LightGBM,2025-07-07 08:25:00,146.0,169.00735729209845,True
584,LightGBM,2025-07-07 08:30:00,144.0,169.55281519693102,True
584,LightGBM,2025-07-07 08:35:00,128.0,156.16054645196468,True
584,LightGBM,2025-07-07 08:40:00,123.0,150.22376871270086,True
584,LightGBM,2025-07-07 08:45:00,126.0,160.38973647984454,True
584,LightGBM,2025-07-07 08:50:00,124.0,136.58453923398463,True
584,LightGBM,2025-07-07 08:55:00,110.0,179.45260406809913,True
584,LightGBM,2025-07-07 09:00:00,107.0,148.94062658326615,True
584,LightGBM,2025-07-07 09:05:00,102.0,121.01997952760469,True
584,LightGBM,2025-07-07 09:10:00,107.0,113.69168368531618,True
584,LightGBM,2025-07-07 09:15:00,112.0,138.740894044927,True
584,LightGBM,2025-07-07 09:20:00,105.0,120.43928328244657,True
584,LightGBM,2025-07-07 09:25:00,102.0,105.15509983409478,True
584,LightGBM,2025-07-07 09:30:00,103.0,101.53810395102133,True
584,LightGBM,2025-07-07 09:35:00,103.0,90.03113187122058,True
584,LightGBM,2025-07-07 09:40:00,98.0,120.58566423466715,True
584,LightGBM,2025-07-07 09:45:00,89.0,120.9469692565807,True
584,LightGBM,2025-07-07 09:50:00,86.0,102.35973071895458,True
584,LightGBM,2025-07-07 09:55:00,81.0,99.59275568964108,True
584,LightGBM,2025-07-07 10:00:00,79.0,108.9515984269566,True
584,LightGBM,2025-07-07 10:05:00,78.0,104.625075970614,True
584,LightGBM,2025-07-07 10:10:00,75.0,92.79951934260522,True
584,LightGBM,2025-07-07 10:15:00,67.0,81.74190565849106,True
584,LightGBM,2025-07-07 10:20:00,62.0,84.45882799934274,True
584,LightGBM,2025-07-07 10:25:00,66.0,77.58112348649227,True
584,LightGBM,2025-07-07 10:30:00,72.0,80.85526815783201,True
584,LightGBM,2025-07-07 10:35:00,82.0,80.16070534044741,True
584,LightGBM,2025-07-07 10:40:00,88.0,77.0109635426752,True
584,LightGBM,2025-07-07 10:45:00,80.0,71.2048048401662,True
584,LightGBM,2025-07-07 10:50:00,69.0,70.5961680967235,True
584,LightGBM,2025-07-07 10:55:00,73.0,94.46422371402699,True
584,LightGBM,2025-07-07 11:00:00,80.0,102.03884564206378,True
584,LightGBM,2025-07-07 11:05:00,77.0,116.87557370793176,True
584,LightGBM,2025-07-07 11:10:00,82.0,111.42970144357335,True
584,LightGBM,2025-07-07 11:15:00,86.0,89.45824571149433,True
584,LightGBM,2025-07-07 11:20:00,93.0,77.66824018221443,True
584,LightGBM,2025-07-07 11:25:00,96.0,100.34050666008885,True
584,LightGBM,2025-07-07 11:30:00,95.0,107.27314694758579,True
584,LightGBM,2025-07-07 11:35:00,94.0,85.3704976873673,True
584,LightGBM,2025-07-07 11:40:00,94.0,102.81994851939996,True
584,LightGBM,2025-07-07 11:45:00,89.0,103.2992355921199,True
584,LightGBM,2025-07-07 11:50:00,86.0,120.5220142054332,True
584,LightGBM,2025-07-07 11:55:00,80.0,109.12200476536186,True
584,LightGBM,2025-07-07 12:00:00,79.0,99.05297398128334,True
584,LightGBM,2025-07-07 12:05:00,81.0,95.9728761374093,True
584,LightGBM,2025-07-07 12:10:00,82.0,97.45475588318949,True
584,LightGBM,2025-07-07 12:15:00,80.0,86.47697860704825,True
584,LightGBM,2025-07-07 12:20:00,71.0,86.66589463945837,True
584,LightGBM,2025-07-07 12:25:00,67.0,80.84404042509186,True
584,LightGBM,2025-07-07 12:30:00,63.0,85.8628219771595,True
584,LightGBM,2025-07-07 12:35:00,68.0,95.83201301457298,True
584,LightGBM,2025-07-07 12:40:00,69.0,92.4886762410281,True
584,LightGBM,2025-07-07 12:45:00,75.0,85.40229521830825,True
584,LightGBM,2025-07-07 12:50:00,80.0,79.2375538811975,True
584,LightGBM,2025-07-07 12:55:00,79.0,81.19974730703646,True
584,LightGBM,2025-07-07 13:00:00,80.0,74.9580444538025,True
584,LightGBM,2025-07-07 13:05:00,80.0,100.93677603126739,True
584,LightGBM,2025-07-07 13:10:00,83.0,84.93301489515021,True
584,LightGBM,2025-07-07 13:15:00,97.0,106.69877800194092,True
584,LightGBM,2025-07-07 13:20:00,108.0,104.68832461798132,True
584,LightGBM,2025-07-07 13:25:00,110.0,88.86163996521236,True
584,LightGBM,2025-07-07 13:30:00,106.0,95.9908800153891,True
584,LightGBM,2025-07-07 13:35:00,103.0,88.51467732439467,True
584,LightGBM,2025-07-07 13:40:00,101.0,102.75693724462106,True
584,LightGBM,2025-07-07 13:45:00,101.0,137.08232860015056,True
584,LightGBM,2025-07-07 13:50:00,94.0,144.6925961068196,True
584,LightGBM,2025-07-07 13:55:00,92.0,124.1188217987856,True
584,LightGBM,2025-07-07 14:00:00,88.0,108.81018644032439,True
584,LightGBM,2025-07-07 14:05:00,91.0,107.5256287753732,True
584,LightGBM,2025-07-07 14:10:00,97.0,100.56390033159312,True
584,LightGBM,2025-07-07 14:15:00,98.0,106.45629667216517,True
584,LightGBM,2025-07-07 14:20:00,89.0,92.79783596009632,True
584,LightGBM,2025-07-07 14:25:00,90.0,94.99588164969632,True
584,LightGBM,2025-07-07 14:30:00,95.0,87.36740166284366,True
584,LightGBM,2025-07-07 14:35:00,93.0,106.22115750549919,True
584,LightGBM,2025-07-07 14:40:00,93.0,119.25015759468614,True
584,LightGBM,2025-07-07 14:45:00,92.0,104.75199079916443,True
584,LightGBM,2025-07-07 14:50:00,85.0,92.96188086076441,True
584,LightGBM,2025-07-07 14:55:00,85.0,103.39387532892731,True
584,LightGBM,2025-07-07 15:00:00,94.0,113.27160848888315,True
584,LightGBM,2025-07-07 15:05:00,103.0,93.88332701702284,True
584,LightGBM,2025-07-07 15:10:00,113.0,100.91925953439993,True
584,LightGBM,2025-07-07 15:15:00,121.0,91.8140512191106,True
584,LightGBM,2025-07-07 15:20:00,114.0,85.02450216560189,True
584,LightGBM,2025-07-07 15:25:00,110.0,91.4758832325977,True
584,LightGBM,2025-07-07 15:30:00,103.0,122.17823942476862,True
584,LightGBM,2025-07-07 15:35:00,98.0,132.72046990912585,True
584,LightGBM,2025-07-07 15:40:00,104.0,148.20357659895788,True
584,LightGBM,2025-07-07 15:45:00,111.0,147.01131358554198,True
584,LightGBM,2025-07-07 15:50:00,114.0,117.85549778284006,True
584,LightGBM,2025-07-07 15:55:00,109.0,114.81705868838127,True
584,LightGBM,2025-07-07 16:00:00,105.0,99.11294089328281,True
584,LightGBM,2025-07-07 16:05:00,110.0,95.96456261582235,True
584,LightGBM,2025-07-07 16:10:00,118.0,121.01170315562739,True
584,LightGBM,2025-07-07 16:15:00,120.0,126.47443951223664,True
584,LightGBM,2025-07-07 16:20:00,123.0,123.08553323790767,True
584,LightGBM,2025-07-07 16:25:00,117.0,108.10582801525693,True
584,LightGBM,2025-07-07 16:30:00,98.0,105.40224653741592,True
584,LightGBM,2025-07-07 16:35:00,87.0,122.64350093862741,True
584,LightGBM,2025-07-07 16:40:00,84.0,136.6233593163124,True
584,LightGBM,2025-07-07 16:45:00,84.0,125.65042985001546,True
584,LightGBM,2025-07-07 16:50:00,82.0,133.13290704668702,True
584,LightGBM,2025-07-07 16:55:00,87.0,114.24512606122897,True
584,LightGBM,2025-07-07 17:00:00,95.0,101.50447934122948,True
584,LightGBM,2025-07-07 17:05:00,104.0,99.22556285839258,True
584,LightGBM,2025-07-07 17:10:00,104.0,91.35762657328331,True
584,LightGBM,2025-07-07 17:15:00,104.0,90.86734918318592,True
584,LightGBM,2025-07-07 17:20:00,104.0,83.60791750184787,True
584,LightGBM,2025-07-07 17:25:00,104.0,103.1065488190262,True
584,LightGBM,2025-07-07 17:30:00,217.0,117.6786806539226,True
584,LightGBM,2025-07-07 17:35:00,231.0,136.4454601065934,True
584,LightGBM,2025-07-07 17:40:00,236.0,120.57872190419062,True
584,LightGBM,2025-07-07 17:45:00,235.0,121.61605063356299,True
584,LightGBM,2025-07-07 17:50:00,234.0,123.39046538379549,True
584,LightGBM,2025-07-07 17:55:00,246.0,122.00259399325562,True
584,LightGBM,2025-07-07 18:00:00,257.0,227.13008198781046,True
584,LightGBM,2025-07-07 18:05:00,263.0,236.56709319330454,True
584,LightGBM,2025-07-07 18:10:00,256.0,207.2928811949176,True
584,LightGBM,2025-07-07 18:15:00,246.0,204.5905192613493,True
584,LightGBM,2025-07-07 18:20:00,237.0,203.38704202611936,True
584,LightGBM,2025-07-07 18:25:00,229.0,251.6083124365294,True
584,LightGBM,2025-07-07 18:30:00,221.0,261.10839228351364,True
584,LightGBM,2025-07-07 18:35:00,220.0,257.7144710744321,True
584,LightGBM,2025-07-07 18:40:00,223.0,228.29886690218686,True
584,LightGBM,2025-07-07 18:45:00,225.0,210.17129167489676,True
584,LightGBM,2025-07-07 18:50:00,213.0,203.9223223446634,True
584,LightGBM,2025-07-07 18:55:00,201.0,202.07321025043953,True
584,LightGBM,2025-07-07 19:00:00,194.0,189.31511257890438,True
584,LightGBM,2025-07-07 19:05:00,189.0,205.7851293960823,True
584,LightGBM,2025-07-07 19:10:00,183.0,215.02370466850337,True
584,LightGBM,2025-07-07 19:15:00,174.0,219.4613576740839,True
584,LightGBM,2025-07-07 19:20:00,164.0,187.67668884197903,True
584,LightGBM,2025-07-07 19:25:00,164.0,177.0628196332444,True
584,LightGBM,2025-07-07 19:30:00,175.0,170.69461759018466,True
584,LightGBM,2025-07-07 19:35:00,200.0,168.0036337013751,True
584,LightGBM,2025-07-07 19:40:00,207.0,157.92257334323776,True
584,LightGBM,2025-07-07 19:45:00,210.0,144.6444713369297,True
584,LightGBM,2025-07-07 19:50:00,214.0,127.5309959640109,True
584,LightGBM,2025-07-07 19:55:00,193.0,156.09659447197296,True
584,LightGBM,2025-07-07 20:00:00,171.0,184.16449306017458,True
584,LightGBM,2025-07-07 20:05:00,177.0,204.933123210579,True
584,LightGBM,2025-07-07 20:10:00,197.0,205.48757323063916,True
584,LightGBM,2025-07-07 20:15:00,239.0,211.0667188469041,True
584,LightGBM,2025-07-07 20:20:00,271.0,220.70785519731905,True
584,LightGBM,2025-07-07 20:25:00,294.0,181.08820483094524,True
584,LightGBM,2025-07-07 20:30:00,303.0,157.17799444718364,True
584,LightGBM,2025-07-07 20:35:00,312.0,189.4742182920855,True
584,LightGBM,2025-07-07 20:40:00,319.0,211.38434351168254,True
584,LightGBM,2025-07-07 20:45:00,322.0,239.9280111035621,True
584,LightGBM,2025-07-07 20:50:00,325.0,262.17738490771563,True
584,LightGBM,2025-07-07 20:55:00,330.0,290.16366089018504,True
584,LightGBM,2025-07-07 21:00:00,327.0,299.2126304974048,True
584,LightGBM,2025-07-07 21:05:00,311.0,307.8975131646457,True
584,LightGBM,2025-07-07 21:10:00,305.0,304.7951488683542,True
584,LightGBM,2025-07-07 21:15:00,318.0,296.02792131718286,True
584,LightGBM,2025-07-07 21:20:00,327.0,291.5897120899465,True
584,LightGBM,2025-07-07 21:25:00,331.0,293.50176739561596,True
584,LightGBM,2025-07-07 21:30:00,332.0,292.81184242130684,True
584,LightGBM,2025-07-07 21:35:00,327.0,283.3090366465542,True
584,LightGBM,2025-07-07 21:40:00,321.0,276.3282707408927,True
584,LightGBM,2025-07-07 21:45:00,314.0,302.36280841220406,True
584,LightGBM,2025-07-07 21:50:00,305.0,311.57407192777094,True
584,LightGBM,2025-07-07 21:55:00,293.0,312.9521947775227,True
584,LightGBM,2025-07-07 22:00:00,280.0,311.03214678871336,True
584,LightGBM,2025-07-07 22:05:00,256.0,293.6252629745534,True
584,LightGBM,2025-07-07 22:10:00,242.0,284.31431764650273,True
584,LightGBM,2025-07-07 22:15:00,231.0,279.2919128505572,True
584,LightGBM,2025-07-07 22:20:00,221.0,265.81042131542165,True
584,LightGBM,2025-07-07 22:25:00,210.0,248.39512232000752,True
584,LightGBM,2025-07-07 22:30:00,199.0,231.40193119486673,True
584,LightGBM,2025-07-07 22:35:00,187.0,197.07513985429972,True
584,LightGBM,2025-07-07 22:40:00,180.0,194.34328525335488,True
584,LightGBM,2025-07-07 22:45:00,173.0,186.90586081883708,True
584,LightGBM,2025-07-07 22:50:00,167.0,173.56332008024586,True
584,LightGBM,2025-07-07 22:55:00,161.0,158.42638144132795,True
584,LightGBM,2025-07-07 23:00:00,157.0,147.62738288533052,True
584,LightGBM,2025-07-07 23:05:00,147.0,133.2098403147374,True
584,LightGBM,2025-07-07 23:10:00,146.0,146.09276016340993,True
584,LightGBM,2025-07-07 23:15:00,152.0,135.71542234838859,True
584,LightGBM,2025-07-07 23:20:00,152.0,136.4362025786312,True
584,LightGBM,2025-07-07 23:25:00,153.0,132.22581918777422,True
584,LightGBM,2025-07-07 23:30:00,154.0,136.4017904522045,True
584,LightGBM,2025-07-07 23:35:00,142.0,115.5088174788381,True
584,LightGBM,2025-07-07 23:40:00,140.0,133.88732150374526,True
584,LightGBM,2025-07-07 23:45:00,143.0,149.13189903999012,True
584,LightGBM,2025-07-07 23:50:00,152.0,142.43907686745004,True
584,LightGBM,2025-07-07 23:55:00,161.0,149.81755679556952,True
584,LightGBM,2025-07-08 00:00:00,163.0,149.69327168084112,True
584,LightGBM,2025-07-08 00:05:00,164.0,129.91308727226877,True
584,LightGBM,2025-07-08 00:10:00,165.0,131.33380032038573,True
584,LightGBM,2025-07-08 00:15:00,164.0,146.25000170448618,True
584,LightGBM,2025-07-08 00:20:00,161.0,159.93832408675556,True
584,LightGBM,2025-07-08 00:25:00,159.0,176.46068672799245,True
584,LightGBM,2025-07-08 00:30:00,139.0,162.05729250864033,True
584,LightGBM,2025-07-08 00:35:00,134.0,163.85622495522782,True
584,LightGBM,2025-07-08 00:40:00,138.0,168.52576939793568,True
584,LightGBM,2025-07-08 00:45:00,147.0,160.89711381529628,True
584,LightGBM,2025-07-08 00:50:00,153.0,151.20282405438533,True
584,LightGBM,2025-07-08 00:55:00,152.0,153.28139511813816,True
584,LightGBM,2025-07-08 01:00:00,160.0,125.42340394878784,True
584,LightGBM,2025-07-08 01:05:00,173.0,125.26962253175272,True
584,LightGBM,2025-07-08 01:10:00,176.0,142.59246245649317,True
584,LightGBM,2025-07-08 01:15:00,175.0,158.57445141320952,True
584,LightGBM,2025-07-08 01:20:00,176.0,161.13144222856965,True
584,LightGBM,2025-07-08 01:25:00,173.0,145.09032453333955,True
584,LightGBM,2025-07-08 01:30:00,167.0,177.07305209553272,True
584,LightGBM,2025-07-08 01:35:00,159.0,190.51948960060432,True
584,LightGBM,2025-07-08 01:40:00,156.0,184.58048256954558,True
584,LightGBM,2025-07-08 01:45:00,167.0,171.3080568442999,True
584,LightGBM,2025-07-08 01:50:00,170.0,178.09967933963173,True
584,LightGBM,2025-07-08 01:55:00,174.0,165.98986936908182,True
584,LightGBM,2025-07-08 02:00:00,149.0,159.54190237297294,True
584,LightGBM,2025-07-08 02:05:00,149.0,149.55379612303275,True
584,LightGBM,2025-07-08 02:10:00,156.0,151.57634232867878,True
584,LightGBM,2025-07-08 02:15:00,161.0,174.10236056904563,True
584,LightGBM,2025-07-08 02:20:00,166.0,173.4413503223548,True
584,LightGBM,2025-07-08 02:25:00,167.0,183.76432719343063,True
584,LightGBM,2025-07-08 02:30:00,169.0,149.9688381337317,True
584,LightGBM,2025-07-08 02:35:00,175.0,155.19025714487177,True
584,LightGBM,2025-07-08 02:40:00,176.0,165.8719181834689,True
584,LightGBM,2025-07-08 02:45:00,176.0,169.22618664924616,True
584,LightGBM,2025-07-08 02:50:00,175.0,177.79313644935505,True
584,LightGBM,2025-07-08 02:55:00,180.0,169.78916451783968,True
584,LightGBM,2025-07-08 03:00:00,184.0,175.7116931608734,True
584,LightGBM,2025-07-08 03:05:00,187.0,189.1076647895419,True
584,LightGBM,2025-07-08 03:10:00,187.0,179.3721273732109,True
584,LightGBM,2025-07-08 03:15:00,185.0,178.82907400741456,True
584,LightGBM,2025-07-08 03:20:00,180.0,174.4973460414554,True
584,LightGBM,2025-07-08 03:25:00,176.0,191.5736443990733,True
584,LightGBM,2025-07-08 03:30:00,168.0,191.08852803062743,True
584,LightGBM,2025-07-08 03:35:00,162.0,197.32374313865708,True
584,LightGBM,2025-07-08 03:40:00,162.0,191.7918651383262,True
584,LightGBM,2025-07-08 03:45:00,155.0,187.63269389168514,True
584,LightGBM,2025-07-08 03:50:00,163.0,175.1685105999398,True
584,LightGBM,2025-07-08 03:55:00,164.0,171.55559454229038,True
584,LightGBM,2025-07-08 04:00:00,156.0,158.81464533334574,True
584,LightGBM,2025-07-08 04:05:00,157.0,153.83837307255226,True
584,LightGBM,2025-07-08 04:10:00,161.0,160.20372200468196,True
584,LightGBM,2025-07-08 04:15:00,156.0,143.63895595448759,True
584,LightGBM,2025-07-08 04:20:00,141.0,172.1283055959856,True
584,LightGBM,2025-07-08 04:25:00,150.0,163.97101804191098,True
584,LightGBM,2025-07-08 04:30:00,149.0,150.1257785205173,True
584,LightGBM,2025-07-08 04:35:00,145.0,157.75275029413842,True
584,LightGBM,2025-07-08 04:40:00,142.0,168.00383550215034,True
584,LightGBM,2025-07-08 04:45:00,142.0,150.49585527460758,True
584,LightGBM,2025-07-08 04:50:00,142.0,135.3049370153457,True
584,LightGBM,2025-07-08 04:55:00,143.0,162.14235362446405,True
584,LightGBM,2025-07-08 05:00:00,154.0,146.44203225136852,True
584,LightGBM,2025-07-08 05:05:00,149.0,140.74395181075238,True
584,LightGBM,2025-07-08 05:10:00,134.0,137.74220753711816,True
584,LightGBM,2025-07-08 05:15:00,120.0,141.05257829171697,True
584,LightGBM,2025-07-08 05:20:00,130.0,140.80967075761745,True
584,LightGBM,2025-07-08 05:25:00,134.0,144.87809538679966,True
584,LightGBM,2025-07-08 05:30:00,127.0,170.65557795167882,True
584,LightGBM,2025-07-08 05:35:00,113.0,146.38277920985317,True
584,LightGBM,2025-07-08 05:40:00,112.0,128.89174751995233,True
584,LightGBM,2025-07-08 05:45:00,116.0,108.46120434248742,True
584,LightGBM,2025-07-08 05:50:00,114.0,145.97826845035763,True
584,LightGBM,2025-07-08 05:55:00,113.0,141.29900207652182,True
584,LightGBM,2025-07-08 06:00:00,115.0,123.85527724465098,True
584,LightGBM,2025-07-08 06:05:00,101.0,107.5255687787175,True
584,LightGBM,2025-07-08 06:10:00,92.0,110.31492524106922,True
584,LightGBM,2025-07-08 06:15:00,97.0,125.3335429720967,True
584,LightGBM,2025-07-08 06:20:00,99.0,111.4554783343714,True
584,LightGBM,2025-07-08 06:25:00,97.0,111.81422996403319,True
584,LightGBM,2025-07-08 06:30:00,91.0,117.30068510319569,True
584,LightGBM,2025-07-08 06:35:00,88.0,99.30833300963106,True
584,LightGBM,2025-07-08 06:40:00,85.0,94.53088801914859,True
584,LightGBM,2025-07-08 06:45:00,94.0,108.85096805061,True
584,LightGBM,2025-07-08 06:50:00,100.0,106.54457870579701,True
584,LightGBM,2025-07-08 06:55:00,93.0,98.28215214254845,True
584,LightGBM,2025-07-08 07:00:00,95.0,90.68329224888096,True
584,LightGBM,2025-07-08 07:05:00,105.0,88.62203767758005,True
584,LightGBM,2025-07-08 07:10:00,106.0,84.69566676755875,True
584,LightGBM,2025-07-08 07:15:00,96.0,117.89436232025054,True
584,LightGBM,2025-07-08 07:20:00,83.0,116.94505236970187,True
584,LightGBM,2025-07-08 07:25:00,83.0,110.52526198845662,True
584,LightGBM,2025-07-08 07:30:00,88.0,116.88518864950093,True
584,LightGBM,2025-07-08 07:35:00,84.0,148.47366890860275,True
584,LightGBM,2025-07-08 07:40:00,75.0,126.04927605360973,True
584,LightGBM,2025-07-08 07:45:00,65.0,108.30976540879603,True
584,LightGBM,2025-07-08 07:50:00,74.0,92.14470311702999,True
584,LightGBM,2025-07-08 07:55:00,90.0,101.85129851229178,True
584,LightGBM,2025-07-08 08:00:00,101.0,119.39338545486652,True
584,LightGBM,2025-07-08 08:05:00,107.0,90.50691278733618,True
584,LightGBM,2025-07-08 08:10:00,103.0,85.0049269331791,True
584,LightGBM,2025-07-08 08:15:00,96.0,73.32100389942602,True
584,LightGBM,2025-07-08 08:20:00,91.0,108.3966204539301,True
584,LightGBM,2025-07-08 08:25:00,80.0,129.7887341530595,True
584,LightGBM,2025-07-08 08:30:00,74.0,138.96400573966972,True
584,LightGBM,2025-07-08 08:35:00,78.0,129.58799492631127,True
584,LightGBM,2025-07-08 08:40:00,82.0,107.235205019274,True
584,LightGBM,2025-07-08 08:45:00,81.0,86.38475969610256,True
584,LightGBM,2025-07-08 08:50:00,85.0,85.60733581195984,True
584,LightGBM,2025-07-08 08:55:00,88.0,71.89407777254603,True
584,LightGBM,2025-07-08 09:00:00,85.0,78.15377649408087,True
584,LightGBM,2025-07-08 09:05:00,92.0,97.17839896787888,True
584,LightGBM,2025-07-08 09:10:00,90.0,97.50401486333742,True
584,LightGBM,2025-07-08 09:15:00,84.0,82.23770751478824,True
584,LightGBM,2025-07-08 09:20:00,82.0,103.88039838191474,True
584,LightGBM,2025-07-08 09:25:00,91.0,100.15675954007517,True
584,LightGBM,2025-07-08 09:30:00,99.0,86.98693081787675,True
584,LightGBM,2025-07-08 09:35:00,90.0,119.21165531378317,True
584,LightGBM,2025-07-08 09:40:00,72.0,89.9743962973912,True
584,LightGBM,2025-07-08 09:45:00,73.0,84.83111404332224,True
584,LightGBM,2025-07-08 09:50:00,78.0,85.23582546792132,True
584,LightGBM,2025-07-08 09:55:00,76.0,116.66873268156455,True
584,LightGBM,2025-07-08 10:00:00,80.0,123.97015115967335,True
584,LightGBM,2025-07-08 10:05:00,79.0,94.82353661251915,True
584,LightGBM,2025-07-08 10:10:00,79.0,78.11329021674746,True
584,LightGBM,2025-07-08 10:15:00,73.0,88.79413268102124,True
584,LightGBM,2025-07-08 10:20:00,62.0,103.77916810412165,True
584,LightGBM,2025-07-08 10:25:00,65.0,82.59998892977028,True
584,LightGBM,2025-07-08 10:30:00,75.0,100.0321101660143,True
584,LightGBM,2025-07-08 10:35:00,81.0,82.67692855256576,True
584,LightGBM,2025-07-08 10:40:00,91.0,87.46709961195582,True
584,LightGBM,2025-07-08 10:45:00,94.0,78.18846474540845,True
584,LightGBM,2025-07-08 10:50:00,93.0,69.9393855312998,True
584,LightGBM,2025-07-08 10:55:00,94.0,91.92038961461803,True
584,LightGBM,2025-07-08 11:00:00,98.0,109.01431558516514,True
584,LightGBM,2025-07-08 11:05:00,96.0,105.74586780805082,True
584,LightGBM,2025-07-08 11:10:00,93.0,129.81203573165288,True
584,LightGBM,2025-07-08 11:15:00,95.0,107.24358266263167,True
584,LightGBM,2025-07-08 11:20:00,98.0,96.55114989930908,True
584,LightGBM,2025-07-08 11:25:00,107.0,103.39066568917833,True
584,LightGBM,2025-07-08 11:30:00,118.0,112.56755394560876,True
584,LightGBM,2025-07-08 11:35:00,109.0,93.96160558593188,True
584,LightGBM,2025-07-08 11:40:00,107.0,93.22913500704229,True
584,LightGBM,2025-07-08 11:45:00,96.0,101.86608998959554,True
584,LightGBM,2025-07-08 11:50:00,94.0,109.97389820055177,True
584,LightGBM,2025-07-08 11:55:00,86.0,137.64563619350642,True
584,LightGBM,2025-07-08 12:00:00,75.0,152.36408835009,True
584,LightGBM,2025-07-08 12:05:00,75.0,115.02172242147577,True
584,LightGBM,2025-07-08 12:10:00,82.0,110.24610297583952,True
584,LightGBM,2025-07-08 12:15:00,87.0,91.847966010861,True
584,LightGBM,2025-07-08 12:20:00,88.0,97.57027327144745,True
584,LightGBM,2025-07-08 12:25:00,92.0,86.74076691588941,True
584,LightGBM,2025-07-08 12:30:00,95.0,80.33922334157441,True
584,LightGBM,2025-07-08 12:35:00,97.0,87.07936489295143,True
584,LightGBM,2025-07-08 12:40:00,105.0,108.95996219688264,True
584,LightGBM,2025-07-08 12:45:00,112.0,107.69082937007681,True
584,LightGBM,2025-07-08 12:50:00,115.0,115.80798512518813,True
584,LightGBM,2025-07-08 12:55:00,102.0,127.99547945396986,True
584,LightGBM,2025-07-08 13:00:00,104.0,123.35087178355276,True
584,LightGBM,2025-07-08 13:05:00,96.0,123.07776311028249,True
584,LightGBM,2025-07-08 13:10:00,99.0,148.34074103011645,True
584,LightGBM,2025-07-08 13:15:00,102.0,139.88404757522076,True
584,LightGBM,2025-07-08 13:20:00,104.0,131.14532302571084,True
584,LightGBM,2025-07-08 13:25:00,99.0,108.45154151434052,True
584,LightGBM,2025-07-08 13:30:00,94.0,121.41717756831105,True
584,LightGBM,2025-07-08 13:35:00,95.0,89.87666970389057,True
584,LightGBM,2025-07-08 13:40:00,89.0,117.85464317450585,True
584,LightGBM,2025-07-08 13:45:00,77.0,114.05498738156356,True
584,LightGBM,2025-07-08 13:50:00,73.0,114.50390556199191,True
584,LightGBM,2025-07-08 13:55:00,75.0,98.33812021614943,True
584,LightGBM,2025-07-08 14:00:00,79.0,93.72025138450803,True
584,LightGBM,2025-07-08 14:05:00,86.0,102.33987699124977,True
584,LightGBM,2025-07-08 14:10:00,86.0,85.95984797415532,True
584,LightGBM,2025-07-08 14:15:00,76.0,78.02364906811945,True
584,LightGBM,2025-07-08 14:20:00,68.0,81.42219217144263,True
584,LightGBM,2025-07-08 14:25:00,75.0,93.80982294188429,True
584,LightGBM,2025-07-08 14:30:00,82.0,104.2596561809678,True
584,LightGBM,2025-07-08 14:35:00,90.0,112.52826457200644,True
584,LightGBM,2025-07-08 14:40:00,100.0,94.22639265033933,True
584,LightGBM,2025-07-08 14:45:00,107.0,86.67250569813726,True
584,LightGBM,2025-07-08 14:50:00,110.0,80.27481488008816,True
584,LightGBM,2025-07-08 14:55:00,107.0,104.86327559454374,True
584,LightGBM,2025-07-08 15:00:00,101.0,105.86003357172508,True
584,LightGBM,2025-07-08 15:05:00,95.0,122.3817802233376,True
584,LightGBM,2025-07-08 15:10:00,88.0,137.5677047088115,True
584,LightGBM,2025-07-08 15:15:00,110.0,133.93980864375342,True
584,LightGBM,2025-07-08 15:20:00,97.0,123.82268649529524,True
584,LightGBM,2025-07-08 15:25:00,99.0,108.85028282754725,True
584,LightGBM,2025-07-08 15:30:00,92.0,99.47055127421976,True
584,LightGBM,2025-07-08 15:35:00,92.0,88.13544276685164,True
584,LightGBM,2025-07-08 15:40:00,79.0,84.26350611045171,True
584,LightGBM,2025-07-08 15:45:00,74.0,128.3255720939102,True
584,LightGBM,2025-07-08 15:50:00,75.0,91.4453972501262,True
584,LightGBM,2025-07-08 15:55:00,81.0,111.46216527615704,True
584,LightGBM,2025-07-08 16:00:00,78.0,88.86441678547362,True
584,LightGBM,2025-07-08 16:05:00,78.0,101.0910355032408,True
584,LightGBM,2025-07-08 16:10:00,88.0,84.28063067869533,True
584,LightGBM,2025-07-08 16:15:00,97.0,82.48176209291883,True
584,LightGBM,2025-07-08 16:20:00,121.0,87.09785311612647,True
584,LightGBM,2025-07-08 16:25:00,137.0,103.99296768897425,True
584,LightGBM,2025-07-08 16:30:00,135.0,83.44579268504752,True
584,LightGBM,2025-07-08 16:35:00,125.0,87.93495937451503,True
584,LightGBM,2025-07-08 16:40:00,110.0,117.79933287843293,True
584,LightGBM,2025-07-08 16:45:00,118.0,128.96392643059121,True
584,LightGBM,2025-07-08 16:50:00,134.0,158.0002363387631,True
584,LightGBM,2025-07-08 16:55:00,144.0,165.5138126502456,True
584,LightGBM,2025-07-08 17:00:00,158.0,135.28750759961335,True
584,LightGBM,2025-07-08 17:05:00,137.0,118.06841306189666,True
584,LightGBM,2025-07-08 17:10:00,142.0,102.06576563498423,True
584,LightGBM,2025-07-08 17:15:00,151.0,133.5199706566243,True
584,LightGBM,2025-07-08 17:20:00,156.0,154.3045417890448,True
584,LightGBM,2025-07-08 17:25:00,160.0,158.91509192110013,True
584,LightGBM,2025-07-08 17:30:00,163.0,180.58149269456135,True
584,LightGBM,2025-07-08 17:35:00,167.0,136.34211023615828,True
584,LightGBM,2025-07-08 17:40:00,170.0,159.35734712212317,True
584,LightGBM,2025-07-08 17:45:00,174.0,167.18652545425667,True
584,LightGBM,2025-07-08 17:50:00,176.0,167.29590178089947,True
584,LightGBM,2025-07-08 17:55:00,172.0,172.79959391046785,True
584,LightGBM,2025-07-08 18:00:00,187.0,171.10535262791223,True
584,LightGBM,2025-07-08 18:05:00,192.0,178.75178511513747,True
584,LightGBM,2025-07-08 18:10:00,193.0,175.98895373099424,True
584,LightGBM,2025-07-08 18:15:00,200.0,188.3478400480723,True
584,LightGBM,2025-07-08 18:20:00,207.0,183.69973048143467,True
584,LightGBM,2025-07-08 18:25:00,210.0,168.79248057476966,True
584,LightGBM,2025-07-08 18:30:00,221.0,210.325045119971,True
584,LightGBM,2025-07-08 18:35:00,234.0,203.00861892610934,True
584,LightGBM,2025-07-08 18:40:00,235.0,200.0101993397266,True
584,LightGBM,2025-07-08 18:45:00,246.0,216.14457472891553,True
584,LightGBM,2025-07-08 18:50:00,246.0,221.5294098776479,True
584,LightGBM,2025-07-08 18:55:00,249.0,220.35406031558125,True
584,LightGBM,2025-07-08 19:00:00,237.0,244.53208862055277,True
584,LightGBM,2025-07-08 19:05:00,229.0,261.1651718501595,True
584,LightGBM,2025-07-08 19:10:00,220.0,248.09787639625816,True
584,LightGBM,2025-07-08 19:15:00,210.0,267.9400187493642,True
584,LightGBM,2025-07-08 19:20:00,199.0,250.0836356852931,True
584,LightGBM,2025-07-08 19:25:00,186.0,250.61804942524296,True
584,LightGBM,2025-07-08 19:30:00,165.0,219.27162720160035,True
584,LightGBM,2025-07-08 19:35:00,136.0,206.08126546595145,True
584,LightGBM,2025-07-08 19:40:00,120.0,177.5364127277637,True
584,LightGBM,2025-07-08 19:45:00,119.0,164.89021226285533,True
584,LightGBM,2025-07-08 19:50:00,118.0,147.99998410157065,True
584,LightGBM,2025-07-08 19:55:00,126.0,133.49060393758464,True
584,LightGBM,2025-07-08 20:00:00,133.0,115.59226820121472,True
584,LightGBM,2025-07-08 20:05:00,132.0,97.47558863227724,True
584,LightGBM,2025-07-08 20:10:00,132.0,101.185299988822,True
584,LightGBM,2025-07-08 20:15:00,135.0,115.36624235206604,True
584,LightGBM,2025-07-08 20:20:00,132.0,109.41353377193579,True
584,LightGBM,2025-07-08 20:25:00,130.0,142.23993154495628,True
584,LightGBM,2025-07-08 20:30:00,136.0,142.52985560844715,True
584,LightGBM,2025-07-08 20:35:00,150.0,125.59947292923462,True
584,LightGBM,2025-07-08 20:40:00,156.0,129.39956038112433,True
584,LightGBM,2025-07-08 20:45:00,164.0,143.48698585757197,True
584,LightGBM,2025-07-08 20:50:00,168.0,123.36466523439859,True
584,LightGBM,2025-07-08 20:55:00,175.0,125.3415096794669,True
584,LightGBM,2025-07-08 21:00:00,194.0,147.13893741413344,True
584,LightGBM,2025-07-08 21:05:00,218.0,164.05584969338327,True
584,LightGBM,2025-07-08 21:10:00,236.0,166.6608067439859,True
584,LightGBM,2025-07-08 21:15:00,255.0,184.01387062299983,True
584,LightGBM,2025-07-08 21:20:00,268.0,175.82688588724906,True
584,LightGBM,2025-07-08 21:25:00,279.0,195.53382295496442,True
584,LightGBM,2025-07-08 21:30:00,291.0,220.80339081224253,True
584,LightGBM,2025-07-08 21:35:00,299.0,254.1145082305144,True
584,LightGBM,2025-07-08 21:40:00,307.0,259.73365385837934,True
584,LightGBM,2025-07-08 21:45:00,312.0,288.4116128309709,True
584,LightGBM,2025-07-08 21:50:00,318.0,283.20394266026585,True
584,LightGBM,2025-07-08 21:55:00,329.0,299.3612577848245,True
584,LightGBM,2025-07-08 22:00:00,317.0,310.9418423449696,True
584,LightGBM,2025-07-08 22:05:00,318.0,300.2823358766428,True
584,LightGBM,2025-07-08 22:10:00,318.0,307.06190517083303,True
584,LightGBM,2025-07-08 22:15:00,314.0,302.5074914107152,True
584,LightGBM,2025-07-08 22:20:00,311.0,309.62273796009424,True
584,LightGBM,2025-07-08 22:25:00,304.0,317.8645949083389,True
584,LightGBM,2025-07-08 22:30:00,298.0,283.36463028034444,True
584,LightGBM,2025-07-08 22:35:00,289.0,305.0984753687728,True
584,LightGBM,2025-07-08 22:40:00,278.0,293.83678129777513,True
584,LightGBM,2025-07-08 22:45:00,266.0,280.1954094114616,True
584,LightGBM,2025-07-08 22:50:00,256.0,284.4873249589539,True
584,LightGBM,2025-07-08 22:55:00,246.0,266.4309535734645,True
584,LightGBM,2025-07-08 23:00:00,207.0,268.89623043594946,True
584,LightGBM,2025-07-08 23:05:00,170.0,251.42783406496054,True
584,LightGBM,2025-07-08 23:10:00,187.0,240.18747055618923,True
584,LightGBM,2025-07-08 23:15:00,175.0,224.52773022386353,True
584,LightGBM,2025-07-08 23:20:00,165.0,212.86615080551718,True
584,LightGBM,2025-07-08 23:25:00,162.0,197.68910504241774,True
584,LightGBM,2025-07-08 23:30:00,161.0,152.79406140992126,True
584,LightGBM,2025-07-08 23:35:00,164.0,120.00860649047405,True
584,LightGBM,2025-07-08 23:40:00,168.0,173.66426398274297,True
584,LightGBM,2025-07-08 23:45:00,169.0,133.59873102558126,True
584,LightGBM,2025-07-08 23:50:00,173.0,150.08015521978632,True
584,LightGBM,2025-07-08 23:55:00,177.0,145.13442866920602,True
584,LightGBM,2025-07-09 00:00:00,169.0,149.417096161945,True
584,LightGBM,2025-07-09 00:05:00,151.0,157.99244125250922,True
584,LightGBM,2025-07-09 00:10:00,136.0,166.5542794694397,True
584,LightGBM,2025-07-09 00:15:00,132.0,162.63750409057056,True
584,LightGBM,2025-07-09 00:20:00,138.0,177.22910585155623,True
584,LightGBM,2025-07-09 00:25:00,149.0,181.20079532695098,True
584,LightGBM,2025-07-09 00:30:00,170.0,151.79595035333116,True
584,LightGBM,2025-07-09 00:35:00,182.0,133.77182101541734,True
584,LightGBM,2025-07-09 00:40:00,184.0,116.77408983774241,True
584,LightGBM,2025-07-09 00:45:00,183.0,118.78734829954041,True
584,LightGBM,2025-07-09 00:50:00,182.0,141.97366068415516,True
584,LightGBM,2025-07-09 00:55:00,181.0,161.7565227831997,True
584,LightGBM,2025-07-09 01:00:00,178.0,185.5904858931225,True
584,LightGBM,2025-07-09 01:05:00,171.0,173.67337616766122,True
584,LightGBM,2025-07-09 01:10:00,166.0,179.8598667740378,True
584,LightGBM,2025-07-09 01:15:00,164.0,179.6848129554354,True
584,LightGBM,2025-07-09 01:20:00,164.0,177.16611576170584,True
584,LightGBM,2025-07-09 01:25:00,165.0,174.45114745913313,True
584,LightGBM,2025-07-09 01:30:00,165.0,163.99856208851753,True
584,LightGBM,2025-07-09 01:35:00,166.0,153.07899032321737,True
584,LightGBM,2025-07-09 01:40:00,162.0,155.02175129439837,True
584,LightGBM,2025-07-09 01:45:00,163.0,154.3745546013988,True
584,LightGBM,2025-07-09 01:50:00,171.0,157.75032820666473,True
584,LightGBM,2025-07-09 01:55:00,168.0,163.1334452125336,True
584,LightGBM,2025-07-09 02:00:00,164.0,161.71649952724488,True
584,LightGBM,2025-07-09 02:05:00,169.0,165.25178321191936,True
584,LightGBM,2025-07-09 02:10:00,166.0,152.6030513698233,True
584,LightGBM,2025-07-09 02:15:00,164.0,160.88804800360714,True
584,LightGBM,2025-07-09 02:20:00,159.0,181.82865397831227,True
584,LightGBM,2025-07-09 02:25:00,160.0,160.4702166040277,True
584,LightGBM,2025-07-09 02:30:00,164.0,154.79541139862127,True
584,LightGBM,2025-07-09 02:35:00,159.0,178.49228123637886,True
584,LightGBM,2025-07-09 02:40:00,156.0,157.4724875195398,True
584,LightGBM,2025-07-09 02:45:00,130.0,159.93426500170028,True
584,LightGBM,2025-07-09 02:50:00,125.0,153.6138090981406,True
584,LightGBM,2025-07-09 02:55:00,132.0,160.27808011650106,True
584,LightGBM,2025-07-09 03:00:00,134.0,169.0609027802207,True
584,LightGBM,2025-07-09 03:05:00,141.0,155.03908205371297,True
584,LightGBM,2025-07-09 03:10:00,148.0,152.0926286763945,True
584,LightGBM,2025-07-09 03:15:00,151.0,121.25803090158925,True
584,LightGBM,2025-07-09 03:20:00,154.0,119.55263683391321,True
584,LightGBM,2025-07-09 03:25:00,163.0,141.23097817997376,True
584,LightGBM,2025-07-09 03:30:00,171.0,136.64561224629026,True
584,LightGBM,2025-07-09 03:35:00,175.0,156.88577518960423,True
584,LightGBM,2025-07-09 03:40:00,176.0,162.58498543793516,True
584,LightGBM,2025-07-09 03:45:00,170.0,157.16520852340437,True
584,LightGBM,2025-07-09 03:50:00,162.0,160.10038216511344,True
584,LightGBM,2025-07-09 03:55:00,142.0,182.43496320983508,True
584,LightGBM,2025-07-09 04:00:00,115.0,191.0299375606075,True
584,LightGBM,2025-07-09 04:05:00,103.0,182.51550789099258,True
584,LightGBM,2025-07-09 04:10:00,107.0,178.68223606671583,True
584,LightGBM,2025-07-09 04:15:00,120.0,163.2930234855083,True
584,LightGBM,2025-07-09 04:20:00,131.0,156.7804161941474,True
584,LightGBM,2025-07-09 04:25:00,133.0,137.23187787883975,True
584,LightGBM,2025-07-09 04:30:00,134.0,112.88274038677447,True
584,LightGBM,2025-07-09 04:35:00,139.0,118.3634743441035,True
584,LightGBM,2025-07-09 04:40:00,150.0,128.90632791882877,True
584,LightGBM,2025-07-09 04:45:00,160.0,144.64292463671913,True
584,LightGBM,2025-07-09 04:50:00,160.0,145.81952811561638,True
584,LightGBM,2025-07-09 04:55:00,160.0,133.46108052877796,True
584,LightGBM,2025-07-09 05:00:00,160.0,135.97779957605638,True
584,LightGBM,2025-07-09 05:05:00,160.0,153.72157866052345,True
584,LightGBM,2025-07-09 05:10:00,160.0,171.4614631009773,True
584,LightGBM,2025-07-09 05:15:00,160.0,177.17000544741964,True
584,LightGBM,2025-07-09 05:35:00,162.0,163.92685083013492,True
584,LightGBM,2025-07-09 05:40:00,154.0,164.04575517710984,True
584,LightGBM,2025-07-09 05:45:00,151.0,163.89422705756914,True
584,LightGBM,2025-07-09 05:50:00,154.0,171.6349967578084,False
584,LightGBM,2025-07-09 05:55:00,149.0,167.43859006903944,False
584,LightGBM,2025-07-09 06:00:00,141.0,162.17168967071703,False
584,LightGBM,2025-07-09 06:05:00,138.0,163.9790405267422,True
584,LightGBM,2025-07-09 06:10:00,138.0,148.53297528999727,True
584,LightGBM,2025-07-09 06:15:00,137.0,148.9719403155283,True
584,LightGBM,2025-07-09 06:20:00,115.0,158.7880764956686,True
584,LightGBM,2025-07-09 06:25:00,125.0,136.07614956604976,True
584,LightGBM,2025-07-09 06:30:00,126.0,127.86860151702825,True
584,LightGBM,2025-07-09 06:35:00,124.0,130.24118649318174,True
584,LightGBM,2025-07-09 06:40:00,110.0,136.17332722706345,True
584,LightGBM,2025-07-09 06:45:00,97.0,132.66747454079976,True
584,LightGBM,2025-07-09 06:50:00,83.0,106.8465284855975,True
584,LightGBM,2025-07-09 06:55:00,77.0,143.8787517379455,True
584,LightGBM,2025-07-09 07:00:00,81.0,124.74745995272593,True
584,LightGBM,2025-07-09 07:05:00,93.0,117.43545161824925,True
584,LightGBM,2025-07-09 07:10:00,89.0,104.74974505564121,True
584,LightGBM,2025-07-09 07:15:00,74.0,88.17204218331702,True
584,LightGBM,2025-07-09 07:20:00,65.0,77.14379671827813,True
584,LightGBM,2025-07-09 07:25:00,60.0,78.64154835882745,True
584,LightGBM,2025-07-09 07:30:00,58.0,96.2471180605308,True
584,LightGBM,2025-07-09 07:35:00,59.0,122.60136883374699,True
584,LightGBM,2025-07-09 07:40:00,57.0,91.1320840434971,True
584,LightGBM,2025-07-09 07:45:00,55.0,85.9151293733487,True
584,LightGBM,2025-07-09 07:50:00,54.0,79.61018146604644,True
584,LightGBM,2025-07-09 07:55:00,49.0,77.45118653530722,True
584,LightGBM,2025-07-09 08:00:00,41.0,74.71128962755566,True
584,LightGBM,2025-07-09 08:05:00,49.0,77.71637995264705,True
584,LightGBM,2025-07-09 08:10:00,55.0,69.30171306551138,True
584,LightGBM,2025-07-09 08:15:00,53.0,67.19300410275156,True
584,LightGBM,2025-07-09 08:20:00,66.0,67.37596213584327,True
584,LightGBM,2025-07-09 08:25:00,90.0,64.67589215930907,True
584,LightGBM,2025-07-09 08:30:00,87.0,58.58688752811543,True
584,LightGBM,2025-07-09 08:35:00,86.0,92.4899698186385,True
584,LightGBM,2025-07-09 08:40:00,77.0,95.15933009805217,True
584,LightGBM,2025-07-09 08:45:00,71.0,70.90495873441279,True
584,LightGBM,2025-07-09 08:50:00,74.0,110.93247075627251,True
584,LightGBM,2025-07-09 08:55:00,72.0,136.8798408671984,True
584,LightGBM,2025-07-09 09:00:00,78.0,99.72715050818783,True
584,LightGBM,2025-07-09 09:05:00,79.0,104.97767557077947,True
584,Stacking,2025-06-29 00:00:00,257.0,162.68615330858566,False
584,Stacking,2025-06-29 00:05:00,258.0,239.83267575623145,True
584,Stacking,2025-06-29 00:10:00,267.0,265.589162058655,True
584,Stacking,2025-06-29 00:15:00,275.0,273.6463191773357,True
584,Stacking,2025-06-29 00:20:00,284.0,275.82529863244326,True
584,Stacking,2025-06-29 00:25:00,295.0,266.60926885067283,True
584,Stacking,2025-06-29 00:30:00,299.0,238.17894982950065,True
584,Stacking,2025-06-29 00:35:00,300.0,257.7409018376046,True
584,Stacking,2025-06-29 00:40:00,309.0,272.579471672688,True
584,Stacking,2025-06-29 00:45:00,312.0,278.9020315382579,True
584,Stacking,2025-06-29 00:50:00,313.0,291.8593920306223,True
584,Stacking,2025-06-29 00:55:00,312.0,308.47514463528205,True
584,Stacking,2025-06-29 01:00:00,311.0,301.01139892844594,True
584,Stacking,2025-06-29 01:05:00,314.0,296.3909490311049,True
584,Stacking,2025-06-29 01:10:00,318.0,315.42960814243236,True
584,Stacking,2025-06-29 01:15:00,325.0,313.8296065285234,True
584,Stacking,2025-06-29 01:20:00,330.0,311.81254644355647,True
584,Stacking,2025-06-29 01:25:00,318.0,303.12915677130275,True
584,Stacking,2025-06-29 01:30:00,296.0,302.47971770633114,True
584,Stacking,2025-06-29 01:35:00,289.0,312.974478355021,True
584,Stacking,2025-06-29 01:40:00,290.0,313.7201716026683,True
584,Stacking,2025-06-29 01:45:00,290.0,323.7722594654118,True
584,Stacking,2025-06-29 01:50:00,281.0,323.8652951426036,True
584,Stacking,2025-06-29 01:55:00,272.0,295.91318145749494,True
584,Stacking,2025-06-29 02:00:00,267.0,272.9263047254799,True
584,Stacking,2025-06-29 02:05:00,262.0,267.4102067164383,True
584,Stacking,2025-06-29 02:10:00,259.0,276.6957919406748,True
584,Stacking,2025-06-29 02:15:00,265.0,273.6793864154728,True
584,Stacking,2025-06-29 02:20:00,277.0,253.23409065133674,True
584,Stacking,2025-06-29 02:25:00,290.0,246.34309079875553,True
584,Stacking,2025-06-29 02:30:00,299.0,246.05855683430926,True
584,Stacking,2025-06-29 02:35:00,306.0,239.9670387436567,True
584,Stacking,2025-06-29 02:40:00,320.0,239.19380965016222,True
584,Stacking,2025-06-29 02:45:00,313.0,260.5670221137676,True
584,Stacking,2025-06-29 02:50:00,313.0,277.2488678478387,True
584,Stacking,2025-06-29 02:55:00,313.0,292.0942925379113,True
584,Stacking,2025-06-29 03:00:00,313.0,302.4599059333524,True
584,Stacking,2025-06-29 03:05:00,313.0,306.1522844502192,True
584,Stacking,2025-06-29 03:10:00,313.0,322.9217788843649,True
584,Stacking,2025-06-29 03:15:00,313.0,291.2737510271138,True
584,Stacking,2025-06-29 03:55:00,275.0,245.08615551747786,False
584,Stacking,2025-06-29 04:00:00,278.0,246.5153291286699,False
584,Stacking,2025-06-29 04:05:00,275.0,267.93584746181295,False
584,Stacking,2025-06-29 04:10:00,271.0,264.35435752713215,False
584,Stacking,2025-06-29 04:15:00,271.0,254.2258174543443,False
584,Stacking,2025-06-29 04:20:00,265.0,249.45377657016587,False
584,Stacking,2025-06-29 04:25:00,257.0,268.8141152427594,True
584,Stacking,2025-06-29 04:30:00,252.0,274.0851669468285,True
584,Stacking,2025-06-29 04:35:00,250.0,257.776379208311,True
584,Stacking,2025-06-29 04:40:00,236.0,249.8207205364823,True
584,Stacking,2025-06-29 04:45:00,224.0,260.0484802297651,True
584,Stacking,2025-06-29 04:50:00,217.0,238.22165975617125,True
584,Stacking,2025-06-29 04:55:00,199.0,228.0562679720966,True
584,Stacking,2025-06-29 05:00:00,185.0,231.1443613630687,True
584,Stacking,2025-06-29 05:05:00,174.0,235.2317183125095,True
584,Stacking,2025-06-29 05:10:00,165.0,198.6667032246172,True
584,Stacking,2025-06-29 05:15:00,159.0,182.4066052582926,True
584,Stacking,2025-06-29 05:20:00,153.0,186.4942560533647,True
584,Stacking,2025-06-29 05:25:00,149.0,151.45471553702848,True
584,Stacking,2025-06-29 05:30:00,154.0,142.42585492178438,True
584,Stacking,2025-06-29 05:35:00,156.0,133.24466780167256,True
584,Stacking,2025-06-29 05:40:00,150.0,126.01453146508882,True
584,Stacking,2025-06-29 05:45:00,143.0,133.90309187830988,True
584,Stacking,2025-06-29 05:50:00,135.0,126.48946177099572,True
584,Stacking,2025-06-29 05:55:00,131.0,130.09996305985877,True
584,Stacking,2025-06-29 06:00:00,134.0,155.564290698704,True
584,Stacking,2025-06-29 06:05:00,144.0,153.63634480703428,True
584,Stacking,2025-06-29 06:10:00,144.0,130.78366500365163,True
584,Stacking,2025-06-29 06:15:00,141.0,125.78532993302848,True
584,Stacking,2025-06-29 06:20:00,146.0,115.23751633322328,True
584,Stacking,2025-06-29 06:25:00,150.0,116.66568028508273,True
584,Stacking,2025-06-29 06:30:00,156.0,138.99171759099127,True
584,Stacking,2025-06-29 06:35:00,160.0,154.9000823968959,True
584,Stacking,2025-06-29 06:40:00,164.0,143.38724232992894,True
584,Stacking,2025-06-29 06:45:00,167.0,132.47009826598432,True
584,Stacking,2025-06-29 06:50:00,166.0,156.99579402377117,True
584,Stacking,2025-06-29 06:55:00,161.0,156.16891355782485,True
584,Stacking,2025-06-29 07:00:00,160.0,169.11138239641946,True
584,Stacking,2025-06-29 07:05:00,156.0,169.86258108889422,True
584,Stacking,2025-06-29 07:10:00,155.0,174.25672869353642,True
584,Stacking,2025-06-29 07:15:00,154.0,172.84778787625677,True
584,Stacking,2025-06-29 07:20:00,151.0,162.73427287981943,True
584,Stacking,2025-06-29 07:25:00,146.0,152.366526966097,True
584,Stacking,2025-06-29 07:30:00,142.0,156.45069571934724,True
584,Stacking,2025-06-29 07:35:00,140.0,146.48535986625126,True
584,Stacking,2025-06-29 07:40:00,142.0,148.826040431532,True
584,Stacking,2025-06-29 07:45:00,148.0,145.22636993981794,True
584,Stacking,2025-06-29 07:50:00,158.0,141.9151443299728,True
584,Stacking,2025-06-29 07:55:00,176.0,134.75575926648168,True
584,Stacking,2025-06-29 08:00:00,199.0,133.41108890928302,True
584,Stacking,2025-06-29 08:05:00,214.0,131.99127357160867,True
584,Stacking,2025-06-29 08:10:00,222.0,143.10514254909117,True
584,Stacking,2025-06-29 08:15:00,232.0,155.4944279231179,True
584,Stacking,2025-06-29 08:20:00,239.0,173.2025636628213,True
584,Stacking,2025-06-29 08:25:00,242.0,197.58761269549404,True
584,Stacking,2025-06-29 08:30:00,248.0,234.76842513163922,True
584,Stacking,2025-06-29 08:35:00,252.0,234.5431509327077,True
584,Stacking,2025-06-29 08:40:00,262.0,237.85084739619927,True
584,Stacking,2025-06-29 08:45:00,272.0,255.07872593767442,True
584,Stacking,2025-06-29 08:50:00,276.0,249.97931055639282,True
584,Stacking,2025-06-29 08:55:00,284.0,245.79321706339323,True
584,Stacking,2025-06-29 09:00:00,286.0,256.9656174605069,True
584,Stacking,2025-06-29 09:05:00,283.0,259.02687762233256,True
584,Stacking,2025-06-29 09:10:00,284.0,281.0032808648417,True
584,Stacking,2025-06-29 09:15:00,276.0,284.6470869160753,True
584,Stacking,2025-06-29 09:20:00,262.0,278.3778994203476,True
584,Stacking,2025-06-29 09:25:00,249.0,289.64077447222644,True
584,Stacking,2025-06-29 09:30:00,235.0,277.6957639465762,True
584,Stacking,2025-06-29 09:35:00,223.0,260.0685793534492,True
584,Stacking,2025-06-29 09:40:00,214.0,275.70521451902675,True
584,Stacking,2025-06-29 09:45:00,206.0,244.9673979536641,True
584,Stacking,2025-06-29 09:50:00,198.0,227.8852132717014,True
584,Stacking,2025-06-29 09:55:00,192.0,208.98157708779365,True
584,Stacking,2025-06-29 10:00:00,188.0,189.54144229196856,True
584,Stacking,2025-06-29 10:05:00,184.0,178.8915862882418,True
584,Stacking,2025-06-29 10:10:00,179.0,176.68447021151758,True
584,Stacking,2025-06-29 10:15:00,174.0,173.1260613609048,True
584,Stacking,2025-06-29 10:20:00,172.0,163.71644889332802,True
584,Stacking,2025-06-29 10:25:00,172.0,162.83917190453238,True
584,Stacking,2025-06-29 10:30:00,174.0,161.85676003045504,True
584,Stacking,2025-06-29 10:35:00,173.0,159.79779842253933,True
584,Stacking,2025-06-29 10:40:00,173.0,153.85058628453334,True
584,Stacking,2025-06-29 10:45:00,177.0,152.00291209708988,True
584,Stacking,2025-06-29 10:50:00,180.0,155.60669315776403,True
584,Stacking,2025-06-29 10:55:00,185.0,161.07637763582255,True
584,Stacking,2025-06-29 11:00:00,195.0,171.21276453588723,True
584,Stacking,2025-06-29 11:05:00,204.0,162.0956467558816,True
584,Stacking,2025-06-29 11:10:00,208.0,166.59223580421076,True
584,Stacking,2025-06-29 11:15:00,210.0,177.73489131208387,True
584,Stacking,2025-06-29 11:20:00,216.0,181.07927019105858,True
584,Stacking,2025-06-29 11:25:00,227.0,194.05073943094274,True
584,Stacking,2025-06-29 11:30:00,234.0,213.60589042908455,True
584,Stacking,2025-06-29 11:35:00,237.0,220.68556304932764,True
584,Stacking,2025-06-29 11:40:00,241.0,217.3182163968537,True
584,Stacking,2025-06-29 11:45:00,244.0,213.9376305236412,True
584,Stacking,2025-06-29 11:50:00,246.0,229.9106564652187,True
584,Stacking,2025-06-29 11:55:00,247.0,244.88843697729388,True
584,Stacking,2025-06-29 12:00:00,248.0,245.47584480559368,True
584,Stacking,2025-06-29 12:05:00,252.0,240.66471818481398,True
584,Stacking,2025-06-29 12:10:00,251.0,249.3833789935499,True
584,Stacking,2025-06-29 12:15:00,243.0,249.6101410355619,True
584,Stacking,2025-06-29 12:20:00,239.0,247.7126012750223,True
584,Stacking,2025-06-29 12:25:00,236.0,247.74054267368896,True
584,Stacking,2025-06-29 12:30:00,235.0,247.1935512264583,True
584,Stacking,2025-06-29 12:35:00,241.0,257.79776075996415,True
584,Stacking,2025-06-29 12:40:00,254.0,250.30184262584154,True
584,Stacking,2025-06-29 12:45:00,268.0,229.99353354601988,True
584,Stacking,2025-06-29 12:50:00,282.0,226.00338870683217,True
584,Stacking,2025-06-29 12:55:00,295.0,220.88387156029683,True
584,Stacking,2025-06-29 13:00:00,302.0,226.27319481147742,True
584,Stacking,2025-06-29 13:05:00,310.0,240.05436605055567,True
584,Stacking,2025-06-29 13:10:00,313.0,263.95716220480983,True
584,Stacking,2025-06-29 13:15:00,314.0,282.03410660425436,True
584,Stacking,2025-06-29 13:20:00,319.0,298.9703879704756,True
584,Stacking,2025-06-29 13:25:00,318.0,315.621729894615,True
584,Stacking,2025-06-29 13:30:00,312.0,307.23939486848474,True
584,Stacking,2025-06-29 13:35:00,312.0,322.46463117740313,True
584,Stacking,2025-06-29 13:40:00,314.0,314.55156331725834,True
584,Stacking,2025-06-29 13:45:00,309.0,312.16662015795725,True
584,Stacking,2025-06-29 13:50:00,306.0,319.2413123338059,True
584,Stacking,2025-06-29 13:55:00,311.0,304.62216225509576,True
584,Stacking,2025-06-29 14:00:00,316.0,293.41314243340844,True
584,Stacking,2025-06-29 14:05:00,325.0,303.63527645904014,True
584,Stacking,2025-06-29 14:10:00,335.0,312.55813295595897,True
584,Stacking,2025-06-29 14:15:00,347.0,285.93455295576837,True
584,Stacking,2025-06-29 14:20:00,361.0,291.43126895445994,True
584,Stacking,2025-06-29 14:25:00,369.0,310.86855819201867,True
584,Stacking,2025-06-29 14:30:00,374.0,311.5996252809763,True
584,Stacking,2025-06-29 14:35:00,381.0,323.5716138068384,True
584,Stacking,2025-06-29 14:40:00,389.0,343.95870497293436,True
584,Stacking,2025-06-29 14:45:00,396.0,353.3662727720873,True
584,Stacking,2025-06-29 14:50:00,400.0,361.00626897572613,True
584,Stacking,2025-06-29 14:55:00,400.0,355.30236723179735,True
584,Stacking,2025-06-29 15:00:00,400.0,370.7445423019873,True
584,Stacking,2025-06-29 15:05:00,400.0,378.5159801162482,True
584,Stacking,2025-06-29 15:10:00,400.0,381.9109930173548,True
584,Stacking,2025-06-29 15:15:00,400.0,379.2535092799119,True
584,Stacking,2025-06-29 15:20:00,400.0,378.0007501884553,True
584,Stacking,2025-06-29 15:25:00,400.0,380.12813090278553,True
584,Stacking,2025-06-29 15:30:00,392.0,382.879711962397,True
584,Stacking,2025-06-29 15:35:00,379.0,378.42804831031447,True
584,Stacking,2025-06-29 15:40:00,364.0,377.58042866995675,True
584,Stacking,2025-06-29 15:45:00,364.0,376.9512500891991,True
584,Stacking,2025-06-29 15:50:00,364.0,377.777730645249,True
584,Stacking,2025-06-29 15:55:00,364.0,377.1524212028737,True
584,Stacking,2025-06-29 16:00:00,364.0,342.1778010871675,True
584,Stacking,2025-06-29 16:05:00,364.0,326.6401652867048,True
584,Stacking,2025-06-29 16:10:00,364.0,302.0509835888737,True
584,Stacking,2025-06-29 16:35:00,158.0,334.0111321933739,True
584,Stacking,2025-06-29 16:40:00,150.0,334.18534364791117,True
584,Stacking,2025-06-29 16:45:00,143.0,206.91970834873337,False
584,Stacking,2025-06-29 16:50:00,138.0,207.50357468854324,False
584,Stacking,2025-06-29 16:55:00,134.0,207.4353412593435,False
584,Stacking,2025-06-29 17:00:00,130.0,209.73630986056773,False
584,Stacking,2025-06-29 17:05:00,130.0,201.22443895266525,True
584,Stacking,2025-06-29 17:10:00,133.0,159.55940622338375,True
584,Stacking,2025-06-29 17:15:00,134.0,148.76004865564568,True
584,Stacking,2025-06-29 17:20:00,132.0,129.7104665746071,True
584,Stacking,2025-06-29 17:25:00,127.0,124.20082036810929,True
584,Stacking,2025-06-29 17:30:00,127.0,117.49766465590571,True
584,Stacking,2025-06-29 17:35:00,129.0,127.09452159874647,True
584,Stacking,2025-06-29 17:40:00,132.0,139.3071721742095,True
584,Stacking,2025-06-29 17:45:00,134.0,135.14194348320365,True
584,Stacking,2025-06-29 17:50:00,139.0,127.61628622931511,True
584,Stacking,2025-06-29 17:55:00,143.0,118.22545135404002,True
584,Stacking,2025-06-29 18:00:00,144.0,128.22109314916472,True
584,Stacking,2025-06-29 18:05:00,146.0,134.667177955562,True
584,Stacking,2025-06-29 18:10:00,151.0,140.4966605350689,True
584,Stacking,2025-06-29 18:15:00,150.0,140.17238066371138,True
584,Stacking,2025-06-29 18:20:00,148.0,152.20544588949596,True
584,Stacking,2025-06-29 18:25:00,155.0,152.0838374137786,True
584,Stacking,2025-06-29 18:30:00,161.0,147.74144830669937,True
584,Stacking,2025-06-29 18:35:00,162.0,152.85881248289587,True
584,Stacking,2025-06-29 18:40:00,163.0,163.8155698090514,True
584,Stacking,2025-06-29 18:45:00,164.0,145.43953732269554,True
584,Stacking,2025-06-29 18:50:00,165.0,140.326826741954,True
584,Stacking,2025-06-29 18:55:00,162.0,166.41023551101372,True
584,Stacking,2025-06-29 19:00:00,159.0,171.4962113667474,True
584,Stacking,2025-06-29 19:05:00,163.0,164.67185572631607,True
584,Stacking,2025-06-29 19:10:00,165.0,164.29052044975413,True
584,Stacking,2025-06-29 19:15:00,162.0,166.08451676066557,True
584,Stacking,2025-06-29 19:20:00,163.0,167.7475248464802,True
584,Stacking,2025-06-29 19:25:00,168.0,152.0149832075316,True
584,Stacking,2025-06-29 19:30:00,169.0,150.69488020889116,True
584,Stacking,2025-06-29 19:35:00,170.0,170.77790687871496,True
584,Stacking,2025-06-29 19:40:00,170.0,168.23940682253013,True
584,Stacking,2025-06-29 19:45:00,170.0,151.12424676842127,True
584,Stacking,2025-06-29 19:50:00,169.0,163.17085398042897,True
584,Stacking,2025-06-29 19:55:00,169.0,177.56801638208782,True
584,Stacking,2025-06-29 20:00:00,169.0,170.06639593985915,True
584,Stacking,2025-06-29 20:05:00,172.0,171.73273469105627,True
584,Stacking,2025-06-29 20:10:00,174.0,169.93450074696338,True
584,Stacking,2025-06-29 20:15:00,172.0,169.92965589916557,True
584,Stacking,2025-06-29 20:20:00,171.0,167.38062662925196,True
584,Stacking,2025-06-29 20:25:00,171.0,168.98204362335395,True
584,Stacking,2025-06-29 20:30:00,170.0,169.04429624361828,True
584,Stacking,2025-06-29 20:35:00,170.0,178.88753127811162,True
584,Stacking,2025-06-29 20:40:00,171.0,180.3347958983206,True
584,Stacking,2025-06-29 20:45:00,172.0,169.26461546764625,True
584,Stacking,2025-06-29 20:50:00,173.0,171.25452498932634,True
584,Stacking,2025-06-29 20:55:00,173.0,172.25646586265268,True
584,Stacking,2025-06-29 21:00:00,173.0,168.7210917584834,True
584,Stacking,2025-06-29 21:05:00,170.0,170.56401514390208,True
584,Stacking,2025-06-29 21:10:00,172.0,183.7348090446717,True
584,Stacking,2025-06-29 21:15:00,174.0,183.49037657131493,True
584,Stacking,2025-06-29 21:20:00,173.0,185.240482893269,True
584,Stacking,2025-06-29 21:25:00,171.0,183.98215036534094,True
584,Stacking,2025-06-29 21:30:00,168.0,182.50305831269898,True
584,Stacking,2025-06-29 21:35:00,165.0,169.84845232472048,True
584,Stacking,2025-06-29 21:40:00,160.0,176.66636404960983,True
584,Stacking,2025-06-29 21:45:00,156.0,179.00247215688265,True
584,Stacking,2025-06-29 21:50:00,153.0,164.7904333145572,True
584,Stacking,2025-06-29 21:55:00,150.0,162.1415444893013,True
584,Stacking,2025-06-29 22:00:00,148.0,153.96687841488225,True
584,Stacking,2025-06-29 22:05:00,147.0,150.94096065385088,True
584,Stacking,2025-06-29 22:10:00,147.0,144.8282922323396,True
584,Stacking,2025-06-29 22:15:00,149.0,141.9721049954291,True
584,Stacking,2025-06-29 22:20:00,152.0,138.10808166424331,True
584,Stacking,2025-06-29 22:25:00,155.0,136.42202687726035,True
584,Stacking,2025-06-29 22:30:00,158.0,136.0093067669528,True
584,Stacking,2025-06-29 22:35:00,162.0,137.37532641704667,True
584,Stacking,2025-06-29 22:40:00,167.0,143.6889537413426,True
584,Stacking,2025-06-29 22:45:00,172.0,149.56587388041788,True
584,Stacking,2025-06-29 22:50:00,176.0,155.05100573894114,True
584,Stacking,2025-06-29 22:55:00,181.0,160.15002400086905,True
584,Stacking,2025-06-29 23:00:00,188.0,164.54494524145701,True
584,Stacking,2025-06-29 23:05:00,192.0,170.7701542842517,True
584,Stacking,2025-06-29 23:10:00,195.0,179.85879379615193,True
584,Stacking,2025-06-29 23:15:00,195.0,183.1590502093939,True
584,Stacking,2025-06-29 23:20:00,196.0,182.84877356364115,True
584,Stacking,2025-06-29 23:25:00,199.0,192.80492296988632,True
584,Stacking,2025-06-29 23:30:00,203.0,204.15266045176952,True
584,Stacking,2025-06-29 23:35:00,207.0,201.07999505196622,True
584,Stacking,2025-06-29 23:40:00,208.0,204.44295912432773,True
584,Stacking,2025-06-29 23:45:00,208.0,197.91235817030568,True
584,Stacking,2025-06-29 23:50:00,209.0,200.4337899747516,True
584,Stacking,2025-06-29 23:55:00,210.0,205.77886888845478,True
584,Stacking,2025-06-30 00:00:00,213.0,210.41399528978044,True
584,Stacking,2025-06-30 00:05:00,217.0,218.5817257991694,True
584,Stacking,2025-06-30 00:10:00,221.0,210.53772388858147,True
584,Stacking,2025-06-30 00:15:00,224.0,209.83757184654348,True
584,Stacking,2025-06-30 00:20:00,229.0,209.76192220108396,True
584,Stacking,2025-06-30 00:25:00,233.0,212.74272715103203,True
584,Stacking,2025-06-30 00:30:00,236.0,216.91267991795272,True
584,Stacking,2025-06-30 00:35:00,237.0,225.6068654242958,True
584,Stacking,2025-06-30 00:40:00,235.0,230.65771578250133,True
584,Stacking,2025-06-30 00:45:00,235.0,227.87436274833811,True
584,Stacking,2025-06-30 00:50:00,234.0,240.61580582572128,True
584,Stacking,2025-06-30 00:55:00,233.0,241.61548310839953,True
584,Stacking,2025-06-30 01:00:00,229.0,240.97291111736132,True
584,Stacking,2025-06-30 01:05:00,224.0,239.90230079633056,True
584,Stacking,2025-06-30 01:10:00,221.0,229.5168080269379,True
584,Stacking,2025-06-30 01:15:00,218.0,234.7630341151226,True
584,Stacking,2025-06-30 01:20:00,220.0,229.87922440763552,True
584,Stacking,2025-06-30 01:25:00,220.0,229.66004585118674,True
584,Stacking,2025-06-30 01:30:00,220.0,219.86835817406703,True
584,Stacking,2025-06-30 01:35:00,222.0,211.1647595239321,True
584,Stacking,2025-06-30 01:40:00,225.0,209.33109495766809,True
584,Stacking,2025-06-30 01:45:00,227.0,206.30945044370628,True
584,Stacking,2025-06-30 01:50:00,226.0,216.0742233509541,True
584,Stacking,2025-06-30 01:55:00,226.0,214.43392784385165,True
584,Stacking,2025-06-30 02:00:00,232.0,216.93228537789165,True
584,Stacking,2025-06-30 02:05:00,236.0,220.3431009437655,True
584,Stacking,2025-06-30 02:10:00,236.0,225.58869166845895,True
584,Stacking,2025-06-30 02:15:00,237.0,229.39505470014004,True
584,Stacking,2025-06-30 02:20:00,239.0,225.138623755559,True
584,Stacking,2025-06-30 02:25:00,242.0,226.8724114566926,True
584,Stacking,2025-06-30 02:30:00,243.0,241.06104020388648,True
584,Stacking,2025-06-30 02:35:00,243.0,240.50919712875424,True
584,Stacking,2025-06-30 02:40:00,239.0,235.6225923622257,True
584,Stacking,2025-06-30 02:45:00,234.0,239.7096392548253,True
584,Stacking,2025-06-30 02:50:00,230.0,239.48355348054397,True
584,Stacking,2025-06-30 02:55:00,225.0,246.1955250170286,True
584,Stacking,2025-06-30 03:00:00,222.0,244.0230469340481,True
584,Stacking,2025-06-30 03:05:00,221.0,243.25643972284234,True
584,Stacking,2025-06-30 03:10:00,214.0,229.11921165341468,True
584,Stacking,2025-06-30 03:15:00,210.0,223.1343704275045,True
584,Stacking,2025-06-30 03:20:00,208.0,217.8561790543023,True
584,Stacking,2025-06-30 03:25:00,212.0,210.24474043401418,True
584,Stacking,2025-06-30 03:30:00,215.0,207.409130497556,True
584,Stacking,2025-06-30 03:35:00,216.0,211.40069624304832,True
584,Stacking,2025-06-30 03:40:00,216.0,197.55030157660278,True
584,Stacking,2025-06-30 03:45:00,215.0,197.8430758094304,True
584,Stacking,2025-06-30 03:50:00,213.0,196.79512673417796,True
584,Stacking,2025-06-30 03:55:00,204.0,213.0271587681684,True
584,Stacking,2025-06-30 04:00:00,194.0,213.15665542055552,True
584,Stacking,2025-06-30 04:05:00,191.0,212.87282680831404,True
584,Stacking,2025-06-30 04:10:00,187.0,214.4995351779226,True
584,Stacking,2025-06-30 04:15:00,195.0,212.94560058466786,True
584,Stacking,2025-06-30 04:20:00,198.0,208.2660776970261,True
584,Stacking,2025-06-30 04:25:00,198.0,193.11703839725345,True
584,Stacking,2025-06-30 04:30:00,198.0,180.24468746030888,True
584,Stacking,2025-06-30 04:35:00,198.0,186.68151088137483,True
584,Stacking,2025-06-30 04:40:00,198.0,177.56160147420562,True
584,Stacking,2025-06-30 04:45:00,198.0,199.68296987014,True
584,Stacking,2025-06-30 04:50:00,198.0,197.93499603693763,True
584,Stacking,2025-06-30 05:10:00,174.0,198.26959166653486,True
584,Stacking,2025-06-30 05:15:00,174.0,198.09594374519958,True
584,Stacking,2025-06-30 05:20:00,172.0,199.96422934651864,True
584,Stacking,2025-06-30 05:25:00,169.0,167.1971313366241,False
584,Stacking,2025-06-30 05:30:00,166.0,167.2156528337418,False
584,Stacking,2025-06-30 05:35:00,164.0,167.14171663903386,False
584,Stacking,2025-06-30 05:40:00,161.0,175.56291026392233,True
584,Stacking,2025-06-30 05:45:00,158.0,176.8009964117569,True
584,Stacking,2025-06-30 05:50:00,155.0,166.2488649574576,True
584,Stacking,2025-06-30 05:55:00,152.0,158.4759809267576,True
584,Stacking,2025-06-30 06:00:00,151.0,153.2368810610499,True
584,Stacking,2025-06-30 06:05:00,149.0,153.466218398247,True
584,Stacking,2025-06-30 06:10:00,148.0,146.8929554125334,True
584,Stacking,2025-06-30 06:15:00,146.0,144.18010010343974,True
584,Stacking,2025-06-30 06:20:00,145.0,140.7423611805413,True
584,Stacking,2025-06-30 06:25:00,145.0,137.77304916856215,True
584,Stacking,2025-06-30 06:30:00,145.0,140.6400957200144,True
584,Stacking,2025-06-30 06:35:00,148.0,136.48973325492472,True
584,Stacking,2025-06-30 06:40:00,152.0,137.90838110923443,True
584,Stacking,2025-06-30 06:45:00,158.0,135.11429920151056,True
584,Stacking,2025-06-30 06:50:00,169.0,136.42205868459814,True
584,Stacking,2025-06-30 06:55:00,181.0,140.7844122740276,True
584,Stacking,2025-06-30 07:00:00,195.0,158.30846835581156,True
584,Stacking,2025-06-30 07:05:00,207.0,177.01441406227508,True
584,Stacking,2025-06-30 07:10:00,217.0,175.49322711853645,True
584,Stacking,2025-06-30 07:15:00,226.0,185.23006189343747,True
584,Stacking,2025-06-30 07:20:00,231.0,198.42761467221138,True
584,Stacking,2025-06-30 07:25:00,236.0,209.73181509221857,True
584,Stacking,2025-06-30 07:30:00,240.0,222.83802546665484,True
584,Stacking,2025-06-30 07:35:00,241.0,222.4393570784703,True
584,Stacking,2025-06-30 07:40:00,241.0,230.2863613228273,True
584,Stacking,2025-06-30 07:45:00,241.0,239.2173126453204,True
584,Stacking,2025-06-30 07:50:00,242.0,232.09464306460558,True
584,Stacking,2025-06-30 07:55:00,247.0,240.86964135406,True
584,Stacking,2025-06-30 08:00:00,251.0,241.33509957951003,True
584,Stacking,2025-06-30 08:05:00,253.0,237.72085499385076,True
584,Stacking,2025-06-30 08:10:00,255.0,234.51022669239202,True
584,Stacking,2025-06-30 08:15:00,258.0,234.10634759746623,True
584,Stacking,2025-06-30 08:20:00,260.0,236.55638683757644,True
584,Stacking,2025-06-30 08:25:00,265.0,248.23055623500954,True
584,Stacking,2025-06-30 08:30:00,272.0,254.23083153664228,True
584,Stacking,2025-06-30 08:35:00,273.0,250.54242178990737,True
584,Stacking,2025-06-30 08:40:00,274.0,251.33013217853429,True
584,Stacking,2025-06-30 08:45:00,277.0,255.67796033799542,True
584,Stacking,2025-06-30 08:50:00,279.0,256.09321920517743,True
584,Stacking,2025-06-30 08:55:00,281.0,267.7105028072576,True
584,Stacking,2025-06-30 09:00:00,282.0,276.3884856239382,True
584,Stacking,2025-06-30 09:05:00,284.0,264.05930866824815,True
584,Stacking,2025-06-30 09:10:00,286.0,267.15426772039575,True
584,Stacking,2025-06-30 09:15:00,288.0,273.0801081207734,True
584,Stacking,2025-06-30 09:20:00,290.0,272.6232998361884,True
584,Stacking,2025-06-30 09:25:00,293.0,274.2137721867026,True
584,Stacking,2025-06-30 09:30:00,296.0,272.024283483051,True
584,Stacking,2025-06-30 09:35:00,297.0,278.0729228780177,True
584,Stacking,2025-06-30 09:40:00,299.0,278.9936427506775,True
584,Stacking,2025-06-30 09:45:00,300.0,285.3722961704125,True
584,Stacking,2025-06-30 09:50:00,300.0,285.5663096035287,True
584,Stacking,2025-06-30 09:55:00,303.0,286.144892678427,True
584,Stacking,2025-06-30 10:00:00,300.0,293.4990233992585,True
584,Stacking,2025-06-30 10:05:00,295.0,290.4709893552083,True
584,Stacking,2025-06-30 10:10:00,301.0,294.4432489764904,True
584,Stacking,2025-06-30 10:15:00,307.0,290.45529721920684,True
584,Stacking,2025-06-30 10:20:00,313.0,286.56792693235764,True
584,Stacking,2025-06-30 10:25:00,315.0,297.44161796717754,True
584,Stacking,2025-06-30 10:30:00,312.0,282.788563754896,True
584,Stacking,2025-06-30 10:35:00,311.0,276.5151125701267,True
584,Stacking,2025-06-30 10:40:00,312.0,297.21161990088206,True
584,Stacking,2025-06-30 10:45:00,312.0,303.6115104981171,True
584,Stacking,2025-06-30 10:50:00,313.0,310.70790949871,True
584,Stacking,2025-06-30 10:55:00,311.0,310.75586167816437,True
584,Stacking,2025-06-30 11:00:00,310.0,296.04682994341795,True
584,Stacking,2025-06-30 11:05:00,311.0,300.50450005572327,True
584,Stacking,2025-06-30 11:10:00,301.0,307.0920432703441,True
584,Stacking,2025-06-30 11:15:00,298.0,299.4157851357945,True
584,Stacking,2025-06-30 11:20:00,302.0,309.2708713515383,True
584,Stacking,2025-06-30 11:25:00,297.0,296.8425884201175,True
584,Stacking,2025-06-30 11:30:00,290.0,299.32358489398507,True
584,Stacking,2025-06-30 11:35:00,284.0,307.70321825627536,True
584,Stacking,2025-06-30 11:40:00,283.0,274.63366877527073,True
584,Stacking,2025-06-30 11:45:00,287.0,282.7834410490948,True
584,Stacking,2025-06-30 11:50:00,291.0,296.98705970434446,True
584,Stacking,2025-06-30 11:55:00,291.0,274.6923141243542,True
584,Stacking,2025-06-30 12:00:00,290.0,266.0099586149572,True
584,Stacking,2025-06-30 12:05:00,285.0,259.85033250392667,True
584,Stacking,2025-06-30 12:10:00,282.0,263.8151671255588,True
584,Stacking,2025-06-30 12:15:00,280.0,276.895459723674,True
584,Stacking,2025-06-30 12:20:00,277.0,286.2971199325318,True
584,Stacking,2025-06-30 12:25:00,273.0,281.79489605527124,True
584,Stacking,2025-06-30 12:30:00,268.0,279.0260058541628,True
584,Stacking,2025-06-30 12:35:00,263.0,263.41150478630095,True
584,Stacking,2025-06-30 12:40:00,257.0,261.4425678789722,True
584,Stacking,2025-06-30 12:45:00,249.0,262.50639020228243,True
584,Stacking,2025-06-30 12:50:00,241.0,258.4985211196373,True
584,Stacking,2025-06-30 12:55:00,232.0,250.918827986725,True
584,Stacking,2025-06-30 13:00:00,225.0,243.5620114497998,True
584,Stacking,2025-06-30 13:05:00,218.0,237.59781670914964,True
584,Stacking,2025-06-30 13:10:00,212.0,228.0692133137549,True
584,Stacking,2025-06-30 13:15:00,205.0,218.39064464002763,True
584,Stacking,2025-06-30 13:20:00,198.0,212.90327768494518,True
584,Stacking,2025-06-30 13:25:00,191.0,196.38496457533012,True
584,Stacking,2025-06-30 13:30:00,184.0,193.78477086821377,True
584,Stacking,2025-06-30 13:35:00,175.0,186.99061516010966,True
584,Stacking,2025-06-30 13:40:00,167.0,184.8530550684807,True
584,Stacking,2025-06-30 13:45:00,161.0,176.13363157811577,True
584,Stacking,2025-06-30 13:50:00,156.0,167.761549773648,True
584,Stacking,2025-06-30 13:55:00,154.0,163.8205196978395,True
584,Stacking,2025-06-30 14:00:00,152.0,158.599310977077,True
584,Stacking,2025-06-30 14:05:00,148.0,144.00944351012143,True
584,Stacking,2025-06-30 14:10:00,140.0,138.17270843107528,True
584,Stacking,2025-06-30 14:15:00,134.0,136.78425728384144,True
584,Stacking,2025-06-30 14:20:00,128.0,136.84843755983164,True
584,Stacking,2025-06-30 14:25:00,123.0,137.60976665164895,True
584,Stacking,2025-06-30 14:30:00,122.0,135.69870359403376,True
584,Stacking,2025-06-30 14:35:00,121.0,133.30760570305324,True
584,Stacking,2025-06-30 14:40:00,123.0,117.51353122723728,True
584,Stacking,2025-06-30 14:45:00,123.0,116.05376304846219,True
584,Stacking,2025-06-30 14:50:00,121.0,108.48904004515447,True
584,Stacking,2025-06-30 14:55:00,119.0,104.61742224205379,True
584,Stacking,2025-06-30 15:00:00,120.0,115.94804644812373,True
584,Stacking,2025-06-30 15:05:00,121.0,114.5756382156696,True
584,Stacking,2025-06-30 15:10:00,120.0,124.79736637073334,True
584,Stacking,2025-06-30 15:15:00,120.0,122.21064434563603,True
584,Stacking,2025-06-30 15:20:00,123.0,117.1272147975093,True
584,Stacking,2025-06-30 15:25:00,128.0,114.75397778863089,True
584,Stacking,2025-06-30 15:30:00,130.0,119.67719273702215,True
584,Stacking,2025-06-30 15:35:00,131.0,121.55579528011815,True
584,Stacking,2025-06-30 15:40:00,133.0,116.56039542235666,True
584,Stacking,2025-06-30 15:45:00,137.0,120.37703184264294,True
584,Stacking,2025-06-30 15:50:00,138.0,130.50046589660886,True
584,Stacking,2025-06-30 15:55:00,138.0,140.94899468499574,True
584,Stacking,2025-06-30 16:00:00,140.0,137.21474962734186,True
584,Stacking,2025-06-30 16:05:00,139.0,134.8920853790243,True
584,Stacking,2025-06-30 16:10:00,137.0,141.33096997802355,True
584,Stacking,2025-06-30 16:15:00,135.0,148.59705736401438,True
584,Stacking,2025-06-30 16:20:00,133.0,141.83810002548879,True
584,Stacking,2025-06-30 16:25:00,131.0,140.48196076359366,True
584,Stacking,2025-06-30 16:30:00,131.0,147.984667614488,True
584,Stacking,2025-06-30 16:35:00,129.0,138.38153384605383,True
584,Stacking,2025-06-30 16:40:00,124.0,134.83295442867026,True
584,Stacking,2025-06-30 16:45:00,120.0,131.08324957166374,True
584,Stacking,2025-06-30 16:50:00,116.0,128.96845937419212,True
584,Stacking,2025-06-30 16:55:00,114.0,125.31489972456123,True
584,Stacking,2025-06-30 17:00:00,112.0,129.49163572369736,True
584,Stacking,2025-06-30 17:05:00,109.0,125.13384841363265,True
584,Stacking,2025-06-30 17:10:00,105.0,114.52022893211189,True
584,Stacking,2025-06-30 17:15:00,105.0,110.73088270593134,True
584,Stacking,2025-06-30 17:20:00,104.0,107.1002134571865,True
584,Stacking,2025-06-30 17:25:00,99.0,109.78946461040007,True
584,Stacking,2025-06-30 17:30:00,96.0,105.99384619425814,True
584,Stacking,2025-06-30 17:35:00,96.0,101.56840247571043,True
584,Stacking,2025-06-30 17:40:00,96.0,96.68859401665172,True
584,Stacking,2025-06-30 17:45:00,96.0,105.37025531363847,True
584,Stacking,2025-06-30 17:50:00,98.0,99.78457684728399,True
584,Stacking,2025-06-30 17:55:00,103.0,94.1915349741512,True
584,Stacking,2025-06-30 18:00:00,104.0,90.2204504174786,True
584,Stacking,2025-06-30 18:05:00,100.0,95.3436045775607,True
584,Stacking,2025-06-30 18:10:00,99.0,94.91611507384394,True
584,Stacking,2025-06-30 18:15:00,95.0,95.73293443381924,True
584,Stacking,2025-06-30 18:20:00,88.0,104.631610188974,True
584,Stacking,2025-06-30 18:25:00,89.0,116.72767657692974,True
584,Stacking,2025-06-30 18:30:00,100.0,109.82612343901948,True
584,Stacking,2025-06-30 18:35:00,106.0,98.47720564021107,True
584,Stacking,2025-06-30 18:40:00,118.0,99.45760176191067,True
584,Stacking,2025-06-30 18:45:00,133.0,91.43569785972579,True
584,Stacking,2025-06-30 18:50:00,142.0,85.84168801837328,True
584,Stacking,2025-06-30 18:55:00,150.0,94.66696400633977,True
584,Stacking,2025-06-30 19:00:00,158.0,123.32849396956593,True
584,Stacking,2025-06-30 19:05:00,163.0,125.23712056165466,True
584,Stacking,2025-06-30 19:10:00,167.0,152.9453846505114,True
584,Stacking,2025-06-30 19:15:00,171.0,172.0204000445027,True
584,Stacking,2025-06-30 19:20:00,175.0,163.22675260333347,True
584,Stacking,2025-06-30 19:25:00,173.0,172.7561402010246,True
584,Stacking,2025-06-30 19:30:00,171.0,182.32949073589856,True
584,Stacking,2025-06-30 19:35:00,168.0,175.99171129031188,True
584,Stacking,2025-06-30 19:40:00,175.0,177.3553774998593,True
584,Stacking,2025-06-30 19:45:00,182.0,181.12790483903572,True
584,Stacking,2025-06-30 19:50:00,185.0,186.54349621246357,True
584,Stacking,2025-06-30 19:55:00,188.0,172.39950303746056,True
584,Stacking,2025-06-30 20:00:00,190.0,171.05271336861915,True
584,Stacking,2025-06-30 20:05:00,189.0,176.39932644404973,True
584,Stacking,2025-06-30 20:10:00,187.0,194.87023568900943,True
584,Stacking,2025-06-30 20:15:00,185.0,197.95607746265583,True
584,Stacking,2025-06-30 20:20:00,185.0,194.10005468162825,True
584,Stacking,2025-06-30 20:25:00,184.0,194.39198944899854,True
584,Stacking,2025-06-30 20:30:00,181.0,189.31979995441847,True
584,Stacking,2025-06-30 20:35:00,178.0,179.17173034936718,True
584,Stacking,2025-06-30 20:40:00,174.0,175.47811513475204,True
584,Stacking,2025-06-30 20:45:00,168.0,176.73655839741429,True
584,Stacking,2025-06-30 20:50:00,164.0,186.18729603237506,True
584,Stacking,2025-06-30 20:55:00,159.0,176.6809623861218,True
584,Stacking,2025-06-30 21:00:00,154.0,169.21334493496212,True
584,Stacking,2025-06-30 21:05:00,155.0,172.6819377291964,True
584,Stacking,2025-06-30 21:10:00,154.0,170.72489010896203,True
584,Stacking,2025-06-30 21:15:00,147.0,154.90087570898055,True
584,Stacking,2025-06-30 21:20:00,138.0,154.55833093900472,True
584,Stacking,2025-06-30 21:25:00,132.0,146.43657612145253,True
584,Stacking,2025-06-30 21:30:00,128.0,132.94437950663007,True
584,Stacking,2025-06-30 21:35:00,127.0,152.85321499579504,True
584,Stacking,2025-06-30 21:40:00,127.0,143.92267901497866,True
584,Stacking,2025-06-30 21:45:00,128.0,128.40868403400526,True
584,Stacking,2025-06-30 21:50:00,131.0,117.32477200486953,True
584,Stacking,2025-06-30 21:55:00,134.0,113.171037800494,True
584,Stacking,2025-06-30 22:00:00,134.0,115.82486001104698,True
584,Stacking,2025-06-30 22:05:00,133.0,121.73968727139156,True
584,Stacking,2025-06-30 22:10:00,131.0,125.87756694297526,True
584,Stacking,2025-06-30 22:15:00,130.0,131.77528733409417,True
584,Stacking,2025-06-30 22:20:00,131.0,139.4692310597706,True
584,Stacking,2025-06-30 22:25:00,133.0,143.04528480874313,True
584,Stacking,2025-06-30 22:30:00,135.0,132.76978590566046,True
584,Stacking,2025-06-30 22:35:00,136.0,131.3153971674144,True
584,Stacking,2025-06-30 22:40:00,136.0,125.61634088887806,True
584,Stacking,2025-06-30 22:45:00,138.0,126.61694741052682,True
584,Stacking,2025-06-30 22:50:00,138.0,130.95813474678417,True
584,Stacking,2025-06-30 22:55:00,138.0,136.54404967865437,True
584,Stacking,2025-06-30 23:00:00,137.0,139.54555679862298,True
584,Stacking,2025-06-30 23:05:00,136.0,139.43616190850202,True
584,Stacking,2025-06-30 23:10:00,136.0,138.0731703091115,True
584,Stacking,2025-06-30 23:15:00,136.0,143.66747922225215,True
584,Stacking,2025-06-30 23:20:00,138.0,138.22329402710503,True
584,Stacking,2025-06-30 23:25:00,141.0,138.20116296517028,True
584,Stacking,2025-06-30 23:30:00,144.0,135.03299576952026,True
584,Stacking,2025-06-30 23:35:00,146.0,134.40275309539274,True
584,Stacking,2025-06-30 23:40:00,148.0,135.27109401104155,True
584,Stacking,2025-06-30 23:45:00,148.0,134.47131038847314,True
584,Stacking,2025-06-30 23:50:00,147.0,141.6337820829126,True
584,Stacking,2025-06-30 23:55:00,145.0,149.51048073237507,True
584,Stacking,2025-07-01 00:00:00,145.0,153.0784676276294,True
584,Stacking,2025-07-01 00:05:00,147.0,151.59732282428612,True
584,Stacking,2025-07-01 00:10:00,149.0,154.598307341359,True
584,Stacking,2025-07-01 00:15:00,153.0,149.69454543006378,True
584,Stacking,2025-07-01 00:20:00,158.0,143.21788233348747,True
584,Stacking,2025-07-01 00:25:00,165.0,137.97882929433737,True
584,Stacking,2025-07-01 00:30:00,170.0,144.6249978793647,True
584,Stacking,2025-07-01 00:35:00,176.0,150.46948044309056,True
584,Stacking,2025-07-01 00:40:00,181.0,153.5561760468163,True
584,Stacking,2025-07-01 00:45:00,186.0,162.65714140458488,True
584,Stacking,2025-07-01 00:50:00,188.0,172.20745522408052,True
584,Stacking,2025-07-01 00:55:00,190.0,183.34526570246086,True
584,Stacking,2025-07-01 01:00:00,193.0,183.4298661664563,True
584,Stacking,2025-07-01 01:05:00,197.0,191.98157207992136,True
584,Stacking,2025-07-01 01:10:00,200.0,193.4895549972497,True
584,Stacking,2025-07-01 01:15:00,203.0,200.36342570808347,True
584,Stacking,2025-07-01 01:20:00,206.0,192.64113732678206,True
584,Stacking,2025-07-01 01:25:00,210.0,197.2257292191604,True
584,Stacking,2025-07-01 01:30:00,215.0,202.69933796270567,True
584,Stacking,2025-07-01 01:35:00,220.0,208.16891330332922,True
584,Stacking,2025-07-01 01:40:00,225.0,210.99617627453335,True
584,Stacking,2025-07-01 01:45:00,227.0,212.69224221475508,True
584,Stacking,2025-07-01 01:50:00,229.0,215.88810148709058,True
584,Stacking,2025-07-01 01:55:00,230.0,224.31877459042582,True
584,Stacking,2025-07-01 02:00:00,230.0,230.74976855722005,True
584,Stacking,2025-07-01 02:05:00,230.0,235.17742337463966,True
584,Stacking,2025-07-01 02:10:00,230.0,238.10551207383747,True
584,Stacking,2025-07-01 02:15:00,231.0,233.46775349210242,True
584,Stacking,2025-07-01 02:20:00,232.0,236.3450970452832,True
584,Stacking,2025-07-01 02:25:00,232.0,234.42637218426032,True
584,Stacking,2025-07-01 02:30:00,233.0,232.99863364941734,True
584,Stacking,2025-07-01 02:35:00,235.0,232.42080400717825,True
584,Stacking,2025-07-01 02:40:00,235.0,231.7710807616748,True
584,Stacking,2025-07-01 02:45:00,235.0,232.98968317633899,True
584,Stacking,2025-07-01 02:50:00,235.0,234.22915907128288,True
584,Stacking,2025-07-01 02:55:00,234.0,232.2310138674858,True
584,Stacking,2025-07-01 03:00:00,234.0,234.18117529652227,True
584,Stacking,2025-07-01 03:05:00,234.0,236.89579810712894,True
584,Stacking,2025-07-01 03:10:00,234.0,234.85414924518926,True
584,Stacking,2025-07-01 03:15:00,235.0,235.0870616232528,True
584,Stacking,2025-07-01 03:20:00,234.0,234.78753763745982,True
584,Stacking,2025-07-01 03:25:00,229.0,231.10856722572925,True
584,Stacking,2025-07-01 03:30:00,221.0,232.35684700429914,True
584,Stacking,2025-07-01 03:35:00,215.0,232.19353893970938,True
584,Stacking,2025-07-01 03:40:00,211.0,232.135541592328,True
584,Stacking,2025-07-01 03:45:00,207.0,235.94177639452326,True
584,Stacking,2025-07-01 03:50:00,205.0,230.33688539234916,True
584,Stacking,2025-07-01 03:55:00,205.0,220.27727993821722,True
584,Stacking,2025-07-01 04:00:00,205.0,208.90782042859522,True
584,Stacking,2025-07-01 04:05:00,205.0,204.25931597424872,True
584,Stacking,2025-07-01 04:10:00,205.0,201.15556299692096,True
584,Stacking,2025-07-01 04:15:00,205.0,195.35692951850785,True
584,Stacking,2025-07-01 04:20:00,205.0,194.2548084281552,True
584,Stacking,2025-07-01 04:25:00,178.0,199.3782089081754,True
584,Stacking,2025-07-01 04:30:00,176.0,200.13906288010213,True
584,Stacking,2025-07-01 04:35:00,174.0,201.80549111974,True
584,Stacking,2025-07-01 04:40:00,172.0,203.36770690308248,True
584,Stacking,2025-07-01 04:45:00,169.0,204.68520696520375,True
584,Stacking,2025-07-01 04:50:00,167.0,204.59476780534723,True
584,Stacking,2025-07-01 04:55:00,165.0,167.6601311876913,True
584,Stacking,2025-07-01 05:00:00,165.0,172.38189059757534,True
584,Stacking,2025-07-01 05:05:00,168.0,170.57892549037092,True
584,Stacking,2025-07-01 05:10:00,171.0,162.31976429968594,True
584,Stacking,2025-07-01 05:15:00,171.0,154.8039107331174,True
584,Stacking,2025-07-01 05:20:00,171.0,157.26231231018974,True
584,Stacking,2025-07-01 05:25:00,170.0,153.84401983305872,True
584,Stacking,2025-07-01 05:30:00,170.0,165.8684686426447,True
584,Stacking,2025-07-01 05:35:00,170.0,172.95846257055493,True
584,Stacking,2025-07-01 05:40:00,165.0,178.4209023952912,True
584,Stacking,2025-07-01 05:45:00,161.0,171.75557654525693,True
584,Stacking,2025-07-01 05:50:00,158.0,172.8822261532034,True
584,Stacking,2025-07-01 05:55:00,155.0,165.58688380076174,True
584,Stacking,2025-07-01 06:00:00,148.0,168.21728459871267,True
584,Stacking,2025-07-01 06:05:00,140.0,166.76915049916013,True
584,Stacking,2025-07-01 06:10:00,133.0,150.79206132683194,True
584,Stacking,2025-07-01 06:15:00,126.0,147.44510578720426,True
584,Stacking,2025-07-01 06:20:00,121.0,143.98525164181092,True
584,Stacking,2025-07-01 06:25:00,115.0,140.17418206981876,True
584,Stacking,2025-07-01 06:30:00,112.0,125.81553163094313,True
584,Stacking,2025-07-01 06:35:00,108.0,116.42020448703612,True
584,Stacking,2025-07-01 06:40:00,107.0,112.31308325449287,True
584,Stacking,2025-07-01 06:45:00,104.0,105.0458571280571,True
584,Stacking,2025-07-01 06:50:00,105.0,103.0824763032471,True
584,Stacking,2025-07-01 06:55:00,106.0,95.50391473019535,True
584,Stacking,2025-07-01 07:00:00,109.0,100.83496934801745,True
584,Stacking,2025-07-01 07:05:00,115.0,93.67822264116657,True
584,Stacking,2025-07-01 07:10:00,121.0,99.66727446262287,True
584,Stacking,2025-07-01 07:15:00,124.0,94.46788601878957,True
584,Stacking,2025-07-01 07:20:00,128.0,106.01662620634225,True
584,Stacking,2025-07-01 07:25:00,132.0,106.68520138272974,True
584,Stacking,2025-07-01 07:30:00,136.0,116.07551266110332,True
584,Stacking,2025-07-01 07:35:00,139.0,128.4704329151693,True
584,Stacking,2025-07-01 07:40:00,140.0,135.69634711068062,True
584,Stacking,2025-07-01 07:45:00,139.0,132.4096962657436,True
584,Stacking,2025-07-01 07:50:00,140.0,141.8138873389282,True
584,Stacking,2025-07-01 07:55:00,142.0,143.65603084752178,True
584,Stacking,2025-07-01 08:00:00,146.0,148.0642076446566,True
584,Stacking,2025-07-01 08:05:00,153.0,150.5180338159816,True
584,Stacking,2025-07-01 08:10:00,159.0,144.79544673785082,True
584,Stacking,2025-07-01 08:15:00,162.0,153.52114483968063,True
584,Stacking,2025-07-01 08:20:00,162.0,157.29258278863855,True
584,Stacking,2025-07-01 08:25:00,161.0,162.5357582265106,True
584,Stacking,2025-07-01 08:30:00,160.0,170.29504323751664,True
584,Stacking,2025-07-01 08:35:00,153.0,175.24190528177547,True
584,Stacking,2025-07-01 08:40:00,147.0,172.4772383014303,True
584,Stacking,2025-07-01 08:45:00,141.0,163.42678124012585,True
584,Stacking,2025-07-01 08:50:00,136.0,158.04275273443466,True
584,Stacking,2025-07-01 08:55:00,132.0,149.7004868673535,True
584,Stacking,2025-07-01 09:00:00,128.0,151.99683044020435,True
584,Stacking,2025-07-01 09:05:00,122.0,127.34588593978395,True
584,Stacking,2025-07-01 09:10:00,118.0,126.87050080521931,True
584,Stacking,2025-07-01 09:15:00,114.0,122.05651965474227,True
584,Stacking,2025-07-01 09:20:00,111.0,120.20068528538509,True
584,Stacking,2025-07-01 09:25:00,108.0,117.70280219766532,True
584,Stacking,2025-07-01 09:30:00,106.0,115.48773750976312,True
584,Stacking,2025-07-01 09:35:00,105.0,103.47285482346649,True
584,Stacking,2025-07-01 09:40:00,102.0,105.98610793587616,True
584,Stacking,2025-07-01 09:45:00,99.0,100.92916946385502,True
584,Stacking,2025-07-01 09:50:00,97.0,101.56767061390741,True
584,Stacking,2025-07-01 09:55:00,95.0,97.93167572701256,True
584,Stacking,2025-07-01 10:00:00,95.0,97.68855402426374,True
584,Stacking,2025-07-01 10:05:00,95.0,99.00284983106442,True
584,Stacking,2025-07-01 10:10:00,94.0,93.42197666520711,True
584,Stacking,2025-07-01 10:15:00,93.0,91.35879515787485,True
584,Stacking,2025-07-01 10:20:00,92.0,91.41992970848736,True
584,Stacking,2025-07-01 10:25:00,91.0,89.83551133773379,True
584,Stacking,2025-07-01 10:30:00,90.0,94.79401078882664,True
584,Stacking,2025-07-01 10:35:00,90.0,94.87254576976491,True
584,Stacking,2025-07-01 10:40:00,89.0,92.51386624165734,True
584,Stacking,2025-07-01 10:45:00,89.0,91.37600022417665,True
584,Stacking,2025-07-01 10:50:00,88.0,90.89160301397943,True
584,Stacking,2025-07-01 10:55:00,87.0,90.27914326831907,True
584,Stacking,2025-07-01 11:00:00,87.0,89.79752491714102,True
584,Stacking,2025-07-01 11:05:00,89.0,93.32912685141761,True
584,Stacking,2025-07-01 11:10:00,91.0,88.09609512834275,True
584,Stacking,2025-07-01 11:15:00,94.0,91.81586251295086,True
584,Stacking,2025-07-01 11:20:00,95.0,87.30685322425165,True
584,Stacking,2025-07-01 11:25:00,95.0,86.16325257792406,True
584,Stacking,2025-07-01 11:30:00,94.0,89.66278000550098,True
584,Stacking,2025-07-01 11:35:00,92.0,98.24478341806062,True
584,Stacking,2025-07-01 11:40:00,91.0,100.69582252173538,True
584,Stacking,2025-07-01 11:45:00,90.0,107.9988010605496,True
584,Stacking,2025-07-01 11:50:00,89.0,102.05099833501914,True
584,Stacking,2025-07-01 11:55:00,88.0,99.92432156563716,True
584,Stacking,2025-07-01 12:00:00,88.0,95.62113147733339,True
584,Stacking,2025-07-01 12:05:00,89.0,92.1095039657327,True
584,Stacking,2025-07-01 12:10:00,91.0,91.4526365076563,True
584,Stacking,2025-07-01 12:15:00,93.0,91.30383619396072,True
584,Stacking,2025-07-01 12:20:00,97.0,89.27914515883165,True
584,Stacking,2025-07-01 12:25:00,100.0,88.44609475607785,True
584,Stacking,2025-07-01 12:30:00,103.0,93.22285832538826,True
584,Stacking,2025-07-01 12:35:00,106.0,95.99933644376937,True
584,Stacking,2025-07-01 12:40:00,109.0,101.48803656128483,True
584,Stacking,2025-07-01 12:45:00,113.0,116.1497950008042,True
584,Stacking,2025-07-01 12:50:00,114.0,125.97071246569682,True
584,Stacking,2025-07-01 12:55:00,114.0,123.02545251416149,True
584,Stacking,2025-07-01 13:00:00,113.0,124.9806675397842,True
584,Stacking,2025-07-01 13:05:00,112.0,127.8680405877268,True
584,Stacking,2025-07-01 13:10:00,112.0,127.4064071439715,True
584,Stacking,2025-07-01 13:15:00,111.0,135.5000373151114,True
584,Stacking,2025-07-01 13:20:00,108.0,126.05089136553849,True
584,Stacking,2025-07-01 13:25:00,107.0,124.33901783961008,True
584,Stacking,2025-07-01 13:30:00,106.0,115.33230696715259,True
584,Stacking,2025-07-01 13:35:00,105.0,110.24329414307306,True
584,Stacking,2025-07-01 13:40:00,107.0,115.75402122084233,True
584,Stacking,2025-07-01 13:45:00,108.0,110.071498319258,True
584,Stacking,2025-07-01 13:50:00,107.0,103.662563809444,True
584,Stacking,2025-07-01 13:55:00,107.0,105.20632092844657,True
584,Stacking,2025-07-01 14:00:00,106.0,104.32317690861618,True
584,Stacking,2025-07-01 14:05:00,104.0,103.10744515063963,True
584,Stacking,2025-07-01 14:10:00,105.0,115.28806237063716,True
584,Stacking,2025-07-01 14:15:00,106.0,113.21212298400633,True
584,Stacking,2025-07-01 14:20:00,105.0,105.92376248635043,True
584,Stacking,2025-07-01 14:25:00,107.0,109.89572581273512,True
584,Stacking,2025-07-01 14:30:00,110.0,103.38324916375105,True
584,Stacking,2025-07-01 14:35:00,110.0,101.20299681143722,True
584,Stacking,2025-07-01 14:40:00,111.0,110.000143221319,True
584,Stacking,2025-07-01 14:45:00,113.0,109.98247329914976,True
584,Stacking,2025-07-01 14:50:00,115.0,103.46628964450774,True
584,Stacking,2025-07-01 14:55:00,118.0,114.81371445961237,True
584,Stacking,2025-07-01 15:00:00,119.0,118.77969809263297,True
584,Stacking,2025-07-01 15:05:00,120.0,115.18846892474622,True
584,Stacking,2025-07-01 15:10:00,121.0,118.19612239936926,True
584,Stacking,2025-07-01 15:15:00,123.0,120.53496773951801,True
584,Stacking,2025-07-01 15:20:00,127.0,121.9641553033747,True
584,Stacking,2025-07-01 15:25:00,130.0,128.51662120522315,True
584,Stacking,2025-07-01 15:30:00,132.0,123.56939289522784,True
584,Stacking,2025-07-01 15:35:00,136.0,125.47331318579582,True
584,Stacking,2025-07-01 15:40:00,141.0,126.5706132514936,True
584,Stacking,2025-07-01 15:45:00,148.0,130.2417694632735,True
584,Stacking,2025-07-01 15:50:00,152.0,141.60510664034334,True
584,Stacking,2025-07-01 15:55:00,153.0,141.67067251157957,True
584,Stacking,2025-07-01 16:00:00,153.0,141.3475186795685,True
584,Stacking,2025-07-01 16:05:00,154.0,149.67174468747461,True
584,Stacking,2025-07-01 16:10:00,154.0,156.38110014529812,True
584,Stacking,2025-07-01 16:15:00,154.0,169.42274826199753,True
584,Stacking,2025-07-01 16:20:00,154.0,163.4452068967315,True
584,Stacking,2025-07-01 16:25:00,154.0,157.9307066570627,True
584,Stacking,2025-07-01 16:30:00,154.0,156.65493144189065,True
584,Stacking,2025-07-01 16:35:00,154.0,156.62523309849922,True
584,Stacking,2025-07-01 16:55:00,227.0,154.12775038607708,True
584,Stacking,2025-07-01 17:00:00,233.0,153.60125686030764,True
584,Stacking,2025-07-01 17:05:00,235.0,173.44945519636263,True
584,Stacking,2025-07-01 17:10:00,236.0,177.1854229820331,False
584,Stacking,2025-07-01 17:15:00,237.0,182.2729003744084,False
584,Stacking,2025-07-01 17:20:00,236.0,182.5205153035666,False
584,Stacking,2025-07-01 17:25:00,234.0,223.5155061250987,True
584,Stacking,2025-07-01 17:30:00,231.0,237.48006146265433,True
584,Stacking,2025-07-01 17:35:00,230.0,230.00108453374872,True
584,Stacking,2025-07-01 17:40:00,228.0,228.46193031110872,True
584,Stacking,2025-07-01 17:45:00,227.0,229.23914187491818,True
584,Stacking,2025-07-01 17:50:00,224.0,220.84053278254666,True
584,Stacking,2025-07-01 17:55:00,220.0,214.5618436437513,True
584,Stacking,2025-07-01 18:00:00,216.0,209.64381710083833,True
584,Stacking,2025-07-01 18:05:00,212.0,218.460662785639,True
584,Stacking,2025-07-01 18:10:00,208.0,210.3938567988102,True
584,Stacking,2025-07-01 18:15:00,203.0,214.829248138962,True
584,Stacking,2025-07-01 18:20:00,199.0,203.3639861320251,True
584,Stacking,2025-07-01 18:25:00,196.0,200.24179124841407,True
584,Stacking,2025-07-01 18:30:00,194.0,195.25761435736692,True
584,Stacking,2025-07-01 18:35:00,194.0,192.45864763971073,True
584,Stacking,2025-07-01 18:40:00,193.0,187.77363871049667,True
584,Stacking,2025-07-01 18:45:00,193.0,180.39576158491985,True
584,Stacking,2025-07-01 18:50:00,192.0,180.14481893877385,True
584,Stacking,2025-07-01 18:55:00,191.0,179.01813177606599,True
584,Stacking,2025-07-01 19:00:00,191.0,179.15602291405662,True
584,Stacking,2025-07-01 19:05:00,191.0,186.00363274998048,True
584,Stacking,2025-07-01 19:10:00,191.0,180.75366434411785,True
584,Stacking,2025-07-01 19:15:00,191.0,187.3904628351046,True
584,Stacking,2025-07-01 19:20:00,190.0,182.41093534489585,True
584,Stacking,2025-07-01 19:25:00,187.0,184.89668320685684,True
584,Stacking,2025-07-01 19:30:00,185.0,188.8779384973047,True
584,Stacking,2025-07-01 19:35:00,182.0,189.4376048235715,True
584,Stacking,2025-07-01 19:40:00,179.0,190.7913900432875,True
584,Stacking,2025-07-01 19:45:00,176.0,190.76231372557825,True
584,Stacking,2025-07-01 19:50:00,174.0,185.40053679400788,True
584,Stacking,2025-07-01 19:55:00,173.0,177.5120954273922,True
584,Stacking,2025-07-01 20:00:00,173.0,178.84733667910376,True
584,Stacking,2025-07-01 20:05:00,173.0,170.8625898556961,True
584,Stacking,2025-07-01 20:10:00,173.0,166.38188623442608,True
584,Stacking,2025-07-01 20:15:00,171.0,167.34965837106094,True
584,Stacking,2025-07-01 20:20:00,163.0,167.2713640210868,True
584,Stacking,2025-07-01 20:25:00,150.0,167.26320486815794,True
584,Stacking,2025-07-01 20:30:00,137.0,168.8907257450958,True
584,Stacking,2025-07-01 20:35:00,127.0,169.47578017921228,True
584,Stacking,2025-07-01 20:40:00,118.0,170.15630717631421,True
584,Stacking,2025-07-01 20:45:00,112.0,160.93756455529632,True
584,Stacking,2025-07-01 20:50:00,108.0,136.95356846240324,True
584,Stacking,2025-07-01 20:55:00,107.0,120.66731897480395,True
584,Stacking,2025-07-01 21:00:00,105.0,106.20945583373124,True
584,Stacking,2025-07-01 21:05:00,103.0,103.82552084118919,True
584,Stacking,2025-07-01 21:10:00,101.0,95.88019704617442,True
584,Stacking,2025-07-01 21:15:00,101.0,94.37335936149135,True
584,Stacking,2025-07-01 21:20:00,102.0,95.71317130826856,True
584,Stacking,2025-07-01 21:25:00,105.0,101.65544399225283,True
584,Stacking,2025-07-01 21:30:00,108.0,98.48424627908786,True
584,Stacking,2025-07-01 21:35:00,111.0,97.25448736296454,True
584,Stacking,2025-07-01 21:40:00,114.0,94.73939504284384,True
584,Stacking,2025-07-01 21:45:00,116.0,100.3474695403273,True
584,Stacking,2025-07-01 21:50:00,118.0,103.98507489747185,True
584,Stacking,2025-07-01 21:55:00,120.0,114.70546963888917,True
584,Stacking,2025-07-01 22:00:00,122.0,116.70692163776579,True
584,Stacking,2025-07-01 22:05:00,124.0,118.90410332026747,True
584,Stacking,2025-07-01 22:10:00,125.0,123.93019233728752,True
584,Stacking,2025-07-01 22:15:00,126.0,121.21675223507117,True
584,Stacking,2025-07-01 22:20:00,127.0,124.04294778265269,True
584,Stacking,2025-07-01 22:25:00,127.0,126.15777808093134,True
584,Stacking,2025-07-01 22:30:00,129.0,129.2235521782063,True
584,Stacking,2025-07-01 22:35:00,130.0,131.42483493592556,True
584,Stacking,2025-07-01 22:40:00,131.0,129.8706852303407,True
584,Stacking,2025-07-01 22:45:00,131.0,131.14721636703305,True
584,Stacking,2025-07-01 22:50:00,130.0,132.9112857072945,True
584,Stacking,2025-07-01 22:55:00,130.0,131.15412386530684,True
584,Stacking,2025-07-01 23:00:00,132.0,137.3494206041174,True
584,Stacking,2025-07-01 23:05:00,134.0,134.96376205954292,True
584,Stacking,2025-07-01 23:10:00,137.0,135.40708409219923,True
584,Stacking,2025-07-01 23:15:00,140.0,132.89501575363383,True
584,Stacking,2025-07-01 23:20:00,141.0,130.06419016977014,True
584,Stacking,2025-07-01 23:25:00,141.0,131.8091263261932,True
584,Stacking,2025-07-01 23:30:00,141.0,138.40133934814588,True
584,Stacking,2025-07-01 23:35:00,143.0,141.42451896784985,True
584,Stacking,2025-07-01 23:40:00,141.0,146.8262548732179,True
584,Stacking,2025-07-01 23:45:00,140.0,150.46534296158706,True
584,Stacking,2025-07-01 23:50:00,141.0,146.8668480957195,True
584,Stacking,2025-07-01 23:55:00,143.0,144.8484641645853,True
584,Stacking,2025-07-02 00:00:00,146.0,144.13933447895897,True
584,Stacking,2025-07-02 00:05:00,149.0,148.83250573765594,True
584,Stacking,2025-07-02 00:10:00,152.0,138.3310672930941,True
584,Stacking,2025-07-02 00:15:00,154.0,138.14866053450285,True
584,Stacking,2025-07-02 00:20:00,156.0,143.66564112504824,True
584,Stacking,2025-07-02 00:25:00,157.0,146.70754247880063,True
584,Stacking,2025-07-02 00:30:00,158.0,154.04358418542768,True
584,Stacking,2025-07-02 00:35:00,157.0,158.47452308365877,True
584,Stacking,2025-07-02 00:40:00,154.0,160.23397537513014,True
584,Stacking,2025-07-02 00:45:00,151.0,158.53565739725664,True
584,Stacking,2025-07-02 00:50:00,149.0,163.5666291172898,True
584,Stacking,2025-07-02 00:55:00,147.0,162.10015839793016,True
584,Stacking,2025-07-02 01:00:00,145.0,163.6375512459336,True
584,Stacking,2025-07-02 01:05:00,143.0,157.74525847463386,True
584,Stacking,2025-07-02 01:10:00,142.0,149.4512286192605,True
584,Stacking,2025-07-02 01:15:00,142.0,146.89000042660362,True
584,Stacking,2025-07-02 01:20:00,143.0,145.39114651926243,True
584,Stacking,2025-07-02 01:25:00,143.0,142.97802857537445,True
584,Stacking,2025-07-02 01:30:00,144.0,140.40786584293122,True
584,Stacking,2025-07-02 01:35:00,147.0,137.89962381537768,True
584,Stacking,2025-07-02 01:40:00,150.0,137.56690221146744,True
584,Stacking,2025-07-02 01:45:00,152.0,140.589342433211,True
584,Stacking,2025-07-02 01:50:00,153.0,143.60641439783865,True
584,Stacking,2025-07-02 01:55:00,152.0,142.27877793645305,True
584,Stacking,2025-07-02 02:00:00,151.0,147.2538203826656,True
584,Stacking,2025-07-02 02:05:00,150.0,153.90362203600932,True
584,Stacking,2025-07-02 02:10:00,149.0,157.0474287212897,True
584,Stacking,2025-07-02 02:15:00,150.0,155.3286901011789,True
584,Stacking,2025-07-02 02:20:00,151.0,156.65914292993918,True
584,Stacking,2025-07-02 02:25:00,149.0,150.38145981661125,True
584,Stacking,2025-07-02 02:30:00,148.0,149.0896997256653,True
584,Stacking,2025-07-02 02:35:00,147.0,147.78226719252433,True
584,Stacking,2025-07-02 02:40:00,145.0,146.06714256377958,True
584,Stacking,2025-07-02 02:45:00,145.0,152.42295782109312,True
584,Stacking,2025-07-02 02:50:00,145.0,152.75452165994923,True
584,Stacking,2025-07-02 02:55:00,145.0,146.44196758993786,True
584,Stacking,2025-07-02 03:00:00,144.0,146.0526156382367,True
584,Stacking,2025-07-02 03:05:00,143.0,143.73532774549483,True
584,Stacking,2025-07-02 03:10:00,141.0,140.93999590542265,True
584,Stacking,2025-07-02 03:15:00,140.0,144.71780044133166,True
584,Stacking,2025-07-02 03:20:00,141.0,144.82477187929243,True
584,Stacking,2025-07-02 03:25:00,140.0,145.6062243044461,True
584,Stacking,2025-07-02 03:30:00,139.0,141.96322151053866,True
584,Stacking,2025-07-02 03:35:00,138.0,139.6315987557363,True
584,Stacking,2025-07-02 03:40:00,138.0,137.25367997068332,True
584,Stacking,2025-07-02 03:45:00,137.0,135.9788230531768,True
584,Stacking,2025-07-02 03:50:00,137.0,143.0499624685816,True
584,Stacking,2025-07-02 03:55:00,135.0,136.08397774347813,True
584,Stacking,2025-07-02 04:00:00,135.0,136.75995413457335,True
584,Stacking,2025-07-02 04:05:00,134.0,134.37984365740306,True
584,Stacking,2025-07-02 04:10:00,133.0,136.1387076794882,True
584,Stacking,2025-07-02 04:15:00,132.0,134.79647891093646,True
584,Stacking,2025-07-02 04:20:00,131.0,136.9903587728335,True
584,Stacking,2025-07-02 04:25:00,130.0,130.956355582625,True
584,Stacking,2025-07-02 04:30:00,129.0,134.26835866115414,True
584,Stacking,2025-07-02 04:35:00,129.0,131.1490235383839,True
584,Stacking,2025-07-02 04:40:00,129.0,130.62807237225024,True
584,Stacking,2025-07-02 04:45:00,129.0,127.4382233733879,True
584,Stacking,2025-07-02 04:50:00,129.0,125.73522918324171,True
584,Stacking,2025-07-02 04:55:00,129.0,125.54559203533849,True
584,Stacking,2025-07-02 05:00:00,129.0,125.41653392780245,True
584,Stacking,2025-07-02 05:05:00,129.0,128.03570362652488,True
584,Stacking,2025-07-02 05:45:00,120.0,151.17140176231015,False
584,Stacking,2025-07-02 05:50:00,117.0,151.10027489911022,False
584,Stacking,2025-07-02 05:55:00,113.0,151.06539621387378,False
584,Stacking,2025-07-02 06:00:00,110.0,151.2212428586626,False
584,Stacking,2025-07-02 06:05:00,108.0,157.75196126821916,False
584,Stacking,2025-07-02 06:10:00,107.0,157.8218466409852,False
584,Stacking,2025-07-02 06:15:00,106.0,122.83811093889523,True
584,Stacking,2025-07-02 06:20:00,106.0,114.61403027255896,True
584,Stacking,2025-07-02 06:25:00,106.0,109.18144052384632,True
584,Stacking,2025-07-02 06:30:00,106.0,104.74958085160162,True
584,Stacking,2025-07-02 06:35:00,106.0,103.16195544834268,True
584,Stacking,2025-07-02 06:40:00,107.0,102.6889321355349,True
584,Stacking,2025-07-02 06:45:00,109.0,101.06690848327663,True
584,Stacking,2025-07-02 06:50:00,111.0,105.70852433471866,True
584,Stacking,2025-07-02 06:55:00,113.0,106.037070117597,True
584,Stacking,2025-07-02 07:00:00,116.0,107.05880470366705,True
584,Stacking,2025-07-02 07:05:00,117.0,107.26579683078248,True
584,Stacking,2025-07-02 07:10:00,118.0,110.24596523731282,True
584,Stacking,2025-07-02 07:15:00,119.0,115.43988093984554,True
584,Stacking,2025-07-02 07:20:00,120.0,116.98430350603252,True
584,Stacking,2025-07-02 07:25:00,120.0,118.95147336606435,True
584,Stacking,2025-07-02 07:30:00,120.0,125.69435843179295,True
584,Stacking,2025-07-02 07:35:00,120.0,121.73505054603983,True
584,Stacking,2025-07-02 07:40:00,120.0,123.17980502122049,True
584,Stacking,2025-07-02 07:45:00,120.0,123.50881503042639,True
584,Stacking,2025-07-02 07:50:00,122.0,124.4311489770456,True
584,Stacking,2025-07-02 07:55:00,123.0,123.62496318172066,True
584,Stacking,2025-07-02 08:00:00,126.0,123.73744445646454,True
584,Stacking,2025-07-02 08:05:00,130.0,123.35420133139874,True
584,Stacking,2025-07-02 08:10:00,136.0,123.51050007114394,True
584,Stacking,2025-07-02 08:15:00,143.0,123.29307518340343,True
584,Stacking,2025-07-02 08:20:00,152.0,128.47147519443072,True
584,Stacking,2025-07-02 08:25:00,161.0,126.85721205797509,True
584,Stacking,2025-07-02 08:30:00,169.0,135.83418980983393,True
584,Stacking,2025-07-02 08:35:00,176.0,141.24410078856891,True
584,Stacking,2025-07-02 08:40:00,180.0,152.98729734287835,True
584,Stacking,2025-07-02 08:45:00,184.0,163.75040387450426,True
584,Stacking,2025-07-02 08:50:00,186.0,177.83263126784462,True
584,Stacking,2025-07-02 08:55:00,188.0,187.3403932190759,True
584,Stacking,2025-07-02 09:00:00,188.0,192.12545088558588,True
584,Stacking,2025-07-02 09:05:00,189.0,197.59235223612873,True
584,Stacking,2025-07-02 09:10:00,190.0,189.8851999185308,True
584,Stacking,2025-07-02 09:15:00,188.0,196.2215471148167,True
584,Stacking,2025-07-02 09:20:00,192.0,192.99836569477085,True
584,Stacking,2025-07-02 09:25:00,197.0,193.7139990134353,True
584,Stacking,2025-07-02 09:30:00,202.0,190.11599713997455,True
584,Stacking,2025-07-02 09:35:00,206.0,199.21915175795192,True
584,Stacking,2025-07-02 09:40:00,207.0,198.98850373011462,True
584,Stacking,2025-07-02 09:45:00,205.0,192.40521040619612,True
584,Stacking,2025-07-02 09:50:00,200.0,206.32436671227936,True
584,Stacking,2025-07-02 09:55:00,194.0,208.81441217322882,True
584,Stacking,2025-07-02 10:00:00,186.0,212.20029075989189,True
584,Stacking,2025-07-02 10:05:00,177.0,212.806033643003,True
584,Stacking,2025-07-02 10:10:00,166.0,200.47325687753124,True
584,Stacking,2025-07-02 10:15:00,157.0,190.03273759026547,True
584,Stacking,2025-07-02 10:20:00,149.0,177.46490616039463,True
584,Stacking,2025-07-02 10:25:00,143.0,167.49331660707497,True
584,Stacking,2025-07-02 10:30:00,138.0,157.97592130405428,True
584,Stacking,2025-07-02 10:35:00,135.0,145.6596430674452,True
584,Stacking,2025-07-02 10:40:00,131.0,128.69785142062622,True
584,Stacking,2025-07-02 10:45:00,126.0,123.23250398038324,True
584,Stacking,2025-07-02 10:50:00,121.0,119.24278965026049,True
584,Stacking,2025-07-02 10:55:00,116.0,119.24180789715493,True
584,Stacking,2025-07-02 11:00:00,111.0,117.06078474472567,True
584,Stacking,2025-07-02 11:05:00,105.0,121.99906894294053,True
584,Stacking,2025-07-02 11:10:00,101.0,113.71048589248298,True
584,Stacking,2025-07-02 11:15:00,99.0,106.68425139265483,True
584,Stacking,2025-07-02 11:20:00,99.0,101.93278753417538,True
584,Stacking,2025-07-02 11:25:00,100.0,97.02957886329935,True
584,Stacking,2025-07-02 11:30:00,101.0,93.37886950380525,True
584,Stacking,2025-07-02 11:35:00,104.0,89.11176659492699,True
584,Stacking,2025-07-02 11:40:00,106.0,89.17190021518435,True
584,Stacking,2025-07-02 11:45:00,106.0,92.49451916060141,True
584,Stacking,2025-07-02 11:50:00,107.0,98.52065419908459,True
584,Stacking,2025-07-02 11:55:00,108.0,101.15417336847158,True
584,Stacking,2025-07-02 12:00:00,110.0,102.67625327664167,True
584,Stacking,2025-07-02 12:05:00,113.0,113.42604678151264,True
584,Stacking,2025-07-02 12:10:00,116.0,111.79899503884297,True
584,Stacking,2025-07-02 12:15:00,120.0,108.0438159208996,True
584,Stacking,2025-07-02 12:20:00,123.0,112.36435429046387,True
584,Stacking,2025-07-02 12:25:00,129.0,113.35995949752092,True
584,Stacking,2025-07-02 12:30:00,135.0,118.93194775184259,True
584,Stacking,2025-07-02 12:35:00,140.0,122.36446837426199,True
584,Stacking,2025-07-02 12:40:00,156.0,126.33493954744142,True
584,Stacking,2025-07-02 12:45:00,165.0,134.23616080389323,True
584,Stacking,2025-07-02 12:50:00,169.0,134.92116616326038,True
584,Stacking,2025-07-02 12:55:00,172.0,149.47055300716752,True
584,Stacking,2025-07-02 13:00:00,177.0,152.59741806262738,True
584,Stacking,2025-07-02 13:05:00,180.0,155.07008794189616,True
584,Stacking,2025-07-02 13:10:00,189.0,186.54152002505353,True
584,Stacking,2025-07-02 13:15:00,202.0,184.95946651055496,True
584,Stacking,2025-07-02 13:20:00,218.0,180.95083182724406,True
584,Stacking,2025-07-02 13:25:00,229.0,179.93731183259936,True
584,Stacking,2025-07-02 13:30:00,237.0,192.48684241389654,True
584,Stacking,2025-07-02 13:35:00,244.0,187.94325792114677,True
584,Stacking,2025-07-02 13:40:00,247.0,209.57427058709285,True
584,Stacking,2025-07-02 13:45:00,250.0,228.04372556542546,True
584,Stacking,2025-07-02 13:50:00,253.0,249.3564785494404,True
584,Stacking,2025-07-02 13:55:00,257.0,253.00270521282812,True
584,Stacking,2025-07-02 14:00:00,259.0,254.45547948055335,True
584,Stacking,2025-07-02 14:05:00,261.0,260.821789764571,True
584,Stacking,2025-07-02 14:10:00,261.0,252.48222224658048,True
584,Stacking,2025-07-02 14:15:00,260.0,257.8025812480063,True
584,Stacking,2025-07-02 14:20:00,260.0,259.4149494272501,True
584,Stacking,2025-07-02 14:25:00,260.0,261.87235325257666,True
584,Stacking,2025-07-02 14:30:00,262.0,261.2517156860878,True
584,Stacking,2025-07-02 14:35:00,263.0,265.0363157072686,True
584,Stacking,2025-07-02 14:40:00,265.0,262.4945191618848,True
584,Stacking,2025-07-02 14:45:00,265.0,262.53070955608587,True
584,Stacking,2025-07-02 14:50:00,265.0,262.336049194398,True
584,Stacking,2025-07-02 14:55:00,266.0,261.03593674509295,True
584,Stacking,2025-07-02 15:00:00,267.0,264.4830108187416,True
584,Stacking,2025-07-02 15:05:00,268.0,263.94994641480855,True
584,Stacking,2025-07-02 15:10:00,269.0,268.6381676889383,True
584,Stacking,2025-07-02 15:15:00,269.0,266.66722275075153,True
584,Stacking,2025-07-02 15:20:00,268.0,267.46580223496085,True
584,Stacking,2025-07-02 15:25:00,264.0,268.65463227337693,True
584,Stacking,2025-07-02 15:30:00,257.0,270.008217659641,True
584,Stacking,2025-07-02 15:35:00,253.0,269.3541811100546,True
584,Stacking,2025-07-02 15:40:00,248.0,267.6326183245018,True
584,Stacking,2025-07-02 15:45:00,240.0,263.7862177693145,True
584,Stacking,2025-07-02 15:50:00,227.0,259.11632074682893,True
584,Stacking,2025-07-02 15:55:00,214.0,245.78759615047898,True
584,Stacking,2025-07-02 16:00:00,204.0,228.30833447578974,True
584,Stacking,2025-07-02 16:05:00,199.0,231.54642806626998,True
584,Stacking,2025-07-02 16:10:00,196.0,221.8329630123676,True
584,Stacking,2025-07-02 16:15:00,194.0,206.8451595281318,True
584,Stacking,2025-07-02 16:20:00,190.0,185.78977604766567,True
584,Stacking,2025-07-02 16:25:00,185.0,168.65598707935436,True
584,Stacking,2025-07-02 16:30:00,180.0,165.65965447957282,True
584,Stacking,2025-07-02 16:35:00,176.0,173.9379945268778,True
584,Stacking,2025-07-02 16:40:00,172.0,174.26400593652875,True
584,Stacking,2025-07-02 16:45:00,165.0,175.07430013926913,True
584,Stacking,2025-07-02 16:50:00,154.0,169.22219768891813,True
584,Stacking,2025-07-02 16:55:00,168.0,164.09148788426072,True
584,Stacking,2025-07-02 17:00:00,159.0,157.70118955291804,True
584,Stacking,2025-07-02 17:05:00,153.0,156.01712272711524,True
584,Stacking,2025-07-02 17:10:00,148.0,152.30494486166768,True
584,Stacking,2025-07-02 17:15:00,143.0,140.42328546840815,True
584,Stacking,2025-07-02 17:20:00,140.0,122.70873243387621,True
584,Stacking,2025-07-02 17:25:00,137.0,174.9816633170489,True
584,Stacking,2025-07-02 17:30:00,134.0,132.9679698858468,True
584,Stacking,2025-07-02 17:35:00,131.0,134.4047685994785,True
584,Stacking,2025-07-02 17:40:00,128.0,129.7281253791188,True
584,Stacking,2025-07-02 17:45:00,126.0,124.56451584643659,True
584,Stacking,2025-07-02 17:50:00,126.0,126.71603767148164,True
584,Stacking,2025-07-02 17:55:00,125.0,124.68938498390533,True
584,Stacking,2025-07-02 18:00:00,123.0,122.59105131318319,True
584,Stacking,2025-07-02 18:05:00,123.0,117.64822687674382,True
584,Stacking,2025-07-02 18:10:00,126.0,117.1119485583393,True
584,Stacking,2025-07-02 18:15:00,126.0,117.39137477426752,True
584,Stacking,2025-07-02 18:20:00,124.0,122.71468403988086,True
584,Stacking,2025-07-02 18:25:00,112.0,118.31480846487334,True
584,Stacking,2025-07-02 18:30:00,109.0,116.16608369072182,True
584,Stacking,2025-07-02 18:35:00,116.0,121.3013132279951,True
584,Stacking,2025-07-02 18:40:00,125.0,131.74991797666306,True
584,Stacking,2025-07-02 18:45:00,136.0,125.85617061788233,True
584,Stacking,2025-07-02 18:50:00,146.0,119.96524612759603,True
584,Stacking,2025-07-02 18:55:00,153.0,103.34205466662038,True
584,Stacking,2025-07-02 19:00:00,161.0,104.65773453703586,True
584,Stacking,2025-07-02 19:05:00,167.0,129.01744359650388,True
584,Stacking,2025-07-02 19:10:00,172.0,153.33614175529834,True
584,Stacking,2025-07-02 19:15:00,177.0,169.67448031118252,True
584,Stacking,2025-07-02 19:20:00,182.0,176.34972798972478,True
584,Stacking,2025-07-02 19:25:00,189.0,171.6751648430786,True
584,Stacking,2025-07-02 19:30:00,186.0,182.0617532030414,True
584,Stacking,2025-07-02 19:35:00,185.0,174.55460613361151,True
584,Stacking,2025-07-02 19:40:00,180.0,177.5579575024386,True
584,Stacking,2025-07-02 19:45:00,166.0,185.70215599109056,True
584,Stacking,2025-07-02 19:50:00,164.0,189.63103602148493,True
584,Stacking,2025-07-02 19:55:00,172.0,200.8940896013891,True
584,Stacking,2025-07-02 20:00:00,176.0,169.83574601227295,True
584,Stacking,2025-07-02 20:05:00,179.0,179.19974595346844,True
584,Stacking,2025-07-02 20:10:00,179.0,163.60026092950037,True
584,Stacking,2025-07-02 20:15:00,180.0,135.7056575146592,True
584,Stacking,2025-07-02 20:20:00,183.0,151.47715653283655,True
584,Stacking,2025-07-02 20:25:00,186.0,182.80040607689554,True
584,Stacking,2025-07-02 20:30:00,187.0,180.72173115876365,True
584,Stacking,2025-07-02 20:35:00,187.0,184.9095491835709,True
584,Stacking,2025-07-02 20:40:00,187.0,175.7241288708347,True
584,Stacking,2025-07-02 20:45:00,186.0,179.02172635749915,True
584,Stacking,2025-07-02 20:50:00,183.0,190.1757211682877,True
584,Stacking,2025-07-02 20:55:00,180.0,191.2916629156884,True
584,Stacking,2025-07-02 21:00:00,179.0,182.6868009134996,True
584,Stacking,2025-07-02 21:05:00,178.0,181.3982758337271,True
584,Stacking,2025-07-02 21:10:00,178.0,183.92075297624856,True
584,Stacking,2025-07-02 21:15:00,181.0,176.2767126172347,True
584,Stacking,2025-07-02 21:20:00,185.0,167.8591134450832,True
584,Stacking,2025-07-02 21:25:00,189.0,164.79352680869215,True
584,Stacking,2025-07-02 21:30:00,191.0,169.3954270463191,True
584,Stacking,2025-07-02 21:35:00,191.0,169.18152271936776,True
584,Stacking,2025-07-02 21:40:00,192.0,173.63333541193427,True
584,Stacking,2025-07-02 21:45:00,192.0,184.27639072536311,True
584,Stacking,2025-07-02 21:50:00,191.0,189.79963631487877,True
584,Stacking,2025-07-02 21:55:00,190.0,192.8990366121346,True
584,Stacking,2025-07-02 22:00:00,189.0,193.35944042375732,True
584,Stacking,2025-07-02 22:05:00,190.0,188.7264244015628,True
584,Stacking,2025-07-02 22:10:00,191.0,192.87781746791146,True
584,Stacking,2025-07-02 22:15:00,193.0,188.91689177305756,True
584,Stacking,2025-07-02 22:20:00,195.0,184.01210141776076,True
584,Stacking,2025-07-02 22:25:00,198.0,182.5354428916959,True
584,Stacking,2025-07-02 22:30:00,203.0,179.77689743709226,True
584,Stacking,2025-07-02 22:35:00,206.0,188.2960000848217,True
584,Stacking,2025-07-02 22:40:00,207.0,190.88453141424972,True
584,Stacking,2025-07-02 22:45:00,209.0,196.46085189274802,True
584,Stacking,2025-07-02 22:50:00,211.0,199.24002006027655,True
584,Stacking,2025-07-02 22:55:00,212.0,205.1212552167118,True
584,Stacking,2025-07-02 23:00:00,213.0,212.4567739549272,True
584,Stacking,2025-07-02 23:05:00,212.0,212.81693892527943,True
584,Stacking,2025-07-02 23:10:00,211.0,209.37864347025328,True
584,Stacking,2025-07-02 23:15:00,210.0,212.87921602210838,True
584,Stacking,2025-07-02 23:20:00,211.0,214.9015654240006,True
584,Stacking,2025-07-02 23:25:00,213.0,214.1508417826534,True
584,Stacking,2025-07-02 23:30:00,216.0,214.98704512695593,True
584,Stacking,2025-07-02 23:35:00,218.0,211.24796528435152,True
584,Stacking,2025-07-02 23:40:00,220.0,210.81619191525417,True
584,Stacking,2025-07-02 23:45:00,223.0,208.7273041922152,True
584,Stacking,2025-07-02 23:50:00,226.0,213.07784794802447,True
584,Stacking,2025-07-02 23:55:00,229.0,214.50008575975622,True
584,Stacking,2025-07-03 00:00:00,230.0,218.51871628543824,True
584,Stacking,2025-07-03 00:05:00,232.0,220.7186006619218,True
584,Stacking,2025-07-03 00:10:00,236.0,224.48802315279886,True
584,Stacking,2025-07-03 00:15:00,242.0,225.6681167593331,True
584,Stacking,2025-07-03 00:20:00,249.0,230.99838234178316,True
584,Stacking,2025-07-03 00:25:00,255.0,235.83750111270902,True
584,Stacking,2025-07-03 00:30:00,259.0,233.82031489495017,True
584,Stacking,2025-07-03 00:35:00,262.0,236.52551212346899,True
584,Stacking,2025-07-03 00:40:00,265.0,242.3123411507184,True
584,Stacking,2025-07-03 00:45:00,268.0,250.8418787213297,True
584,Stacking,2025-07-03 00:50:00,272.0,259.850353101849,True
584,Stacking,2025-07-03 00:55:00,276.0,263.75970399349296,True
584,Stacking,2025-07-03 01:00:00,278.0,264.8843288709477,True
584,Stacking,2025-07-03 01:05:00,280.0,267.37944478234806,True
584,Stacking,2025-07-03 01:10:00,280.0,270.71522646857113,True
584,Stacking,2025-07-03 01:15:00,281.0,271.7504038728599,True
584,Stacking,2025-07-03 01:20:00,280.0,276.257180537158,True
584,Stacking,2025-07-03 01:25:00,278.0,282.16472403308137,True
584,Stacking,2025-07-03 01:30:00,276.0,280.4911777140154,True
584,Stacking,2025-07-03 01:35:00,273.0,281.24167267648556,True
584,Stacking,2025-07-03 01:40:00,270.0,277.15419251765957,True
584,Stacking,2025-07-03 01:45:00,264.0,278.06987637133466,True
584,Stacking,2025-07-03 01:50:00,258.0,273.840527320516,True
584,Stacking,2025-07-03 01:55:00,252.0,270.0084458405073,True
584,Stacking,2025-07-03 02:00:00,249.0,266.71910379957467,True
584,Stacking,2025-07-03 02:05:00,245.0,258.9853690908187,True
584,Stacking,2025-07-03 02:10:00,244.0,255.6921706235121,True
584,Stacking,2025-07-03 02:15:00,244.0,246.8131862544669,True
584,Stacking,2025-07-03 02:20:00,245.0,238.91839419263735,True
584,Stacking,2025-07-03 02:25:00,243.0,233.24637998974666,True
584,Stacking,2025-07-03 02:30:00,242.0,232.3531014595186,True
584,Stacking,2025-07-03 02:35:00,240.0,225.2196758953997,True
584,Stacking,2025-07-03 02:40:00,239.0,231.38014805301881,True
584,Stacking,2025-07-03 02:45:00,237.0,233.9713969895083,True
584,Stacking,2025-07-03 02:50:00,236.0,240.31960356117196,True
584,Stacking,2025-07-03 02:55:00,236.0,232.7075075538537,True
584,Stacking,2025-07-03 03:00:00,238.0,236.43822211269838,True
584,Stacking,2025-07-03 03:05:00,237.0,230.27910193494066,True
584,Stacking,2025-07-03 03:10:00,235.0,231.70538669844302,True
584,Stacking,2025-07-03 03:15:00,233.0,227.2678807109662,True
584,Stacking,2025-07-03 03:20:00,231.0,230.54891325337456,True
584,Stacking,2025-07-03 03:25:00,229.0,232.77545834191596,True
584,Stacking,2025-07-03 03:30:00,226.0,237.3826249847067,True
584,Stacking,2025-07-03 03:35:00,226.0,233.8659739232045,True
584,Stacking,2025-07-03 03:40:00,225.0,229.0010458559986,True
584,Stacking,2025-07-03 03:45:00,224.0,224.9720428021981,True
584,Stacking,2025-07-03 03:50:00,222.0,221.7202832386995,True
584,Stacking,2025-07-03 03:55:00,220.0,220.56429721098317,True
584,Stacking,2025-07-03 04:00:00,217.0,213.47406512774194,True
584,Stacking,2025-07-03 04:05:00,215.0,221.14177198267095,True
584,Stacking,2025-07-03 04:10:00,212.0,218.92566623992482,True
584,Stacking,2025-07-03 04:15:00,209.0,219.06300259739885,True
584,Stacking,2025-07-03 04:20:00,207.0,214.5958594226613,True
584,Stacking,2025-07-03 04:25:00,205.0,212.1235950263623,True
584,Stacking,2025-07-03 04:30:00,202.0,206.73691405750185,True
584,Stacking,2025-07-03 04:35:00,200.0,206.4936747287372,True
584,Stacking,2025-07-03 04:40:00,200.0,200.77477429875182,True
584,Stacking,2025-07-03 04:45:00,200.0,197.82891451959642,True
584,Stacking,2025-07-03 04:50:00,200.0,197.4278401930631,True
584,Stacking,2025-07-03 04:55:00,200.0,195.05844896164473,True
584,Stacking,2025-07-03 05:00:00,200.0,191.50419686351356,True
584,Stacking,2025-07-03 05:05:00,200.0,189.89823393057728,True
584,Stacking,2025-07-03 05:15:00,156.0,196.9219952557036,True
584,Stacking,2025-07-03 05:20:00,156.0,198.2288248332483,True
584,Stacking,2025-07-03 05:25:00,154.0,199.569841819147,True
584,Stacking,2025-07-03 05:30:00,151.0,200.96703078906484,True
584,Stacking,2025-07-03 05:35:00,148.0,201.1873732463999,True
584,Stacking,2025-07-03 05:40:00,144.0,159.1849388832595,False
584,Stacking,2025-07-03 05:45:00,141.0,159.80771203673814,True
584,Stacking,2025-07-03 05:50:00,137.0,160.35223410969553,True
584,Stacking,2025-07-03 05:55:00,134.0,150.14838057682306,True
584,Stacking,2025-07-03 06:00:00,131.0,141.64946086401028,True
584,Stacking,2025-07-03 06:05:00,127.0,137.79983904182043,True
584,Stacking,2025-07-03 06:10:00,123.0,132.80450066666987,True
584,Stacking,2025-07-03 06:15:00,120.0,130.46667811776703,True
584,Stacking,2025-07-03 06:20:00,118.0,124.96556837276425,True
584,Stacking,2025-07-03 06:25:00,115.0,123.47770294300295,True
584,Stacking,2025-07-03 06:30:00,113.0,118.62718022844057,True
584,Stacking,2025-07-03 06:35:00,112.0,114.5785614717076,True
584,Stacking,2025-07-03 06:40:00,112.0,109.67979184888164,True
584,Stacking,2025-07-03 06:45:00,114.0,109.69577536495792,True
584,Stacking,2025-07-03 06:50:00,118.0,110.28135845237782,True
584,Stacking,2025-07-03 06:55:00,126.0,105.48610976513466,True
584,Stacking,2025-07-03 07:00:00,135.0,106.18539139837999,True
584,Stacking,2025-07-03 07:05:00,142.0,105.76444744020642,True
584,Stacking,2025-07-03 07:10:00,146.0,109.7095221880674,True
584,Stacking,2025-07-03 07:15:00,153.0,115.98900274105632,True
584,Stacking,2025-07-03 07:20:00,162.0,126.08541670230233,True
584,Stacking,2025-07-03 07:25:00,169.0,147.52745204984754,True
584,Stacking,2025-07-03 07:30:00,174.0,157.98504318127354,True
584,Stacking,2025-07-03 07:35:00,176.0,159.1437891269017,True
584,Stacking,2025-07-03 07:40:00,182.0,156.2152756168859,True
584,Stacking,2025-07-03 07:45:00,187.0,171.26607917602584,True
584,Stacking,2025-07-03 07:50:00,192.0,185.61193831307943,True
584,Stacking,2025-07-03 07:55:00,196.0,188.15643647128434,True
584,Stacking,2025-07-03 08:00:00,199.0,189.79328857722072,True
584,Stacking,2025-07-03 08:05:00,202.0,183.28991764278896,True
584,Stacking,2025-07-03 08:10:00,202.0,198.88441227805845,True
584,Stacking,2025-07-03 08:15:00,200.0,199.23289682786918,True
584,Stacking,2025-07-03 08:20:00,199.0,205.87566586843164,True
584,Stacking,2025-07-03 08:25:00,192.0,207.13724149586895,True
584,Stacking,2025-07-03 08:30:00,189.0,209.5911468808446,True
584,Stacking,2025-07-03 08:35:00,182.0,212.36924096149443,True
584,Stacking,2025-07-03 08:40:00,179.0,206.4323234259236,True
584,Stacking,2025-07-03 08:45:00,185.0,200.4628331773509,True
584,Stacking,2025-07-03 08:50:00,193.0,197.3501403031698,True
584,Stacking,2025-07-03 08:55:00,199.0,184.1226424871799,True
584,Stacking,2025-07-03 09:00:00,203.0,183.11025093194172,True
584,Stacking,2025-07-03 09:05:00,210.0,171.8401840679002,True
584,Stacking,2025-07-03 09:10:00,200.0,174.46812247683008,True
584,Stacking,2025-07-03 09:15:00,183.0,189.86468226771066,True
584,Stacking,2025-07-03 09:20:00,171.0,198.34163621926655,True
584,Stacking,2025-07-03 09:25:00,162.0,206.4827520411469,True
584,Stacking,2025-07-03 09:30:00,157.0,206.44295863695677,True
584,Stacking,2025-07-03 09:35:00,162.0,223.20396308608258,True
584,Stacking,2025-07-03 09:40:00,174.0,194.71440738670253,True
584,Stacking,2025-07-03 09:45:00,186.0,175.5544237666895,True
584,Stacking,2025-07-03 09:50:00,200.0,158.54916279896577,True
584,Stacking,2025-07-03 09:55:00,201.0,151.38753134953282,True
584,Stacking,2025-07-03 10:00:00,185.0,149.48054043943768,True
584,Stacking,2025-07-03 10:05:00,188.0,166.5256980131841,True
584,Stacking,2025-07-03 10:10:00,199.0,189.2095846078274,True
584,Stacking,2025-07-03 10:15:00,210.0,201.9811557179112,True
584,Stacking,2025-07-03 10:20:00,215.0,220.91062174640643,True
584,Stacking,2025-07-03 10:25:00,214.0,199.67149581060247,True
584,Stacking,2025-07-03 10:30:00,224.0,176.95154810018118,True
584,Stacking,2025-07-03 10:35:00,241.0,193.8701963022208,True
584,Stacking,2025-07-03 10:40:00,257.0,216.45000145668018,True
584,Stacking,2025-07-03 10:45:00,266.0,229.54708387437128,True
584,Stacking,2025-07-03 10:50:00,266.0,227.2527210123306,True
584,Stacking,2025-07-03 10:55:00,265.0,212.90662564400532,True
584,Stacking,2025-07-03 11:00:00,265.0,238.28504305330918,True
584,Stacking,2025-07-03 11:05:00,266.0,260.1025528450024,True
584,Stacking,2025-07-03 11:10:00,265.0,276.8180365542887,True
584,Stacking,2025-07-03 11:15:00,258.0,278.1176861288802,True
584,Stacking,2025-07-03 11:20:00,247.0,261.045119579715,True
584,Stacking,2025-07-03 11:25:00,238.0,254.48297074504066,True
584,Stacking,2025-07-03 11:30:00,226.0,258.06434820994855,True
584,Stacking,2025-07-03 11:35:00,229.0,260.37609475692614,True
584,Stacking,2025-07-03 11:40:00,234.0,254.51201974114687,True
584,Stacking,2025-07-03 11:45:00,237.0,232.76545398866278,True
584,Stacking,2025-07-03 11:50:00,233.0,213.23730705444737,True
584,Stacking,2025-07-03 11:55:00,229.0,202.47562814741445,True
584,Stacking,2025-07-03 12:00:00,224.0,183.3685923225527,True
584,Stacking,2025-07-03 12:05:00,225.0,219.1893691093463,True
584,Stacking,2025-07-03 12:10:00,225.0,228.71952484224207,True
584,Stacking,2025-07-03 12:15:00,227.0,229.45121735009224,True
584,Stacking,2025-07-03 12:20:00,225.0,213.4163461719003,True
584,Stacking,2025-07-03 12:25:00,221.0,210.672553032417,True
584,Stacking,2025-07-03 12:30:00,220.0,200.09432245508546,True
584,Stacking,2025-07-03 12:35:00,220.0,217.09392922977614,True
584,Stacking,2025-07-03 12:40:00,217.0,215.1714903360164,True
584,Stacking,2025-07-03 12:45:00,211.0,222.07022352306083,True
584,Stacking,2025-07-03 12:50:00,212.0,209.96097599620194,True
584,Stacking,2025-07-03 12:55:00,218.0,203.51690953687998,True
584,Stacking,2025-07-03 13:00:00,222.0,209.39896601197685,True
584,Stacking,2025-07-03 13:05:00,230.0,212.57638639982514,True
584,Stacking,2025-07-03 13:10:00,238.0,202.35396513591945,True
584,Stacking,2025-07-03 13:15:00,245.0,193.28783955367246,True
584,Stacking,2025-07-03 13:20:00,255.0,207.79574694018638,True
584,Stacking,2025-07-03 13:25:00,260.0,220.9706674236984,True
584,Stacking,2025-07-03 13:30:00,262.0,223.94602753678737,True
584,Stacking,2025-07-03 13:35:00,266.0,239.61451479174434,True
584,Stacking,2025-07-03 13:40:00,269.0,246.86002532557114,True
584,Stacking,2025-07-03 13:45:00,268.0,252.96221636095757,True
584,Stacking,2025-07-03 13:50:00,267.0,270.0195808293323,True
584,Stacking,2025-07-03 13:55:00,266.0,266.3918628335472,True
584,Stacking,2025-07-03 14:00:00,264.0,264.1291414979214,True
584,Stacking,2025-07-03 14:05:00,263.0,273.03282023357133,True
584,Stacking,2025-07-03 14:10:00,260.0,271.1281002826937,True
584,Stacking,2025-07-03 14:15:00,255.0,264.4962653137916,True
584,Stacking,2025-07-03 14:20:00,250.0,263.49107243838114,True
584,Stacking,2025-07-03 14:25:00,246.0,259.4282798517072,True
584,Stacking,2025-07-03 14:30:00,239.0,253.7321579057472,True
584,Stacking,2025-07-03 14:35:00,233.0,253.87261012020107,True
584,Stacking,2025-07-03 14:40:00,232.0,240.37604340197583,True
584,Stacking,2025-07-03 14:45:00,229.0,228.15028386086632,True
584,Stacking,2025-07-03 14:50:00,223.0,226.06137665474267,True
584,Stacking,2025-07-03 14:55:00,213.0,221.55792634199182,True
584,Stacking,2025-07-03 15:00:00,200.0,203.4092802793037,True
584,Stacking,2025-07-03 15:05:00,185.0,202.87973213791383,True
584,Stacking,2025-07-03 15:10:00,169.0,217.73605118254812,True
584,Stacking,2025-07-03 15:15:00,155.0,209.76747863776876,True
584,Stacking,2025-07-03 15:20:00,143.0,194.46553111570216,True
584,Stacking,2025-07-03 15:25:00,133.0,179.4660489303414,True
584,Stacking,2025-07-03 15:30:00,125.0,159.11514057651908,True
584,Stacking,2025-07-03 15:35:00,119.0,141.32835915468547,True
584,Stacking,2025-07-03 15:40:00,113.0,125.96448843076985,True
584,Stacking,2025-07-03 15:45:00,110.0,116.66367101838898,True
584,Stacking,2025-07-03 15:50:00,109.0,109.70075971928787,True
584,Stacking,2025-07-03 15:55:00,108.0,102.98868290626872,True
584,Stacking,2025-07-03 16:00:00,109.0,100.82541196779496,True
584,Stacking,2025-07-03 16:05:00,111.0,97.17203696793837,True
584,Stacking,2025-07-03 16:10:00,111.0,93.59982065149178,True
584,Stacking,2025-07-03 16:15:00,110.0,99.8584734483954,True
584,Stacking,2025-07-03 16:20:00,112.0,101.99020555275843,True
584,Stacking,2025-07-03 16:25:00,113.0,100.28282553919583,True
584,Stacking,2025-07-03 16:30:00,113.0,109.2959280319008,True
584,Stacking,2025-07-03 16:35:00,112.0,113.7821296637968,True
584,Stacking,2025-07-03 16:40:00,112.0,111.97411792328411,True
584,Stacking,2025-07-03 16:45:00,112.0,109.0910426691005,True
584,Stacking,2025-07-03 16:50:00,111.0,116.91175932717755,True
584,Stacking,2025-07-03 16:55:00,110.0,115.50117664651003,True
584,Stacking,2025-07-03 17:00:00,113.0,115.45812465475005,True
584,Stacking,2025-07-03 17:05:00,115.0,111.11486171459013,True
584,Stacking,2025-07-03 17:10:00,117.0,113.97169380298897,True
584,Stacking,2025-07-03 17:15:00,121.0,113.59160769113231,True
584,Stacking,2025-07-03 17:20:00,128.0,110.8950135821133,True
584,Stacking,2025-07-03 17:25:00,134.0,109.78658669416858,True
584,Stacking,2025-07-03 17:30:00,140.0,119.6535794302657,True
584,Stacking,2025-07-03 17:35:00,146.0,119.24333213266894,True
584,Stacking,2025-07-03 17:40:00,155.0,122.64346608793959,True
584,Stacking,2025-07-03 17:45:00,158.0,134.79692053225565,True
584,Stacking,2025-07-03 17:50:00,155.0,150.394791402419,True
584,Stacking,2025-07-03 17:55:00,151.0,151.87023333179533,True
584,Stacking,2025-07-03 18:00:00,156.0,156.43183537072997,True
584,Stacking,2025-07-03 18:05:00,162.0,163.83602160071814,True
584,Stacking,2025-07-03 18:10:00,172.0,179.25772528266975,True
584,Stacking,2025-07-03 18:15:00,178.0,168.22113981367355,True
584,Stacking,2025-07-03 18:20:00,177.0,149.73368695297887,True
584,Stacking,2025-07-03 18:25:00,171.0,145.61876595878203,True
584,Stacking,2025-07-03 18:30:00,167.0,166.67855088581896,True
584,Stacking,2025-07-03 18:35:00,165.0,171.22079506147415,True
584,Stacking,2025-07-03 18:40:00,159.0,193.07989195886768,True
584,Stacking,2025-07-03 18:45:00,166.0,192.4594971036143,True
584,Stacking,2025-07-03 18:50:00,169.0,175.66690988688228,True
584,Stacking,2025-07-03 18:55:00,166.0,164.16260856110978,True
584,Stacking,2025-07-03 19:00:00,167.0,162.55527174934872,True
584,Stacking,2025-07-03 19:05:00,167.0,162.33065430079924,True
584,Stacking,2025-07-03 19:10:00,164.0,152.54542100473276,True
584,Stacking,2025-07-03 19:15:00,164.0,173.47899883880334,True
584,Stacking,2025-07-03 19:20:00,174.0,172.31719903631037,True
584,Stacking,2025-07-03 19:25:00,175.0,160.01624305320036,True
584,Stacking,2025-07-03 19:30:00,165.0,169.66019610798543,True
584,Stacking,2025-07-03 19:35:00,151.0,167.5841962119258,True
584,Stacking,2025-07-03 19:40:00,138.0,158.501981323566,True
584,Stacking,2025-07-03 19:45:00,138.0,164.37008971651042,True
584,Stacking,2025-07-03 19:50:00,138.0,190.88950894324884,True
584,Stacking,2025-07-03 19:55:00,138.0,176.51251675899758,True
584,Stacking,2025-07-03 20:00:00,138.0,156.80811465736798,True
584,Stacking,2025-07-03 20:05:00,138.0,143.48785591385942,True
584,Stacking,2025-07-03 20:10:00,138.0,125.63574378812157,True
584,Stacking,2025-07-03 20:25:00,184.0,137.35897711838498,True
584,Stacking,2025-07-03 20:30:00,179.0,137.95844388577405,True
584,Stacking,2025-07-03 20:35:00,175.0,148.08007339541703,True
584,Stacking,2025-07-03 20:40:00,170.0,143.2784779313304,True
584,Stacking,2025-07-03 20:45:00,166.0,163.8586936658413,False
584,Stacking,2025-07-03 20:50:00,163.0,165.0566941051859,False
584,Stacking,2025-07-03 20:55:00,161.0,182.5390342674862,True
584,Stacking,2025-07-03 21:00:00,160.0,168.2012608494611,True
584,Stacking,2025-07-03 21:05:00,160.0,165.06379560332496,True
584,Stacking,2025-07-03 21:10:00,162.0,153.4679303944818,True
584,Stacking,2025-07-03 21:15:00,163.0,151.47570800403906,True
584,Stacking,2025-07-03 21:20:00,165.0,148.48573360044512,True
584,Stacking,2025-07-03 21:25:00,166.0,154.23547098179847,True
584,Stacking,2025-07-03 21:30:00,169.0,158.33823917251303,True
584,Stacking,2025-07-03 21:35:00,168.0,163.00650311620922,True
584,Stacking,2025-07-03 21:40:00,162.0,167.5878046547974,True
584,Stacking,2025-07-03 21:45:00,155.0,165.15690265869065,True
584,Stacking,2025-07-03 21:50:00,151.0,169.77840743878184,True
584,Stacking,2025-07-03 21:55:00,148.0,163.30490547853833,True
584,Stacking,2025-07-03 22:00:00,146.0,173.32263359712667,True
584,Stacking,2025-07-03 22:05:00,145.0,157.8411130489376,True
584,Stacking,2025-07-03 22:10:00,143.0,137.95541781595674,True
584,Stacking,2025-07-03 22:15:00,140.0,130.23698485176234,True
584,Stacking,2025-07-03 22:20:00,139.0,134.86962207172508,True
584,Stacking,2025-07-03 22:25:00,139.0,134.7870372541562,True
584,Stacking,2025-07-03 22:30:00,139.0,134.14410030795375,True
584,Stacking,2025-07-03 22:35:00,141.0,137.20138674073408,True
584,Stacking,2025-07-03 22:40:00,145.0,131.40812625542173,True
584,Stacking,2025-07-03 22:45:00,149.0,129.31316971577544,True
584,Stacking,2025-07-03 22:50:00,153.0,134.10044273529704,True
584,Stacking,2025-07-03 22:55:00,157.0,136.61697818477248,True
584,Stacking,2025-07-03 23:00:00,160.0,135.53371017170682,True
584,Stacking,2025-07-03 23:05:00,163.0,144.9904881495963,True
584,Stacking,2025-07-03 23:10:00,165.0,153.11849649870103,True
584,Stacking,2025-07-03 23:15:00,168.0,158.1411211413863,True
584,Stacking,2025-07-03 23:20:00,170.0,162.6542991372082,True
584,Stacking,2025-07-03 23:25:00,172.0,167.51121769891586,True
584,Stacking,2025-07-03 23:30:00,176.0,167.60337397460626,True
584,Stacking,2025-07-03 23:35:00,179.0,170.63190870047438,True
584,Stacking,2025-07-03 23:40:00,183.0,168.76506063305558,True
584,Stacking,2025-07-03 23:45:00,187.0,173.76872106261663,True
584,Stacking,2025-07-03 23:50:00,189.0,173.5200822430271,True
584,Stacking,2025-07-03 23:55:00,188.0,176.65977606388918,True
584,Stacking,2025-07-04 00:00:00,185.0,184.5765084401796,True
584,Stacking,2025-07-04 00:05:00,182.0,186.47136736412514,True
584,Stacking,2025-07-04 00:10:00,181.0,193.3880866223359,True
584,Stacking,2025-07-04 00:15:00,181.0,196.15398275414063,True
584,Stacking,2025-07-04 00:20:00,182.0,191.59458385999926,True
584,Stacking,2025-07-04 00:25:00,184.0,185.27267243533453,True
584,Stacking,2025-07-04 00:30:00,188.0,178.0840182116557,True
584,Stacking,2025-07-04 00:35:00,191.0,172.4848552987015,True
584,Stacking,2025-07-04 00:40:00,194.0,174.05207063272493,True
584,Stacking,2025-07-04 00:45:00,197.0,176.28763775039266,True
584,Stacking,2025-07-04 00:50:00,200.0,180.23977727845923,True
584,Stacking,2025-07-04 00:55:00,202.0,185.519254451953,True
584,Stacking,2025-07-04 01:00:00,204.0,192.59842350915332,True
584,Stacking,2025-07-04 01:05:00,204.0,198.9890417777983,True
584,Stacking,2025-07-04 01:10:00,204.0,202.8749906030876,True
584,Stacking,2025-07-04 01:15:00,205.0,207.1869973341749,True
584,Stacking,2025-07-04 01:20:00,207.0,210.78234614115436,True
584,Stacking,2025-07-04 01:25:00,206.0,208.39350364819637,True
584,Stacking,2025-07-04 01:30:00,202.0,209.91690487356618,True
584,Stacking,2025-07-04 01:35:00,199.0,205.69194101456108,True
584,Stacking,2025-07-04 01:40:00,197.0,206.50896964957377,True
584,Stacking,2025-07-04 01:45:00,196.0,207.74691098453627,True
584,Stacking,2025-07-04 01:50:00,194.0,211.1423553428563,True
584,Stacking,2025-07-04 01:55:00,192.0,206.09399255704423,True
584,Stacking,2025-07-04 02:00:00,190.0,197.91893017234494,True
584,Stacking,2025-07-04 02:05:00,189.0,194.98762264459842,True
584,Stacking,2025-07-04 02:10:00,189.0,192.5964352294867,True
584,Stacking,2025-07-04 02:15:00,189.0,191.1164557849036,True
584,Stacking,2025-07-04 02:20:00,189.0,186.88259808054434,True
584,Stacking,2025-07-04 02:25:00,189.0,185.00821882690275,True
584,Stacking,2025-07-04 02:30:00,188.0,183.57284212915047,True
584,Stacking,2025-07-04 02:35:00,187.0,181.86469273579996,True
584,Stacking,2025-07-04 02:40:00,186.0,188.49369554624522,True
584,Stacking,2025-07-04 02:45:00,185.0,187.7460748592729,True
584,Stacking,2025-07-04 02:50:00,185.0,188.56503506700977,True
584,Stacking,2025-07-04 02:55:00,185.0,187.56569446980657,True
584,Stacking,2025-07-04 03:00:00,185.0,181.64703695633253,True
584,Stacking,2025-07-04 03:05:00,185.0,180.79552911858104,True
584,Stacking,2025-07-04 03:10:00,185.0,180.8039106190876,True
584,Stacking,2025-07-04 03:15:00,184.0,179.00132837742294,True
584,Stacking,2025-07-04 03:20:00,181.0,183.20675980629252,True
584,Stacking,2025-07-04 03:25:00,179.0,183.0718154111994,True
584,Stacking,2025-07-04 03:30:00,177.0,183.92582469484145,True
584,Stacking,2025-07-04 03:35:00,176.0,184.57560856555452,True
584,Stacking,2025-07-04 03:40:00,173.0,184.32034060403572,True
584,Stacking,2025-07-04 03:45:00,171.0,179.66478316265773,True
584,Stacking,2025-07-04 03:50:00,168.0,169.23529497114924,True
584,Stacking,2025-07-04 03:55:00,166.0,169.44230534375833,True
584,Stacking,2025-07-04 04:00:00,163.0,165.61143792558136,True
584,Stacking,2025-07-04 04:05:00,161.0,167.0448844520923,True
584,Stacking,2025-07-04 04:10:00,160.0,158.8518758183686,True
584,Stacking,2025-07-04 04:15:00,158.0,160.7677908266796,True
584,Stacking,2025-07-04 04:20:00,155.0,154.08751504145283,True
584,Stacking,2025-07-04 04:25:00,154.0,154.83814154569302,True
584,Stacking,2025-07-04 04:30:00,153.0,148.75956429007567,True
584,Stacking,2025-07-04 04:35:00,153.0,149.24641589811503,True
584,Stacking,2025-07-04 04:40:00,154.0,151.0645681835113,True
584,Stacking,2025-07-04 04:45:00,154.0,147.25184661123933,True
584,Stacking,2025-07-04 04:50:00,154.0,142.5070925236973,True
584,Stacking,2025-07-04 04:55:00,153.0,144.81230676192044,True
584,Stacking,2025-07-04 05:00:00,154.0,144.25523584713977,True
584,Stacking,2025-07-04 05:05:00,164.0,148.295980446279,True
584,Stacking,2025-07-04 05:10:00,165.0,151.16676764291057,True
584,Stacking,2025-07-04 05:15:00,163.0,150.7728562084964,True
584,Stacking,2025-07-04 05:20:00,160.0,167.03792881278707,True
584,Stacking,2025-07-04 05:25:00,158.0,159.04162220337216,True
584,Stacking,2025-07-04 05:30:00,155.0,159.2194651444253,True
584,Stacking,2025-07-04 05:35:00,152.0,185.20970217636685,True
584,Stacking,2025-07-04 05:40:00,149.0,169.86479918552902,True
584,Stacking,2025-07-04 05:45:00,145.0,155.1716224488941,True
584,Stacking,2025-07-04 05:50:00,142.0,150.5590820377858,True
584,Stacking,2025-07-04 05:55:00,138.0,147.75146340362787,True
584,Stacking,2025-07-04 06:00:00,136.0,140.36997416771808,True
584,Stacking,2025-07-04 06:05:00,130.0,138.13444557223428,True
584,Stacking,2025-07-04 06:10:00,126.0,136.32415708490936,True
584,Stacking,2025-07-04 06:15:00,122.0,131.8239961814847,True
584,Stacking,2025-07-04 06:20:00,118.0,129.15499263531834,True
584,Stacking,2025-07-04 06:25:00,115.0,124.04614641608997,True
584,Stacking,2025-07-04 06:30:00,112.0,128.72183323512513,True
584,Stacking,2025-07-04 06:35:00,110.0,110.44574908817232,True
584,Stacking,2025-07-04 06:40:00,109.0,111.82305448744948,True
584,Stacking,2025-07-04 06:45:00,108.0,107.37655791180492,True
584,Stacking,2025-07-04 06:50:00,107.0,103.90296869090547,True
584,Stacking,2025-07-04 06:55:00,108.0,104.40793299705905,True
584,Stacking,2025-07-04 07:00:00,111.0,100.93158612713219,True
584,Stacking,2025-07-04 07:05:00,117.0,102.93851634963698,True
584,Stacking,2025-07-04 07:10:00,121.0,102.87892955916415,True
584,Stacking,2025-07-04 07:15:00,128.0,101.54094946204583,True
584,Stacking,2025-07-04 07:20:00,136.0,101.35068041633453,True
584,Stacking,2025-07-04 07:25:00,147.0,108.73147057399545,True
584,Stacking,2025-07-04 07:30:00,155.0,115.3462063473864,True
584,Stacking,2025-07-04 07:35:00,155.0,129.17125797749765,True
584,Stacking,2025-07-04 07:40:00,152.0,131.86563512347647,True
584,Stacking,2025-07-04 07:45:00,155.0,148.68168695029496,True
584,Stacking,2025-07-04 07:50:00,162.0,169.4763033042144,True
584,Stacking,2025-07-04 07:55:00,162.0,184.0162746441498,True
584,Stacking,2025-07-04 08:00:00,159.0,182.39828781007006,True
584,Stacking,2025-07-04 08:05:00,153.0,169.17333439885934,True
584,Stacking,2025-07-04 08:10:00,143.0,146.76209758522992,True
584,Stacking,2025-07-04 08:15:00,135.0,164.9812603768817,True
584,Stacking,2025-07-04 08:20:00,131.0,176.37433802169457,True
584,Stacking,2025-07-04 08:25:00,126.0,159.86298686774873,True
584,Stacking,2025-07-04 08:30:00,121.0,144.5291273608298,True
584,Stacking,2025-07-04 08:35:00,115.0,129.32582574621608,True
584,Stacking,2025-07-04 08:40:00,108.0,115.08774982061087,True
584,Stacking,2025-07-04 08:45:00,104.0,110.61465923850919,True
584,Stacking,2025-07-04 08:50:00,102.0,117.30199717573103,True
584,Stacking,2025-07-04 08:55:00,100.0,109.12402514214325,True
584,Stacking,2025-07-04 09:00:00,100.0,104.89106699403975,True
584,Stacking,2025-07-04 09:05:00,99.0,97.82895448716745,True
584,Stacking,2025-07-04 09:10:00,97.0,91.89081381823428,True
584,Stacking,2025-07-04 09:15:00,101.0,93.85855712784299,True
584,Stacking,2025-07-04 09:20:00,109.0,94.67105224077464,True
584,Stacking,2025-07-04 09:25:00,118.0,93.12195554310743,True
584,Stacking,2025-07-04 09:30:00,122.0,98.7871639440048,True
584,Stacking,2025-07-04 09:35:00,125.0,95.34622290055722,True
584,Stacking,2025-07-04 09:40:00,126.0,92.72166605847247,True
584,Stacking,2025-07-04 09:45:00,124.0,111.0459251992897,True
584,Stacking,2025-07-04 09:50:00,120.0,129.04444869410403,True
584,Stacking,2025-07-04 09:55:00,119.0,137.25561452291612,True
584,Stacking,2025-07-04 10:00:00,119.0,132.46013226615403,True
584,Stacking,2025-07-04 10:05:00,120.0,133.45542429789333,True
584,Stacking,2025-07-04 10:10:00,123.0,129.18641634880225,True
584,Stacking,2025-07-04 10:15:00,125.0,121.363713915096,True
584,Stacking,2025-07-04 10:20:00,127.0,112.42194608589918,True
584,Stacking,2025-07-04 10:25:00,130.0,116.721955265154,True
584,Stacking,2025-07-04 10:30:00,133.0,118.97440022200183,True
584,Stacking,2025-07-04 10:35:00,134.0,120.47323497508776,True
584,Stacking,2025-07-04 10:40:00,135.0,130.91749702353647,True
584,Stacking,2025-07-04 10:45:00,137.0,130.1425042272595,True
584,Stacking,2025-07-04 10:50:00,137.0,134.79566073529006,True
584,Stacking,2025-07-04 10:55:00,140.0,140.83350813911184,True
584,Stacking,2025-07-04 11:00:00,141.0,143.72477142258973,True
584,Stacking,2025-07-04 11:05:00,142.0,138.2053628657479,True
584,Stacking,2025-07-04 11:10:00,140.0,139.00774699387148,True
584,Stacking,2025-07-04 11:15:00,142.0,143.8431208989605,True
584,Stacking,2025-07-04 11:20:00,145.0,138.8531553036502,True
584,Stacking,2025-07-04 11:25:00,146.0,150.82911625013222,True
584,Stacking,2025-07-04 11:30:00,147.0,145.17550286191278,True
584,Stacking,2025-07-04 11:35:00,149.0,147.20507223046832,True
584,Stacking,2025-07-04 11:40:00,150.0,136.2828277080849,True
584,Stacking,2025-07-04 11:45:00,142.0,147.7772764693218,True
584,Stacking,2025-07-04 11:50:00,147.0,152.09527967533694,True
584,Stacking,2025-07-04 11:55:00,154.0,150.33458679792997,True
584,Stacking,2025-07-04 12:00:00,161.0,151.9930229403827,True
584,Stacking,2025-07-04 12:05:00,169.0,153.71663198535995,True
584,Stacking,2025-07-04 12:10:00,174.0,152.90623517634143,True
584,Stacking,2025-07-04 12:15:00,179.0,136.4550807154917,True
584,Stacking,2025-07-04 12:20:00,184.0,157.91378998612004,True
584,Stacking,2025-07-04 12:25:00,185.0,163.7055704647954,True
584,Stacking,2025-07-04 12:30:00,187.0,178.0122485598843,True
584,Stacking,2025-07-04 12:35:00,185.0,189.38187058140443,True
584,Stacking,2025-07-04 12:40:00,180.0,188.1348215348301,True
584,Stacking,2025-07-04 12:45:00,181.0,192.38235256215717,True
584,Stacking,2025-07-04 12:50:00,184.0,198.6270346267165,True
584,Stacking,2025-07-04 12:55:00,183.0,191.01310544198805,True
584,Stacking,2025-07-04 13:00:00,183.0,193.58869616033283,True
584,Stacking,2025-07-04 13:05:00,185.0,183.5943492300029,True
584,Stacking,2025-07-04 13:10:00,188.0,174.25208202761686,True
584,Stacking,2025-07-04 13:15:00,191.0,181.1089355891539,True
584,Stacking,2025-07-04 13:20:00,194.0,189.4055837677759,True
584,Stacking,2025-07-04 13:25:00,196.0,180.85679521639216,True
584,Stacking,2025-07-04 13:30:00,198.0,185.6464509907695,True
584,Stacking,2025-07-04 13:35:00,200.0,188.04646011550278,True
584,Stacking,2025-07-04 13:40:00,203.0,193.70053561041874,True
584,Stacking,2025-07-04 13:45:00,205.0,200.11756091197768,True
584,Stacking,2025-07-04 13:50:00,201.0,203.71195829206107,True
584,Stacking,2025-07-04 13:55:00,199.0,202.69814944925236,True
584,Stacking,2025-07-04 14:00:00,197.0,205.3357245334635,True
584,Stacking,2025-07-04 14:05:00,201.0,206.80291546431667,True
584,Stacking,2025-07-04 14:10:00,202.0,210.62906717252991,True
584,Stacking,2025-07-04 14:15:00,207.0,210.72752017162188,True
584,Stacking,2025-07-04 14:20:00,213.0,199.0141422406992,True
584,Stacking,2025-07-04 14:25:00,225.0,197.6149320925718,True
584,Stacking,2025-07-04 14:30:00,235.0,193.18040339023847,True
584,Stacking,2025-07-04 14:35:00,244.0,203.99675269569968,True
584,Stacking,2025-07-04 14:40:00,252.0,200.24210117384573,True
584,Stacking,2025-07-04 14:45:00,261.0,215.82749792268743,True
584,Stacking,2025-07-04 14:50:00,271.0,222.88458445857987,True
584,Stacking,2025-07-04 14:55:00,282.0,244.44855866257473,True
584,Stacking,2025-07-04 15:00:00,286.0,251.7573543223145,True
584,Stacking,2025-07-04 15:05:00,290.0,263.04864776136833,True
584,Stacking,2025-07-04 15:10:00,297.0,265.7160976819098,True
584,Stacking,2025-07-04 15:15:00,302.0,278.7810908882766,True
584,Stacking,2025-07-04 15:20:00,299.0,285.19620400125666,True
584,Stacking,2025-07-04 15:25:00,298.0,297.5925803649292,True
584,Stacking,2025-07-04 15:30:00,296.0,290.0152636661294,True
584,Stacking,2025-07-04 15:35:00,295.0,297.593211192441,True
584,Stacking,2025-07-04 15:40:00,295.0,309.65949908145103,True
584,Stacking,2025-07-04 15:45:00,295.0,307.77010457805136,True
584,Stacking,2025-07-04 15:50:00,297.0,288.04480404671756,True
584,Stacking,2025-07-04 15:55:00,298.0,288.8616445361637,True
584,Stacking,2025-07-04 16:00:00,299.0,285.20886390562237,True
584,Stacking,2025-07-04 16:05:00,303.0,284.0841756603155,True
584,Stacking,2025-07-04 16:10:00,309.0,286.83265747230325,True
584,Stacking,2025-07-04 16:15:00,316.0,285.8767070011819,True
584,Stacking,2025-07-04 16:20:00,320.0,296.03953460853086,True
584,Stacking,2025-07-04 16:25:00,316.0,292.9155069109173,True
584,Stacking,2025-07-04 16:30:00,312.0,293.66588277048106,True
584,Stacking,2025-07-04 16:35:00,306.0,301.43284210623074,True
584,Stacking,2025-07-04 16:40:00,301.0,308.972788493301,True
584,Stacking,2025-07-04 16:45:00,298.0,316.31859615844087,True
584,Stacking,2025-07-04 16:50:00,293.0,315.957371806645,True
584,Stacking,2025-07-04 16:55:00,293.0,297.1585632296669,True
584,Stacking,2025-07-04 17:00:00,293.0,295.6744851782029,True
584,Stacking,2025-07-04 17:05:00,293.0,282.52791089721757,True
584,Stacking,2025-07-04 17:10:00,293.0,275.60188853913166,True
584,Stacking,2025-07-04 17:15:00,293.0,278.67673527492616,True
584,Stacking,2025-07-04 17:20:00,293.0,265.0288549727559,True
584,Stacking,2025-07-05 09:45:00,109.0,157.38234134147302,False
584,Stacking,2025-07-05 09:50:00,108.0,157.38326891427482,False
584,Stacking,2025-07-05 09:55:00,106.0,157.3841882599267,False
584,Stacking,2025-07-05 10:00:00,106.0,157.6978302532035,False
584,Stacking,2025-07-05 10:05:00,108.0,157.85636178042316,False
584,Stacking,2025-07-05 10:10:00,113.0,157.85725383597477,False
584,Stacking,2025-07-05 10:15:00,120.0,113.22387041058437,True
584,Stacking,2025-07-05 10:20:00,127.0,106.9697402561305,True
584,Stacking,2025-07-05 10:25:00,135.0,103.67304952868106,True
584,Stacking,2025-07-05 10:30:00,141.0,108.0336259317649,True
584,Stacking,2025-07-05 10:35:00,146.0,115.33144890892781,True
584,Stacking,2025-07-05 10:40:00,148.0,126.18394481710342,True
584,Stacking,2025-07-05 10:45:00,152.0,139.3164860031021,True
584,Stacking,2025-07-05 10:50:00,153.0,150.1782619269468,True
584,Stacking,2025-07-05 10:55:00,161.0,159.77523844339288,True
584,Stacking,2025-07-05 11:00:00,163.0,158.59960345058806,True
584,Stacking,2025-07-05 11:05:00,159.0,175.22538598858162,True
584,Stacking,2025-07-05 11:10:00,162.0,171.64585963626632,True
584,Stacking,2025-07-05 11:15:00,163.0,175.828355032524,True
584,Stacking,2025-07-05 11:20:00,160.0,173.8000919120668,True
584,Stacking,2025-07-05 11:25:00,160.0,183.1952390959386,True
584,Stacking,2025-07-05 11:30:00,157.0,171.04954118206112,True
584,Stacking,2025-07-05 11:35:00,154.0,154.09935397959265,True
584,Stacking,2025-07-05 11:40:00,151.0,171.04994960753447,True
584,Stacking,2025-07-05 11:45:00,148.0,163.8193881242633,True
584,Stacking,2025-07-05 11:50:00,146.0,145.29735710934833,True
584,Stacking,2025-07-05 11:55:00,140.0,164.7727083116115,True
584,Stacking,2025-07-05 12:00:00,136.0,144.39776668366977,True
584,Stacking,2025-07-05 12:05:00,129.0,138.994018894025,True
584,Stacking,2025-07-05 12:10:00,120.0,136.16166035537728,True
584,Stacking,2025-07-05 12:15:00,117.0,134.30807463934553,True
584,Stacking,2025-07-05 12:20:00,113.0,134.45080677684354,True
584,Stacking,2025-07-05 12:25:00,109.0,120.37388794083027,True
584,Stacking,2025-07-05 12:30:00,106.0,126.191277203374,True
584,Stacking,2025-07-05 12:35:00,108.0,110.15859874652811,True
584,Stacking,2025-07-05 12:40:00,107.0,98.46039016114776,True
584,Stacking,2025-07-05 12:45:00,106.0,107.05090981700563,True
584,Stacking,2025-07-05 12:50:00,109.0,99.33265055577473,True
584,Stacking,2025-07-05 12:55:00,109.0,96.56994818213175,True
584,Stacking,2025-07-05 13:00:00,111.0,96.20538939231812,True
584,Stacking,2025-07-05 13:05:00,112.0,112.551125953478,True
584,Stacking,2025-07-05 13:10:00,111.0,101.36761084168647,True
584,Stacking,2025-07-05 13:15:00,111.0,102.49201109183397,True
584,Stacking,2025-07-05 13:20:00,110.0,116.01797181860334,True
584,Stacking,2025-07-05 13:25:00,110.0,109.96538356966639,True
584,Stacking,2025-07-05 13:30:00,108.0,118.19567588346338,True
584,Stacking,2025-07-05 13:35:00,108.0,116.27628090101406,True
584,Stacking,2025-07-05 13:40:00,108.0,110.59868331541145,True
584,Stacking,2025-07-05 13:45:00,111.0,114.09565118549473,True
584,Stacking,2025-07-05 13:50:00,113.0,109.15023903033666,True
584,Stacking,2025-07-05 13:55:00,117.0,113.63053872915141,True
584,Stacking,2025-07-05 14:00:00,120.0,104.89007299685937,True
584,Stacking,2025-07-05 14:05:00,123.0,111.39321925519914,True
584,Stacking,2025-07-05 14:10:00,125.0,109.94596450259066,True
584,Stacking,2025-07-05 14:15:00,128.0,120.28882580023897,True
584,Stacking,2025-07-05 14:20:00,127.0,120.55533701529815,True
584,Stacking,2025-07-05 14:25:00,131.0,130.0159222856002,True
584,Stacking,2025-07-05 14:30:00,134.0,130.06839132549123,True
584,Stacking,2025-07-05 14:35:00,133.0,134.71729636133793,True
584,Stacking,2025-07-05 14:40:00,136.0,132.6277783732094,True
584,Stacking,2025-07-05 14:45:00,136.0,141.35227865301556,True
584,Stacking,2025-07-05 14:50:00,135.0,129.2626824834817,True
584,Stacking,2025-07-05 14:55:00,136.0,142.13046243716605,True
584,Stacking,2025-07-05 15:00:00,137.0,144.05786942959807,True
584,Stacking,2025-07-05 15:05:00,139.0,133.446958409953,True
584,Stacking,2025-07-05 15:10:00,143.0,147.26060964088424,True
584,Stacking,2025-07-05 15:15:00,151.0,138.17874549005685,True
584,Stacking,2025-07-05 15:20:00,149.0,134.9995794465835,True
584,Stacking,2025-07-05 15:25:00,147.0,140.46349970245518,True
584,Stacking,2025-07-05 15:30:00,149.0,139.83774152376358,True
584,Stacking,2025-07-05 15:35:00,149.0,146.5239412779732,True
584,Stacking,2025-07-05 15:40:00,149.0,153.47177997132195,True
584,Stacking,2025-07-05 15:45:00,149.0,170.2533075706092,True
584,Stacking,2025-07-05 15:50:00,149.0,147.99580823806568,True
584,Stacking,2025-07-05 15:55:00,149.0,146.0517682984761,True
584,Stacking,2025-07-05 16:00:00,149.0,153.42723273230214,True
584,Stacking,2025-07-05 17:35:00,154.0,156.81697554027562,False
584,Stacking,2025-07-05 17:40:00,155.0,156.8162216876164,False
584,Stacking,2025-07-05 17:45:00,155.0,156.81545376273345,False
584,Stacking,2025-07-05 17:50:00,154.0,197.17031602880107,False
584,Stacking,2025-07-05 17:55:00,153.0,195.76898395360556,False
584,Stacking,2025-07-05 18:00:00,151.0,194.04347758158218,False
584,Stacking,2025-07-05 18:05:00,150.0,183.65252294065283,True
584,Stacking,2025-07-05 18:10:00,150.0,169.38730500009436,True
584,Stacking,2025-07-05 18:15:00,151.0,166.44025880657995,True
584,Stacking,2025-07-05 18:20:00,152.0,157.48047966333354,True
584,Stacking,2025-07-05 18:25:00,153.0,152.14105974932824,True
584,Stacking,2025-07-05 18:30:00,155.0,139.89101590803142,True
584,Stacking,2025-07-05 18:35:00,156.0,145.64707598355147,True
584,Stacking,2025-07-05 18:40:00,155.0,150.71573070261329,True
584,Stacking,2025-07-05 18:45:00,153.0,155.21091780980265,True
584,Stacking,2025-07-05 18:50:00,151.0,153.51486743518382,True
584,Stacking,2025-07-05 18:55:00,151.0,155.3045701676781,True
584,Stacking,2025-07-05 19:00:00,151.0,158.50341135795625,True
584,Stacking,2025-07-05 19:05:00,152.0,158.75872830945877,True
584,Stacking,2025-07-05 19:10:00,153.0,150.4092635351927,True
584,Stacking,2025-07-05 19:15:00,155.0,149.3332501175898,True
584,Stacking,2025-07-05 19:20:00,155.0,144.539434894174,True
584,Stacking,2025-07-05 19:25:00,154.0,153.51642940131188,True
584,Stacking,2025-07-05 19:30:00,151.0,153.37766699945192,True
584,Stacking,2025-07-05 19:35:00,147.0,155.42614891168196,True
584,Stacking,2025-07-05 19:40:00,144.0,155.1688697612019,True
584,Stacking,2025-07-05 19:45:00,140.0,158.6285196543417,True
584,Stacking,2025-07-05 19:50:00,138.0,152.39002365247032,True
584,Stacking,2025-07-05 19:55:00,137.0,146.37094162354083,True
584,Stacking,2025-07-05 20:00:00,135.0,137.37744883782526,True
584,Stacking,2025-07-05 20:05:00,133.0,132.65865953115306,True
584,Stacking,2025-07-05 20:10:00,128.0,131.29795499953045,True
584,Stacking,2025-07-05 20:15:00,125.0,126.31351080661557,True
584,Stacking,2025-07-05 20:20:00,123.0,129.44352494193404,True
584,Stacking,2025-07-05 20:25:00,122.0,131.9457245187968,True
584,Stacking,2025-07-05 20:30:00,123.0,127.87113626065252,True
584,Stacking,2025-07-05 20:35:00,124.0,127.12562251520734,True
584,Stacking,2025-07-05 20:40:00,125.0,113.8688070160077,True
584,Stacking,2025-07-05 20:45:00,127.0,116.95931760483391,True
584,Stacking,2025-07-05 20:50:00,129.0,117.14477161409269,True
584,Stacking,2025-07-05 20:55:00,131.0,116.88673353663842,True
584,Stacking,2025-07-05 21:00:00,133.0,123.17108350532065,True
584,Stacking,2025-07-05 21:05:00,137.0,123.70626188867674,True
584,Stacking,2025-07-05 21:10:00,141.0,126.1512906609249,True
584,Stacking,2025-07-05 21:15:00,143.0,133.34660846118302,True
584,Stacking,2025-07-05 21:20:00,146.0,135.30824751617598,True
584,Stacking,2025-07-05 21:25:00,149.0,136.56835643166966,True
584,Stacking,2025-07-05 21:30:00,155.0,140.15682561633207,True
584,Stacking,2025-07-05 21:35:00,161.0,148.46976246350002,True
584,Stacking,2025-07-05 21:40:00,168.0,153.20544322335377,True
584,Stacking,2025-07-05 21:45:00,176.0,149.23629316982138,True
584,Stacking,2025-07-05 21:50:00,182.0,156.96663638141158,True
584,Stacking,2025-07-05 21:55:00,186.0,159.0641723235411,True
584,Stacking,2025-07-05 22:00:00,190.0,171.37395836145794,True
584,Stacking,2025-07-05 22:05:00,192.0,177.85311470579802,True
584,Stacking,2025-07-05 22:10:00,194.0,187.98187147510444,True
584,Stacking,2025-07-05 22:15:00,194.0,200.1804163549978,True
584,Stacking,2025-07-05 22:20:00,196.0,198.44816441477934,True
584,Stacking,2025-07-05 22:25:00,200.0,197.48045240289352,True
584,Stacking,2025-07-05 22:30:00,203.0,202.5597769174569,True
584,Stacking,2025-07-05 22:35:00,204.0,198.90961604099468,True
584,Stacking,2025-07-05 22:40:00,203.0,202.07424213175435,True
584,Stacking,2025-07-05 22:45:00,203.0,197.2407267430023,True
584,Stacking,2025-07-05 22:50:00,204.0,203.52414474783805,True
584,Stacking,2025-07-05 22:55:00,206.0,209.33555439477885,True
584,Stacking,2025-07-05 23:00:00,208.0,210.7980061516285,True
584,Stacking,2025-07-05 23:05:00,210.0,208.70446673398874,True
584,Stacking,2025-07-05 23:10:00,210.0,203.05436032998603,True
584,Stacking,2025-07-05 23:15:00,210.0,204.97171500721325,True
584,Stacking,2025-07-05 23:20:00,211.0,206.31904870923196,True
584,Stacking,2025-07-05 23:25:00,211.0,209.6784813770414,True
584,Stacking,2025-07-05 23:30:00,210.0,211.8094736978875,True
584,Stacking,2025-07-05 23:35:00,212.0,215.78003191502344,True
584,Stacking,2025-07-05 23:40:00,214.0,212.91792761259555,True
584,Stacking,2025-07-05 23:45:00,215.0,213.48923018981526,True
584,Stacking,2025-07-05 23:50:00,216.0,214.75324534105567,True
584,Stacking,2025-07-05 23:55:00,220.0,213.40822562213432,True
584,Stacking,2025-07-06 00:00:00,223.0,210.39534398478173,True
584,Stacking,2025-07-06 00:05:00,224.0,215.09668285768208,True
584,Stacking,2025-07-06 00:10:00,224.0,216.12030632955657,True
584,Stacking,2025-07-06 00:15:00,224.0,217.5498938337216,True
584,Stacking,2025-07-06 00:20:00,224.0,218.5943598497915,True
584,Stacking,2025-07-06 00:25:00,223.0,228.99959042103993,True
584,Stacking,2025-07-06 00:30:00,221.0,226.0398519768194,True
584,Stacking,2025-07-06 00:35:00,218.0,226.39689244984015,True
584,Stacking,2025-07-06 00:40:00,216.0,225.54036994515045,True
584,Stacking,2025-07-06 00:45:00,215.0,224.41188113276434,True
584,Stacking,2025-07-06 00:50:00,214.0,223.97593316104386,True
584,Stacking,2025-07-06 00:55:00,213.0,221.10842935078,True
584,Stacking,2025-07-06 01:00:00,218.0,216.14429397758005,True
584,Stacking,2025-07-06 01:05:00,221.0,210.5929254732486,True
584,Stacking,2025-07-06 01:10:00,223.0,209.20703271797092,True
584,Stacking,2025-07-06 01:15:00,221.0,210.76808770885995,True
584,Stacking,2025-07-06 01:20:00,218.0,209.94131397494405,True
584,Stacking,2025-07-06 01:25:00,222.0,210.0696402371754,True
584,Stacking,2025-07-06 01:30:00,223.0,226.2881594079242,True
584,Stacking,2025-07-06 01:35:00,226.0,223.0562500258169,True
584,Stacking,2025-07-06 01:40:00,230.0,225.00252093203028,True
584,Stacking,2025-07-06 01:45:00,231.0,217.0074324622734,True
584,Stacking,2025-07-06 01:50:00,234.0,211.7846356082391,True
584,Stacking,2025-07-06 01:55:00,236.0,225.41896941409735,True
584,Stacking,2025-07-06 02:00:00,239.0,220.24924579323527,True
584,Stacking,2025-07-06 02:05:00,242.0,230.24105738666043,True
584,Stacking,2025-07-06 02:10:00,241.0,236.36032494239717,True
584,Stacking,2025-07-06 02:15:00,238.0,232.68182992635008,True
584,Stacking,2025-07-06 02:20:00,238.0,238.03297140298184,True
584,Stacking,2025-07-06 02:25:00,240.0,238.17503599848234,True
584,Stacking,2025-07-06 02:30:00,240.0,242.61902507045284,True
584,Stacking,2025-07-06 02:35:00,239.0,246.6425010958607,True
584,Stacking,2025-07-06 02:40:00,237.0,239.90477475120932,True
584,Stacking,2025-07-06 02:45:00,236.0,229.65065092450658,True
584,Stacking,2025-07-06 02:50:00,236.0,236.75639345466038,True
584,Stacking,2025-07-06 02:55:00,238.0,239.79408010718447,True
584,Stacking,2025-07-06 03:00:00,238.0,237.72606319317256,True
584,Stacking,2025-07-06 03:05:00,238.0,234.73428681661358,True
584,Stacking,2025-07-06 03:10:00,239.0,229.59986383587471,True
584,Stacking,2025-07-06 03:15:00,236.0,232.1657564853551,True
584,Stacking,2025-07-06 03:20:00,235.0,233.3582440070326,True
584,Stacking,2025-07-06 03:25:00,240.0,237.86224160507334,True
584,Stacking,2025-07-06 03:30:00,238.0,236.4304749764551,True
584,Stacking,2025-07-06 03:35:00,237.0,236.96064861638558,True
584,Stacking,2025-07-06 03:40:00,235.0,238.4630817049817,True
584,Stacking,2025-07-06 03:45:00,234.0,226.73611358291095,True
584,Stacking,2025-07-06 03:50:00,233.0,232.3821383832759,True
584,Stacking,2025-07-06 03:55:00,233.0,242.0557915728803,True
584,Stacking,2025-07-06 04:00:00,234.0,228.97244727527024,True
584,Stacking,2025-07-06 04:05:00,235.0,234.59313681340794,True
584,Stacking,2025-07-06 04:10:00,235.0,226.70274050934773,True
584,Stacking,2025-07-06 04:15:00,230.0,229.0130553703436,True
584,Stacking,2025-07-06 04:20:00,223.0,228.58202719269053,True
584,Stacking,2025-07-06 04:25:00,225.0,231.16321228611017,True
584,Stacking,2025-07-06 04:30:00,221.0,234.166263512667,True
584,Stacking,2025-07-06 04:35:00,217.0,235.81056191031377,True
584,Stacking,2025-07-06 04:40:00,215.0,234.56664309521153,True
584,Stacking,2025-07-06 04:45:00,213.0,220.07503083088585,True
584,Stacking,2025-07-06 04:50:00,211.0,210.37657294457063,True
584,Stacking,2025-07-06 04:55:00,211.0,223.69995804401736,True
584,Stacking,2025-07-06 05:00:00,212.0,208.6799316208344,True
584,Stacking,2025-07-06 05:05:00,214.0,206.25962284566634,True
584,Stacking,2025-07-06 05:10:00,214.0,206.79857171478898,True
584,Stacking,2025-07-06 05:15:00,214.0,204.7373867094025,True
584,Stacking,2025-07-06 05:20:00,211.0,201.73704835855654,True
584,Stacking,2025-07-06 05:25:00,211.0,207.2709007224775,True
584,Stacking,2025-07-06 05:30:00,211.0,209.70189837739497,True
584,Stacking,2025-07-06 05:35:00,211.0,212.3122490393657,True
584,Stacking,2025-07-06 05:40:00,211.0,212.4668125514535,True
584,Stacking,2025-07-06 05:45:00,213.0,213.99062669464598,True
584,Stacking,2025-07-06 05:50:00,214.0,204.84817356517652,True
584,Stacking,2025-07-06 05:55:00,213.0,212.51490846666826,True
584,Stacking,2025-07-06 06:00:00,212.0,213.75563552249577,True
584,Stacking,2025-07-06 06:05:00,211.0,212.96498212238865,True
584,Stacking,2025-07-06 06:10:00,208.0,213.17740921720653,True
584,Stacking,2025-07-06 06:15:00,204.0,215.28062723155148,True
584,Stacking,2025-07-06 06:20:00,197.0,212.65127325090023,True
584,Stacking,2025-07-06 06:25:00,188.0,206.52309102611952,True
584,Stacking,2025-07-06 06:30:00,179.0,207.2851816549107,True
584,Stacking,2025-07-06 06:35:00,177.0,206.03475814262595,True
584,Stacking,2025-07-06 06:40:00,174.0,190.7070394398767,True
584,Stacking,2025-07-06 06:45:00,170.0,183.66062588949475,True
584,Stacking,2025-07-06 06:50:00,164.0,171.84130651178512,True
584,Stacking,2025-07-06 06:55:00,163.0,159.47644270428165,True
584,Stacking,2025-07-06 07:00:00,161.0,150.92144523248757,True
584,Stacking,2025-07-06 07:05:00,159.0,161.49532243208463,True
584,Stacking,2025-07-06 07:10:00,157.0,158.93192568961683,True
584,Stacking,2025-07-06 07:15:00,157.0,151.7841847928395,True
584,Stacking,2025-07-06 07:20:00,158.0,140.44243543278964,True
584,Stacking,2025-07-06 07:25:00,159.0,150.43953362351863,True
584,Stacking,2025-07-06 07:30:00,160.0,145.4249504876938,True
584,Stacking,2025-07-06 07:35:00,165.0,146.98074893332557,True
584,Stacking,2025-07-06 07:40:00,163.0,143.30063533885613,True
584,Stacking,2025-07-06 07:45:00,158.0,151.28184599142048,True
584,Stacking,2025-07-06 07:50:00,159.0,154.1686742506986,True
584,Stacking,2025-07-06 07:55:00,160.0,157.41605708282378,True
584,Stacking,2025-07-06 08:00:00,159.0,159.35964556322418,True
584,Stacking,2025-07-06 08:05:00,158.0,175.3908073081098,True
584,Stacking,2025-07-06 08:10:00,154.0,154.18034640599814,True
584,Stacking,2025-07-06 08:15:00,146.0,149.26062401066767,True
584,Stacking,2025-07-06 08:20:00,144.0,159.97436290914837,True
584,Stacking,2025-07-06 08:25:00,143.0,159.1806405215585,True
584,Stacking,2025-07-06 08:30:00,143.0,154.21555879418244,True
584,Stacking,2025-07-06 08:35:00,147.0,152.4517267863665,True
584,Stacking,2025-07-06 08:40:00,149.0,144.664321228189,True
584,Stacking,2025-07-06 08:45:00,153.0,132.93728626354306,True
584,Stacking,2025-07-06 08:50:00,148.0,136.00819878410599,True
584,Stacking,2025-07-06 08:55:00,149.0,135.15348719380958,True
584,Stacking,2025-07-06 09:00:00,154.0,139.6915971452987,True
584,Stacking,2025-07-06 09:05:00,167.0,151.5015490684506,True
584,Stacking,2025-07-06 09:10:00,169.0,150.82561666428123,True
584,Stacking,2025-07-06 09:15:00,177.0,162.139180573393,True
584,Stacking,2025-07-06 09:20:00,182.0,140.03324087922962,True
584,Stacking,2025-07-06 09:25:00,192.0,152.01496140089645,True
584,Stacking,2025-07-06 09:30:00,202.0,161.35704976961415,True
584,Stacking,2025-07-06 09:35:00,211.0,192.08883112006183,True
584,Stacking,2025-07-06 09:40:00,212.0,179.6510822825675,True
584,Stacking,2025-07-06 09:45:00,211.0,198.39267486384014,True
584,Stacking,2025-07-06 09:50:00,215.0,196.113843843803,True
584,Stacking,2025-07-06 09:55:00,207.0,215.20141759231882,True
584,Stacking,2025-07-06 10:00:00,196.0,222.0281371943418,True
584,Stacking,2025-07-06 10:05:00,187.0,225.48362036130555,True
584,Stacking,2025-07-06 10:10:00,183.0,203.60577898482174,True
584,Stacking,2025-07-06 10:15:00,183.0,199.46705434120648,True
584,Stacking,2025-07-06 10:20:00,173.0,219.24276201288012,True
584,Stacking,2025-07-06 10:25:00,168.0,178.27610253057625,True
584,Stacking,2025-07-06 10:30:00,168.0,169.95738090126642,True
584,Stacking,2025-07-06 10:35:00,167.0,161.32176039631528,True
584,Stacking,2025-07-06 10:40:00,168.0,163.6121412035229,True
584,Stacking,2025-07-06 10:45:00,172.0,174.2157077178173,True
584,Stacking,2025-07-06 10:50:00,173.0,141.04305000002665,True
584,Stacking,2025-07-06 10:55:00,172.0,148.6332797757689,True
584,Stacking,2025-07-06 11:00:00,170.0,159.4215045418685,True
584,Stacking,2025-07-06 11:05:00,170.0,157.70527699101845,True
584,Stacking,2025-07-06 11:10:00,175.0,162.52103679477796,True
584,Stacking,2025-07-06 11:15:00,181.0,174.41556701897133,True
584,Stacking,2025-07-06 11:20:00,182.0,168.2028146728084,True
584,Stacking,2025-07-06 11:25:00,180.0,168.1840403117168,True
584,Stacking,2025-07-06 11:30:00,178.0,164.07611949507523,True
584,Stacking,2025-07-06 11:35:00,169.0,167.49410078320776,True
584,Stacking,2025-07-06 11:40:00,152.0,184.7128498966401,True
584,Stacking,2025-07-06 11:45:00,147.0,192.08306687816636,True
584,Stacking,2025-07-06 11:50:00,148.0,179.10068040581825,True
584,Stacking,2025-07-06 11:55:00,147.0,167.38541569691628,True
584,Stacking,2025-07-06 12:00:00,141.0,167.13189124170572,True
584,Stacking,2025-07-06 12:05:00,136.0,139.49296221278686,True
584,Stacking,2025-07-06 12:10:00,132.0,119.1691496837373,True
584,Stacking,2025-07-06 12:15:00,134.0,128.83862279510754,True
584,Stacking,2025-07-06 12:20:00,132.0,147.87381276137583,True
584,Stacking,2025-07-06 12:25:00,125.0,136.89535668540304,True
584,Stacking,2025-07-06 12:30:00,121.0,125.24263157320803,True
584,Stacking,2025-07-06 12:35:00,115.0,122.84735152342294,True
584,Stacking,2025-07-06 12:40:00,110.0,117.16862784361687,True
584,Stacking,2025-07-06 12:45:00,112.0,137.3718937905789,True
584,Stacking,2025-07-06 12:50:00,115.0,124.81055464275336,True
584,Stacking,2025-07-06 12:55:00,118.0,111.22927058910233,True
584,Stacking,2025-07-06 13:00:00,115.0,110.08140810453945,True
584,Stacking,2025-07-06 13:05:00,109.0,98.79567755338668,True
584,Stacking,2025-07-06 13:10:00,102.0,96.60908917811672,True
584,Stacking,2025-07-06 13:15:00,103.0,115.7914163793323,True
584,Stacking,2025-07-06 13:20:00,109.0,122.28224043191419,True
584,Stacking,2025-07-06 13:25:00,105.0,125.84423427083884,True
584,Stacking,2025-07-06 13:30:00,99.0,110.93309849328782,True
584,Stacking,2025-07-06 13:35:00,93.0,103.05504423319914,True
584,Stacking,2025-07-06 13:40:00,95.0,90.51986016122781,True
584,Stacking,2025-07-06 13:45:00,110.0,108.48893906074204,True
584,Stacking,2025-07-06 13:50:00,126.0,123.7914272854067,True
584,Stacking,2025-07-06 13:55:00,133.0,99.63636410818397,True
584,Stacking,2025-07-06 14:00:00,132.0,94.3731315321165,True
584,Stacking,2025-07-06 14:05:00,141.0,85.25835498751361,True
584,Stacking,2025-07-06 14:10:00,154.0,103.31428233077477,True
584,Stacking,2025-07-06 14:15:00,165.0,135.4467858405184,True
584,Stacking,2025-07-06 14:20:00,163.0,156.68061997712695,True
584,Stacking,2025-07-06 14:25:00,158.0,151.32143063291227,True
584,Stacking,2025-07-06 14:30:00,155.0,129.3557271897859,True
584,Stacking,2025-07-06 14:35:00,160.0,165.2021796316653,True
584,Stacking,2025-07-06 14:40:00,164.0,176.6753627333757,True
584,Stacking,2025-07-06 14:45:00,167.0,188.71954566396855,True
584,Stacking,2025-07-06 14:50:00,174.0,158.29047681051534,True
584,Stacking,2025-07-06 14:55:00,179.0,148.66578369007033,True
584,Stacking,2025-07-06 15:00:00,178.0,145.47671809635503,True
584,Stacking,2025-07-06 15:05:00,176.0,168.2226635723944,True
584,Stacking,2025-07-06 15:10:00,174.0,169.03833907869694,True
584,Stacking,2025-07-06 15:15:00,183.0,172.438731198002,True
584,Stacking,2025-07-06 15:20:00,182.0,193.53770573477917,True
584,Stacking,2025-07-06 15:25:00,179.0,190.3947932469161,True
584,Stacking,2025-07-06 15:30:00,178.0,172.7725447966693,True
584,Stacking,2025-07-06 15:35:00,190.0,170.82365150068108,True
584,Stacking,2025-07-06 15:40:00,196.0,167.83030205699404,True
584,Stacking,2025-07-06 15:45:00,193.0,195.6469658704684,True
584,Stacking,2025-07-06 15:50:00,198.0,177.0480088888081,True
584,Stacking,2025-07-06 15:55:00,198.0,170.11740655776495,True
584,Stacking,2025-07-06 16:00:00,201.0,172.15748318054892,True
584,Stacking,2025-07-06 16:05:00,200.0,202.1328177198489,True
584,Stacking,2025-07-06 16:10:00,187.0,202.71011119827165,True
584,Stacking,2025-07-06 16:15:00,184.0,190.85235451880502,True
584,Stacking,2025-07-06 16:20:00,186.0,208.66099130064254,True
584,Stacking,2025-07-06 16:25:00,186.0,198.2574075613559,True
584,Stacking,2025-07-06 16:30:00,182.0,208.37411592081847,True
584,Stacking,2025-07-06 16:35:00,177.0,198.08584245522403,True
584,Stacking,2025-07-06 16:40:00,189.0,181.39918507442286,True
584,Stacking,2025-07-06 16:45:00,194.0,182.27997078199675,True
584,Stacking,2025-07-06 16:50:00,176.0,188.46069460393647,True
584,Stacking,2025-07-06 16:55:00,174.0,184.57692577896358,True
584,Stacking,2025-07-06 17:00:00,166.0,176.32526641803338,True
584,Stacking,2025-07-06 17:05:00,159.0,169.343979893883,True
584,Stacking,2025-07-06 17:10:00,150.0,198.61767984589537,True
584,Stacking,2025-07-06 17:15:00,162.0,196.6843836419304,True
584,Stacking,2025-07-06 17:20:00,171.0,163.99147880003176,True
584,Stacking,2025-07-06 17:25:00,164.0,170.41619490095172,True
584,Stacking,2025-07-06 17:30:00,158.0,148.4288950288965,True
584,Stacking,2025-07-06 17:35:00,154.0,140.21839112550464,True
584,Stacking,2025-07-06 17:40:00,151.0,120.79023918701637,True
584,Stacking,2025-07-06 17:45:00,162.0,171.57945726583765,True
584,Stacking,2025-07-06 17:50:00,177.0,179.58286684200795,True
584,Stacking,2025-07-06 17:55:00,184.0,142.76776281342234,True
584,Stacking,2025-07-06 18:00:00,185.0,142.8481557583707,True
584,Stacking,2025-07-06 18:05:00,190.0,140.3015500793678,True
584,Stacking,2025-07-06 18:10:00,194.0,139.10684585209785,True
584,Stacking,2025-07-06 18:15:00,200.0,170.39849506226344,True
584,Stacking,2025-07-06 18:20:00,216.0,186.83914109489953,True
584,Stacking,2025-07-06 18:25:00,216.0,193.32532800956562,True
584,Stacking,2025-07-06 18:30:00,213.0,184.94670002781348,True
584,Stacking,2025-07-06 18:35:00,201.0,201.6206689675194,True
584,Stacking,2025-07-06 18:40:00,189.0,201.30287662579798,True
584,Stacking,2025-07-06 18:45:00,187.0,214.9931594059155,True
584,Stacking,2025-07-06 18:50:00,181.0,238.26191472007181,True
584,Stacking,2025-07-06 18:55:00,176.0,217.65560963114913,True
584,Stacking,2025-07-06 19:00:00,188.0,208.932186525957,True
584,Stacking,2025-07-06 19:05:00,207.0,188.37547352758077,True
584,Stacking,2025-07-06 19:10:00,215.0,171.42176014620182,True
584,Stacking,2025-07-06 19:15:00,206.0,182.0230924275339,True
584,Stacking,2025-07-06 19:20:00,201.0,163.49975116354588,True
584,Stacking,2025-07-06 19:25:00,193.0,162.25356216321657,True
584,Stacking,2025-07-06 19:30:00,181.0,191.1378715749865,True
584,Stacking,2025-07-06 19:35:00,180.0,216.35838459835927,True
584,Stacking,2025-07-06 19:40:00,178.0,220.0868391166939,True
584,Stacking,2025-07-06 19:45:00,179.0,192.63023123658084,True
584,Stacking,2025-07-06 19:50:00,177.0,194.84086406147844,True
584,Stacking,2025-07-06 19:55:00,174.0,181.33656328536574,True
584,Stacking,2025-07-06 20:00:00,170.0,154.66229978386417,True
584,Stacking,2025-07-06 20:05:00,172.0,170.5610938072579,True
584,Stacking,2025-07-06 20:10:00,172.0,169.59109745334868,True
584,Stacking,2025-07-06 20:15:00,174.0,176.39005953865816,True
584,Stacking,2025-07-06 20:20:00,182.0,168.2228558434067,True
584,Stacking,2025-07-06 20:25:00,188.0,166.85576883693082,True
584,Stacking,2025-07-06 20:30:00,193.0,159.68104736887676,True
584,Stacking,2025-07-06 20:35:00,196.0,173.08889316687265,True
584,Stacking,2025-07-06 20:40:00,198.0,168.32155966290125,True
584,Stacking,2025-07-06 20:45:00,189.0,177.63341828706317,True
584,Stacking,2025-07-06 20:50:00,180.0,196.47736693328255,True
584,Stacking,2025-07-06 20:55:00,184.0,197.7978988271174,True
584,Stacking,2025-07-06 21:00:00,188.0,203.56439713733477,True
584,Stacking,2025-07-06 21:05:00,191.0,205.24207851694132,True
584,Stacking,2025-07-06 21:10:00,193.0,204.6830034260587,True
584,Stacking,2025-07-06 21:15:00,195.0,184.9135398669862,True
584,Stacking,2025-07-06 21:20:00,195.0,174.00578910032644,True
584,Stacking,2025-07-06 21:25:00,195.0,190.58738673522643,True
584,Stacking,2025-07-06 21:30:00,195.0,191.2267103924963,True
584,Stacking,2025-07-06 21:35:00,194.0,198.73100918365208,True
584,Stacking,2025-07-06 21:40:00,196.0,196.29071282645296,True
584,Stacking,2025-07-06 21:45:00,204.0,201.8382285097277,True
584,Stacking,2025-07-06 21:50:00,207.0,197.62749362279325,True
584,Stacking,2025-07-06 21:55:00,213.0,199.05586417571735,True
584,Stacking,2025-07-06 22:00:00,216.0,197.49691906709566,True
584,Stacking,2025-07-06 22:05:00,215.0,191.51822583797346,True
584,Stacking,2025-07-06 22:10:00,212.0,205.5126508202259,True
584,Stacking,2025-07-06 22:15:00,208.0,215.97939799404296,True
584,Stacking,2025-07-06 22:20:00,205.0,214.02144480781544,True
584,Stacking,2025-07-06 22:25:00,200.0,227.29460518558997,True
584,Stacking,2025-07-06 22:30:00,194.0,218.61423315279887,True
584,Stacking,2025-07-06 22:35:00,189.0,205.84666594148015,True
584,Stacking,2025-07-06 22:40:00,183.0,193.4089318510138,True
584,Stacking,2025-07-06 22:45:00,177.0,184.7013287631522,True
584,Stacking,2025-07-06 22:50:00,172.0,185.40881967520332,True
584,Stacking,2025-07-06 22:55:00,168.0,174.96966597614687,True
584,Stacking,2025-07-06 23:00:00,165.0,168.17470000837324,True
584,Stacking,2025-07-06 23:05:00,161.0,166.8298657971347,True
584,Stacking,2025-07-06 23:10:00,157.0,159.9413168055542,True
584,Stacking,2025-07-06 23:15:00,154.0,153.2269095032117,True
584,Stacking,2025-07-06 23:20:00,150.0,151.4634318118274,True
584,Stacking,2025-07-06 23:25:00,145.0,149.77124984405327,True
584,Stacking,2025-07-06 23:30:00,144.0,148.6964322325317,True
584,Stacking,2025-07-06 23:35:00,143.0,143.6532939916985,True
584,Stacking,2025-07-06 23:40:00,143.0,141.00906776341807,True
584,Stacking,2025-07-06 23:45:00,142.0,136.92243272008315,True
584,Stacking,2025-07-06 23:50:00,141.0,133.9785752264128,True
584,Stacking,2025-07-06 23:55:00,139.0,126.2711081986354,True
584,Stacking,2025-07-07 00:00:00,137.0,132.78015175062907,True
584,Stacking,2025-07-07 00:05:00,135.0,131.47214758352874,True
584,Stacking,2025-07-07 00:10:00,132.0,137.42172147479792,True
584,Stacking,2025-07-07 00:15:00,132.0,133.0657644381188,True
584,Stacking,2025-07-07 00:20:00,133.0,134.03636193676837,True
584,Stacking,2025-07-07 00:25:00,132.0,130.26848169242965,True
584,Stacking,2025-07-07 00:30:00,131.0,129.2859459476217,True
584,Stacking,2025-07-07 00:35:00,130.0,127.12743865114348,True
584,Stacking,2025-07-07 00:40:00,129.0,121.47637885163127,True
584,Stacking,2025-07-07 00:45:00,129.0,127.47762124891727,True
584,Stacking,2025-07-07 00:50:00,130.0,131.97430194572763,True
584,Stacking,2025-07-07 00:55:00,131.0,126.91271529733166,True
584,Stacking,2025-07-07 01:00:00,131.0,125.89895590275378,True
584,Stacking,2025-07-07 01:05:00,130.0,125.01290402305084,True
584,Stacking,2025-07-07 01:10:00,127.0,124.68939815151774,True
584,Stacking,2025-07-07 01:15:00,124.0,127.75308805724774,True
584,Stacking,2025-07-07 01:20:00,125.0,130.7626162818947,True
584,Stacking,2025-07-07 01:25:00,127.0,132.0374490764931,True
584,Stacking,2025-07-07 01:30:00,128.0,130.2556669627992,True
584,Stacking,2025-07-07 01:35:00,129.0,127.60893596935395,True
584,Stacking,2025-07-07 01:40:00,120.0,122.97782913817086,True
584,Stacking,2025-07-07 01:45:00,109.0,116.55733227985054,True
584,Stacking,2025-07-07 01:50:00,109.0,126.14190869062449,True
584,Stacking,2025-07-07 01:55:00,112.0,132.17319645113463,True
584,Stacking,2025-07-07 02:00:00,113.0,131.27040749946102,True
584,Stacking,2025-07-07 02:05:00,113.0,133.19998745002536,True
584,Stacking,2025-07-07 02:10:00,112.0,113.73045010181731,True
584,Stacking,2025-07-07 02:15:00,110.0,104.07641203761203,True
584,Stacking,2025-07-07 02:20:00,108.0,110.58552605769987,True
584,Stacking,2025-07-07 02:25:00,106.0,118.74682412867676,True
584,Stacking,2025-07-07 02:30:00,104.0,116.5735516385056,True
584,Stacking,2025-07-07 02:35:00,101.0,115.89550829996779,True
584,Stacking,2025-07-07 02:40:00,101.0,110.89838908493138,True
584,Stacking,2025-07-07 02:45:00,102.0,109.36920609793263,True
584,Stacking,2025-07-07 02:50:00,103.0,105.3014780036633,True
584,Stacking,2025-07-07 02:55:00,104.0,103.27784881998018,True
584,Stacking,2025-07-07 03:00:00,98.0,100.4969271059802,True
584,Stacking,2025-07-07 03:05:00,89.0,95.00132861803544,True
584,Stacking,2025-07-07 03:10:00,91.0,100.20297035516326,True
584,Stacking,2025-07-07 03:15:00,92.0,103.68052253255271,True
584,Stacking,2025-07-07 03:20:00,92.0,107.01109998651407,True
584,Stacking,2025-07-07 03:25:00,91.0,107.36514956629266,True
584,Stacking,2025-07-07 03:30:00,89.0,94.44111533637366,True
584,Stacking,2025-07-07 03:35:00,87.0,85.59659488173517,True
584,Stacking,2025-07-07 03:40:00,86.0,98.51123932848255,True
584,Stacking,2025-07-07 03:45:00,86.0,96.30980549850293,True
584,Stacking,2025-07-07 03:50:00,85.0,96.0577060902296,True
584,Stacking,2025-07-07 03:55:00,83.0,90.68916788719152,True
584,Stacking,2025-07-07 04:00:00,81.0,87.62706907350078,True
584,Stacking,2025-07-07 04:05:00,79.0,85.6410876551156,True
584,Stacking,2025-07-07 04:10:00,79.0,86.09249346891896,True
584,Stacking,2025-07-07 04:15:00,78.0,88.3158766892705,True
584,Stacking,2025-07-07 04:20:00,76.0,84.389577155332,True
584,Stacking,2025-07-07 04:25:00,76.0,82.21250294360782,True
584,Stacking,2025-07-07 04:30:00,75.0,79.1135594385484,True
584,Stacking,2025-07-07 04:35:00,75.0,78.54411027697999,True
584,Stacking,2025-07-07 04:40:00,75.0,82.39468317240984,True
584,Stacking,2025-07-07 04:45:00,75.0,78.67740838715669,True
584,Stacking,2025-07-07 04:50:00,75.0,75.63612365378164,True
584,Stacking,2025-07-07 04:55:00,75.0,78.98138468135072,True
584,Stacking,2025-07-07 05:00:00,75.0,76.42332035896784,True
584,Stacking,2025-07-07 05:20:00,73.0,78.27130176048098,True
584,Stacking,2025-07-07 05:25:00,75.0,78.2458378531696,True
584,Stacking,2025-07-07 05:30:00,76.0,78.86728524228838,True
584,Stacking,2025-07-07 05:35:00,77.0,108.80271903453617,False
584,Stacking,2025-07-07 05:40:00,74.0,107.70873300471614,False
584,Stacking,2025-07-07 05:45:00,72.0,108.08182764106294,False
584,Stacking,2025-07-07 05:50:00,66.0,79.7859263955645,True
584,Stacking,2025-07-07 05:55:00,70.0,87.26386538623906,True
584,Stacking,2025-07-07 06:00:00,83.0,82.98462251481523,True
584,Stacking,2025-07-07 06:05:00,95.0,85.167967059628,True
584,Stacking,2025-07-07 06:10:00,108.0,79.06542287380276,True
584,Stacking,2025-07-07 06:15:00,113.0,77.91965430085791,True
584,Stacking,2025-07-07 06:20:00,112.0,72.95432612454434,True
584,Stacking,2025-07-07 06:25:00,107.0,91.9427840653757,True
584,Stacking,2025-07-07 06:30:00,118.0,113.8516895446648,True
584,Stacking,2025-07-07 06:35:00,126.0,130.66266222361904,True
584,Stacking,2025-07-07 06:40:00,130.0,147.11006192165033,True
584,Stacking,2025-07-07 06:45:00,133.0,129.98954764292816,True
584,Stacking,2025-07-07 06:50:00,134.0,115.17840204520121,True
584,Stacking,2025-07-07 06:55:00,137.0,106.19711778295736,True
584,Stacking,2025-07-07 07:00:00,139.0,137.0356480532096,True
584,Stacking,2025-07-07 07:05:00,134.0,145.6941376127431,True
584,Stacking,2025-07-07 07:10:00,135.0,140.54977152407122,True
584,Stacking,2025-07-07 07:15:00,141.0,143.22618721188022,True
584,Stacking,2025-07-07 07:20:00,141.0,138.12342174120582,True
584,Stacking,2025-07-07 07:25:00,138.0,149.57175417707757,True
584,Stacking,2025-07-07 07:30:00,143.0,148.1230582059821,True
584,Stacking,2025-07-07 07:35:00,134.0,130.19955687592807,True
584,Stacking,2025-07-07 07:40:00,109.0,140.27300932452312,True
584,Stacking,2025-07-07 07:45:00,96.0,153.1025164692271,True
584,Stacking,2025-07-07 07:50:00,109.0,143.85664117462645,True
584,Stacking,2025-07-07 07:55:00,124.0,136.20636051306477,True
584,Stacking,2025-07-07 08:00:00,133.0,154.3267271889637,True
584,Stacking,2025-07-07 08:05:00,135.0,124.974214196084,True
584,Stacking,2025-07-07 08:10:00,134.0,106.01142185081959,True
584,Stacking,2025-07-07 08:15:00,137.0,97.39230284416672,True
584,Stacking,2025-07-07 08:20:00,133.0,136.39207881843848,True
584,Stacking,2025-07-07 08:25:00,146.0,166.70546358975824,True
584,Stacking,2025-07-07 08:30:00,144.0,165.79804962714698,True
584,Stacking,2025-07-07 08:35:00,128.0,156.02385885365695,True
584,Stacking,2025-07-07 08:40:00,123.0,148.4830267751341,True
584,Stacking,2025-07-07 08:45:00,126.0,158.75635966808542,True
584,Stacking,2025-07-07 08:50:00,124.0,137.03966973275453,True
584,Stacking,2025-07-07 08:55:00,110.0,176.03134792793063,True
584,Stacking,2025-07-07 09:00:00,107.0,144.2784594787473,True
584,Stacking,2025-07-07 09:05:00,102.0,117.8795736731181,True
584,Stacking,2025-07-07 09:10:00,107.0,110.82460550931808,True
584,Stacking,2025-07-07 09:15:00,112.0,136.45210244056005,True
584,Stacking,2025-07-07 09:20:00,105.0,119.96966205844635,True
584,Stacking,2025-07-07 09:25:00,102.0,102.18566821594045,True
584,Stacking,2025-07-07 09:30:00,103.0,102.49495254136752,True
584,Stacking,2025-07-07 09:35:00,103.0,91.14311352462899,True
584,Stacking,2025-07-07 09:40:00,98.0,120.76947326707881,True
584,Stacking,2025-07-07 09:45:00,89.0,122.64906988259067,True
584,Stacking,2025-07-07 09:50:00,86.0,99.57827618934644,True
584,Stacking,2025-07-07 09:55:00,81.0,100.03666368577586,True
584,Stacking,2025-07-07 10:00:00,79.0,108.73050463036445,True
584,Stacking,2025-07-07 10:05:00,78.0,105.21237463905445,True
584,Stacking,2025-07-07 10:10:00,75.0,93.29673624208465,True
584,Stacking,2025-07-07 10:15:00,67.0,82.55589384631357,True
584,Stacking,2025-07-07 10:20:00,62.0,84.34376283171197,True
584,Stacking,2025-07-07 10:25:00,66.0,77.80295054210276,True
584,Stacking,2025-07-07 10:30:00,72.0,80.24210230887492,True
584,Stacking,2025-07-07 10:35:00,82.0,79.56291562528635,True
584,Stacking,2025-07-07 10:40:00,88.0,76.84844001679416,True
584,Stacking,2025-07-07 10:45:00,80.0,71.21915458372649,True
584,Stacking,2025-07-07 10:50:00,69.0,70.11443102223079,True
584,Stacking,2025-07-07 10:55:00,73.0,93.81275609472087,True
584,Stacking,2025-07-07 11:00:00,80.0,101.70638210767292,True
584,Stacking,2025-07-07 11:05:00,77.0,115.83714748142438,True
584,Stacking,2025-07-07 11:10:00,82.0,111.92847740252164,True
584,Stacking,2025-07-07 11:15:00,86.0,84.98896440305231,True
584,Stacking,2025-07-07 11:20:00,93.0,76.56109109716772,True
584,Stacking,2025-07-07 11:25:00,96.0,99.2175909552577,True
584,Stacking,2025-07-07 11:30:00,95.0,106.47980876246552,True
584,Stacking,2025-07-07 11:35:00,94.0,81.94338423660201,True
584,Stacking,2025-07-07 11:40:00,94.0,104.47792425717685,True
584,Stacking,2025-07-07 11:45:00,89.0,104.18081867491644,True
584,Stacking,2025-07-07 11:50:00,86.0,120.63622254375052,True
584,Stacking,2025-07-07 11:55:00,80.0,109.75652945902407,True
584,Stacking,2025-07-07 12:00:00,79.0,98.62882870011069,True
584,Stacking,2025-07-07 12:05:00,81.0,97.40640223231156,True
584,Stacking,2025-07-07 12:10:00,82.0,98.57942352783576,True
584,Stacking,2025-07-07 12:15:00,80.0,86.96802789816364,True
584,Stacking,2025-07-07 12:20:00,71.0,86.51681395106141,True
584,Stacking,2025-07-07 12:25:00,67.0,79.87471897721433,True
584,Stacking,2025-07-07 12:30:00,63.0,84.1210787279278,True
584,Stacking,2025-07-07 12:35:00,68.0,94.954672281684,True
584,Stacking,2025-07-07 12:40:00,69.0,90.96679827457487,True
584,Stacking,2025-07-07 12:45:00,75.0,83.74060132557666,True
584,Stacking,2025-07-07 12:50:00,80.0,78.4404275799616,True
584,Stacking,2025-07-07 12:55:00,79.0,78.26810611524971,True
584,Stacking,2025-07-07 13:00:00,80.0,74.56474363300708,True
584,Stacking,2025-07-07 13:05:00,80.0,100.62400084982012,True
584,Stacking,2025-07-07 13:10:00,83.0,84.61808204480857,True
584,Stacking,2025-07-07 13:15:00,97.0,106.19239338334448,True
584,Stacking,2025-07-07 13:20:00,108.0,106.1733221399541,True
584,Stacking,2025-07-07 13:25:00,110.0,86.51205982654247,True
584,Stacking,2025-07-07 13:30:00,106.0,93.01175535038767,True
584,Stacking,2025-07-07 13:35:00,103.0,87.22399429603205,True
584,Stacking,2025-07-07 13:40:00,101.0,102.14683011125568,True
584,Stacking,2025-07-07 13:45:00,101.0,137.12378529999393,True
584,Stacking,2025-07-07 13:50:00,94.0,142.9763085301853,True
584,Stacking,2025-07-07 13:55:00,92.0,122.40538543418621,True
584,Stacking,2025-07-07 14:00:00,88.0,106.23748507595452,True
584,Stacking,2025-07-07 14:05:00,91.0,105.00698742306048,True
584,Stacking,2025-07-07 14:10:00,97.0,99.27272506238133,True
584,Stacking,2025-07-07 14:15:00,98.0,105.19182962230613,True
584,Stacking,2025-07-07 14:20:00,89.0,92.73778472038335,True
584,Stacking,2025-07-07 14:25:00,90.0,93.88124386376829,True
584,Stacking,2025-07-07 14:30:00,95.0,86.75033974120203,True
584,Stacking,2025-07-07 14:35:00,93.0,103.17676843283947,True
584,Stacking,2025-07-07 14:40:00,93.0,117.60969791493241,True
584,Stacking,2025-07-07 14:45:00,92.0,105.22490108550396,True
584,Stacking,2025-07-07 14:50:00,85.0,91.00090165217843,True
584,Stacking,2025-07-07 14:55:00,85.0,100.7608834064775,True
584,Stacking,2025-07-07 15:00:00,94.0,111.35930939866994,True
584,Stacking,2025-07-07 15:05:00,103.0,94.00024216984089,True
584,Stacking,2025-07-07 15:10:00,113.0,99.80901553959409,True
584,Stacking,2025-07-07 15:15:00,121.0,92.29400897966659,True
584,Stacking,2025-07-07 15:20:00,114.0,84.59089034991442,True
584,Stacking,2025-07-07 15:25:00,110.0,91.09426280910088,True
584,Stacking,2025-07-07 15:30:00,103.0,122.54572603182629,True
584,Stacking,2025-07-07 15:35:00,98.0,132.1596153932785,True
584,Stacking,2025-07-07 15:40:00,104.0,145.43679958725133,True
584,Stacking,2025-07-07 15:45:00,111.0,147.53060800685452,True
584,Stacking,2025-07-07 15:50:00,114.0,114.26662850184363,True
584,Stacking,2025-07-07 15:55:00,109.0,112.1704465543529,True
584,Stacking,2025-07-07 16:00:00,105.0,98.58485185442315,True
584,Stacking,2025-07-07 16:05:00,110.0,94.34949260450323,True
584,Stacking,2025-07-07 16:10:00,118.0,120.83386738355897,True
584,Stacking,2025-07-07 16:15:00,120.0,128.6438252178732,True
584,Stacking,2025-07-07 16:20:00,123.0,124.10419227600241,True
584,Stacking,2025-07-07 16:25:00,117.0,108.86822607526784,True
584,Stacking,2025-07-07 16:30:00,98.0,104.02669958394304,True
584,Stacking,2025-07-07 16:35:00,87.0,122.48093309952435,True
584,Stacking,2025-07-07 16:40:00,84.0,135.56949363329628,True
584,Stacking,2025-07-07 16:45:00,84.0,125.30028381240227,True
584,Stacking,2025-07-07 16:50:00,82.0,133.1641292133306,True
584,Stacking,2025-07-07 16:55:00,87.0,113.29310410824277,True
584,Stacking,2025-07-07 17:00:00,95.0,97.76528796407865,True
584,Stacking,2025-07-07 17:05:00,104.0,89.86907385646144,True
584,Stacking,2025-07-07 17:10:00,104.0,87.35562078487521,True
584,Stacking,2025-07-07 17:15:00,104.0,91.21885181173641,True
584,Stacking,2025-07-07 17:20:00,104.0,83.00118210424542,True
584,Stacking,2025-07-07 17:25:00,104.0,103.04652791001507,True
584,Stacking,2025-07-07 17:30:00,217.0,116.93706251079206,True
584,Stacking,2025-07-07 17:35:00,231.0,132.30743514737145,True
584,Stacking,2025-07-07 17:40:00,236.0,120.15775045698356,True
584,Stacking,2025-07-07 17:45:00,235.0,121.38087814045313,True
584,Stacking,2025-07-07 17:50:00,234.0,121.78585808262861,True
584,Stacking,2025-07-07 17:55:00,246.0,121.55363495011504,True
584,Stacking,2025-07-07 18:00:00,257.0,242.30879663061424,True
584,Stacking,2025-07-07 18:05:00,263.0,243.18538967760801,True
584,Stacking,2025-07-07 18:10:00,256.0,222.95817231969957,True
584,Stacking,2025-07-07 18:15:00,246.0,211.97842404994154,True
584,Stacking,2025-07-07 18:20:00,237.0,208.68922345586498,True
584,Stacking,2025-07-07 18:25:00,229.0,257.76390757330273,True
584,Stacking,2025-07-07 18:30:00,221.0,268.2409596141407,True
584,Stacking,2025-07-07 18:35:00,220.0,264.6635028722143,True
584,Stacking,2025-07-07 18:40:00,223.0,227.905903010628,True
584,Stacking,2025-07-07 18:45:00,225.0,210.37641654290755,True
584,Stacking,2025-07-07 18:50:00,213.0,203.30137781800101,True
584,Stacking,2025-07-07 18:55:00,201.0,200.36655337752626,True
584,Stacking,2025-07-07 19:00:00,194.0,189.66110057739098,True
584,Stacking,2025-07-07 19:05:00,189.0,205.07050888863114,True
584,Stacking,2025-07-07 19:10:00,183.0,213.5987874841437,True
584,Stacking,2025-07-07 19:15:00,174.0,218.54785034402755,True
584,Stacking,2025-07-07 19:20:00,164.0,185.33091289393963,True
584,Stacking,2025-07-07 19:25:00,164.0,176.75049163336473,True
584,Stacking,2025-07-07 19:30:00,175.0,169.9480347448471,True
584,Stacking,2025-07-07 19:35:00,200.0,167.47890436947787,True
584,Stacking,2025-07-07 19:40:00,207.0,158.776209853713,True
584,Stacking,2025-07-07 19:45:00,210.0,146.12777113567304,True
584,Stacking,2025-07-07 19:50:00,214.0,129.55105178258563,True
584,Stacking,2025-07-07 19:55:00,193.0,155.61815261516213,True
584,Stacking,2025-07-07 20:00:00,171.0,184.739773201056,True
584,Stacking,2025-07-07 20:05:00,177.0,205.32462583814353,True
584,Stacking,2025-07-07 20:10:00,197.0,210.22712948755174,True
584,Stacking,2025-07-07 20:15:00,239.0,210.18956076702545,True
584,Stacking,2025-07-07 20:20:00,271.0,219.14841355841574,True
584,Stacking,2025-07-07 20:25:00,294.0,179.22308703731886,True
584,Stacking,2025-07-07 20:30:00,303.0,150.74472267893222,True
584,Stacking,2025-07-07 20:35:00,312.0,187.90576022898827,True
584,Stacking,2025-07-07 20:40:00,319.0,210.3623509218334,True
584,Stacking,2025-07-07 20:45:00,322.0,249.2814807971417,True
584,Stacking,2025-07-07 20:50:00,325.0,272.11966168566687,True
584,Stacking,2025-07-07 20:55:00,330.0,296.3756793979617,True
584,Stacking,2025-07-07 21:00:00,327.0,303.98068082441785,True
584,Stacking,2025-07-07 21:05:00,311.0,312.0461512609829,True
584,Stacking,2025-07-07 21:10:00,305.0,310.5880974954521,True
584,Stacking,2025-07-07 21:15:00,318.0,301.9205189081662,True
584,Stacking,2025-07-07 21:20:00,327.0,298.5370573125623,True
584,Stacking,2025-07-07 21:25:00,331.0,300.5114571247375,True
584,Stacking,2025-07-07 21:30:00,332.0,299.4524555204549,True
584,Stacking,2025-07-07 21:35:00,327.0,282.3326153440696,True
584,Stacking,2025-07-07 21:40:00,321.0,274.926710451105,True
584,Stacking,2025-07-07 21:45:00,314.0,307.3698487747406,True
584,Stacking,2025-07-07 21:50:00,305.0,315.4546659709938,True
584,Stacking,2025-07-07 21:55:00,293.0,315.29656955360394,True
584,Stacking,2025-07-07 22:00:00,280.0,311.62204414377106,True
584,Stacking,2025-07-07 22:05:00,256.0,293.4282210505023,True
584,Stacking,2025-07-07 22:10:00,242.0,284.3272042357187,True
584,Stacking,2025-07-07 22:15:00,231.0,280.1851823916279,True
584,Stacking,2025-07-07 22:20:00,221.0,266.4261266768674,True
584,Stacking,2025-07-07 22:25:00,210.0,251.41716845635406,True
584,Stacking,2025-07-07 22:30:00,199.0,235.98147930058877,True
584,Stacking,2025-07-07 22:35:00,187.0,201.20318343947196,True
584,Stacking,2025-07-07 22:40:00,180.0,192.74054490835783,True
584,Stacking,2025-07-07 22:45:00,173.0,186.46508436514725,True
584,Stacking,2025-07-07 22:50:00,167.0,176.05723315399675,True
584,Stacking,2025-07-07 22:55:00,161.0,161.48294192262924,True
584,Stacking,2025-07-07 23:00:00,157.0,153.9854536409457,True
584,Stacking,2025-07-07 23:05:00,147.0,142.21855123567562,True
584,Stacking,2025-07-07 23:10:00,146.0,148.26960774559421,True
584,Stacking,2025-07-07 23:15:00,152.0,140.28742583821906,True
584,Stacking,2025-07-07 23:20:00,152.0,138.27717342278953,True
584,Stacking,2025-07-07 23:25:00,153.0,133.56360680427107,True
584,Stacking,2025-07-07 23:30:00,154.0,137.2585247138175,True
584,Stacking,2025-07-07 23:35:00,142.0,117.21765409945682,True
584,Stacking,2025-07-07 23:40:00,140.0,133.85169130951545,True
584,Stacking,2025-07-07 23:45:00,143.0,153.02255193488364,True
584,Stacking,2025-07-07 23:50:00,152.0,145.03203421114597,True
584,Stacking,2025-07-07 23:55:00,161.0,151.12212115132755,True
584,Stacking,2025-07-08 00:00:00,163.0,151.51373358029588,True
584,Stacking,2025-07-08 00:05:00,164.0,128.77583053767796,True
584,Stacking,2025-07-08 00:10:00,165.0,132.12590677247067,True
584,Stacking,2025-07-08 00:15:00,164.0,147.6072778009811,True
584,Stacking,2025-07-08 00:20:00,161.0,163.66621987103548,True
584,Stacking,2025-07-08 00:25:00,159.0,178.604038000703,True
584,Stacking,2025-07-08 00:30:00,139.0,164.36975822706634,True
584,Stacking,2025-07-08 00:35:00,134.0,164.83747179291464,True
584,Stacking,2025-07-08 00:40:00,138.0,168.24069214365036,True
584,Stacking,2025-07-08 00:45:00,147.0,159.99275271821617,True
584,Stacking,2025-07-08 00:50:00,153.0,151.9544277604678,True
584,Stacking,2025-07-08 00:55:00,152.0,153.65769111645994,True
584,Stacking,2025-07-08 01:00:00,160.0,122.36709616629723,True
584,Stacking,2025-07-08 01:05:00,173.0,123.61112215506608,True
584,Stacking,2025-07-08 01:10:00,176.0,142.68668939116645,True
584,Stacking,2025-07-08 01:15:00,175.0,158.17314102924405,True
584,Stacking,2025-07-08 01:20:00,176.0,162.55097141613206,True
584,Stacking,2025-07-08 01:25:00,173.0,145.2109715129456,True
584,Stacking,2025-07-08 01:30:00,167.0,177.246694136266,True
584,Stacking,2025-07-08 01:35:00,159.0,191.5810524719413,True
584,Stacking,2025-07-08 01:40:00,156.0,184.86092148469967,True
584,Stacking,2025-07-08 01:45:00,167.0,171.49045679492068,True
584,Stacking,2025-07-08 01:50:00,170.0,177.70339054296866,True
584,Stacking,2025-07-08 01:55:00,174.0,167.1865925285937,True
584,Stacking,2025-07-08 02:00:00,149.0,160.07293376203148,True
584,Stacking,2025-07-08 02:05:00,149.0,151.6982480244826,True
584,Stacking,2025-07-08 02:10:00,156.0,151.0523458259116,True
584,Stacking,2025-07-08 02:15:00,161.0,176.76543976376672,True
584,Stacking,2025-07-08 02:20:00,166.0,173.0297530407337,True
584,Stacking,2025-07-08 02:25:00,167.0,182.8843387298691,True
584,Stacking,2025-07-08 02:30:00,169.0,143.83122113814136,True
584,Stacking,2025-07-08 02:35:00,175.0,153.05758357891975,True
584,Stacking,2025-07-08 02:40:00,176.0,166.1902667904811,True
584,Stacking,2025-07-08 02:45:00,176.0,170.278009003368,True
584,Stacking,2025-07-08 02:50:00,175.0,177.7492606073956,True
584,Stacking,2025-07-08 02:55:00,180.0,169.45712364555774,True
584,Stacking,2025-07-08 03:00:00,184.0,174.62168924391486,True
584,Stacking,2025-07-08 03:05:00,187.0,189.15106400703428,True
584,Stacking,2025-07-08 03:10:00,187.0,178.8919442367129,True
584,Stacking,2025-07-08 03:15:00,185.0,178.26372789139114,True
584,Stacking,2025-07-08 03:20:00,180.0,174.04978688399757,True
584,Stacking,2025-07-08 03:25:00,176.0,190.83402747621997,True
584,Stacking,2025-07-08 03:30:00,168.0,192.13093438234546,True
584,Stacking,2025-07-08 03:35:00,162.0,196.17220948484092,True
584,Stacking,2025-07-08 03:40:00,162.0,190.3763251716461,True
584,Stacking,2025-07-08 03:45:00,155.0,185.4583764902404,True
584,Stacking,2025-07-08 03:50:00,163.0,173.79127093136034,True
584,Stacking,2025-07-08 03:55:00,164.0,170.0535508460495,True
584,Stacking,2025-07-08 04:00:00,156.0,157.3828728411024,True
584,Stacking,2025-07-08 04:05:00,157.0,151.89891848461707,True
584,Stacking,2025-07-08 04:10:00,161.0,160.1033560927346,True
584,Stacking,2025-07-08 04:15:00,156.0,143.30228193817663,True
584,Stacking,2025-07-08 04:20:00,141.0,173.80332756186823,True
584,Stacking,2025-07-08 04:25:00,150.0,163.83999953885015,True
584,Stacking,2025-07-08 04:30:00,149.0,149.5254978475418,True
584,Stacking,2025-07-08 04:35:00,145.0,158.45623480421503,True
584,Stacking,2025-07-08 04:40:00,142.0,167.8236452457816,True
584,Stacking,2025-07-08 04:45:00,142.0,150.3133187876398,True
584,Stacking,2025-07-08 04:50:00,142.0,132.6468274783071,True
584,Stacking,2025-07-08 04:55:00,143.0,164.0445644302458,True
584,Stacking,2025-07-08 05:00:00,154.0,144.82775838168627,True
584,Stacking,2025-07-08 05:05:00,149.0,140.8110697489031,True
584,Stacking,2025-07-08 05:10:00,134.0,137.39656943794446,True
584,Stacking,2025-07-08 05:15:00,120.0,141.1720057602712,True
584,Stacking,2025-07-08 05:20:00,130.0,141.11011401811382,True
584,Stacking,2025-07-08 05:25:00,134.0,145.5813028407945,True
584,Stacking,2025-07-08 05:30:00,127.0,171.51750582317393,True
584,Stacking,2025-07-08 05:35:00,113.0,144.32309186288077,True
584,Stacking,2025-07-08 05:40:00,112.0,125.93028862510168,True
584,Stacking,2025-07-08 05:45:00,116.0,108.67279713834277,True
584,Stacking,2025-07-08 05:50:00,114.0,144.506669763779,True
584,Stacking,2025-07-08 05:55:00,113.0,140.56471256928083,True
584,Stacking,2025-07-08 06:00:00,115.0,121.49437280948447,True
584,Stacking,2025-07-08 06:05:00,101.0,104.98563290743151,True
584,Stacking,2025-07-08 06:10:00,92.0,109.29910957705972,True
584,Stacking,2025-07-08 06:15:00,97.0,123.4675749496168,True
584,Stacking,2025-07-08 06:20:00,99.0,111.20985835962027,True
584,Stacking,2025-07-08 06:25:00,97.0,112.52345878292614,True
584,Stacking,2025-07-08 06:30:00,91.0,117.97855478809262,True
584,Stacking,2025-07-08 06:35:00,88.0,96.23822229986921,True
584,Stacking,2025-07-08 06:40:00,85.0,92.02885346472827,True
584,Stacking,2025-07-08 06:45:00,94.0,107.74368470164929,True
584,Stacking,2025-07-08 06:50:00,100.0,105.97332847244884,True
584,Stacking,2025-07-08 06:55:00,93.0,97.90267171238088,True
584,Stacking,2025-07-08 07:00:00,95.0,90.18628431355249,True
584,Stacking,2025-07-08 07:05:00,105.0,87.28854888782388,True
584,Stacking,2025-07-08 07:10:00,106.0,84.261347274713,True
584,Stacking,2025-07-08 07:15:00,96.0,119.0588098908796,True
584,Stacking,2025-07-08 07:20:00,83.0,116.89439543086652,True
584,Stacking,2025-07-08 07:25:00,83.0,105.71044008972567,True
584,Stacking,2025-07-08 07:30:00,88.0,113.62947513349091,True
584,Stacking,2025-07-08 07:35:00,84.0,144.74595294611433,True
584,Stacking,2025-07-08 07:40:00,75.0,121.72130296125546,True
584,Stacking,2025-07-08 07:45:00,65.0,102.82792572509955,True
584,Stacking,2025-07-08 07:50:00,74.0,91.71430808724426,True
584,Stacking,2025-07-08 07:55:00,90.0,100.28569063456453,True
584,Stacking,2025-07-08 08:00:00,101.0,114.76968153828004,True
584,Stacking,2025-07-08 08:05:00,107.0,88.84934674290696,True
584,Stacking,2025-07-08 08:10:00,103.0,84.49626950669143,True
584,Stacking,2025-07-08 08:15:00,96.0,74.16725385786887,True
584,Stacking,2025-07-08 08:20:00,91.0,105.33587607053022,True
584,Stacking,2025-07-08 08:25:00,80.0,127.3452221573294,True
584,Stacking,2025-07-08 08:30:00,74.0,137.45163658433037,True
584,Stacking,2025-07-08 08:35:00,78.0,128.90390471988354,True
584,Stacking,2025-07-08 08:40:00,82.0,102.96400191406222,True
584,Stacking,2025-07-08 08:45:00,81.0,90.20035035757371,True
584,Stacking,2025-07-08 08:50:00,85.0,86.5592362470071,True
584,Stacking,2025-07-08 08:55:00,88.0,76.37341267869223,True
584,Stacking,2025-07-08 09:00:00,85.0,76.52169304326326,True
584,Stacking,2025-07-08 09:05:00,92.0,98.89957665866653,True
584,Stacking,2025-07-08 09:10:00,90.0,99.51656991639119,True
584,Stacking,2025-07-08 09:15:00,84.0,83.68916681716824,True
584,Stacking,2025-07-08 09:20:00,82.0,105.65287330860937,True
584,Stacking,2025-07-08 09:25:00,91.0,101.12462952319129,True
584,Stacking,2025-07-08 09:30:00,99.0,87.0746474704756,True
584,Stacking,2025-07-08 09:35:00,90.0,119.5686389453126,True
584,Stacking,2025-07-08 09:40:00,72.0,90.95193966744925,True
584,Stacking,2025-07-08 09:45:00,73.0,85.26262097344677,True
584,Stacking,2025-07-08 09:50:00,78.0,84.52047670960793,True
584,Stacking,2025-07-08 09:55:00,76.0,117.86482173125295,True
584,Stacking,2025-07-08 10:00:00,80.0,124.73796924864985,True
584,Stacking,2025-07-08 10:05:00,79.0,92.43739903323042,True
584,Stacking,2025-07-08 10:10:00,79.0,76.72079358669754,True
584,Stacking,2025-07-08 10:15:00,73.0,86.67561302577941,True
584,Stacking,2025-07-08 10:20:00,62.0,102.0828355661144,True
584,Stacking,2025-07-08 10:25:00,65.0,81.07762388834962,True
584,Stacking,2025-07-08 10:30:00,75.0,101.85782511217342,True
584,Stacking,2025-07-08 10:35:00,81.0,83.20274105804519,True
584,Stacking,2025-07-08 10:40:00,91.0,87.56685768235336,True
584,Stacking,2025-07-08 10:45:00,94.0,77.60705770120528,True
584,Stacking,2025-07-08 10:50:00,93.0,69.34421565740965,True
584,Stacking,2025-07-08 10:55:00,94.0,92.01286197447,True
584,Stacking,2025-07-08 11:00:00,98.0,112.19715138345943,True
584,Stacking,2025-07-08 11:05:00,96.0,105.50662110930726,True
584,Stacking,2025-07-08 11:10:00,93.0,127.43001135154074,True
584,Stacking,2025-07-08 11:15:00,95.0,112.04823098829614,True
584,Stacking,2025-07-08 11:20:00,98.0,99.49408397001164,True
584,Stacking,2025-07-08 11:25:00,107.0,103.99124474353128,True
584,Stacking,2025-07-08 11:30:00,118.0,113.37898495371337,True
584,Stacking,2025-07-08 11:35:00,109.0,96.58516192835897,True
584,Stacking,2025-07-08 11:40:00,107.0,94.90651995912236,True
584,Stacking,2025-07-08 11:45:00,96.0,105.11157006703769,True
584,Stacking,2025-07-08 11:50:00,94.0,110.61816686553422,True
584,Stacking,2025-07-08 11:55:00,86.0,137.37093357408475,True
584,Stacking,2025-07-08 12:00:00,75.0,151.34043290512292,True
584,Stacking,2025-07-08 12:05:00,75.0,110.15799445166768,True
584,Stacking,2025-07-08 12:10:00,82.0,109.43238326032693,True
584,Stacking,2025-07-08 12:15:00,87.0,91.9868462922936,True
584,Stacking,2025-07-08 12:20:00,88.0,96.0368432361033,True
584,Stacking,2025-07-08 12:25:00,92.0,85.02246819185385,True
584,Stacking,2025-07-08 12:30:00,95.0,78.30130099126235,True
584,Stacking,2025-07-08 12:35:00,97.0,87.10576547996341,True
584,Stacking,2025-07-08 12:40:00,105.0,107.09226065312407,True
584,Stacking,2025-07-08 12:45:00,112.0,106.91395145535708,True
584,Stacking,2025-07-08 12:50:00,115.0,111.4441719679562,True
584,Stacking,2025-07-08 12:55:00,102.0,124.96435198476915,True
584,Stacking,2025-07-08 13:00:00,104.0,121.5923399100337,True
584,Stacking,2025-07-08 13:05:00,96.0,118.47530879891606,True
584,Stacking,2025-07-08 13:10:00,99.0,143.1748757423225,True
584,Stacking,2025-07-08 13:15:00,102.0,139.40162067776788,True
584,Stacking,2025-07-08 13:20:00,104.0,133.52461954927387,True
584,Stacking,2025-07-08 13:25:00,99.0,103.26018442545019,True
584,Stacking,2025-07-08 13:30:00,94.0,118.72638101145151,True
584,Stacking,2025-07-08 13:35:00,95.0,89.0011417259488,True
584,Stacking,2025-07-08 13:40:00,89.0,114.77666573974122,True
584,Stacking,2025-07-08 13:45:00,77.0,114.03389630770693,True
584,Stacking,2025-07-08 13:50:00,73.0,115.13117594816747,True
584,Stacking,2025-07-08 13:55:00,75.0,98.02921458068478,True
584,Stacking,2025-07-08 14:00:00,79.0,92.72569300110513,True
584,Stacking,2025-07-08 14:05:00,86.0,100.98788115440288,True
584,Stacking,2025-07-08 14:10:00,86.0,85.439600843663,True
584,Stacking,2025-07-08 14:15:00,76.0,75.94209019424936,True
584,Stacking,2025-07-08 14:20:00,68.0,78.03624871069736,True
584,Stacking,2025-07-08 14:25:00,75.0,92.9685779704435,True
584,Stacking,2025-07-08 14:30:00,82.0,101.97494015408643,True
584,Stacking,2025-07-08 14:35:00,90.0,111.15920344986839,True
584,Stacking,2025-07-08 14:40:00,100.0,94.44557909558839,True
584,Stacking,2025-07-08 14:45:00,107.0,80.39639708504359,True
584,Stacking,2025-07-08 14:50:00,110.0,75.31910015444191,True
584,Stacking,2025-07-08 14:55:00,107.0,104.13252368913636,True
584,Stacking,2025-07-08 15:00:00,101.0,105.39020930384689,True
584,Stacking,2025-07-08 15:05:00,95.0,119.59881308725991,True
584,Stacking,2025-07-08 15:10:00,88.0,134.51608762137764,True
584,Stacking,2025-07-08 15:15:00,110.0,132.50789603652152,True
584,Stacking,2025-07-08 15:20:00,97.0,122.93382325925631,True
584,Stacking,2025-07-08 15:25:00,99.0,106.73357202902945,True
584,Stacking,2025-07-08 15:30:00,92.0,98.63303421071386,True
584,Stacking,2025-07-08 15:35:00,92.0,88.08820565214522,True
584,Stacking,2025-07-08 15:40:00,79.0,84.22979256696433,True
584,Stacking,2025-07-08 15:45:00,74.0,133.83720107813713,True
584,Stacking,2025-07-08 15:50:00,75.0,89.10123042612986,True
584,Stacking,2025-07-08 15:55:00,81.0,111.52769374926461,True
584,Stacking,2025-07-08 16:00:00,78.0,88.06868769702083,True
584,Stacking,2025-07-08 16:05:00,78.0,98.52955602495993,True
584,Stacking,2025-07-08 16:10:00,88.0,81.05044994495536,True
584,Stacking,2025-07-08 16:15:00,97.0,79.70762772441063,True
584,Stacking,2025-07-08 16:20:00,121.0,86.14689199811684,True
584,Stacking,2025-07-08 16:25:00,137.0,103.63097594082173,True
584,Stacking,2025-07-08 16:30:00,135.0,80.93656436413067,True
584,Stacking,2025-07-08 16:35:00,125.0,87.8433470135042,True
584,Stacking,2025-07-08 16:40:00,110.0,117.54888663258203,True
584,Stacking,2025-07-08 16:45:00,118.0,128.0225652007168,True
584,Stacking,2025-07-08 16:50:00,134.0,157.99179413289409,True
584,Stacking,2025-07-08 16:55:00,144.0,165.61642716896677,True
584,Stacking,2025-07-08 17:00:00,158.0,130.7869417574897,True
584,Stacking,2025-07-08 17:05:00,137.0,118.61448267550884,True
584,Stacking,2025-07-08 17:10:00,142.0,101.21060972454184,True
584,Stacking,2025-07-08 17:15:00,151.0,136.91519096782724,True
584,Stacking,2025-07-08 17:20:00,156.0,154.38812596783356,True
584,Stacking,2025-07-08 17:25:00,160.0,161.8802275586293,True
584,Stacking,2025-07-08 17:30:00,163.0,183.08397838797507,True
584,Stacking,2025-07-08 17:35:00,167.0,134.86581001217934,True
584,Stacking,2025-07-08 17:40:00,170.0,155.95109234597058,True
584,Stacking,2025-07-08 17:45:00,174.0,165.8660042607537,True
584,Stacking,2025-07-08 17:50:00,176.0,168.07921872690383,True
584,Stacking,2025-07-08 17:55:00,172.0,172.04919479029473,True
584,Stacking,2025-07-08 18:00:00,187.0,170.3256691667868,True
584,Stacking,2025-07-08 18:05:00,192.0,176.58247907379464,True
584,Stacking,2025-07-08 18:10:00,193.0,177.03316675942142,True
584,Stacking,2025-07-08 18:15:00,200.0,187.5999779432463,True
584,Stacking,2025-07-08 18:20:00,207.0,183.46297947772203,True
584,Stacking,2025-07-08 18:25:00,210.0,167.57397438859658,True
584,Stacking,2025-07-08 18:30:00,221.0,209.33946829133333,True
584,Stacking,2025-07-08 18:35:00,234.0,201.49719330474576,True
584,Stacking,2025-07-08 18:40:00,235.0,198.20571615878455,True
584,Stacking,2025-07-08 18:45:00,246.0,215.25715472896638,True
584,Stacking,2025-07-08 18:50:00,246.0,220.47999122391374,True
584,Stacking,2025-07-08 18:55:00,249.0,218.7509801462211,True
584,Stacking,2025-07-08 19:00:00,237.0,241.69017922537708,True
584,Stacking,2025-07-08 19:05:00,229.0,256.9315040430416,True
584,Stacking,2025-07-08 19:10:00,220.0,242.8189542612239,True
584,Stacking,2025-07-08 19:15:00,210.0,265.9379184496195,True
584,Stacking,2025-07-08 19:20:00,199.0,246.27512947434957,True
584,Stacking,2025-07-08 19:25:00,186.0,251.95787408606378,True
584,Stacking,2025-07-08 19:30:00,165.0,213.8831428173435,True
584,Stacking,2025-07-08 19:35:00,136.0,206.81296429483825,True
584,Stacking,2025-07-08 19:40:00,120.0,181.53689758997734,True
584,Stacking,2025-07-08 19:45:00,119.0,168.06087385763982,True
584,Stacking,2025-07-08 19:50:00,118.0,153.7925808193796,True
584,Stacking,2025-07-08 19:55:00,126.0,139.82731734197262,True
584,Stacking,2025-07-08 20:00:00,133.0,118.9611188668537,True
584,Stacking,2025-07-08 20:05:00,132.0,101.76918505713127,True
584,Stacking,2025-07-08 20:10:00,132.0,98.71094559166664,True
584,Stacking,2025-07-08 20:15:00,135.0,113.14774223205023,True
584,Stacking,2025-07-08 20:20:00,132.0,109.59627265521407,True
584,Stacking,2025-07-08 20:25:00,130.0,143.14696601677585,True
584,Stacking,2025-07-08 20:30:00,136.0,147.41491106709674,True
584,Stacking,2025-07-08 20:35:00,150.0,125.96808352941505,True
584,Stacking,2025-07-08 20:40:00,156.0,128.24889043945518,True
584,Stacking,2025-07-08 20:45:00,164.0,145.20005328075388,True
584,Stacking,2025-07-08 20:50:00,168.0,124.3373697181527,True
584,Stacking,2025-07-08 20:55:00,175.0,125.90931699440517,True
584,Stacking,2025-07-08 21:00:00,194.0,146.5464134260715,True
584,Stacking,2025-07-08 21:05:00,218.0,165.95696322981905,True
584,Stacking,2025-07-08 21:10:00,236.0,164.50797856379478,True
584,Stacking,2025-07-08 21:15:00,255.0,183.04556312774395,True
584,Stacking,2025-07-08 21:20:00,268.0,174.93832561021839,True
584,Stacking,2025-07-08 21:25:00,279.0,194.57499075067605,True
584,Stacking,2025-07-08 21:30:00,291.0,219.54834457506232,True
584,Stacking,2025-07-08 21:35:00,299.0,248.6359819089651,True
584,Stacking,2025-07-08 21:40:00,307.0,257.58932420897145,True
584,Stacking,2025-07-08 21:45:00,312.0,283.9627457599397,True
584,Stacking,2025-07-08 21:50:00,318.0,285.3240734235809,True
584,Stacking,2025-07-08 21:55:00,329.0,294.50847665683125,True
584,Stacking,2025-07-08 22:00:00,317.0,309.2133198969407,True
584,Stacking,2025-07-08 22:05:00,318.0,303.6413229863846,True
584,Stacking,2025-07-08 22:10:00,318.0,311.74011110239894,True
584,Stacking,2025-07-08 22:15:00,314.0,310.2446236897963,True
584,Stacking,2025-07-08 22:20:00,311.0,314.6511315946617,True
584,Stacking,2025-07-08 22:25:00,304.0,323.5604694844908,True
584,Stacking,2025-07-08 22:30:00,298.0,286.95228732424084,True
584,Stacking,2025-07-08 22:35:00,289.0,306.8993384081765,True
584,Stacking,2025-07-08 22:40:00,278.0,296.8303535837108,True
584,Stacking,2025-07-08 22:45:00,266.0,284.8883041672691,True
584,Stacking,2025-07-08 22:50:00,256.0,287.3217696532844,True
584,Stacking,2025-07-08 22:55:00,246.0,270.8306652232237,True
584,Stacking,2025-07-08 23:00:00,207.0,268.48857366779816,True
584,Stacking,2025-07-08 23:05:00,170.0,254.10087408378897,True
584,Stacking,2025-07-08 23:10:00,187.0,240.4500706226417,True
584,Stacking,2025-07-08 23:15:00,175.0,228.01690272480195,True
584,Stacking,2025-07-08 23:20:00,165.0,214.408453548561,True
584,Stacking,2025-07-08 23:25:00,162.0,199.65449541486362,True
584,Stacking,2025-07-08 23:30:00,161.0,152.9283550511986,True
584,Stacking,2025-07-08 23:35:00,164.0,119.67960754519618,True
584,Stacking,2025-07-08 23:40:00,168.0,182.43886462807092,True
584,Stacking,2025-07-08 23:45:00,169.0,134.45495258864946,True
584,Stacking,2025-07-08 23:50:00,173.0,143.75749882729448,True
584,Stacking,2025-07-08 23:55:00,177.0,143.5498063651007,True
584,Stacking,2025-07-09 00:00:00,169.0,151.41420324886082,True
584,Stacking,2025-07-09 00:05:00,151.0,163.25100703541293,True
584,Stacking,2025-07-09 00:10:00,136.0,169.13426725466002,True
584,Stacking,2025-07-09 00:15:00,132.0,164.99305816571982,True
584,Stacking,2025-07-09 00:20:00,138.0,178.74178246344385,True
584,Stacking,2025-07-09 00:25:00,149.0,181.89138276766337,True
584,Stacking,2025-07-09 00:30:00,170.0,151.75052269276082,True
584,Stacking,2025-07-09 00:35:00,182.0,132.35776803504749,True
584,Stacking,2025-07-09 00:40:00,184.0,116.13898021287491,True
584,Stacking,2025-07-09 00:45:00,183.0,120.17324146214727,True
584,Stacking,2025-07-09 00:50:00,182.0,143.82345334064343,True
584,Stacking,2025-07-09 00:55:00,181.0,160.20328818057382,True
584,Stacking,2025-07-09 01:00:00,178.0,189.7835759172124,True
584,Stacking,2025-07-09 01:05:00,171.0,186.3028103054962,True
584,Stacking,2025-07-09 01:10:00,166.0,182.72023570502517,True
584,Stacking,2025-07-09 01:15:00,164.0,180.18155901165005,True
584,Stacking,2025-07-09 01:20:00,164.0,177.9854449718234,True
584,Stacking,2025-07-09 01:25:00,165.0,175.53661147118424,True
584,Stacking,2025-07-09 01:30:00,165.0,165.44873700825661,True
584,Stacking,2025-07-09 01:35:00,166.0,155.7678224451251,True
584,Stacking,2025-07-09 01:40:00,162.0,153.89283973048285,True
584,Stacking,2025-07-09 01:45:00,163.0,154.43715641673938,True
584,Stacking,2025-07-09 01:50:00,171.0,158.72922135533491,True
584,Stacking,2025-07-09 01:55:00,168.0,163.04656857158474,True
584,Stacking,2025-07-09 02:00:00,164.0,162.0665863173201,True
584,Stacking,2025-07-09 02:05:00,169.0,165.56724202906798,True
584,Stacking,2025-07-09 02:10:00,166.0,151.98548038337384,True
584,Stacking,2025-07-09 02:15:00,164.0,161.6494040111644,True
584,Stacking,2025-07-09 02:20:00,159.0,182.81601054915387,True
584,Stacking,2025-07-09 02:25:00,160.0,160.1900360231817,True
584,Stacking,2025-07-09 02:30:00,164.0,155.2190425907273,True
584,Stacking,2025-07-09 02:35:00,159.0,177.84294113140052,True
584,Stacking,2025-07-09 02:40:00,156.0,158.22181203077392,True
584,Stacking,2025-07-09 02:45:00,130.0,160.13886539477903,True
584,Stacking,2025-07-09 02:50:00,125.0,153.44217667888717,True
584,Stacking,2025-07-09 02:55:00,132.0,160.70712846039604,True
584,Stacking,2025-07-09 03:00:00,134.0,168.75869536348262,True
584,Stacking,2025-07-09 03:05:00,141.0,154.63700049898995,True
584,Stacking,2025-07-09 03:10:00,148.0,151.42890748382413,True
584,Stacking,2025-07-09 03:15:00,151.0,118.01777723965846,True
584,Stacking,2025-07-09 03:20:00,154.0,117.55358978497208,True
584,Stacking,2025-07-09 03:25:00,163.0,140.48379557924954,True
584,Stacking,2025-07-09 03:30:00,171.0,136.15324357009195,True
584,Stacking,2025-07-09 03:35:00,175.0,158.65891643858953,True
584,Stacking,2025-07-09 03:40:00,176.0,163.9379515587563,True
584,Stacking,2025-07-09 03:45:00,170.0,157.36470854138895,True
584,Stacking,2025-07-09 03:50:00,162.0,159.85048718773524,True
584,Stacking,2025-07-09 03:55:00,142.0,182.83058365875434,True
584,Stacking,2025-07-09 04:00:00,115.0,191.1778173420266,True
584,Stacking,2025-07-09 04:05:00,103.0,184.54050272068451,True
584,Stacking,2025-07-09 04:10:00,107.0,179.30151943373264,True
584,Stacking,2025-07-09 04:15:00,120.0,165.40270782006243,True
584,Stacking,2025-07-09 04:20:00,131.0,155.23762232598904,True
584,Stacking,2025-07-09 04:25:00,133.0,134.6640147459531,True
584,Stacking,2025-07-09 04:30:00,134.0,112.24757338599571,True
584,Stacking,2025-07-09 04:35:00,139.0,109.44085729930585,True
584,Stacking,2025-07-09 04:40:00,150.0,122.4438043744558,True
584,Stacking,2025-07-09 04:45:00,160.0,139.92781356796323,True
584,Stacking,2025-07-09 04:50:00,160.0,149.9935569632965,True
584,Stacking,2025-07-09 04:55:00,160.0,138.00453243908606,True
584,Stacking,2025-07-09 05:00:00,160.0,136.13349625879036,True
584,Stacking,2025-07-09 05:05:00,160.0,153.65837068070172,True
584,Stacking,2025-07-09 05:10:00,160.0,171.2249023348858,True
584,Stacking,2025-07-09 05:15:00,160.0,181.1661696524833,True
584,Stacking,2025-07-09 05:35:00,162.0,163.64018112400422,True
584,Stacking,2025-07-09 05:40:00,154.0,164.05537512886235,True
584,Stacking,2025-07-09 05:45:00,151.0,163.75136365903487,True
584,Stacking,2025-07-09 05:50:00,154.0,168.95086005658618,False
584,Stacking,2025-07-09 05:55:00,149.0,165.33800972631656,False
584,Stacking,2025-07-09 06:00:00,141.0,160.90902537490277,False
584,Stacking,2025-07-09 06:05:00,138.0,163.41346941253212,True
584,Stacking,2025-07-09 06:10:00,138.0,147.9906091557543,True
584,Stacking,2025-07-09 06:15:00,137.0,147.09306295043584,True
584,Stacking,2025-07-09 06:20:00,115.0,157.5808399161512,True
584,Stacking,2025-07-09 06:25:00,125.0,136.09573850405377,True
584,Stacking,2025-07-09 06:30:00,126.0,126.85614668472746,True
584,Stacking,2025-07-09 06:35:00,124.0,128.85012416853576,True
584,Stacking,2025-07-09 06:40:00,110.0,135.3249044764119,True
584,Stacking,2025-07-09 06:45:00,97.0,132.80105643279148,True
584,Stacking,2025-07-09 06:50:00,83.0,101.78139597787245,True
584,Stacking,2025-07-09 06:55:00,77.0,142.5288681669211,True
584,Stacking,2025-07-09 07:00:00,81.0,125.15367067665616,True
584,Stacking,2025-07-09 07:05:00,93.0,119.09079268574024,True
584,Stacking,2025-07-09 07:10:00,89.0,102.78839951704614,True
584,Stacking,2025-07-09 07:15:00,74.0,86.1486360585981,True
584,Stacking,2025-07-09 07:20:00,65.0,79.7902849457261,True
584,Stacking,2025-07-09 07:25:00,60.0,77.3437468980092,True
584,Stacking,2025-07-09 07:30:00,58.0,97.60754026997465,True
584,Stacking,2025-07-09 07:35:00,59.0,120.94820299666239,True
584,Stacking,2025-07-09 07:40:00,57.0,91.45538086846516,True
584,Stacking,2025-07-09 07:45:00,55.0,80.46041078403732,True
584,Stacking,2025-07-09 07:50:00,54.0,75.45774541845049,True
584,Stacking,2025-07-09 07:55:00,49.0,74.42408665432477,True
584,Stacking,2025-07-09 08:00:00,41.0,72.33328346235399,True
584,Stacking,2025-07-09 08:05:00,49.0,75.79826799846201,True
584,Stacking,2025-07-09 08:10:00,55.0,67.62456990644723,True
584,Stacking,2025-07-09 08:15:00,53.0,66.23627050891862,True
584,Stacking,2025-07-09 08:20:00,66.0,66.92851885703914,True
584,Stacking,2025-07-09 08:25:00,90.0,64.28833614643426,True
584,Stacking,2025-07-09 08:30:00,87.0,58.060895292748945,True
584,Stacking,2025-07-09 08:35:00,86.0,93.23536489179149,True
584,Stacking,2025-07-09 08:40:00,77.0,94.51208810797611,True
584,Stacking,2025-07-09 08:45:00,71.0,69.39088142741298,True
584,Stacking,2025-07-09 08:50:00,74.0,109.96655996621662,True
584,Stacking,2025-07-09 08:55:00,72.0,134.70166363976261,True
584,Stacking,2025-07-09 09:00:00,78.0,97.80117937081819,True
584,Stacking,2025-07-09 09:05:00,79.0,103.97937409495493,True
