patient,model,timestamp,y_true,y_pred,in_eval_mask
552,Persistence,2025-05-25 00:00:00,173.0,,False
552,Persistence,2025-05-25 00:05:00,168.0,181.0,True
552,Persistence,2025-05-25 00:10:00,163.0,180.0,True
552,Persistence,2025-05-25 00:15:00,160.0,178.0,True
552,Persistence,2025-05-25 00:20:00,157.0,178.0,True
552,Persistence,2025-05-25 00:25:00,155.0,176.0,True
552,Persistence,2025-05-25 00:30:00,154.0,173.0,True
552,Persistence,2025-05-25 00:35:00,153.0,168.0,True
552,Persistence,2025-05-25 00:40:00,151.0,163.0,True
552,Persistence,2025-05-25 00:45:00,148.0,160.0,True
552,Persistence,2025-05-25 00:50:00,141.0,157.0,True
552,Persistence,2025-05-25 00:55:00,137.0,155.0,True
552,Persistence,2025-05-25 01:00:00,133.0,154.0,True
552,Persistence,2025-05-25 01:05:00,129.0,153.0,True
552,Persistence,2025-05-25 01:10:00,125.0,151.0,True
552,Persistence,2025-05-25 01:15:00,121.0,148.0,True
552,Persistence,2025-05-25 01:20:00,119.0,141.0,True
552,Persistence,2025-05-25 01:25:00,114.0,137.0,True
552,Persistence,2025-05-25 01:30:00,108.0,133.0,True
552,Persistence,2025-05-25 01:35:00,105.0,129.0,True
552,Persistence,2025-05-25 01:40:00,101.0,125.0,True
552,Persistence,2025-05-25 01:45:00,98.0,121.0,True
552,Persistence,2025-05-25 01:50:00,95.0,119.0,True
552,Persistence,2025-05-25 01:55:00,93.0,114.0,True
552,Persistence,2025-05-25 02:00:00,90.0,108.0,True
552,Persistence,2025-05-25 02:05:00,87.0,105.0,True
552,Persistence,2025-05-25 02:10:00,85.0,101.0,True
552,Persistence,2025-05-25 02:15:00,83.0,98.0,True
552,Persistence,2025-05-25 02:20:00,83.0,95.0,True
552,Persistence,2025-05-25 02:25:00,78.0,93.0,True
552,Persistence,2025-05-25 02:30:00,73.0,90.0,True
552,Persistence,2025-05-25 02:35:00,69.0,87.0,True
552,Persistence,2025-05-25 02:40:00,66.0,85.0,True
552,Persistence,2025-05-25 02:45:00,63.0,83.0,True
552,Persistence,2025-05-25 02:50:00,61.0,83.0,True
552,Persistence,2025-05-25 02:55:00,58.0,78.0,True
552,Persistence,2025-05-25 03:00:00,57.0,73.0,True
552,Persistence,2025-05-25 03:05:00,64.0,69.0,True
552,Persistence,2025-05-25 03:10:00,79.0,66.0,True
552,Persistence,2025-05-25 03:15:00,75.0,63.0,True
552,Persistence,2025-05-25 03:20:00,79.0,61.0,True
552,Persistence,2025-05-25 03:25:00,85.0,58.0,True
552,Persistence,2025-05-25 03:30:00,96.0,57.0,True
552,Persistence,2025-05-25 03:35:00,109.0,64.0,True
552,Persistence,2025-05-25 03:40:00,118.0,79.0,True
552,Persistence,2025-05-25 03:45:00,121.0,75.0,True
552,Persistence,2025-05-25 03:50:00,116.0,79.0,True
552,Persistence,2025-05-25 03:55:00,117.0,85.0,True
552,Persistence,2025-05-25 04:00:00,117.0,96.0,True
552,Persistence,2025-05-25 04:05:00,115.0,109.0,True
552,Persistence,2025-05-25 04:10:00,113.0,118.0,True
552,Persistence,2025-05-25 04:15:00,111.0,121.0,True
552,Persistence,2025-05-25 04:20:00,107.0,116.0,True
552,Persistence,2025-05-25 04:25:00,104.0,117.0,True
552,Persistence,2025-05-25 04:30:00,102.0,117.0,True
552,Persistence,2025-05-25 04:35:00,99.0,115.0,True
552,Persistence,2025-05-25 04:40:00,97.0,113.0,True
552,Persistence,2025-05-25 04:45:00,95.0,111.0,True
552,Persistence,2025-05-25 04:50:00,93.0,107.0,True
552,Persistence,2025-05-25 04:55:00,92.0,104.0,True
552,Persistence,2025-05-25 05:00:00,91.0,102.0,True
552,Persistence,2025-05-25 05:05:00,90.0,99.0,True
552,Persistence,2025-05-25 05:10:00,89.0,97.0,True
552,Persistence,2025-05-25 05:15:00,88.0,95.0,True
552,Persistence,2025-05-25 05:20:00,87.0,93.0,True
552,Persistence,2025-05-25 05:25:00,85.0,92.0,True
552,Persistence,2025-05-25 05:30:00,84.0,91.0,True
552,Persistence,2025-05-25 05:35:00,83.0,90.0,True
552,Persistence,2025-05-25 05:40:00,83.0,89.0,True
552,Persistence,2025-05-25 05:45:00,84.0,88.0,True
552,Persistence,2025-05-25 05:50:00,83.0,87.0,True
552,Persistence,2025-05-25 05:55:00,82.0,85.0,True
552,Persistence,2025-05-25 06:00:00,82.0,84.0,True
552,Persistence,2025-05-25 06:05:00,82.0,83.0,True
552,Persistence,2025-05-25 06:10:00,83.0,83.0,True
552,Persistence,2025-05-25 06:15:00,84.0,84.0,True
552,Persistence,2025-05-25 06:20:00,86.0,83.0,True
552,Persistence,2025-05-25 06:25:00,87.0,82.0,True
552,Persistence,2025-05-25 06:30:00,87.0,82.0,True
552,Persistence,2025-05-25 06:35:00,88.0,82.0,True
552,Persistence,2025-05-25 06:40:00,88.0,83.0,True
552,Persistence,2025-05-25 06:45:00,89.0,84.0,True
552,Persistence,2025-05-25 06:50:00,91.0,86.0,True
552,Persistence,2025-05-25 06:55:00,91.0,87.0,True
552,Persistence,2025-05-25 07:00:00,91.0,87.0,True
552,Persistence,2025-05-25 07:05:00,92.0,88.0,True
552,Persistence,2025-05-25 07:10:00,92.0,88.0,True
552,Persistence,2025-05-25 07:15:00,92.0,89.0,True
552,Persistence,2025-05-25 07:20:00,91.0,91.0,True
552,Persistence,2025-05-25 07:25:00,91.0,91.0,True
552,Persistence,2025-05-25 07:30:00,91.0,91.0,True
552,Persistence,2025-05-25 07:35:00,90.0,92.0,True
552,Persistence,2025-05-25 07:40:00,89.0,92.0,True
552,Persistence,2025-05-25 07:45:00,87.0,92.0,True
552,Persistence,2025-05-25 07:50:00,86.0,91.0,True
552,Persistence,2025-05-25 07:55:00,87.0,91.0,True
552,Persistence,2025-05-25 08:00:00,87.0,91.0,True
552,Persistence,2025-05-25 08:05:00,86.0,90.0,True
552,Persistence,2025-05-25 08:10:00,86.0,89.0,True
552,Persistence,2025-05-25 08:15:00,83.0,87.0,True
552,Persistence,2025-05-25 08:20:00,82.0,86.0,True
552,Persistence,2025-05-25 08:25:00,87.0,87.0,True
552,Persistence,2025-05-25 08:30:00,101.0,87.0,True
552,Persistence,2025-05-25 08:35:00,96.0,86.0,True
552,Persistence,2025-05-25 08:40:00,99.0,86.0,True
552,Persistence,2025-05-25 08:45:00,100.0,83.0,True
552,Persistence,2025-05-25 08:50:00,101.0,82.0,True
552,Persistence,2025-05-25 08:55:00,111.0,87.0,True
552,Persistence,2025-05-25 09:00:00,119.0,101.0,True
552,Persistence,2025-05-25 09:05:00,120.0,96.0,True
552,Persistence,2025-05-25 09:10:00,119.0,99.0,True
552,Persistence,2025-05-25 09:15:00,118.0,100.0,True
552,Persistence,2025-05-25 09:20:00,119.0,101.0,True
552,Persistence,2025-05-25 09:25:00,122.0,111.0,True
552,Persistence,2025-05-25 09:30:00,124.0,119.0,True
552,Persistence,2025-05-25 09:35:00,126.0,120.0,True
552,Persistence,2025-05-25 09:40:00,128.0,119.0,True
552,Persistence,2025-05-25 09:45:00,130.0,118.0,True
552,Persistence,2025-05-25 09:50:00,133.0,119.0,True
552,Persistence,2025-05-25 09:55:00,138.0,122.0,True
552,Persistence,2025-05-25 10:00:00,140.0,124.0,True
552,Persistence,2025-05-25 10:05:00,141.0,126.0,True
552,Persistence,2025-05-25 10:10:00,143.0,128.0,True
552,Persistence,2025-05-25 10:15:00,150.0,130.0,True
552,Persistence,2025-05-25 10:20:00,164.0,133.0,True
552,Persistence,2025-05-25 10:25:00,177.0,138.0,True
552,Persistence,2025-05-25 10:30:00,188.0,140.0,True
552,Persistence,2025-05-25 10:35:00,199.0,141.0,True
552,Persistence,2025-05-25 10:40:00,203.0,143.0,True
552,Persistence,2025-05-25 10:45:00,196.0,150.0,True
552,Persistence,2025-05-25 10:50:00,199.0,164.0,True
552,Persistence,2025-05-25 10:55:00,204.0,177.0,True
552,Persistence,2025-05-25 11:00:00,209.0,188.0,True
552,Persistence,2025-05-25 11:05:00,208.0,199.0,True
552,Persistence,2025-05-25 11:10:00,202.0,203.0,True
552,Persistence,2025-05-25 11:15:00,195.0,196.0,True
552,Persistence,2025-05-25 11:20:00,189.0,199.0,True
552,Persistence,2025-05-25 11:25:00,179.0,204.0,True
552,Persistence,2025-05-25 11:30:00,170.0,209.0,True
552,Persistence,2025-05-25 11:35:00,161.0,208.0,True
552,Persistence,2025-05-25 11:40:00,152.0,202.0,True
552,Persistence,2025-05-25 11:45:00,147.0,195.0,True
552,Persistence,2025-05-25 11:50:00,143.0,189.0,True
552,Persistence,2025-05-25 11:55:00,142.0,179.0,True
552,Persistence,2025-05-25 12:00:00,147.0,170.0,True
552,Persistence,2025-05-25 12:05:00,151.0,161.0,True
552,Persistence,2025-05-25 12:10:00,150.0,152.0,True
552,Persistence,2025-05-25 12:15:00,145.0,147.0,True
552,Persistence,2025-05-25 12:20:00,141.0,143.0,True
552,Persistence,2025-05-25 12:25:00,138.0,142.0,True
552,Persistence,2025-05-25 12:30:00,135.0,147.0,True
552,Persistence,2025-05-25 12:35:00,133.0,151.0,True
552,Persistence,2025-05-25 12:40:00,136.0,150.0,True
552,Persistence,2025-05-25 12:45:00,137.0,145.0,True
552,Persistence,2025-05-25 12:50:00,139.0,141.0,True
552,Persistence,2025-05-25 12:55:00,140.0,138.0,True
552,Persistence,2025-05-25 13:00:00,138.0,135.0,True
552,Persistence,2025-05-25 13:05:00,134.0,133.0,True
552,Persistence,2025-05-25 13:10:00,129.0,136.0,True
552,Persistence,2025-05-25 13:15:00,124.0,137.0,True
552,Persistence,2025-05-25 13:20:00,118.0,139.0,True
552,Persistence,2025-05-25 13:25:00,113.0,140.0,True
552,Persistence,2025-05-25 13:30:00,103.0,138.0,True
552,Persistence,2025-05-25 13:35:00,99.0,134.0,True
552,Persistence,2025-05-25 13:40:00,94.0,129.0,True
552,Persistence,2025-05-25 13:45:00,90.0,124.0,True
552,Persistence,2025-05-25 13:50:00,86.0,118.0,True
552,Persistence,2025-05-25 13:55:00,82.0,113.0,True
552,Persistence,2025-05-25 14:00:00,79.0,103.0,True
552,Persistence,2025-05-25 14:05:00,75.0,99.0,True
552,Persistence,2025-05-25 14:10:00,74.0,94.0,True
552,Persistence,2025-05-25 14:15:00,74.0,90.0,True
552,Persistence,2025-05-25 14:20:00,76.0,86.0,True
552,Persistence,2025-05-25 14:25:00,76.0,82.0,True
552,Persistence,2025-05-25 14:30:00,75.0,79.0,True
552,Persistence,2025-05-25 14:35:00,73.0,75.0,True
552,Persistence,2025-05-25 14:40:00,75.0,74.0,True
552,Persistence,2025-05-25 14:45:00,86.0,74.0,True
552,Persistence,2025-05-25 14:50:00,95.0,76.0,True
552,Persistence,2025-05-25 14:55:00,96.0,76.0,True
552,Persistence,2025-05-25 15:00:00,101.0,75.0,True
552,Persistence,2025-05-25 15:05:00,104.0,73.0,True
552,Persistence,2025-05-25 15:10:00,109.0,75.0,True
552,Persistence,2025-05-25 15:15:00,116.0,86.0,True
552,Persistence,2025-05-25 15:20:00,127.0,95.0,True
552,Persistence,2025-05-25 15:25:00,138.0,96.0,True
552,Persistence,2025-05-25 15:30:00,149.0,101.0,True
552,Persistence,2025-05-25 15:35:00,160.0,104.0,True
552,Persistence,2025-05-25 15:40:00,160.0,109.0,True
552,Persistence,2025-05-25 15:45:00,160.0,116.0,True
552,Persistence,2025-05-25 15:50:00,160.0,127.0,True
552,Persistence,2025-05-25 15:55:00,160.0,138.0,True
552,Persistence,2025-05-25 16:00:00,160.0,149.0,True
552,Persistence,2025-05-25 16:05:00,160.0,160.0,True
552,Persistence,2025-05-25 17:35:00,205.0,,False
552,Persistence,2025-05-25 17:40:00,209.0,,False
552,Persistence,2025-05-25 17:45:00,213.0,,False
552,Persistence,2025-05-25 17:50:00,209.0,,False
552,Persistence,2025-05-25 17:55:00,206.0,,False
552,Persistence,2025-05-25 18:00:00,206.0,,False
552,Persistence,2025-05-25 18:05:00,207.0,205.0,True
552,Persistence,2025-05-25 18:10:00,201.0,209.0,True
552,Persistence,2025-05-25 18:15:00,192.0,213.0,True
552,Persistence,2025-05-25 18:20:00,184.0,209.0,True
552,Persistence,2025-05-25 18:25:00,178.0,206.0,True
552,Persistence,2025-05-25 18:30:00,175.0,206.0,True
552,Persistence,2025-05-25 18:35:00,171.0,207.0,True
552,Persistence,2025-05-25 18:40:00,164.0,201.0,True
552,Persistence,2025-05-25 18:45:00,159.0,192.0,True
552,Persistence,2025-05-25 18:50:00,157.0,184.0,True
552,Persistence,2025-05-25 18:55:00,155.0,178.0,True
552,Persistence,2025-05-25 19:00:00,155.0,175.0,True
552,Persistence,2025-05-25 19:05:00,155.0,171.0,True
552,Persistence,2025-05-25 19:10:00,152.0,164.0,True
552,Persistence,2025-05-25 19:15:00,145.0,159.0,True
552,Persistence,2025-05-25 19:20:00,139.0,157.0,True
552,Persistence,2025-05-25 19:25:00,132.0,155.0,True
552,Persistence,2025-05-25 19:30:00,133.0,155.0,True
552,Persistence,2025-05-25 19:35:00,135.0,155.0,True
552,Persistence,2025-05-25 19:40:00,134.0,152.0,True
552,Persistence,2025-05-25 19:45:00,132.0,145.0,True
552,Persistence,2025-05-25 19:50:00,127.0,139.0,True
552,Persistence,2025-05-25 19:55:00,121.0,132.0,True
552,Persistence,2025-05-25 20:00:00,118.0,133.0,True
552,Persistence,2025-05-25 20:05:00,113.0,135.0,True
552,Persistence,2025-05-25 20:10:00,107.0,134.0,True
552,Persistence,2025-05-25 20:15:00,104.0,132.0,True
552,Persistence,2025-05-25 20:20:00,103.0,127.0,True
552,Persistence,2025-05-25 20:25:00,100.0,121.0,True
552,Persistence,2025-05-25 20:30:00,99.0,118.0,True
552,Persistence,2025-05-25 20:35:00,97.0,113.0,True
552,Persistence,2025-05-25 20:40:00,95.0,107.0,True
552,Persistence,2025-05-25 20:45:00,95.0,104.0,True
552,Persistence,2025-05-25 20:50:00,97.0,103.0,True
552,Persistence,2025-05-25 20:55:00,102.0,100.0,True
552,Persistence,2025-05-25 21:00:00,109.0,99.0,True
552,Persistence,2025-05-25 21:05:00,120.0,97.0,True
552,Persistence,2025-05-25 21:10:00,129.0,95.0,True
552,Persistence,2025-05-25 21:15:00,138.0,95.0,True
552,Persistence,2025-05-25 21:20:00,145.0,97.0,True
552,Persistence,2025-05-25 21:25:00,149.0,102.0,True
552,Persistence,2025-05-25 21:30:00,152.0,109.0,True
552,Persistence,2025-05-25 21:35:00,155.0,120.0,True
552,Persistence,2025-05-25 21:40:00,156.0,129.0,True
552,Persistence,2025-05-25 21:45:00,156.0,138.0,True
552,Persistence,2025-05-25 21:50:00,154.0,145.0,True
552,Persistence,2025-05-25 21:55:00,147.0,149.0,True
552,Persistence,2025-05-25 22:00:00,144.0,152.0,True
552,Persistence,2025-05-25 22:05:00,137.0,155.0,True
552,Persistence,2025-05-25 22:10:00,134.0,156.0,True
552,Persistence,2025-05-25 22:15:00,126.0,156.0,True
552,Persistence,2025-05-25 22:20:00,120.0,154.0,True
552,Persistence,2025-05-25 22:25:00,109.0,147.0,True
552,Persistence,2025-05-25 22:30:00,106.0,144.0,True
552,Persistence,2025-05-25 22:35:00,111.0,137.0,True
552,Persistence,2025-05-25 22:40:00,110.0,134.0,True
552,Persistence,2025-05-25 22:45:00,109.0,126.0,True
552,Persistence,2025-05-25 22:50:00,109.0,120.0,True
552,Persistence,2025-05-25 22:55:00,108.0,109.0,True
552,Persistence,2025-05-25 23:00:00,108.0,106.0,True
552,Persistence,2025-05-25 23:05:00,106.0,111.0,True
552,Persistence,2025-05-25 23:10:00,105.0,110.0,True
552,Persistence,2025-05-25 23:15:00,103.0,109.0,True
552,Persistence,2025-05-25 23:20:00,101.0,109.0,True
552,Persistence,2025-05-25 23:25:00,100.0,108.0,True
552,Persistence,2025-05-25 23:30:00,100.0,108.0,True
552,Persistence,2025-05-25 23:35:00,101.0,106.0,True
552,Persistence,2025-05-25 23:40:00,102.0,105.0,True
552,Persistence,2025-05-25 23:45:00,99.0,103.0,True
552,Persistence,2025-05-25 23:50:00,97.0,101.0,True
552,Persistence,2025-05-25 23:55:00,98.0,100.0,True
552,Persistence,2025-05-26 00:00:00,98.0,100.0,True
552,Persistence,2025-05-26 00:05:00,99.0,101.0,True
552,Persistence,2025-05-26 00:10:00,99.0,102.0,True
552,Persistence,2025-05-26 00:15:00,98.0,99.0,True
552,Persistence,2025-05-26 00:20:00,98.0,97.0,True
552,Persistence,2025-05-26 00:25:00,97.0,98.0,True
552,Persistence,2025-05-26 00:30:00,97.0,98.0,True
552,Persistence,2025-05-26 00:35:00,98.0,99.0,True
552,Persistence,2025-05-26 00:40:00,98.0,99.0,True
552,Persistence,2025-05-26 00:45:00,97.0,98.0,True
552,Persistence,2025-05-26 00:50:00,98.0,98.0,True
552,Persistence,2025-05-26 00:55:00,100.0,97.0,True
552,Persistence,2025-05-26 01:00:00,100.0,97.0,True
552,Persistence,2025-05-26 01:05:00,100.0,98.0,True
552,Persistence,2025-05-26 01:10:00,100.0,98.0,True
552,Persistence,2025-05-26 01:15:00,101.0,97.0,True
552,Persistence,2025-05-26 01:20:00,103.0,98.0,True
552,Persistence,2025-05-26 01:25:00,103.0,100.0,True
552,Persistence,2025-05-26 01:30:00,103.0,100.0,True
552,Persistence,2025-05-26 01:35:00,103.0,100.0,True
552,Persistence,2025-05-26 01:40:00,100.0,100.0,True
552,Persistence,2025-05-26 01:45:00,99.0,101.0,True
552,Persistence,2025-05-26 01:50:00,98.0,103.0,True
552,Persistence,2025-05-26 01:55:00,96.0,103.0,True
552,Persistence,2025-05-26 02:00:00,96.0,103.0,True
552,Persistence,2025-05-26 02:05:00,95.0,103.0,True
552,Persistence,2025-05-26 02:10:00,99.0,100.0,True
552,Persistence,2025-05-26 02:15:00,101.0,99.0,True
552,Persistence,2025-05-26 02:20:00,102.0,98.0,True
552,Persistence,2025-05-26 02:25:00,101.0,96.0,True
552,Persistence,2025-05-26 02:30:00,100.0,96.0,True
552,Persistence,2025-05-26 02:35:00,100.0,95.0,True
552,Persistence,2025-05-26 02:40:00,97.0,99.0,True
552,Persistence,2025-05-26 02:45:00,94.0,101.0,True
552,Persistence,2025-05-26 02:50:00,93.0,102.0,True
552,Persistence,2025-05-26 02:55:00,92.0,101.0,True
552,Persistence,2025-05-26 03:00:00,93.0,100.0,True
552,Persistence,2025-05-26 03:05:00,93.0,100.0,True
552,Persistence,2025-05-26 03:10:00,91.0,97.0,True
552,Persistence,2025-05-26 03:15:00,89.0,94.0,True
552,Persistence,2025-05-26 03:20:00,88.0,93.0,True
552,Persistence,2025-05-26 03:25:00,87.0,92.0,True
552,Persistence,2025-05-26 03:30:00,85.0,93.0,True
552,Persistence,2025-05-26 03:35:00,84.0,93.0,True
552,Persistence,2025-05-26 03:40:00,83.0,91.0,True
552,Persistence,2025-05-26 03:45:00,82.0,89.0,True
552,Persistence,2025-05-26 03:50:00,81.0,88.0,True
552,Persistence,2025-05-26 03:55:00,81.0,87.0,True
552,Persistence,2025-05-26 04:00:00,82.0,85.0,True
552,Persistence,2025-05-26 04:05:00,85.0,84.0,True
552,Persistence,2025-05-26 04:10:00,86.0,83.0,True
552,Persistence,2025-05-26 04:15:00,86.0,82.0,True
552,Persistence,2025-05-26 04:20:00,85.0,81.0,True
552,Persistence,2025-05-26 04:25:00,85.0,81.0,True
552,Persistence,2025-05-26 04:30:00,85.0,82.0,True
552,Persistence,2025-05-26 04:35:00,84.0,85.0,True
552,Persistence,2025-05-26 04:40:00,84.0,86.0,True
552,Persistence,2025-05-26 04:45:00,85.0,86.0,True
552,Persistence,2025-05-26 04:50:00,86.0,85.0,True
552,Persistence,2025-05-26 04:55:00,86.0,85.0,True
552,Persistence,2025-05-26 05:00:00,85.0,85.0,True
552,Persistence,2025-05-26 05:05:00,87.0,84.0,True
552,Persistence,2025-05-26 05:10:00,88.0,84.0,True
552,Persistence,2025-05-26 05:15:00,89.0,85.0,True
552,Persistence,2025-05-26 05:20:00,91.0,86.0,True
552,Persistence,2025-05-26 05:25:00,93.0,86.0,True
552,Persistence,2025-05-26 05:30:00,96.0,85.0,True
552,Persistence,2025-05-26 05:35:00,99.0,87.0,True
552,Persistence,2025-05-26 05:40:00,100.0,88.0,True
552,Persistence,2025-05-26 05:45:00,98.0,89.0,True
552,Persistence,2025-05-26 05:50:00,102.0,91.0,True
552,Persistence,2025-05-26 05:55:00,101.0,93.0,True
552,Persistence,2025-05-26 06:00:00,101.0,96.0,True
552,Persistence,2025-05-26 06:05:00,102.0,99.0,True
552,Persistence,2025-05-26 06:10:00,103.0,100.0,True
552,Persistence,2025-05-26 06:15:00,103.0,98.0,True
552,Persistence,2025-05-26 06:20:00,101.0,102.0,True
552,Persistence,2025-05-26 06:25:00,98.0,101.0,True
552,Persistence,2025-05-26 06:30:00,97.0,101.0,True
552,Persistence,2025-05-26 06:35:00,97.0,102.0,True
552,Persistence,2025-05-26 06:40:00,98.0,103.0,True
552,Persistence,2025-05-26 06:45:00,99.0,103.0,True
552,Persistence,2025-05-26 06:50:00,107.0,101.0,True
552,Persistence,2025-05-26 06:55:00,112.0,98.0,True
552,Persistence,2025-05-26 07:00:00,122.0,97.0,True
552,Persistence,2025-05-26 07:05:00,131.0,97.0,True
552,Persistence,2025-05-26 07:10:00,143.0,98.0,True
552,Persistence,2025-05-26 07:15:00,157.0,99.0,True
552,Persistence,2025-05-26 07:20:00,169.0,107.0,True
552,Persistence,2025-05-26 07:25:00,175.0,112.0,True
552,Persistence,2025-05-26 07:30:00,176.0,122.0,True
552,Persistence,2025-05-26 07:35:00,177.0,131.0,True
552,Persistence,2025-05-26 07:40:00,177.0,143.0,True
552,Persistence,2025-05-26 07:45:00,174.0,157.0,True
552,Persistence,2025-05-26 07:50:00,169.0,169.0,True
552,Persistence,2025-05-26 07:55:00,164.0,175.0,True
552,Persistence,2025-05-26 08:00:00,161.0,176.0,True
552,Persistence,2025-05-26 08:05:00,159.0,177.0,True
552,Persistence,2025-05-26 08:10:00,158.0,177.0,True
552,Persistence,2025-05-26 08:15:00,157.0,174.0,True
552,Persistence,2025-05-26 08:20:00,156.0,169.0,True
552,Persistence,2025-05-26 08:25:00,161.0,164.0,True
552,Persistence,2025-05-26 08:30:00,158.0,161.0,True
552,Persistence,2025-05-26 08:35:00,156.0,159.0,True
552,Persistence,2025-05-26 08:40:00,162.0,158.0,True
552,Persistence,2025-05-26 08:45:00,168.0,157.0,True
552,Persistence,2025-05-26 08:50:00,174.0,156.0,True
552,Persistence,2025-05-26 08:55:00,180.0,161.0,True
552,Persistence,2025-05-26 09:00:00,181.0,158.0,True
552,Persistence,2025-05-26 09:05:00,181.0,156.0,True
552,Persistence,2025-05-26 09:10:00,187.0,162.0,True
552,Persistence,2025-05-26 09:15:00,192.0,168.0,True
552,Persistence,2025-05-26 09:20:00,196.0,174.0,True
552,Persistence,2025-05-26 09:25:00,197.0,180.0,True
552,Persistence,2025-05-26 09:30:00,196.0,181.0,True
552,Persistence,2025-05-26 09:35:00,193.0,181.0,True
552,Persistence,2025-05-26 09:40:00,192.0,187.0,True
552,Persistence,2025-05-26 09:45:00,189.0,192.0,True
552,Persistence,2025-05-26 09:50:00,185.0,196.0,True
552,Persistence,2025-05-26 09:55:00,179.0,197.0,True
552,Persistence,2025-05-26 10:00:00,173.0,196.0,True
552,Persistence,2025-05-26 10:05:00,167.0,193.0,True
552,Persistence,2025-05-26 10:10:00,160.0,192.0,True
552,Persistence,2025-05-26 10:15:00,148.0,189.0,True
552,Persistence,2025-05-26 10:20:00,141.0,185.0,True
552,Persistence,2025-05-26 10:25:00,139.0,179.0,True
552,Persistence,2025-05-26 10:30:00,135.0,173.0,True
552,Persistence,2025-05-26 10:35:00,131.0,167.0,True
552,Persistence,2025-05-26 10:40:00,125.0,160.0,True
552,Persistence,2025-05-26 10:45:00,121.0,148.0,True
552,Persistence,2025-05-26 10:50:00,118.0,141.0,True
552,Persistence,2025-05-26 10:55:00,116.0,139.0,True
552,Persistence,2025-05-26 11:00:00,111.0,135.0,True
552,Persistence,2025-05-26 11:05:00,106.0,131.0,True
552,Persistence,2025-05-26 11:10:00,105.0,125.0,True
552,Persistence,2025-05-26 11:15:00,105.0,121.0,True
552,Persistence,2025-05-26 11:20:00,106.0,118.0,True
552,Persistence,2025-05-26 11:25:00,104.0,116.0,True
552,Persistence,2025-05-26 11:30:00,102.0,111.0,True
552,Persistence,2025-05-26 11:35:00,99.0,106.0,True
552,Persistence,2025-05-26 11:40:00,98.0,105.0,True
552,Persistence,2025-05-26 11:45:00,97.0,105.0,True
552,Persistence,2025-05-26 11:50:00,93.0,106.0,True
552,Persistence,2025-05-26 11:55:00,93.0,104.0,True
552,Persistence,2025-05-26 12:00:00,91.0,102.0,True
552,Persistence,2025-05-26 12:05:00,91.0,99.0,True
552,Persistence,2025-05-26 12:10:00,90.0,98.0,True
552,Persistence,2025-05-26 12:15:00,88.0,97.0,True
552,Persistence,2025-05-26 12:20:00,89.0,93.0,True
552,Persistence,2025-05-26 12:25:00,82.0,93.0,True
552,Persistence,2025-05-26 12:30:00,81.0,91.0,True
552,Persistence,2025-05-26 12:35:00,83.0,91.0,True
552,Persistence,2025-05-26 12:40:00,80.0,90.0,True
552,Persistence,2025-05-26 12:45:00,74.0,88.0,True
552,Persistence,2025-05-26 12:50:00,75.0,89.0,True
552,Persistence,2025-05-26 12:55:00,76.0,82.0,True
552,Persistence,2025-05-26 13:00:00,78.0,81.0,True
552,Persistence,2025-05-26 13:05:00,80.0,83.0,True
552,Persistence,2025-05-26 13:10:00,85.0,80.0,True
552,Persistence,2025-05-26 13:15:00,87.0,74.0,True
552,Persistence,2025-05-26 13:20:00,90.0,75.0,True
552,Persistence,2025-05-26 13:25:00,90.0,76.0,True
552,Persistence,2025-05-26 13:30:00,90.0,78.0,True
552,Persistence,2025-05-26 13:35:00,89.0,80.0,True
552,Persistence,2025-05-26 13:40:00,88.0,85.0,True
552,Persistence,2025-05-26 13:45:00,88.0,87.0,True
552,Persistence,2025-05-26 13:50:00,84.0,90.0,True
552,Persistence,2025-05-26 13:55:00,81.0,90.0,True
552,Persistence,2025-05-26 14:00:00,81.0,90.0,True
552,Persistence,2025-05-26 14:05:00,82.0,89.0,True
552,Persistence,2025-05-26 14:10:00,84.0,88.0,True
552,Persistence,2025-05-26 14:15:00,88.0,88.0,True
552,Persistence,2025-05-26 14:20:00,93.0,84.0,True
552,Persistence,2025-05-26 14:25:00,100.0,81.0,True
552,Persistence,2025-05-26 14:30:00,105.0,81.0,True
552,Persistence,2025-05-26 14:35:00,118.0,82.0,True
552,Persistence,2025-05-26 14:40:00,129.0,84.0,True
552,Persistence,2025-05-26 14:45:00,136.0,88.0,True
552,Persistence,2025-05-26 14:50:00,141.0,93.0,True
552,Persistence,2025-05-26 14:55:00,146.0,100.0,True
552,Persistence,2025-05-26 15:00:00,150.0,105.0,True
552,Persistence,2025-05-26 15:05:00,151.0,118.0,True
552,Persistence,2025-05-26 15:10:00,147.0,129.0,True
552,Persistence,2025-05-26 15:15:00,143.0,136.0,True
552,Persistence,2025-05-26 15:20:00,137.0,141.0,True
552,Persistence,2025-05-26 15:25:00,132.0,146.0,True
552,Persistence,2025-05-26 15:30:00,127.0,150.0,True
552,Persistence,2025-05-26 15:35:00,119.0,151.0,True
552,Persistence,2025-05-26 15:40:00,126.0,147.0,True
552,Persistence,2025-05-26 15:45:00,132.0,143.0,True
552,Persistence,2025-05-26 15:50:00,130.0,137.0,True
552,Persistence,2025-05-26 15:55:00,130.0,132.0,True
552,Persistence,2025-05-26 16:00:00,134.0,127.0,True
552,Persistence,2025-05-26 16:05:00,136.0,119.0,True
552,Persistence,2025-05-26 16:10:00,137.0,126.0,True
552,Persistence,2025-05-26 16:15:00,136.0,132.0,True
552,Persistence,2025-05-26 16:20:00,135.0,130.0,True
552,Persistence,2025-05-26 16:25:00,134.0,130.0,True
552,Persistence,2025-05-26 16:30:00,131.0,134.0,True
552,Persistence,2025-05-26 16:35:00,128.0,136.0,True
552,Persistence,2025-05-26 16:40:00,125.0,137.0,True
552,Persistence,2025-05-26 16:45:00,119.0,136.0,True
552,Persistence,2025-05-26 16:50:00,115.0,135.0,True
552,Persistence,2025-05-26 16:55:00,112.0,134.0,True
552,Persistence,2025-05-26 17:00:00,107.0,131.0,True
552,Persistence,2025-05-26 17:05:00,102.0,128.0,True
552,Persistence,2025-05-26 17:10:00,100.0,125.0,True
552,Persistence,2025-05-26 17:15:00,97.0,119.0,True
552,Persistence,2025-05-26 17:20:00,99.0,115.0,True
552,Persistence,2025-05-26 17:25:00,103.0,112.0,True
552,Persistence,2025-05-26 17:30:00,101.0,107.0,True
552,Persistence,2025-05-26 17:35:00,98.0,102.0,True
552,Persistence,2025-05-26 17:40:00,95.0,100.0,True
552,Persistence,2025-05-26 17:45:00,94.0,97.0,True
552,Persistence,2025-05-26 17:50:00,96.0,99.0,True
552,Persistence,2025-05-26 17:55:00,94.0,103.0,True
552,Persistence,2025-05-26 18:00:00,95.0,101.0,True
552,Persistence,2025-05-26 18:05:00,91.0,98.0,True
552,Persistence,2025-05-26 18:10:00,90.0,95.0,True
552,Persistence,2025-05-26 18:15:00,89.0,94.0,True
552,Persistence,2025-05-26 18:20:00,86.0,96.0,True
552,Persistence,2025-05-26 18:25:00,85.0,94.0,True
552,Persistence,2025-05-26 18:30:00,88.0,95.0,True
552,Persistence,2025-05-26 18:35:00,91.0,91.0,True
552,Persistence,2025-05-26 18:40:00,90.0,90.0,True
552,Persistence,2025-05-26 18:45:00,95.0,89.0,True
552,Persistence,2025-05-26 18:50:00,99.0,86.0,True
552,Persistence,2025-05-26 18:55:00,103.0,85.0,True
552,Persistence,2025-05-26 19:00:00,105.0,88.0,True
552,Persistence,2025-05-26 19:05:00,106.0,91.0,True
552,Persistence,2025-05-26 19:10:00,107.0,90.0,True
552,Persistence,2025-05-26 19:15:00,108.0,95.0,True
552,Persistence,2025-05-26 19:20:00,108.0,99.0,True
552,Persistence,2025-05-26 19:25:00,110.0,103.0,True
552,Persistence,2025-05-26 19:30:00,115.0,105.0,True
552,Persistence,2025-05-26 19:35:00,118.0,106.0,True
552,Persistence,2025-05-26 19:40:00,124.0,107.0,True
552,Persistence,2025-05-26 19:45:00,127.0,108.0,True
552,Persistence,2025-05-26 19:50:00,133.0,108.0,True
552,Persistence,2025-05-26 19:55:00,136.0,110.0,True
552,Persistence,2025-05-26 20:00:00,141.0,115.0,True
552,Persistence,2025-05-26 20:05:00,143.0,118.0,True
552,Persistence,2025-05-26 20:10:00,145.0,124.0,True
552,Persistence,2025-05-26 20:15:00,144.0,127.0,True
552,Persistence,2025-05-26 20:20:00,140.0,133.0,True
552,Persistence,2025-05-26 20:25:00,139.0,136.0,True
552,Persistence,2025-05-26 20:30:00,138.0,141.0,True
552,Persistence,2025-05-26 20:35:00,137.0,143.0,True
552,Persistence,2025-05-26 20:40:00,137.0,145.0,True
552,Persistence,2025-05-26 20:45:00,140.0,144.0,True
552,Persistence,2025-05-26 20:50:00,139.0,140.0,True
552,Persistence,2025-05-26 20:55:00,140.0,139.0,True
552,Persistence,2025-05-26 21:00:00,142.0,138.0,True
552,Persistence,2025-05-26 21:05:00,142.0,137.0,True
552,Persistence,2025-05-26 21:10:00,146.0,137.0,True
552,Persistence,2025-05-26 21:15:00,149.0,140.0,True
552,Persistence,2025-05-26 21:20:00,146.0,139.0,True
552,Persistence,2025-05-26 21:25:00,145.0,140.0,True
552,Persistence,2025-05-26 21:30:00,148.0,142.0,True
552,Persistence,2025-05-26 21:35:00,152.0,142.0,True
552,Persistence,2025-05-26 21:40:00,150.0,146.0,True
552,Persistence,2025-05-26 21:45:00,151.0,149.0,True
552,Persistence,2025-05-26 21:50:00,152.0,146.0,True
552,Persistence,2025-05-26 21:55:00,154.0,145.0,True
552,Persistence,2025-05-26 22:00:00,155.0,148.0,True
552,Persistence,2025-05-26 22:05:00,155.0,152.0,True
552,Persistence,2025-05-26 22:10:00,155.0,150.0,True
552,Persistence,2025-05-26 22:15:00,155.0,151.0,True
552,Persistence,2025-05-26 22:20:00,139.0,152.0,True
552,Persistence,2025-05-26 22:25:00,142.0,154.0,True
552,Persistence,2025-05-26 22:30:00,145.0,155.0,True
552,Persistence,2025-05-26 22:35:00,147.0,155.0,True
552,Persistence,2025-05-26 22:40:00,149.0,155.0,True
552,Persistence,2025-05-26 22:45:00,149.0,155.0,True
552,Persistence,2025-05-26 22:50:00,143.0,139.0,True
552,Persistence,2025-05-26 22:55:00,141.0,142.0,True
552,Persistence,2025-05-26 23:00:00,141.0,145.0,True
552,Persistence,2025-05-26 23:05:00,142.0,147.0,True
552,Persistence,2025-05-26 23:10:00,140.0,149.0,True
552,Persistence,2025-05-26 23:15:00,135.0,149.0,True
552,Persistence,2025-05-26 23:20:00,133.0,143.0,True
552,Persistence,2025-05-26 23:25:00,131.0,141.0,True
552,Persistence,2025-05-26 23:30:00,127.0,141.0,True
552,Persistence,2025-05-26 23:35:00,124.0,142.0,True
552,Persistence,2025-05-26 23:40:00,122.0,140.0,True
552,Persistence,2025-05-26 23:45:00,120.0,135.0,True
552,Persistence,2025-05-26 23:50:00,122.0,133.0,True
552,Persistence,2025-05-26 23:55:00,123.0,131.0,True
552,Persistence,2025-05-27 00:00:00,123.0,127.0,True
552,Persistence,2025-05-27 00:05:00,123.0,124.0,True
552,Persistence,2025-05-27 00:10:00,123.0,122.0,True
552,Persistence,2025-05-27 00:15:00,123.0,120.0,True
552,Persistence,2025-05-27 00:20:00,121.0,122.0,True
552,Persistence,2025-05-27 00:25:00,114.0,123.0,True
552,Persistence,2025-05-27 00:30:00,108.0,123.0,True
552,Persistence,2025-05-27 00:35:00,102.0,123.0,True
552,Persistence,2025-05-27 00:40:00,102.0,123.0,True
552,Persistence,2025-05-27 00:45:00,106.0,123.0,True
552,Persistence,2025-05-27 00:50:00,109.0,121.0,True
552,Persistence,2025-05-27 00:55:00,111.0,114.0,True
552,Persistence,2025-05-27 01:00:00,112.0,108.0,True
552,Persistence,2025-05-27 01:05:00,113.0,102.0,True
552,Persistence,2025-05-27 01:10:00,113.0,102.0,True
552,Persistence,2025-05-27 01:15:00,114.0,106.0,True
552,Persistence,2025-05-27 01:20:00,113.0,109.0,True
552,Persistence,2025-05-27 01:25:00,112.0,111.0,True
552,Persistence,2025-05-27 01:30:00,111.0,112.0,True
552,Persistence,2025-05-27 01:35:00,110.0,113.0,True
552,Persistence,2025-05-27 01:40:00,108.0,113.0,True
552,Persistence,2025-05-27 01:45:00,107.0,114.0,True
552,Persistence,2025-05-27 01:50:00,106.0,113.0,True
552,Persistence,2025-05-27 01:55:00,106.0,112.0,True
552,Persistence,2025-05-27 02:00:00,105.0,111.0,True
552,Persistence,2025-05-27 02:05:00,104.0,110.0,True
552,Persistence,2025-05-27 02:10:00,103.0,108.0,True
552,Persistence,2025-05-27 02:15:00,103.0,107.0,True
552,Persistence,2025-05-27 02:20:00,102.0,106.0,True
552,Persistence,2025-05-27 02:25:00,102.0,106.0,True
552,Persistence,2025-05-27 02:30:00,101.0,105.0,True
552,Persistence,2025-05-27 02:35:00,101.0,104.0,True
552,Persistence,2025-05-27 02:40:00,100.0,103.0,True
552,Persistence,2025-05-27 02:45:00,98.0,103.0,True
552,Persistence,2025-05-27 02:50:00,96.0,102.0,True
552,Persistence,2025-05-27 02:55:00,95.0,102.0,True
552,Persistence,2025-05-27 03:00:00,94.0,101.0,True
552,Persistence,2025-05-27 03:05:00,93.0,101.0,True
552,Persistence,2025-05-27 03:10:00,92.0,100.0,True
552,Persistence,2025-05-27 03:15:00,92.0,98.0,True
552,Persistence,2025-05-27 03:20:00,91.0,96.0,True
552,Persistence,2025-05-27 03:25:00,90.0,95.0,True
552,Persistence,2025-05-27 03:30:00,91.0,94.0,True
552,Persistence,2025-05-27 03:35:00,91.0,93.0,True
552,Persistence,2025-05-27 03:40:00,90.0,92.0,True
552,Persistence,2025-05-27 03:45:00,89.0,92.0,True
552,Persistence,2025-05-27 03:50:00,87.0,91.0,True
552,Persistence,2025-05-27 03:55:00,86.0,90.0,True
552,Persistence,2025-05-27 04:00:00,86.0,91.0,True
552,Persistence,2025-05-27 04:05:00,85.0,91.0,True
552,Persistence,2025-05-27 04:10:00,84.0,90.0,True
552,Persistence,2025-05-27 04:15:00,83.0,89.0,True
552,Persistence,2025-05-27 04:20:00,81.0,87.0,True
552,Persistence,2025-05-27 04:25:00,80.0,86.0,True
552,Persistence,2025-05-27 04:30:00,79.0,86.0,True
552,Persistence,2025-05-27 04:35:00,78.0,85.0,True
552,Persistence,2025-05-27 04:40:00,76.0,84.0,True
552,Persistence,2025-05-27 04:45:00,75.0,83.0,True
552,Persistence,2025-05-27 04:50:00,75.0,81.0,True
552,Persistence,2025-05-27 04:55:00,74.0,80.0,True
552,Persistence,2025-05-27 05:00:00,73.0,79.0,True
552,Persistence,2025-05-27 05:05:00,72.0,78.0,True
552,Persistence,2025-05-27 05:10:00,71.0,76.0,True
552,Persistence,2025-05-27 05:15:00,70.0,75.0,True
552,Persistence,2025-05-27 05:20:00,69.0,75.0,True
552,Persistence,2025-05-27 05:25:00,67.0,74.0,True
552,Persistence,2025-05-27 05:30:00,66.0,73.0,True
552,Persistence,2025-05-27 05:35:00,65.0,72.0,True
552,Persistence,2025-05-27 05:40:00,64.0,71.0,True
552,Persistence,2025-05-27 05:45:00,62.0,70.0,True
552,Persistence,2025-05-27 05:50:00,62.0,69.0,True
552,Persistence,2025-05-27 05:55:00,62.0,67.0,True
552,Persistence,2025-05-27 06:00:00,62.0,66.0,True
552,Persistence,2025-05-27 06:05:00,63.0,65.0,True
552,Persistence,2025-05-27 06:10:00,63.0,64.0,True
552,Persistence,2025-05-27 06:15:00,64.0,62.0,True
552,Persistence,2025-05-27 06:20:00,66.0,62.0,True
552,Persistence,2025-05-27 06:25:00,67.0,62.0,True
552,Persistence,2025-05-27 06:30:00,70.0,62.0,True
552,Persistence,2025-05-27 06:35:00,73.0,63.0,True
552,Persistence,2025-05-27 06:40:00,76.0,63.0,True
552,Persistence,2025-05-27 06:45:00,79.0,64.0,True
552,Persistence,2025-05-27 06:50:00,81.0,66.0,True
552,Persistence,2025-05-27 06:55:00,84.0,67.0,True
552,Persistence,2025-05-27 07:00:00,85.0,70.0,True
552,Persistence,2025-05-27 07:05:00,87.0,73.0,True
552,Persistence,2025-05-27 07:10:00,88.0,76.0,True
552,Persistence,2025-05-27 07:15:00,90.0,79.0,True
552,Persistence,2025-05-27 07:20:00,93.0,81.0,True
552,Persistence,2025-05-27 07:25:00,99.0,84.0,True
552,Persistence,2025-05-27 07:30:00,107.0,85.0,True
552,Persistence,2025-05-27 07:35:00,110.0,87.0,True
552,Persistence,2025-05-27 07:40:00,116.0,88.0,True
552,Persistence,2025-05-27 07:45:00,122.0,90.0,True
552,Persistence,2025-05-27 07:50:00,129.0,93.0,True
552,Persistence,2025-05-27 07:55:00,134.0,99.0,True
552,Persistence,2025-05-27 08:00:00,142.0,107.0,True
552,Persistence,2025-05-27 08:05:00,146.0,110.0,True
552,Persistence,2025-05-27 08:10:00,146.0,116.0,True
552,Persistence,2025-05-27 08:15:00,149.0,122.0,True
552,Persistence,2025-05-27 08:20:00,156.0,129.0,True
552,Persistence,2025-05-27 08:25:00,159.0,134.0,True
552,Persistence,2025-05-27 08:30:00,159.0,142.0,True
552,Persistence,2025-05-27 08:35:00,163.0,146.0,True
552,Persistence,2025-05-27 08:40:00,164.0,146.0,True
552,Persistence,2025-05-27 08:45:00,164.0,149.0,True
552,Persistence,2025-05-27 08:50:00,164.0,156.0,True
552,Persistence,2025-05-27 08:55:00,164.0,159.0,True
552,Persistence,2025-05-27 09:00:00,168.0,159.0,True
552,Persistence,2025-05-27 09:05:00,174.0,163.0,True
552,Persistence,2025-05-27 09:10:00,180.0,164.0,True
552,Persistence,2025-05-27 09:15:00,191.0,164.0,True
552,Persistence,2025-05-27 09:20:00,203.0,164.0,True
552,Persistence,2025-05-27 09:25:00,214.0,164.0,True
552,Persistence,2025-05-27 09:30:00,222.0,168.0,True
552,Persistence,2025-05-27 09:35:00,226.0,174.0,True
552,Persistence,2025-05-27 09:40:00,229.0,180.0,True
552,Persistence,2025-05-27 09:45:00,233.0,191.0,True
552,Persistence,2025-05-27 09:50:00,235.0,203.0,True
552,Persistence,2025-05-27 09:55:00,237.0,214.0,True
552,Persistence,2025-05-27 10:00:00,238.0,222.0,True
552,Persistence,2025-05-27 10:05:00,240.0,226.0,True
552,Persistence,2025-05-27 10:10:00,240.0,229.0,True
552,Persistence,2025-05-27 10:15:00,240.0,233.0,True
552,Persistence,2025-05-27 10:20:00,240.0,235.0,True
552,Persistence,2025-05-27 10:25:00,240.0,237.0,True
552,Persistence,2025-05-27 10:30:00,240.0,238.0,True
552,Persistence,2025-05-27 10:35:00,240.0,240.0,True
552,Persistence,2025-05-27 11:45:00,239.0,,False
552,Persistence,2025-05-27 11:50:00,236.0,,False
552,Persistence,2025-05-27 11:55:00,235.0,,False
552,Persistence,2025-05-27 12:00:00,238.0,,False
552,Persistence,2025-05-27 12:05:00,239.0,,False
552,Persistence,2025-05-27 12:10:00,236.0,,False
552,Persistence,2025-05-27 12:15:00,232.0,239.0,True
552,Persistence,2025-05-27 12:20:00,227.0,236.0,True
552,Persistence,2025-05-27 12:25:00,219.0,235.0,True
552,Persistence,2025-05-27 12:30:00,214.0,238.0,True
552,Persistence,2025-05-27 12:35:00,206.0,239.0,True
552,Persistence,2025-05-27 12:40:00,195.0,236.0,True
552,Persistence,2025-05-27 12:45:00,184.0,232.0,True
552,Persistence,2025-05-27 12:50:00,172.0,227.0,True
552,Persistence,2025-05-27 12:55:00,164.0,219.0,True
552,Persistence,2025-05-27 13:00:00,158.0,214.0,True
552,Persistence,2025-05-27 13:05:00,155.0,206.0,True
552,Persistence,2025-05-27 13:10:00,149.0,195.0,True
552,Persistence,2025-05-27 13:15:00,145.0,184.0,True
552,Persistence,2025-05-27 13:20:00,143.0,172.0,True
552,Persistence,2025-05-27 13:25:00,142.0,164.0,True
552,Persistence,2025-05-27 13:30:00,141.0,158.0,True
552,Persistence,2025-05-27 13:35:00,140.0,155.0,True
552,Persistence,2025-05-27 13:40:00,137.0,149.0,True
552,Persistence,2025-05-27 13:45:00,131.0,145.0,True
552,Persistence,2025-05-27 13:50:00,134.0,143.0,True
552,Persistence,2025-05-27 13:55:00,136.0,142.0,True
552,Persistence,2025-05-27 14:00:00,137.0,141.0,True
552,Persistence,2025-05-27 14:05:00,134.0,140.0,True
552,Persistence,2025-05-27 14:10:00,135.0,137.0,True
552,Persistence,2025-05-27 14:15:00,129.0,131.0,True
552,Persistence,2025-05-27 14:20:00,129.0,134.0,True
552,Persistence,2025-05-27 14:25:00,133.0,136.0,True
552,Persistence,2025-05-27 14:30:00,136.0,137.0,True
552,Persistence,2025-05-27 14:35:00,137.0,134.0,True
552,Persistence,2025-05-27 14:40:00,136.0,135.0,True
552,Persistence,2025-05-27 14:45:00,135.0,129.0,True
552,Persistence,2025-05-27 14:50:00,134.0,129.0,True
552,Persistence,2025-05-27 14:55:00,135.0,133.0,True
552,Persistence,2025-05-27 15:00:00,137.0,136.0,True
552,Persistence,2025-05-27 15:05:00,140.0,137.0,True
552,Persistence,2025-05-27 15:10:00,143.0,136.0,True
552,Persistence,2025-05-27 15:15:00,152.0,135.0,True
552,Persistence,2025-05-27 15:20:00,158.0,134.0,True
552,Persistence,2025-05-27 15:25:00,166.0,135.0,True
552,Persistence,2025-05-27 15:30:00,173.0,137.0,True
552,Persistence,2025-05-27 15:35:00,176.0,140.0,True
552,Persistence,2025-05-27 15:40:00,175.0,143.0,True
552,Persistence,2025-05-27 15:45:00,175.0,152.0,True
552,Persistence,2025-05-27 15:50:00,174.0,158.0,True
552,Persistence,2025-05-27 15:55:00,164.0,166.0,True
552,Persistence,2025-05-27 16:00:00,161.0,173.0,True
552,Persistence,2025-05-27 16:05:00,166.0,176.0,True
552,Persistence,2025-05-27 16:10:00,161.0,175.0,True
552,Persistence,2025-05-27 16:15:00,156.0,175.0,True
552,Persistence,2025-05-27 16:20:00,156.0,174.0,True
552,Persistence,2025-05-27 16:25:00,159.0,164.0,True
552,Persistence,2025-05-27 16:30:00,160.0,161.0,True
552,Persistence,2025-05-27 16:35:00,159.0,166.0,True
552,Persistence,2025-05-27 16:40:00,153.0,161.0,True
552,Persistence,2025-05-27 16:45:00,148.0,156.0,True
552,Persistence,2025-05-27 16:50:00,146.0,156.0,True
552,Persistence,2025-05-27 16:55:00,138.0,159.0,True
552,Persistence,2025-05-27 17:00:00,136.0,160.0,True
552,Persistence,2025-05-27 17:05:00,138.0,159.0,True
552,Persistence,2025-05-27 17:10:00,137.0,153.0,True
552,Persistence,2025-05-27 17:15:00,135.0,148.0,True
552,Persistence,2025-05-27 17:20:00,135.0,146.0,True
552,Persistence,2025-05-27 17:25:00,132.0,138.0,True
552,Persistence,2025-05-27 17:30:00,127.0,136.0,True
552,Persistence,2025-05-27 17:35:00,122.0,138.0,True
552,Persistence,2025-05-27 17:40:00,131.0,137.0,True
552,Persistence,2025-05-27 17:45:00,144.0,135.0,True
552,Persistence,2025-05-27 17:50:00,150.0,135.0,True
552,Persistence,2025-05-27 17:55:00,143.0,132.0,True
552,Persistence,2025-05-27 18:00:00,141.0,127.0,True
552,Persistence,2025-05-27 18:05:00,148.0,122.0,True
552,Persistence,2025-05-27 18:10:00,150.0,131.0,True
552,Persistence,2025-05-27 18:15:00,147.0,144.0,True
552,Persistence,2025-05-27 18:20:00,146.0,150.0,True
552,Persistence,2025-05-27 18:25:00,147.0,143.0,True
552,Persistence,2025-05-27 18:30:00,145.0,141.0,True
552,Persistence,2025-05-27 18:35:00,142.0,148.0,True
552,Persistence,2025-05-27 18:40:00,139.0,150.0,True
552,Persistence,2025-05-27 18:45:00,136.0,147.0,True
552,Persistence,2025-05-27 18:50:00,131.0,146.0,True
552,Persistence,2025-05-27 18:55:00,127.0,147.0,True
552,Persistence,2025-05-27 19:00:00,125.0,145.0,True
552,Persistence,2025-05-27 19:05:00,124.0,142.0,True
552,Persistence,2025-05-27 19:10:00,122.0,139.0,True
552,Persistence,2025-05-27 19:15:00,127.0,136.0,True
552,Persistence,2025-05-27 19:20:00,134.0,131.0,True
552,Persistence,2025-05-27 19:25:00,138.0,127.0,True
552,Persistence,2025-05-27 19:30:00,140.0,125.0,True
552,Persistence,2025-05-27 19:35:00,142.0,124.0,True
552,Persistence,2025-05-27 19:40:00,147.0,122.0,True
552,Persistence,2025-05-27 19:45:00,150.0,127.0,True
552,Persistence,2025-05-27 19:50:00,151.0,134.0,True
552,Persistence,2025-05-27 19:55:00,152.0,138.0,True
552,Persistence,2025-05-27 20:00:00,152.0,140.0,True
552,Persistence,2025-05-27 20:05:00,154.0,142.0,True
552,Persistence,2025-05-27 20:10:00,163.0,147.0,True
552,Persistence,2025-05-27 20:15:00,173.0,150.0,True
552,Persistence,2025-05-27 20:20:00,181.0,151.0,True
552,Persistence,2025-05-27 20:25:00,181.0,152.0,True
552,Persistence,2025-05-27 20:30:00,185.0,152.0,True
552,Persistence,2025-05-27 20:35:00,196.0,154.0,True
552,Persistence,2025-05-27 20:40:00,207.0,163.0,True
552,Persistence,2025-05-27 20:45:00,217.0,173.0,True
552,Persistence,2025-05-27 20:50:00,225.0,181.0,True
552,Persistence,2025-05-27 20:55:00,231.0,181.0,True
552,Persistence,2025-05-27 21:00:00,233.0,185.0,True
552,Persistence,2025-05-27 21:05:00,228.0,196.0,True
552,Persistence,2025-05-27 21:10:00,218.0,207.0,True
552,Persistence,2025-05-27 21:15:00,207.0,217.0,True
552,Persistence,2025-05-27 21:20:00,195.0,225.0,True
552,Persistence,2025-05-27 21:25:00,183.0,231.0,True
552,Persistence,2025-05-27 21:30:00,173.0,233.0,True
552,Persistence,2025-05-27 21:35:00,164.0,228.0,True
552,Persistence,2025-05-27 21:40:00,158.0,218.0,True
552,Persistence,2025-05-27 21:45:00,152.0,207.0,True
552,Persistence,2025-05-27 21:50:00,146.0,195.0,True
552,Persistence,2025-05-27 21:55:00,131.0,183.0,True
552,Persistence,2025-05-27 22:00:00,120.0,173.0,True
552,Persistence,2025-05-27 22:05:00,117.0,164.0,True
552,Persistence,2025-05-27 22:10:00,117.0,158.0,True
552,Persistence,2025-05-27 22:15:00,113.0,152.0,True
552,Persistence,2025-05-27 22:20:00,110.0,146.0,True
552,Persistence,2025-05-27 22:25:00,108.0,131.0,True
552,Persistence,2025-05-27 22:30:00,105.0,120.0,True
552,Persistence,2025-05-27 22:35:00,104.0,117.0,True
552,Persistence,2025-05-27 22:40:00,101.0,117.0,True
552,Persistence,2025-05-27 22:45:00,99.0,113.0,True
552,Persistence,2025-05-27 22:50:00,97.0,110.0,True
552,Persistence,2025-05-27 22:55:00,95.0,108.0,True
552,Persistence,2025-05-27 23:00:00,98.0,105.0,True
552,Persistence,2025-05-27 23:05:00,93.0,104.0,True
552,Persistence,2025-05-27 23:10:00,90.0,101.0,True
552,Persistence,2025-05-27 23:15:00,93.0,99.0,True
552,Persistence,2025-05-27 23:20:00,93.0,97.0,True
552,Persistence,2025-05-27 23:25:00,94.0,95.0,True
552,Persistence,2025-05-27 23:30:00,96.0,98.0,True
552,Persistence,2025-05-27 23:35:00,97.0,93.0,True
552,Persistence,2025-05-27 23:40:00,97.0,90.0,True
552,Persistence,2025-05-27 23:45:00,96.0,93.0,True
552,Persistence,2025-05-27 23:50:00,95.0,93.0,True
552,Persistence,2025-05-27 23:55:00,94.0,94.0,True
552,Persistence,2025-05-28 00:00:00,92.0,96.0,True
552,Persistence,2025-05-28 00:05:00,90.0,97.0,True
552,Persistence,2025-05-28 00:10:00,89.0,97.0,True
552,Persistence,2025-05-28 00:15:00,89.0,96.0,True
552,Persistence,2025-05-28 00:20:00,88.0,95.0,True
552,Persistence,2025-05-28 00:25:00,88.0,94.0,True
552,Persistence,2025-05-28 00:30:00,87.0,92.0,True
552,Persistence,2025-05-28 00:35:00,86.0,90.0,True
552,Persistence,2025-05-28 00:40:00,85.0,89.0,True
552,Persistence,2025-05-28 00:45:00,84.0,89.0,True
552,Persistence,2025-05-28 00:50:00,83.0,88.0,True
552,Persistence,2025-05-28 00:55:00,82.0,88.0,True
552,Persistence,2025-05-28 01:00:00,82.0,87.0,True
552,Persistence,2025-05-28 01:05:00,81.0,86.0,True
552,Persistence,2025-05-28 01:10:00,81.0,85.0,True
552,Persistence,2025-05-28 01:15:00,79.0,84.0,True
552,Persistence,2025-05-28 01:20:00,77.0,83.0,True
552,Persistence,2025-05-28 01:25:00,74.0,82.0,True
552,Persistence,2025-05-28 01:30:00,73.0,82.0,True
552,Persistence,2025-05-28 01:35:00,72.0,81.0,True
552,Persistence,2025-05-28 01:40:00,72.0,81.0,True
552,Persistence,2025-05-28 01:45:00,73.0,79.0,True
552,Persistence,2025-05-28 01:50:00,73.0,77.0,True
552,Persistence,2025-05-28 01:55:00,72.0,74.0,True
552,Persistence,2025-05-28 02:00:00,71.0,73.0,True
552,Persistence,2025-05-28 02:05:00,71.0,72.0,True
552,Persistence,2025-05-28 02:10:00,71.0,72.0,True
552,Persistence,2025-05-28 02:15:00,71.0,73.0,True
552,Persistence,2025-05-28 02:20:00,72.0,73.0,True
552,Persistence,2025-05-28 02:25:00,73.0,72.0,True
552,Persistence,2025-05-28 02:30:00,74.0,71.0,True
552,Persistence,2025-05-28 02:35:00,73.0,71.0,True
552,Persistence,2025-05-28 02:40:00,73.0,71.0,True
552,Persistence,2025-05-28 02:45:00,73.0,71.0,True
552,Persistence,2025-05-28 02:50:00,74.0,72.0,True
552,Persistence,2025-05-28 02:55:00,74.0,73.0,True
552,Persistence,2025-05-28 03:00:00,75.0,74.0,True
552,Persistence,2025-05-28 03:05:00,75.0,73.0,True
552,Persistence,2025-05-28 03:10:00,74.0,73.0,True
552,Persistence,2025-05-28 03:15:00,75.0,73.0,True
552,Persistence,2025-05-28 03:20:00,76.0,74.0,True
552,Persistence,2025-05-28 03:25:00,78.0,74.0,True
552,Persistence,2025-05-28 03:30:00,83.0,75.0,True
552,Persistence,2025-05-28 03:35:00,93.0,75.0,True
552,Persistence,2025-05-28 03:40:00,104.0,74.0,True
552,Persistence,2025-05-28 03:45:00,114.0,75.0,True
552,Persistence,2025-05-28 03:50:00,125.0,76.0,True
552,Persistence,2025-05-28 03:55:00,133.0,78.0,True
552,Persistence,2025-05-28 04:00:00,139.0,83.0,True
552,Persistence,2025-05-28 04:05:00,145.0,93.0,True
552,Persistence,2025-05-28 04:10:00,151.0,104.0,True
552,Persistence,2025-05-28 04:15:00,159.0,114.0,True
552,Persistence,2025-05-28 04:20:00,165.0,125.0,True
552,Persistence,2025-05-28 04:25:00,170.0,133.0,True
552,Persistence,2025-05-28 04:30:00,174.0,139.0,True
552,Persistence,2025-05-28 04:35:00,177.0,145.0,True
552,Persistence,2025-05-28 04:40:00,180.0,151.0,True
552,Persistence,2025-05-28 04:45:00,181.0,159.0,True
552,Persistence,2025-05-28 04:50:00,178.0,165.0,True
552,Persistence,2025-05-28 04:55:00,176.0,170.0,True
552,Persistence,2025-05-28 05:00:00,174.0,174.0,True
552,Persistence,2025-05-28 05:05:00,171.0,177.0,True
552,Persistence,2025-05-28 05:10:00,169.0,180.0,True
552,Persistence,2025-05-28 05:15:00,167.0,181.0,True
552,Persistence,2025-05-28 05:20:00,164.0,178.0,True
552,Persistence,2025-05-28 05:25:00,162.0,176.0,True
552,Persistence,2025-05-28 05:30:00,160.0,174.0,True
552,Persistence,2025-05-28 05:35:00,158.0,171.0,True
552,Persistence,2025-05-28 05:40:00,157.0,169.0,True
552,Persistence,2025-05-28 05:45:00,156.0,167.0,True
552,Persistence,2025-05-28 05:50:00,155.0,164.0,True
552,Persistence,2025-05-28 05:55:00,153.0,162.0,True
552,Persistence,2025-05-28 06:00:00,151.0,160.0,True
552,Persistence,2025-05-28 06:05:00,149.0,158.0,True
552,Persistence,2025-05-28 06:10:00,147.0,157.0,True
552,Persistence,2025-05-28 06:15:00,146.0,156.0,True
552,Persistence,2025-05-28 06:20:00,144.0,155.0,True
552,Persistence,2025-05-28 06:25:00,142.0,153.0,True
552,Persistence,2025-05-28 06:30:00,140.0,151.0,True
552,Persistence,2025-05-28 06:35:00,138.0,149.0,True
552,Persistence,2025-05-28 06:40:00,136.0,147.0,True
552,Persistence,2025-05-28 06:45:00,140.0,146.0,True
552,Persistence,2025-05-28 06:50:00,145.0,144.0,True
552,Persistence,2025-05-28 06:55:00,145.0,142.0,True
552,Persistence,2025-05-28 07:00:00,146.0,140.0,True
552,Persistence,2025-05-28 07:05:00,146.0,138.0,True
552,Persistence,2025-05-28 07:10:00,146.0,136.0,True
552,Persistence,2025-05-28 07:15:00,147.0,140.0,True
552,Persistence,2025-05-28 07:20:00,146.0,145.0,True
552,Persistence,2025-05-28 07:25:00,147.0,145.0,True
552,Persistence,2025-05-28 07:30:00,146.0,146.0,True
552,Persistence,2025-05-28 07:35:00,140.0,146.0,True
552,Persistence,2025-05-28 07:40:00,135.0,146.0,True
552,Persistence,2025-05-28 07:45:00,134.0,147.0,True
552,Persistence,2025-05-28 07:50:00,133.0,146.0,True
552,Persistence,2025-05-28 07:55:00,128.0,147.0,True
552,Persistence,2025-05-28 08:00:00,127.0,146.0,True
552,Persistence,2025-05-28 08:05:00,129.0,140.0,True
552,Persistence,2025-05-28 08:10:00,130.0,135.0,True
552,Persistence,2025-05-28 08:15:00,127.0,134.0,True
552,Persistence,2025-05-28 08:20:00,126.0,133.0,True
552,Persistence,2025-05-28 08:25:00,132.0,128.0,True
552,Persistence,2025-05-28 08:30:00,136.0,127.0,True
552,Persistence,2025-05-28 08:35:00,146.0,129.0,True
552,Persistence,2025-05-28 08:40:00,148.0,130.0,True
552,Persistence,2025-05-28 08:45:00,142.0,127.0,True
552,Persistence,2025-05-28 08:50:00,147.0,126.0,True
552,Persistence,2025-05-28 08:55:00,162.0,132.0,True
552,Persistence,2025-05-28 09:00:00,175.0,136.0,True
552,Persistence,2025-05-28 09:05:00,183.0,146.0,True
552,Persistence,2025-05-28 09:10:00,178.0,148.0,True
552,Persistence,2025-05-28 09:15:00,178.0,142.0,True
552,Persistence,2025-05-28 09:20:00,174.0,147.0,True
552,Persistence,2025-05-28 09:25:00,169.0,162.0,True
552,Persistence,2025-05-28 09:30:00,164.0,175.0,True
552,Persistence,2025-05-28 09:35:00,158.0,183.0,True
552,Persistence,2025-05-28 09:40:00,150.0,178.0,True
552,Persistence,2025-05-28 09:45:00,144.0,178.0,True
552,Persistence,2025-05-28 09:50:00,138.0,174.0,True
552,Persistence,2025-05-28 09:55:00,129.0,169.0,True
552,Persistence,2025-05-28 10:00:00,124.0,164.0,True
552,Persistence,2025-05-28 10:05:00,117.0,158.0,True
552,Persistence,2025-05-28 10:10:00,113.0,150.0,True
552,Persistence,2025-05-28 10:15:00,111.0,144.0,True
552,Persistence,2025-05-28 10:20:00,108.0,138.0,True
552,Persistence,2025-05-28 10:25:00,104.0,129.0,True
552,Persistence,2025-05-28 10:30:00,102.0,124.0,True
552,Persistence,2025-05-28 10:35:00,101.0,117.0,True
552,Persistence,2025-05-28 10:40:00,100.0,113.0,True
552,Persistence,2025-05-28 10:45:00,100.0,111.0,True
552,Persistence,2025-05-28 10:50:00,100.0,108.0,True
552,Persistence,2025-05-28 10:55:00,102.0,104.0,True
552,Persistence,2025-05-28 11:00:00,103.0,102.0,True
552,Persistence,2025-05-28 11:05:00,104.0,101.0,True
552,Persistence,2025-05-28 11:10:00,106.0,100.0,True
552,Persistence,2025-05-28 11:15:00,107.0,100.0,True
552,Persistence,2025-05-28 11:20:00,107.0,100.0,True
552,Persistence,2025-05-28 11:25:00,105.0,102.0,True
552,Persistence,2025-05-28 11:30:00,104.0,103.0,True
552,Persistence,2025-05-28 11:35:00,100.0,104.0,True
552,Persistence,2025-05-28 11:40:00,99.0,106.0,True
552,Persistence,2025-05-28 11:45:00,98.0,107.0,True
552,Persistence,2025-05-28 11:50:00,94.0,107.0,True
552,Persistence,2025-05-28 11:55:00,88.0,105.0,True
552,Persistence,2025-05-28 12:00:00,85.0,104.0,True
552,Persistence,2025-05-28 12:05:00,83.0,100.0,True
552,Persistence,2025-05-28 12:10:00,83.0,99.0,True
552,Persistence,2025-05-28 12:15:00,86.0,98.0,True
552,Persistence,2025-05-28 12:20:00,87.0,94.0,True
552,Persistence,2025-05-28 12:25:00,92.0,88.0,True
552,Persistence,2025-05-28 12:30:00,99.0,85.0,True
552,Persistence,2025-05-28 12:35:00,101.0,83.0,True
552,Persistence,2025-05-28 12:40:00,104.0,83.0,True
552,Persistence,2025-05-28 12:45:00,108.0,86.0,True
552,Persistence,2025-05-28 12:50:00,113.0,87.0,True
552,Persistence,2025-05-28 12:55:00,119.0,92.0,True
552,Persistence,2025-05-28 13:00:00,124.0,99.0,True
552,Persistence,2025-05-28 13:05:00,126.0,101.0,True
552,Persistence,2025-05-28 13:10:00,129.0,104.0,True
552,Persistence,2025-05-28 13:15:00,134.0,108.0,True
552,Persistence,2025-05-28 13:20:00,132.0,113.0,True
552,Persistence,2025-05-28 13:25:00,127.0,119.0,True
552,Persistence,2025-05-28 13:30:00,123.0,124.0,True
552,Persistence,2025-05-28 13:35:00,120.0,126.0,True
552,Persistence,2025-05-28 13:40:00,116.0,129.0,True
552,Persistence,2025-05-28 13:45:00,112.0,134.0,True
552,Persistence,2025-05-28 13:50:00,109.0,132.0,True
552,Persistence,2025-05-28 13:55:00,105.0,127.0,True
552,Persistence,2025-05-28 14:00:00,100.0,123.0,True
552,Persistence,2025-05-28 14:05:00,93.0,120.0,True
552,Persistence,2025-05-28 14:10:00,90.0,116.0,True
552,Persistence,2025-05-28 14:15:00,91.0,112.0,True
552,Persistence,2025-05-28 14:20:00,89.0,109.0,True
552,Persistence,2025-05-28 14:25:00,87.0,105.0,True
552,Persistence,2025-05-28 14:30:00,87.0,100.0,True
552,Persistence,2025-05-28 14:35:00,87.0,93.0,True
552,Persistence,2025-05-28 14:40:00,87.0,90.0,True
552,Persistence,2025-05-28 14:45:00,81.0,91.0,True
552,Persistence,2025-05-28 14:50:00,80.0,89.0,True
552,Persistence,2025-05-28 14:55:00,80.0,87.0,True
552,Persistence,2025-05-28 15:00:00,79.0,87.0,True
552,Persistence,2025-05-28 15:05:00,78.0,87.0,True
552,Persistence,2025-05-28 15:10:00,76.0,87.0,True
552,Persistence,2025-05-28 15:15:00,74.0,81.0,True
552,Persistence,2025-05-28 15:20:00,73.0,80.0,True
552,Persistence,2025-05-28 15:25:00,70.0,80.0,True
552,Persistence,2025-05-28 15:30:00,65.0,79.0,True
552,Persistence,2025-05-28 15:35:00,62.0,78.0,True
552,Persistence,2025-05-28 15:40:00,60.0,76.0,True
552,Persistence,2025-05-28 15:45:00,58.0,74.0,True
552,Persistence,2025-05-28 15:50:00,56.0,73.0,True
552,Persistence,2025-05-28 15:55:00,54.0,70.0,True
552,Persistence,2025-05-28 16:00:00,52.0,65.0,True
552,Persistence,2025-05-28 16:05:00,49.0,62.0,True
552,Persistence,2025-05-28 16:10:00,48.0,60.0,True
552,Persistence,2025-05-28 16:15:00,47.0,58.0,True
552,Persistence,2025-05-28 16:20:00,48.0,56.0,True
552,Persistence,2025-05-28 16:25:00,48.0,54.0,True
552,Persistence,2025-05-28 16:30:00,53.0,52.0,True
552,Persistence,2025-05-28 16:35:00,58.0,49.0,True
552,Persistence,2025-05-28 16:40:00,67.0,48.0,True
552,Persistence,2025-05-28 16:45:00,74.0,47.0,True
552,Persistence,2025-05-28 16:50:00,86.0,48.0,True
552,Persistence,2025-05-28 16:55:00,99.0,48.0,True
552,Persistence,2025-05-28 17:00:00,109.0,53.0,True
552,Persistence,2025-05-28 17:05:00,115.0,58.0,True
552,Persistence,2025-05-28 17:10:00,119.0,67.0,True
552,Persistence,2025-05-28 17:15:00,120.0,74.0,True
552,Persistence,2025-05-28 17:20:00,117.0,86.0,True
552,Persistence,2025-05-28 17:25:00,115.0,99.0,True
552,Persistence,2025-05-28 17:30:00,113.0,109.0,True
552,Persistence,2025-05-28 17:35:00,113.0,115.0,True
552,Persistence,2025-05-28 17:40:00,114.0,119.0,True
552,Persistence,2025-05-28 17:45:00,114.0,120.0,True
552,Persistence,2025-05-28 17:50:00,114.0,117.0,True
552,Persistence,2025-05-28 17:55:00,114.0,115.0,True
552,Persistence,2025-05-28 18:00:00,113.0,113.0,True
552,Persistence,2025-05-28 18:05:00,112.0,113.0,True
552,Persistence,2025-05-28 18:10:00,113.0,114.0,True
552,Persistence,2025-05-28 18:15:00,114.0,114.0,True
552,Persistence,2025-05-28 18:20:00,116.0,114.0,True
552,Persistence,2025-05-28 18:25:00,141.0,114.0,True
552,Persistence,2025-05-28 18:30:00,140.0,113.0,True
552,Persistence,2025-05-28 18:35:00,138.0,112.0,True
552,Persistence,2025-05-28 18:40:00,137.0,113.0,True
552,Persistence,2025-05-28 18:45:00,139.0,114.0,True
552,Persistence,2025-05-28 18:50:00,144.0,116.0,True
552,Persistence,2025-05-28 18:55:00,139.0,141.0,True
552,Persistence,2025-05-28 19:00:00,136.0,140.0,True
552,Persistence,2025-05-28 19:05:00,137.0,138.0,True
552,Persistence,2025-05-28 19:10:00,135.0,137.0,True
552,Persistence,2025-05-28 19:15:00,137.0,139.0,True
552,Persistence,2025-05-28 19:20:00,134.0,144.0,True
552,Persistence,2025-05-28 19:25:00,134.0,139.0,True
552,Persistence,2025-05-28 19:30:00,136.0,136.0,True
552,Persistence,2025-05-28 19:35:00,136.0,137.0,True
552,Persistence,2025-05-28 19:40:00,134.0,135.0,True
552,Persistence,2025-05-28 19:45:00,134.0,137.0,True
552,Persistence,2025-05-28 19:50:00,134.0,134.0,True
552,Persistence,2025-05-28 19:55:00,135.0,134.0,True
552,Persistence,2025-05-28 20:00:00,138.0,136.0,True
552,Persistence,2025-05-28 20:05:00,141.0,136.0,True
552,Persistence,2025-05-28 20:10:00,144.0,134.0,True
552,Persistence,2025-05-28 20:15:00,145.0,134.0,True
552,Persistence,2025-05-28 20:20:00,145.0,134.0,True
552,Persistence,2025-05-28 20:25:00,145.0,135.0,True
552,Persistence,2025-05-28 20:30:00,143.0,138.0,True
552,Persistence,2025-05-28 20:35:00,145.0,141.0,True
552,Persistence,2025-05-28 20:40:00,145.0,144.0,True
552,Persistence,2025-05-28 20:45:00,145.0,145.0,True
552,Persistence,2025-05-28 20:50:00,145.0,145.0,True
552,Persistence,2025-05-28 20:55:00,145.0,145.0,True
552,Persistence,2025-05-28 21:00:00,149.0,143.0,True
552,Persistence,2025-05-28 21:05:00,153.0,145.0,True
552,Persistence,2025-05-28 21:10:00,150.0,145.0,True
552,Persistence,2025-05-28 21:15:00,147.0,145.0,True
552,Persistence,2025-05-28 21:20:00,144.0,145.0,True
552,Persistence,2025-05-28 21:25:00,143.0,145.0,True
552,Persistence,2025-05-28 21:30:00,142.0,149.0,True
552,Persistence,2025-05-28 21:35:00,144.0,153.0,True
552,Persistence,2025-05-28 21:40:00,146.0,150.0,True
552,Persistence,2025-05-28 21:45:00,146.0,147.0,True
552,Persistence,2025-05-28 21:50:00,145.0,144.0,True
552,Persistence,2025-05-28 21:55:00,142.0,143.0,True
552,Persistence,2025-05-28 22:00:00,139.0,142.0,True
552,Persistence,2025-05-28 22:05:00,138.0,144.0,True
552,Persistence,2025-05-28 22:10:00,137.0,146.0,True
552,Persistence,2025-05-28 22:15:00,136.0,146.0,True
552,Persistence,2025-05-28 22:20:00,134.0,145.0,True
552,Persistence,2025-05-28 22:25:00,132.0,142.0,True
552,Persistence,2025-05-28 22:30:00,131.0,139.0,True
552,Persistence,2025-05-28 22:35:00,130.0,138.0,True
552,Persistence,2025-05-28 22:40:00,127.0,137.0,True
552,Persistence,2025-05-28 22:45:00,125.0,136.0,True
552,Persistence,2025-05-28 22:50:00,135.0,134.0,True
552,Persistence,2025-05-28 22:55:00,131.0,132.0,True
552,Persistence,2025-05-28 23:00:00,127.0,131.0,True
552,Persistence,2025-05-28 23:05:00,122.0,130.0,True
552,Persistence,2025-05-28 23:10:00,117.0,127.0,True
552,Persistence,2025-05-28 23:15:00,113.0,125.0,True
552,Persistence,2025-05-28 23:20:00,110.0,135.0,True
552,Persistence,2025-05-28 23:25:00,107.0,131.0,True
552,Persistence,2025-05-28 23:30:00,104.0,127.0,True
552,Persistence,2025-05-28 23:35:00,101.0,122.0,True
552,Persistence,2025-05-28 23:40:00,99.0,117.0,True
552,Persistence,2025-05-28 23:45:00,96.0,113.0,True
552,Persistence,2025-05-28 23:50:00,94.0,110.0,True
552,Persistence,2025-05-28 23:55:00,91.0,107.0,True
552,Persistence,2025-05-29 00:00:00,88.0,104.0,True
552,Persistence,2025-05-29 00:05:00,85.0,101.0,True
552,Persistence,2025-05-29 00:10:00,83.0,99.0,True
552,Persistence,2025-05-29 00:15:00,80.0,96.0,True
552,Persistence,2025-05-29 00:20:00,78.0,94.0,True
552,Persistence,2025-05-29 00:25:00,75.0,91.0,True
552,Persistence,2025-05-29 00:30:00,72.0,88.0,True
552,Persistence,2025-05-29 00:35:00,69.0,85.0,True
552,Persistence,2025-05-29 00:40:00,74.0,83.0,True
552,Persistence,2025-05-29 00:45:00,77.0,80.0,True
552,Persistence,2025-05-29 00:50:00,74.0,78.0,True
552,Persistence,2025-05-29 00:55:00,72.0,75.0,True
552,Persistence,2025-05-29 01:00:00,71.0,72.0,True
552,Persistence,2025-05-29 01:05:00,69.0,69.0,True
552,Persistence,2025-05-29 01:10:00,67.0,74.0,True
552,Persistence,2025-05-29 01:15:00,66.0,77.0,True
552,Persistence,2025-05-29 01:20:00,65.0,74.0,True
552,Persistence,2025-05-29 01:25:00,64.0,72.0,True
552,Persistence,2025-05-29 01:30:00,63.0,71.0,True
552,Persistence,2025-05-29 01:35:00,63.0,69.0,True
552,Persistence,2025-05-29 01:40:00,62.0,67.0,True
552,Persistence,2025-05-29 01:45:00,61.0,66.0,True
552,Persistence,2025-05-29 01:50:00,61.0,65.0,True
552,Persistence,2025-05-29 01:55:00,64.0,64.0,True
552,Persistence,2025-05-29 02:00:00,70.0,63.0,True
552,Persistence,2025-05-29 02:05:00,79.0,63.0,True
552,Persistence,2025-05-29 02:10:00,89.0,62.0,True
552,Persistence,2025-05-29 02:15:00,97.0,61.0,True
552,Persistence,2025-05-29 02:20:00,106.0,61.0,True
552,Persistence,2025-05-29 02:25:00,113.0,64.0,True
552,Persistence,2025-05-29 02:30:00,116.0,70.0,True
552,Persistence,2025-05-29 02:35:00,119.0,79.0,True
552,Persistence,2025-05-29 02:40:00,120.0,89.0,True
552,Persistence,2025-05-29 02:45:00,119.0,97.0,True
552,Persistence,2025-05-29 02:50:00,119.0,106.0,True
552,Persistence,2025-05-29 02:55:00,120.0,113.0,True
552,Persistence,2025-05-29 03:00:00,122.0,116.0,True
552,Persistence,2025-05-29 03:05:00,123.0,119.0,True
552,Persistence,2025-05-29 03:10:00,123.0,120.0,True
552,Persistence,2025-05-29 03:15:00,122.0,119.0,True
552,Persistence,2025-05-29 03:20:00,121.0,119.0,True
552,Persistence,2025-05-29 03:25:00,120.0,120.0,True
552,Persistence,2025-05-29 03:30:00,119.0,122.0,True
552,Persistence,2025-05-29 03:35:00,118.0,123.0,True
552,Persistence,2025-05-29 03:40:00,117.0,123.0,True
552,Persistence,2025-05-29 03:45:00,116.0,122.0,True
552,Persistence,2025-05-29 03:50:00,115.0,121.0,True
552,Persistence,2025-05-29 03:55:00,114.0,120.0,True
552,Persistence,2025-05-29 04:00:00,112.0,119.0,True
552,Persistence,2025-05-29 04:05:00,110.0,118.0,True
552,Persistence,2025-05-29 04:10:00,110.0,117.0,True
552,Persistence,2025-05-29 04:15:00,110.0,116.0,True
552,Persistence,2025-05-29 04:20:00,110.0,115.0,True
552,Persistence,2025-05-29 04:25:00,109.0,114.0,True
552,Persistence,2025-05-29 04:30:00,109.0,112.0,True
552,Persistence,2025-05-29 04:35:00,109.0,110.0,True
552,Persistence,2025-05-29 04:40:00,109.0,110.0,True
552,Persistence,2025-05-29 04:45:00,110.0,110.0,True
552,Persistence,2025-05-29 04:50:00,110.0,110.0,True
552,Persistence,2025-05-29 04:55:00,110.0,109.0,True
552,Persistence,2025-05-29 05:00:00,109.0,109.0,True
552,Persistence,2025-05-29 05:05:00,107.0,109.0,True
552,Persistence,2025-05-29 05:10:00,106.0,109.0,True
552,Persistence,2025-05-29 05:15:00,103.0,110.0,True
552,Persistence,2025-05-29 05:20:00,102.0,110.0,True
552,Persistence,2025-05-29 05:25:00,108.0,110.0,True
552,Persistence,2025-05-29 05:30:00,111.0,109.0,True
552,Persistence,2025-05-29 05:35:00,108.0,107.0,True
552,Persistence,2025-05-29 05:40:00,106.0,106.0,True
552,Persistence,2025-05-29 05:45:00,103.0,103.0,True
552,Persistence,2025-05-29 05:50:00,101.0,102.0,True
552,Persistence,2025-05-29 05:55:00,98.0,108.0,True
552,Persistence,2025-05-29 06:00:00,96.0,111.0,True
552,Persistence,2025-05-29 06:05:00,94.0,108.0,True
552,Persistence,2025-05-29 06:10:00,93.0,106.0,True
552,Persistence,2025-05-29 06:15:00,95.0,103.0,True
552,Persistence,2025-05-29 06:20:00,98.0,101.0,True
552,Persistence,2025-05-29 06:25:00,97.0,98.0,True
552,Persistence,2025-05-29 06:30:00,96.0,96.0,True
552,Persistence,2025-05-29 06:35:00,94.0,94.0,True
552,Persistence,2025-05-29 06:40:00,92.0,93.0,True
552,Persistence,2025-05-29 06:45:00,94.0,95.0,True
552,Persistence,2025-05-29 06:50:00,95.0,98.0,True
552,Persistence,2025-05-29 06:55:00,96.0,97.0,True
552,Persistence,2025-05-29 07:00:00,96.0,96.0,True
552,Persistence,2025-05-29 07:05:00,96.0,94.0,True
552,Persistence,2025-05-29 07:10:00,96.0,92.0,True
552,Persistence,2025-05-29 07:15:00,96.0,94.0,True
552,Persistence,2025-05-29 07:20:00,91.0,95.0,True
552,Persistence,2025-05-29 07:25:00,84.0,96.0,True
552,Persistence,2025-05-29 07:30:00,87.0,96.0,True
552,Persistence,2025-05-29 07:35:00,90.0,96.0,True
552,Persistence,2025-05-29 07:40:00,91.0,96.0,True
552,Persistence,2025-05-29 07:45:00,96.0,96.0,True
552,Persistence,2025-05-29 07:50:00,109.0,91.0,True
552,Persistence,2025-05-29 07:55:00,114.0,84.0,True
552,Persistence,2025-05-29 08:00:00,129.0,87.0,True
552,Persistence,2025-05-29 08:05:00,142.0,90.0,True
552,Persistence,2025-05-29 08:10:00,155.0,91.0,True
552,Persistence,2025-05-29 08:15:00,170.0,96.0,True
552,Persistence,2025-05-29 08:20:00,179.0,109.0,True
552,Persistence,2025-05-29 08:25:00,183.0,114.0,True
552,Persistence,2025-05-29 08:30:00,183.0,129.0,True
552,Persistence,2025-05-29 08:35:00,178.0,142.0,True
552,Persistence,2025-05-29 08:40:00,175.0,155.0,True
552,Persistence,2025-05-29 08:45:00,171.0,170.0,True
552,Persistence,2025-05-29 08:50:00,167.0,179.0,True
552,Persistence,2025-05-29 08:55:00,162.0,183.0,True
552,Persistence,2025-05-29 09:00:00,155.0,183.0,True
552,Persistence,2025-05-29 09:05:00,148.0,178.0,True
552,Persistence,2025-05-29 09:10:00,141.0,175.0,True
552,Persistence,2025-05-29 09:15:00,141.0,171.0,True
552,Persistence,2025-05-29 09:20:00,139.0,167.0,True
552,Persistence,2025-05-29 09:25:00,134.0,162.0,True
552,Persistence,2025-05-29 09:30:00,130.0,155.0,True
552,Persistence,2025-05-29 09:35:00,119.0,148.0,True
552,Persistence,2025-05-29 09:40:00,111.0,141.0,True
552,Persistence,2025-05-29 09:45:00,106.0,141.0,True
552,Persistence,2025-05-29 09:50:00,100.0,139.0,True
552,Persistence,2025-05-29 09:55:00,95.0,134.0,True
552,Persistence,2025-05-29 10:00:00,90.0,130.0,True
552,Persistence,2025-05-29 10:05:00,89.0,119.0,True
552,Persistence,2025-05-29 10:10:00,83.0,111.0,True
552,Persistence,2025-05-29 10:15:00,77.0,106.0,True
552,Persistence,2025-05-29 10:20:00,72.0,100.0,True
552,Persistence,2025-05-29 10:25:00,65.0,95.0,True
552,Persistence,2025-05-29 10:30:00,56.0,90.0,True
552,Persistence,2025-05-29 10:35:00,52.0,89.0,True
552,Persistence,2025-05-29 10:40:00,61.0,83.0,True
552,Persistence,2025-05-29 10:45:00,59.0,77.0,True
552,Persistence,2025-05-29 10:50:00,62.0,72.0,True
552,Persistence,2025-05-29 10:55:00,64.0,65.0,True
552,Persistence,2025-05-29 11:00:00,66.0,56.0,True
552,Persistence,2025-05-29 11:05:00,69.0,52.0,True
552,Persistence,2025-05-29 11:10:00,74.0,61.0,True
552,Persistence,2025-05-29 11:15:00,87.0,59.0,True
552,Persistence,2025-05-29 11:20:00,101.0,62.0,True
552,Persistence,2025-05-29 11:25:00,105.0,64.0,True
552,Persistence,2025-05-29 11:30:00,113.0,66.0,True
552,Persistence,2025-05-29 11:35:00,120.0,69.0,True
552,Persistence,2025-05-29 11:40:00,132.0,74.0,True
552,Persistence,2025-05-29 11:45:00,135.0,87.0,True
552,Persistence,2025-05-29 11:50:00,134.0,101.0,True
552,Persistence,2025-05-29 11:55:00,134.0,105.0,True
552,Persistence,2025-05-29 12:00:00,134.0,113.0,True
552,Persistence,2025-05-29 12:05:00,134.0,120.0,True
552,Persistence,2025-05-29 12:10:00,134.0,132.0,True
552,Persistence,2025-05-29 12:15:00,134.0,135.0,True
552,Persistence,2025-05-29 12:20:00,134.0,134.0,True
552,Persistence,2025-06-03 09:50:00,130.0,,False
552,Persistence,2025-06-03 09:55:00,125.0,,False
552,Persistence,2025-06-03 10:00:00,118.0,,False
552,Persistence,2025-06-03 10:05:00,116.0,,False
552,Persistence,2025-06-03 10:10:00,114.0,,False
552,Persistence,2025-06-03 10:15:00,113.0,,False
552,Persistence,2025-06-03 10:20:00,112.0,130.0,True
552,Persistence,2025-06-03 10:25:00,114.0,125.0,True
552,Persistence,2025-06-03 10:30:00,117.0,118.0,True
552,Persistence,2025-06-03 10:35:00,115.0,116.0,True
552,Persistence,2025-06-03 10:40:00,110.0,114.0,True
552,Persistence,2025-06-03 10:45:00,106.0,113.0,True
552,Persistence,2025-06-03 10:50:00,104.0,112.0,True
552,Persistence,2025-06-03 10:55:00,104.0,114.0,True
552,Persistence,2025-06-03 11:00:00,106.0,117.0,True
552,Persistence,2025-06-03 11:05:00,107.0,115.0,True
552,Persistence,2025-06-03 11:10:00,109.0,110.0,True
552,Persistence,2025-06-03 11:15:00,110.0,106.0,True
552,Persistence,2025-06-03 11:20:00,110.0,104.0,True
552,Persistence,2025-06-03 11:25:00,109.0,104.0,True
552,Persistence,2025-06-03 11:30:00,107.0,106.0,True
552,Persistence,2025-06-03 11:35:00,103.0,107.0,True
552,Persistence,2025-06-03 11:40:00,100.0,109.0,True
552,Persistence,2025-06-03 11:45:00,96.0,110.0,True
552,Persistence,2025-06-03 11:50:00,95.0,110.0,True
552,Persistence,2025-06-03 11:55:00,92.0,109.0,True
552,Persistence,2025-06-03 12:00:00,91.0,107.0,True
552,Persistence,2025-06-03 12:05:00,96.0,103.0,True
552,Persistence,2025-06-03 12:10:00,95.0,100.0,True
552,Persistence,2025-06-03 12:15:00,95.0,96.0,True
552,Persistence,2025-06-03 12:20:00,94.0,95.0,True
552,Persistence,2025-06-03 12:25:00,93.0,92.0,True
552,Persistence,2025-06-03 12:30:00,94.0,91.0,True
552,Persistence,2025-06-03 12:35:00,95.0,96.0,True
552,Persistence,2025-06-03 12:40:00,96.0,95.0,True
552,Persistence,2025-06-03 12:45:00,97.0,95.0,True
552,Persistence,2025-06-03 12:50:00,98.0,94.0,True
552,Persistence,2025-06-03 12:55:00,97.0,93.0,True
552,Persistence,2025-06-03 13:00:00,89.0,94.0,True
552,Persistence,2025-06-03 13:05:00,88.0,95.0,True
552,Persistence,2025-06-03 13:10:00,91.0,96.0,True
552,Persistence,2025-06-03 13:15:00,91.0,97.0,True
552,Persistence,2025-06-03 13:20:00,87.0,98.0,True
552,Persistence,2025-06-03 13:25:00,85.0,97.0,True
552,Persistence,2025-06-03 13:30:00,88.0,89.0,True
552,Persistence,2025-06-03 13:35:00,85.0,88.0,True
552,Persistence,2025-06-03 13:40:00,81.0,91.0,True
552,Persistence,2025-06-03 13:45:00,83.0,91.0,True
552,Persistence,2025-06-03 13:50:00,85.0,87.0,True
552,Persistence,2025-06-03 13:55:00,90.0,85.0,True
552,Persistence,2025-06-03 14:00:00,91.0,88.0,True
552,Persistence,2025-06-03 14:05:00,90.0,85.0,True
552,Persistence,2025-06-03 14:10:00,89.0,81.0,True
552,Persistence,2025-06-03 14:15:00,87.0,83.0,True
552,Persistence,2025-06-03 14:20:00,85.0,85.0,True
552,Persistence,2025-06-03 14:25:00,87.0,90.0,True
552,Persistence,2025-06-03 14:30:00,87.0,91.0,True
552,Persistence,2025-06-03 14:35:00,92.0,90.0,True
552,Persistence,2025-06-03 14:40:00,88.0,89.0,True
552,Persistence,2025-06-03 14:45:00,86.0,87.0,True
552,Persistence,2025-06-03 14:50:00,91.0,85.0,True
552,Persistence,2025-06-03 14:55:00,96.0,87.0,True
552,Persistence,2025-06-03 15:00:00,101.0,87.0,True
552,Persistence,2025-06-03 15:05:00,105.0,92.0,True
552,Persistence,2025-06-03 15:10:00,110.0,88.0,True
552,Persistence,2025-06-03 15:15:00,117.0,86.0,True
552,Persistence,2025-06-03 15:20:00,117.0,91.0,True
552,Persistence,2025-06-03 15:25:00,116.0,96.0,True
552,Persistence,2025-06-03 15:30:00,114.0,101.0,True
552,Persistence,2025-06-03 15:35:00,114.0,105.0,True
552,Persistence,2025-06-03 15:40:00,114.0,110.0,True
552,Persistence,2025-06-03 15:45:00,113.0,117.0,True
552,Persistence,2025-06-03 15:50:00,113.0,117.0,True
552,Persistence,2025-06-03 15:55:00,113.0,116.0,True
552,Persistence,2025-06-03 16:00:00,113.0,114.0,True
552,Persistence,2025-06-03 16:05:00,113.0,114.0,True
552,Persistence,2025-06-03 16:10:00,113.0,114.0,True
552,Persistence,2025-06-03 16:15:00,113.0,113.0,True
552,Persistence,2025-06-03 16:50:00,112.0,,False
552,Persistence,2025-06-03 16:55:00,111.0,,False
552,Persistence,2025-06-03 17:00:00,108.0,,False
552,Persistence,2025-06-03 17:05:00,105.0,,False
552,Persistence,2025-06-03 17:10:00,105.0,,False
552,Persistence,2025-06-03 17:15:00,105.0,,False
552,Persistence,2025-06-03 17:20:00,104.0,112.0,True
552,Persistence,2025-06-03 17:25:00,102.0,111.0,True
552,Persistence,2025-06-03 17:30:00,103.0,108.0,True
552,Persistence,2025-06-03 17:35:00,103.0,105.0,True
552,Persistence,2025-06-03 17:40:00,102.0,105.0,True
552,Persistence,2025-06-03 17:45:00,102.0,105.0,True
552,Persistence,2025-06-03 17:50:00,105.0,104.0,True
552,Persistence,2025-06-03 17:55:00,107.0,102.0,True
552,Persistence,2025-06-03 18:00:00,108.0,103.0,True
552,Persistence,2025-06-03 18:05:00,108.0,103.0,True
552,Persistence,2025-06-03 18:10:00,111.0,102.0,True
552,Persistence,2025-06-03 18:15:00,111.0,102.0,True
552,Persistence,2025-06-03 18:20:00,111.0,105.0,True
552,Persistence,2025-06-03 18:25:00,112.0,107.0,True
552,Persistence,2025-06-03 18:30:00,111.0,108.0,True
552,Persistence,2025-06-03 18:35:00,111.0,108.0,True
552,Persistence,2025-06-03 18:40:00,113.0,111.0,True
552,Persistence,2025-06-03 18:45:00,117.0,111.0,True
552,Persistence,2025-06-03 18:50:00,117.0,111.0,True
552,Persistence,2025-06-03 18:55:00,118.0,112.0,True
552,Persistence,2025-06-03 19:00:00,120.0,111.0,True
552,Persistence,2025-06-03 19:05:00,118.0,111.0,True
552,Persistence,2025-06-03 19:10:00,116.0,113.0,True
552,Persistence,2025-06-03 19:15:00,117.0,117.0,True
552,Persistence,2025-06-03 19:20:00,129.0,117.0,True
552,Persistence,2025-06-03 19:25:00,131.0,118.0,True
552,Persistence,2025-06-03 19:30:00,145.0,120.0,True
552,Persistence,2025-06-03 19:35:00,160.0,118.0,True
552,Persistence,2025-06-03 19:40:00,173.0,116.0,True
552,Persistence,2025-06-03 19:45:00,182.0,117.0,True
552,Persistence,2025-06-03 19:50:00,188.0,129.0,True
552,Persistence,2025-06-03 19:55:00,189.0,131.0,True
552,Persistence,2025-06-03 20:00:00,183.0,145.0,True
552,Persistence,2025-06-03 20:05:00,174.0,160.0,True
552,Persistence,2025-06-03 20:10:00,165.0,173.0,True
552,Persistence,2025-06-03 20:15:00,156.0,182.0,True
552,Persistence,2025-06-03 20:20:00,149.0,188.0,True
552,Persistence,2025-06-03 20:25:00,142.0,189.0,True
552,Persistence,2025-06-03 20:30:00,131.0,183.0,True
552,Persistence,2025-06-03 20:35:00,120.0,174.0,True
552,Persistence,2025-06-03 20:40:00,113.0,165.0,True
552,Persistence,2025-06-03 20:45:00,109.0,156.0,True
552,Persistence,2025-06-03 20:50:00,107.0,149.0,True
552,Persistence,2025-06-03 20:55:00,105.0,142.0,True
552,Persistence,2025-06-03 21:00:00,108.0,131.0,True
552,Persistence,2025-06-03 21:05:00,114.0,120.0,True
552,Persistence,2025-06-03 21:10:00,120.0,113.0,True
552,Persistence,2025-06-03 21:15:00,124.0,109.0,True
552,Persistence,2025-06-03 21:20:00,125.0,107.0,True
552,Persistence,2025-06-03 21:25:00,127.0,105.0,True
552,Persistence,2025-06-03 21:30:00,129.0,108.0,True
552,Persistence,2025-06-03 21:35:00,129.0,114.0,True
552,Persistence,2025-06-03 21:40:00,128.0,120.0,True
552,Persistence,2025-06-03 21:45:00,125.0,124.0,True
552,Persistence,2025-06-03 21:50:00,121.0,125.0,True
552,Persistence,2025-06-03 21:55:00,121.0,127.0,True
552,Persistence,2025-06-03 22:00:00,119.0,129.0,True
552,Persistence,2025-06-03 22:05:00,119.0,129.0,True
552,Persistence,2025-06-03 22:10:00,118.0,128.0,True
552,Persistence,2025-06-03 22:15:00,112.0,125.0,True
552,Persistence,2025-06-03 22:20:00,112.0,121.0,True
552,Persistence,2025-06-03 22:25:00,118.0,121.0,True
552,Persistence,2025-06-03 22:30:00,123.0,119.0,True
552,Persistence,2025-06-03 22:35:00,126.0,119.0,True
552,Persistence,2025-06-03 22:40:00,134.0,118.0,True
552,Persistence,2025-06-03 22:45:00,142.0,112.0,True
552,Persistence,2025-06-03 22:50:00,147.0,112.0,True
552,Persistence,2025-06-03 22:55:00,151.0,118.0,True
552,Persistence,2025-06-03 23:00:00,154.0,123.0,True
552,Persistence,2025-06-03 23:05:00,157.0,126.0,True
552,Persistence,2025-06-03 23:10:00,159.0,134.0,True
552,Persistence,2025-06-03 23:15:00,162.0,142.0,True
552,Persistence,2025-06-03 23:20:00,161.0,147.0,True
552,Persistence,2025-06-03 23:25:00,163.0,151.0,True
552,Persistence,2025-06-03 23:30:00,164.0,154.0,True
552,Persistence,2025-06-03 23:35:00,166.0,157.0,True
552,Persistence,2025-06-03 23:40:00,166.0,159.0,True
552,Persistence,2025-06-03 23:45:00,166.0,162.0,True
552,Persistence,2025-06-03 23:50:00,166.0,161.0,True
552,Persistence,2025-06-03 23:55:00,165.0,163.0,True
552,Persistence,2025-06-04 00:00:00,164.0,164.0,True
552,Persistence,2025-06-04 00:05:00,163.0,166.0,True
552,Persistence,2025-06-04 00:10:00,162.0,166.0,True
552,Persistence,2025-06-04 00:15:00,161.0,166.0,True
552,Persistence,2025-06-04 00:20:00,162.0,166.0,True
552,Persistence,2025-06-04 00:25:00,163.0,165.0,True
552,Persistence,2025-06-04 00:30:00,164.0,164.0,True
552,Persistence,2025-06-04 00:35:00,163.0,163.0,True
552,Persistence,2025-06-04 00:40:00,163.0,162.0,True
552,Persistence,2025-06-04 00:45:00,162.0,161.0,True
552,Persistence,2025-06-04 00:50:00,162.0,162.0,True
552,Persistence,2025-06-04 00:55:00,162.0,163.0,True
552,Persistence,2025-06-04 01:00:00,165.0,164.0,True
552,Persistence,2025-06-04 01:05:00,166.0,163.0,True
552,Persistence,2025-06-04 01:10:00,165.0,163.0,True
552,Persistence,2025-06-04 01:15:00,164.0,162.0,True
552,Persistence,2025-06-04 01:20:00,164.0,162.0,True
552,Persistence,2025-06-04 01:25:00,163.0,162.0,True
552,Persistence,2025-06-04 01:30:00,163.0,165.0,True
552,Persistence,2025-06-04 01:35:00,163.0,166.0,True
552,Persistence,2025-06-04 01:40:00,162.0,165.0,True
552,Persistence,2025-06-04 01:45:00,160.0,164.0,True
552,Persistence,2025-06-04 01:50:00,158.0,164.0,True
552,Persistence,2025-06-04 01:55:00,157.0,163.0,True
552,Persistence,2025-06-04 02:00:00,155.0,163.0,True
552,Persistence,2025-06-04 02:05:00,153.0,163.0,True
552,Persistence,2025-06-04 02:10:00,152.0,162.0,True
552,Persistence,2025-06-04 02:15:00,152.0,160.0,True
552,Persistence,2025-06-04 02:20:00,154.0,158.0,True
552,Persistence,2025-06-04 02:25:00,156.0,157.0,True
552,Persistence,2025-06-04 02:30:00,157.0,155.0,True
552,Persistence,2025-06-04 02:35:00,158.0,153.0,True
552,Persistence,2025-06-04 02:40:00,158.0,152.0,True
552,Persistence,2025-06-04 02:45:00,160.0,152.0,True
552,Persistence,2025-06-04 02:50:00,167.0,154.0,True
552,Persistence,2025-06-04 02:55:00,168.0,156.0,True
552,Persistence,2025-06-04 03:00:00,166.0,157.0,True
552,Persistence,2025-06-04 03:05:00,163.0,158.0,True
552,Persistence,2025-06-04 03:10:00,162.0,158.0,True
552,Persistence,2025-06-04 03:15:00,162.0,160.0,True
552,Persistence,2025-06-04 03:20:00,163.0,167.0,True
552,Persistence,2025-06-04 03:25:00,163.0,168.0,True
552,Persistence,2025-06-04 03:30:00,163.0,166.0,True
552,Persistence,2025-06-04 03:35:00,163.0,163.0,True
552,Persistence,2025-06-04 03:40:00,162.0,162.0,True
552,Persistence,2025-06-04 03:45:00,160.0,162.0,True
552,Persistence,2025-06-04 03:50:00,158.0,163.0,True
552,Persistence,2025-06-04 03:55:00,156.0,163.0,True
552,Persistence,2025-06-04 04:00:00,155.0,163.0,True
552,Persistence,2025-06-04 04:05:00,154.0,163.0,True
552,Persistence,2025-06-04 04:10:00,159.0,162.0,True
552,Persistence,2025-06-04 04:15:00,160.0,160.0,True
552,Persistence,2025-06-04 04:20:00,158.0,158.0,True
552,Persistence,2025-06-04 04:25:00,159.0,156.0,True
552,Persistence,2025-06-04 04:30:00,157.0,155.0,True
552,Persistence,2025-06-04 04:35:00,154.0,154.0,True
552,Persistence,2025-06-04 04:40:00,152.0,159.0,True
552,Persistence,2025-06-04 04:45:00,151.0,160.0,True
552,Persistence,2025-06-04 04:50:00,150.0,158.0,True
552,Persistence,2025-06-04 04:55:00,149.0,159.0,True
552,Persistence,2025-06-04 05:00:00,148.0,157.0,True
552,Persistence,2025-06-04 05:05:00,147.0,154.0,True
552,Persistence,2025-06-04 05:10:00,149.0,152.0,True
552,Persistence,2025-06-04 05:15:00,150.0,151.0,True
552,Persistence,2025-06-04 05:20:00,148.0,150.0,True
552,Persistence,2025-06-04 05:25:00,145.0,149.0,True
552,Persistence,2025-06-04 05:30:00,144.0,148.0,True
552,Persistence,2025-06-04 05:35:00,143.0,147.0,True
552,Persistence,2025-06-04 05:40:00,143.0,149.0,True
552,Persistence,2025-06-04 05:45:00,142.0,150.0,True
552,Persistence,2025-06-04 05:50:00,140.0,148.0,True
552,Persistence,2025-06-04 05:55:00,139.0,145.0,True
552,Persistence,2025-06-04 06:00:00,137.0,144.0,True
552,Persistence,2025-06-04 06:05:00,136.0,143.0,True
552,Persistence,2025-06-04 06:10:00,137.0,143.0,True
552,Persistence,2025-06-04 06:15:00,139.0,142.0,True
552,Persistence,2025-06-04 06:20:00,136.0,140.0,True
552,Persistence,2025-06-04 06:25:00,133.0,139.0,True
552,Persistence,2025-06-04 06:30:00,131.0,137.0,True
552,Persistence,2025-06-04 06:35:00,129.0,136.0,True
552,Persistence,2025-06-04 06:40:00,127.0,137.0,True
552,Persistence,2025-06-04 06:45:00,125.0,139.0,True
552,Persistence,2025-06-04 06:50:00,125.0,136.0,True
552,Persistence,2025-06-04 06:55:00,128.0,133.0,True
552,Persistence,2025-06-04 07:00:00,129.0,131.0,True
552,Persistence,2025-06-04 07:05:00,127.0,129.0,True
552,Persistence,2025-06-04 07:10:00,129.0,127.0,True
552,Persistence,2025-06-04 07:15:00,129.0,125.0,True
552,Persistence,2025-06-04 07:20:00,127.0,125.0,True
552,Persistence,2025-06-04 07:25:00,131.0,128.0,True
552,Persistence,2025-06-04 07:30:00,133.0,129.0,True
552,Persistence,2025-06-04 07:35:00,132.0,127.0,True
552,Persistence,2025-06-04 07:40:00,134.0,129.0,True
552,Persistence,2025-06-04 07:45:00,134.0,129.0,True
552,Persistence,2025-06-04 07:50:00,135.0,127.0,True
552,Persistence,2025-06-04 07:55:00,135.0,131.0,True
552,Persistence,2025-06-04 08:00:00,133.0,133.0,True
552,Persistence,2025-06-04 08:05:00,131.0,132.0,True
552,Persistence,2025-06-04 08:10:00,126.0,134.0,True
552,Persistence,2025-06-04 08:15:00,125.0,134.0,True
552,Persistence,2025-06-04 08:20:00,122.0,135.0,True
552,Persistence,2025-06-04 08:25:00,121.0,135.0,True
552,Persistence,2025-06-04 08:30:00,120.0,133.0,True
552,Persistence,2025-06-04 08:35:00,116.0,131.0,True
552,Persistence,2025-06-04 08:40:00,111.0,126.0,True
552,Persistence,2025-06-04 08:45:00,107.0,125.0,True
552,Persistence,2025-06-04 08:50:00,106.0,122.0,True
552,Persistence,2025-06-04 08:55:00,102.0,121.0,True
552,Persistence,2025-06-04 09:00:00,98.0,120.0,True
552,Persistence,2025-06-04 09:05:00,97.0,116.0,True
552,Persistence,2025-06-04 09:10:00,96.0,111.0,True
552,Persistence,2025-06-04 09:15:00,96.0,107.0,True
552,Persistence,2025-06-04 09:20:00,101.0,106.0,True
552,Persistence,2025-06-04 09:25:00,110.0,102.0,True
552,Persistence,2025-06-04 09:30:00,122.0,98.0,True
552,Persistence,2025-06-04 09:35:00,131.0,97.0,True
552,Persistence,2025-06-04 09:40:00,141.0,96.0,True
552,Persistence,2025-06-04 09:45:00,150.0,96.0,True
552,Persistence,2025-06-04 09:50:00,157.0,101.0,True
552,Persistence,2025-06-04 09:55:00,160.0,110.0,True
552,Persistence,2025-06-04 10:00:00,160.0,122.0,True
552,Persistence,2025-06-04 10:05:00,160.0,131.0,True
552,Persistence,2025-06-04 10:10:00,157.0,141.0,True
552,Persistence,2025-06-04 10:15:00,153.0,150.0,True
552,Persistence,2025-06-04 10:20:00,154.0,157.0,True
552,Persistence,2025-06-04 10:25:00,157.0,160.0,True
552,Persistence,2025-06-04 10:30:00,160.0,160.0,True
552,Persistence,2025-06-04 10:35:00,163.0,160.0,True
552,Persistence,2025-06-04 10:40:00,167.0,157.0,True
552,Persistence,2025-06-04 10:45:00,172.0,153.0,True
552,Persistence,2025-06-04 10:50:00,169.0,154.0,True
552,Persistence,2025-06-04 10:55:00,162.0,157.0,True
552,Persistence,2025-06-04 11:00:00,152.0,160.0,True
552,Persistence,2025-06-04 11:05:00,140.0,163.0,True
552,Persistence,2025-06-04 11:10:00,129.0,167.0,True
552,Persistence,2025-06-04 11:15:00,119.0,172.0,True
552,Persistence,2025-06-04 11:20:00,110.0,169.0,True
552,Persistence,2025-06-04 11:25:00,103.0,162.0,True
552,Persistence,2025-06-04 11:30:00,95.0,152.0,True
552,Persistence,2025-06-04 11:35:00,88.0,140.0,True
552,Persistence,2025-06-04 11:40:00,70.0,129.0,True
552,Persistence,2025-06-04 11:45:00,63.0,119.0,True
552,Persistence,2025-06-04 11:50:00,60.0,110.0,True
552,Persistence,2025-06-04 11:55:00,60.0,103.0,True
552,Persistence,2025-06-04 12:00:00,65.0,95.0,True
552,Persistence,2025-06-04 12:05:00,70.0,88.0,True
552,Persistence,2025-06-04 12:10:00,78.0,70.0,True
552,Persistence,2025-06-04 12:15:00,87.0,63.0,True
552,Persistence,2025-06-04 12:20:00,93.0,60.0,True
552,Persistence,2025-06-04 12:25:00,100.0,60.0,True
552,Persistence,2025-06-04 12:30:00,106.0,65.0,True
552,Persistence,2025-06-04 12:35:00,112.0,70.0,True
552,Persistence,2025-06-04 12:40:00,121.0,78.0,True
552,Persistence,2025-06-04 12:45:00,129.0,87.0,True
552,Persistence,2025-06-04 12:50:00,135.0,93.0,True
552,Persistence,2025-06-04 12:55:00,139.0,100.0,True
552,Persistence,2025-06-04 13:00:00,141.0,106.0,True
552,Persistence,2025-06-04 13:05:00,137.0,112.0,True
552,Persistence,2025-06-04 13:10:00,130.0,121.0,True
552,Persistence,2025-06-04 13:15:00,122.0,129.0,True
552,Persistence,2025-06-04 13:20:00,120.0,135.0,True
552,Persistence,2025-06-04 13:25:00,118.0,139.0,True
552,Persistence,2025-06-04 13:30:00,118.0,141.0,True
552,Persistence,2025-06-04 13:35:00,119.0,137.0,True
552,Persistence,2025-06-04 13:40:00,120.0,130.0,True
552,Persistence,2025-06-04 13:45:00,123.0,122.0,True
552,Persistence,2025-06-04 13:50:00,123.0,120.0,True
552,Persistence,2025-06-04 13:55:00,121.0,118.0,True
552,Persistence,2025-06-04 14:00:00,122.0,118.0,True
552,Persistence,2025-06-04 14:05:00,122.0,119.0,True
552,Persistence,2025-06-04 14:10:00,126.0,120.0,True
552,Persistence,2025-06-04 14:15:00,133.0,123.0,True
552,Persistence,2025-06-04 14:20:00,138.0,123.0,True
552,Persistence,2025-06-04 14:25:00,144.0,121.0,True
552,Persistence,2025-06-04 14:30:00,153.0,122.0,True
552,Persistence,2025-06-04 14:35:00,164.0,122.0,True
552,Persistence,2025-06-04 14:40:00,170.0,126.0,True
552,Persistence,2025-06-04 14:45:00,179.0,133.0,True
552,Persistence,2025-06-04 14:50:00,190.0,138.0,True
552,Persistence,2025-06-04 14:55:00,199.0,144.0,True
552,Persistence,2025-06-04 15:00:00,210.0,153.0,True
552,Persistence,2025-06-04 15:05:00,218.0,164.0,True
552,Persistence,2025-06-04 15:10:00,224.0,170.0,True
552,Persistence,2025-06-04 15:15:00,233.0,179.0,True
552,Persistence,2025-06-04 15:20:00,242.0,190.0,True
552,Persistence,2025-06-04 15:25:00,250.0,199.0,True
552,Persistence,2025-06-04 15:30:00,258.0,210.0,True
552,Persistence,2025-06-04 15:35:00,266.0,218.0,True
552,Persistence,2025-06-04 15:40:00,272.0,224.0,True
552,Persistence,2025-06-04 15:45:00,277.0,233.0,True
552,Persistence,2025-06-04 15:50:00,282.0,242.0,True
552,Persistence,2025-06-04 15:55:00,284.0,250.0,True
552,Persistence,2025-06-04 16:00:00,277.0,258.0,True
552,Persistence,2025-06-04 16:05:00,275.0,266.0,True
552,Persistence,2025-06-04 16:10:00,273.0,272.0,True
552,Persistence,2025-06-04 16:15:00,270.0,277.0,True
552,Persistence,2025-06-04 16:20:00,273.0,282.0,True
552,Persistence,2025-06-04 16:25:00,270.0,284.0,True
552,Persistence,2025-06-04 16:30:00,265.0,277.0,True
552,Persistence,2025-06-04 16:35:00,266.0,275.0,True
552,Persistence,2025-06-04 16:40:00,264.0,273.0,True
552,Persistence,2025-06-04 16:45:00,264.0,270.0,True
552,Persistence,2025-06-04 16:50:00,263.0,273.0,True
552,Persistence,2025-06-04 16:55:00,260.0,270.0,True
552,Persistence,2025-06-04 17:00:00,259.0,265.0,True
552,Persistence,2025-06-04 17:05:00,258.0,266.0,True
552,Persistence,2025-06-04 17:10:00,257.0,264.0,True
552,Persistence,2025-06-04 17:15:00,256.0,264.0,True
552,Persistence,2025-06-04 17:20:00,257.0,263.0,True
552,Persistence,2025-06-04 17:25:00,257.0,260.0,True
552,Persistence,2025-06-04 17:30:00,253.0,259.0,True
552,Persistence,2025-06-04 17:35:00,248.0,258.0,True
552,Persistence,2025-06-04 17:40:00,245.0,257.0,True
552,Persistence,2025-06-04 17:45:00,243.0,256.0,True
552,Persistence,2025-06-04 17:50:00,242.0,257.0,True
552,Persistence,2025-06-04 17:55:00,238.0,257.0,True
552,Persistence,2025-06-04 18:00:00,239.0,253.0,True
552,Persistence,2025-06-04 18:05:00,235.0,248.0,True
552,Persistence,2025-06-04 18:10:00,234.0,245.0,True
552,Persistence,2025-06-04 18:15:00,238.0,243.0,True
552,Persistence,2025-06-04 18:20:00,232.0,242.0,True
552,Persistence,2025-06-04 18:25:00,223.0,238.0,True
552,Persistence,2025-06-04 18:30:00,210.0,239.0,True
552,Persistence,2025-06-04 18:35:00,195.0,235.0,True
552,Persistence,2025-06-04 18:40:00,181.0,234.0,True
552,Persistence,2025-06-04 18:45:00,167.0,238.0,True
552,Persistence,2025-06-04 18:50:00,155.0,232.0,True
552,Persistence,2025-06-04 18:55:00,144.0,223.0,True
552,Persistence,2025-06-04 19:00:00,135.0,210.0,True
552,Persistence,2025-06-04 19:05:00,129.0,195.0,True
552,Persistence,2025-06-04 19:10:00,125.0,181.0,True
552,Persistence,2025-06-04 19:15:00,118.0,167.0,True
552,Persistence,2025-06-04 19:20:00,122.0,155.0,True
552,Persistence,2025-06-04 19:25:00,125.0,144.0,True
552,Persistence,2025-06-04 19:30:00,128.0,135.0,True
552,Persistence,2025-06-04 19:35:00,132.0,129.0,True
552,Persistence,2025-06-04 19:40:00,138.0,125.0,True
552,Persistence,2025-06-04 19:45:00,144.0,118.0,True
552,Persistence,2025-06-04 19:50:00,144.0,122.0,True
552,Persistence,2025-06-04 19:55:00,144.0,125.0,True
552,Persistence,2025-06-04 20:00:00,144.0,128.0,True
552,Persistence,2025-06-04 20:05:00,150.0,132.0,True
552,Persistence,2025-06-04 20:10:00,154.0,138.0,True
552,Persistence,2025-06-04 20:15:00,160.0,144.0,True
552,Persistence,2025-06-04 20:20:00,166.0,144.0,True
552,Persistence,2025-06-04 20:25:00,171.0,144.0,True
552,Persistence,2025-06-04 20:30:00,179.0,144.0,True
552,Persistence,2025-06-04 20:35:00,185.0,150.0,True
552,Persistence,2025-06-04 20:40:00,190.0,154.0,True
552,Persistence,2025-06-04 20:45:00,199.0,160.0,True
552,Persistence,2025-06-04 20:50:00,209.0,166.0,True
552,Persistence,2025-06-04 20:55:00,216.0,171.0,True
552,Persistence,2025-06-04 21:00:00,218.0,179.0,True
552,Persistence,2025-06-04 21:05:00,220.0,185.0,True
552,Persistence,2025-06-04 21:10:00,221.0,190.0,True
552,Persistence,2025-06-04 21:15:00,221.0,199.0,True
552,Persistence,2025-06-04 21:20:00,220.0,209.0,True
552,Persistence,2025-06-04 21:25:00,217.0,216.0,True
552,Persistence,2025-06-04 21:30:00,210.0,218.0,True
552,Persistence,2025-06-04 21:35:00,203.0,220.0,True
552,Persistence,2025-06-04 21:40:00,197.0,221.0,True
552,Persistence,2025-06-04 21:45:00,189.0,221.0,True
552,Persistence,2025-06-04 21:50:00,185.0,220.0,True
552,Persistence,2025-06-04 21:55:00,182.0,217.0,True
552,Persistence,2025-06-04 22:00:00,181.0,210.0,True
552,Persistence,2025-06-04 22:05:00,182.0,203.0,True
552,Persistence,2025-06-04 22:10:00,183.0,197.0,True
552,Persistence,2025-06-04 22:15:00,186.0,189.0,True
552,Persistence,2025-06-04 22:20:00,188.0,185.0,True
552,Persistence,2025-06-04 22:25:00,192.0,182.0,True
552,Persistence,2025-06-04 22:30:00,197.0,181.0,True
552,Persistence,2025-06-04 22:35:00,196.0,182.0,True
552,Persistence,2025-06-04 22:40:00,193.0,183.0,True
552,Persistence,2025-06-04 22:45:00,192.0,186.0,True
552,Persistence,2025-06-04 22:50:00,193.0,188.0,True
552,Persistence,2025-06-04 22:55:00,192.0,192.0,True
552,Persistence,2025-06-04 23:00:00,191.0,197.0,True
552,Persistence,2025-06-04 23:05:00,191.0,196.0,True
552,Persistence,2025-06-04 23:10:00,190.0,193.0,True
552,Persistence,2025-06-04 23:15:00,188.0,192.0,True
552,Persistence,2025-06-04 23:20:00,188.0,193.0,True
552,Persistence,2025-06-04 23:25:00,189.0,192.0,True
552,Persistence,2025-06-04 23:30:00,190.0,191.0,True
552,Persistence,2025-06-04 23:35:00,191.0,191.0,True
552,Persistence,2025-06-04 23:40:00,192.0,190.0,True
552,Persistence,2025-06-04 23:45:00,199.0,188.0,True
552,Persistence,2025-06-04 23:50:00,204.0,188.0,True
552,Persistence,2025-06-04 23:55:00,204.0,189.0,True
552,Persistence,2025-06-05 00:00:00,205.0,190.0,True
552,Persistence,2025-06-05 00:05:00,207.0,191.0,True
552,Persistence,2025-06-05 00:10:00,209.0,192.0,True
552,Persistence,2025-06-05 00:15:00,212.0,199.0,True
552,Persistence,2025-06-05 00:20:00,214.0,204.0,True
552,Persistence,2025-06-05 00:25:00,215.0,204.0,True
552,Persistence,2025-06-05 00:30:00,214.0,205.0,True
552,Persistence,2025-06-05 00:35:00,214.0,207.0,True
552,Persistence,2025-06-05 00:40:00,216.0,209.0,True
552,Persistence,2025-06-05 00:45:00,217.0,212.0,True
552,Persistence,2025-06-05 00:50:00,218.0,214.0,True
552,Persistence,2025-06-05 00:55:00,218.0,215.0,True
552,Persistence,2025-06-05 01:00:00,219.0,214.0,True
552,Persistence,2025-06-05 01:05:00,220.0,214.0,True
552,Persistence,2025-06-05 01:10:00,219.0,216.0,True
552,Persistence,2025-06-05 01:15:00,218.0,217.0,True
552,Persistence,2025-06-05 01:20:00,216.0,218.0,True
552,Persistence,2025-06-05 01:25:00,214.0,218.0,True
552,Persistence,2025-06-05 01:30:00,211.0,219.0,True
552,Persistence,2025-06-05 01:35:00,205.0,220.0,True
552,Persistence,2025-06-05 01:40:00,203.0,219.0,True
552,Persistence,2025-06-05 01:45:00,207.0,218.0,True
552,Persistence,2025-06-05 01:50:00,209.0,216.0,True
552,Persistence,2025-06-05 01:55:00,209.0,214.0,True
552,Persistence,2025-06-05 02:00:00,209.0,211.0,True
552,Persistence,2025-06-05 02:05:00,209.0,205.0,True
552,Persistence,2025-06-05 02:10:00,209.0,203.0,True
552,Persistence,2025-06-05 02:15:00,209.0,207.0,True
552,Persistence,2025-06-05 02:20:00,208.0,209.0,True
552,Persistence,2025-06-05 02:25:00,206.0,209.0,True
552,Persistence,2025-06-05 02:30:00,205.0,209.0,True
552,Persistence,2025-06-05 02:35:00,205.0,209.0,True
552,Persistence,2025-06-05 02:40:00,206.0,209.0,True
552,Persistence,2025-06-05 02:45:00,209.0,209.0,True
552,Persistence,2025-06-05 02:50:00,210.0,208.0,True
552,Persistence,2025-06-05 02:55:00,210.0,206.0,True
552,Persistence,2025-06-05 03:00:00,210.0,205.0,True
552,Persistence,2025-06-05 03:05:00,210.0,205.0,True
552,Persistence,2025-06-05 03:10:00,210.0,206.0,True
552,Persistence,2025-06-05 03:15:00,210.0,209.0,True
552,Persistence,2025-06-05 03:20:00,208.0,210.0,True
552,Persistence,2025-06-05 03:25:00,207.0,210.0,True
552,Persistence,2025-06-05 03:30:00,207.0,210.0,True
552,Persistence,2025-06-05 03:35:00,205.0,210.0,True
552,Persistence,2025-06-05 03:40:00,203.0,210.0,True
552,Persistence,2025-06-05 03:45:00,204.0,210.0,True
552,Persistence,2025-06-05 03:50:00,206.0,208.0,True
552,Persistence,2025-06-05 03:55:00,206.0,207.0,True
552,Persistence,2025-06-05 04:00:00,207.0,207.0,True
552,Persistence,2025-06-05 04:05:00,207.0,205.0,True
552,Persistence,2025-06-05 04:10:00,207.0,203.0,True
552,Persistence,2025-06-05 04:15:00,207.0,204.0,True
552,Persistence,2025-06-05 04:20:00,206.0,206.0,True
552,Persistence,2025-06-05 04:25:00,206.0,206.0,True
552,Persistence,2025-06-05 04:30:00,205.0,207.0,True
552,Persistence,2025-06-05 04:35:00,206.0,207.0,True
552,Persistence,2025-06-05 04:40:00,208.0,207.0,True
552,Persistence,2025-06-05 04:45:00,207.0,207.0,True
552,Persistence,2025-06-05 04:50:00,206.0,206.0,True
552,Persistence,2025-06-05 04:55:00,205.0,206.0,True
552,Persistence,2025-06-05 05:00:00,204.0,205.0,True
552,Persistence,2025-06-05 05:05:00,203.0,206.0,True
552,Persistence,2025-06-05 05:10:00,204.0,208.0,True
552,Persistence,2025-06-05 05:15:00,202.0,207.0,True
552,Persistence,2025-06-05 05:20:00,199.0,206.0,True
552,Persistence,2025-06-05 05:25:00,198.0,205.0,True
552,Persistence,2025-06-05 05:30:00,196.0,204.0,True
552,Persistence,2025-06-05 05:35:00,196.0,203.0,True
552,Persistence,2025-06-05 05:40:00,195.0,204.0,True
552,Persistence,2025-06-05 05:45:00,196.0,202.0,True
552,Persistence,2025-06-05 05:50:00,197.0,199.0,True
552,Persistence,2025-06-05 05:55:00,196.0,198.0,True
552,Persistence,2025-06-05 06:00:00,195.0,196.0,True
552,Persistence,2025-06-05 06:05:00,193.0,196.0,True
552,Persistence,2025-06-05 06:10:00,191.0,195.0,True
552,Persistence,2025-06-05 06:15:00,188.0,196.0,True
552,Persistence,2025-06-05 06:20:00,183.0,197.0,True
552,Persistence,2025-06-05 06:25:00,179.0,196.0,True
552,Persistence,2025-06-05 06:30:00,176.0,195.0,True
552,Persistence,2025-06-05 06:35:00,173.0,193.0,True
552,Persistence,2025-06-05 06:40:00,170.0,191.0,True
552,Persistence,2025-06-05 06:45:00,167.0,188.0,True
552,Persistence,2025-06-05 06:50:00,163.0,183.0,True
552,Persistence,2025-06-05 06:55:00,161.0,179.0,True
552,Persistence,2025-06-05 07:00:00,160.0,176.0,True
552,Persistence,2025-06-05 07:05:00,159.0,173.0,True
552,Persistence,2025-06-05 07:10:00,161.0,170.0,True
552,Persistence,2025-06-05 07:15:00,162.0,167.0,True
552,Persistence,2025-06-05 07:20:00,161.0,163.0,True
552,Persistence,2025-06-05 07:25:00,161.0,161.0,True
552,Persistence,2025-06-05 07:30:00,163.0,160.0,True
552,Persistence,2025-06-05 07:35:00,164.0,159.0,True
552,Persistence,2025-06-05 07:40:00,163.0,161.0,True
552,Persistence,2025-06-05 07:45:00,145.0,162.0,True
552,Persistence,2025-06-05 07:50:00,144.0,161.0,True
552,Persistence,2025-06-05 07:55:00,144.0,161.0,True
552,Persistence,2025-06-05 08:00:00,141.0,163.0,True
552,Persistence,2025-06-05 08:05:00,140.0,164.0,True
552,Persistence,2025-06-05 08:10:00,138.0,163.0,True
552,Persistence,2025-06-05 08:15:00,139.0,145.0,True
552,Persistence,2025-06-05 08:20:00,146.0,144.0,True
552,Persistence,2025-06-05 08:25:00,149.0,144.0,True
552,Persistence,2025-06-05 08:30:00,157.0,141.0,True
552,Persistence,2025-06-05 08:35:00,163.0,140.0,True
552,Persistence,2025-06-05 08:40:00,162.0,138.0,True
552,Persistence,2025-06-05 08:45:00,156.0,139.0,True
552,Persistence,2025-06-05 08:50:00,148.0,146.0,True
552,Persistence,2025-06-05 08:55:00,140.0,149.0,True
552,Persistence,2025-06-05 09:00:00,133.0,157.0,True
552,Persistence,2025-06-05 09:05:00,127.0,163.0,True
552,Persistence,2025-06-05 09:10:00,122.0,162.0,True
552,Persistence,2025-06-05 09:15:00,116.0,156.0,True
552,Persistence,2025-06-05 09:20:00,109.0,148.0,True
552,Persistence,2025-06-05 09:25:00,101.0,140.0,True
552,Persistence,2025-06-05 09:30:00,92.0,133.0,True
552,Persistence,2025-06-05 09:35:00,77.0,127.0,True
552,Persistence,2025-06-05 09:40:00,72.0,122.0,True
552,Persistence,2025-06-05 09:45:00,68.0,116.0,True
552,Persistence,2025-06-05 09:50:00,66.0,109.0,True
552,Persistence,2025-06-05 09:55:00,66.0,101.0,True
552,Persistence,2025-06-05 10:00:00,70.0,92.0,True
552,Persistence,2025-06-05 10:05:00,74.0,77.0,True
552,Persistence,2025-06-05 10:10:00,79.0,72.0,True
552,Persistence,2025-06-05 10:15:00,81.0,68.0,True
552,Persistence,2025-06-05 10:20:00,83.0,66.0,True
552,Persistence,2025-06-05 10:25:00,84.0,66.0,True
552,Persistence,2025-06-05 10:30:00,86.0,70.0,True
552,Persistence,2025-06-05 10:35:00,87.0,74.0,True
552,Persistence,2025-06-05 10:40:00,88.0,79.0,True
552,Persistence,2025-06-05 10:45:00,90.0,81.0,True
552,Persistence,2025-06-05 10:50:00,91.0,83.0,True
552,Persistence,2025-06-05 10:55:00,92.0,84.0,True
552,Persistence,2025-06-05 11:00:00,92.0,86.0,True
552,Persistence,2025-06-05 11:05:00,92.0,87.0,True
552,Persistence,2025-06-05 11:10:00,90.0,88.0,True
552,Persistence,2025-06-05 11:15:00,91.0,90.0,True
552,Persistence,2025-06-05 11:20:00,93.0,91.0,True
552,Persistence,2025-06-05 11:25:00,93.0,92.0,True
552,Persistence,2025-06-05 11:30:00,92.0,92.0,True
552,Persistence,2025-06-05 11:35:00,93.0,92.0,True
552,Persistence,2025-06-05 11:40:00,92.0,90.0,True
552,Persistence,2025-06-05 11:45:00,89.0,91.0,True
552,Persistence,2025-06-05 11:50:00,90.0,93.0,True
552,Persistence,2025-06-05 11:55:00,92.0,93.0,True
552,Persistence,2025-06-05 12:00:00,94.0,92.0,True
552,Persistence,2025-06-05 12:05:00,95.0,93.0,True
552,Persistence,2025-06-05 12:10:00,97.0,92.0,True
552,Persistence,2025-06-05 12:15:00,96.0,89.0,True
552,Persistence,2025-06-05 12:20:00,96.0,90.0,True
552,Persistence,2025-06-05 12:25:00,97.0,92.0,True
552,Persistence,2025-06-05 12:30:00,103.0,94.0,True
552,Persistence,2025-06-05 12:35:00,108.0,95.0,True
552,Persistence,2025-06-05 12:40:00,116.0,97.0,True
552,Persistence,2025-06-05 12:45:00,129.0,96.0,True
552,Persistence,2025-06-05 12:50:00,137.0,96.0,True
552,Persistence,2025-06-05 12:55:00,144.0,97.0,True
552,Persistence,2025-06-05 13:00:00,153.0,103.0,True
552,Persistence,2025-06-05 13:05:00,158.0,108.0,True
552,Persistence,2025-06-05 13:10:00,161.0,116.0,True
552,Persistence,2025-06-05 13:15:00,162.0,129.0,True
552,Persistence,2025-06-05 13:20:00,163.0,137.0,True
552,Persistence,2025-06-05 13:25:00,164.0,144.0,True
552,Persistence,2025-06-05 13:30:00,164.0,153.0,True
552,Persistence,2025-06-05 13:35:00,165.0,158.0,True
552,Persistence,2025-06-05 13:40:00,164.0,161.0,True
552,Persistence,2025-06-05 13:45:00,160.0,162.0,True
552,Persistence,2025-06-05 13:50:00,157.0,163.0,True
552,Persistence,2025-06-05 13:55:00,156.0,164.0,True
552,Persistence,2025-06-05 14:00:00,157.0,164.0,True
552,Persistence,2025-06-05 14:05:00,156.0,165.0,True
552,Persistence,2025-06-05 14:10:00,159.0,164.0,True
552,Persistence,2025-06-05 14:15:00,161.0,160.0,True
552,Persistence,2025-06-05 14:20:00,160.0,157.0,True
552,Persistence,2025-06-05 14:25:00,162.0,156.0,True
552,Persistence,2025-06-05 14:30:00,164.0,157.0,True
552,Persistence,2025-06-05 14:35:00,165.0,156.0,True
552,Persistence,2025-06-05 14:40:00,170.0,159.0,True
552,Persistence,2025-06-05 14:45:00,175.0,161.0,True
552,Persistence,2025-06-05 14:50:00,174.0,160.0,True
552,Persistence,2025-06-05 14:55:00,177.0,162.0,True
552,Persistence,2025-06-05 15:00:00,180.0,164.0,True
552,Persistence,2025-06-05 15:05:00,181.0,165.0,True
552,Persistence,2025-06-05 15:10:00,176.0,170.0,True
552,Persistence,2025-06-05 15:15:00,176.0,175.0,True
552,Persistence,2025-06-05 15:20:00,176.0,174.0,True
552,Persistence,2025-06-05 15:25:00,175.0,177.0,True
552,Persistence,2025-06-05 15:30:00,175.0,180.0,True
552,Persistence,2025-06-05 15:35:00,175.0,181.0,True
552,Persistence,2025-06-05 15:40:00,175.0,176.0,True
552,Persistence,2025-06-05 15:45:00,172.0,176.0,True
552,Persistence,2025-06-05 15:50:00,169.0,176.0,True
552,Persistence,2025-06-05 15:55:00,174.0,175.0,True
552,Persistence,2025-06-05 16:00:00,175.0,175.0,True
552,Persistence,2025-06-05 16:05:00,176.0,175.0,True
552,Persistence,2025-06-05 16:10:00,177.0,175.0,True
552,Persistence,2025-06-05 16:15:00,177.0,172.0,True
552,Persistence,2025-06-05 16:20:00,177.0,169.0,True
552,Persistence,2025-06-05 16:25:00,175.0,174.0,True
552,Persistence,2025-06-05 16:30:00,171.0,175.0,True
552,Persistence,2025-06-05 16:35:00,166.0,176.0,True
552,Persistence,2025-06-05 16:40:00,165.0,177.0,True
552,Persistence,2025-06-05 16:45:00,168.0,177.0,True
552,Persistence,2025-06-05 16:50:00,170.0,177.0,True
552,Persistence,2025-06-05 16:55:00,168.0,175.0,True
552,Persistence,2025-06-05 17:00:00,167.0,171.0,True
552,Persistence,2025-06-05 17:05:00,166.0,166.0,True
552,Persistence,2025-06-05 17:10:00,162.0,165.0,True
552,Persistence,2025-06-05 17:15:00,159.0,168.0,True
552,Persistence,2025-06-05 17:20:00,157.0,170.0,True
552,Persistence,2025-06-05 17:25:00,155.0,168.0,True
552,Persistence,2025-06-05 17:30:00,149.0,167.0,True
552,Persistence,2025-06-05 17:35:00,151.0,166.0,True
552,Persistence,2025-06-05 17:40:00,153.0,162.0,True
552,Persistence,2025-06-05 17:45:00,151.0,159.0,True
552,Persistence,2025-06-05 17:50:00,151.0,157.0,True
552,Persistence,2025-06-05 17:55:00,151.0,155.0,True
552,Persistence,2025-06-05 18:00:00,153.0,149.0,True
552,Persistence,2025-06-05 18:05:00,158.0,151.0,True
552,Persistence,2025-06-05 18:10:00,165.0,153.0,True
552,Persistence,2025-06-05 18:15:00,169.0,151.0,True
552,Persistence,2025-06-05 18:20:00,173.0,151.0,True
552,Persistence,2025-06-05 18:25:00,172.0,151.0,True
552,Persistence,2025-06-05 18:30:00,170.0,153.0,True
552,Persistence,2025-06-05 18:35:00,166.0,158.0,True
552,Persistence,2025-06-05 18:40:00,164.0,165.0,True
552,Persistence,2025-06-05 18:45:00,161.0,169.0,True
552,Persistence,2025-06-05 18:50:00,155.0,173.0,True
552,Persistence,2025-06-05 18:55:00,150.0,172.0,True
552,Persistence,2025-06-05 19:00:00,146.0,170.0,True
552,Persistence,2025-06-05 19:05:00,142.0,166.0,True
552,Persistence,2025-06-05 19:10:00,141.0,164.0,True
552,Persistence,2025-06-05 19:15:00,141.0,161.0,True
552,Persistence,2025-06-05 19:20:00,144.0,155.0,True
552,Persistence,2025-06-05 19:25:00,147.0,150.0,True
552,Persistence,2025-06-05 19:30:00,147.0,146.0,True
552,Persistence,2025-06-05 19:35:00,147.0,142.0,True
552,Persistence,2025-06-05 19:40:00,147.0,141.0,True
552,Persistence,2025-06-05 19:45:00,147.0,141.0,True
552,Persistence,2025-06-05 19:50:00,147.0,144.0,True
552,Persistence,2025-06-05 19:55:00,147.0,147.0,True
552,Persistence,2025-06-05 20:00:00,147.0,147.0,True
552,Persistence,2025-06-06 02:20:00,122.0,,False
552,Persistence,2025-06-06 02:25:00,121.0,,False
552,Persistence,2025-06-06 02:30:00,120.0,,False
552,Persistence,2025-06-06 02:35:00,120.0,,False
552,Persistence,2025-06-06 02:40:00,119.0,,False
552,Persistence,2025-06-06 02:45:00,117.0,,False
552,Persistence,2025-06-06 02:50:00,116.0,122.0,True
552,Persistence,2025-06-06 02:55:00,114.0,121.0,True
552,Persistence,2025-06-06 03:00:00,113.0,120.0,True
552,Persistence,2025-06-06 03:05:00,111.0,120.0,True
552,Persistence,2025-06-06 03:10:00,110.0,119.0,True
552,Persistence,2025-06-06 03:15:00,109.0,117.0,True
552,Persistence,2025-06-06 03:20:00,107.0,116.0,True
552,Persistence,2025-06-06 03:25:00,106.0,114.0,True
552,Persistence,2025-06-06 03:30:00,104.0,113.0,True
552,Persistence,2025-06-06 03:35:00,102.0,111.0,True
552,Persistence,2025-06-06 03:40:00,101.0,110.0,True
552,Persistence,2025-06-06 03:45:00,100.0,109.0,True
552,Persistence,2025-06-06 03:50:00,99.0,107.0,True
552,Persistence,2025-06-06 03:55:00,99.0,106.0,True
552,Persistence,2025-06-06 04:00:00,98.0,104.0,True
552,Persistence,2025-06-06 04:05:00,98.0,102.0,True
552,Persistence,2025-06-06 04:10:00,97.0,101.0,True
552,Persistence,2025-06-06 04:15:00,96.0,100.0,True
552,Persistence,2025-06-06 04:20:00,95.0,99.0,True
552,Persistence,2025-06-06 04:25:00,94.0,99.0,True
552,Persistence,2025-06-06 04:30:00,93.0,98.0,True
552,Persistence,2025-06-06 04:35:00,92.0,98.0,True
552,Persistence,2025-06-06 04:40:00,90.0,97.0,True
552,Persistence,2025-06-06 04:45:00,88.0,96.0,True
552,Persistence,2025-06-06 04:50:00,87.0,95.0,True
552,Persistence,2025-06-06 04:55:00,87.0,94.0,True
552,Persistence,2025-06-06 05:00:00,85.0,93.0,True
552,Persistence,2025-06-06 05:05:00,84.0,92.0,True
552,Persistence,2025-06-06 05:10:00,83.0,90.0,True
552,Persistence,2025-06-06 05:15:00,82.0,88.0,True
552,Persistence,2025-06-06 05:20:00,81.0,87.0,True
552,Persistence,2025-06-06 05:25:00,79.0,87.0,True
552,Persistence,2025-06-06 05:30:00,79.0,85.0,True
552,Persistence,2025-06-06 05:35:00,81.0,84.0,True
552,Persistence,2025-06-06 05:40:00,82.0,83.0,True
552,Persistence,2025-06-06 05:45:00,81.0,82.0,True
552,Persistence,2025-06-06 05:50:00,81.0,81.0,True
552,Persistence,2025-06-06 05:55:00,82.0,79.0,True
552,Persistence,2025-06-06 06:00:00,82.0,79.0,True
552,Persistence,2025-06-06 06:05:00,83.0,81.0,True
552,Persistence,2025-06-06 06:10:00,84.0,82.0,True
552,Persistence,2025-06-06 06:15:00,84.0,81.0,True
552,Persistence,2025-06-06 06:20:00,85.0,81.0,True
552,Persistence,2025-06-06 06:25:00,84.0,82.0,True
552,Persistence,2025-06-06 06:30:00,85.0,82.0,True
552,Persistence,2025-06-06 06:35:00,85.0,83.0,True
552,Persistence,2025-06-06 06:40:00,85.0,84.0,True
552,Persistence,2025-06-06 06:45:00,85.0,84.0,True
552,Persistence,2025-06-06 06:50:00,84.0,85.0,True
552,Persistence,2025-06-06 06:55:00,83.0,84.0,True
552,Persistence,2025-06-06 07:00:00,83.0,85.0,True
552,Persistence,2025-06-06 07:05:00,83.0,85.0,True
552,Persistence,2025-06-06 07:10:00,84.0,85.0,True
552,Persistence,2025-06-06 07:15:00,90.0,85.0,True
552,Persistence,2025-06-06 07:20:00,98.0,84.0,True
552,Persistence,2025-06-06 07:25:00,106.0,83.0,True
552,Persistence,2025-06-06 07:30:00,112.0,83.0,True
552,Persistence,2025-06-06 07:35:00,118.0,83.0,True
552,Persistence,2025-06-06 07:40:00,122.0,84.0,True
552,Persistence,2025-06-06 07:45:00,125.0,90.0,True
552,Persistence,2025-06-06 07:50:00,123.0,98.0,True
552,Persistence,2025-06-06 07:55:00,122.0,106.0,True
552,Persistence,2025-06-06 08:00:00,121.0,112.0,True
552,Persistence,2025-06-06 08:05:00,119.0,118.0,True
552,Persistence,2025-06-06 08:10:00,115.0,122.0,True
552,Persistence,2025-06-06 08:15:00,113.0,125.0,True
552,Persistence,2025-06-06 08:20:00,110.0,123.0,True
552,Persistence,2025-06-06 08:25:00,106.0,122.0,True
552,Persistence,2025-06-06 08:30:00,102.0,121.0,True
552,Persistence,2025-06-06 08:35:00,97.0,119.0,True
552,Persistence,2025-06-06 08:40:00,93.0,115.0,True
552,Persistence,2025-06-06 08:45:00,89.0,113.0,True
552,Persistence,2025-06-06 08:50:00,86.0,110.0,True
552,Persistence,2025-06-06 08:55:00,82.0,106.0,True
552,Persistence,2025-06-06 09:00:00,80.0,102.0,True
552,Persistence,2025-06-06 09:05:00,76.0,97.0,True
552,Persistence,2025-06-06 09:10:00,73.0,93.0,True
552,Persistence,2025-06-06 09:15:00,71.0,89.0,True
552,Persistence,2025-06-06 09:20:00,100.0,86.0,True
552,Persistence,2025-06-06 09:25:00,97.0,82.0,True
552,Persistence,2025-06-06 09:30:00,94.0,80.0,True
552,Persistence,2025-06-06 09:35:00,90.0,76.0,True
552,Persistence,2025-06-06 09:40:00,87.0,73.0,True
552,Persistence,2025-06-06 09:45:00,83.0,71.0,True
552,Persistence,2025-06-06 09:50:00,83.0,100.0,True
552,Persistence,2025-06-06 09:55:00,82.0,97.0,True
552,Persistence,2025-06-06 10:00:00,81.0,94.0,True
552,Persistence,2025-06-06 10:05:00,80.0,90.0,True
552,Persistence,2025-06-06 10:10:00,79.0,87.0,True
552,Persistence,2025-06-06 10:15:00,78.0,83.0,True
552,Persistence,2025-06-06 10:20:00,76.0,83.0,True
552,Persistence,2025-06-06 10:25:00,75.0,82.0,True
552,Persistence,2025-06-06 10:30:00,75.0,81.0,True
552,Persistence,2025-06-06 10:35:00,76.0,80.0,True
552,Persistence,2025-06-06 10:40:00,76.0,79.0,True
552,Persistence,2025-06-06 10:45:00,76.0,78.0,True
552,Persistence,2025-06-06 10:50:00,73.0,76.0,True
552,Persistence,2025-06-06 10:55:00,74.0,75.0,True
552,Persistence,2025-06-06 11:00:00,77.0,75.0,True
552,Persistence,2025-06-06 11:05:00,80.0,76.0,True
552,Persistence,2025-06-06 11:10:00,80.0,76.0,True
552,Persistence,2025-06-06 11:15:00,83.0,76.0,True
552,Persistence,2025-06-06 11:20:00,93.0,73.0,True
552,Persistence,2025-06-06 11:25:00,103.0,74.0,True
552,Persistence,2025-06-06 11:30:00,115.0,77.0,True
552,Persistence,2025-06-06 11:35:00,128.0,80.0,True
552,Persistence,2025-06-06 11:40:00,144.0,80.0,True
552,Persistence,2025-06-06 11:45:00,159.0,83.0,True
552,Persistence,2025-06-06 11:50:00,156.0,93.0,True
552,Persistence,2025-06-06 11:55:00,160.0,103.0,True
552,Persistence,2025-06-06 12:00:00,160.0,115.0,True
552,Persistence,2025-06-06 12:05:00,159.0,128.0,True
552,Persistence,2025-06-06 12:10:00,157.0,144.0,True
552,Persistence,2025-06-06 12:15:00,157.0,159.0,True
552,Persistence,2025-06-06 12:20:00,158.0,156.0,True
552,Persistence,2025-06-06 12:25:00,161.0,160.0,True
552,Persistence,2025-06-06 12:30:00,163.0,160.0,True
552,Persistence,2025-06-06 12:35:00,164.0,159.0,True
552,Persistence,2025-06-06 12:40:00,164.0,157.0,True
552,Persistence,2025-06-06 12:45:00,164.0,157.0,True
552,Persistence,2025-06-06 12:50:00,164.0,158.0,True
552,Persistence,2025-06-06 12:55:00,164.0,161.0,True
552,Persistence,2025-06-06 13:00:00,164.0,163.0,True
552,Persistence,2025-06-06 13:05:00,164.0,164.0,True
552,Persistence,2025-06-06 13:10:00,165.0,164.0,True
552,Persistence,2025-06-06 13:15:00,167.0,164.0,True
552,Persistence,2025-06-06 13:20:00,166.0,164.0,True
552,Persistence,2025-06-06 13:25:00,165.0,164.0,True
552,Persistence,2025-06-06 13:30:00,166.0,164.0,True
552,Persistence,2025-06-06 13:35:00,166.0,164.0,True
552,Persistence,2025-06-06 13:40:00,166.0,165.0,True
552,Persistence,2025-06-06 13:45:00,167.0,167.0,True
552,Persistence,2025-06-06 13:50:00,167.0,166.0,True
552,Persistence,2025-06-06 13:55:00,166.0,165.0,True
552,Persistence,2025-06-06 14:00:00,165.0,166.0,True
552,Persistence,2025-06-06 14:05:00,166.0,166.0,True
552,Persistence,2025-06-06 14:10:00,167.0,166.0,True
552,Persistence,2025-06-06 14:15:00,166.0,167.0,True
552,Persistence,2025-06-06 14:20:00,163.0,167.0,True
552,Persistence,2025-06-06 14:25:00,166.0,166.0,True
552,Persistence,2025-06-06 14:30:00,171.0,165.0,True
552,Persistence,2025-06-06 14:35:00,178.0,166.0,True
552,Persistence,2025-06-06 14:40:00,186.0,167.0,True
552,Persistence,2025-06-06 14:45:00,189.0,166.0,True
552,Persistence,2025-06-06 14:50:00,202.0,163.0,True
552,Persistence,2025-06-06 14:55:00,217.0,166.0,True
552,Persistence,2025-06-06 15:00:00,231.0,171.0,True
552,Persistence,2025-06-06 15:05:00,242.0,178.0,True
552,Persistence,2025-06-06 15:10:00,252.0,186.0,True
552,Persistence,2025-06-06 15:15:00,263.0,189.0,True
552,Persistence,2025-06-06 15:20:00,272.0,202.0,True
552,Persistence,2025-06-06 15:25:00,279.0,217.0,True
552,Persistence,2025-06-06 15:30:00,285.0,231.0,True
552,Persistence,2025-06-06 15:35:00,292.0,242.0,True
552,Persistence,2025-06-06 15:40:00,296.0,252.0,True
552,Persistence,2025-06-06 15:45:00,298.0,263.0,True
552,Persistence,2025-06-06 15:50:00,299.0,272.0,True
552,Persistence,2025-06-06 15:55:00,302.0,279.0,True
552,Persistence,2025-06-06 16:00:00,304.0,285.0,True
552,Persistence,2025-06-06 16:05:00,304.0,292.0,True
552,Persistence,2025-06-06 16:10:00,302.0,296.0,True
552,Persistence,2025-06-06 16:15:00,300.0,298.0,True
552,Persistence,2025-06-06 16:20:00,296.0,299.0,True
552,Persistence,2025-06-06 16:25:00,291.0,302.0,True
552,Persistence,2025-06-06 16:30:00,285.0,304.0,True
552,Persistence,2025-06-06 16:35:00,279.0,304.0,True
552,Persistence,2025-06-06 16:40:00,270.0,302.0,True
552,Persistence,2025-06-06 16:45:00,270.0,300.0,True
552,Persistence,2025-06-06 16:50:00,272.0,296.0,True
552,Persistence,2025-06-06 16:55:00,274.0,291.0,True
552,Persistence,2025-06-06 17:00:00,274.0,285.0,True
552,Persistence,2025-06-06 17:05:00,273.0,279.0,True
552,Persistence,2025-06-06 17:10:00,273.0,270.0,True
552,Persistence,2025-06-06 17:15:00,274.0,270.0,True
552,Persistence,2025-06-06 17:20:00,277.0,272.0,True
552,Persistence,2025-06-06 17:25:00,278.0,274.0,True
552,Persistence,2025-06-06 17:30:00,277.0,274.0,True
552,Persistence,2025-06-06 17:35:00,276.0,273.0,True
552,Persistence,2025-06-06 17:40:00,277.0,273.0,True
552,Persistence,2025-06-06 17:45:00,279.0,274.0,True
552,Persistence,2025-06-06 17:50:00,277.0,277.0,True
552,Persistence,2025-06-06 17:55:00,280.0,278.0,True
552,Persistence,2025-06-06 18:00:00,285.0,277.0,True
552,Persistence,2025-06-06 18:05:00,291.0,276.0,True
552,Persistence,2025-06-06 18:10:00,299.0,277.0,True
552,Persistence,2025-06-06 18:15:00,304.0,279.0,True
552,Persistence,2025-06-06 18:20:00,305.0,277.0,True
552,Persistence,2025-06-06 18:25:00,303.0,280.0,True
552,Persistence,2025-06-06 18:30:00,299.0,285.0,True
552,Persistence,2025-06-06 18:35:00,294.0,291.0,True
552,Persistence,2025-06-06 18:40:00,288.0,299.0,True
552,Persistence,2025-06-06 18:45:00,285.0,304.0,True
552,Persistence,2025-06-06 18:50:00,282.0,305.0,True
552,Persistence,2025-06-06 18:55:00,279.0,303.0,True
552,Persistence,2025-06-06 19:00:00,275.0,299.0,True
552,Persistence,2025-06-06 19:05:00,270.0,294.0,True
552,Persistence,2025-06-06 19:10:00,263.0,288.0,True
552,Persistence,2025-06-06 19:15:00,252.0,285.0,True
552,Persistence,2025-06-06 19:20:00,240.0,282.0,True
552,Persistence,2025-06-06 19:25:00,229.0,279.0,True
552,Persistence,2025-06-06 19:30:00,221.0,275.0,True
552,Persistence,2025-06-06 19:35:00,219.0,270.0,True
552,Persistence,2025-06-06 19:40:00,219.0,263.0,True
552,Persistence,2025-06-06 19:45:00,217.0,252.0,True
552,Persistence,2025-06-06 19:50:00,215.0,240.0,True
552,Persistence,2025-06-06 19:55:00,212.0,229.0,True
552,Persistence,2025-06-06 20:00:00,208.0,221.0,True
552,Persistence,2025-06-06 20:05:00,204.0,219.0,True
552,Persistence,2025-06-06 20:10:00,198.0,219.0,True
552,Persistence,2025-06-06 20:15:00,191.0,217.0,True
552,Persistence,2025-06-06 20:20:00,188.0,215.0,True
552,Persistence,2025-06-06 20:25:00,186.0,212.0,True
552,Persistence,2025-06-06 20:30:00,183.0,208.0,True
552,Persistence,2025-06-06 20:35:00,180.0,204.0,True
552,Persistence,2025-06-06 20:40:00,174.0,198.0,True
552,Persistence,2025-06-06 20:45:00,167.0,191.0,True
552,Persistence,2025-06-06 20:50:00,163.0,188.0,True
552,Persistence,2025-06-06 20:55:00,160.0,186.0,True
552,Persistence,2025-06-06 21:00:00,154.0,183.0,True
552,Persistence,2025-06-06 21:05:00,147.0,180.0,True
552,Persistence,2025-06-06 21:10:00,147.0,174.0,True
552,Persistence,2025-06-06 21:15:00,147.0,167.0,True
552,Persistence,2025-06-06 21:20:00,147.0,163.0,True
552,Persistence,2025-06-06 21:25:00,147.0,160.0,True
552,Persistence,2025-06-06 21:30:00,147.0,154.0,True
552,Persistence,2025-06-06 21:35:00,147.0,147.0,True
552,Persistence,2025-06-06 21:40:00,152.0,147.0,True
552,Persistence,2025-06-06 21:45:00,153.0,147.0,True
552,Persistence,2025-06-06 21:50:00,151.0,147.0,True
552,Persistence,2025-06-06 21:55:00,150.0,147.0,True
552,Persistence,2025-06-06 22:00:00,149.0,147.0,True
552,Persistence,2025-06-06 22:05:00,146.0,147.0,True
552,Persistence,2025-06-06 22:10:00,142.0,152.0,True
552,Persistence,2025-06-06 22:15:00,143.0,153.0,True
552,Persistence,2025-06-06 22:20:00,144.0,151.0,True
552,Persistence,2025-06-06 22:25:00,144.0,150.0,True
552,Persistence,2025-06-06 22:30:00,147.0,149.0,True
552,Persistence,2025-06-06 22:35:00,147.0,146.0,True
552,Persistence,2025-06-06 22:40:00,149.0,142.0,True
552,Persistence,2025-06-06 22:45:00,152.0,143.0,True
552,Persistence,2025-06-06 22:50:00,157.0,144.0,True
552,Persistence,2025-06-06 22:55:00,168.0,144.0,True
552,Persistence,2025-06-06 23:00:00,176.0,147.0,True
552,Persistence,2025-06-06 23:05:00,181.0,147.0,True
552,Persistence,2025-06-06 23:10:00,182.0,149.0,True
552,Persistence,2025-06-06 23:15:00,182.0,152.0,True
552,Persistence,2025-06-06 23:20:00,181.0,157.0,True
552,Persistence,2025-06-06 23:25:00,178.0,168.0,True
552,Persistence,2025-06-06 23:30:00,176.0,176.0,True
552,Persistence,2025-06-06 23:35:00,177.0,181.0,True
552,Persistence,2025-06-06 23:40:00,176.0,182.0,True
552,Persistence,2025-06-06 23:45:00,172.0,182.0,True
552,Persistence,2025-06-06 23:50:00,169.0,181.0,True
552,Persistence,2025-06-06 23:55:00,169.0,178.0,True
552,Persistence,2025-06-07 00:00:00,168.0,176.0,True
552,Persistence,2025-06-07 00:05:00,164.0,177.0,True
552,Persistence,2025-06-07 00:10:00,159.0,176.0,True
552,Persistence,2025-06-07 00:15:00,155.0,172.0,True
552,Persistence,2025-06-07 00:20:00,154.0,169.0,True
552,Persistence,2025-06-07 00:25:00,154.0,169.0,True
552,Persistence,2025-06-07 00:30:00,151.0,168.0,True
552,Persistence,2025-06-07 00:35:00,145.0,164.0,True
552,Persistence,2025-06-07 00:40:00,145.0,159.0,True
552,Persistence,2025-06-07 00:45:00,145.0,155.0,True
552,Persistence,2025-06-07 00:50:00,142.0,154.0,True
552,Persistence,2025-06-07 00:55:00,144.0,154.0,True
552,Persistence,2025-06-07 01:00:00,143.0,151.0,True
552,Persistence,2025-06-07 01:05:00,142.0,145.0,True
552,Persistence,2025-06-07 01:10:00,145.0,145.0,True
552,Persistence,2025-06-07 01:15:00,148.0,145.0,True
552,Persistence,2025-06-07 01:20:00,153.0,142.0,True
552,Persistence,2025-06-07 01:25:00,164.0,144.0,True
552,Persistence,2025-06-07 01:30:00,179.0,143.0,True
552,Persistence,2025-06-07 01:35:00,192.0,142.0,True
552,Persistence,2025-06-07 01:40:00,198.0,145.0,True
552,Persistence,2025-06-07 01:45:00,198.0,148.0,True
552,Persistence,2025-06-07 01:50:00,196.0,153.0,True
552,Persistence,2025-06-07 01:55:00,192.0,164.0,True
552,Persistence,2025-06-07 02:00:00,188.0,179.0,True
552,Persistence,2025-06-07 02:05:00,183.0,192.0,True
552,Persistence,2025-06-07 02:10:00,179.0,198.0,True
552,Persistence,2025-06-07 02:15:00,173.0,198.0,True
552,Persistence,2025-06-07 02:20:00,167.0,196.0,True
552,Persistence,2025-06-07 02:25:00,161.0,192.0,True
552,Persistence,2025-06-07 02:30:00,153.0,188.0,True
552,Persistence,2025-06-07 02:35:00,150.0,183.0,True
552,Persistence,2025-06-07 02:40:00,148.0,179.0,True
552,Persistence,2025-06-07 02:45:00,147.0,173.0,True
552,Persistence,2025-06-07 02:50:00,147.0,167.0,True
552,Persistence,2025-06-07 02:55:00,146.0,161.0,True
552,Persistence,2025-06-07 03:00:00,145.0,153.0,True
552,Persistence,2025-06-07 03:05:00,145.0,150.0,True
552,Persistence,2025-06-07 03:10:00,146.0,148.0,True
552,Persistence,2025-06-07 03:15:00,147.0,147.0,True
552,Persistence,2025-06-07 03:20:00,149.0,147.0,True
552,Persistence,2025-06-07 03:25:00,150.0,146.0,True
552,Persistence,2025-06-07 03:30:00,153.0,145.0,True
552,Persistence,2025-06-07 03:35:00,155.0,145.0,True
552,Persistence,2025-06-07 03:40:00,157.0,146.0,True
552,Persistence,2025-06-07 03:45:00,160.0,147.0,True
552,Persistence,2025-06-07 03:50:00,163.0,149.0,True
552,Persistence,2025-06-07 03:55:00,167.0,150.0,True
552,Persistence,2025-06-07 04:00:00,169.0,153.0,True
552,Persistence,2025-06-07 04:05:00,170.0,155.0,True
552,Persistence,2025-06-07 04:10:00,175.0,157.0,True
552,Persistence,2025-06-07 04:15:00,180.0,160.0,True
552,Persistence,2025-06-07 04:20:00,183.0,163.0,True
552,Persistence,2025-06-07 04:25:00,186.0,167.0,True
552,Persistence,2025-06-07 04:30:00,191.0,169.0,True
552,Persistence,2025-06-07 04:35:00,194.0,170.0,True
552,Persistence,2025-06-07 04:40:00,197.0,175.0,True
552,Persistence,2025-06-07 04:45:00,202.0,180.0,True
552,Persistence,2025-06-07 04:50:00,209.0,183.0,True
552,Persistence,2025-06-07 04:55:00,213.0,186.0,True
552,Persistence,2025-06-07 05:00:00,214.0,191.0,True
552,Persistence,2025-06-07 05:05:00,216.0,194.0,True
552,Persistence,2025-06-07 05:10:00,220.0,197.0,True
552,Persistence,2025-06-07 05:15:00,224.0,202.0,True
552,Persistence,2025-06-07 05:20:00,228.0,209.0,True
552,Persistence,2025-06-07 05:25:00,230.0,213.0,True
552,Persistence,2025-06-07 05:30:00,233.0,214.0,True
552,Persistence,2025-06-07 05:35:00,237.0,216.0,True
552,Persistence,2025-06-07 05:40:00,242.0,220.0,True
552,Persistence,2025-06-07 05:45:00,246.0,224.0,True
552,Persistence,2025-06-07 05:50:00,249.0,228.0,True
552,Persistence,2025-06-07 05:55:00,252.0,230.0,True
552,Persistence,2025-06-07 06:00:00,254.0,233.0,True
552,Persistence,2025-06-07 06:05:00,256.0,237.0,True
552,Persistence,2025-06-07 06:10:00,258.0,242.0,True
552,Persistence,2025-06-07 06:15:00,263.0,246.0,True
552,Persistence,2025-06-07 06:20:00,268.0,249.0,True
552,Persistence,2025-06-07 06:25:00,270.0,252.0,True
552,Persistence,2025-06-07 06:30:00,266.0,254.0,True
552,Persistence,2025-06-07 06:35:00,266.0,256.0,True
552,Persistence,2025-06-07 06:40:00,264.0,258.0,True
552,Persistence,2025-06-07 06:45:00,264.0,263.0,True
552,Persistence,2025-06-07 06:50:00,265.0,268.0,True
552,Persistence,2025-06-07 06:55:00,263.0,270.0,True
552,Persistence,2025-06-07 07:00:00,261.0,266.0,True
552,Persistence,2025-06-07 07:05:00,260.0,266.0,True
552,Persistence,2025-06-07 07:10:00,258.0,264.0,True
552,Persistence,2025-06-07 07:15:00,257.0,264.0,True
552,Persistence,2025-06-07 07:20:00,255.0,265.0,True
552,Persistence,2025-06-07 07:25:00,253.0,263.0,True
552,Persistence,2025-06-07 07:30:00,251.0,261.0,True
552,Persistence,2025-06-07 07:35:00,249.0,260.0,True
552,Persistence,2025-06-07 07:40:00,250.0,258.0,True
552,Persistence,2025-06-07 07:45:00,249.0,257.0,True
552,Persistence,2025-06-07 07:50:00,246.0,255.0,True
552,Persistence,2025-06-07 07:55:00,245.0,253.0,True
552,Persistence,2025-06-07 08:00:00,243.0,251.0,True
552,Persistence,2025-06-07 08:05:00,240.0,249.0,True
552,Persistence,2025-06-07 08:10:00,236.0,250.0,True
552,Persistence,2025-06-07 08:15:00,233.0,249.0,True
552,Persistence,2025-06-07 08:20:00,229.0,246.0,True
552,Persistence,2025-06-07 08:25:00,225.0,245.0,True
552,Persistence,2025-06-07 08:30:00,223.0,243.0,True
552,Persistence,2025-06-07 08:35:00,222.0,240.0,True
552,Persistence,2025-06-07 08:40:00,219.0,236.0,True
552,Persistence,2025-06-07 08:45:00,215.0,233.0,True
552,Persistence,2025-06-07 08:50:00,213.0,229.0,True
552,Persistence,2025-06-07 08:55:00,211.0,225.0,True
552,Persistence,2025-06-07 09:00:00,209.0,223.0,True
552,Persistence,2025-06-07 09:05:00,207.0,222.0,True
552,Persistence,2025-06-07 09:10:00,206.0,219.0,True
552,Persistence,2025-06-07 09:15:00,202.0,215.0,True
552,Persistence,2025-06-07 09:20:00,200.0,213.0,True
552,Persistence,2025-06-07 09:25:00,200.0,211.0,True
552,Persistence,2025-06-07 09:30:00,200.0,209.0,True
552,Persistence,2025-06-07 09:35:00,200.0,207.0,True
552,Persistence,2025-06-07 09:40:00,200.0,206.0,True
552,Persistence,2025-06-07 09:45:00,200.0,202.0,True
552,Persistence,2025-06-07 09:50:00,200.0,200.0,True
552,Persistence,2025-06-07 09:55:00,200.0,200.0,True
552,Persistence,2025-06-07 11:15:00,167.0,,False
552,Persistence,2025-06-07 11:20:00,167.0,,False
552,Persistence,2025-06-07 11:25:00,165.0,,False
552,Persistence,2025-06-07 11:30:00,170.0,,False
552,Persistence,2025-06-07 11:35:00,174.0,,False
552,Persistence,2025-06-07 11:40:00,178.0,,False
552,Persistence,2025-06-07 11:45:00,178.0,167.0,True
552,Persistence,2025-06-07 11:50:00,182.0,167.0,True
552,Persistence,2025-06-07 11:55:00,186.0,165.0,True
552,Persistence,2025-06-07 12:00:00,184.0,170.0,True
552,Persistence,2025-06-07 12:05:00,186.0,174.0,True
552,Persistence,2025-06-07 12:10:00,191.0,178.0,True
552,Persistence,2025-06-07 12:15:00,197.0,178.0,True
552,Persistence,2025-06-07 12:20:00,204.0,182.0,True
552,Persistence,2025-06-07 12:25:00,211.0,186.0,True
552,Persistence,2025-06-07 12:30:00,218.0,184.0,True
552,Persistence,2025-06-07 12:35:00,222.0,186.0,True
552,Persistence,2025-06-07 12:40:00,225.0,191.0,True
552,Persistence,2025-06-07 12:45:00,228.0,197.0,True
552,Persistence,2025-06-07 12:50:00,234.0,204.0,True
552,Persistence,2025-06-07 12:55:00,238.0,211.0,True
552,Persistence,2025-06-07 13:00:00,242.0,218.0,True
552,Persistence,2025-06-07 13:05:00,242.0,222.0,True
552,Persistence,2025-06-07 13:10:00,240.0,225.0,True
552,Persistence,2025-06-07 13:15:00,240.0,228.0,True
552,Persistence,2025-06-07 13:20:00,241.0,234.0,True
552,Persistence,2025-06-07 13:25:00,238.0,238.0,True
552,Persistence,2025-06-07 13:30:00,236.0,242.0,True
552,Persistence,2025-06-07 13:35:00,234.0,242.0,True
552,Persistence,2025-06-07 13:40:00,237.0,240.0,True
552,Persistence,2025-06-07 13:45:00,236.0,240.0,True
552,Persistence,2025-06-07 13:50:00,239.0,241.0,True
552,Persistence,2025-06-07 13:55:00,240.0,238.0,True
552,Persistence,2025-06-07 14:00:00,240.0,236.0,True
552,Persistence,2025-06-07 14:05:00,242.0,234.0,True
552,Persistence,2025-06-07 14:10:00,245.0,237.0,True
552,Persistence,2025-06-07 14:15:00,247.0,236.0,True
552,Persistence,2025-06-07 14:20:00,251.0,239.0,True
552,Persistence,2025-06-07 14:25:00,255.0,240.0,True
552,Persistence,2025-06-07 14:30:00,257.0,240.0,True
552,Persistence,2025-06-07 14:35:00,257.0,242.0,True
552,Persistence,2025-06-07 14:40:00,257.0,245.0,True
552,Persistence,2025-06-07 14:45:00,262.0,247.0,True
552,Persistence,2025-06-07 14:50:00,268.0,251.0,True
552,Persistence,2025-06-07 14:55:00,278.0,255.0,True
552,Persistence,2025-06-07 15:00:00,288.0,257.0,True
552,Persistence,2025-06-07 15:05:00,300.0,257.0,True
552,Persistence,2025-06-07 15:10:00,307.0,257.0,True
552,Persistence,2025-06-07 15:15:00,304.0,262.0,True
552,Persistence,2025-06-07 15:20:00,307.0,268.0,True
552,Persistence,2025-06-07 15:25:00,307.0,278.0,True
552,Persistence,2025-06-07 15:30:00,302.0,288.0,True
552,Persistence,2025-06-07 15:35:00,293.0,300.0,True
552,Persistence,2025-06-07 15:40:00,289.0,307.0,True
552,Persistence,2025-06-07 15:45:00,287.0,304.0,True
552,Persistence,2025-06-07 15:50:00,283.0,307.0,True
552,Persistence,2025-06-07 15:55:00,276.0,307.0,True
552,Persistence,2025-06-07 16:00:00,269.0,302.0,True
552,Persistence,2025-06-07 16:05:00,261.0,293.0,True
552,Persistence,2025-06-07 16:10:00,252.0,289.0,True
552,Persistence,2025-06-07 16:15:00,244.0,287.0,True
552,Persistence,2025-06-07 16:20:00,238.0,283.0,True
552,Persistence,2025-06-07 16:25:00,233.0,276.0,True
552,Persistence,2025-06-07 16:30:00,229.0,269.0,True
552,Persistence,2025-06-07 16:35:00,224.0,261.0,True
552,Persistence,2025-06-07 16:40:00,215.0,252.0,True
552,Ridge,2025-05-25 00:00:00,173.0,174.28958001938932,False
552,Ridge,2025-05-25 00:05:00,168.0,182.70679322302843,True
552,Ridge,2025-05-25 00:10:00,163.0,179.1336390849518,True
552,Ridge,2025-05-25 00:15:00,160.0,174.60324202528435,True
552,Ridge,2025-05-25 00:20:00,157.0,174.16324919975634,True
552,Ridge,2025-05-25 00:25:00,155.0,170.51182664889396,True
552,Ridge,2025-05-25 00:30:00,154.0,163.75226240981442,True
552,Ridge,2025-05-25 00:35:00,153.0,155.44781074444543,True
552,Ridge,2025-05-25 00:40:00,151.0,151.11707344174695,True
552,Ridge,2025-05-25 00:45:00,148.0,150.37543624263532,True
552,Ridge,2025-05-25 00:50:00,141.0,147.44861989841587,True
552,Ridge,2025-05-25 00:55:00,137.0,147.31807928471937,True
552,Ridge,2025-05-25 01:00:00,133.0,148.31774238270572,True
552,Ridge,2025-05-25 01:05:00,129.0,148.21450369303125,True
552,Ridge,2025-05-25 01:10:00,125.0,145.4391520638524,True
552,Ridge,2025-05-25 01:15:00,121.0,141.57658229949152,True
552,Ridge,2025-05-25 01:20:00,119.0,129.39337235074888,True
552,Ridge,2025-05-25 01:25:00,114.0,129.62653384136408,True
552,Ridge,2025-05-25 01:30:00,108.0,125.32461541195474,True
552,Ridge,2025-05-25 01:35:00,105.0,121.78403430573229,True
552,Ridge,2025-05-25 01:40:00,101.0,118.19944374450627,True
552,Ridge,2025-05-25 01:45:00,98.0,114.7696641462355,True
552,Ridge,2025-05-25 01:50:00,95.0,116.0058995883114,True
552,Ridge,2025-05-25 01:55:00,93.0,107.33632708583971,True
552,Ridge,2025-05-25 02:00:00,90.0,100.70716003242069,True
552,Ridge,2025-05-25 02:05:00,87.0,102.02351163077837,True
552,Ridge,2025-05-25 02:10:00,85.0,96.8466158030712,True
552,Ridge,2025-05-25 02:15:00,83.0,95.85680732052185,True
552,Ridge,2025-05-25 02:20:00,83.0,93.20016677072243,True
552,Ridge,2025-05-25 02:25:00,78.0,93.41144797178723,True
552,Ridge,2025-05-25 02:30:00,73.0,89.51947995580078,True
552,Ridge,2025-05-25 02:35:00,69.0,87.10944926679258,True
552,Ridge,2025-05-25 02:40:00,66.0,86.89413775744589,True
552,Ridge,2025-05-25 02:45:00,63.0,85.33161831127258,True
552,Ridge,2025-05-25 02:50:00,61.0,88.62369136467363,True
552,Ridge,2025-05-25 02:55:00,58.0,76.98703542795776,True
552,Ridge,2025-05-25 03:00:00,57.0,72.14836718579191,True
552,Ridge,2025-05-25 03:05:00,64.0,69.76697513337861,True
552,Ridge,2025-05-25 03:10:00,79.0,68.24748871838901,True
552,Ridge,2025-05-25 03:15:00,75.0,65.58518677162297,True
552,Ridge,2025-05-25 03:20:00,79.0,65.46936028142201,True
552,Ridge,2025-05-25 03:25:00,85.0,61.57367391567686,True
552,Ridge,2025-05-25 03:30:00,96.0,63.808804365212524,True
552,Ridge,2025-05-25 03:35:00,109.0,82.13749485144838,True
552,Ridge,2025-05-25 03:40:00,118.0,108.4933223455336,True
552,Ridge,2025-05-25 03:45:00,121.0,79.55628603255349,True
552,Ridge,2025-05-25 03:50:00,116.0,96.1593780706207,True
552,Ridge,2025-05-25 03:55:00,117.0,103.0693400721793,True
552,Ridge,2025-05-25 04:00:00,117.0,120.71545129700732,True
552,Ridge,2025-05-25 04:05:00,115.0,137.3975607707172,True
552,Ridge,2025-05-25 04:10:00,113.0,141.20539998245604,True
552,Ridge,2025-05-25 04:15:00,111.0,136.22522872653565,True
552,Ridge,2025-05-25 04:20:00,107.0,119.46120905418458,True
552,Ridge,2025-05-25 04:25:00,104.0,127.61818032282329,True
552,Ridge,2025-05-25 04:30:00,102.0,124.82642434077792,True
552,Ridge,2025-05-25 04:35:00,99.0,120.07433226986046,True
552,Ridge,2025-05-25 04:40:00,97.0,117.25437245349518,True
552,Ridge,2025-05-25 04:45:00,95.0,113.87417433980042,True
552,Ridge,2025-05-25 04:50:00,93.0,106.9472872274129,True
552,Ridge,2025-05-25 04:55:00,92.0,105.04659107471892,True
552,Ridge,2025-05-25 05:00:00,91.0,104.28850853489782,True
552,Ridge,2025-05-25 05:05:00,90.0,99.97148097423798,True
552,Ridge,2025-05-25 05:10:00,89.0,99.23055454233824,True
552,Ridge,2025-05-25 05:15:00,88.0,96.99572004652049,True
552,Ridge,2025-05-25 05:20:00,87.0,95.14597115980091,True
552,Ridge,2025-05-25 05:25:00,85.0,96.02880942082682,True
552,Ridge,2025-05-25 05:30:00,84.0,95.26740434880845,True
552,Ridge,2025-05-25 05:35:00,83.0,94.62141693043262,True
552,Ridge,2025-05-25 05:40:00,83.0,93.92758796633512,True
552,Ridge,2025-05-25 05:45:00,84.0,93.18618055030333,True
552,Ridge,2025-05-25 05:50:00,83.0,92.3604707995897,True
552,Ridge,2025-05-25 05:55:00,82.0,89.22351694472881,True
552,Ridge,2025-05-25 06:00:00,82.0,89.81060241608562,True
552,Ridge,2025-05-25 06:05:00,82.0,88.82079608955642,True
552,Ridge,2025-05-25 06:10:00,83.0,90.47789214454096,True
552,Ridge,2025-05-25 06:15:00,84.0,93.02426317275801,True
552,Ridge,2025-05-25 06:20:00,86.0,89.58740760332189,True
552,Ridge,2025-05-25 06:25:00,87.0,88.93432074427791,True
552,Ridge,2025-05-25 06:30:00,87.0,90.24363195784382,True
552,Ridge,2025-05-25 06:35:00,88.0,90.30368929243892,True
552,Ridge,2025-05-25 06:40:00,88.0,92.83843925895145,True
552,Ridge,2025-05-25 06:45:00,89.0,93.92425886113706,True
552,Ridge,2025-05-25 06:50:00,91.0,97.46204930812624,True
552,Ridge,2025-05-25 06:55:00,91.0,97.09918851265546,True
552,Ridge,2025-05-25 07:00:00,91.0,95.93372133088518,True
552,Ridge,2025-05-25 07:05:00,92.0,98.28710076271017,True
552,Ridge,2025-05-25 07:10:00,92.0,96.83184476147717,True
552,Ridge,2025-05-25 07:15:00,92.0,99.2661863797436,True
552,Ridge,2025-05-25 07:20:00,91.0,102.35548034756323,True
552,Ridge,2025-05-25 07:25:00,91.0,99.64665157775046,True
552,Ridge,2025-05-25 07:30:00,91.0,99.768677749798,True
552,Ridge,2025-05-25 07:35:00,90.0,101.89160701859876,True
552,Ridge,2025-05-25 07:40:00,89.0,100.4703790752402,True
552,Ridge,2025-05-25 07:45:00,87.0,100.51003740865491,True
552,Ridge,2025-05-25 07:50:00,86.0,97.99077891481531,True
552,Ridge,2025-05-25 07:55:00,87.0,99.26453524729482,True
552,Ridge,2025-05-25 08:00:00,87.0,99.02620433324459,True
552,Ridge,2025-05-25 08:05:00,86.0,96.63701008046111,True
552,Ridge,2025-05-25 08:10:00,86.0,95.6599186876241,True
552,Ridge,2025-05-25 08:15:00,83.0,92.20096653363031,True
552,Ridge,2025-05-25 08:20:00,82.0,92.54604821925483,True
552,Ridge,2025-05-25 08:25:00,87.0,96.09490452814262,True
552,Ridge,2025-05-25 08:30:00,101.0,94.87123138231287,True
552,Ridge,2025-05-25 08:35:00,96.0,92.86107548001499,True
552,Ridge,2025-05-25 08:40:00,99.0,94.26582792917519,True
552,Ridge,2025-05-25 08:45:00,100.0,87.06058504797686,True
552,Ridge,2025-05-25 08:50:00,101.0,88.91988956704917,True
552,Ridge,2025-05-25 08:55:00,111.0,101.92486597125396,True
552,Ridge,2025-05-25 09:00:00,119.0,128.2418409506824,True
552,Ridge,2025-05-25 09:05:00,120.0,97.70358503419845,True
552,Ridge,2025-05-25 09:10:00,119.0,113.1200603880443,True
552,Ridge,2025-05-25 09:15:00,118.0,109.58739523022129,True
552,Ridge,2025-05-25 09:20:00,119.0,111.25498992206937,True
552,Ridge,2025-05-25 09:25:00,122.0,133.15204975133398,True
552,Ridge,2025-05-25 09:30:00,124.0,137.9440865989368,True
552,Ridge,2025-05-25 09:35:00,126.0,130.1797584542649,True
552,Ridge,2025-05-25 09:40:00,128.0,126.13465748170819,True
552,Ridge,2025-05-25 09:45:00,130.0,124.2131033113798,True
552,Ridge,2025-05-25 09:50:00,133.0,127.62637316589615,True
552,Ridge,2025-05-25 09:55:00,138.0,133.1253958021796,True
552,Ridge,2025-05-25 10:00:00,140.0,133.59876489697973,True
552,Ridge,2025-05-25 10:05:00,141.0,134.89241918417196,True
552,Ridge,2025-05-25 10:10:00,143.0,136.82138106853807,True
552,Ridge,2025-05-25 10:15:00,150.0,138.53221125586322,True
552,Ridge,2025-05-25 10:20:00,164.0,142.85610781887056,True
552,Ridge,2025-05-25 10:25:00,177.0,150.6845532310425,True
552,Ridge,2025-05-25 10:30:00,188.0,148.25344871943528,True
552,Ridge,2025-05-25 10:35:00,199.0,147.65703256071262,True
552,Ridge,2025-05-25 10:40:00,203.0,150.52625131100737,True
552,Ridge,2025-05-25 10:45:00,196.0,171.25839005131465,True
552,Ridge,2025-05-25 10:50:00,199.0,193.55096253549016,True
552,Ridge,2025-05-25 10:55:00,204.0,204.53022210440338,True
552,Ridge,2025-05-25 11:00:00,209.0,211.1830745637738,True
552,Ridge,2025-05-25 11:05:00,208.0,220.2575598196844,True
552,Ridge,2025-05-25 11:10:00,202.0,212.87526975293034,True
552,Ridge,2025-05-25 11:15:00,195.0,188.79695400002385,True
552,Ridge,2025-05-25 11:20:00,189.0,203.5214561108673,True
552,Ridge,2025-05-25 11:25:00,179.0,208.6783491679692,True
552,Ridge,2025-05-25 11:30:00,170.0,213.43783240442713,True
552,Ridge,2025-05-25 11:35:00,161.0,203.38372272095134,True
552,Ridge,2025-05-25 11:40:00,152.0,190.266895428272,True
552,Ridge,2025-05-25 11:45:00,147.0,181.45223092071598,True
552,Ridge,2025-05-25 11:50:00,143.0,175.79233266435432,True
552,Ridge,2025-05-25 11:55:00,142.0,159.45388129928804,True
552,Ridge,2025-05-25 12:00:00,147.0,151.57349045755404,True
552,Ridge,2025-05-25 12:05:00,151.0,141.95975249351497,True
552,Ridge,2025-05-25 12:10:00,150.0,132.69515317341938,True
552,Ridge,2025-05-25 12:15:00,145.0,133.27575510739732,True
552,Ridge,2025-05-25 12:20:00,141.0,131.76707031611372,True
552,Ridge,2025-05-25 12:25:00,138.0,136.2999010385087,True
552,Ridge,2025-05-25 12:30:00,135.0,150.6329231318366,True
552,Ridge,2025-05-25 12:35:00,133.0,156.01027830576692,True
552,Ridge,2025-05-25 12:40:00,136.0,149.40252598818196,True
552,Ridge,2025-05-25 12:45:00,137.0,139.63701680365114,True
552,Ridge,2025-05-25 12:50:00,139.0,136.69973603560575,True
552,Ridge,2025-05-25 12:55:00,140.0,134.3040592850549,True
552,Ridge,2025-05-25 13:00:00,138.0,131.12530130681168,True
552,Ridge,2025-05-25 13:05:00,134.0,130.41879172027893,True
552,Ridge,2025-05-25 13:10:00,129.0,140.4880125989873,True
552,Ridge,2025-05-25 13:15:00,124.0,139.15583741419752,True
552,Ridge,2025-05-25 13:20:00,118.0,143.49307229386406,True
552,Ridge,2025-05-25 13:25:00,113.0,143.46042964889398,True
552,Ridge,2025-05-25 13:30:00,103.0,137.965369317499,True
552,Ridge,2025-05-25 13:35:00,99.0,131.2648324889753,True
552,Ridge,2025-05-25 13:40:00,94.0,124.32881609614135,True
552,Ridge,2025-05-25 13:45:00,90.0,118.89604296033951,True
552,Ridge,2025-05-25 13:50:00,86.0,111.29892405791571,True
552,Ridge,2025-05-25 13:55:00,82.0,107.67139485063319,True
552,Ridge,2025-05-25 14:00:00,79.0,90.7401505995333,True
552,Ridge,2025-05-25 14:05:00,75.0,95.41994311150229,True
552,Ridge,2025-05-25 14:10:00,74.0,88.90217701802817,True
552,Ridge,2025-05-25 14:15:00,74.0,87.21164128517464,True
552,Ridge,2025-05-25 14:20:00,76.0,83.74395541113357,True
552,Ridge,2025-05-25 14:25:00,76.0,80.49894192015815,True
552,Ridge,2025-05-25 14:30:00,75.0,79.39485032223632,True
552,Ridge,2025-05-25 14:35:00,73.0,74.51611466407385,True
552,Ridge,2025-05-25 14:40:00,75.0,78.39618774628016,True
552,Ridge,2025-05-25 14:45:00,86.0,79.29336930582126,True
552,Ridge,2025-05-25 14:50:00,95.0,85.81870752541373,True
552,Ridge,2025-05-25 14:55:00,96.0,83.77498933922305,True
552,Ridge,2025-05-25 15:00:00,101.0,82.14276824947386,True
552,Ridge,2025-05-25 15:05:00,104.0,79.2582300771298,True
552,Ridge,2025-05-25 15:10:00,109.0,86.89407538367892,True
552,Ridge,2025-05-25 15:15:00,116.0,110.15881362191689,True
552,Ridge,2025-05-25 15:20:00,127.0,116.68380538205204,True
552,Ridge,2025-05-25 15:25:00,138.0,107.85925878417032,True
552,Ridge,2025-05-25 15:30:00,149.0,118.55465367743561,True
552,Ridge,2025-05-25 15:35:00,160.0,117.98319164958474,True
552,Ridge,2025-05-25 15:40:00,160.0,126.00475865807898,True
552,Ridge,2025-05-25 15:45:00,160.0,135.18257831306602,True
552,Ridge,2025-05-25 15:50:00,160.0,156.47263205781127,True
552,Ridge,2025-05-25 15:55:00,160.0,166.35094912256986,True
552,Ridge,2025-05-25 16:00:00,160.0,176.65428458184095,True
552,Ridge,2025-05-25 16:05:00,160.0,185.85013932409157,True
552,Ridge,2025-05-25 17:35:00,205.0,160.04526858467167,False
552,Ridge,2025-05-25 17:40:00,209.0,160.0912859680231,False
552,Ridge,2025-05-25 17:45:00,213.0,160.13611776343345,False
552,Ridge,2025-05-25 17:50:00,209.0,162.8207019829432,False
552,Ridge,2025-05-25 17:55:00,206.0,162.50518429741138,False
552,Ridge,2025-05-25 18:00:00,206.0,162.2877540891914,False
552,Ridge,2025-05-25 18:05:00,207.0,201.63231473071556,True
552,Ridge,2025-05-25 18:10:00,201.0,209.14231235052523,True
552,Ridge,2025-05-25 18:15:00,192.0,214.26285807288056,True
552,Ridge,2025-05-25 18:20:00,184.0,199.04365753929537,True
552,Ridge,2025-05-25 18:25:00,178.0,197.3818501624368,True
552,Ridge,2025-05-25 18:30:00,175.0,198.30649091020675,True
552,Ridge,2025-05-25 18:35:00,171.0,202.03331542721102,True
552,Ridge,2025-05-25 18:40:00,164.0,187.21252280190063,True
552,Ridge,2025-05-25 18:45:00,159.0,173.30099572814208,True
552,Ridge,2025-05-25 18:50:00,157.0,166.0077046235082,True
552,Ridge,2025-05-25 18:55:00,155.0,162.1468141083405,True
552,Ridge,2025-05-25 19:00:00,155.0,163.4100208105781,True
552,Ridge,2025-05-25 19:05:00,155.0,159.15555474635406,True
552,Ridge,2025-05-25 19:10:00,152.0,149.07626334395312,True
552,Ridge,2025-05-25 19:15:00,145.0,147.201497747767,True
552,Ridge,2025-05-25 19:20:00,139.0,149.2380695235986,True
552,Ridge,2025-05-25 19:25:00,132.0,148.06245065794027,True
552,Ridge,2025-05-25 19:30:00,133.0,151.9639764777785,True
552,Ridge,2025-05-25 19:35:00,135.0,152.7344898685123,True
552,Ridge,2025-05-25 19:40:00,134.0,146.2059331950497,True
552,Ridge,2025-05-25 19:45:00,132.0,134.08645232535144,True
552,Ridge,2025-05-25 19:50:00,127.0,128.91397530677165,True
552,Ridge,2025-05-25 19:55:00,121.0,120.9926918578009,True
552,Ridge,2025-05-25 20:00:00,118.0,133.32491098101534,True
552,Ridge,2025-05-25 20:05:00,113.0,136.7837224797762,True
552,Ridge,2025-05-25 20:10:00,107.0,132.983737172065,True
552,Ridge,2025-05-25 20:15:00,104.0,130.60785433296826,True
552,Ridge,2025-05-25 20:20:00,103.0,121.84503558427218,True
552,Ridge,2025-05-25 20:25:00,100.0,114.62041030507383,True
552,Ridge,2025-05-25 20:30:00,99.0,115.59162089014315,True
552,Ridge,2025-05-25 20:35:00,97.0,107.763819560191,True
552,Ridge,2025-05-25 20:40:00,95.0,100.70836279762294,True
552,Ridge,2025-05-25 20:45:00,95.0,101.78513781079961,True
552,Ridge,2025-05-25 20:50:00,97.0,103.80530053121609,True
552,Ridge,2025-05-25 20:55:00,102.0,98.7861218055977,True
552,Ridge,2025-05-25 21:00:00,109.0,101.62903026413251,True
552,Ridge,2025-05-25 21:05:00,120.0,98.62890432309734,True
552,Ridge,2025-05-25 21:10:00,129.0,97.13117709954612,True
552,Ridge,2025-05-25 21:15:00,138.0,100.07523946230093,True
552,Ridge,2025-05-25 21:20:00,145.0,106.64523133723735,True
552,Ridge,2025-05-25 21:25:00,149.0,116.08600221219778,True
552,Ridge,2025-05-25 21:30:00,152.0,126.14266949980237,True
552,Ridge,2025-05-25 21:35:00,155.0,142.5465446244638,True
552,Ridge,2025-05-25 21:40:00,156.0,148.76213793047123,True
552,Ridge,2025-05-25 21:45:00,156.0,158.15624333943992,True
552,Ridge,2025-05-25 21:50:00,154.0,161.56086239437974,True
552,Ridge,2025-05-25 21:55:00,147.0,161.37884649252848,True
552,Ridge,2025-05-25 22:00:00,144.0,163.85828263313357,True
552,Ridge,2025-05-25 22:05:00,137.0,165.81313855523044,True
552,Ridge,2025-05-25 22:10:00,134.0,163.17407174974844,True
552,Ridge,2025-05-25 22:15:00,126.0,160.8113479971385,True
552,Ridge,2025-05-25 22:20:00,120.0,155.0711407802266,True
552,Ridge,2025-05-25 22:25:00,109.0,140.30018845322627,True
552,Ridge,2025-05-25 22:30:00,106.0,141.72147947358283,True
552,Ridge,2025-05-25 22:35:00,111.0,127.92346144758602,True
552,Ridge,2025-05-25 22:40:00,110.0,130.21315751477647,True
552,Ridge,2025-05-25 22:45:00,109.0,114.63233114114834,True
552,Ridge,2025-05-25 22:50:00,109.0,111.67156050093365,True
552,Ridge,2025-05-25 22:55:00,108.0,93.17733286564155,True
552,Ridge,2025-05-25 23:00:00,108.0,101.65054787521635,True
552,Ridge,2025-05-25 23:05:00,106.0,117.50456105194955,True
552,Ridge,2025-05-25 23:10:00,105.0,109.5377484546189,True
552,Ridge,2025-05-25 23:15:00,103.0,110.33155030432219,True
552,Ridge,2025-05-25 23:20:00,101.0,112.03544326522311,True
552,Ridge,2025-05-25 23:25:00,100.0,110.12170858239477,True
552,Ridge,2025-05-25 23:30:00,100.0,112.09325135950266,True
552,Ridge,2025-05-25 23:35:00,101.0,107.5013932661849,True
552,Ridge,2025-05-25 23:40:00,102.0,108.46715885042337,True
552,Ridge,2025-05-25 23:45:00,99.0,104.8063484103067,True
552,Ridge,2025-05-25 23:50:00,97.0,102.99411847219406,True
552,Ridge,2025-05-25 23:55:00,98.0,103.33221545081665,True
552,Ridge,2025-05-26 00:00:00,98.0,105.25883566996436,True
552,Ridge,2025-05-26 00:05:00,99.0,108.08685222373859,True
552,Ridge,2025-05-26 00:10:00,99.0,109.11850969924032,True
552,Ridge,2025-05-26 00:15:00,98.0,100.94968179262258,True
552,Ridge,2025-05-26 00:20:00,98.0,100.54522650093992,True
552,Ridge,2025-05-26 00:25:00,97.0,105.29968797301385,True
552,Ridge,2025-05-26 00:30:00,97.0,103.99637242805359,True
552,Ridge,2025-05-26 00:35:00,98.0,106.69180533980708,True
552,Ridge,2025-05-26 00:40:00,98.0,105.44944159029743,True
552,Ridge,2025-05-26 00:45:00,97.0,103.29133863716706,True
552,Ridge,2025-05-26 00:50:00,98.0,104.6424452807448,True
552,Ridge,2025-05-26 00:55:00,100.0,102.21722319984363,True
552,Ridge,2025-05-26 01:00:00,100.0,103.78684711433928,True
552,Ridge,2025-05-26 01:05:00,100.0,106.09590315616924,True
552,Ridge,2025-05-26 01:10:00,100.0,104.7807106735097,True
552,Ridge,2025-05-26 01:15:00,101.0,102.4268645349247,True
552,Ridge,2025-05-26 01:20:00,103.0,106.01398403625424,True
552,Ridge,2025-05-26 01:25:00,103.0,109.55231822409621,True
552,Ridge,2025-05-26 01:30:00,103.0,106.94629313611009,True
552,Ridge,2025-05-26 01:35:00,103.0,107.14564710662447,True
552,Ridge,2025-05-26 01:40:00,100.0,106.95642157269194,True
552,Ridge,2025-05-26 01:45:00,99.0,109.27889870962349,True
552,Ridge,2025-05-26 01:50:00,98.0,112.5786148531808,True
552,Ridge,2025-05-26 01:55:00,96.0,109.86893389006822,True
552,Ridge,2025-05-26 02:00:00,96.0,109.87484408627498,True
552,Ridge,2025-05-26 02:05:00,95.0,109.83281565063008,True
552,Ridge,2025-05-26 02:10:00,99.0,102.55699559440058,True
552,Ridge,2025-05-26 02:15:00,101.0,104.21199277645226,True
552,Ridge,2025-05-26 02:20:00,102.0,102.864648101289,True
552,Ridge,2025-05-26 02:25:00,101.0,99.5792656179712,True
552,Ridge,2025-05-26 02:30:00,100.0,102.22946265889416,True
552,Ridge,2025-05-26 02:35:00,100.0,99.81096852286832,True
552,Ridge,2025-05-26 02:40:00,97.0,111.0060454503867,True
552,Ridge,2025-05-26 02:45:00,94.0,110.21364907453062,True
552,Ridge,2025-05-26 02:50:00,93.0,110.51502847359208,True
552,Ridge,2025-05-26 02:55:00,92.0,106.70942729584544,True
552,Ridge,2025-05-26 03:00:00,93.0,105.71455564079204,True
552,Ridge,2025-05-26 03:05:00,93.0,106.86030757063776,True
552,Ridge,2025-05-26 03:10:00,91.0,99.46714881057356,True
552,Ridge,2025-05-26 03:15:00,89.0,96.56441124845539,True
552,Ridge,2025-05-26 03:20:00,88.0,97.91425757981963,True
552,Ridge,2025-05-26 03:25:00,87.0,96.76179700503728,True
552,Ridge,2025-05-26 03:30:00,85.0,100.77455079364421,True
552,Ridge,2025-05-26 03:35:00,84.0,99.58414212918419,True
552,Ridge,2025-05-26 03:40:00,83.0,95.43788280522729,True
552,Ridge,2025-05-26 03:45:00,82.0,93.37198071819707,True
552,Ridge,2025-05-26 03:50:00,81.0,93.54159271871154,True
552,Ridge,2025-05-26 03:55:00,81.0,92.49381024644946,True
552,Ridge,2025-05-26 04:00:00,82.0,89.28685672954293,True
552,Ridge,2025-05-26 04:05:00,85.0,89.81919656661142,True
552,Ridge,2025-05-26 04:10:00,86.0,88.72926360911362,True
552,Ridge,2025-05-26 04:15:00,86.0,87.9541785931155,True
552,Ridge,2025-05-26 04:20:00,85.0,87.17968246939522,True
552,Ridge,2025-05-26 04:25:00,85.0,88.77566202619431,True
552,Ridge,2025-05-26 04:30:00,85.0,91.36852855691079,True
552,Ridge,2025-05-26 04:35:00,84.0,97.25147998029166,True
552,Ridge,2025-05-26 04:40:00,84.0,95.65194370219346,True
552,Ridge,2025-05-26 04:45:00,85.0,94.69884442323361,True
552,Ridge,2025-05-26 04:50:00,86.0,92.32307531525034,True
552,Ridge,2025-05-26 04:55:00,86.0,93.63214507432316,True
552,Ridge,2025-05-26 05:00:00,85.0,93.4624666074089,True
552,Ridge,2025-05-26 05:05:00,87.0,91.13915683570355,True
552,Ridge,2025-05-26 05:10:00,88.0,92.5041514974561,True
552,Ridge,2025-05-26 05:15:00,89.0,94.74106534600446,True
552,Ridge,2025-05-26 05:20:00,91.0,95.78664867542766,True
552,Ridge,2025-05-26 05:25:00,93.0,94.57118207171277,True
552,Ridge,2025-05-26 05:30:00,96.0,92.33149381202522,True
552,Ridge,2025-05-26 05:35:00,99.0,98.42590402698065,True
552,Ridge,2025-05-26 05:40:00,100.0,97.7584455518828,True
552,Ridge,2025-05-26 05:45:00,98.0,98.98407251784127,True
552,Ridge,2025-05-26 05:50:00,102.0,102.25656639701359,True
552,Ridge,2025-05-26 05:55:00,101.0,104.26852967475159,True
552,Ridge,2025-05-26 06:00:00,101.0,108.66234545433079,True
552,Ridge,2025-05-26 06:05:00,102.0,111.54274166339374,True
552,Ridge,2025-05-26 06:10:00,103.0,109.92641593261735,True
552,Ridge,2025-05-26 06:15:00,103.0,103.82864508465781,True
552,Ridge,2025-05-26 06:20:00,101.0,115.74690770942536,True
552,Ridge,2025-05-26 06:25:00,98.0,107.25942597581815,True
552,Ridge,2025-05-26 06:30:00,97.0,109.09041405121653,True
552,Ridge,2025-05-26 06:35:00,97.0,110.92943067400589,True
552,Ridge,2025-05-26 06:40:00,98.0,111.80257349719841,True
552,Ridge,2025-05-26 06:45:00,99.0,110.39251891324773,True
552,Ridge,2025-05-26 06:50:00,107.0,105.56204793796917,True
552,Ridge,2025-05-26 06:55:00,112.0,101.05421736704628,True
552,Ridge,2025-05-26 07:00:00,122.0,102.46261883259572,True
552,Ridge,2025-05-26 07:05:00,131.0,103.48398341717588,True
552,Ridge,2025-05-26 07:10:00,143.0,105.90219749478517,True
552,Ridge,2025-05-26 07:15:00,157.0,105.34263568902566,True
552,Ridge,2025-05-26 07:20:00,169.0,135.84613150971205,True
552,Ridge,2025-05-26 07:25:00,175.0,135.02090580958466,True
552,Ridge,2025-05-26 07:30:00,176.0,151.6624771733591,True
552,Ridge,2025-05-26 07:35:00,177.0,155.94424095840208,True
552,Ridge,2025-05-26 07:40:00,177.0,169.97647772014184,True
552,Ridge,2025-05-26 07:45:00,174.0,184.4156422704687,True
552,Ridge,2025-05-26 07:50:00,169.0,191.01609430964584,True
552,Ridge,2025-05-26 07:55:00,164.0,187.39480677746377,True
552,Ridge,2025-05-26 08:00:00,161.0,180.38731124090893,True
552,Ridge,2025-05-26 08:05:00,159.0,180.4011808192103,True
552,Ridge,2025-05-26 08:10:00,158.0,177.36993130503478,True
552,Ridge,2025-05-26 08:15:00,157.0,169.29054539403614,True
552,Ridge,2025-05-26 08:20:00,156.0,161.2315701353502,True
552,Ridge,2025-05-26 08:25:00,161.0,155.11746511428353,True
552,Ridge,2025-05-26 08:30:00,158.0,154.17032056543218,True
552,Ridge,2025-05-26 08:35:00,156.0,153.08087701720498,True
552,Ridge,2025-05-26 08:40:00,162.0,153.7617290775383,True
552,Ridge,2025-05-26 08:45:00,168.0,153.16642610883179,True
552,Ridge,2025-05-26 08:50:00,174.0,152.47575385589207,True
552,Ridge,2025-05-26 08:55:00,180.0,165.8375341011495,True
552,Ridge,2025-05-26 09:00:00,181.0,152.01677077186577,True
552,Ridge,2025-05-26 09:05:00,181.0,152.53425078771994,True
552,Ridge,2025-05-26 09:10:00,187.0,169.0242567350418,True
552,Ridge,2025-05-26 09:15:00,192.0,174.99288493249813,True
552,Ridge,2025-05-26 09:20:00,196.0,181.82444431288516,True
552,Ridge,2025-05-26 09:25:00,197.0,188.1131343590389,True
552,Ridge,2025-05-26 09:30:00,196.0,185.44141409861396,True
552,Ridge,2025-05-26 09:35:00,193.0,183.87365961546982,True
552,Ridge,2025-05-26 09:40:00,192.0,197.22966176648947,True
552,Ridge,2025-05-26 09:45:00,189.0,199.63460468911543,True
552,Ridge,2025-05-26 09:50:00,185.0,201.95542815368316,True
552,Ridge,2025-05-26 09:55:00,179.0,199.52595903526395,True
552,Ridge,2025-05-26 10:00:00,173.0,194.40476395105372,True
552,Ridge,2025-05-26 10:05:00,167.0,187.77651673609188,True
552,Ridge,2025-05-26 10:10:00,160.0,188.64803212871726,True
552,Ridge,2025-05-26 10:15:00,148.0,181.91507991215863,True
552,Ridge,2025-05-26 10:20:00,141.0,176.00306636039122,True
552,Ridge,2025-05-26 10:25:00,139.0,166.33043902435585,True
552,Ridge,2025-05-26 10:30:00,135.0,159.7912115394734,True
552,Ridge,2025-05-26 10:35:00,131.0,153.44187231588435,True
552,Ridge,2025-05-26 10:40:00,125.0,145.3018191311368,True
552,Ridge,2025-05-26 10:45:00,121.0,126.44548163329287,True
552,Ridge,2025-05-26 10:50:00,118.0,126.44888846375096,True
552,Ridge,2025-05-26 10:55:00,116.0,131.07942174770196,True
552,Ridge,2025-05-26 11:00:00,111.0,125.22965231977662,True
552,Ridge,2025-05-26 11:05:00,106.0,122.60706073576125,True
552,Ridge,2025-05-26 11:10:00,105.0,114.80409403643806,True
552,Ridge,2025-05-26 11:15:00,105.0,114.32928857403348,True
552,Ridge,2025-05-26 11:20:00,106.0,111.53565154986066,True
552,Ridge,2025-05-26 11:25:00,104.0,113.07110889622638,True
552,Ridge,2025-05-26 11:30:00,102.0,104.84219357583473,True
552,Ridge,2025-05-26 11:35:00,99.0,100.69125689628397,True
552,Ridge,2025-05-26 11:40:00,98.0,105.42069199943842,True
552,Ridge,2025-05-26 11:45:00,97.0,107.17756411973082,True
552,Ridge,2025-05-26 11:50:00,93.0,110.83769972829538,True
552,Ridge,2025-05-26 11:55:00,93.0,105.69368674756063,True
552,Ridge,2025-05-26 12:00:00,91.0,104.36745873842732,True
552,Ridge,2025-05-26 12:05:00,91.0,99.9897203288848,True
552,Ridge,2025-05-26 12:10:00,90.0,101.90594581950822,True
552,Ridge,2025-05-26 12:15:00,88.0,101.09474773143512,True
552,Ridge,2025-05-26 12:20:00,89.0,93.41530804558904,True
552,Ridge,2025-05-26 12:25:00,82.0,99.19674031115281,True
552,Ridge,2025-05-26 12:30:00,81.0,94.18133409211524,True
552,Ridge,2025-05-26 12:35:00,83.0,97.59611187377119,True
552,Ridge,2025-05-26 12:40:00,80.0,95.42718905620943,True
552,Ridge,2025-05-26 12:45:00,74.0,92.59308757877062,True
552,Ridge,2025-05-26 12:50:00,75.0,97.85011247192493,True
552,Ridge,2025-05-26 12:55:00,76.0,79.64712427539168,True
552,Ridge,2025-05-26 13:00:00,78.0,87.41408050822409,True
552,Ridge,2025-05-26 13:05:00,80.0,92.80221034028439,True
552,Ridge,2025-05-26 13:10:00,85.0,83.64047587604516,True
552,Ridge,2025-05-26 13:15:00,87.0,73.98802449241569,True
552,Ridge,2025-05-26 13:20:00,90.0,84.41652656749788,True
552,Ridge,2025-05-26 13:25:00,90.0,85.32102066374941,True
552,Ridge,2025-05-26 13:30:00,90.0,88.99226393137337,True
552,Ridge,2025-05-26 13:35:00,89.0,91.76201402065666,True
552,Ridge,2025-05-26 13:40:00,88.0,101.30280748315965,True
552,Ridge,2025-05-26 13:45:00,88.0,99.30782213066405,True
552,Ridge,2025-05-26 13:50:00,84.0,104.1160496945928,True
552,Ridge,2025-05-26 13:55:00,81.0,99.46598504895476,True
552,Ridge,2025-05-26 14:00:00,81.0,100.09961563306534,True
552,Ridge,2025-05-26 14:05:00,82.0,97.36205867792012,True
552,Ridge,2025-05-26 14:10:00,84.0,95.92593706886633,True
552,Ridge,2025-05-26 14:15:00,88.0,96.98273781252206,True
552,Ridge,2025-05-26 14:20:00,93.0,87.46171906334025,True
552,Ridge,2025-05-26 14:25:00,100.0,85.7663534098006,True
552,Ridge,2025-05-26 14:30:00,105.0,89.37078536609282,True
552,Ridge,2025-05-26 14:35:00,118.0,91.7360076798595,True
552,Ridge,2025-05-26 14:40:00,129.0,95.50376691352278,True
552,Ridge,2025-05-26 14:45:00,136.0,102.4078486416798,True
552,Ridge,2025-05-26 14:50:00,141.0,108.9978488450883,True
552,Ridge,2025-05-26 14:55:00,146.0,118.85708311516255,True
552,Ridge,2025-05-26 15:00:00,150.0,121.24828196051897,True
552,Ridge,2025-05-26 15:05:00,151.0,145.40924653946314,True
552,Ridge,2025-05-26 15:10:00,147.0,153.21974005712633,True
552,Ridge,2025-05-26 15:15:00,143.0,155.32438179275047,True
552,Ridge,2025-05-26 15:20:00,137.0,157.13733214926071,True
552,Ridge,2025-05-26 15:25:00,132.0,161.49756611810324,True
552,Ridge,2025-05-26 15:30:00,127.0,163.46997460245134,True
552,Ridge,2025-05-26 15:35:00,119.0,159.6390574466835,True
552,Ridge,2025-05-26 15:40:00,126.0,148.10169820860264,True
552,Ridge,2025-05-26 15:45:00,132.0,143.19563026644127,True
552,Ridge,2025-05-26 15:50:00,130.0,132.97676717871138,True
552,Ridge,2025-05-26 15:55:00,130.0,128.43232734632946,True
552,Ridge,2025-05-26 16:00:00,134.0,122.55528347792458,True
552,Ridge,2025-05-26 16:05:00,136.0,110.38212913156664,True
552,Ridge,2025-05-26 16:10:00,137.0,137.8261044207046,True
552,Ridge,2025-05-26 16:15:00,136.0,141.9342499136292,True
552,Ridge,2025-05-26 16:20:00,135.0,130.77725410619917,True
552,Ridge,2025-05-26 16:25:00,134.0,134.18504804344994,True
552,Ridge,2025-05-26 16:30:00,131.0,143.24101578579126,True
552,Ridge,2025-05-26 16:35:00,128.0,142.63291957827565,True
552,Ridge,2025-05-26 16:40:00,125.0,142.51897795965453,True
552,Ridge,2025-05-26 16:45:00,119.0,138.83818365679605,True
552,Ridge,2025-05-26 16:50:00,115.0,137.80132523709875,True
552,Ridge,2025-05-26 16:55:00,112.0,136.42419716320404,True
552,Ridge,2025-05-26 17:00:00,107.0,130.3890211175148,True
552,Ridge,2025-05-26 17:05:00,102.0,127.36051374266245,True
552,Ridge,2025-05-26 17:10:00,100.0,124.53428961123385,True
552,Ridge,2025-05-26 17:15:00,97.0,113.98700405808839,True
552,Ridge,2025-05-26 17:20:00,99.0,112.35634637739822,True
552,Ridge,2025-05-26 17:25:00,103.0,110.56346934017421,True
552,Ridge,2025-05-26 17:30:00,101.0,103.19226676706901,True
552,Ridge,2025-05-26 17:35:00,98.0,98.38705710310046,True
552,Ridge,2025-05-26 17:40:00,95.0,100.58856622254743,True
552,Ridge,2025-05-26 17:45:00,94.0,96.44341415106642,True
552,Ridge,2025-05-26 17:50:00,96.0,106.04379177105807,True
552,Ridge,2025-05-26 17:55:00,94.0,113.19892892683191,True
552,Ridge,2025-05-26 18:00:00,95.0,103.95758473946057,True
552,Ridge,2025-05-26 18:05:00,91.0,100.36676925177963,True
552,Ridge,2025-05-26 18:10:00,90.0,97.08836228991754,True
552,Ridge,2025-05-26 18:15:00,89.0,98.47359473886826,True
552,Ridge,2025-05-26 18:20:00,86.0,104.9529637720704,True
552,Ridge,2025-05-26 18:25:00,85.0,97.79810993834298,True
552,Ridge,2025-05-26 18:30:00,88.0,103.5084228833073,True
552,Ridge,2025-05-26 18:35:00,91.0,92.38451408111949,True
552,Ridge,2025-05-26 18:40:00,90.0,96.01261467887502,True
552,Ridge,2025-05-26 18:45:00,95.0,94.54407604420373,True
552,Ridge,2025-05-26 18:50:00,99.0,89.32585383944136,True
552,Ridge,2025-05-26 18:55:00,103.0,91.1664475922142,True
552,Ridge,2025-05-26 19:00:00,105.0,99.33427694844804,True
552,Ridge,2025-05-26 19:05:00,106.0,102.58686533463833,True
552,Ridge,2025-05-26 19:10:00,107.0,96.70525983412485,True
552,Ridge,2025-05-26 19:15:00,108.0,110.3406484509959,True
552,Ridge,2025-05-26 19:20:00,108.0,112.67367006976579,True
552,Ridge,2025-05-26 19:25:00,110.0,117.11654465644327,True
552,Ridge,2025-05-26 19:30:00,115.0,116.36629729217867,True
552,Ridge,2025-05-26 19:35:00,118.0,115.91373805348721,True
552,Ridge,2025-05-26 19:40:00,124.0,116.7710952735192,True
552,Ridge,2025-05-26 19:45:00,127.0,117.35793945987285,True
552,Ridge,2025-05-26 19:50:00,133.0,115.71770397867616,True
552,Ridge,2025-05-26 19:55:00,136.0,120.35246571551968,True
552,Ridge,2025-05-26 20:00:00,141.0,129.13991109860152,True
552,Ridge,2025-05-26 20:05:00,143.0,129.18886562502166,True
552,Ridge,2025-05-26 20:10:00,145.0,139.32987976676029,True
552,Ridge,2025-05-26 20:15:00,144.0,138.06583316643886,True
552,Ridge,2025-05-26 20:20:00,140.0,148.28387894707765,True
552,Ridge,2025-05-26 20:25:00,139.0,146.5749291406996,True
552,Ridge,2025-05-26 20:30:00,138.0,156.37004800993685,True
552,Ridge,2025-05-26 20:35:00,137.0,153.35913007983444,True
552,Ridge,2025-05-26 20:40:00,137.0,155.02249261955993,True
552,Ridge,2025-05-26 20:45:00,140.0,148.6613485797734,True
552,Ridge,2025-05-26 20:50:00,139.0,139.6484235371628,True
552,Ridge,2025-05-26 20:55:00,140.0,141.79313697196278,True
552,Ridge,2025-05-26 21:00:00,142.0,139.49592642538298,True
552,Ridge,2025-05-26 21:05:00,142.0,138.03871975088694,True
552,Ridge,2025-05-26 21:10:00,146.0,139.16103189149575,True
552,Ridge,2025-05-26 21:15:00,149.0,146.20231712209804,True
552,Ridge,2025-05-26 21:20:00,146.0,139.77526162170352,True
552,Ridge,2025-05-26 21:25:00,145.0,143.7905686999809,True
552,Ridge,2025-05-26 21:30:00,148.0,146.98512804781893,True
552,Ridge,2025-05-26 21:35:00,152.0,144.37635861977824,True
552,Ridge,2025-05-26 21:40:00,150.0,153.96083061263633,True
552,Ridge,2025-05-26 21:45:00,151.0,155.19100425257497,True
552,Ridge,2025-05-26 21:50:00,152.0,144.37287517559537,True
552,Ridge,2025-05-26 21:55:00,154.0,146.24365665114948,True
552,Ridge,2025-05-26 22:00:00,155.0,154.0304859829445,True
552,Ridge,2025-05-26 22:05:00,155.0,159.35305048211308,True
552,Ridge,2025-05-26 22:10:00,155.0,149.41229600775446,True
552,Ridge,2025-05-26 22:15:00,155.0,154.82642756063123,True
552,Ridge,2025-05-26 22:20:00,139.0,155.05306418718388,True
552,Ridge,2025-05-26 22:25:00,142.0,158.5955540681527,True
552,Ridge,2025-05-26 22:30:00,145.0,158.08753018469503,True
552,Ridge,2025-05-26 22:35:00,147.0,156.8020889369156,True
552,Ridge,2025-05-26 22:40:00,149.0,156.82659189400522,True
552,Ridge,2025-05-26 22:45:00,149.0,156.42943851580034,True
552,Ridge,2025-05-26 22:50:00,143.0,117.81921257738638,True
552,Ridge,2025-05-26 22:55:00,141.0,147.09924759985418,True
552,Ridge,2025-05-26 23:00:00,141.0,148.19648909219447,True
552,Ridge,2025-05-26 23:05:00,142.0,150.45123912274016,True
552,Ridge,2025-05-26 23:10:00,140.0,152.59280305315392,True
552,Ridge,2025-05-26 23:15:00,135.0,150.4552217524018,True
552,Ridge,2025-05-26 23:20:00,133.0,136.5475636602701,True
552,Ridge,2025-05-26 23:25:00,131.0,139.81422099018752,True
552,Ridge,2025-05-26 23:30:00,127.0,141.88513385590673,True
552,Ridge,2025-05-26 23:35:00,124.0,144.5735862013846,True
552,Ridge,2025-05-26 23:40:00,122.0,138.62238595755002,True
552,Ridge,2025-05-26 23:45:00,120.0,129.64158476760792,True
552,Ridge,2025-05-26 23:50:00,122.0,131.2687117364824,True
552,Ridge,2025-05-26 23:55:00,123.0,129.6161245618293,True
552,Ridge,2025-05-27 00:00:00,123.0,123.08667682974499,True
552,Ridge,2025-05-27 00:05:00,123.0,121.60735458347432,True
552,Ridge,2025-05-27 00:10:00,123.0,120.96039749619744,True
552,Ridge,2025-05-27 00:15:00,123.0,119.03354691346614,True
552,Ridge,2025-05-27 00:20:00,121.0,126.71499952472672,True
552,Ridge,2025-05-27 00:25:00,114.0,126.92402257383111,True
552,Ridge,2025-05-27 00:30:00,108.0,126.18117726658178,True
552,Ridge,2025-05-27 00:35:00,102.0,126.67967520071545,True
552,Ridge,2025-05-27 00:40:00,102.0,126.68539427656685,True
552,Ridge,2025-05-27 00:45:00,106.0,126.82040793280723,True
552,Ridge,2025-05-27 00:50:00,109.0,122.2575382675627,True
552,Ridge,2025-05-27 00:55:00,111.0,108.32861303300186,True
552,Ridge,2025-05-27 01:00:00,112.0,103.37468730363778,True
552,Ridge,2025-05-27 01:05:00,113.0,96.67691852571424,True
552,Ridge,2025-05-27 01:10:00,113.0,104.91779373020267,True
552,Ridge,2025-05-27 01:15:00,114.0,114.52928478019811,True
552,Ridge,2025-05-27 01:20:00,113.0,117.28798302145441,True
552,Ridge,2025-05-27 01:25:00,112.0,118.81785821628472,True
552,Ridge,2025-05-27 01:30:00,111.0,118.78246813716333,True
552,Ridge,2025-05-27 01:35:00,110.0,120.05178552220869,True
552,Ridge,2025-05-27 01:40:00,108.0,118.788226589023,True
552,Ridge,2025-05-27 01:45:00,107.0,121.24952446605714,True
552,Ridge,2025-05-27 01:50:00,106.0,117.28983938460861,True
552,Ridge,2025-05-27 01:55:00,106.0,116.16353382828814,True
552,Ridge,2025-05-27 02:00:00,105.0,114.89454096827644,True
552,Ridge,2025-05-27 02:05:00,104.0,113.84209055887484,True
552,Ridge,2025-05-27 02:10:00,103.0,110.6163314052388,True
552,Ridge,2025-05-27 02:15:00,103.0,111.05031706645016,True
552,Ridge,2025-05-27 02:20:00,102.0,109.84313679558127,True
552,Ridge,2025-05-27 02:25:00,102.0,111.26165034041725,True
552,Ridge,2025-05-27 02:30:00,101.0,108.90281152371266,True
552,Ridge,2025-05-27 02:35:00,101.0,108.13694403555863,True
552,Ridge,2025-05-27 02:40:00,100.0,107.12705840992378,True
552,Ridge,2025-05-27 02:45:00,98.0,108.59996038244006,True
552,Ridge,2025-05-27 02:50:00,96.0,106.21847409880016,True
552,Ridge,2025-05-27 02:55:00,95.0,107.8336167809334,True
552,Ridge,2025-05-27 03:00:00,94.0,105.47503690540765,True
552,Ridge,2025-05-27 03:05:00,93.0,107.04527052550742,True
552,Ridge,2025-05-27 03:10:00,92.0,104.60669280755272,True
552,Ridge,2025-05-27 03:15:00,92.0,101.4412029589014,True
552,Ridge,2025-05-27 03:20:00,91.0,99.40568522732403,True
552,Ridge,2025-05-27 03:25:00,90.0,99.72016808191023,True
552,Ridge,2025-05-27 03:30:00,91.0,98.68371086043302,True
552,Ridge,2025-05-27 03:35:00,91.0,97.85960642436194,True
552,Ridge,2025-05-27 03:40:00,90.0,97.02634807145287,True
552,Ridge,2025-05-27 03:45:00,89.0,98.59080691964328,True
552,Ridge,2025-05-27 03:50:00,87.0,96.30164537218762,True
552,Ridge,2025-05-27 03:55:00,86.0,95.5795682070212,True
552,Ridge,2025-05-27 04:00:00,86.0,99.37397396372359,True
552,Ridge,2025-05-27 04:05:00,85.0,98.13030122414459,True
552,Ridge,2025-05-27 04:10:00,84.0,96.02082113993461,True
552,Ridge,2025-05-27 04:15:00,83.0,95.02702512476957,True
552,Ridge,2025-05-27 04:20:00,81.0,91.62829847981988,True
552,Ridge,2025-05-27 04:25:00,80.0,92.03769327107376,True
552,Ridge,2025-05-27 04:30:00,79.0,93.30385101418004,True
552,Ridge,2025-05-27 04:35:00,78.0,91.08931061780466,True
552,Ridge,2025-05-27 04:40:00,76.0,90.31405899511779,True
552,Ridge,2025-05-27 04:45:00,75.0,89.35057517582983,True
552,Ridge,2025-05-27 04:50:00,75.0,86.00355326852744,True
552,Ridge,2025-05-27 04:55:00,74.0,86.46822194357702,True
552,Ridge,2025-05-27 05:00:00,73.0,85.4996152169302,True
552,Ridge,2025-05-27 05:05:00,72.0,84.64410768472004,True
552,Ridge,2025-05-27 05:10:00,71.0,81.33182737645673,True
552,Ridge,2025-05-27 05:15:00,70.0,81.84204731937714,True
552,Ridge,2025-05-27 05:20:00,69.0,83.21765179611498,True
552,Ridge,2025-05-27 05:25:00,67.0,81.1013384415395,True
552,Ridge,2025-05-27 05:30:00,66.0,80.40395288307892,True
552,Ridge,2025-05-27 05:35:00,65.0,79.44899798452158,True
552,Ridge,2025-05-27 05:40:00,64.0,78.56538498050253,True
552,Ridge,2025-05-27 05:45:00,62.0,77.63237817982977,True
552,Ridge,2025-05-27 05:50:00,62.0,76.72310659836577,True
552,Ridge,2025-05-27 05:55:00,62.0,73.50256811634289,True
552,Ridge,2025-05-27 06:00:00,62.0,73.976871730986,True
552,Ridge,2025-05-27 06:05:00,63.0,72.94080010038384,True
552,Ridge,2025-05-27 06:10:00,63.0,72.12131474845182,True
552,Ridge,2025-05-27 06:15:00,64.0,68.92344333080123,True
552,Ridge,2025-05-27 06:20:00,66.0,71.86801928369991,True
552,Ridge,2025-05-27 06:25:00,67.0,71.84594459226537,True
552,Ridge,2025-05-27 06:30:00,70.0,72.18840455839349,True
552,Ridge,2025-05-27 06:35:00,73.0,74.76647035574277,True
552,Ridge,2025-05-27 06:40:00,76.0,73.5735414898509,True
552,Ridge,2025-05-27 06:45:00,79.0,76.17684280971031,True
552,Ridge,2025-05-27 06:50:00,81.0,79.48978423591524,True
552,Ridge,2025-05-27 06:55:00,84.0,79.24561888308837,True
552,Ridge,2025-05-27 07:00:00,85.0,85.17924632948343,True
552,Ridge,2025-05-27 07:05:00,87.0,88.04189672729609,True
552,Ridge,2025-05-27 07:10:00,88.0,91.20233447964307,True
552,Ridge,2025-05-27 07:15:00,90.0,94.14374743299624,True
552,Ridge,2025-05-27 07:20:00,93.0,94.78309221648247,True
552,Ridge,2025-05-27 07:25:00,99.0,99.06058799838777,True
552,Ridge,2025-05-27 07:30:00,107.0,97.03417945389637,True
552,Ridge,2025-05-27 07:35:00,110.0,100.3586608489885,True
552,Ridge,2025-05-27 07:40:00,116.0,99.53170452617817,True
552,Ridge,2025-05-27 07:45:00,122.0,102.79981659715554,True
552,Ridge,2025-05-27 07:50:00,129.0,106.8137652345029,True
552,Ridge,2025-05-27 07:55:00,134.0,116.68211284432815,True
552,Ridge,2025-05-27 08:00:00,142.0,127.26654344002691,True
552,Ridge,2025-05-27 08:05:00,146.0,123.46185960365159,True
552,Ridge,2025-05-27 08:10:00,146.0,133.7028892101392,True
552,Ridge,2025-05-27 08:15:00,149.0,138.9363808720973,True
552,Ridge,2025-05-27 08:20:00,156.0,147.204921828404,True
552,Ridge,2025-05-27 08:25:00,159.0,149.07303482663346,True
552,Ridge,2025-05-27 08:30:00,159.0,158.5193373155257,True
552,Ridge,2025-05-27 08:35:00,163.0,158.70701678245788,True
552,Ridge,2025-05-27 08:40:00,164.0,153.02118961959394,True
552,Ridge,2025-05-27 08:45:00,164.0,159.37298969243847,True
552,Ridge,2025-05-27 08:50:00,164.0,170.868724106475,True
552,Ridge,2025-05-27 08:55:00,164.0,168.05789166005314,True
552,Ridge,2025-05-27 09:00:00,168.0,163.83639381973506,True
552,Ridge,2025-05-27 09:05:00,174.0,172.42110175458237,True
552,Ridge,2025-05-27 09:10:00,180.0,168.59695100871477,True
552,Ridge,2025-05-27 09:15:00,191.0,182.59630028692925,True
552,Ridge,2025-05-27 09:20:00,203.0,179.90425136255303,True
552,Ridge,2025-05-27 09:25:00,214.0,177.99320391979492,True
552,Ridge,2025-05-27 09:30:00,222.0,182.71645307862434,True
552,Ridge,2025-05-27 09:35:00,226.0,187.14666009404135,True
552,Ridge,2025-05-27 09:40:00,229.0,190.47191392706074,True
552,Ridge,2025-05-27 09:45:00,233.0,204.96387190425799,True
552,Ridge,2025-05-27 09:50:00,235.0,216.25640251938208,True
552,Ridge,2025-05-27 09:55:00,237.0,225.00851381492404,True
552,Ridge,2025-05-27 10:00:00,238.0,228.97148135034627,True
552,Ridge,2025-05-27 10:05:00,240.0,226.91528711401355,True
552,Ridge,2025-05-27 10:10:00,240.0,227.6990242534893,True
552,Ridge,2025-05-27 10:15:00,240.0,232.78293453899448,True
552,Ridge,2025-05-27 10:20:00,240.0,231.48811086640427,True
552,Ridge,2025-05-27 10:25:00,240.0,233.18394638271266,True
552,Ridge,2025-05-27 10:30:00,240.0,232.30965568280982,True
552,Ridge,2025-05-27 10:35:00,240.0,235.30643951930105,True
552,Ridge,2025-05-27 11:45:00,239.0,158.89751841248227,False
552,Ridge,2025-05-27 11:50:00,236.0,160.64788223078355,False
552,Ridge,2025-05-27 11:55:00,235.0,163.57242836707672,False
552,Ridge,2025-05-27 12:00:00,238.0,163.2589062806686,False
552,Ridge,2025-05-27 12:05:00,239.0,162.77835118554194,False
552,Ridge,2025-05-27 12:10:00,236.0,161.1219502516668,False
552,Ridge,2025-05-27 12:15:00,232.0,236.88868568833593,True
552,Ridge,2025-05-27 12:20:00,227.0,226.1468877478144,True
552,Ridge,2025-05-27 12:25:00,219.0,227.43953110311395,True
552,Ridge,2025-05-27 12:30:00,214.0,234.18283615214096,True
552,Ridge,2025-05-27 12:35:00,206.0,232.00824943184284,True
552,Ridge,2025-05-27 12:40:00,195.0,219.80839365674336,True
552,Ridge,2025-05-27 12:45:00,184.0,215.60243761434532,True
552,Ridge,2025-05-27 12:50:00,172.0,209.52396715575276,True
552,Ridge,2025-05-27 12:55:00,164.0,195.19959103188384,True
552,Ridge,2025-05-27 13:00:00,158.0,194.20918087772776,True
552,Ridge,2025-05-27 13:05:00,155.0,181.68800910936812,True
552,Ridge,2025-05-27 13:10:00,149.0,167.23439957265768,True
552,Ridge,2025-05-27 13:15:00,145.0,155.2046129916622,True
552,Ridge,2025-05-27 13:20:00,143.0,143.7231031657209,True
552,Ridge,2025-05-27 13:25:00,142.0,141.87448963008956,True
552,Ridge,2025-05-27 13:30:00,141.0,139.38175257047527,True
552,Ridge,2025-05-27 13:35:00,140.0,141.8774316217284,True
552,Ridge,2025-05-27 13:40:00,137.0,133.06336942423704,True
552,Ridge,2025-05-27 13:45:00,131.0,133.49720745213284,True
552,Ridge,2025-05-27 13:50:00,134.0,135.1516996002132,True
552,Ridge,2025-05-27 13:55:00,136.0,136.74566687632677,True
552,Ridge,2025-05-27 14:00:00,137.0,137.0622746528322,True
552,Ridge,2025-05-27 14:05:00,134.0,137.0728897893741,True
552,Ridge,2025-05-27 14:10:00,135.0,132.08066547962383,True
552,Ridge,2025-05-27 14:15:00,129.0,122.50153435592804,True
552,Ridge,2025-05-27 14:20:00,129.0,138.22434358182014,True
552,Ridge,2025-05-27 14:25:00,133.0,139.04193726875803,True
552,Ridge,2025-05-27 14:30:00,136.0,140.0803208483036,True
552,Ridge,2025-05-27 14:35:00,137.0,132.09711657966741,True
552,Ridge,2025-05-27 14:40:00,136.0,138.59832734091987,True
552,Ridge,2025-05-27 14:45:00,135.0,123.43135900866537,True
552,Ridge,2025-05-27 14:50:00,134.0,132.1675307409459,True
552,Ridge,2025-05-27 14:55:00,135.0,141.05632014341842,True
552,Ridge,2025-05-27 15:00:00,137.0,143.21783414510386,True
552,Ridge,2025-05-27 15:05:00,140.0,141.9087705432116,True
552,Ridge,2025-05-27 15:10:00,143.0,138.19039164266422,True
552,Ridge,2025-05-27 15:15:00,152.0,137.17787745537805,True
552,Ridge,2025-05-27 15:20:00,158.0,136.25214111243048,True
552,Ridge,2025-05-27 15:25:00,166.0,139.81331462147006,True
552,Ridge,2025-05-27 15:30:00,173.0,143.05790867032727,True
552,Ridge,2025-05-27 15:35:00,176.0,147.44066831703162,True
552,Ridge,2025-05-27 15:40:00,175.0,150.55834878453427,True
552,Ridge,2025-05-27 15:45:00,175.0,167.65609466281126,True
552,Ridge,2025-05-27 15:50:00,174.0,169.71746461707437,True
552,Ridge,2025-05-27 15:55:00,164.0,180.78401096083536,True
552,Ridge,2025-05-27 16:00:00,161.0,186.30553044670148,True
552,Ridge,2025-05-27 16:05:00,166.0,183.7873627321767,True
552,Ridge,2025-05-27 16:10:00,161.0,176.99286934054436,True
552,Ridge,2025-05-27 16:15:00,156.0,176.8197278631159,True
552,Ridge,2025-05-27 16:20:00,156.0,174.35504564583158,True
552,Ridge,2025-05-27 16:25:00,159.0,151.40663893372826,True
552,Ridge,2025-05-27 16:30:00,160.0,157.3879729905243,True
552,Ridge,2025-05-27 16:35:00,159.0,171.95662704189724,True
552,Ridge,2025-05-27 16:40:00,153.0,153.4100000004633,True
552,Ridge,2025-05-27 16:45:00,148.0,149.45606418926047,True
552,Ridge,2025-05-27 16:50:00,146.0,155.57993472448513,True
552,Ridge,2025-05-27 16:55:00,138.0,162.76390761050604,True
552,Ridge,2025-05-27 17:00:00,136.0,161.30105180824037,True
552,Ridge,2025-05-27 17:05:00,138.0,158.0956137503226,True
552,Ridge,2025-05-27 17:10:00,137.0,145.39428147175602,True
552,Ridge,2025-05-27 17:15:00,135.0,141.62786534914002,True
552,Ridge,2025-05-27 17:20:00,135.0,142.90813507555305,True
552,Ridge,2025-05-27 17:25:00,132.0,126.36592706923561,True
552,Ridge,2025-05-27 17:30:00,127.0,133.4685389201145,True
552,Ridge,2025-05-27 17:35:00,122.0,140.71213877885734,True
552,Ridge,2025-05-27 17:40:00,131.0,136.00648069665175,True
552,Ridge,2025-05-27 17:45:00,144.0,133.5753130766786,True
552,Ridge,2025-05-27 17:50:00,150.0,136.91696976246988,True
552,Ridge,2025-05-27 17:55:00,143.0,130.09540286178665,True
552,Ridge,2025-05-27 18:00:00,141.0,122.51113012006479,True
552,Ridge,2025-05-27 18:05:00,148.0,117.21965753229217,True
552,Ridge,2025-05-27 18:10:00,150.0,145.33970829946784,True
552,Ridge,2025-05-27 18:15:00,147.0,163.72617623789236,True
552,Ridge,2025-05-27 18:20:00,146.0,161.65259877479295,True
552,Ridge,2025-05-27 18:25:00,147.0,137.7827102138494,True
552,Ridge,2025-05-27 18:30:00,145.0,142.88855812574388,True
552,Ridge,2025-05-27 18:35:00,142.0,160.90439200867,True
552,Ridge,2025-05-27 18:40:00,139.0,155.78393205218856,True
552,Ridge,2025-05-27 18:45:00,136.0,146.62089792868719,True
552,Ridge,2025-05-27 18:50:00,131.0,148.13230880458678,True
552,Ridge,2025-05-27 18:55:00,127.0,150.94648831366663,True
552,Ridge,2025-05-27 19:00:00,125.0,144.45833898753,True
552,Ridge,2025-05-27 19:05:00,124.0,140.27886537454762,True
552,Ridge,2025-05-27 19:10:00,122.0,137.6079955287811,True
552,Ridge,2025-05-27 19:15:00,127.0,134.28001465577077,True
552,Ridge,2025-05-27 19:20:00,134.0,125.7357715220381,True
552,Ridge,2025-05-27 19:25:00,138.0,122.67765921322317,True
552,Ridge,2025-05-27 19:30:00,140.0,123.68164901230773,True
552,Ridge,2025-05-27 19:35:00,142.0,124.51946645062382,True
552,Ridge,2025-05-27 19:40:00,147.0,121.29187477791812,True
552,Ridge,2025-05-27 19:45:00,150.0,136.33304919119135,True
552,Ridge,2025-05-27 19:50:00,151.0,146.35576840011987,True
552,Ridge,2025-05-27 19:55:00,152.0,147.20906296121922,True
552,Ridge,2025-05-27 20:00:00,152.0,146.96326569477915,True
552,Ridge,2025-05-27 20:05:00,154.0,149.00363689053614,True
552,Ridge,2025-05-27 20:10:00,163.0,158.0004694030353,True
552,Ridge,2025-05-27 20:15:00,173.0,158.02083285510082,True
552,Ridge,2025-05-27 20:20:00,181.0,156.40553100526466,True
552,Ridge,2025-05-27 20:25:00,181.0,157.17709389095663,True
552,Ridge,2025-05-27 20:30:00,185.0,155.39699929683678,True
552,Ridge,2025-05-27 20:35:00,196.0,159.09651301985863,True
552,Ridge,2025-05-27 20:40:00,207.0,177.88636797046615,True
552,Ridge,2025-05-27 20:45:00,217.0,189.22557712691355,True
552,Ridge,2025-05-27 20:50:00,225.0,194.87215668662412,True
552,Ridge,2025-05-27 20:55:00,231.0,191.00917451354186,True
552,Ridge,2025-05-27 21:00:00,233.0,199.27026511130313,True
552,Ridge,2025-05-27 21:05:00,228.0,217.96822741432663,True
552,Ridge,2025-05-27 21:10:00,218.0,226.56399027171193,True
552,Ridge,2025-05-27 21:15:00,207.0,233.52522482958346,True
552,Ridge,2025-05-27 21:20:00,195.0,237.0416430322445,True
552,Ridge,2025-05-27 21:25:00,183.0,238.08267878174553,True
552,Ridge,2025-05-27 21:30:00,173.0,232.89390943310457,True
552,Ridge,2025-05-27 21:35:00,164.0,217.2160475243029,True
552,Ridge,2025-05-27 21:40:00,158.0,199.64824575823843,True
552,Ridge,2025-05-27 21:45:00,152.0,185.1529439632065,True
552,Ridge,2025-05-27 21:50:00,146.0,175.7301763746943,True
552,Ridge,2025-05-27 21:55:00,131.0,161.7962176540868,True
552,Ridge,2025-05-27 22:00:00,120.0,153.68546248370313,True
552,Ridge,2025-05-27 22:05:00,117.0,144.58886797951166,True
552,Ridge,2025-05-27 22:10:00,117.0,141.87621003930764,True
552,Ridge,2025-05-27 22:15:00,113.0,135.59296907430095,True
552,Ridge,2025-05-27 22:20:00,110.0,129.45968968435025,True
552,Ridge,2025-05-27 22:25:00,108.0,102.23967855770573,True
552,Ridge,2025-05-27 22:30:00,105.0,97.16249909498663,True
552,Ridge,2025-05-27 22:35:00,104.0,104.8678915268429,True
552,Ridge,2025-05-27 22:40:00,101.0,109.84626407125246,True
552,Ridge,2025-05-27 22:45:00,99.0,102.26149123591588,True
552,Ridge,2025-05-27 22:50:00,97.0,102.88561666775136,True
552,Ridge,2025-05-27 22:55:00,95.0,103.39168071073732,True
552,Ridge,2025-05-27 23:00:00,98.0,100.1315881848804,True
552,Ridge,2025-05-27 23:05:00,93.0,102.92868692526014,True
552,Ridge,2025-05-27 23:10:00,90.0,98.09889061981244,True
552,Ridge,2025-05-27 23:15:00,93.0,98.41375029348477,True
552,Ridge,2025-05-27 23:20:00,93.0,96.60522285175236,True
552,Ridge,2025-05-27 23:25:00,94.0,94.91573962902515,True
552,Ridge,2025-05-27 23:30:00,96.0,105.60092177069932,True
552,Ridge,2025-05-27 23:35:00,97.0,90.31900644514326,True
552,Ridge,2025-05-27 23:40:00,97.0,91.10003336809794,True
552,Ridge,2025-05-27 23:45:00,96.0,101.75212757115108,True
552,Ridge,2025-05-27 23:50:00,95.0,98.02091258321198,True
552,Ridge,2025-05-27 23:55:00,94.0,101.30480476433738,True
552,Ridge,2025-05-28 00:00:00,92.0,104.76828576549678,True
552,Ridge,2025-05-28 00:05:00,90.0,104.84883728266287,True
552,Ridge,2025-05-28 00:10:00,89.0,103.6611785382355,True
552,Ridge,2025-05-28 00:15:00,89.0,101.3616286893137,True
552,Ridge,2025-05-28 00:20:00,88.0,100.43918185661528,True
552,Ridge,2025-05-28 00:25:00,88.0,99.34677993195527,True
552,Ridge,2025-05-28 00:30:00,87.0,95.92442537060634,True
552,Ridge,2025-05-28 00:35:00,86.0,93.6052668419622,True
552,Ridge,2025-05-28 00:40:00,85.0,94.03627302003001,True
552,Ridge,2025-05-28 00:45:00,84.0,95.59583483328,True
552,Ridge,2025-05-28 00:50:00,83.0,93.26246352445088,True
552,Ridge,2025-05-28 00:55:00,82.0,93.9740049372343,True
552,Ridge,2025-05-28 01:00:00,82.0,92.58346154446569,True
552,Ridge,2025-05-28 01:05:00,81.0,91.76984376203431,True
552,Ridge,2025-05-28 01:10:00,81.0,90.75768962332401,True
552,Ridge,2025-05-28 01:15:00,79.0,89.85890276565608,True
552,Ridge,2025-05-28 01:20:00,77.0,88.97640357013977,True
552,Ridge,2025-05-28 01:25:00,74.0,88.08134314825067,True
552,Ridge,2025-05-28 01:30:00,73.0,89.55548596745344,True
552,Ridge,2025-05-28 01:35:00,72.0,87.30901226389719,True
552,Ridge,2025-05-28 01:40:00,72.0,88.9750789737452,True
552,Ridge,2025-05-28 01:45:00,73.0,84.25697114529636,True
552,Ridge,2025-05-28 01:50:00,73.0,81.57690581763745,True
552,Ridge,2025-05-28 01:55:00,72.0,77.79505168839243,True
552,Ridge,2025-05-28 02:00:00,71.0,79.54673012675975,True
552,Ridge,2025-05-28 02:05:00,71.0,78.5044187577488,True
552,Ridge,2025-05-28 02:10:00,71.0,80.23169783282852,True
552,Ridge,2025-05-28 02:15:00,71.0,82.84625995649697,True
552,Ridge,2025-05-28 02:20:00,72.0,81.84047143751773,True
552,Ridge,2025-05-28 02:25:00,73.0,79.81440907615965,True
552,Ridge,2025-05-28 02:30:00,74.0,78.92049971031128,True
552,Ridge,2025-05-28 02:35:00,73.0,80.27150754876762,True
552,Ridge,2025-05-28 02:40:00,73.0,80.31632073763274,True
552,Ridge,2025-05-28 02:45:00,73.0,80.39842190238268,True
552,Ridge,2025-05-28 02:50:00,74.0,82.87495571699176,True
552,Ridge,2025-05-28 02:55:00,74.0,83.9119063273338,True
552,Ridge,2025-05-28 03:00:00,75.0,85.12216700450801,True
552,Ridge,2025-05-28 03:05:00,75.0,81.44951437338273,True
552,Ridge,2025-05-28 03:10:00,74.0,82.9535295342688,True
552,Ridge,2025-05-28 03:15:00,75.0,82.7576647608578,True
552,Ridge,2025-05-28 03:20:00,76.0,85.1063496849268,True
552,Ridge,2025-05-28 03:25:00,78.0,83.64928264253776,True
552,Ridge,2025-05-28 03:30:00,83.0,86.14413088497645,True
552,Ridge,2025-05-28 03:35:00,93.0,84.69697898949738,True
552,Ridge,2025-05-28 03:40:00,104.0,82.4035333545086,True
552,Ridge,2025-05-28 03:45:00,114.0,86.06522365294653,True
552,Ridge,2025-05-28 03:50:00,125.0,86.92842399324522,True
552,Ridge,2025-05-28 03:55:00,133.0,90.42496745169714,True
552,Ridge,2025-05-28 04:00:00,139.0,99.41611988614022,True
552,Ridge,2025-05-28 04:05:00,145.0,116.14609105658208,True
552,Ridge,2025-05-28 04:10:00,151.0,128.65704986006216,True
552,Ridge,2025-05-28 04:15:00,159.0,137.70162092355102,True
552,Ridge,2025-05-28 04:20:00,165.0,150.18618648134753,True
552,Ridge,2025-05-28 04:25:00,170.0,153.7821074069543,True
552,Ridge,2025-05-28 04:30:00,174.0,156.87250724192273,True
552,Ridge,2025-05-28 04:35:00,177.0,162.06092247043594,True
552,Ridge,2025-05-28 04:40:00,180.0,167.1875078133654,True
552,Ridge,2025-05-28 04:45:00,181.0,177.16292519912614,True
552,Ridge,2025-05-28 04:50:00,178.0,179.48643005599743,True
552,Ridge,2025-05-28 04:55:00,176.0,185.80586501848504,True
552,Ridge,2025-05-28 05:00:00,174.0,187.2339061187547,True
552,Ridge,2025-05-28 05:05:00,171.0,187.8771399326507,True
552,Ridge,2025-05-28 05:10:00,169.0,189.1277709572329,True
552,Ridge,2025-05-28 05:15:00,167.0,185.7739078351736,True
552,Ridge,2025-05-28 05:20:00,164.0,176.10338297158046,True
552,Ridge,2025-05-28 05:25:00,162.0,173.8231612219154,True
552,Ridge,2025-05-28 05:30:00,160.0,170.27434378965756,True
552,Ridge,2025-05-28 05:35:00,158.0,165.1492123328439,True
552,Ridge,2025-05-28 05:40:00,157.0,164.1596769092929,True
552,Ridge,2025-05-28 05:45:00,156.0,161.80472995954062,True
552,Ridge,2025-05-28 05:50:00,155.0,157.29297002848955,True
552,Ridge,2025-05-28 05:55:00,153.0,156.7672527944418,True
552,Ridge,2025-05-28 06:00:00,151.0,154.7874566153474,True
552,Ridge,2025-05-28 06:05:00,149.0,153.073160435189,True
552,Ridge,2025-05-28 06:10:00,147.0,153.68234686508873,True
552,Ridge,2025-05-28 06:15:00,146.0,152.87123973385994,True
552,Ridge,2025-05-28 06:20:00,144.0,152.17347930242144,True
552,Ridge,2025-05-28 06:25:00,142.0,149.15929027469667,True
552,Ridge,2025-05-28 06:30:00,140.0,147.44957310587367,True
552,Ridge,2025-05-28 06:35:00,138.0,145.55236098989113,True
552,Ridge,2025-05-28 06:40:00,136.0,143.76837967048988,True
552,Ridge,2025-05-28 06:45:00,140.0,144.33167463637074,True
552,Ridge,2025-05-28 06:50:00,145.0,141.14202078861408,True
552,Ridge,2025-05-28 06:55:00,145.0,139.52154172295053,True
552,Ridge,2025-05-28 07:00:00,146.0,137.64238372360023,True
552,Ridge,2025-05-28 07:05:00,146.0,135.8542299697247,True
552,Ridge,2025-05-28 07:10:00,146.0,134.07976989831474,True
552,Ridge,2025-05-28 07:15:00,147.0,146.58255885352347,True
552,Ridge,2025-05-28 07:20:00,146.0,153.10193437672206,True
552,Ridge,2025-05-28 07:25:00,147.0,147.0480387714687,True
552,Ridge,2025-05-28 07:30:00,146.0,149.93916927712252,True
552,Ridge,2025-05-28 07:35:00,140.0,148.32047168707493,True
552,Ridge,2025-05-28 07:40:00,135.0,148.52259521924543,True
552,Ridge,2025-05-28 07:45:00,134.0,150.79989494984028,True
552,Ridge,2025-05-28 07:50:00,133.0,146.97833197393086,True
552,Ridge,2025-05-28 07:55:00,128.0,150.8182900346465,True
552,Ridge,2025-05-28 08:00:00,127.0,146.71682517017754,True
552,Ridge,2025-05-28 08:05:00,129.0,133.88029424490404,True
552,Ridge,2025-05-28 08:10:00,130.0,130.03278628544825,True
552,Ridge,2025-05-28 08:15:00,127.0,134.0840531756835,True
552,Ridge,2025-05-28 08:20:00,126.0,132.9185793874446,True
552,Ridge,2025-05-28 08:25:00,132.0,122.62913138252456,True
552,Ridge,2025-05-28 08:30:00,136.0,127.5419436871439,True
552,Ridge,2025-05-28 08:35:00,146.0,133.50955024498154,True
552,Ridge,2025-05-28 08:40:00,148.0,133.68697862587715,True
552,Ridge,2025-05-28 08:45:00,142.0,141.3031399806772,True
552,Ridge,2025-05-28 08:50:00,147.0,141.38282534801272,True
552,Ridge,2025-05-28 08:55:00,162.0,154.93540817100336,True
552,Ridge,2025-05-28 09:00:00,175.0,152.1006205898805,True
552,Ridge,2025-05-28 09:05:00,183.0,167.36069608204383,True
552,Ridge,2025-05-28 09:10:00,178.0,161.5002459094523,True
552,Ridge,2025-05-28 09:15:00,178.0,141.29923504150855,True
552,Ridge,2025-05-28 09:20:00,174.0,158.2785625634592,True
552,Ridge,2025-05-28 09:25:00,169.0,182.96770919250116,True
552,Ridge,2025-05-28 09:30:00,164.0,192.72015706343112,True
552,Ridge,2025-05-28 09:35:00,158.0,193.3161281200048,True
552,Ridge,2025-05-28 09:40:00,150.0,169.0307790858825,True
552,Ridge,2025-05-28 09:45:00,144.0,175.46586768809638,True
552,Ridge,2025-05-28 09:50:00,138.0,164.16460758256093,True
552,Ridge,2025-05-28 09:55:00,129.0,158.10983398060694,True
552,Ridge,2025-05-28 10:00:00,124.0,152.04658001853358,True
552,Ridge,2025-05-28 10:05:00,117.0,144.2388507053487,True
552,Ridge,2025-05-28 10:10:00,113.0,132.97805789503894,True
552,Ridge,2025-05-28 10:15:00,111.0,129.4742667306153,True
552,Ridge,2025-05-28 10:20:00,108.0,124.13703638968894,True
552,Ridge,2025-05-28 10:25:00,104.0,111.93780356927819,True
552,Ridge,2025-05-28 10:30:00,102.0,112.83569031859702,True
552,Ridge,2025-05-28 10:35:00,101.0,103.07148371757947,True
552,Ridge,2025-05-28 10:40:00,100.0,103.97072307857835,True
552,Ridge,2025-05-28 10:45:00,100.0,105.58411739171831,True
552,Ridge,2025-05-28 10:50:00,100.0,102.37934168534075,True
552,Ridge,2025-05-28 10:55:00,102.0,98.21801246491654,True
552,Ridge,2025-05-28 11:00:00,103.0,99.8460067448345,True
552,Ridge,2025-05-28 11:05:00,104.0,100.90639761021748,True
552,Ridge,2025-05-28 11:10:00,106.0,100.78192758944473,True
552,Ridge,2025-05-28 11:15:00,107.0,103.0949781415496,True
552,Ridge,2025-05-28 11:20:00,107.0,103.79787889818476,True
552,Ridge,2025-05-28 11:25:00,105.0,109.15970968945291,True
552,Ridge,2025-05-28 11:30:00,104.0,109.33216029122184,True
552,Ridge,2025-05-28 11:35:00,100.0,110.90283174934689,True
552,Ridge,2025-05-28 11:40:00,99.0,114.64669638670864,True
552,Ridge,2025-05-28 11:45:00,98.0,114.51968206720609,True
552,Ridge,2025-05-28 11:50:00,94.0,113.35706702644109,True
552,Ridge,2025-05-28 11:55:00,88.0,108.61894307982658,True
552,Ridge,2025-05-28 12:00:00,85.0,109.0406558486392,True
552,Ridge,2025-05-28 12:05:00,83.0,100.59002118374687,True
552,Ridge,2025-05-28 12:10:00,83.0,103.70730125643558,True
552,Ridge,2025-05-28 12:15:00,86.0,102.35489431183626,True
552,Ridge,2025-05-28 12:20:00,87.0,94.52463654222935,True
552,Ridge,2025-05-28 12:25:00,92.0,85.88123525735062,True
552,Ridge,2025-05-28 12:30:00,99.0,86.76294320228544,True
552,Ridge,2025-05-28 12:35:00,101.0,85.96463624145677,True
552,Ridge,2025-05-28 12:40:00,104.0,89.1520747830622,True
552,Ridge,2025-05-28 12:45:00,108.0,94.58426325586711,True
552,Ridge,2025-05-28 12:50:00,113.0,95.38195209976884,True
552,Ridge,2025-05-28 12:55:00,119.0,109.73196148901434,True
552,Ridge,2025-05-28 13:00:00,124.0,119.14560706178841,True
552,Ridge,2025-05-28 13:05:00,126.0,114.62557083786125,True
552,Ridge,2025-05-28 13:10:00,129.0,117.98614264460826,True
552,Ridge,2025-05-28 13:15:00,134.0,122.92467598814586,True
552,Ridge,2025-05-28 13:20:00,132.0,128.62580922693027,True
552,Ridge,2025-05-28 13:25:00,127.0,135.0988458156529,True
552,Ridge,2025-05-28 13:30:00,123.0,138.3320370185587,True
552,Ridge,2025-05-28 13:35:00,120.0,136.02791760096324,True
552,Ridge,2025-05-28 13:40:00,116.0,140.19191653651814,True
552,Ridge,2025-05-28 13:45:00,112.0,147.21010145534044,True
552,Ridge,2025-05-28 13:50:00,109.0,135.2252604874356,True
552,Ridge,2025-05-28 13:55:00,105.0,126.34308656067688,True
552,Ridge,2025-05-28 14:00:00,100.0,122.64441822458697,True
552,Ridge,2025-05-28 14:05:00,93.0,119.90849657968441,True
552,Ridge,2025-05-28 14:10:00,90.0,114.05461192164111,True
552,Ridge,2025-05-28 14:15:00,91.0,109.9662483845772,True
552,Ridge,2025-05-28 14:20:00,89.0,108.33175332347486,True
552,Ridge,2025-05-28 14:25:00,87.0,102.97845825289735,True
552,Ridge,2025-05-28 14:30:00,87.0,96.71824501685194,True
552,Ridge,2025-05-28 14:35:00,87.0,87.01685909352464,True
552,Ridge,2025-05-28 14:40:00,87.0,89.80536688661817,True
552,Ridge,2025-05-28 14:45:00,81.0,96.36037521114426,True
552,Ridge,2025-05-28 14:50:00,80.0,90.71738720238147,True
552,Ridge,2025-05-28 14:55:00,80.0,89.74150367241035,True
552,Ridge,2025-05-28 15:00:00,79.0,92.98994886522664,True
552,Ridge,2025-05-28 15:05:00,78.0,93.47409412294654,True
552,Ridge,2025-05-28 15:10:00,76.0,93.98240140852911,True
552,Ridge,2025-05-28 15:15:00,74.0,80.09827991728538,True
552,Ridge,2025-05-28 15:20:00,73.0,86.40028814632714,True
552,Ridge,2025-05-28 15:25:00,70.0,87.17613303461422,True
552,Ridge,2025-05-28 15:30:00,65.0,85.27642359066306,True
552,Ridge,2025-05-28 15:35:00,62.0,84.63470129582655,True
552,Ridge,2025-05-28 15:40:00,60.0,81.7371809453518,True
552,Ridge,2025-05-28 15:45:00,58.0,80.01384515586378,True
552,Ridge,2025-05-28 15:50:00,56.0,80.21201674133414,True
552,Ridge,2025-05-28 15:55:00,54.0,74.60104451834523,True
552,Ridge,2025-05-28 16:00:00,52.0,67.1681489184579,True
552,Ridge,2025-05-28 16:05:00,49.0,66.80990960458715,True
552,Ridge,2025-05-28 16:10:00,48.0,65.95198858884963,True
552,Ridge,2025-05-28 16:15:00,47.0,64.08965138215056,True
552,Ridge,2025-05-28 16:20:00,48.0,62.68259236741957,True
552,Ridge,2025-05-28 16:25:00,48.0,61.08374190532898,True
552,Ridge,2025-05-28 16:30:00,53.0,59.34277973479273,True
552,Ridge,2025-05-28 16:35:00,58.0,55.18833074325961,True
552,Ridge,2025-05-28 16:40:00,67.0,57.20283831600537,True
552,Ridge,2025-05-28 16:45:00,74.0,56.38542806108097,True
552,Ridge,2025-05-28 16:50:00,86.0,60.6310614626217,True
552,Ridge,2025-05-28 16:55:00,99.0,59.015405500147125,True
552,Ridge,2025-05-28 17:00:00,109.0,71.73483348130068,True
552,Ridge,2025-05-28 17:05:00,115.0,76.85400564790892,True
552,Ridge,2025-05-28 17:10:00,119.0,91.97705276684475,True
552,Ridge,2025-05-28 17:15:00,120.0,96.32670722993821,True
552,Ridge,2025-05-28 17:20:00,117.0,115.65067495293306,True
552,Ridge,2025-05-28 17:25:00,115.0,129.67869640989414,True
552,Ridge,2025-05-28 17:30:00,113.0,135.7969825231183,True
552,Ridge,2025-05-28 17:35:00,113.0,136.22770176670394,True
552,Ridge,2025-05-28 17:40:00,114.0,136.9428594409968,True
552,Ridge,2025-05-28 17:45:00,114.0,132.89322752316673,True
552,Ridge,2025-05-28 17:50:00,114.0,123.49077406072209,True
552,Ridge,2025-05-28 17:55:00,114.0,121.7545465192683,True
552,Ridge,2025-05-28 18:00:00,113.0,118.55579982403987,True
552,Ridge,2025-05-28 18:05:00,112.0,120.43724780124458,True
552,Ridge,2025-05-28 18:10:00,113.0,122.18810436392391,True
552,Ridge,2025-05-28 18:15:00,114.0,120.62157239583948,True
552,Ridge,2025-05-28 18:20:00,116.0,120.75608407350441,True
552,Ridge,2025-05-28 18:25:00,141.0,120.50411953916117,True
552,Ridge,2025-05-28 18:30:00,140.0,117.86525932822441,True
552,Ridge,2025-05-28 18:35:00,138.0,116.62696131860324,True
552,Ridge,2025-05-28 18:40:00,137.0,122.08807369418543,True
552,Ridge,2025-05-28 18:45:00,139.0,122.62908253787978,True
552,Ridge,2025-05-28 18:50:00,144.0,125.86847486556537,True
552,Ridge,2025-05-28 18:55:00,139.0,181.5681120185504,True
552,Ridge,2025-05-28 19:00:00,136.0,144.23765078694592,True
552,Ridge,2025-05-28 19:05:00,137.0,143.48575203792157,True
552,Ridge,2025-05-28 19:10:00,135.0,141.1657436007893,True
552,Ridge,2025-05-28 19:15:00,137.0,146.54025512502176,True
552,Ridge,2025-05-28 19:20:00,134.0,155.07472375843707,True
552,Ridge,2025-05-28 19:25:00,134.0,136.0531922137182,True
552,Ridge,2025-05-28 19:30:00,136.0,136.08312505001203,True
552,Ridge,2025-05-28 19:35:00,136.0,141.10077571024357,True
552,Ridge,2025-05-28 19:40:00,134.0,134.6606435398576,True
552,Ridge,2025-05-28 19:45:00,134.0,142.44016093175247,True
552,Ridge,2025-05-28 19:50:00,134.0,132.6637843138703,True
552,Ridge,2025-05-28 19:55:00,135.0,137.83063503373742,True
552,Ridge,2025-05-28 20:00:00,138.0,140.90006524937706,True
552,Ridge,2025-05-28 20:05:00,141.0,138.4543035243878,True
552,Ridge,2025-05-28 20:10:00,144.0,134.20207345822365,True
552,Ridge,2025-05-28 20:15:00,145.0,137.06697328843515,True
552,Ridge,2025-05-28 20:20:00,145.0,136.86623118975928,True
552,Ridge,2025-05-28 20:25:00,145.0,141.3983519363816,True
552,Ridge,2025-05-28 20:30:00,143.0,146.9948783574021,True
552,Ridge,2025-05-28 20:35:00,145.0,150.04569839344404,True
552,Ridge,2025-05-28 20:40:00,145.0,152.52321629200816,True
552,Ridge,2025-05-28 20:45:00,145.0,150.35337226749726,True
552,Ridge,2025-05-28 20:50:00,145.0,148.49607091863894,True
552,Ridge,2025-05-28 20:55:00,145.0,147.89552821125358,True
552,Ridge,2025-05-28 21:00:00,149.0,142.66383160672518,True
552,Ridge,2025-05-28 21:05:00,153.0,149.75424625330476,True
552,Ridge,2025-05-28 21:10:00,150.0,146.54091195353374,True
552,Ridge,2025-05-28 21:15:00,147.0,146.83377786999847,True
552,Ridge,2025-05-28 21:20:00,144.0,146.56937796845816,True
552,Ridge,2025-05-28 21:25:00,143.0,146.6942013196552,True
552,Ridge,2025-05-28 21:30:00,142.0,156.20508313600246,True
552,Ridge,2025-05-28 21:35:00,144.0,161.4385807826256,True
552,Ridge,2025-05-28 21:40:00,146.0,149.08766544424302,True
552,Ridge,2025-05-28 21:45:00,146.0,146.06255294638314,True
552,Ridge,2025-05-28 21:50:00,145.0,141.86831007183946,True
552,Ridge,2025-05-28 21:55:00,142.0,143.00906666521828,True
552,Ridge,2025-05-28 22:00:00,139.0,141.47091677197338,True
552,Ridge,2025-05-28 22:05:00,138.0,147.6748587886437,True
552,Ridge,2025-05-28 22:10:00,137.0,149.55830875023798,True
552,Ridge,2025-05-28 22:15:00,136.0,147.12638771677533,True
552,Ridge,2025-05-28 22:20:00,134.0,144.97556734111697,True
552,Ridge,2025-05-28 22:25:00,132.0,139.20416877869724,True
552,Ridge,2025-05-28 22:30:00,131.0,136.23975444129286,True
552,Ridge,2025-05-28 22:35:00,130.0,137.63648527817975,True
552,Ridge,2025-05-28 22:40:00,127.0,136.0476964529277,True
552,Ridge,2025-05-28 22:45:00,125.0,135.59151498181237,True
552,Ridge,2025-05-28 22:50:00,135.0,132.4278251651306,True
552,Ridge,2025-05-28 22:55:00,131.0,130.71401904530197,True
552,Ridge,2025-05-28 23:00:00,127.0,131.16917119900052,True
552,Ridge,2025-05-28 23:05:00,122.0,131.10238548783622,True
552,Ridge,2025-05-28 23:10:00,117.0,125.49443128870857,True
552,Ridge,2025-05-28 23:15:00,113.0,124.92491164337575,True
552,Ridge,2025-05-28 23:20:00,110.0,151.11369454135954,True
552,Ridge,2025-05-28 23:25:00,107.0,127.75284275206303,True
552,Ridge,2025-05-28 23:30:00,104.0,125.31885845747345,True
552,Ridge,2025-05-28 23:35:00,101.0,117.77027277198474,True
552,Ridge,2025-05-28 23:40:00,99.0,112.5628287177436,True
552,Ridge,2025-05-28 23:45:00,96.0,109.44099452093616,True
552,Ridge,2025-05-28 23:50:00,94.0,107.7440312744111,True
552,Ridge,2025-05-28 23:55:00,91.0,105.1166860753198,True
552,Ridge,2025-05-29 00:00:00,88.0,102.44160803911885,True
552,Ridge,2025-05-29 00:05:00,85.0,99.72550513439194,True
552,Ridge,2025-05-29 00:10:00,83.0,99.47648195361515,True
552,Ridge,2025-05-29 00:15:00,80.0,95.66610248634099,True
552,Ridge,2025-05-29 00:20:00,78.0,95.80572991998923,True
552,Ridge,2025-05-29 00:25:00,75.0,90.81199210671396,True
552,Ridge,2025-05-29 00:30:00,72.0,88.5720417339055,True
552,Ridge,2025-05-29 00:35:00,69.0,85.76912919688993,True
552,Ridge,2025-05-29 00:40:00,74.0,85.49802099994878,True
552,Ridge,2025-05-29 00:45:00,77.0,81.48263158597561,True
552,Ridge,2025-05-29 00:50:00,74.0,81.33764258515083,True
552,Ridge,2025-05-29 00:55:00,72.0,77.1912381335561,True
552,Ridge,2025-05-29 01:00:00,71.0,74.60503468597304,True
552,Ridge,2025-05-29 01:05:00,69.0,71.79418892825727,True
552,Ridge,2025-05-29 01:10:00,67.0,88.16314116622284,True
552,Ridge,2025-05-29 01:15:00,66.0,88.63045885243076,True
552,Ridge,2025-05-29 01:20:00,65.0,78.6385104981806,True
552,Ridge,2025-05-29 01:25:00,64.0,78.3181804669188,True
552,Ridge,2025-05-29 01:30:00,63.0,78.33344867097229,True
552,Ridge,2025-05-29 01:35:00,63.0,74.8302465854099,True
552,Ridge,2025-05-29 01:40:00,62.0,73.07066843056764,True
552,Ridge,2025-05-29 01:45:00,61.0,73.49973965100656,True
552,Ridge,2025-05-29 01:50:00,61.0,72.62446346819046,True
552,Ridge,2025-05-29 01:55:00,64.0,71.70250702693117,True
552,Ridge,2025-05-29 02:00:00,70.0,70.87776840532445,True
552,Ridge,2025-05-29 02:05:00,79.0,72.59075679383876,True
552,Ridge,2025-05-29 02:10:00,89.0,70.24393216857816,True
552,Ridge,2025-05-29 02:15:00,97.0,69.68290994922862,True
552,Ridge,2025-05-29 02:20:00,106.0,70.90456906993117,True
552,Ridge,2025-05-29 02:25:00,113.0,78.20512065301311,True
552,Ridge,2025-05-29 02:30:00,116.0,88.42561653353093,True
552,Ridge,2025-05-29 02:35:00,119.0,101.76250748775459,True
552,Ridge,2025-05-29 02:40:00,120.0,113.46439766592266,True
552,Ridge,2025-05-29 02:45:00,119.0,119.12136862420564,True
552,Ridge,2025-05-29 02:50:00,119.0,129.63344134277344,True
552,Ridge,2025-05-29 02:55:00,120.0,133.55379394359667,True
552,Ridge,2025-05-29 03:00:00,122.0,130.9300817761661,True
552,Ridge,2025-05-29 03:05:00,123.0,133.30039964851076,True
552,Ridge,2025-05-29 03:10:00,123.0,130.62513996353582,True
552,Ridge,2025-05-29 03:15:00,122.0,126.23573867001643,True
552,Ridge,2025-05-29 03:20:00,121.0,126.78625049579173,True
552,Ridge,2025-05-29 03:25:00,120.0,128.40449410253643,True
552,Ridge,2025-05-29 03:30:00,119.0,131.3650638389521,True
552,Ridge,2025-05-29 03:35:00,118.0,130.64881824038383,True
552,Ridge,2025-05-29 03:40:00,117.0,129.06352929729664,True
552,Ridge,2025-05-29 03:45:00,116.0,126.31274089446673,True
552,Ridge,2025-05-29 03:50:00,115.0,125.00411871709659,True
552,Ridge,2025-05-29 03:55:00,114.0,123.54782472777177,True
552,Ridge,2025-05-29 04:00:00,112.0,122.20491372933677,True
552,Ridge,2025-05-29 04:05:00,110.0,121.06871438419157,True
552,Ridge,2025-05-29 04:10:00,110.0,119.91078584810754,True
552,Ridge,2025-05-29 04:15:00,110.0,118.83909393109602,True
552,Ridge,2025-05-29 04:20:00,110.0,117.92282590699998,True
552,Ridge,2025-05-29 04:25:00,109.0,117.03074091714703,True
552,Ridge,2025-05-29 04:30:00,109.0,113.73649351194426,True
552,Ridge,2025-05-29 04:35:00,109.0,111.75023238628873,True
552,Ridge,2025-05-29 04:40:00,109.0,114.43316081822007,True
552,Ridge,2025-05-29 04:45:00,110.0,114.47313445567386,True
552,Ridge,2025-05-29 04:50:00,110.0,114.82978186727419,True
552,Ridge,2025-05-29 04:55:00,110.0,112.67731951486951,True
552,Ridge,2025-05-29 05:00:00,109.0,114.26458997236945,True
552,Ridge,2025-05-29 05:05:00,107.0,114.2610349879213,True
552,Ridge,2025-05-29 05:10:00,106.0,114.44267808468248,True
552,Ridge,2025-05-29 05:15:00,103.0,116.93327299652745,True
552,Ridge,2025-05-29 05:20:00,102.0,115.64437019193228,True
552,Ridge,2025-05-29 05:25:00,108.0,115.80961780955889,True
552,Ridge,2025-05-29 05:30:00,111.0,113.34801008820116,True
552,Ridge,2025-05-29 05:35:00,108.0,110.00936575513927,True
552,Ridge,2025-05-29 05:40:00,106.0,110.32999221327191,True
552,Ridge,2025-05-29 05:45:00,103.0,104.36657166321065,True
552,Ridge,2025-05-29 05:50:00,101.0,106.18087373244799,True
552,Ridge,2025-05-29 05:55:00,98.0,121.58882164036389,True
552,Ridge,2025-05-29 06:00:00,96.0,120.6586088679682,True
552,Ridge,2025-05-29 06:05:00,94.0,110.33540495285962,True
552,Ridge,2025-05-29 06:10:00,93.0,109.77009021560643,True
552,Ridge,2025-05-29 06:15:00,95.0,104.88008874714725,True
552,Ridge,2025-05-29 06:20:00,98.0,104.10115030460742,True
552,Ridge,2025-05-29 06:25:00,97.0,99.39176061079306,True
552,Ridge,2025-05-29 06:30:00,96.0,98.88627846632335,True
552,Ridge,2025-05-29 06:35:00,94.0,96.79385588316656,True
552,Ridge,2025-05-29 06:40:00,92.0,97.31754550388493,True
552,Ridge,2025-05-29 06:45:00,94.0,103.59977436495825,True
552,Ridge,2025-05-29 06:50:00,95.0,108.49621164093969,True
552,Ridge,2025-05-29 06:55:00,96.0,102.78687389137914,True
552,Ridge,2025-05-29 07:00:00,96.0,102.01077300372741,True
552,Ridge,2025-05-29 07:05:00,96.0,98.2248492962434,True
552,Ridge,2025-05-29 07:10:00,96.0,96.28728199191434,True
552,Ridge,2025-05-29 07:15:00,96.0,103.62695358963956,True
552,Ridge,2025-05-29 07:20:00,91.0,103.28896218208004,True
552,Ridge,2025-05-29 07:25:00,84.0,104.78618987843171,True
552,Ridge,2025-05-29 07:30:00,87.0,103.47280089572794,True
552,Ridge,2025-05-29 07:35:00,90.0,103.6009413485088,True
552,Ridge,2025-05-29 07:40:00,91.0,103.65041882873962,True
552,Ridge,2025-05-29 07:45:00,96.0,103.76442374558573,True
552,Ridge,2025-05-29 07:50:00,109.0,91.78570327444365,True
552,Ridge,2025-05-29 07:55:00,114.0,81.75578518962223,True
552,Ridge,2025-05-29 08:00:00,129.0,97.90645364095926,True
552,Ridge,2025-05-29 08:05:00,142.0,100.42950826932332,True
552,Ridge,2025-05-29 08:10:00,155.0,99.79709891932168,True
552,Ridge,2025-05-29 08:15:00,170.0,128.34821182685542,True
552,Ridge,2025-05-29 08:20:00,179.0,147.2359802970531,True
552,Ridge,2025-05-29 08:25:00,183.0,142.5041724061619,True
552,Ridge,2025-05-29 08:30:00,183.0,167.07065207341537,True
552,Ridge,2025-05-29 08:35:00,178.0,172.42726290916207,True
552,Ridge,2025-05-29 08:40:00,175.0,183.1744012434323,True
552,Ridge,2025-05-29 08:45:00,171.0,196.23673747326634,True
552,Ridge,2025-05-29 08:50:00,167.0,194.170297297841,True
552,Ridge,2025-05-29 08:55:00,162.0,190.11475016869812,True
552,Ridge,2025-05-29 09:00:00,155.0,183.894995648591,True
552,Ridge,2025-05-29 09:05:00,148.0,170.13206672434316,True
552,Ridge,2025-05-29 09:10:00,141.0,168.31587263152446,True
552,Ridge,2025-05-29 09:15:00,141.0,162.17586663050722,True
552,Ridge,2025-05-29 09:20:00,139.0,157.72645620291718,True
552,Ridge,2025-05-29 09:25:00,134.0,150.51046701403547,True
552,Ridge,2025-05-29 09:30:00,130.0,140.8645070807458,True
552,Ridge,2025-05-29 09:35:00,119.0,133.6088373510305,True
552,Ridge,2025-05-29 09:40:00,111.0,126.48497299753208,True
552,Ridge,2025-05-29 09:45:00,106.0,136.438828579029,True
552,Ridge,2025-05-29 09:50:00,100.0,131.8648345199956,True
552,Ridge,2025-05-29 09:55:00,95.0,124.00196111587505,True
552,Ridge,2025-05-29 10:00:00,90.0,121.92931860527906,True
552,Ridge,2025-05-29 10:05:00,89.0,101.47658572680807,True
552,Ridge,2025-05-29 10:10:00,83.0,98.27146095993871,True
552,Ridge,2025-05-29 10:15:00,77.0,97.04955144596609,True
552,Ridge,2025-05-29 10:20:00,72.0,90.44975839313996,True
552,Ridge,2025-05-29 10:25:00,65.0,87.73823086396759,True
552,Ridge,2025-05-29 10:30:00,56.0,83.42292246961945,True
552,Ridge,2025-05-29 10:35:00,52.0,88.96271585771237,True
552,Ridge,2025-05-29 10:40:00,61.0,76.91242768130522,True
552,Ridge,2025-05-29 10:45:00,59.0,72.42113149375348,True
552,Ridge,2025-05-29 10:50:00,62.0,68.9700112111861,True
552,Ridge,2025-05-29 10:55:00,64.0,59.640333037182145,True
552,Ridge,2025-05-29 11:00:00,66.0,48.392099562241896,True
552,Ridge,2025-05-29 11:05:00,69.0,51.457096344183086,True
552,Ridge,2025-05-29 11:10:00,74.0,78.99113269804946,True
552,Ridge,2025-05-29 11:15:00,87.0,62.2879588989386,True
552,Ridge,2025-05-29 11:20:00,101.0,75.30599139051724,True
552,Ridge,2025-05-29 11:25:00,105.0,75.84923471917439,True
552,Ridge,2025-05-29 11:30:00,113.0,78.97213042326212,True
552,Ridge,2025-05-29 11:35:00,120.0,83.70922452377694,True
552,Ridge,2025-05-29 11:40:00,132.0,91.48491731244346,True
552,Ridge,2025-05-29 11:45:00,135.0,115.7128476709196,True
552,Ridge,2025-05-29 11:50:00,134.0,130.97497448397405,True
552,Ridge,2025-05-29 11:55:00,134.0,121.91146501020083,True
552,Ridge,2025-05-29 12:00:00,134.0,135.75533761746837,True
552,Ridge,2025-05-29 12:05:00,134.0,140.50940085413802,True
552,Ridge,2025-05-29 12:10:00,134.0,159.52020143111417,True
552,Ridge,2025-05-29 12:15:00,134.0,146.52137912696983,True
552,Ridge,2025-05-29 12:20:00,134.0,142.4470546267673,True
552,Ridge,2025-06-03 09:50:00,130.0,164.26582366965204,False
552,Ridge,2025-06-03 09:55:00,125.0,160.71330444868852,False
552,Ridge,2025-06-03 10:00:00,118.0,156.01119004110052,False
552,Ridge,2025-06-03 10:05:00,116.0,153.58007335796808,False
552,Ridge,2025-06-03 10:10:00,114.0,152.40752594001555,False
552,Ridge,2025-06-03 10:15:00,113.0,152.80244319986411,False
552,Ridge,2025-06-03 10:20:00,112.0,125.96371402537031,True
552,Ridge,2025-06-03 10:25:00,114.0,114.78296928001286,True
552,Ridge,2025-06-03 10:30:00,117.0,100.74841986640715,True
552,Ridge,2025-06-03 10:35:00,115.0,109.23329304781439,True
552,Ridge,2025-06-03 10:40:00,110.0,107.54567285457196,True
552,Ridge,2025-06-03 10:45:00,106.0,110.89489258119892,True
552,Ridge,2025-06-03 10:50:00,104.0,109.66860185291142,True
552,Ridge,2025-06-03 10:55:00,104.0,116.22559124606526,True
552,Ridge,2025-06-03 11:00:00,106.0,121.83359218214598,True
552,Ridge,2025-06-03 11:05:00,107.0,113.89416308141959,True
552,Ridge,2025-06-03 11:10:00,109.0,105.57816586042694,True
552,Ridge,2025-06-03 11:15:00,110.0,102.80730799294618,True
552,Ridge,2025-06-03 11:20:00,110.0,102.98084479072173,True
552,Ridge,2025-06-03 11:25:00,109.0,105.72078531794475,True
552,Ridge,2025-06-03 11:30:00,107.0,111.04750158577468,True
552,Ridge,2025-06-03 11:35:00,103.0,111.63426768639903,True
552,Ridge,2025-06-03 11:40:00,100.0,115.70192162867863,True
552,Ridge,2025-06-03 11:45:00,96.0,115.63975620006491,True
552,Ridge,2025-06-03 11:50:00,95.0,114.78747783147273,True
552,Ridge,2025-06-03 11:55:00,92.0,112.76460124210438,True
552,Ridge,2025-06-03 12:00:00,91.0,109.43429599021366,True
552,Ridge,2025-06-03 12:05:00,96.0,102.36223035406529,True
552,Ridge,2025-06-03 12:10:00,95.0,100.50174427906734,True
552,Ridge,2025-06-03 12:15:00,95.0,94.93205441409795,True
552,Ridge,2025-06-03 12:20:00,94.0,98.2967760832072,True
552,Ridge,2025-06-03 12:25:00,93.0,92.6274547016223,True
552,Ridge,2025-06-03 12:30:00,94.0,95.01821334230074,True
552,Ridge,2025-06-03 12:35:00,95.0,108.38123220525604,True
552,Ridge,2025-06-03 12:40:00,96.0,98.70611209751547,True
552,Ridge,2025-06-03 12:45:00,97.0,101.94139701457377,True
552,Ridge,2025-06-03 12:50:00,98.0,99.33075803343084,True
552,Ridge,2025-06-03 12:55:00,97.0,98.66289578006695,True
552,Ridge,2025-06-03 13:00:00,89.0,102.38397881234198,True
552,Ridge,2025-06-03 13:05:00,88.0,103.41757808447409,True
552,Ridge,2025-06-03 13:10:00,91.0,104.84927402960125,True
552,Ridge,2025-06-03 13:15:00,91.0,105.94050371325659,True
552,Ridge,2025-06-03 13:20:00,87.0,107.10345179751862,True
552,Ridge,2025-06-03 13:25:00,85.0,103.39111823543584,True
552,Ridge,2025-06-03 13:30:00,88.0,82.9566597832925,True
552,Ridge,2025-06-03 13:35:00,85.0,94.08529453579847,True
552,Ridge,2025-06-03 13:40:00,81.0,101.43874916459386,True
552,Ridge,2025-06-03 13:45:00,83.0,97.96082136323744,True
552,Ridge,2025-06-03 13:50:00,85.0,89.1189744241635,True
552,Ridge,2025-06-03 13:55:00,90.0,90.07960559698252,True
552,Ridge,2025-06-03 14:00:00,91.0,99.7995733506774,True
552,Ridge,2025-06-03 14:05:00,90.0,88.62103938105352,True
552,Ridge,2025-06-03 14:10:00,89.0,83.97412947491192,True
552,Ridge,2025-06-03 14:15:00,87.0,93.97076513624286,True
552,Ridge,2025-06-03 14:20:00,85.0,95.81705238459617,True
552,Ridge,2025-06-03 14:25:00,87.0,105.32602893118488,True
552,Ridge,2025-06-03 14:30:00,87.0,100.85954702588083,True
552,Ridge,2025-06-03 14:35:00,92.0,98.13983893874918,True
552,Ridge,2025-06-03 14:40:00,88.0,96.99316251127252,True
552,Ridge,2025-06-03 14:45:00,86.0,93.14544149242963,True
552,Ridge,2025-06-03 14:50:00,91.0,90.91397656324972,True
552,Ridge,2025-06-03 14:55:00,96.0,98.32992459456707,True
552,Ridge,2025-06-03 15:00:00,101.0,95.569149603984,True
552,Ridge,2025-06-03 15:05:00,105.0,107.54925839757098,True
552,Ridge,2025-06-03 15:10:00,110.0,91.04019608740943,True
552,Ridge,2025-06-03 15:15:00,117.0,92.73630274130845,True
552,Ridge,2025-06-03 15:20:00,117.0,106.47642237505286,True
552,Ridge,2025-06-03 15:25:00,116.0,111.42641026393369,True
552,Ridge,2025-06-03 15:30:00,114.0,116.8376682169235,True
552,Ridge,2025-06-03 15:35:00,114.0,119.46712556847295,True
552,Ridge,2025-06-03 15:40:00,114.0,125.94198794317379,True
552,Ridge,2025-06-03 15:45:00,113.0,135.386671021519,True
552,Ridge,2025-06-03 15:50:00,113.0,125.71390273073223,True
552,Ridge,2025-06-03 15:55:00,113.0,123.69099900922264,True
552,Ridge,2025-06-03 16:00:00,113.0,119.36216441367239,True
552,Ridge,2025-06-03 16:05:00,113.0,121.59961858916,True
552,Ridge,2025-06-03 16:10:00,113.0,120.61043038969288,True
552,Ridge,2025-06-03 16:15:00,113.0,118.22427449910435,True
552,Ridge,2025-06-03 16:50:00,112.0,137.35657143587582,False
552,Ridge,2025-06-03 16:55:00,111.0,135.98126280120422,False
552,Ridge,2025-06-03 17:00:00,108.0,136.707442162003,False
552,Ridge,2025-06-03 17:05:00,105.0,137.00176332150502,False
552,Ridge,2025-06-03 17:10:00,105.0,137.45579729397605,False
552,Ridge,2025-06-03 17:15:00,105.0,158.4894482219606,False
552,Ridge,2025-06-03 17:20:00,104.0,117.7290652441171,True
552,Ridge,2025-06-03 17:25:00,102.0,117.56139067650224,True
552,Ridge,2025-06-03 17:30:00,103.0,109.67396300501207,True
552,Ridge,2025-06-03 17:35:00,103.0,106.2131138651502,True
552,Ridge,2025-06-03 17:40:00,102.0,109.80823030353798,True
552,Ridge,2025-06-03 17:45:00,102.0,112.23117764311084,True
552,Ridge,2025-06-03 17:50:00,105.0,109.19052897560502,True
552,Ridge,2025-06-03 17:55:00,107.0,105.14249097570794,True
552,Ridge,2025-06-03 18:00:00,108.0,111.32779463442047,True
552,Ridge,2025-06-03 18:05:00,108.0,109.90040381705417,True
552,Ridge,2025-06-03 18:10:00,111.0,107.89321812868346,True
552,Ridge,2025-06-03 18:15:00,111.0,109.18979039959478,True
552,Ridge,2025-06-03 18:20:00,111.0,115.7251111785043,True
552,Ridge,2025-06-03 18:25:00,112.0,116.34821221963279,True
552,Ridge,2025-06-03 18:30:00,111.0,116.26858903025868,True
552,Ridge,2025-06-03 18:35:00,111.0,115.00808304235139,True
552,Ridge,2025-06-03 18:40:00,113.0,122.18787986562921,True
552,Ridge,2025-06-03 18:45:00,117.0,117.83422941442988,True
552,Ridge,2025-06-03 18:50:00,117.0,118.0464531366235,True
552,Ridge,2025-06-03 18:55:00,118.0,120.09453638478342,True
552,Ridge,2025-06-03 19:00:00,120.0,116.31258440550067,True
552,Ridge,2025-06-03 19:05:00,118.0,117.61314934254224,True
552,Ridge,2025-06-03 19:10:00,116.0,121.97118275559532,True
552,Ridge,2025-06-03 19:15:00,117.0,128.71852254299984,True
552,Ridge,2025-06-03 19:20:00,129.0,123.39122251147555,True
552,Ridge,2025-06-03 19:25:00,131.0,125.92885820289058,True
552,Ridge,2025-06-03 19:30:00,145.0,128.84042548014187,True
552,Ridge,2025-06-03 19:35:00,160.0,121.32398422327597,True
552,Ridge,2025-06-03 19:40:00,173.0,117.5455890115695,True
552,Ridge,2025-06-03 19:45:00,182.0,123.9010681143443,True
552,Ridge,2025-06-03 19:50:00,188.0,162.62231199514093,True
552,Ridge,2025-06-03 19:55:00,189.0,149.20954162945733,True
552,Ridge,2025-06-03 20:00:00,183.0,179.60297468105296,True
552,Ridge,2025-06-03 20:05:00,174.0,191.4597938949246,True
552,Ridge,2025-06-03 20:10:00,165.0,199.97476303225034,True
552,Ridge,2025-06-03 20:15:00,156.0,201.38058646036563,True
552,Ridge,2025-06-03 20:20:00,149.0,200.01926766060402,True
552,Ridge,2025-06-03 20:25:00,142.0,191.35854654201907,True
552,Ridge,2025-06-03 20:30:00,131.0,174.67351951680175,True
552,Ridge,2025-06-03 20:35:00,120.0,160.17797486894688,True
552,Ridge,2025-06-03 20:40:00,113.0,148.92421972397972,True
552,Ridge,2025-06-03 20:45:00,109.0,138.33637219351408,True
552,Ridge,2025-06-03 20:50:00,107.0,133.8915769296352,True
552,Ridge,2025-06-03 20:55:00,105.0,126.36579432137444,True
552,Ridge,2025-06-03 21:00:00,108.0,110.66203118684595,True
552,Ridge,2025-06-03 21:05:00,114.0,100.01126879683405,True
552,Ridge,2025-06-03 21:10:00,120.0,98.48426868925111,True
552,Ridge,2025-06-03 21:15:00,124.0,99.04153453390025,True
552,Ridge,2025-06-03 21:20:00,125.0,100.92111486744972,True
552,Ridge,2025-06-03 21:25:00,127.0,100.22246071857418,True
552,Ridge,2025-06-03 21:30:00,129.0,111.44301170975285,True
552,Ridge,2025-06-03 21:35:00,129.0,122.62024029760482,True
552,Ridge,2025-06-03 21:40:00,128.0,130.02805984823465,True
552,Ridge,2025-06-03 21:45:00,125.0,132.52954852400364,True
552,Ridge,2025-06-03 21:50:00,121.0,131.00198319754503,True
552,Ridge,2025-06-03 21:55:00,121.0,134.57370066112784,True
552,Ridge,2025-06-03 22:00:00,119.0,136.23231159579126,True
552,Ridge,2025-06-03 22:05:00,119.0,133.4827514624037,True
552,Ridge,2025-06-03 22:10:00,118.0,131.13237225699356,True
552,Ridge,2025-06-03 22:15:00,112.0,125.03181958790196,True
552,Ridge,2025-06-03 22:20:00,112.0,119.14447822841484,True
552,Ridge,2025-06-03 22:25:00,118.0,124.09133847998166,True
552,Ridge,2025-06-03 22:30:00,123.0,119.14741743416565,True
552,Ridge,2025-06-03 22:35:00,126.0,122.37853089764286,True
552,Ridge,2025-06-03 22:40:00,134.0,119.83201546295965,True
552,Ridge,2025-06-03 22:45:00,142.0,107.12014841714978,True
552,Ridge,2025-06-03 22:50:00,147.0,115.36569027349515,True
552,Ridge,2025-06-03 22:55:00,151.0,129.21768266102137,True
552,Ridge,2025-06-03 23:00:00,154.0,133.45438291088715,True
552,Ridge,2025-06-03 23:05:00,157.0,134.48825020577834,True
552,Ridge,2025-06-03 23:10:00,159.0,149.54920972739316,True
552,Ridge,2025-06-03 23:15:00,162.0,157.36804624088842,True
552,Ridge,2025-06-03 23:20:00,161.0,158.7372988134803,True
552,Ridge,2025-06-03 23:25:00,163.0,161.57363108070254,True
552,Ridge,2025-06-03 23:30:00,164.0,162.8295160321984,True
552,Ridge,2025-06-03 23:35:00,166.0,166.18157756298731,True
552,Ridge,2025-06-03 23:40:00,166.0,166.01568874487884,True
552,Ridge,2025-06-03 23:45:00,166.0,169.77877396398253,True
552,Ridge,2025-06-03 23:50:00,166.0,161.2049910640785,True
552,Ridge,2025-06-03 23:55:00,165.0,168.48212713929797,True
552,Ridge,2025-06-04 00:00:00,164.0,167.03015567042945,True
552,Ridge,2025-06-04 00:05:00,163.0,170.16410575849352,True
552,Ridge,2025-06-04 00:10:00,162.0,167.1414074464085,True
552,Ridge,2025-06-04 00:15:00,161.0,166.9454797530147,True
552,Ridge,2025-06-04 00:20:00,162.0,166.48090699229488,True
552,Ridge,2025-06-04 00:25:00,163.0,163.82026995177657,True
552,Ridge,2025-06-04 00:30:00,164.0,162.6171348389135,True
552,Ridge,2025-06-04 00:35:00,163.0,161.38074825973715,True
552,Ridge,2025-06-04 00:40:00,163.0,160.23298200653417,True
552,Ridge,2025-06-04 00:45:00,162.0,159.13003590161435,True
552,Ridge,2025-06-04 00:50:00,162.0,162.75663930988742,True
552,Ridge,2025-06-04 00:55:00,162.0,163.90169029063372,True
552,Ridge,2025-06-04 01:00:00,165.0,165.13886971866543,True
552,Ridge,2025-06-04 01:05:00,166.0,161.5180069434564,True
552,Ridge,2025-06-04 01:10:00,165.0,162.94248039242063,True
552,Ridge,2025-06-04 01:15:00,164.0,160.40112693198805,True
552,Ridge,2025-06-04 01:20:00,164.0,161.8451115627616,True
552,Ridge,2025-06-04 01:25:00,163.0,161.69305030925761,True
552,Ridge,2025-06-04 01:30:00,163.0,168.9144942667502,True
552,Ridge,2025-06-04 01:35:00,163.0,167.1304367930787,True
552,Ridge,2025-06-04 01:40:00,162.0,163.75276783827658,True
552,Ridge,2025-06-04 01:45:00,160.0,162.69496011009298,True
552,Ridge,2025-06-04 01:50:00,158.0,163.83677714231086,True
552,Ridge,2025-06-04 01:55:00,157.0,161.42442101340086,True
552,Ridge,2025-06-04 02:00:00,155.0,162.79212836823137,True
552,Ridge,2025-06-04 02:05:00,153.0,162.64235751263408,True
552,Ridge,2025-06-04 02:10:00,152.0,160.390027638767,True
552,Ridge,2025-06-04 02:15:00,152.0,156.95337299330959,True
552,Ridge,2025-06-04 02:20:00,154.0,154.89531705265614,True
552,Ridge,2025-06-04 02:25:00,156.0,155.19107303822466,True
552,Ridge,2025-06-04 02:30:00,157.0,151.84254875995302,True
552,Ridge,2025-06-04 02:35:00,158.0,149.87066157918073,True
552,Ridge,2025-06-04 02:40:00,158.0,150.1853727502518,True
552,Ridge,2025-06-04 02:45:00,160.0,151.68648179140848,True
552,Ridge,2025-06-04 02:50:00,167.0,156.70189579695003,True
552,Ridge,2025-06-04 02:55:00,168.0,158.9585618165449,True
552,Ridge,2025-06-04 03:00:00,166.0,159.04529031153658,True
552,Ridge,2025-06-04 03:05:00,163.0,160.23160259694876,True
552,Ridge,2025-06-04 03:10:00,162.0,158.83785379750674,True
552,Ridge,2025-06-04 03:15:00,162.0,163.6195823422718,True
552,Ridge,2025-06-04 03:20:00,163.0,177.27121663911745,True
552,Ridge,2025-06-04 03:25:00,163.0,170.1281007421515,True
552,Ridge,2025-06-04 03:30:00,163.0,164.57685104330463,True
552,Ridge,2025-06-04 03:35:00,163.0,159.5802462094261,True
552,Ridge,2025-06-04 03:40:00,162.0,160.98336659348215,True
552,Ridge,2025-06-04 03:45:00,160.0,163.04200147485025,True
552,Ridge,2025-06-04 03:50:00,158.0,165.28330951223654,True
552,Ridge,2025-06-04 03:55:00,156.0,163.90158959245844,True
552,Ridge,2025-06-04 04:00:00,155.0,163.68222833454243,True
552,Ridge,2025-06-04 04:05:00,154.0,163.28889472581128,True
552,Ridge,2025-06-04 04:10:00,159.0,160.71976695957136,True
552,Ridge,2025-06-04 04:15:00,160.0,157.22839796438976,True
552,Ridge,2025-06-04 04:20:00,158.0,155.06082723831696,True
552,Ridge,2025-06-04 04:25:00,159.0,152.5326363297553,True
552,Ridge,2025-06-04 04:30:00,157.0,152.74817867149665,True
552,Ridge,2025-06-04 04:35:00,154.0,151.73694170469793,True
552,Ridge,2025-06-04 04:40:00,152.0,165.31630270861552,True
552,Ridge,2025-06-04 04:45:00,151.0,161.0020536737473,True
552,Ridge,2025-06-04 04:50:00,150.0,155.7770497607351,True
552,Ridge,2025-06-04 04:55:00,149.0,160.757110761456,True
552,Ridge,2025-06-04 05:00:00,148.0,154.39617311628476,True
552,Ridge,2025-06-04 05:05:00,147.0,150.28311152243018,True
552,Ridge,2025-06-04 05:10:00,149.0,149.2436537935686,True
552,Ridge,2025-06-04 05:15:00,150.0,149.48161115284393,True
552,Ridge,2025-06-04 05:20:00,148.0,148.51012996907963,True
552,Ridge,2025-06-04 05:25:00,145.0,147.66236680653526,True
552,Ridge,2025-06-04 05:30:00,144.0,146.93028668522513,True
552,Ridge,2025-06-04 05:35:00,143.0,146.17676079635973,True
552,Ridge,2025-06-04 05:40:00,143.0,152.6094255905757,True
552,Ridge,2025-06-04 05:45:00,142.0,152.16597636080937,True
552,Ridge,2025-06-04 05:50:00,140.0,146.48554589008722,True
552,Ridge,2025-06-04 05:55:00,139.0,142.29252343632186,True
552,Ridge,2025-06-04 06:00:00,137.0,143.68850565176257,True
552,Ridge,2025-06-04 06:05:00,136.0,142.4902245560912,True
552,Ridge,2025-06-04 06:10:00,137.0,144.10938863919364,True
552,Ridge,2025-06-04 06:15:00,139.0,141.9277218733056,True
552,Ridge,2025-06-04 06:20:00,136.0,138.8335781769006,True
552,Ridge,2025-06-04 06:25:00,133.0,139.20277568196886,True
552,Ridge,2025-06-04 06:30:00,131.0,135.7715423972494,True
552,Ridge,2025-06-04 06:35:00,129.0,136.38832809501267,True
552,Ridge,2025-06-04 06:40:00,127.0,140.26522563521877,True
552,Ridge,2025-06-04 06:45:00,125.0,143.79580284212417,True
552,Ridge,2025-06-04 06:50:00,125.0,134.1606548534255,True
552,Ridge,2025-06-04 06:55:00,128.0,131.48780409935955,True
552,Ridge,2025-06-04 07:00:00,129.0,130.54459949271305,True
552,Ridge,2025-06-04 07:05:00,127.0,128.4699702757142,True
552,Ridge,2025-06-04 07:10:00,129.0,126.54582890630134,True
552,Ridge,2025-06-04 07:15:00,129.0,124.63837527591964,True
552,Ridge,2025-06-04 07:20:00,127.0,127.57242683472182,True
552,Ridge,2025-06-04 07:25:00,131.0,134.8670057480076,True
552,Ridge,2025-06-04 07:30:00,133.0,133.47875431977022,True
552,Ridge,2025-06-04 07:35:00,132.0,128.06962937637365,True
552,Ridge,2025-06-04 07:40:00,134.0,135.75492602435997,True
552,Ridge,2025-06-04 07:45:00,134.0,132.58585365440769,True
552,Ridge,2025-06-04 07:50:00,135.0,128.23705976734686,True
552,Ridge,2025-06-04 07:55:00,135.0,140.38622818144825,True
552,Ridge,2025-06-04 08:00:00,133.0,139.43704805284182,True
552,Ridge,2025-06-04 08:05:00,131.0,134.932135088683,True
552,Ridge,2025-06-04 08:10:00,126.0,140.91886201809598,True
552,Ridge,2025-06-04 08:15:00,125.0,138.75182138970928,True
552,Ridge,2025-06-04 08:20:00,122.0,141.40671962862046,True
552,Ridge,2025-06-04 08:25:00,121.0,139.70458656871511,True
552,Ridge,2025-06-04 08:30:00,120.0,134.6798731530665,True
552,Ridge,2025-06-04 08:35:00,116.0,132.2451827199631,True
552,Ridge,2025-06-04 08:40:00,111.0,122.62591018134141,True
552,Ridge,2025-06-04 08:45:00,107.0,126.6911822230272,True
552,Ridge,2025-06-04 08:50:00,106.0,120.35590884183145,True
552,Ridge,2025-06-04 08:55:00,102.0,122.65916262121655,True
552,Ridge,2025-06-04 09:00:00,98.0,121.46448805178568,True
552,Ridge,2025-06-04 09:05:00,97.0,113.62332405782234,True
552,Ridge,2025-06-04 09:10:00,96.0,107.51602598318098,True
552,Ridge,2025-06-04 09:15:00,96.0,104.69130028708531,True
552,Ridge,2025-06-04 09:20:00,101.0,107.87748650837554,True
552,Ridge,2025-06-04 09:25:00,110.0,99.906187118354,True
552,Ridge,2025-06-04 09:30:00,122.0,96.48509754872943,True
552,Ridge,2025-06-04 09:35:00,131.0,99.72080292712383,True
552,Ridge,2025-06-04 09:40:00,141.0,98.9605407209391,True
552,Ridge,2025-06-04 09:45:00,150.0,101.12098473793557,True
552,Ridge,2025-06-04 09:50:00,157.0,113.44284248517094,True
552,Ridge,2025-06-04 09:55:00,160.0,128.39253092230132,True
552,Ridge,2025-06-04 10:00:00,160.0,145.07814061737903,True
552,Ridge,2025-06-04 10:05:00,160.0,150.44102114623152,True
552,Ridge,2025-06-04 10:10:00,157.0,162.4360488208592,True
552,Ridge,2025-06-04 10:15:00,153.0,169.93410134986,True
552,Ridge,2025-06-04 10:20:00,154.0,177.65923733632718,True
552,Ridge,2025-06-04 10:25:00,157.0,173.3259351200355,True
552,Ridge,2025-06-04 10:30:00,160.0,169.16925977078768,True
552,Ridge,2025-06-04 10:35:00,163.0,167.28369614223237,True
552,Ridge,2025-06-04 10:40:00,167.0,158.2188208385019,True
552,Ridge,2025-06-04 10:45:00,172.0,151.4518198913829,True
552,Ridge,2025-06-04 10:50:00,169.0,163.08023550734006,True
552,Ridge,2025-06-04 10:55:00,162.0,167.035872978807,True
552,Ridge,2025-06-04 11:00:00,152.0,169.37974621883453,True
552,Ridge,2025-06-04 11:05:00,140.0,170.7849504302025,True
552,Ridge,2025-06-04 11:10:00,129.0,174.8007719969085,True
552,Ridge,2025-06-04 11:15:00,119.0,180.0460488532941,True
552,Ridge,2025-06-04 11:20:00,110.0,164.9027429786661,True
552,Ridge,2025-06-04 11:25:00,103.0,151.8379275721398,True
552,Ridge,2025-06-04 11:30:00,95.0,136.27920132803638,True
552,Ridge,2025-06-04 11:35:00,88.0,120.5266554649007,True
552,Ridge,2025-06-04 11:40:00,70.0,109.65073275142308,True
552,Ridge,2025-06-04 11:45:00,63.0,100.46151831787066,True
552,Ridge,2025-06-04 11:50:00,60.0,93.46023825218064,True
552,Ridge,2025-06-04 11:55:00,60.0,89.83038690637498,True
552,Ridge,2025-06-04 12:00:00,65.0,81.2953051573363,True
552,Ridge,2025-06-04 12:05:00,70.0,76.88805861649449,True
552,Ridge,2025-06-04 12:10:00,78.0,44.59914976528903,True
552,Ridge,2025-06-04 12:15:00,87.0,53.716417603701245,True
552,Ridge,2025-06-04 12:20:00,93.0,55.67768380722269,True
552,Ridge,2025-06-04 12:25:00,100.0,61.70950463861371,True
552,Ridge,2025-06-04 12:30:00,106.0,75.30831101491431,True
552,Ridge,2025-06-04 12:35:00,112.0,82.27687168990803,True
552,Ridge,2025-06-04 12:40:00,121.0,96.21983659301229,True
552,Ridge,2025-06-04 12:45:00,129.0,107.47835630634377,True
552,Ridge,2025-06-04 12:50:00,135.0,132.795812227621,True
552,Ridge,2025-06-04 12:55:00,139.0,139.03236988640606,True
552,Ridge,2025-06-04 13:00:00,141.0,141.43069959213742,True
552,Ridge,2025-06-04 13:05:00,137.0,141.04776770003653,True
552,Ridge,2025-06-04 13:10:00,130.0,148.3383287685459,True
552,Ridge,2025-06-04 13:15:00,122.0,151.06798667208096,True
552,Ridge,2025-06-04 13:20:00,120.0,149.21249739700627,True
552,Ridge,2025-06-04 13:25:00,118.0,147.32320576085618,True
552,Ridge,2025-06-04 13:30:00,118.0,144.6622811938142,True
552,Ridge,2025-06-04 13:35:00,119.0,131.9702320765921,True
552,Ridge,2025-06-04 13:40:00,120.0,119.51988297379789,True
552,Ridge,2025-06-04 13:45:00,123.0,108.52981287017299,True
552,Ridge,2025-06-04 13:50:00,123.0,114.60535479847273,True
552,Ridge,2025-06-04 13:55:00,121.0,112.23273254986651,True
552,Ridge,2025-06-04 14:00:00,122.0,115.79350592124672,True
552,Ridge,2025-06-04 14:05:00,122.0,118.8786922968352,True
552,Ridge,2025-06-04 14:10:00,126.0,120.95557007497351,True
552,Ridge,2025-06-04 14:15:00,133.0,127.36486037694716,True
552,Ridge,2025-06-04 14:20:00,138.0,123.2628723149247,True
552,Ridge,2025-06-04 14:25:00,144.0,119.72961959623856,True
552,Ridge,2025-06-04 14:30:00,153.0,124.94016595714157,True
552,Ridge,2025-06-04 14:35:00,164.0,123.40546552650196,True
552,Ridge,2025-06-04 14:40:00,170.0,133.33558733966225,True
552,Ridge,2025-06-04 14:45:00,179.0,144.52788700073515,True
552,Ridge,2025-06-04 14:50:00,190.0,146.8542528735968,True
552,Ridge,2025-06-04 14:55:00,199.0,155.4515762782609,True
552,Ridge,2025-06-04 15:00:00,210.0,168.57130230073633,True
552,Ridge,2025-06-04 15:05:00,218.0,182.43351329331404,True
552,Ridge,2025-06-04 15:10:00,224.0,181.7938120348892,True
552,Ridge,2025-06-04 15:15:00,233.0,195.09787699367277,True
552,Ridge,2025-06-04 15:20:00,242.0,207.91853036163045,True
552,Ridge,2025-06-04 15:25:00,250.0,213.8980878359429,True
552,Ridge,2025-06-04 15:30:00,258.0,227.3978494817987,True
552,Ridge,2025-06-04 15:35:00,266.0,230.49793173588768,True
552,Ridge,2025-06-04 15:40:00,272.0,233.55875764281126,True
552,Ridge,2025-06-04 15:45:00,277.0,245.6653494605462,True
552,Ridge,2025-06-04 15:50:00,282.0,258.3132556451357,True
552,Ridge,2025-06-04 15:55:00,284.0,263.7772972554605,True
552,Ridge,2025-06-04 16:00:00,277.0,270.5588074292572,True
552,Ridge,2025-06-04 16:05:00,275.0,276.21800303167515,True
552,Ridge,2025-06-04 16:10:00,273.0,277.3255108745846,True
552,Ridge,2025-06-04 16:15:00,270.0,279.40176757474586,True
552,Ridge,2025-06-04 16:20:00,273.0,284.9825037985369,True
552,Ridge,2025-06-04 16:25:00,270.0,280.9489919843563,True
552,Ridge,2025-06-04 16:30:00,265.0,260.32822698815164,True
552,Ridge,2025-06-04 16:35:00,266.0,263.4001002332596,True
552,Ridge,2025-06-04 16:40:00,264.0,258.77281087210446,True
552,Ridge,2025-06-04 16:45:00,264.0,253.58289663085395,True
552,Ridge,2025-06-04 16:50:00,263.0,260.87787707412735,True
552,Ridge,2025-06-04 16:55:00,260.0,251.8339475135825,True
552,Ridge,2025-06-04 17:00:00,259.0,244.61690080062857,True
552,Ridge,2025-06-04 17:05:00,258.0,253.4738428068705,True
552,Ridge,2025-06-04 17:10:00,257.0,247.11172274920227,True
552,Ridge,2025-06-04 17:15:00,256.0,250.6470221576545,True
552,Ridge,2025-06-04 17:20:00,257.0,248.440555102399,True
552,Ridge,2025-06-04 17:25:00,257.0,243.14517724913182,True
552,Ridge,2025-06-04 17:30:00,253.0,244.8170533835101,True
552,Ridge,2025-06-04 17:35:00,248.0,244.00008587670231,True
552,Ridge,2025-06-04 17:40:00,245.0,243.4801716121288,True
552,Ridge,2025-06-04 17:45:00,243.0,242.79158068296368,True
552,Ridge,2025-06-04 17:50:00,242.0,251.243075360128,True
552,Ridge,2025-06-04 17:55:00,238.0,250.40024842514987,True
552,Ridge,2025-06-04 18:00:00,239.0,240.77022272221984,True
552,Ridge,2025-06-04 18:05:00,235.0,233.09825749741572,True
552,Ridge,2025-06-04 18:10:00,234.0,231.12881493192265,True
552,Ridge,2025-06-04 18:15:00,238.0,229.41021486487182,True
552,Ridge,2025-06-04 18:20:00,232.0,239.95392168085232,True
552,Ridge,2025-06-04 18:25:00,223.0,229.97364719953094,True
552,Ridge,2025-06-04 18:30:00,210.0,237.04849011299876,True
552,Ridge,2025-06-04 18:35:00,195.0,222.92383701460022,True
552,Ridge,2025-06-04 18:40:00,181.0,224.09930635869677,True
552,Ridge,2025-06-04 18:45:00,167.0,232.83519930737737,True
552,Ridge,2025-06-04 18:50:00,155.0,211.37778553028036,True
552,Ridge,2025-06-04 18:55:00,144.0,197.67730830914815,True
552,Ridge,2025-06-04 19:00:00,135.0,177.47868755288494,True
552,Ridge,2025-06-04 19:05:00,129.0,159.44966348661637,True
552,Ridge,2025-06-04 19:10:00,125.0,145.90624061750273,True
552,Ridge,2025-06-04 19:15:00,118.0,131.66183136769146,True
552,Ridge,2025-06-04 19:20:00,122.0,123.52594448137097,True
552,Ridge,2025-06-04 19:25:00,125.0,114.74666719305196,True
552,Ridge,2025-06-04 19:30:00,128.0,110.05987974354949,True
552,Ridge,2025-06-04 19:35:00,132.0,109.6476197016677,True
552,Ridge,2025-06-04 19:40:00,138.0,110.4445662506545,True
552,Ridge,2025-06-04 19:45:00,144.0,101.38507993298524,True
552,Ridge,2025-06-04 19:50:00,144.0,121.4373328359878,True
552,Ridge,2025-06-04 19:55:00,144.0,124.76804696688765,True
552,Ridge,2025-06-04 20:00:00,144.0,130.2072532459672,True
552,Ridge,2025-06-04 20:05:00,150.0,136.81118159222171,True
552,Ridge,2025-06-04 20:10:00,154.0,146.6686071971593,True
552,Ridge,2025-06-04 20:15:00,160.0,153.5163268807425,True
552,Ridge,2025-06-04 20:20:00,166.0,145.7031559347476,True
552,Ridge,2025-06-04 20:25:00,171.0,146.64569804884846,True
552,Ridge,2025-06-04 20:30:00,179.0,146.3458467812446,True
552,Ridge,2025-06-04 20:35:00,185.0,160.51555160785458,True
552,Ridge,2025-06-04 20:40:00,190.0,161.438816866654,True
552,Ridge,2025-06-04 20:45:00,199.0,170.62501688710705,True
552,Ridge,2025-06-04 20:50:00,209.0,176.69927731949673,True
552,Ridge,2025-06-04 20:55:00,216.0,180.24771891315496,True
552,Ridge,2025-06-04 21:00:00,218.0,197.16387440590842,True
552,Ridge,2025-06-04 21:05:00,220.0,199.39424084137733,True
552,Ridge,2025-06-04 21:10:00,221.0,202.66809893392963,True
552,Ridge,2025-06-04 21:15:00,221.0,215.04305379405767,True
552,Ridge,2025-06-04 21:20:00,220.0,224.32109977840264,True
552,Ridge,2025-06-04 21:25:00,217.0,226.1871585500702,True
552,Ridge,2025-06-04 21:30:00,210.0,221.32099313073357,True
552,Ridge,2025-06-04 21:35:00,203.0,222.05515554629022,True
552,Ridge,2025-06-04 21:40:00,197.0,220.05966855874692,True
552,Ridge,2025-06-04 21:45:00,189.0,217.67654543602643,True
552,Ridge,2025-06-04 21:50:00,185.0,213.30203642196724,True
552,Ridge,2025-06-04 21:55:00,182.0,207.22951171884014,True
552,Ridge,2025-06-04 22:00:00,181.0,193.92955825297832,True
552,Ridge,2025-06-04 22:05:00,182.0,185.92766746894452,True
552,Ridge,2025-06-04 22:10:00,183.0,180.40417408800658,True
552,Ridge,2025-06-04 22:15:00,186.0,169.5135943394724,True
552,Ridge,2025-06-04 22:20:00,188.0,169.50217759603197,True
552,Ridge,2025-06-04 22:25:00,192.0,169.1108025889527,True
552,Ridge,2025-06-04 22:30:00,197.0,171.65430926886728,True
552,Ridge,2025-06-04 22:35:00,196.0,176.26166171574977,True
552,Ridge,2025-06-04 22:40:00,193.0,178.33367730098917,True
552,Ridge,2025-06-04 22:45:00,192.0,185.08247424799487,True
552,Ridge,2025-06-04 22:50:00,193.0,187.8067706909695,True
552,Ridge,2025-06-04 22:55:00,192.0,194.96723673590157,True
552,Ridge,2025-06-04 23:00:00,191.0,201.31883572863345,True
552,Ridge,2025-06-04 23:05:00,191.0,192.1439899641037,True
552,Ridge,2025-06-04 23:10:00,190.0,186.49030668300745,True
552,Ridge,2025-06-04 23:15:00,188.0,187.42850474728547,True
552,Ridge,2025-06-04 23:20:00,188.0,190.5871008421867,True
552,Ridge,2025-06-04 23:25:00,189.0,186.59552206234562,True
552,Ridge,2025-06-04 23:30:00,190.0,185.7439336179716,True
552,Ridge,2025-06-04 23:35:00,191.0,187.07110580147366,True
552,Ridge,2025-06-04 23:40:00,192.0,184.56188837173448,True
552,Ridge,2025-06-04 23:45:00,199.0,181.24826324607164,True
552,Ridge,2025-06-04 23:50:00,204.0,184.03515112138726,True
552,Ridge,2025-06-04 23:55:00,204.0,186.4814781722648,True
552,Ridge,2025-06-05 00:00:00,205.0,187.67391812424424,True
552,Ridge,2025-06-05 00:05:00,207.0,188.64878800489336,True
552,Ridge,2025-06-05 00:10:00,209.0,189.79866735459512,True
552,Ridge,2025-06-05 00:15:00,212.0,205.18189845753741,True
552,Ridge,2025-06-05 00:20:00,214.0,207.38151940364165,True
552,Ridge,2025-06-05 00:25:00,215.0,201.1523103724943,True
552,Ridge,2025-06-05 00:30:00,214.0,203.55993673888028,True
552,Ridge,2025-06-05 00:35:00,214.0,206.41069469746066,True
552,Ridge,2025-06-05 00:40:00,216.0,208.23653793694552,True
552,Ridge,2025-06-05 00:45:00,217.0,212.4187706918529,True
552,Ridge,2025-06-05 00:50:00,218.0,212.95506219463005,True
552,Ridge,2025-06-05 00:55:00,218.0,212.54928371040447,True
552,Ridge,2025-06-05 01:00:00,219.0,207.78158581282344,True
552,Ridge,2025-06-05 01:05:00,220.0,209.5049363033114,True
552,Ridge,2025-06-05 01:10:00,219.0,213.92255122182254,True
552,Ridge,2025-06-05 01:15:00,218.0,213.57427328369963,True
552,Ridge,2025-06-05 01:20:00,216.0,214.45817906277162,True
552,Ridge,2025-06-05 01:25:00,214.0,212.72663465970223,True
552,Ridge,2025-06-05 01:30:00,211.0,214.904100746334,True
552,Ridge,2025-06-05 01:35:00,205.0,215.89178795223688,True
552,Ridge,2025-06-05 01:40:00,203.0,212.16682100279593,True
552,Ridge,2025-06-05 01:45:00,207.0,211.17142547158173,True
552,Ridge,2025-06-05 01:50:00,209.0,207.4182789497309,True
552,Ridge,2025-06-05 01:55:00,209.0,205.18295213751932,True
552,Ridge,2025-06-05 02:00:00,209.0,200.47096767053964,True
552,Ridge,2025-06-05 02:05:00,209.0,190.276337477433,True
552,Ridge,2025-06-05 02:10:00,209.0,193.70671656029398,True
552,Ridge,2025-06-05 02:15:00,209.0,205.57873931526103,True
552,Ridge,2025-06-05 02:20:00,208.0,205.26961117676746,True
552,Ridge,2025-06-05 02:25:00,206.0,203.4732736145588,True
552,Ridge,2025-06-05 02:30:00,205.0,203.79265227354642,True
552,Ridge,2025-06-05 02:35:00,205.0,203.83071391407083,True
552,Ridge,2025-06-05 02:40:00,206.0,203.86196063985722,True
552,Ridge,2025-06-05 02:45:00,209.0,203.94292603444438,True
552,Ridge,2025-06-05 02:50:00,210.0,201.40789220132768,True
552,Ridge,2025-06-05 02:55:00,210.0,198.17936475122042,True
552,Ridge,2025-06-05 03:00:00,210.0,198.30735201643733,True
552,Ridge,2025-06-05 03:05:00,210.0,199.48741977836676,True
552,Ridge,2025-06-05 03:10:00,210.0,202.2037642179605,True
552,Ridge,2025-06-05 03:15:00,210.0,208.28832577707067,True
552,Ridge,2025-06-05 03:20:00,208.0,206.5859516608994,True
552,Ridge,2025-06-05 03:25:00,207.0,205.4722017548173,True
552,Ridge,2025-06-05 03:30:00,207.0,205.38800654265793,True
552,Ridge,2025-06-05 03:35:00,205.0,205.31845079169398,True
552,Ridge,2025-06-05 03:40:00,203.0,205.3026737236099,True
552,Ridge,2025-06-05 03:45:00,204.0,205.233635976652,True
552,Ridge,2025-06-05 03:50:00,206.0,200.35073042312817,True
552,Ridge,2025-06-05 03:55:00,206.0,200.63603374839772,True
552,Ridge,2025-06-05 04:00:00,207.0,201.76427241750486,True
552,Ridge,2025-06-05 04:05:00,207.0,197.07113437305222,True
552,Ridge,2025-06-05 04:10:00,207.0,195.22888851776864,True
552,Ridge,2025-06-05 04:15:00,207.0,200.2587434500571,True
552,Ridge,2025-06-05 04:20:00,206.0,203.54090226550485,True
552,Ridge,2025-06-05 04:25:00,206.0,201.103914460669,True
552,Ridge,2025-06-05 04:30:00,205.0,203.78524744731376,True
552,Ridge,2025-06-05 04:35:00,206.0,202.37347577807242,True
552,Ridge,2025-06-05 04:40:00,208.0,202.54217305769234,True
552,Ridge,2025-06-05 04:45:00,207.0,202.4428105144716,True
552,Ridge,2025-06-05 04:50:00,206.0,200.0296159258733,True
552,Ridge,2025-06-05 04:55:00,205.0,201.46461030842246,True
552,Ridge,2025-06-05 05:00:00,204.0,198.9111370488264,True
552,Ridge,2025-06-05 05:05:00,203.0,202.6671226337421,True
552,Ridge,2025-06-05 05:10:00,204.0,205.9496416822145,True
552,Ridge,2025-06-05 05:15:00,202.0,201.16044787143878,True
552,Ridge,2025-06-05 05:20:00,199.0,200.36533494248494,True
552,Ridge,2025-06-05 05:25:00,198.0,199.0201499956722,True
552,Ridge,2025-06-05 05:30:00,196.0,197.98495240241354,True
552,Ridge,2025-06-05 05:35:00,196.0,196.84784431985395,True
552,Ridge,2025-06-05 05:40:00,195.0,200.61702351675484,True
552,Ridge,2025-06-05 05:45:00,196.0,194.5047987454189,True
552,Ridge,2025-06-05 05:50:00,197.0,190.33217381894448,True
552,Ridge,2025-06-05 05:55:00,196.0,191.85872659672273,True
552,Ridge,2025-06-05 06:00:00,195.0,188.34092612061818,True
552,Ridge,2025-06-05 06:05:00,193.0,191.39795340784488,True
552,Ridge,2025-06-05 06:10:00,191.0,191.81059170864668,True
552,Ridge,2025-06-05 06:15:00,188.0,195.51277720211058,True
552,Ridge,2025-06-05 06:20:00,183.0,196.31240819241867,True
552,Ridge,2025-06-05 06:25:00,179.0,192.14200009205658,True
552,Ridge,2025-06-05 06:30:00,176.0,190.71728247838553,True
552,Ridge,2025-06-05 06:35:00,173.0,186.76728465420356,True
552,Ridge,2025-06-05 06:40:00,170.0,184.16061000640272,True
552,Ridge,2025-06-05 06:45:00,167.0,179.1523214057574,True
552,Ridge,2025-06-05 06:50:00,163.0,171.18707618530505,True
552,Ridge,2025-06-05 06:55:00,161.0,168.5700063802745,True
552,Ridge,2025-06-05 07:00:00,160.0,166.63075173764813,True
552,Ridge,2025-06-05 07:05:00,159.0,163.83588832593173,True
552,Ridge,2025-06-05 07:10:00,161.0,161.2774723094768,True
552,Ridge,2025-06-05 07:15:00,162.0,158.74790549988396,True
552,Ridge,2025-06-05 07:20:00,161.0,153.71763766763925,True
552,Ridge,2025-06-05 07:25:00,161.0,154.7625590792721,True
552,Ridge,2025-06-05 07:30:00,163.0,155.41834304106874,True
552,Ridge,2025-06-05 07:35:00,164.0,155.024666314452,True
552,Ridge,2025-06-05 07:40:00,163.0,161.75393419723628,True
552,Ridge,2025-06-05 07:45:00,145.0,161.80735979680253,True
552,Ridge,2025-06-05 07:50:00,144.0,158.75789525373494,True
552,Ridge,2025-06-05 07:55:00,144.0,160.4905736844583,True
552,Ridge,2025-06-05 08:00:00,141.0,165.13773927570116,True
552,Ridge,2025-06-05 08:05:00,140.0,166.13805857194382,True
552,Ridge,2025-06-05 08:10:00,138.0,162.61395488238156,True
552,Ridge,2025-06-05 08:15:00,139.0,120.6862046374235,True
552,Ridge,2025-06-05 08:20:00,146.0,142.68085046726873,True
552,Ridge,2025-06-05 08:25:00,149.0,141.7344364632932,True
552,Ridge,2025-06-05 08:30:00,157.0,144.574642882736,True
552,Ridge,2025-06-05 08:35:00,163.0,145.60285230363158,True
552,Ridge,2025-06-05 08:40:00,162.0,141.954260282086,True
552,Ridge,2025-06-05 08:45:00,156.0,145.11022864600199,True
552,Ridge,2025-06-05 08:50:00,148.0,158.2344417007506,True
552,Ridge,2025-06-05 08:55:00,140.0,154.92757453902692,True
552,Ridge,2025-06-05 09:00:00,133.0,168.97356560079177,True
552,Ridge,2025-06-05 09:05:00,127.0,170.85695240466427,True
552,Ridge,2025-06-05 09:10:00,122.0,160.17470480616106,True
552,Ridge,2025-06-05 09:15:00,116.0,147.11324160129573,True
552,Ridge,2025-06-05 09:20:00,109.0,136.05528837578447,True
552,Ridge,2025-06-05 09:25:00,101.0,126.92897920118227,True
552,Ridge,2025-06-05 09:30:00,92.0,120.65406788356063,True
552,Ridge,2025-06-05 09:35:00,77.0,115.83192976021657,True
552,Ridge,2025-06-05 09:40:00,72.0,112.4379397474627,True
552,Ridge,2025-06-05 09:45:00,68.0,105.67133256102635,True
552,Ridge,2025-06-05 09:50:00,66.0,98.07275730876796,True
552,Ridge,2025-06-05 09:55:00,66.0,89.09557317098445,True
552,Ridge,2025-06-05 10:00:00,70.0,79.36850138059556,True
552,Ridge,2025-06-05 10:05:00,74.0,56.31271985260223,True
552,Ridge,2025-06-05 10:10:00,79.0,64.9196490533029,True
552,Ridge,2025-06-05 10:15:00,81.0,62.440722685883074,True
552,Ridge,2025-06-05 10:20:00,83.0,65.03272148572442,True
552,Ridge,2025-06-05 10:25:00,84.0,69.1976670638468,True
552,Ridge,2025-06-05 10:30:00,86.0,80.45014657668631,True
552,Ridge,2025-06-05 10:35:00,87.0,85.81503989010258,True
552,Ridge,2025-06-05 10:40:00,88.0,93.47005545260835,True
552,Ridge,2025-06-05 10:45:00,90.0,92.1721367063655,True
552,Ridge,2025-06-05 10:50:00,91.0,94.93655357566948,True
552,Ridge,2025-06-05 10:55:00,92.0,94.59061518530221,True
552,Ridge,2025-06-05 11:00:00,92.0,98.02405051096329,True
552,Ridge,2025-06-05 11:05:00,92.0,97.49757465881221,True
552,Ridge,2025-06-05 11:10:00,90.0,98.9357385874234,True
552,Ridge,2025-06-05 11:15:00,91.0,102.12376723510594,True
552,Ridge,2025-06-05 11:20:00,93.0,101.64437868445518,True
552,Ridge,2025-06-05 11:25:00,93.0,102.71340390507538,True
552,Ridge,2025-06-05 11:30:00,92.0,101.25012622478819,True
552,Ridge,2025-06-05 11:35:00,93.0,101.12981363426749,True
552,Ridge,2025-06-05 11:40:00,92.0,96.12110518512148,True
552,Ridge,2025-06-05 11:45:00,89.0,100.98113886959342,True
552,Ridge,2025-06-05 11:50:00,90.0,103.96845729182539,True
552,Ridge,2025-06-05 11:55:00,92.0,101.37418604972336,True
552,Ridge,2025-06-05 12:00:00,94.0,99.0009505613973,True
552,Ridge,2025-06-05 12:05:00,95.0,102.68720110246056,True
552,Ridge,2025-06-05 12:10:00,97.0,98.80465444613729,True
552,Ridge,2025-06-05 12:15:00,96.0,93.18423818590131,True
552,Ridge,2025-06-05 12:20:00,96.0,99.46477434686605,True
552,Ridge,2025-06-05 12:25:00,97.0,102.5721089658255,True
552,Ridge,2025-06-05 12:30:00,103.0,103.63920799671459,True
552,Ridge,2025-06-05 12:35:00,108.0,104.48483855084584,True
552,Ridge,2025-06-05 12:40:00,116.0,107.99573743498482,True
552,Ridge,2025-06-05 12:45:00,129.0,103.01537729623044,True
552,Ridge,2025-06-05 12:50:00,137.0,104.54695437513789,True
552,Ridge,2025-06-05 12:55:00,144.0,106.53962637337554,True
552,Ridge,2025-06-05 13:00:00,153.0,118.3430991177506,True
552,Ridge,2025-06-05 13:05:00,158.0,122.89901051134223,True
552,Ridge,2025-06-05 13:10:00,161.0,135.30339545297244,True
552,Ridge,2025-06-05 13:15:00,162.0,160.47687656279555,True
552,Ridge,2025-06-05 13:20:00,163.0,161.13888507888407,True
552,Ridge,2025-06-05 13:25:00,164.0,166.7207201864328,True
552,Ridge,2025-06-05 13:30:00,164.0,176.17151191740658,True
552,Ridge,2025-06-05 13:35:00,165.0,173.84451499477777,True
552,Ridge,2025-06-05 13:40:00,164.0,172.80282515681563,True
552,Ridge,2025-06-05 13:45:00,160.0,168.66642045574383,True
552,Ridge,2025-06-05 13:50:00,157.0,168.20899041604002,True
552,Ridge,2025-06-05 13:55:00,156.0,167.95712926301124,True
552,Ridge,2025-06-05 14:00:00,157.0,166.02111071650086,True
552,Ridge,2025-06-05 14:05:00,156.0,167.62844111138872,True
552,Ridge,2025-06-05 14:10:00,159.0,163.36030109222983,True
552,Ridge,2025-06-05 14:15:00,161.0,155.23464074267088,True
552,Ridge,2025-06-05 14:20:00,160.0,152.90375114089707,True
552,Ridge,2025-06-05 14:25:00,162.0,154.08653953412465,True
552,Ridge,2025-06-05 14:30:00,164.0,157.7774176695384,True
552,Ridge,2025-06-05 14:35:00,165.0,154.05301764977978,True
552,Ridge,2025-06-05 14:40:00,170.0,162.9637340390203,True
552,Ridge,2025-06-05 14:45:00,175.0,163.50809517008327,True
552,Ridge,2025-06-05 14:50:00,174.0,158.98527682809282,True
552,Ridge,2025-06-05 14:55:00,177.0,165.2620442086664,True
552,Ridge,2025-06-05 15:00:00,180.0,167.05499042161327,True
552,Ridge,2025-06-05 15:05:00,181.0,168.58894217607184,True
552,Ridge,2025-06-05 15:10:00,176.0,178.73707110781282,True
552,Ridge,2025-06-05 15:15:00,176.0,183.33314925304498,True
552,Ridge,2025-06-05 15:20:00,176.0,174.15341215881446,True
552,Ridge,2025-06-05 15:25:00,175.0,182.44443500062255,True
552,Ridge,2025-06-05 15:30:00,175.0,184.49514863412827,True
552,Ridge,2025-06-05 15:35:00,175.0,182.57053818736065,True
552,Ridge,2025-06-05 15:40:00,175.0,169.10707484310356,True
552,Ridge,2025-06-05 15:45:00,172.0,175.5083289538041,True
552,Ridge,2025-06-05 15:50:00,169.0,174.5109672132153,True
552,Ridge,2025-06-05 15:55:00,174.0,172.27418690028347,True
552,Ridge,2025-06-05 16:00:00,175.0,173.52538245327028,True
552,Ridge,2025-06-05 16:05:00,176.0,173.62569071878178,True
552,Ridge,2025-06-05 16:10:00,177.0,173.86724800690496,True
552,Ridge,2025-06-05 16:15:00,177.0,166.58066281166103,True
552,Ridge,2025-06-05 16:20:00,177.0,163.48373312535452,True
552,Ridge,2025-06-05 16:25:00,175.0,179.42329767137127,True
552,Ridge,2025-06-05 16:30:00,171.0,174.7631560769512,True
552,Ridge,2025-06-05 16:35:00,166.0,176.56562988935295,True
552,Ridge,2025-06-05 16:40:00,165.0,177.28062117174954,True
552,Ridge,2025-06-05 16:45:00,168.0,176.2656637444131,True
552,Ridge,2025-06-05 16:50:00,170.0,176.31441804773266,True
552,Ridge,2025-06-05 16:55:00,168.0,171.4040412057619,True
552,Ridge,2025-06-05 17:00:00,167.0,164.6754154111346,True
552,Ridge,2025-06-05 17:05:00,166.0,157.9007864179504,True
552,Ridge,2025-06-05 17:10:00,162.0,161.95152467130586,True
552,Ridge,2025-06-05 17:15:00,159.0,169.35230642663137,True
552,Ridge,2025-06-05 17:20:00,157.0,171.220675639529,True
552,Ridge,2025-06-05 17:25:00,155.0,164.72038601050366,True
552,Ridge,2025-06-05 17:30:00,149.0,165.2520731275384,True
552,Ridge,2025-06-05 17:35:00,151.0,164.02203390729957,True
552,Ridge,2025-06-05 17:40:00,153.0,155.9427764144304,True
552,Ridge,2025-06-05 17:45:00,151.0,154.31039339450246,True
552,Ridge,2025-06-05 17:50:00,151.0,153.42098182915095,True
552,Ridge,2025-06-05 17:55:00,151.0,151.39664665213715,True
552,Ridge,2025-06-05 18:00:00,153.0,139.89133221642444,True
552,Ridge,2025-06-05 18:05:00,158.0,153.20223236792123,True
552,Ridge,2025-06-05 18:10:00,165.0,155.18283677435954,True
552,Ridge,2025-06-05 18:15:00,169.0,148.8164597864279,True
552,Ridge,2025-06-05 18:20:00,173.0,151.91454165937938,True
552,Ridge,2025-06-05 18:25:00,172.0,151.7490670372338,True
552,Ridge,2025-06-05 18:30:00,170.0,169.70268835326908,True
552,Ridge,2025-06-05 18:35:00,166.0,177.04732358110192,True
552,Ridge,2025-06-05 18:40:00,164.0,185.7393146204728,True
552,Ridge,2025-06-05 18:45:00,161.0,182.43257567642033,True
552,Ridge,2025-06-05 18:50:00,155.0,183.7838246097405,True
552,Ridge,2025-06-05 18:55:00,150.0,173.39305262611538,True
552,Ridge,2025-06-05 19:00:00,146.0,167.0337017324756,True
552,Ridge,2025-06-05 19:05:00,142.0,158.0823825382064,True
552,Ridge,2025-06-05 19:10:00,141.0,157.60028387630496,True
552,Ridge,2025-06-05 19:15:00,141.0,152.52445733291873,True
552,Ridge,2025-06-05 19:20:00,144.0,141.93276448031128,True
552,Ridge,2025-06-05 19:25:00,147.0,138.00154783138294,True
552,Ridge,2025-06-05 19:30:00,147.0,135.73126551981724,True
552,Ridge,2025-06-05 19:35:00,147.0,132.17161831523512,True
552,Ridge,2025-06-05 19:40:00,147.0,135.84820402571654,True
552,Ridge,2025-06-05 19:45:00,147.0,137.72050932213577,True
552,Ridge,2025-06-05 19:50:00,147.0,145.80120066103163,True
552,Ridge,2025-06-05 19:55:00,147.0,149.35928508520988,True
552,Ridge,2025-06-05 20:00:00,147.0,146.17250006024994,True
552,Ridge,2025-06-06 02:20:00,122.0,160.0939342359092,False
552,Ridge,2025-06-06 02:25:00,121.0,160.09404790201333,False
552,Ridge,2025-06-06 02:30:00,120.0,160.09434730765915,False
552,Ridge,2025-06-06 02:35:00,120.0,160.0948323103458,False
552,Ridge,2025-06-06 02:40:00,119.0,160.09550267923822,False
552,Ridge,2025-06-06 02:45:00,117.0,160.09635809527717,False
552,Ridge,2025-06-06 02:50:00,116.0,126.6109754380729,True
552,Ridge,2025-06-06 02:55:00,114.0,125.30053248039751,True
552,Ridge,2025-06-06 03:00:00,113.0,123.48538693678047,True
552,Ridge,2025-06-06 03:05:00,111.0,124.62600085435011,True
552,Ridge,2025-06-06 03:10:00,110.0,121.90430091377527,True
552,Ridge,2025-06-06 03:15:00,109.0,120.34197471155119,True
552,Ridge,2025-06-06 03:20:00,107.0,119.40100344260907,True
552,Ridge,2025-06-06 03:25:00,106.0,115.21428198216967,True
552,Ridge,2025-06-06 03:30:00,104.0,116.45172232976728,True
552,Ridge,2025-06-06 03:35:00,102.0,113.0214655121376,True
552,Ridge,2025-06-06 03:40:00,101.0,113.59184195789913,True
552,Ridge,2025-06-06 03:45:00,100.0,112.4378903972112,True
552,Ridge,2025-06-06 03:50:00,99.0,108.80998425062072,True
552,Ridge,2025-06-06 03:55:00,99.0,109.31707864765528,True
552,Ridge,2025-06-06 04:00:00,98.0,105.9906978213063,True
552,Ridge,2025-06-06 04:05:00,98.0,104.24481617005726,True
552,Ridge,2025-06-06 04:10:00,97.0,104.601876394311,True
552,Ridge,2025-06-06 04:15:00,96.0,103.7260889322946,True
552,Ridge,2025-06-06 04:20:00,95.0,103.02644484437067,True
552,Ridge,2025-06-06 04:25:00,94.0,104.58523675352538,True
552,Ridge,2025-06-06 04:30:00,93.0,102.44772719733973,True
552,Ridge,2025-06-06 04:35:00,92.0,104.0995892586532,True
552,Ridge,2025-06-06 04:40:00,90.0,101.81995689062205,True
552,Ridge,2025-06-06 04:45:00,88.0,101.0610272239943,True
552,Ridge,2025-06-06 04:50:00,87.0,100.04006557993196,True
552,Ridge,2025-06-06 04:55:00,87.0,99.14397829981453,True
552,Ridge,2025-06-06 05:00:00,85.0,98.17856212905201,True
552,Ridge,2025-06-06 05:05:00,84.0,97.27261042424354,True
552,Ridge,2025-06-06 05:10:00,83.0,94.01695538586893,True
552,Ridge,2025-06-06 05:15:00,82.0,92.09340058741758,True
552,Ridge,2025-06-06 05:20:00,81.0,92.44985852218237,True
552,Ridge,2025-06-06 05:25:00,79.0,93.92961367696829,True
552,Ridge,2025-06-06 05:30:00,79.0,89.35572975796501,True
552,Ridge,2025-06-06 05:35:00,81.0,90.06187072013832,True
552,Ridge,2025-06-06 05:40:00,82.0,88.9869681120956,True
552,Ridge,2025-06-06 05:45:00,81.0,88.19555691381856,True
552,Ridge,2025-06-06 05:50:00,81.0,87.314181090286,True
552,Ridge,2025-06-06 05:55:00,82.0,84.09867838208172,True
552,Ridge,2025-06-06 06:00:00,82.0,87.01540642982324,True
552,Ridge,2025-06-06 06:05:00,83.0,91.75332569888882,True
552,Ridge,2025-06-06 06:10:00,84.0,91.66144608931057,True
552,Ridge,2025-06-06 06:15:00,84.0,88.34994087010745,True
552,Ridge,2025-06-06 06:20:00,85.0,89.89752276460965,True
552,Ridge,2025-06-06 06:25:00,84.0,92.16569219938802,True
552,Ridge,2025-06-06 06:30:00,85.0,90.8260934729493,True
552,Ridge,2025-06-06 06:35:00,85.0,93.37834948834211,True
552,Ridge,2025-06-06 06:40:00,85.0,94.32058853934697,True
552,Ridge,2025-06-06 06:45:00,85.0,93.04934135931742,True
552,Ridge,2025-06-06 06:50:00,84.0,95.39599563774954,True
552,Ridge,2025-06-06 06:55:00,83.0,91.52780352686302,True
552,Ridge,2025-06-06 07:00:00,83.0,95.4959487711422,True
552,Ridge,2025-06-06 07:05:00,83.0,93.89589626799274,True
552,Ridge,2025-06-06 07:10:00,84.0,93.9752497283802,True
552,Ridge,2025-06-06 07:15:00,90.0,93.79334123735666,True
552,Ridge,2025-06-06 07:20:00,98.0,91.42911152329381,True
552,Ridge,2025-06-06 07:25:00,106.0,90.41461262466153,True
552,Ridge,2025-06-06 07:30:00,112.0,91.60070322773952,True
552,Ridge,2025-06-06 07:35:00,118.0,98.8340391852575,True
552,Ridge,2025-06-06 07:40:00,122.0,100.33423175199044,True
552,Ridge,2025-06-06 07:45:00,125.0,112.42805480297834,True
552,Ridge,2025-06-06 07:50:00,123.0,121.08298684310469,True
552,Ridge,2025-06-06 07:55:00,122.0,127.79277720676107,True
552,Ridge,2025-06-06 08:00:00,121.0,130.1205219344328,True
552,Ridge,2025-06-06 08:05:00,119.0,134.5029911056637,True
552,Ridge,2025-06-06 08:10:00,115.0,134.58819272959562,True
552,Ridge,2025-06-06 08:15:00,113.0,135.51399154843006,True
552,Ridge,2025-06-06 08:20:00,110.0,126.20658063907578,True
552,Ridge,2025-06-06 08:25:00,106.0,125.93931678883747,True
552,Ridge,2025-06-06 08:30:00,102.0,123.88201030392082,True
552,Ridge,2025-06-06 08:35:00,97.0,120.32160681850172,True
552,Ridge,2025-06-06 08:40:00,93.0,113.2511402977099,True
552,Ridge,2025-06-06 08:45:00,89.0,113.89744246168172,True
552,Ridge,2025-06-06 08:50:00,86.0,109.17419942960251,True
552,Ridge,2025-06-06 08:55:00,82.0,103.83317712474843,True
552,Ridge,2025-06-06 09:00:00,80.0,99.72448326017134,True
552,Ridge,2025-06-06 09:05:00,76.0,93.38647464014917,True
552,Ridge,2025-06-06 09:10:00,73.0,90.8356241253933,True
552,Ridge,2025-06-06 09:15:00,71.0,86.85132384652783,True
552,Ridge,2025-06-06 09:20:00,100.0,85.530106125566,True
552,Ridge,2025-06-06 09:25:00,97.0,80.63946160626861,True
552,Ridge,2025-06-06 09:30:00,94.0,81.9887276830235,True
552,Ridge,2025-06-06 09:35:00,90.0,75.55957518373009,True
552,Ridge,2025-06-06 09:40:00,87.0,74.60586215823109,True
552,Ridge,2025-06-06 09:45:00,83.0,74.34439727898695,True
552,Ridge,2025-06-06 09:50:00,83.0,146.229097677595,True
552,Ridge,2025-06-06 09:55:00,82.0,99.35200035093052,True
552,Ridge,2025-06-06 10:00:00,81.0,100.57299568886825,True
552,Ridge,2025-06-06 10:05:00,80.0,92.85661835323445,True
552,Ridge,2025-06-06 10:10:00,79.0,91.22695496128281,True
552,Ridge,2025-06-06 10:15:00,78.0,85.26018869260953,True
552,Ridge,2025-06-06 10:20:00,76.0,90.54058171529951,True
552,Ridge,2025-06-06 10:25:00,75.0,88.22663151643903,True
552,Ridge,2025-06-06 10:30:00,75.0,87.52283457779993,True
552,Ridge,2025-06-06 10:35:00,76.0,86.32465855971694,True
552,Ridge,2025-06-06 10:40:00,76.0,85.70375094157689,True
552,Ridge,2025-06-06 10:45:00,76.0,85.29570291216046,True
552,Ridge,2025-06-06 10:50:00,73.0,82.7452763841324,True
552,Ridge,2025-06-06 10:55:00,74.0,81.97368260408612,True
552,Ridge,2025-06-06 11:00:00,77.0,83.42791347013586,True
552,Ridge,2025-06-06 11:05:00,80.0,86.04061749976084,True
552,Ridge,2025-06-06 11:10:00,80.0,85.00593055403156,True
552,Ridge,2025-06-06 11:15:00,83.0,85.38125835486606,True
552,Ridge,2025-06-06 11:20:00,93.0,78.44725509299292,True
552,Ridge,2025-06-06 11:25:00,103.0,85.01889036489271,True
552,Ridge,2025-06-06 11:30:00,115.0,90.44632699092854,True
552,Ridge,2025-06-06 11:35:00,128.0,92.8176121199194,True
552,Ridge,2025-06-06 11:40:00,144.0,89.9047167385671,True
552,Ridge,2025-06-06 11:45:00,159.0,97.19109708255053,True
552,Ridge,2025-06-06 11:50:00,156.0,116.41718609509076,True
552,Ridge,2025-06-06 11:55:00,160.0,126.4787430365437,True
552,Ridge,2025-06-06 12:00:00,160.0,145.4826195173207,True
552,Ridge,2025-06-06 12:05:00,159.0,159.36093761195954,True
552,Ridge,2025-06-06 12:10:00,157.0,179.0760651057332,True
552,Ridge,2025-06-06 12:15:00,157.0,191.28266396987476,True
552,Ridge,2025-06-06 12:20:00,158.0,162.62797769545324,True
552,Ridge,2025-06-06 12:25:00,161.0,175.53010303818684,True
552,Ridge,2025-06-06 12:30:00,163.0,166.5553591166301,True
552,Ridge,2025-06-06 12:35:00,164.0,163.23345312168428,True
552,Ridge,2025-06-06 12:40:00,164.0,158.09289947585458,True
552,Ridge,2025-06-06 12:45:00,164.0,160.02178970799608,True
552,Ridge,2025-06-06 12:50:00,164.0,161.5876425995777,True
552,Ridge,2025-06-06 12:55:00,164.0,166.664125087314,True
552,Ridge,2025-06-06 13:00:00,164.0,167.23925481647004,True
552,Ridge,2025-06-06 13:05:00,164.0,167.04873892173882,True
552,Ridge,2025-06-06 13:10:00,165.0,165.57709006230732,True
552,Ridge,2025-06-06 13:15:00,167.0,165.133512201891,True
552,Ridge,2025-06-06 13:20:00,166.0,164.39327096074257,True
552,Ridge,2025-06-06 13:25:00,165.0,164.58714319846192,True
552,Ridge,2025-06-06 13:30:00,166.0,164.37125404753934,True
552,Ridge,2025-06-06 13:35:00,166.0,164.27703551715527,True
552,Ridge,2025-06-06 13:40:00,166.0,166.5863414906782,True
552,Ridge,2025-06-06 13:45:00,167.0,169.99033297550756,True
552,Ridge,2025-06-06 13:50:00,167.0,165.02852727089476,True
552,Ridge,2025-06-06 13:55:00,166.0,164.26689664138542,True
552,Ridge,2025-06-06 14:00:00,165.0,167.6709715598131,True
552,Ridge,2025-06-06 14:05:00,166.0,166.16404765513448,True
552,Ridge,2025-06-06 14:10:00,167.0,166.29225397236425,True
552,Ridge,2025-06-06 14:15:00,166.0,168.603821390585,True
552,Ridge,2025-06-06 14:20:00,163.0,167.24635040769462,True
552,Ridge,2025-06-06 14:25:00,166.0,164.96805418543016,True
552,Ridge,2025-06-06 14:30:00,171.0,163.86375241772643,True
552,Ridge,2025-06-06 14:35:00,178.0,167.53574073621803,True
552,Ridge,2025-06-06 14:40:00,186.0,168.50881756305097,True
552,Ridge,2025-06-06 14:45:00,189.0,164.94257483572812,True
552,Ridge,2025-06-06 14:50:00,202.0,159.14266161811207,True
552,Ridge,2025-06-06 14:55:00,217.0,170.27787526884794,True
552,Ridge,2025-06-06 15:00:00,231.0,177.6985443212741,True
552,Ridge,2025-06-06 15:05:00,242.0,187.84368875500945,True
552,Ridge,2025-06-06 15:10:00,252.0,197.44242265719205,True
552,Ridge,2025-06-06 15:15:00,263.0,193.9209112142282,True
552,Ridge,2025-06-06 15:20:00,272.0,220.71826487858823,True
552,Ridge,2025-06-06 15:25:00,279.0,237.49690361589575,True
552,Ridge,2025-06-06 15:30:00,285.0,250.7615363949643,True
552,Ridge,2025-06-06 15:35:00,292.0,257.66888494875184,True
552,Ridge,2025-06-06 15:40:00,296.0,274.88635993009296,True
552,Ridge,2025-06-06 15:45:00,298.0,285.0762065317272,True
552,Ridge,2025-06-06 15:50:00,299.0,289.433586168596,True
552,Ridge,2025-06-06 15:55:00,302.0,290.5607524854621,True
552,Ridge,2025-06-06 16:00:00,304.0,291.51958747596234,True
552,Ridge,2025-06-06 16:05:00,304.0,297.4708894970594,True
552,Ridge,2025-06-06 16:10:00,302.0,293.94494451793105,True
552,Ridge,2025-06-06 16:15:00,300.0,291.11241397915046,True
552,Ridge,2025-06-06 16:20:00,296.0,289.3903615753688,True
552,Ridge,2025-06-06 16:25:00,291.0,296.2361556455771,True
552,Ridge,2025-06-06 16:30:00,285.0,295.20713790608625,True
552,Ridge,2025-06-06 16:35:00,279.0,291.5398469564836,True
552,Ridge,2025-06-06 16:40:00,270.0,286.0291774133603,True
552,Ridge,2025-06-06 16:45:00,270.0,283.0563069359662,True
552,Ridge,2025-06-06 16:50:00,272.0,275.22367850993567,True
552,Ridge,2025-06-06 16:55:00,274.0,267.9208760495386,True
552,Ridge,2025-06-06 17:00:00,274.0,259.84081994273765,True
552,Ridge,2025-06-06 17:05:00,273.0,253.47064035662288,True
552,Ridge,2025-06-06 17:10:00,273.0,240.0168768483533,True
552,Ridge,2025-06-06 17:15:00,274.0,252.44462195525955,True
552,Ridge,2025-06-06 17:20:00,277.0,257.175802290211,True
552,Ridge,2025-06-06 17:25:00,278.0,260.8326491081157,True
552,Ridge,2025-06-06 17:30:00,277.0,259.1193912683912,True
552,Ridge,2025-06-06 17:35:00,276.0,257.56219950327375,True
552,Ridge,2025-06-06 17:40:00,277.0,259.28624434042604,True
552,Ridge,2025-06-06 17:45:00,279.0,261.8924868727047,True
552,Ridge,2025-06-06 17:50:00,277.0,267.9457814431958,True
552,Ridge,2025-06-06 17:55:00,280.0,266.5090626676004,True
552,Ridge,2025-06-06 18:00:00,285.0,263.1737710390635,True
552,Ridge,2025-06-06 18:05:00,291.0,266.31836794271635,True
552,Ridge,2025-06-06 18:10:00,299.0,269.38316126446387,True
552,Ridge,2025-06-06 18:15:00,304.0,272.68813270423186,True
552,Ridge,2025-06-06 18:20:00,305.0,264.22282265391937,True
552,Ridge,2025-06-06 18:25:00,303.0,281.48817228025376,True
552,Ridge,2025-06-06 18:30:00,299.0,286.7853776605598,True
552,Ridge,2025-06-06 18:35:00,294.0,292.72114977898104,True
552,Ridge,2025-06-06 18:40:00,288.0,300.8040973578791,True
552,Ridge,2025-06-06 18:45:00,285.0,299.7122935575967,True
552,Ridge,2025-06-06 18:50:00,282.0,294.1705653887729,True
552,Ridge,2025-06-06 18:55:00,279.0,285.6057560940221,True
552,Ridge,2025-06-06 19:00:00,275.0,277.19670487987014,True
552,Ridge,2025-06-06 19:05:00,270.0,269.8125034108165,True
552,Ridge,2025-06-06 19:10:00,263.0,261.804637282284,True
552,Ridge,2025-06-06 19:15:00,252.0,262.1449035969272,True
552,Ridge,2025-06-06 19:20:00,240.0,258.63493328626805,True
552,Ridge,2025-06-06 19:25:00,229.0,256.56982044544935,True
552,Ridge,2025-06-06 19:30:00,221.0,251.67813700005217,True
552,Ridge,2025-06-06 19:35:00,219.0,245.84388209653616,True
552,Ridge,2025-06-06 19:40:00,219.0,235.1712579010321,True
552,Ridge,2025-06-06 19:45:00,217.0,219.8151987453494,True
552,Ridge,2025-06-06 19:50:00,215.0,206.39085792711253,True
552,Ridge,2025-06-06 19:55:00,212.0,196.56526409717623,True
552,Ridge,2025-06-06 20:00:00,208.0,192.89192892583551,True
552,Ridge,2025-06-06 20:05:00,204.0,199.86198551894373,True
552,Ridge,2025-06-06 20:10:00,198.0,203.94965981369504,True
552,Ridge,2025-06-06 20:15:00,191.0,201.2509862376704,True
552,Ridge,2025-06-06 20:20:00,188.0,200.8846179315608,True
552,Ridge,2025-06-06 20:25:00,186.0,197.19131848609607,True
552,Ridge,2025-06-06 20:30:00,183.0,192.85039828836747,True
552,Ridge,2025-06-06 20:35:00,180.0,189.32132545530723,True
552,Ridge,2025-06-06 20:40:00,174.0,184.07153694738102,True
552,Ridge,2025-06-06 20:45:00,167.0,175.53268268899907,True
552,Ridge,2025-06-06 20:50:00,163.0,177.88755234788476,True
552,Ridge,2025-06-06 20:55:00,160.0,176.70083059554946,True
552,Ridge,2025-06-06 21:00:00,154.0,172.67066863803552,True
552,Ridge,2025-06-06 21:05:00,147.0,170.1165090383133,True
552,Ridge,2025-06-06 21:10:00,147.0,159.79005881386436,True
552,Ridge,2025-06-06 21:15:00,147.0,151.35032632686023,True
552,Ridge,2025-06-06 21:20:00,147.0,151.29057661335503,True
552,Ridge,2025-06-06 21:25:00,147.0,149.88813057719946,True
552,Ridge,2025-06-06 21:30:00,147.0,140.33832926993836,True
552,Ridge,2025-06-06 21:35:00,147.0,132.56641812544436,True
552,Ridge,2025-06-06 21:40:00,152.0,142.58925362222408,True
552,Ridge,2025-06-06 21:45:00,153.0,143.00380586468788,True
552,Ridge,2025-06-06 21:50:00,151.0,144.5238651646248,True
552,Ridge,2025-06-06 21:55:00,150.0,145.45711101275805,True
552,Ridge,2025-06-06 22:00:00,149.0,146.28195524149075,True
552,Ridge,2025-06-06 22:05:00,146.0,146.1447376897017,True
552,Ridge,2025-06-06 22:10:00,142.0,158.6723840891064,True
552,Ridge,2025-06-06 22:15:00,143.0,154.49270372173666,True
552,Ridge,2025-06-06 22:20:00,144.0,149.3896219999633,True
552,Ridge,2025-06-06 22:25:00,144.0,148.50515612963807,True
552,Ridge,2025-06-06 22:30:00,147.0,148.1375755756835,True
552,Ridge,2025-06-06 22:35:00,147.0,142.4485757583347,True
552,Ridge,2025-06-06 22:40:00,149.0,137.2686631743808,True
552,Ridge,2025-06-06 22:45:00,152.0,145.0080647329307,True
552,Ridge,2025-06-06 22:50:00,157.0,145.8379277745992,True
552,Ridge,2025-06-06 22:55:00,168.0,145.03422210020534,True
552,Ridge,2025-06-06 23:00:00,176.0,152.4673767006589,True
552,Ridge,2025-06-06 23:05:00,181.0,148.52528355032152,True
552,Ridge,2025-06-06 23:10:00,182.0,153.85801414833495,True
552,Ridge,2025-06-06 23:15:00,182.0,157.76851410739562,True
552,Ridge,2025-06-06 23:20:00,181.0,165.6392353998158,True
552,Ridge,2025-06-06 23:25:00,178.0,184.88439518415498,True
552,Ridge,2025-06-06 23:30:00,176.0,188.7238477255217,True
552,Ridge,2025-06-06 23:35:00,177.0,190.1660806900523,True
552,Ridge,2025-06-06 23:40:00,176.0,186.98651519358106,True
552,Ridge,2025-06-06 23:45:00,172.0,185.18198457466298,True
552,Ridge,2025-06-06 23:50:00,169.0,181.885334594137,True
552,Ridge,2025-06-06 23:55:00,169.0,175.0365622446091,True
552,Ridge,2025-06-07 00:00:00,168.0,173.43477759858163,True
552,Ridge,2025-06-07 00:05:00,164.0,177.39524631350713,True
552,Ridge,2025-06-07 00:10:00,159.0,172.96908814267354,True
552,Ridge,2025-06-07 00:15:00,155.0,164.76025075151614,True
552,Ridge,2025-06-07 00:20:00,154.0,162.9235010731508,True
552,Ridge,2025-06-07 00:25:00,154.0,166.83695263057425,True
552,Ridge,2025-06-07 00:30:00,151.0,164.1690190405239,True
552,Ridge,2025-06-07 00:35:00,145.0,156.21489371466384,True
552,Ridge,2025-06-07 00:40:00,145.0,149.4529016541469,True
552,Ridge,2025-06-07 00:45:00,145.0,147.00484883929855,True
552,Ridge,2025-06-07 00:50:00,142.0,149.98362660990475,True
552,Ridge,2025-06-07 00:55:00,144.0,151.56455140779696,True
552,Ridge,2025-06-07 01:00:00,143.0,145.23265648427747,True
552,Ridge,2025-06-07 01:05:00,142.0,135.74358152148352,True
552,Ridge,2025-06-07 01:10:00,145.0,143.9439491778654,True
552,Ridge,2025-06-07 01:15:00,148.0,143.6933357965544,True
552,Ridge,2025-06-07 01:20:00,153.0,137.4934883658878,True
552,Ridge,2025-06-07 01:25:00,164.0,146.99239324766205,True
552,Ridge,2025-06-07 01:30:00,179.0,141.90382260061466,True
552,Ridge,2025-06-07 01:35:00,192.0,141.5409071258873,True
552,Ridge,2025-06-07 01:40:00,198.0,149.95847901831294,True
552,Ridge,2025-06-07 01:45:00,198.0,153.23097795572855,True
552,Ridge,2025-06-07 01:50:00,196.0,161.62132657709392,True
552,Ridge,2025-06-07 01:55:00,192.0,180.79518796341318,True
552,Ridge,2025-06-07 02:00:00,188.0,201.22174959964906,True
552,Ridge,2025-06-07 02:05:00,183.0,211.93608075649283,True
552,Ridge,2025-06-07 02:10:00,179.0,211.79084361578148,True
552,Ridge,2025-06-07 02:15:00,173.0,203.0823250978313,True
552,Ridge,2025-06-07 02:20:00,167.0,197.1270357021142,True
552,Ridge,2025-06-07 02:25:00,161.0,188.48408028617962,True
552,Ridge,2025-06-07 02:30:00,153.0,182.58002136308536,True
552,Ridge,2025-06-07 02:35:00,150.0,174.48530498262608,True
552,Ridge,2025-06-07 02:40:00,148.0,170.50095034760062,True
552,Ridge,2025-06-07 02:45:00,147.0,160.64494274002433,True
552,Ridge,2025-06-07 02:50:00,147.0,154.3437879101321,True
552,Ridge,2025-06-07 02:55:00,146.0,148.30231862424333,True
552,Ridge,2025-06-07 03:00:00,145.0,137.5462516596695,True
552,Ridge,2025-06-07 03:05:00,145.0,141.3976084541699,True
552,Ridge,2025-06-07 03:10:00,146.0,140.67363122114833,True
552,Ridge,2025-06-07 03:15:00,147.0,141.9194823925595,True
552,Ridge,2025-06-07 03:20:00,149.0,144.11917831596907,True
552,Ridge,2025-06-07 03:25:00,150.0,142.66059425768043,True
552,Ridge,2025-06-07 03:30:00,153.0,142.49903732017742,True
552,Ridge,2025-06-07 03:35:00,155.0,144.3228837680061,True
552,Ridge,2025-06-07 03:40:00,157.0,146.98415825603004,True
552,Ridge,2025-06-07 03:45:00,160.0,148.57008141118934,True
552,Ridge,2025-06-07 03:50:00,163.0,152.3420196417616,True
552,Ridge,2025-06-07 03:55:00,167.0,152.20213393707238,True
552,Ridge,2025-06-07 04:00:00,169.0,158.2224980136997,True
552,Ridge,2025-06-07 04:05:00,170.0,159.03976612239018,True
552,Ridge,2025-06-07 04:10:00,175.0,161.35635810751523,True
552,Ridge,2025-06-07 04:15:00,180.0,165.69160725265846,True
552,Ridge,2025-06-07 04:20:00,183.0,168.62521210116049,True
552,Ridge,2025-06-07 04:25:00,186.0,173.93842661853802,True
552,Ridge,2025-06-07 04:30:00,191.0,173.06084065813144,True
552,Ridge,2025-06-07 04:35:00,194.0,172.7545613269293,True
552,Ridge,2025-06-07 04:40:00,197.0,182.9003516082035,True
552,Ridge,2025-06-07 04:45:00,202.0,187.44322722943048,True
552,Ridge,2025-06-07 04:50:00,209.0,187.84063879816307,True
552,Ridge,2025-06-07 04:55:00,213.0,190.64925428717473,True
552,Ridge,2025-06-07 05:00:00,214.0,198.025007737901,True
552,Ridge,2025-06-07 05:05:00,216.0,197.88577897871656,True
552,Ridge,2025-06-07 05:10:00,220.0,200.77300506665824,True
552,Ridge,2025-06-07 05:15:00,224.0,208.06056858029123,True
552,Ridge,2025-06-07 05:20:00,228.0,217.39068751253797,True
552,Ridge,2025-06-07 05:25:00,230.0,217.02111193815125,True
552,Ridge,2025-06-07 05:30:00,233.0,213.73768135126502,True
552,Ridge,2025-06-07 05:35:00,237.0,216.61497160491706,True
552,Ridge,2025-06-07 05:40:00,242.0,222.77230441871424,True
552,Ridge,2025-06-07 05:45:00,246.0,226.27241524543643,True
552,Ridge,2025-06-07 05:50:00,249.0,229.93083513485772,True
552,Ridge,2025-06-07 05:55:00,252.0,228.88292211362835,True
552,Ridge,2025-06-07 06:00:00,254.0,232.97839195383017,True
552,Ridge,2025-06-07 06:05:00,256.0,237.65145024226,True
552,Ridge,2025-06-07 06:10:00,258.0,243.3498458393587,True
552,Ridge,2025-06-07 06:15:00,263.0,246.15893304772942,True
552,Ridge,2025-06-07 06:20:00,268.0,247.61033412419266,True
552,Ridge,2025-06-07 06:25:00,270.0,250.06740311334693,True
552,Ridge,2025-06-07 06:30:00,266.0,250.15843212688668,True
552,Ridge,2025-06-07 06:35:00,266.0,251.89340454351282,True
552,Ridge,2025-06-07 06:40:00,264.0,253.51827980193167,True
552,Ridge,2025-06-07 06:45:00,264.0,262.2224312952012,True
552,Ridge,2025-06-07 06:50:00,265.0,266.7250375091873,True
552,Ridge,2025-06-07 06:55:00,263.0,264.4989186935576,True
552,Ridge,2025-06-07 07:00:00,261.0,252.16683148994298,True
552,Ridge,2025-06-07 07:05:00,260.0,257.2533180022368,True
552,Ridge,2025-06-07 07:10:00,258.0,251.48048096980654,True
552,Ridge,2025-06-07 07:15:00,257.0,254.0898286796575,True
552,Ridge,2025-06-07 07:20:00,255.0,255.91401293431204,True
552,Ridge,2025-06-07 07:25:00,253.0,249.86838633910187,True
552,Ridge,2025-06-07 07:30:00,251.0,247.8391122369831,True
552,Ridge,2025-06-07 07:35:00,249.0,247.81243234445702,True
552,Ridge,2025-06-07 07:40:00,250.0,244.39895774854907,True
552,Ridge,2025-06-07 07:45:00,249.0,244.95666907521533,True
552,Ridge,2025-06-07 07:50:00,246.0,241.46691963065027,True
552,Ridge,2025-06-07 07:55:00,245.0,239.4799155767518,True
552,Ridge,2025-06-07 08:00:00,243.0,237.27600777508252,True
552,Ridge,2025-06-07 08:05:00,240.0,235.52076156920373,True
552,Ridge,2025-06-07 08:10:00,236.0,240.77035753602863,True
552,Ridge,2025-06-07 08:15:00,233.0,237.27082442765092,True
552,Ridge,2025-06-07 08:20:00,229.0,232.05286219846468,True
552,Ridge,2025-06-07 08:25:00,225.0,233.7431823641162,True
552,Ridge,2025-06-07 08:30:00,223.0,230.294549202658,True
552,Ridge,2025-06-07 08:35:00,222.0,226.2052276146212,True
552,Ridge,2025-06-07 08:40:00,219.0,220.80798570839744,True
552,Ridge,2025-06-07 08:45:00,215.0,219.26924124136528,True
552,Ridge,2025-06-07 08:50:00,213.0,213.80116122571633,True
552,Ridge,2025-06-07 08:55:00,211.0,209.9891503716026,True
552,Ridge,2025-06-07 09:00:00,209.0,210.88388623485585,True
552,Ridge,2025-06-07 09:05:00,207.0,211.57797892890758,True
552,Ridge,2025-06-07 09:10:00,206.0,206.4145600706845,True
552,Ridge,2025-06-07 09:15:00,202.0,201.4336650345565,True
552,Ridge,2025-06-07 09:20:00,200.0,202.340661407917,True
552,Ridge,2025-06-07 09:25:00,200.0,200.55840732443988,True
552,Ridge,2025-06-07 09:30:00,200.0,198.96061749414523,True
552,Ridge,2025-06-07 09:35:00,200.0,197.2952676874579,True
552,Ridge,2025-06-07 09:40:00,200.0,198.0549721486911,True
552,Ridge,2025-06-07 09:45:00,200.0,190.21359983911753,True
552,Ridge,2025-06-07 09:50:00,200.0,191.3165587797886,True
552,Ridge,2025-06-07 09:55:00,200.0,194.07626156895958,True
552,Ridge,2025-06-07 11:15:00,167.0,161.42327401757385,False
552,Ridge,2025-06-07 11:20:00,167.0,161.4016981867892,False
552,Ridge,2025-06-07 11:25:00,165.0,161.2468618874447,False
552,Ridge,2025-06-07 11:30:00,170.0,160.77275351822493,False
552,Ridge,2025-06-07 11:35:00,174.0,162.4483050790277,False
552,Ridge,2025-06-07 11:40:00,178.0,162.2313760442604,False
552,Ridge,2025-06-07 11:45:00,178.0,168.47231988788462,True
552,Ridge,2025-06-07 11:50:00,182.0,167.80851612500288,True
552,Ridge,2025-06-07 11:55:00,186.0,162.56910292563484,True
552,Ridge,2025-06-07 12:00:00,184.0,177.12224281028796,True
552,Ridge,2025-06-07 12:05:00,186.0,179.1702389296761,True
552,Ridge,2025-06-07 12:10:00,191.0,183.2135096820915,True
552,Ridge,2025-06-07 12:15:00,197.0,177.87967269435038,True
552,Ridge,2025-06-07 12:20:00,204.0,187.63867448939715,True
552,Ridge,2025-06-07 12:25:00,211.0,190.91836947467405,True
552,Ridge,2025-06-07 12:30:00,218.0,180.8777559854824,True
552,Ridge,2025-06-07 12:35:00,222.0,198.06843895275153,True
552,Ridge,2025-06-07 12:40:00,225.0,205.096194708508,True
552,Ridge,2025-06-07 12:45:00,228.0,211.63164828752969,True
552,Ridge,2025-06-07 12:50:00,234.0,217.1970721552185,True
552,Ridge,2025-06-07 12:55:00,238.0,221.93861139273014,True
552,Ridge,2025-06-07 13:00:00,242.0,227.4811209812108,True
552,Ridge,2025-06-07 13:05:00,242.0,224.8179890735519,True
552,Ridge,2025-06-07 13:10:00,240.0,225.0003563093171,True
552,Ridge,2025-06-07 13:15:00,240.0,226.7124138597856,True
552,Ridge,2025-06-07 13:20:00,241.0,236.48611765895077,True
552,Ridge,2025-06-07 13:25:00,238.0,236.76752346515644,True
552,Ridge,2025-06-07 13:30:00,236.0,240.34292360732775,True
552,Ridge,2025-06-07 13:35:00,234.0,234.9558714789475,True
552,Ridge,2025-06-07 13:40:00,237.0,230.16707871131308,True
552,Ridge,2025-06-07 13:45:00,236.0,232.3214572336401,True
552,Ridge,2025-06-07 13:50:00,239.0,234.15840685783905,True
552,Ridge,2025-06-07 13:55:00,240.0,225.51388137172498,True
552,Ridge,2025-06-07 14:00:00,240.0,224.7766674068377,True
552,Ridge,2025-06-07 14:05:00,242.0,222.11765509965505,True
552,Ridge,2025-06-07 14:10:00,245.0,231.9510303958598,True
552,Ridge,2025-06-07 14:15:00,247.0,225.41911485376602,True
552,Ridge,2025-06-07 14:20:00,251.0,234.77611875239722,True
552,Ridge,2025-06-07 14:25:00,255.0,232.75145390445033,True
552,Ridge,2025-06-07 14:30:00,257.0,231.88424676684883,True
552,Ridge,2025-06-07 14:35:00,257.0,236.43244195143382,True
552,Ridge,2025-06-07 14:40:00,257.0,240.72350770609415,True
552,Ridge,2025-06-07 14:45:00,262.0,241.7110363328029,True
552,Ridge,2025-06-07 14:50:00,268.0,248.5330955820613,True
552,Ridge,2025-06-07 14:55:00,278.0,252.27074531658377,True
552,Ridge,2025-06-07 15:00:00,288.0,251.75568987032057,True
552,Ridge,2025-06-07 15:05:00,300.0,249.05187362341368,True
552,Ridge,2025-06-07 15:10:00,307.0,248.95377275091016,True
552,Ridge,2025-06-07 15:15:00,304.0,260.30536362277655,True
552,Ridge,2025-06-07 15:20:00,307.0,267.3651334907788,True
552,Ridge,2025-06-07 15:25:00,307.0,282.8916976050447,True
552,Ridge,2025-06-07 15:30:00,302.0,292.7199897066115,True
552,Ridge,2025-06-07 15:35:00,293.0,316.6949781202926,True
552,Ridge,2025-06-07 15:40:00,289.0,315.6201004021809,True
552,Ridge,2025-06-07 15:45:00,287.0,298.0962711535259,True
552,Ridge,2025-06-07 15:50:00,283.0,306.15021691858715,True
552,Ridge,2025-06-07 15:55:00,276.0,298.16835157571364,True
552,Ridge,2025-06-07 16:00:00,269.0,284.4136311860887,True
552,Ridge,2025-06-07 16:05:00,261.0,266.5616697784217,True
552,Ridge,2025-06-07 16:10:00,252.0,267.17094850921853,True
552,Ridge,2025-06-07 16:15:00,244.0,266.3091077763599,True
552,Ridge,2025-06-07 16:20:00,238.0,259.622356985106,True
552,Ridge,2025-06-07 16:25:00,233.0,248.63412058432266,True
552,Ridge,2025-06-07 16:30:00,229.0,241.65691844875548,True
552,Ridge,2025-06-07 16:35:00,224.0,231.11997008023775,True
552,Ridge,2025-06-07 16:40:00,215.0,221.79267044386478,True
552,RandomForest,2025-05-25 00:00:00,173.0,196.47296218309967,False
552,RandomForest,2025-05-25 00:05:00,168.0,173.165586624551,True
552,RandomForest,2025-05-25 00:10:00,163.0,168.36820399760174,True
552,RandomForest,2025-05-25 00:15:00,160.0,168.42412462020374,True
552,RandomForest,2025-05-25 00:20:00,157.0,176.12187149028176,True
552,RandomForest,2025-05-25 00:25:00,155.0,164.037755205804,True
552,RandomForest,2025-05-25 00:30:00,154.0,157.35437717656478,True
552,RandomForest,2025-05-25 00:35:00,153.0,152.55344324273784,True
552,RandomForest,2025-05-25 00:40:00,151.0,148.04340069565228,True
552,RandomForest,2025-05-25 00:45:00,148.0,146.37202508199223,True
552,RandomForest,2025-05-25 00:50:00,141.0,142.89892370089495,True
552,RandomForest,2025-05-25 00:55:00,137.0,141.9975470015319,True
552,RandomForest,2025-05-25 01:00:00,133.0,145.1861584126036,True
552,RandomForest,2025-05-25 01:05:00,129.0,142.49366024658383,True
552,RandomForest,2025-05-25 01:10:00,125.0,139.4970468296627,True
552,RandomForest,2025-05-25 01:15:00,121.0,135.6948269977151,True
552,RandomForest,2025-05-25 01:20:00,119.0,122.57307130932482,True
552,RandomForest,2025-05-25 01:25:00,114.0,124.22548040098278,True
552,RandomForest,2025-05-25 01:30:00,108.0,119.94737201448677,True
552,RandomForest,2025-05-25 01:35:00,105.0,115.86255932529218,True
552,RandomForest,2025-05-25 01:40:00,101.0,113.23874458948279,True
552,RandomForest,2025-05-25 01:45:00,98.0,109.60193821831294,True
552,RandomForest,2025-05-25 01:50:00,95.0,111.81159425385431,True
552,RandomForest,2025-05-25 01:55:00,93.0,96.4757540335517,True
552,RandomForest,2025-05-25 02:00:00,90.0,90.69911195975388,True
552,RandomForest,2025-05-25 02:05:00,87.0,91.93136335015264,True
552,RandomForest,2025-05-25 02:10:00,85.0,89.35113982848135,True
552,RandomForest,2025-05-25 02:15:00,83.0,88.89853088902419,True
552,RandomForest,2025-05-25 02:20:00,83.0,86.36118852573034,True
552,RandomForest,2025-05-25 02:25:00,78.0,87.95004517109523,True
552,RandomForest,2025-05-25 02:30:00,73.0,84.0598387803894,True
552,RandomForest,2025-05-25 02:35:00,69.0,81.7038397043672,True
552,RandomForest,2025-05-25 02:40:00,66.0,81.83159800018196,True
552,RandomForest,2025-05-25 02:45:00,63.0,80.2221642074599,True
552,RandomForest,2025-05-25 02:50:00,61.0,88.08040437152209,True
552,RandomForest,2025-05-25 02:55:00,58.0,74.98537265232508,True
552,RandomForest,2025-05-25 03:00:00,57.0,72.10513057282945,True
552,RandomForest,2025-05-25 03:05:00,64.0,65.86859888700559,True
552,RandomForest,2025-05-25 03:10:00,79.0,61.95155793404343,True
552,RandomForest,2025-05-25 03:15:00,75.0,59.82522188156795,True
552,RandomForest,2025-05-25 03:20:00,79.0,58.124674159487704,True
552,RandomForest,2025-05-25 03:25:00,85.0,58.21591991326185,True
552,RandomForest,2025-05-25 03:30:00,96.0,57.051520692647394,True
552,RandomForest,2025-05-25 03:35:00,109.0,93.93362504093494,True
552,RandomForest,2025-05-25 03:40:00,118.0,124.73897048928625,True
552,RandomForest,2025-05-25 03:45:00,121.0,97.17669370710001,True
552,RandomForest,2025-05-25 03:50:00,116.0,105.84200442496825,True
552,RandomForest,2025-05-25 03:55:00,117.0,111.1742002683506,True
552,RandomForest,2025-05-25 04:00:00,117.0,130.30933164914606,True
552,RandomForest,2025-05-25 04:05:00,115.0,157.91233734491655,True
552,RandomForest,2025-05-25 04:10:00,113.0,141.2589326070466,True
552,RandomForest,2025-05-25 04:15:00,111.0,130.77939388609062,True
552,RandomForest,2025-05-25 04:20:00,107.0,120.27474879167745,True
552,RandomForest,2025-05-25 04:25:00,104.0,124.78343614245446,True
552,RandomForest,2025-05-25 04:30:00,102.0,124.81632728400895,True
552,RandomForest,2025-05-25 04:35:00,99.0,115.12041562660237,True
552,RandomForest,2025-05-25 04:40:00,97.0,109.27785563142899,True
552,RandomForest,2025-05-25 04:45:00,95.0,109.20550087716863,True
552,RandomForest,2025-05-25 04:50:00,93.0,102.36754783440401,True
552,RandomForest,2025-05-25 04:55:00,92.0,100.01100885385767,True
552,RandomForest,2025-05-25 05:00:00,91.0,95.46759472753928,True
552,RandomForest,2025-05-25 05:05:00,90.0,92.74103230640068,True
552,RandomForest,2025-05-25 05:10:00,89.0,91.27504773183674,True
552,RandomForest,2025-05-25 05:15:00,88.0,89.86105148819668,True
552,RandomForest,2025-05-25 05:20:00,87.0,88.80037459790822,True
552,RandomForest,2025-05-25 05:25:00,85.0,88.1271903464474,True
552,RandomForest,2025-05-25 05:30:00,84.0,86.85683346675246,True
552,RandomForest,2025-05-25 05:35:00,83.0,86.42105896054512,True
552,RandomForest,2025-05-25 05:40:00,83.0,85.99663208688214,True
552,RandomForest,2025-05-25 05:45:00,84.0,85.47758034296955,True
552,RandomForest,2025-05-25 05:50:00,83.0,84.7196281212699,True
552,RandomForest,2025-05-25 05:55:00,82.0,82.26821411595859,True
552,RandomForest,2025-05-25 06:00:00,82.0,83.13153025130408,True
552,RandomForest,2025-05-25 06:05:00,82.0,82.07322220718261,True
552,RandomForest,2025-05-25 06:10:00,83.0,86.58612014687922,True
552,RandomForest,2025-05-25 06:15:00,84.0,88.42289388494933,True
552,RandomForest,2025-05-25 06:20:00,86.0,82.96493822732482,True
552,RandomForest,2025-05-25 06:25:00,87.0,80.35864808703124,True
552,RandomForest,2025-05-25 06:30:00,87.0,84.5211462547709,True
552,RandomForest,2025-05-25 06:35:00,88.0,84.2038492806616,True
552,RandomForest,2025-05-25 06:40:00,88.0,86.0189741848634,True
552,RandomForest,2025-05-25 06:45:00,89.0,88.38792793068511,True
552,RandomForest,2025-05-25 06:50:00,91.0,93.92231733573914,True
552,RandomForest,2025-05-25 06:55:00,91.0,90.97022897437373,True
552,RandomForest,2025-05-25 07:00:00,91.0,92.50597248257209,True
552,RandomForest,2025-05-25 07:05:00,92.0,92.08597274377448,True
552,RandomForest,2025-05-25 07:10:00,92.0,90.03759790973825,True
552,RandomForest,2025-05-25 07:15:00,92.0,93.05487358421128,True
552,RandomForest,2025-05-25 07:20:00,91.0,100.29177871696534,True
552,RandomForest,2025-05-25 07:25:00,91.0,93.66076794264538,True
552,RandomForest,2025-05-25 07:30:00,91.0,93.65358130781235,True
552,RandomForest,2025-05-25 07:35:00,90.0,96.05671126376424,True
552,RandomForest,2025-05-25 07:40:00,89.0,93.50572860033358,True
552,RandomForest,2025-05-25 07:45:00,87.0,93.88490255159859,True
552,RandomForest,2025-05-25 07:50:00,86.0,92.35368281338009,True
552,RandomForest,2025-05-25 07:55:00,87.0,92.93121795279365,True
552,RandomForest,2025-05-25 08:00:00,87.0,92.82111010485647,True
552,RandomForest,2025-05-25 08:05:00,86.0,91.22628718623028,True
552,RandomForest,2025-05-25 08:10:00,86.0,89.76880514721533,True
552,RandomForest,2025-05-25 08:15:00,83.0,86.28909657121947,True
552,RandomForest,2025-05-25 08:20:00,82.0,84.82477231272861,True
552,RandomForest,2025-05-25 08:25:00,87.0,91.04030176670035,True
552,RandomForest,2025-05-25 08:30:00,101.0,88.12307893754709,True
552,RandomForest,2025-05-25 08:35:00,96.0,85.10354712869416,True
552,RandomForest,2025-05-25 08:40:00,99.0,87.03489008137193,True
552,RandomForest,2025-05-25 08:45:00,100.0,83.21016385976307,True
552,RandomForest,2025-05-25 08:50:00,101.0,80.93952261652517,True
552,RandomForest,2025-05-25 08:55:00,111.0,103.901258539992,True
552,RandomForest,2025-05-25 09:00:00,119.0,141.72375150776597,True
552,RandomForest,2025-05-25 09:05:00,120.0,103.03835924176998,True
552,RandomForest,2025-05-25 09:10:00,119.0,115.0674577366682,True
552,RandomForest,2025-05-25 09:15:00,118.0,106.0329926349585,True
552,RandomForest,2025-05-25 09:20:00,119.0,110.44098606221563,True
552,RandomForest,2025-05-25 09:25:00,122.0,140.51074861219783,True
552,RandomForest,2025-05-25 09:30:00,124.0,138.1256603981978,True
552,RandomForest,2025-05-25 09:35:00,126.0,128.55957214500762,True
552,RandomForest,2025-05-25 09:40:00,128.0,122.87589671028525,True
552,RandomForest,2025-05-25 09:45:00,130.0,119.47423205321059,True
552,RandomForest,2025-05-25 09:50:00,133.0,122.80831031203185,True
552,RandomForest,2025-05-25 09:55:00,138.0,129.4697936154577,True
552,RandomForest,2025-05-25 10:00:00,140.0,129.86848949086428,True
552,RandomForest,2025-05-25 10:05:00,141.0,135.3493463817166,True
552,RandomForest,2025-05-25 10:10:00,143.0,138.78876953855163,True
552,RandomForest,2025-05-25 10:15:00,150.0,138.46339701493847,True
552,RandomForest,2025-05-25 10:20:00,164.0,144.2232913424201,True
552,RandomForest,2025-05-25 10:25:00,177.0,149.09778673913416,True
552,RandomForest,2025-05-25 10:30:00,188.0,149.1446899972453,True
552,RandomForest,2025-05-25 10:35:00,199.0,145.91474767891788,True
552,RandomForest,2025-05-25 10:40:00,203.0,152.06428165273667,True
552,RandomForest,2025-05-25 10:45:00,196.0,177.07751084377378,True
552,RandomForest,2025-05-25 10:50:00,199.0,195.47857903979454,True
552,RandomForest,2025-05-25 10:55:00,204.0,211.60860630296025,True
552,RandomForest,2025-05-25 11:00:00,209.0,208.1134791449895,True
552,RandomForest,2025-05-25 11:05:00,208.0,227.49101403046868,True
552,RandomForest,2025-05-25 11:10:00,202.0,214.2651376251961,True
552,RandomForest,2025-05-25 11:15:00,195.0,185.88507550076304,True
552,RandomForest,2025-05-25 11:20:00,189.0,207.91120663784696,True
552,RandomForest,2025-05-25 11:25:00,179.0,209.0281456039975,True
552,RandomForest,2025-05-25 11:30:00,170.0,219.95228778660731,True
552,RandomForest,2025-05-25 11:35:00,161.0,196.32129215288305,True
552,RandomForest,2025-05-25 11:40:00,152.0,184.34648738836106,True
552,RandomForest,2025-05-25 11:45:00,147.0,173.60210768944685,True
552,RandomForest,2025-05-25 11:50:00,143.0,162.77877876606615,True
552,RandomForest,2025-05-25 11:55:00,142.0,151.7391937011094,True
552,RandomForest,2025-05-25 12:00:00,147.0,130.6076525236236,True
552,RandomForest,2025-05-25 12:05:00,151.0,128.63065244443027,True
552,RandomForest,2025-05-25 12:10:00,150.0,117.88939999449565,True
552,RandomForest,2025-05-25 12:15:00,145.0,125.00945258275802,True
552,RandomForest,2025-05-25 12:20:00,141.0,123.77329413609758,True
552,RandomForest,2025-05-25 12:25:00,138.0,132.5678007152048,True
552,RandomForest,2025-05-25 12:30:00,135.0,159.9621198188849,True
552,RandomForest,2025-05-25 12:35:00,133.0,154.97104690462803,True
552,RandomForest,2025-05-25 12:40:00,136.0,139.07063325508037,True
552,RandomForest,2025-05-25 12:45:00,137.0,132.86325325568254,True
552,RandomForest,2025-05-25 12:50:00,139.0,131.1953473695048,True
552,RandomForest,2025-05-25 12:55:00,140.0,129.6469002401984,True
552,RandomForest,2025-05-25 13:00:00,138.0,125.9068622672161,True
552,RandomForest,2025-05-25 13:05:00,134.0,128.692580548897,True
552,RandomForest,2025-05-25 13:10:00,129.0,138.97231703505685,True
552,RandomForest,2025-05-25 13:15:00,124.0,138.6705419349239,True
552,RandomForest,2025-05-25 13:20:00,118.0,145.24732218531634,True
552,RandomForest,2025-05-25 13:25:00,113.0,140.43642741006693,True
552,RandomForest,2025-05-25 13:30:00,103.0,134.76537615211015,True
552,RandomForest,2025-05-25 13:35:00,99.0,125.62129656276264,True
552,RandomForest,2025-05-25 13:40:00,94.0,117.75788952706534,True
552,RandomForest,2025-05-25 13:45:00,90.0,112.96978669285708,True
552,RandomForest,2025-05-25 13:50:00,86.0,104.11943218088993,True
552,RandomForest,2025-05-25 13:55:00,82.0,98.68694818500617,True
552,RandomForest,2025-05-25 14:00:00,79.0,87.91769732571156,True
552,RandomForest,2025-05-25 14:05:00,75.0,91.4520842509191,True
552,RandomForest,2025-05-25 14:10:00,74.0,84.02672436785723,True
552,RandomForest,2025-05-25 14:15:00,74.0,83.76536633536256,True
552,RandomForest,2025-05-25 14:20:00,76.0,80.00169875358242,True
552,RandomForest,2025-05-25 14:25:00,76.0,77.97393452886996,True
552,RandomForest,2025-05-25 14:30:00,75.0,78.28095404276773,True
552,RandomForest,2025-05-25 14:35:00,73.0,76.70892572991954,True
552,RandomForest,2025-05-25 14:40:00,75.0,83.09009189513355,True
552,RandomForest,2025-05-25 14:45:00,86.0,88.37946972482185,True
552,RandomForest,2025-05-25 14:50:00,95.0,105.95517384805464,True
552,RandomForest,2025-05-25 14:55:00,96.0,85.13132394313494,True
552,RandomForest,2025-05-25 15:00:00,101.0,80.84781734241164,True
552,RandomForest,2025-05-25 15:05:00,104.0,78.68404197577435,True
552,RandomForest,2025-05-25 15:10:00,109.0,97.70128324799244,True
552,RandomForest,2025-05-25 15:15:00,116.0,123.43829476803394,True
552,RandomForest,2025-05-25 15:20:00,127.0,134.80139385685683,True
552,RandomForest,2025-05-25 15:25:00,138.0,107.8339054354683,True
552,RandomForest,2025-05-25 15:30:00,149.0,122.11383949886925,True
552,RandomForest,2025-05-25 15:35:00,160.0,120.69499720335229,True
552,RandomForest,2025-05-25 15:40:00,160.0,125.84305459060275,True
552,RandomForest,2025-05-25 15:45:00,160.0,144.175037112888,True
552,RandomForest,2025-05-25 15:50:00,160.0,159.12760793984245,True
552,RandomForest,2025-05-25 15:55:00,160.0,167.81254235258388,True
552,RandomForest,2025-05-25 16:00:00,160.0,179.62980477641014,True
552,RandomForest,2025-05-25 16:05:00,160.0,190.40551468661587,True
552,RandomForest,2025-05-25 17:35:00,205.0,169.82613945615594,False
552,RandomForest,2025-05-25 17:40:00,209.0,169.87140595220578,False
552,RandomForest,2025-05-25 17:45:00,213.0,169.05787301077197,False
552,RandomForest,2025-05-25 17:50:00,209.0,198.93337217313297,False
552,RandomForest,2025-05-25 17:55:00,206.0,207.72477397712032,False
552,RandomForest,2025-05-25 18:00:00,206.0,197.01392373380375,False
552,RandomForest,2025-05-25 18:05:00,207.0,200.55191039430247,True
552,RandomForest,2025-05-25 18:10:00,201.0,220.7468288120556,True
552,RandomForest,2025-05-25 18:15:00,192.0,226.13753225675723,True
552,RandomForest,2025-05-25 18:20:00,184.0,191.35581795990976,True
552,RandomForest,2025-05-25 18:25:00,178.0,189.4635147109226,True
552,RandomForest,2025-05-25 18:30:00,175.0,201.5677033905244,True
552,RandomForest,2025-05-25 18:35:00,171.0,206.83007120860344,True
552,RandomForest,2025-05-25 18:40:00,164.0,183.80121043074757,True
552,RandomForest,2025-05-25 18:45:00,159.0,171.75817294248844,True
552,RandomForest,2025-05-25 18:50:00,157.0,162.65829135486058,True
552,RandomForest,2025-05-25 18:55:00,155.0,155.38532478220978,True
552,RandomForest,2025-05-25 19:00:00,155.0,162.68037063004175,True
552,RandomForest,2025-05-25 19:05:00,155.0,152.0122533931016,True
552,RandomForest,2025-05-25 19:10:00,152.0,139.16122654242213,True
552,RandomForest,2025-05-25 19:15:00,145.0,138.05303598069622,True
552,RandomForest,2025-05-25 19:20:00,139.0,146.0631057304927,True
552,RandomForest,2025-05-25 19:25:00,132.0,141.33733878821434,True
552,RandomForest,2025-05-25 19:30:00,133.0,148.1966161022831,True
552,RandomForest,2025-05-25 19:35:00,135.0,147.98281011695752,True
552,RandomForest,2025-05-25 19:40:00,134.0,137.66354116491559,True
552,RandomForest,2025-05-25 19:45:00,132.0,126.79530046027502,True
552,RandomForest,2025-05-25 19:50:00,127.0,122.57496036878035,True
552,RandomForest,2025-05-25 19:55:00,121.0,112.52780560789972,True
552,RandomForest,2025-05-25 20:00:00,118.0,136.25944335774403,True
552,RandomForest,2025-05-25 20:05:00,113.0,140.89706971575714,True
552,RandomForest,2025-05-25 20:10:00,107.0,132.18029176325848,True
552,RandomForest,2025-05-25 20:15:00,104.0,127.47886918301471,True
552,RandomForest,2025-05-25 20:20:00,103.0,118.09041663359763,True
552,RandomForest,2025-05-25 20:25:00,100.0,110.59238502302892,True
552,RandomForest,2025-05-25 20:30:00,99.0,109.38594193865234,True
552,RandomForest,2025-05-25 20:35:00,97.0,102.31297338820424,True
552,RandomForest,2025-05-25 20:40:00,95.0,95.27538208501988,True
552,RandomForest,2025-05-25 20:45:00,95.0,96.0846135652924,True
552,RandomForest,2025-05-25 20:50:00,97.0,98.48080551525332,True
552,RandomForest,2025-05-25 20:55:00,102.0,92.15443428651717,True
552,RandomForest,2025-05-25 21:00:00,109.0,94.29406814430084,True
552,RandomForest,2025-05-25 21:05:00,120.0,92.18174154632852,True
552,RandomForest,2025-05-25 21:10:00,129.0,88.20566877610625,True
552,RandomForest,2025-05-25 21:15:00,138.0,91.7386066346575,True
552,RandomForest,2025-05-25 21:20:00,145.0,104.59860625331373,True
552,RandomForest,2025-05-25 21:25:00,149.0,117.3598956173127,True
552,RandomForest,2025-05-25 21:30:00,152.0,130.70668480246866,True
552,RandomForest,2025-05-25 21:35:00,155.0,140.12117817465568,True
552,RandomForest,2025-05-25 21:40:00,156.0,154.7832623088314,True
552,RandomForest,2025-05-25 21:45:00,156.0,160.84916636708394,True
552,RandomForest,2025-05-25 21:50:00,154.0,158.36254261514097,True
552,RandomForest,2025-05-25 21:55:00,147.0,153.3914075298368,True
552,RandomForest,2025-05-25 22:00:00,144.0,162.32034700852108,True
552,RandomForest,2025-05-25 22:05:00,137.0,164.16162630892725,True
552,RandomForest,2025-05-25 22:10:00,134.0,155.4088618571249,True
552,RandomForest,2025-05-25 22:15:00,126.0,157.0841604462223,True
552,RandomForest,2025-05-25 22:20:00,120.0,145.61515265942464,True
552,RandomForest,2025-05-25 22:25:00,109.0,126.60694289961852,True
552,RandomForest,2025-05-25 22:30:00,106.0,131.82274485889516,True
552,RandomForest,2025-05-25 22:35:00,111.0,114.7561753542905,True
552,RandomForest,2025-05-25 22:40:00,110.0,126.05087787602675,True
552,RandomForest,2025-05-25 22:45:00,109.0,100.3048311196172,True
552,RandomForest,2025-05-25 22:50:00,109.0,100.2364629237159,True
552,RandomForest,2025-05-25 22:55:00,108.0,92.1836665704216,True
552,RandomForest,2025-05-25 23:00:00,108.0,100.40706278261452,True
552,RandomForest,2025-05-25 23:05:00,106.0,123.4412413643704,True
552,RandomForest,2025-05-25 23:10:00,105.0,109.91032525215554,True
552,RandomForest,2025-05-25 23:15:00,103.0,106.7006683961336,True
552,RandomForest,2025-05-25 23:20:00,101.0,110.10792202741113,True
552,RandomForest,2025-05-25 23:25:00,100.0,104.41141387411491,True
552,RandomForest,2025-05-25 23:30:00,100.0,107.80740320399899,True
552,RandomForest,2025-05-25 23:35:00,101.0,103.53457943383799,True
552,RandomForest,2025-05-25 23:40:00,102.0,105.23984558538854,True
552,RandomForest,2025-05-25 23:45:00,99.0,99.63506370127396,True
552,RandomForest,2025-05-25 23:50:00,97.0,99.32327520448163,True
552,RandomForest,2025-05-25 23:55:00,98.0,98.27606644296264,True
552,RandomForest,2025-05-26 00:00:00,98.0,98.58876796043172,True
552,RandomForest,2025-05-26 00:05:00,99.0,103.91863626450522,True
552,RandomForest,2025-05-26 00:10:00,99.0,106.20743782720189,True
552,RandomForest,2025-05-26 00:15:00,98.0,97.29594804931698,True
552,RandomForest,2025-05-26 00:20:00,98.0,95.21506980560433,True
552,RandomForest,2025-05-26 00:25:00,97.0,100.16364268151078,True
552,RandomForest,2025-05-26 00:30:00,97.0,97.6005013627306,True
552,RandomForest,2025-05-26 00:35:00,98.0,101.67039890272467,True
552,RandomForest,2025-05-26 00:40:00,98.0,99.91176843239094,True
552,RandomForest,2025-05-26 00:45:00,97.0,97.34705628726404,True
552,RandomForest,2025-05-26 00:50:00,98.0,97.07964833757525,True
552,RandomForest,2025-05-26 00:55:00,100.0,95.69323144377918,True
552,RandomForest,2025-05-26 01:00:00,100.0,96.75653196290502,True
552,RandomForest,2025-05-26 01:05:00,100.0,102.68042323698805,True
552,RandomForest,2025-05-26 01:10:00,100.0,97.83072177925878,True
552,RandomForest,2025-05-26 01:15:00,101.0,95.88679652855853,True
552,RandomForest,2025-05-26 01:20:00,103.0,101.93467250996262,True
552,RandomForest,2025-05-26 01:25:00,103.0,104.74443586765965,True
552,RandomForest,2025-05-26 01:30:00,103.0,102.46205910207672,True
552,RandomForest,2025-05-26 01:35:00,103.0,103.9307779207067,True
552,RandomForest,2025-05-26 01:40:00,100.0,102.90723340267476,True
552,RandomForest,2025-05-26 01:45:00,99.0,106.4467458881851,True
552,RandomForest,2025-05-26 01:50:00,98.0,112.19657430605132,True
552,RandomForest,2025-05-26 01:55:00,96.0,107.46976410961759,True
552,RandomForest,2025-05-26 02:00:00,96.0,107.66133196618377,True
552,RandomForest,2025-05-26 02:05:00,95.0,106.88387855362959,True
552,RandomForest,2025-05-26 02:10:00,99.0,100.05637612887018,True
552,RandomForest,2025-05-26 02:15:00,101.0,99.15150118806758,True
552,RandomForest,2025-05-26 02:20:00,102.0,97.47799035345324,True
552,RandomForest,2025-05-26 02:25:00,101.0,93.64274815413806,True
552,RandomForest,2025-05-26 02:30:00,100.0,95.07237915054749,True
552,RandomForest,2025-05-26 02:35:00,100.0,93.0993230385051,True
552,RandomForest,2025-05-26 02:40:00,97.0,107.32394457950326,True
552,RandomForest,2025-05-26 02:45:00,94.0,104.84250890316252,True
552,RandomForest,2025-05-26 02:50:00,93.0,107.88035951911277,True
552,RandomForest,2025-05-26 02:55:00,92.0,101.71002871921641,True
552,RandomForest,2025-05-26 03:00:00,93.0,100.51579251726027,True
552,RandomForest,2025-05-26 03:05:00,93.0,101.35340635414542,True
552,RandomForest,2025-05-26 03:10:00,91.0,94.56964906147537,True
552,RandomForest,2025-05-26 03:15:00,89.0,91.72398874267736,True
552,RandomForest,2025-05-26 03:20:00,88.0,92.81777144093918,True
552,RandomForest,2025-05-26 03:25:00,87.0,91.41623630859533,True
552,RandomForest,2025-05-26 03:30:00,85.0,95.99313577236948,True
552,RandomForest,2025-05-26 03:35:00,84.0,92.98161371247708,True
552,RandomForest,2025-05-26 03:40:00,83.0,91.27827592343456,True
552,RandomForest,2025-05-26 03:45:00,82.0,88.13818203692985,True
552,RandomForest,2025-05-26 03:50:00,81.0,87.0304322740749,True
552,RandomForest,2025-05-26 03:55:00,81.0,84.39805154356617,True
552,RandomForest,2025-05-26 04:00:00,82.0,83.07931094281173,True
552,RandomForest,2025-05-26 04:05:00,85.0,82.9389216597927,True
552,RandomForest,2025-05-26 04:10:00,86.0,81.54009503027743,True
552,RandomForest,2025-05-26 04:15:00,86.0,79.4061484326567,True
552,RandomForest,2025-05-26 04:20:00,85.0,78.97315070812991,True
552,RandomForest,2025-05-26 04:25:00,85.0,82.58997074836701,True
552,RandomForest,2025-05-26 04:30:00,85.0,83.9022515536261,True
552,RandomForest,2025-05-26 04:35:00,84.0,94.09726128164101,True
552,RandomForest,2025-05-26 04:40:00,84.0,90.12576849831268,True
552,RandomForest,2025-05-26 04:45:00,85.0,95.77321861474033,True
552,RandomForest,2025-05-26 04:50:00,86.0,85.50096536540372,True
552,RandomForest,2025-05-26 04:55:00,86.0,87.65384887725757,True
552,RandomForest,2025-05-26 05:00:00,85.0,86.69436298707187,True
552,RandomForest,2025-05-26 05:05:00,87.0,83.62380731319645,True
552,RandomForest,2025-05-26 05:10:00,88.0,85.54761794139736,True
552,RandomForest,2025-05-26 05:15:00,89.0,87.53733957353941,True
552,RandomForest,2025-05-26 05:20:00,91.0,88.35286248726234,True
552,RandomForest,2025-05-26 05:25:00,93.0,87.66188841968797,True
552,RandomForest,2025-05-26 05:30:00,96.0,85.17381430421702,True
552,RandomForest,2025-05-26 05:35:00,99.0,95.43095563240753,True
552,RandomForest,2025-05-26 05:40:00,100.0,91.26485101815817,True
552,RandomForest,2025-05-26 05:45:00,98.0,93.03093056213082,True
552,RandomForest,2025-05-26 05:50:00,102.0,100.81425717708962,True
552,RandomForest,2025-05-26 05:55:00,101.0,101.34979062833234,True
552,RandomForest,2025-05-26 06:00:00,101.0,108.45800857292058,True
552,RandomForest,2025-05-26 06:05:00,102.0,112.53736447077044,True
552,RandomForest,2025-05-26 06:10:00,103.0,104.86860027565817,True
552,RandomForest,2025-05-26 06:15:00,103.0,99.4039436707949,True
552,RandomForest,2025-05-26 06:20:00,101.0,115.69347198403024,True
552,RandomForest,2025-05-26 06:25:00,98.0,102.0470861832358,True
552,RandomForest,2025-05-26 06:30:00,97.0,105.83836020603908,True
552,RandomForest,2025-05-26 06:35:00,97.0,109.85131691059865,True
552,RandomForest,2025-05-26 06:40:00,98.0,111.2528233791741,True
552,RandomForest,2025-05-26 06:45:00,99.0,108.00353040905466,True
552,RandomForest,2025-05-26 06:50:00,107.0,100.95608460714357,True
552,RandomForest,2025-05-26 06:55:00,112.0,95.9039842435869,True
552,RandomForest,2025-05-26 07:00:00,122.0,96.71303536280267,True
552,RandomForest,2025-05-26 07:05:00,131.0,97.89599138255186,True
552,RandomForest,2025-05-26 07:10:00,143.0,99.31921991727272,True
552,RandomForest,2025-05-26 07:15:00,157.0,102.7527330218962,True
552,RandomForest,2025-05-26 07:20:00,169.0,155.70050480355403,True
552,RandomForest,2025-05-26 07:25:00,175.0,142.465368400159,True
552,RandomForest,2025-05-26 07:30:00,176.0,164.2094640342448,True
552,RandomForest,2025-05-26 07:35:00,177.0,161.44158303908907,True
552,RandomForest,2025-05-26 07:40:00,177.0,178.44421970434232,True
552,RandomForest,2025-05-26 07:45:00,174.0,184.18453551050675,True
552,RandomForest,2025-05-26 07:50:00,169.0,197.84907953045578,True
552,RandomForest,2025-05-26 07:55:00,164.0,180.51977557847778,True
552,RandomForest,2025-05-26 08:00:00,161.0,171.02871286221628,True
552,RandomForest,2025-05-26 08:05:00,159.0,169.14114990024189,True
552,RandomForest,2025-05-26 08:10:00,158.0,171.84979400266718,True
552,RandomForest,2025-05-26 08:15:00,157.0,156.29458100942418,True
552,RandomForest,2025-05-26 08:20:00,156.0,149.74044184021648,True
552,RandomForest,2025-05-26 08:25:00,161.0,147.6825893499221,True
552,RandomForest,2025-05-26 08:30:00,158.0,148.33332466803478,True
552,RandomForest,2025-05-26 08:35:00,156.0,148.55575162607042,True
552,RandomForest,2025-05-26 08:40:00,162.0,149.39981408396224,True
552,RandomForest,2025-05-26 08:45:00,168.0,148.2364700291155,True
552,RandomForest,2025-05-26 08:50:00,174.0,147.25037344045154,True
552,RandomForest,2025-05-26 08:55:00,180.0,170.99626014905428,True
552,RandomForest,2025-05-26 09:00:00,181.0,150.2972795223793,True
552,RandomForest,2025-05-26 09:05:00,181.0,148.69507146191435,True
552,RandomForest,2025-05-26 09:10:00,187.0,173.1643643339248,True
552,RandomForest,2025-05-26 09:15:00,192.0,178.77899736208732,True
552,RandomForest,2025-05-26 09:20:00,196.0,189.80245240110472,True
552,RandomForest,2025-05-26 09:25:00,197.0,194.57330175442402,True
552,RandomForest,2025-05-26 09:30:00,196.0,182.29407871546582,True
552,RandomForest,2025-05-26 09:35:00,193.0,179.6120501957959,True
552,RandomForest,2025-05-26 09:40:00,192.0,198.70859532621188,True
552,RandomForest,2025-05-26 09:45:00,189.0,201.16591659015683,True
552,RandomForest,2025-05-26 09:50:00,185.0,207.96228845185158,True
552,RandomForest,2025-05-26 09:55:00,179.0,202.51349801163474,True
552,RandomForest,2025-05-26 10:00:00,173.0,191.9906708463821,True
552,RandomForest,2025-05-26 10:05:00,167.0,180.68631236937475,True
552,RandomForest,2025-05-26 10:10:00,160.0,183.63100382982063,True
552,RandomForest,2025-05-26 10:15:00,148.0,172.29058426419513,True
552,RandomForest,2025-05-26 10:20:00,141.0,165.02485769371538,True
552,RandomForest,2025-05-26 10:25:00,139.0,157.96599163073196,True
552,RandomForest,2025-05-26 10:30:00,135.0,152.0977978347148,True
552,RandomForest,2025-05-26 10:35:00,131.0,145.10000102758258,True
552,RandomForest,2025-05-26 10:40:00,125.0,134.45054030849624,True
552,RandomForest,2025-05-26 10:45:00,121.0,116.78309009141891,True
552,RandomForest,2025-05-26 10:50:00,118.0,119.28949922803457,True
552,RandomForest,2025-05-26 10:55:00,116.0,132.9558281816825,True
552,RandomForest,2025-05-26 11:00:00,111.0,120.30368933595872,True
552,RandomForest,2025-05-26 11:05:00,106.0,114.56613227355295,True
552,RandomForest,2025-05-26 11:10:00,105.0,103.93981314806739,True
552,RandomForest,2025-05-26 11:15:00,105.0,107.27844290407326,True
552,RandomForest,2025-05-26 11:20:00,106.0,104.9303430829496,True
552,RandomForest,2025-05-26 11:25:00,104.0,104.00164274248365,True
552,RandomForest,2025-05-26 11:30:00,102.0,92.80747028274357,True
552,RandomForest,2025-05-26 11:35:00,99.0,87.7181319749843,True
552,RandomForest,2025-05-26 11:40:00,98.0,98.2424460227474,True
552,RandomForest,2025-05-26 11:45:00,97.0,98.17646368345304,True
552,RandomForest,2025-05-26 11:50:00,93.0,100.6744695918891,True
552,RandomForest,2025-05-26 11:55:00,93.0,100.74336615929204,True
552,RandomForest,2025-05-26 12:00:00,91.0,97.68424612350128,True
552,RandomForest,2025-05-26 12:05:00,91.0,97.52549356702397,True
552,RandomForest,2025-05-26 12:10:00,90.0,96.61398062449794,True
552,RandomForest,2025-05-26 12:15:00,88.0,96.37114241230307,True
552,RandomForest,2025-05-26 12:20:00,89.0,92.83655500651736,True
552,RandomForest,2025-05-26 12:25:00,82.0,100.50794302360379,True
552,RandomForest,2025-05-26 12:30:00,81.0,96.21989825226593,True
552,RandomForest,2025-05-26 12:35:00,83.0,98.25424670601093,True
552,RandomForest,2025-05-26 12:40:00,80.0,96.79946768192609,True
552,RandomForest,2025-05-26 12:45:00,74.0,88.00059470571911,True
552,RandomForest,2025-05-26 12:50:00,75.0,95.58426783891478,True
552,RandomForest,2025-05-26 12:55:00,76.0,83.60619513736852,True
552,RandomForest,2025-05-26 13:00:00,78.0,84.3040516994499,True
552,RandomForest,2025-05-26 13:05:00,80.0,98.7723264265999,True
552,RandomForest,2025-05-26 13:10:00,85.0,83.15309957032437,True
552,RandomForest,2025-05-26 13:15:00,87.0,81.86215503915604,True
552,RandomForest,2025-05-26 13:20:00,90.0,87.35105569535206,True
552,RandomForest,2025-05-26 13:25:00,90.0,86.77752934311944,True
552,RandomForest,2025-05-26 13:30:00,90.0,98.95463551292079,True
552,RandomForest,2025-05-26 13:35:00,89.0,101.55963012160328,True
552,RandomForest,2025-05-26 13:40:00,88.0,118.1341407804264,True
552,RandomForest,2025-05-26 13:45:00,88.0,108.8845474131481,True
552,RandomForest,2025-05-26 13:50:00,84.0,111.28317611445182,True
552,RandomForest,2025-05-26 13:55:00,81.0,98.16530721485702,True
552,RandomForest,2025-05-26 14:00:00,81.0,99.89317977313584,True
552,RandomForest,2025-05-26 14:05:00,82.0,93.17419860431042,True
552,RandomForest,2025-05-26 14:10:00,84.0,90.50415775744158,True
552,RandomForest,2025-05-26 14:15:00,88.0,99.70499030572635,True
552,RandomForest,2025-05-26 14:20:00,93.0,84.56455049242096,True
552,RandomForest,2025-05-26 14:25:00,100.0,82.23541789180777,True
552,RandomForest,2025-05-26 14:30:00,105.0,91.21206840951334,True
552,RandomForest,2025-05-26 14:35:00,118.0,89.97500211928025,True
552,RandomForest,2025-05-26 14:40:00,129.0,99.78530825696545,True
552,RandomForest,2025-05-26 14:45:00,136.0,109.19564037752004,True
552,RandomForest,2025-05-26 14:50:00,141.0,115.92072014295616,True
552,RandomForest,2025-05-26 14:55:00,146.0,133.77496742706032,True
552,RandomForest,2025-05-26 15:00:00,150.0,122.91199791182927,True
552,RandomForest,2025-05-26 15:05:00,151.0,161.07797510421696,True
552,RandomForest,2025-05-26 15:10:00,147.0,160.5465229419495,True
552,RandomForest,2025-05-26 15:15:00,143.0,156.56957067332618,True
552,RandomForest,2025-05-26 15:20:00,137.0,155.35272174940727,True
552,RandomForest,2025-05-26 15:25:00,132.0,163.45757921429814,True
552,RandomForest,2025-05-26 15:30:00,127.0,160.44506930802973,True
552,RandomForest,2025-05-26 15:35:00,119.0,153.86593014131194,True
552,RandomForest,2025-05-26 15:40:00,126.0,142.96630664092808,True
552,RandomForest,2025-05-26 15:45:00,132.0,143.2444785233765,True
552,RandomForest,2025-05-26 15:50:00,130.0,133.0900634722244,True
552,RandomForest,2025-05-26 15:55:00,130.0,122.23461059782436,True
552,RandomForest,2025-05-26 16:00:00,134.0,115.30090321987224,True
552,RandomForest,2025-05-26 16:05:00,136.0,104.98014232779333,True
552,RandomForest,2025-05-26 16:10:00,137.0,139.49391773915642,True
552,RandomForest,2025-05-26 16:15:00,136.0,145.92359557597848,True
552,RandomForest,2025-05-26 16:20:00,135.0,127.59667212545051,True
552,RandomForest,2025-05-26 16:25:00,134.0,130.74478244900524,True
552,RandomForest,2025-05-26 16:30:00,131.0,144.50233947453395,True
552,RandomForest,2025-05-26 16:35:00,128.0,144.5213227257577,True
552,RandomForest,2025-05-26 16:40:00,125.0,140.04794754125288,True
552,RandomForest,2025-05-26 16:45:00,119.0,139.17113557042194,True
552,RandomForest,2025-05-26 16:50:00,115.0,132.94836035806438,True
552,RandomForest,2025-05-26 16:55:00,112.0,132.13478096731512,True
552,RandomForest,2025-05-26 17:00:00,107.0,131.9323895476072,True
552,RandomForest,2025-05-26 17:05:00,102.0,126.11305790267659,True
552,RandomForest,2025-05-26 17:10:00,100.0,122.52021319725318,True
552,RandomForest,2025-05-26 17:15:00,97.0,112.06081496920632,True
552,RandomForest,2025-05-26 17:20:00,99.0,107.77686104316683,True
552,RandomForest,2025-05-26 17:25:00,103.0,105.31627627294355,True
552,RandomForest,2025-05-26 17:30:00,101.0,95.70407952690567,True
552,RandomForest,2025-05-26 17:35:00,98.0,92.26204665874248,True
552,RandomForest,2025-05-26 17:40:00,95.0,92.14088198309751,True
552,RandomForest,2025-05-26 17:45:00,94.0,87.93852431014575,True
552,RandomForest,2025-05-26 17:50:00,96.0,105.46571679163112,True
552,RandomForest,2025-05-26 17:55:00,94.0,114.4740942672177,True
552,RandomForest,2025-05-26 18:00:00,95.0,102.96562660814413,True
552,RandomForest,2025-05-26 18:05:00,91.0,95.90294296151087,True
552,RandomForest,2025-05-26 18:10:00,90.0,92.01788169102892,True
552,RandomForest,2025-05-26 18:15:00,89.0,91.52123111765333,True
552,RandomForest,2025-05-26 18:20:00,86.0,100.65912483694295,True
552,RandomForest,2025-05-26 18:25:00,85.0,91.55170071176782,True
552,RandomForest,2025-05-26 18:30:00,88.0,102.50654075530043,True
552,RandomForest,2025-05-26 18:35:00,91.0,90.85394208938746,True
552,RandomForest,2025-05-26 18:40:00,90.0,92.25039064203298,True
552,RandomForest,2025-05-26 18:45:00,95.0,89.81813708056468,True
552,RandomForest,2025-05-26 18:50:00,99.0,84.78630419905113,True
552,RandomForest,2025-05-26 18:55:00,103.0,83.54436460057836,True
552,RandomForest,2025-05-26 19:00:00,105.0,98.76483308781214,True
552,RandomForest,2025-05-26 19:05:00,106.0,101.6323316627392,True
552,RandomForest,2025-05-26 19:10:00,107.0,91.24945969503244,True
552,RandomForest,2025-05-26 19:15:00,108.0,109.27869048555944,True
552,RandomForest,2025-05-26 19:20:00,108.0,111.49915111262234,True
552,RandomForest,2025-05-26 19:25:00,110.0,118.45778191426284,True
552,RandomForest,2025-05-26 19:30:00,115.0,112.81418068297424,True
552,RandomForest,2025-05-26 19:35:00,118.0,110.9265856932564,True
552,RandomForest,2025-05-26 19:40:00,124.0,115.36322918787035,True
552,RandomForest,2025-05-26 19:45:00,127.0,114.04444851362145,True
552,RandomForest,2025-05-26 19:50:00,133.0,110.79061862554562,True
552,RandomForest,2025-05-26 19:55:00,136.0,120.38966809909238,True
552,RandomForest,2025-05-26 20:00:00,141.0,132.70963288733086,True
552,RandomForest,2025-05-26 20:05:00,143.0,128.8561897798231,True
552,RandomForest,2025-05-26 20:10:00,145.0,142.6901084349859,True
552,RandomForest,2025-05-26 20:15:00,144.0,139.59092876923074,True
552,RandomForest,2025-05-26 20:20:00,140.0,149.49001330499857,True
552,RandomForest,2025-05-26 20:25:00,139.0,145.98404578278462,True
552,RandomForest,2025-05-26 20:30:00,138.0,160.664595418802,True
552,RandomForest,2025-05-26 20:35:00,137.0,151.7206164625062,True
552,RandomForest,2025-05-26 20:40:00,137.0,155.92984860735632,True
552,RandomForest,2025-05-26 20:45:00,140.0,149.93422553383039,True
552,RandomForest,2025-05-26 20:50:00,139.0,140.7446967498256,True
552,RandomForest,2025-05-26 20:55:00,140.0,140.6041100028399,True
552,RandomForest,2025-05-26 21:00:00,142.0,138.51726513445163,True
552,RandomForest,2025-05-26 21:05:00,142.0,138.3746136619429,True
552,RandomForest,2025-05-26 21:10:00,146.0,137.91916759157814,True
552,RandomForest,2025-05-26 21:15:00,149.0,151.98193857473237,True
552,RandomForest,2025-05-26 21:20:00,146.0,138.40563220591662,True
552,RandomForest,2025-05-26 21:25:00,145.0,141.2819972725215,True
552,RandomForest,2025-05-26 21:30:00,148.0,148.76154479671152,True
552,RandomForest,2025-05-26 21:35:00,152.0,144.89017691916158,True
552,RandomForest,2025-05-26 21:40:00,150.0,157.7985687549046,True
552,RandomForest,2025-05-26 21:45:00,151.0,159.99492256351883,True
552,RandomForest,2025-05-26 21:50:00,152.0,135.67468687982654,True
552,RandomForest,2025-05-26 21:55:00,154.0,143.29329171134486,True
552,RandomForest,2025-05-26 22:00:00,155.0,157.55018577597065,True
552,RandomForest,2025-05-26 22:05:00,155.0,160.90407258325808,True
552,RandomForest,2025-05-26 22:10:00,155.0,143.56185998405223,True
552,RandomForest,2025-05-26 22:15:00,155.0,155.6492214653935,True
552,RandomForest,2025-05-26 22:20:00,139.0,157.21152120133817,True
552,RandomForest,2025-05-26 22:25:00,142.0,157.63129094904295,True
552,RandomForest,2025-05-26 22:30:00,145.0,157.05913827085442,True
552,RandomForest,2025-05-26 22:35:00,147.0,156.4678559926984,True
552,RandomForest,2025-05-26 22:40:00,149.0,156.46881563849684,True
552,RandomForest,2025-05-26 22:45:00,149.0,156.56254793683402,True
552,RandomForest,2025-05-26 22:50:00,143.0,132.05437346334247,True
552,RandomForest,2025-05-26 22:55:00,141.0,149.605526301588,True
552,RandomForest,2025-05-26 23:00:00,141.0,147.35916066624267,True
552,RandomForest,2025-05-26 23:05:00,142.0,153.13659126205346,True
552,RandomForest,2025-05-26 23:10:00,140.0,156.63293515666766,True
552,RandomForest,2025-05-26 23:15:00,135.0,153.47653501757634,True
552,RandomForest,2025-05-26 23:20:00,133.0,141.8311449076786,True
552,RandomForest,2025-05-26 23:25:00,131.0,143.8134799209778,True
552,RandomForest,2025-05-26 23:30:00,127.0,141.09317886855592,True
552,RandomForest,2025-05-26 23:35:00,124.0,145.94273081224839,True
552,RandomForest,2025-05-26 23:40:00,122.0,137.29523688869966,True
552,RandomForest,2025-05-26 23:45:00,120.0,127.43692308774035,True
552,RandomForest,2025-05-26 23:50:00,122.0,126.93930879569808,True
552,RandomForest,2025-05-26 23:55:00,123.0,125.45937089533184,True
552,RandomForest,2025-05-27 00:00:00,123.0,120.23308982673103,True
552,RandomForest,2025-05-27 00:05:00,123.0,116.62374936659968,True
552,RandomForest,2025-05-27 00:10:00,123.0,114.72275346351498,True
552,RandomForest,2025-05-27 00:15:00,123.0,113.63133987158866,True
552,RandomForest,2025-05-27 00:20:00,121.0,125.03871909226682,True
552,RandomForest,2025-05-27 00:25:00,114.0,124.85488652118717,True
552,RandomForest,2025-05-27 00:30:00,108.0,123.9987601319235,True
552,RandomForest,2025-05-27 00:35:00,102.0,123.95088083721684,True
552,RandomForest,2025-05-27 00:40:00,102.0,124.55818048070229,True
552,RandomForest,2025-05-27 00:45:00,106.0,123.90984288075404,True
552,RandomForest,2025-05-27 00:50:00,109.0,118.52862391716798,True
552,RandomForest,2025-05-27 00:55:00,111.0,110.88190892116783,True
552,RandomForest,2025-05-27 01:00:00,112.0,98.9480639469442,True
552,RandomForest,2025-05-27 01:05:00,113.0,95.12989658817365,True
552,RandomForest,2025-05-27 01:10:00,113.0,101.07158098253115,True
552,RandomForest,2025-05-27 01:15:00,114.0,111.37804058289852,True
552,RandomForest,2025-05-27 01:20:00,113.0,114.28675933712827,True
552,RandomForest,2025-05-27 01:25:00,112.0,116.17074190484556,True
552,RandomForest,2025-05-27 01:30:00,111.0,115.6789486981962,True
552,RandomForest,2025-05-27 01:35:00,110.0,117.88566801620696,True
552,RandomForest,2025-05-27 01:40:00,108.0,115.78557398822787,True
552,RandomForest,2025-05-27 01:45:00,107.0,117.19809991017341,True
552,RandomForest,2025-05-27 01:50:00,106.0,114.430580970059,True
552,RandomForest,2025-05-27 01:55:00,106.0,114.25996512666622,True
552,RandomForest,2025-05-27 02:00:00,105.0,112.77735975801527,True
552,RandomForest,2025-05-27 02:05:00,104.0,112.12596653902028,True
552,RandomForest,2025-05-27 02:10:00,103.0,104.78089420884426,True
552,RandomForest,2025-05-27 02:15:00,103.0,104.84735535989526,True
552,RandomForest,2025-05-27 02:20:00,102.0,104.20565979351119,True
552,RandomForest,2025-05-27 02:25:00,102.0,104.94674767325978,True
552,RandomForest,2025-05-27 02:30:00,101.0,102.38327829789588,True
552,RandomForest,2025-05-27 02:35:00,101.0,100.91941419736854,True
552,RandomForest,2025-05-27 02:40:00,100.0,100.15095607645982,True
552,RandomForest,2025-05-27 02:45:00,98.0,103.69640789168452,True
552,RandomForest,2025-05-27 02:50:00,96.0,100.12964067028301,True
552,RandomForest,2025-05-27 02:55:00,95.0,104.26136103113834,True
552,RandomForest,2025-05-27 03:00:00,94.0,99.46598660340798,True
552,RandomForest,2025-05-27 03:05:00,93.0,101.31321736601636,True
552,RandomForest,2025-05-27 03:10:00,92.0,98.70114140272601,True
552,RandomForest,2025-05-27 03:15:00,92.0,95.70025962265181,True
552,RandomForest,2025-05-27 03:20:00,91.0,92.93434413923127,True
552,RandomForest,2025-05-27 03:25:00,90.0,91.98286390151517,True
552,RandomForest,2025-05-27 03:30:00,91.0,92.16012257456579,True
552,RandomForest,2025-05-27 03:35:00,91.0,91.80578387450392,True
552,RandomForest,2025-05-27 03:40:00,90.0,90.69897603898599,True
552,RandomForest,2025-05-27 03:45:00,89.0,92.3347608671716,True
552,RandomForest,2025-05-27 03:50:00,87.0,89.58289065075573,True
552,RandomForest,2025-05-27 03:55:00,86.0,89.25678454473302,True
552,RandomForest,2025-05-27 04:00:00,86.0,94.22476850898167,True
552,RandomForest,2025-05-27 04:05:00,85.0,90.73936572056866,True
552,RandomForest,2025-05-27 04:10:00,84.0,90.49337957347376,True
552,RandomForest,2025-05-27 04:15:00,83.0,88.55793597283096,True
552,RandomForest,2025-05-27 04:20:00,81.0,85.89315836515081,True
552,RandomForest,2025-05-27 04:25:00,80.0,84.16303479693747,True
552,RandomForest,2025-05-27 04:30:00,79.0,87.20044985870886,True
552,RandomForest,2025-05-27 04:35:00,78.0,83.85582200578732,True
552,RandomForest,2025-05-27 04:40:00,76.0,83.04964164568915,True
552,RandomForest,2025-05-27 04:45:00,75.0,82.20626956380818,True
552,RandomForest,2025-05-27 04:50:00,75.0,78.69219231480027,True
552,RandomForest,2025-05-27 04:55:00,74.0,78.97315070812991,True
552,RandomForest,2025-05-27 05:00:00,73.0,78.9689947640204,True
552,RandomForest,2025-05-27 05:05:00,72.0,78.28554894336885,True
552,RandomForest,2025-05-27 05:10:00,71.0,76.69034098333083,True
552,RandomForest,2025-05-27 05:15:00,70.0,76.15488577227353,True
552,RandomForest,2025-05-27 05:20:00,69.0,75.92879006003251,True
552,RandomForest,2025-05-27 05:25:00,67.0,76.15920918786327,True
552,RandomForest,2025-05-27 05:30:00,66.0,76.1266742895489,True
552,RandomForest,2025-05-27 05:35:00,65.0,74.64170323970883,True
552,RandomForest,2025-05-27 05:40:00,64.0,73.80733309366329,True
552,RandomForest,2025-05-27 05:45:00,62.0,71.93328686833766,True
552,RandomForest,2025-05-27 05:50:00,62.0,71.31652579057595,True
552,RandomForest,2025-05-27 05:55:00,62.0,69.08018424876732,True
552,RandomForest,2025-05-27 06:00:00,62.0,69.76027359486767,True
552,RandomForest,2025-05-27 06:05:00,63.0,67.5420334007748,True
552,RandomForest,2025-05-27 06:10:00,63.0,68.00151590408115,True
552,RandomForest,2025-05-27 06:15:00,64.0,65.60465486163241,True
552,RandomForest,2025-05-27 06:20:00,66.0,69.18148813706527,True
552,RandomForest,2025-05-27 06:25:00,67.0,70.01032325085535,True
552,RandomForest,2025-05-27 06:30:00,70.0,69.9854708733996,True
552,RandomForest,2025-05-27 06:35:00,73.0,70.81132872693418,True
552,RandomForest,2025-05-27 06:40:00,76.0,69.92495851861288,True
552,RandomForest,2025-05-27 06:45:00,79.0,71.67034654330104,True
552,RandomForest,2025-05-27 06:50:00,81.0,81.70474218281328,True
552,RandomForest,2025-05-27 06:55:00,84.0,73.82308112584963,True
552,RandomForest,2025-05-27 07:00:00,85.0,85.58257039956528,True
552,RandomForest,2025-05-27 07:05:00,87.0,88.557320638494,True
552,RandomForest,2025-05-27 07:10:00,88.0,95.2987758073459,True
552,RandomForest,2025-05-27 07:15:00,90.0,99.17420269595961,True
552,RandomForest,2025-05-27 07:20:00,93.0,96.52870898281618,True
552,RandomForest,2025-05-27 07:25:00,99.0,104.80715716189215,True
552,RandomForest,2025-05-27 07:30:00,107.0,98.66504653603363,True
552,RandomForest,2025-05-27 07:35:00,110.0,97.36885714757804,True
552,RandomForest,2025-05-27 07:40:00,116.0,98.79844988771488,True
552,RandomForest,2025-05-27 07:45:00,122.0,101.94404997962378,True
552,RandomForest,2025-05-27 07:50:00,129.0,110.30833971698357,True
552,RandomForest,2025-05-27 07:55:00,134.0,124.66755779557825,True
552,RandomForest,2025-05-27 08:00:00,142.0,141.8734920468605,True
552,RandomForest,2025-05-27 08:05:00,146.0,121.91810782243746,True
552,RandomForest,2025-05-27 08:10:00,146.0,134.98153524078066,True
552,RandomForest,2025-05-27 08:15:00,149.0,140.7941546292265,True
552,RandomForest,2025-05-27 08:20:00,156.0,155.019886470603,True
552,RandomForest,2025-05-27 08:25:00,159.0,149.6404762470413,True
552,RandomForest,2025-05-27 08:30:00,159.0,168.89211675521736,True
552,RandomForest,2025-05-27 08:35:00,163.0,160.6986150855331,True
552,RandomForest,2025-05-27 08:40:00,164.0,149.42091563936933,True
552,RandomForest,2025-05-27 08:45:00,164.0,163.018112583549,True
552,RandomForest,2025-05-27 08:50:00,164.0,173.57198037100832,True
552,RandomForest,2025-05-27 08:55:00,164.0,162.2504250307596,True
552,RandomForest,2025-05-27 09:00:00,168.0,158.36927589712948,True
552,RandomForest,2025-05-27 09:05:00,174.0,171.1434858415024,True
552,RandomForest,2025-05-27 09:10:00,180.0,167.5915013666439,True
552,RandomForest,2025-05-27 09:15:00,191.0,185.49184896678153,True
552,RandomForest,2025-05-27 09:20:00,203.0,188.10587384193798,True
552,RandomForest,2025-05-27 09:25:00,214.0,184.79949595251412,True
552,RandomForest,2025-05-27 09:30:00,222.0,186.60806389968116,True
552,RandomForest,2025-05-27 09:35:00,226.0,189.09043024815585,True
552,RandomForest,2025-05-27 09:40:00,229.0,192.20953554175813,True
552,RandomForest,2025-05-27 09:45:00,233.0,223.08735829891612,True
552,RandomForest,2025-05-27 09:50:00,235.0,234.240998744811,True
552,RandomForest,2025-05-27 09:55:00,237.0,235.7708421762245,True
552,RandomForest,2025-05-27 10:00:00,238.0,235.94156732071872,True
552,RandomForest,2025-05-27 10:05:00,240.0,231.05289820236092,True
552,RandomForest,2025-05-27 10:10:00,240.0,227.9747131191098,True
552,RandomForest,2025-05-27 10:15:00,240.0,242.48339217777098,True
552,RandomForest,2025-05-27 10:20:00,240.0,231.7941804329525,True
552,RandomForest,2025-05-27 10:25:00,240.0,236.0413807456035,True
552,RandomForest,2025-05-27 10:30:00,240.0,231.07702259620294,True
552,RandomForest,2025-05-27 10:35:00,240.0,235.70131400395232,True
552,RandomForest,2025-05-27 11:45:00,239.0,147.12754168579966,False
552,RandomForest,2025-05-27 11:50:00,236.0,135.2695622112933,False
552,RandomForest,2025-05-27 11:55:00,235.0,151.45194699282732,False
552,RandomForest,2025-05-27 12:00:00,238.0,144.75974240406035,False
552,RandomForest,2025-05-27 12:05:00,239.0,145.39232798748276,False
552,RandomForest,2025-05-27 12:10:00,236.0,143.4826578243126,False
552,RandomForest,2025-05-27 12:15:00,232.0,223.1443267393023,True
552,RandomForest,2025-05-27 12:20:00,227.0,210.9888657705398,True
552,RandomForest,2025-05-27 12:25:00,219.0,222.0230190581042,True
552,RandomForest,2025-05-27 12:30:00,214.0,230.59016433257858,True
552,RandomForest,2025-05-27 12:35:00,206.0,227.71722571397655,True
552,RandomForest,2025-05-27 12:40:00,195.0,212.09487811983763,True
552,RandomForest,2025-05-27 12:45:00,184.0,208.1799813092392,True
552,RandomForest,2025-05-27 12:50:00,172.0,200.0843364895509,True
552,RandomForest,2025-05-27 12:55:00,164.0,186.84571065297644,True
552,RandomForest,2025-05-27 13:00:00,158.0,185.35640382699646,True
552,RandomForest,2025-05-27 13:05:00,155.0,173.38579320449898,True
552,RandomForest,2025-05-27 13:10:00,149.0,157.94904078798933,True
552,RandomForest,2025-05-27 13:15:00,145.0,150.18059365963214,True
552,RandomForest,2025-05-27 13:20:00,143.0,129.26240206929612,True
552,RandomForest,2025-05-27 13:25:00,142.0,132.86830908217198,True
552,RandomForest,2025-05-27 13:30:00,141.0,129.06248878671497,True
552,RandomForest,2025-05-27 13:35:00,140.0,142.80931692492302,True
552,RandomForest,2025-05-27 13:40:00,137.0,127.89695126618692,True
552,RandomForest,2025-05-27 13:45:00,131.0,125.24152331473508,True
552,RandomForest,2025-05-27 13:50:00,134.0,131.38621069018478,True
552,RandomForest,2025-05-27 13:55:00,136.0,132.59364141861613,True
552,RandomForest,2025-05-27 14:00:00,137.0,132.948863891556,True
552,RandomForest,2025-05-27 14:05:00,134.0,133.29270318249445,True
552,RandomForest,2025-05-27 14:10:00,135.0,126.03811344362788,True
552,RandomForest,2025-05-27 14:15:00,129.0,119.02908426743015,True
552,RandomForest,2025-05-27 14:20:00,129.0,141.68017092240976,True
552,RandomForest,2025-05-27 14:25:00,133.0,139.06665310056135,True
552,RandomForest,2025-05-27 14:30:00,136.0,139.0151292799305,True
552,RandomForest,2025-05-27 14:35:00,137.0,128.00116126019003,True
552,RandomForest,2025-05-27 14:40:00,136.0,138.14536985986012,True
552,RandomForest,2025-05-27 14:45:00,135.0,122.93379204408018,True
552,RandomForest,2025-05-27 14:50:00,134.0,130.91441004379928,True
552,RandomForest,2025-05-27 14:55:00,135.0,141.18494902796544,True
552,RandomForest,2025-05-27 15:00:00,137.0,141.8267154019135,True
552,RandomForest,2025-05-27 15:05:00,140.0,140.40662071251535,True
552,RandomForest,2025-05-27 15:10:00,143.0,139.13454496027492,True
552,RandomForest,2025-05-27 15:15:00,152.0,135.97985851373517,True
552,RandomForest,2025-05-27 15:20:00,158.0,134.38073053342512,True
552,RandomForest,2025-05-27 15:25:00,166.0,137.9516808819884,True
552,RandomForest,2025-05-27 15:30:00,173.0,142.57382219436215,True
552,RandomForest,2025-05-27 15:35:00,176.0,151.54287060163387,True
552,RandomForest,2025-05-27 15:40:00,175.0,153.84249064890093,True
552,RandomForest,2025-05-27 15:45:00,175.0,175.43568859136536,True
552,RandomForest,2025-05-27 15:50:00,174.0,173.12315180686198,True
552,RandomForest,2025-05-27 15:55:00,164.0,190.5838250589979,True
552,RandomForest,2025-05-27 16:00:00,161.0,193.17557880536577,True
552,RandomForest,2025-05-27 16:05:00,166.0,187.77694572990669,True
552,RandomForest,2025-05-27 16:10:00,161.0,168.10392726188965,True
552,RandomForest,2025-05-27 16:15:00,156.0,177.1173632191007,True
552,RandomForest,2025-05-27 16:20:00,156.0,171.52436688249415,True
552,RandomForest,2025-05-27 16:25:00,159.0,153.76792710375565,True
552,RandomForest,2025-05-27 16:30:00,160.0,154.59978000341533,True
552,RandomForest,2025-05-27 16:35:00,159.0,167.24814840419668,True
552,RandomForest,2025-05-27 16:40:00,153.0,149.49762004941604,True
552,RandomForest,2025-05-27 16:45:00,148.0,146.19787580259106,True
552,RandomForest,2025-05-27 16:50:00,146.0,156.08428739600814,True
552,RandomForest,2025-05-27 16:55:00,138.0,162.76441804529563,True
552,RandomForest,2025-05-27 17:00:00,136.0,163.11848816555232,True
552,RandomForest,2025-05-27 17:05:00,138.0,153.71178408222156,True
552,RandomForest,2025-05-27 17:10:00,137.0,147.26670910291034,True
552,RandomForest,2025-05-27 17:15:00,135.0,139.76349100533497,True
552,RandomForest,2025-05-27 17:20:00,135.0,142.81430625249578,True
552,RandomForest,2025-05-27 17:25:00,132.0,131.4502438608774,True
552,RandomForest,2025-05-27 17:30:00,127.0,138.3745501375762,True
552,RandomForest,2025-05-27 17:35:00,122.0,144.11596020811817,True
552,RandomForest,2025-05-27 17:40:00,131.0,135.06433998521436,True
552,RandomForest,2025-05-27 17:45:00,144.0,129.57188797908066,True
552,RandomForest,2025-05-27 17:50:00,150.0,132.05379754799128,True
552,RandomForest,2025-05-27 17:55:00,143.0,125.86909861888903,True
552,RandomForest,2025-05-27 18:00:00,141.0,119.81304421892017,True
552,RandomForest,2025-05-27 18:05:00,148.0,113.5221721289237,True
552,RandomForest,2025-05-27 18:10:00,150.0,136.85881984197317,True
552,RandomForest,2025-05-27 18:15:00,147.0,151.37407180760025,True
552,RandomForest,2025-05-27 18:20:00,146.0,161.5477449600854,True
552,RandomForest,2025-05-27 18:25:00,147.0,146.75543046999195,True
552,RandomForest,2025-05-27 18:30:00,145.0,147.79646516777083,True
552,RandomForest,2025-05-27 18:35:00,142.0,161.10332464805452,True
552,RandomForest,2025-05-27 18:40:00,139.0,155.4353473505134,True
552,RandomForest,2025-05-27 18:45:00,136.0,145.0541373899732,True
552,RandomForest,2025-05-27 18:50:00,131.0,146.26491304007936,True
552,RandomForest,2025-05-27 18:55:00,127.0,153.93919621016096,True
552,RandomForest,2025-05-27 19:00:00,125.0,139.19751994802388,True
552,RandomForest,2025-05-27 19:05:00,124.0,142.22124912902848,True
552,RandomForest,2025-05-27 19:10:00,122.0,135.04347726389955,True
552,RandomForest,2025-05-27 19:15:00,127.0,133.48788421601773,True
552,RandomForest,2025-05-27 19:20:00,134.0,121.26281644977047,True
552,RandomForest,2025-05-27 19:25:00,138.0,116.93483723692067,True
552,RandomForest,2025-05-27 19:30:00,140.0,117.7914960186741,True
552,RandomForest,2025-05-27 19:35:00,142.0,119.04574242536883,True
552,RandomForest,2025-05-27 19:40:00,147.0,115.41161184272244,True
552,RandomForest,2025-05-27 19:45:00,150.0,136.18926868619326,True
552,RandomForest,2025-05-27 19:50:00,151.0,143.96615959683157,True
552,RandomForest,2025-05-27 19:55:00,152.0,145.81698777417702,True
552,RandomForest,2025-05-27 20:00:00,152.0,146.66650394807263,True
552,RandomForest,2025-05-27 20:05:00,154.0,151.27280112121815,True
552,RandomForest,2025-05-27 20:10:00,163.0,160.8551536366216,True
552,RandomForest,2025-05-27 20:15:00,173.0,161.8838149372357,True
552,RandomForest,2025-05-27 20:20:00,181.0,156.85845573736302,True
552,RandomForest,2025-05-27 20:25:00,181.0,156.33036137144623,True
552,RandomForest,2025-05-27 20:30:00,185.0,154.23192597070917,True
552,RandomForest,2025-05-27 20:35:00,196.0,158.50515573961377,True
552,RandomForest,2025-05-27 20:40:00,207.0,181.73673662326576,True
552,RandomForest,2025-05-27 20:45:00,217.0,197.55561675792978,True
552,RandomForest,2025-05-27 20:50:00,225.0,200.48707025237243,True
552,RandomForest,2025-05-27 20:55:00,231.0,183.41875069169956,True
552,RandomForest,2025-05-27 21:00:00,233.0,196.4170105122843,True
552,RandomForest,2025-05-27 21:05:00,228.0,213.6378048295354,True
552,RandomForest,2025-05-27 21:10:00,218.0,224.22989945150962,True
552,RandomForest,2025-05-27 21:15:00,207.0,232.71756115527492,True
552,RandomForest,2025-05-27 21:20:00,195.0,241.74991946899675,True
552,RandomForest,2025-05-27 21:25:00,183.0,243.1315542512777,True
552,RandomForest,2025-05-27 21:30:00,173.0,231.28182643069988,True
552,RandomForest,2025-05-27 21:35:00,164.0,204.43211896273664,True
552,RandomForest,2025-05-27 21:40:00,158.0,174.9408952344376,True
552,RandomForest,2025-05-27 21:45:00,152.0,169.1360371175408,True
552,RandomForest,2025-05-27 21:50:00,146.0,150.17163524581608,True
552,RandomForest,2025-05-27 21:55:00,131.0,145.80305139890206,True
552,RandomForest,2025-05-27 22:00:00,120.0,139.83621080592465,True
552,RandomForest,2025-05-27 22:05:00,117.0,128.4768904663854,True
552,RandomForest,2025-05-27 22:10:00,117.0,131.52033679153234,True
552,RandomForest,2025-05-27 22:15:00,113.0,126.544520778883,True
552,RandomForest,2025-05-27 22:20:00,110.0,118.01190898380854,True
552,RandomForest,2025-05-27 22:25:00,108.0,101.06451937211185,True
552,RandomForest,2025-05-27 22:30:00,105.0,89.50171202328232,True
552,RandomForest,2025-05-27 22:35:00,104.0,106.54170858653133,True
552,RandomForest,2025-05-27 22:40:00,101.0,102.67967273837276,True
552,RandomForest,2025-05-27 22:45:00,99.0,95.15813032397914,True
552,RandomForest,2025-05-27 22:50:00,97.0,94.29893279765675,True
552,RandomForest,2025-05-27 22:55:00,95.0,97.62588274366442,True
552,RandomForest,2025-05-27 23:00:00,98.0,97.20186210668433,True
552,RandomForest,2025-05-27 23:05:00,93.0,105.34689186991602,True
552,RandomForest,2025-05-27 23:10:00,90.0,95.77796182532852,True
552,RandomForest,2025-05-27 23:15:00,93.0,94.02749769294822,True
552,RandomForest,2025-05-27 23:20:00,93.0,91.45334249907383,True
552,RandomForest,2025-05-27 23:25:00,94.0,90.13934977294956,True
552,RandomForest,2025-05-27 23:30:00,96.0,105.51420026504688,True
552,RandomForest,2025-05-27 23:35:00,97.0,88.16000417461089,True
552,RandomForest,2025-05-27 23:40:00,97.0,86.04782607821222,True
552,RandomForest,2025-05-27 23:45:00,96.0,96.8604672203366,True
552,RandomForest,2025-05-27 23:50:00,95.0,92.0399462012884,True
552,RandomForest,2025-05-27 23:55:00,94.0,98.80045949064997,True
552,RandomForest,2025-05-28 00:00:00,92.0,105.02929424583473,True
552,RandomForest,2025-05-28 00:05:00,90.0,101.22315374090172,True
552,RandomForest,2025-05-28 00:10:00,89.0,96.95943299473646,True
552,RandomForest,2025-05-28 00:15:00,89.0,92.78756235630881,True
552,RandomForest,2025-05-28 00:20:00,88.0,93.44361941900202,True
552,RandomForest,2025-05-28 00:25:00,88.0,92.77197662774589,True
552,RandomForest,2025-05-28 00:30:00,87.0,91.07817809755488,True
552,RandomForest,2025-05-28 00:35:00,86.0,90.11359266644372,True
552,RandomForest,2025-05-28 00:40:00,85.0,88.47321243888251,True
552,RandomForest,2025-05-28 00:45:00,84.0,92.13155786669198,True
552,RandomForest,2025-05-28 00:50:00,83.0,87.25153515452328,True
552,RandomForest,2025-05-28 00:55:00,82.0,91.05708895386448,True
552,RandomForest,2025-05-28 01:00:00,82.0,85.83812237291494,True
552,RandomForest,2025-05-28 01:05:00,81.0,84.28245320645854,True
552,RandomForest,2025-05-28 01:10:00,81.0,83.98184227773496,True
552,RandomForest,2025-05-28 01:15:00,79.0,83.54340506481418,True
552,RandomForest,2025-05-28 01:20:00,77.0,82.71846809257637,True
552,RandomForest,2025-05-28 01:25:00,74.0,80.40351850190058,True
552,RandomForest,2025-05-28 01:30:00,73.0,83.55416175249324,True
552,RandomForest,2025-05-28 01:35:00,72.0,79.13508666696208,True
552,RandomForest,2025-05-28 01:40:00,72.0,83.00144843437494,True
552,RandomForest,2025-05-28 01:45:00,73.0,79.73913192060843,True
552,RandomForest,2025-05-28 01:50:00,73.0,76.25799704398078,True
552,RandomForest,2025-05-28 01:55:00,72.0,74.17388417116452,True
552,RandomForest,2025-05-28 02:00:00,71.0,75.09893923901816,True
552,RandomForest,2025-05-28 02:05:00,71.0,73.21933457928193,True
552,RandomForest,2025-05-28 02:10:00,71.0,76.30471194414207,True
552,RandomForest,2025-05-28 02:15:00,71.0,77.0375236480235,True
552,RandomForest,2025-05-28 02:20:00,72.0,76.96013697274186,True
552,RandomForest,2025-05-28 02:25:00,73.0,74.6545514206083,True
552,RandomForest,2025-05-28 02:30:00,74.0,73.52673136295343,True
552,RandomForest,2025-05-28 02:35:00,73.0,76.05877237307905,True
552,RandomForest,2025-05-28 02:40:00,73.0,76.77999603779048,True
552,RandomForest,2025-05-28 02:45:00,73.0,74.77001297878547,True
552,RandomForest,2025-05-28 02:50:00,74.0,76.69694703139072,True
552,RandomForest,2025-05-28 02:55:00,74.0,78.92556737159369,True
552,RandomForest,2025-05-28 03:00:00,75.0,79.01027632212195,True
552,RandomForest,2025-05-28 03:05:00,75.0,78.34011101154464,True
552,RandomForest,2025-05-28 03:10:00,74.0,79.83883463110837,True
552,RandomForest,2025-05-28 03:15:00,75.0,80.69680340051093,True
552,RandomForest,2025-05-28 03:20:00,76.0,79.97315615108738,True
552,RandomForest,2025-05-28 03:25:00,78.0,79.26094115103481,True
552,RandomForest,2025-05-28 03:30:00,83.0,81.13388751117358,True
552,RandomForest,2025-05-28 03:35:00,93.0,80.81698585443549,True
552,RandomForest,2025-05-28 03:40:00,104.0,77.58849456061704,True
552,RandomForest,2025-05-28 03:45:00,114.0,79.6227045383145,True
552,RandomForest,2025-05-28 03:50:00,125.0,80.72925195668766,True
552,RandomForest,2025-05-28 03:55:00,133.0,84.13534458957889,True
552,RandomForest,2025-05-28 04:00:00,139.0,107.33310183104783,True
552,RandomForest,2025-05-28 04:05:00,145.0,136.31910544798106,True
552,RandomForest,2025-05-28 04:10:00,151.0,148.6601215030127,True
552,RandomForest,2025-05-28 04:15:00,159.0,149.00328432715943,True
552,RandomForest,2025-05-28 04:20:00,165.0,166.9749505381496,True
552,RandomForest,2025-05-28 04:25:00,170.0,159.55353128285606,True
552,RandomForest,2025-05-28 04:30:00,174.0,153.9070622366744,True
552,RandomForest,2025-05-28 04:35:00,177.0,163.85694107687544,True
552,RandomForest,2025-05-28 04:40:00,180.0,170.5235928038567,True
552,RandomForest,2025-05-28 04:45:00,181.0,180.82528778805508,True
552,RandomForest,2025-05-28 04:50:00,178.0,181.25340802883846,True
552,RandomForest,2025-05-28 04:55:00,176.0,183.69546107599234,True
552,RandomForest,2025-05-28 05:00:00,174.0,188.86245777027474,True
552,RandomForest,2025-05-28 05:05:00,171.0,188.37491857730842,True
552,RandomForest,2025-05-28 05:10:00,169.0,188.36696808476353,True
552,RandomForest,2025-05-28 05:15:00,167.0,179.421196416131,True
552,RandomForest,2025-05-28 05:20:00,164.0,168.79693699360084,True
552,RandomForest,2025-05-28 05:25:00,162.0,166.66433799425778,True
552,RandomForest,2025-05-28 05:30:00,160.0,165.41816214968276,True
552,RandomForest,2025-05-28 05:35:00,158.0,157.15812021108408,True
552,RandomForest,2025-05-28 05:40:00,157.0,159.27280564584547,True
552,RandomForest,2025-05-28 05:45:00,156.0,156.66583896415557,True
552,RandomForest,2025-05-28 05:50:00,155.0,149.9613948101134,True
552,RandomForest,2025-05-28 05:55:00,153.0,151.57126943819623,True
552,RandomForest,2025-05-28 06:00:00,151.0,153.52878914571642,True
552,RandomForest,2025-05-28 06:05:00,149.0,149.23431489093653,True
552,RandomForest,2025-05-28 06:10:00,147.0,151.24782211755928,True
552,RandomForest,2025-05-28 06:15:00,146.0,149.17978950488546,True
552,RandomForest,2025-05-28 06:20:00,144.0,147.24776555432263,True
552,RandomForest,2025-05-28 06:25:00,142.0,144.79121253086763,True
552,RandomForest,2025-05-28 06:30:00,140.0,142.80861912057887,True
552,RandomForest,2025-05-28 06:35:00,138.0,140.50208910735395,True
552,RandomForest,2025-05-28 06:40:00,136.0,138.7891796689369,True
552,RandomForest,2025-05-28 06:45:00,140.0,139.22324939869407,True
552,RandomForest,2025-05-28 06:50:00,145.0,137.10247767944944,True
552,RandomForest,2025-05-28 06:55:00,145.0,134.47977565709732,True
552,RandomForest,2025-05-28 07:00:00,146.0,133.58947196000167,True
552,RandomForest,2025-05-28 07:05:00,146.0,131.40631089588035,True
552,RandomForest,2025-05-28 07:10:00,146.0,130.59917339734355,True
552,RandomForest,2025-05-28 07:15:00,147.0,148.1375524589939,True
552,RandomForest,2025-05-28 07:20:00,146.0,157.6706588402553,True
552,RandomForest,2025-05-28 07:25:00,147.0,147.42766280839302,True
552,RandomForest,2025-05-28 07:30:00,146.0,153.74241501960594,True
552,RandomForest,2025-05-28 07:35:00,140.0,151.09304108962988,True
552,RandomForest,2025-05-28 07:40:00,135.0,150.78186433008207,True
552,RandomForest,2025-05-28 07:45:00,134.0,152.07983148756256,True
552,RandomForest,2025-05-28 07:50:00,133.0,144.81883178622843,True
552,RandomForest,2025-05-28 07:55:00,128.0,152.57314323176976,True
552,RandomForest,2025-05-28 08:00:00,127.0,143.12134350605223,True
552,RandomForest,2025-05-28 08:05:00,129.0,135.96981768758,True
552,RandomForest,2025-05-28 08:10:00,130.0,127.32943056275747,True
552,RandomForest,2025-05-28 08:15:00,127.0,130.5386750936261,True
552,RandomForest,2025-05-28 08:20:00,126.0,128.62410958675306,True
552,RandomForest,2025-05-28 08:25:00,132.0,121.91647328928762,True
552,RandomForest,2025-05-28 08:30:00,136.0,123.94034895827305,True
552,RandomForest,2025-05-28 08:35:00,146.0,129.75081680219535,True
552,RandomForest,2025-05-28 08:40:00,148.0,129.64924024573608,True
552,RandomForest,2025-05-28 08:45:00,142.0,136.83545857316486,True
552,RandomForest,2025-05-28 08:50:00,147.0,141.22896514975625,True
552,RandomForest,2025-05-28 08:55:00,162.0,158.9664543423553,True
552,RandomForest,2025-05-28 09:00:00,175.0,164.74102886149413,True
552,RandomForest,2025-05-28 09:05:00,183.0,175.9074680262326,True
552,RandomForest,2025-05-28 09:10:00,178.0,173.17141273430613,True
552,RandomForest,2025-05-28 09:15:00,178.0,139.15141751389442,True
552,RandomForest,2025-05-28 09:20:00,174.0,171.3745270117612,True
552,RandomForest,2025-05-28 09:25:00,169.0,188.22890812141358,True
552,RandomForest,2025-05-28 09:30:00,164.0,202.98145501623483,True
552,RandomForest,2025-05-28 09:35:00,158.0,197.36304451851177,True
552,RandomForest,2025-05-28 09:40:00,150.0,155.59581020147027,True
552,RandomForest,2025-05-28 09:45:00,144.0,171.68370901456532,True
552,RandomForest,2025-05-28 09:50:00,138.0,150.5661519673735,True
552,RandomForest,2025-05-28 09:55:00,129.0,141.63700973563206,True
552,RandomForest,2025-05-28 10:00:00,124.0,138.26901138931527,True
552,RandomForest,2025-05-28 10:05:00,117.0,127.40404797089845,True
552,RandomForest,2025-05-28 10:10:00,113.0,124.37873558363916,True
552,RandomForest,2025-05-28 10:15:00,111.0,120.33165399618531,True
552,RandomForest,2025-05-28 10:20:00,108.0,118.68013330967358,True
552,RandomForest,2025-05-28 10:25:00,104.0,103.80512498809085,True
552,RandomForest,2025-05-28 10:30:00,102.0,106.4928758311306,True
552,RandomForest,2025-05-28 10:35:00,101.0,96.03589004253236,True
552,RandomForest,2025-05-28 10:40:00,100.0,99.2838961120066,True
552,RandomForest,2025-05-28 10:45:00,100.0,95.66282058063094,True
552,RandomForest,2025-05-28 10:50:00,100.0,89.37611483209042,True
552,RandomForest,2025-05-28 10:55:00,102.0,88.51914675518036,True
552,RandomForest,2025-05-28 11:00:00,103.0,93.90716827193404,True
552,RandomForest,2025-05-28 11:05:00,104.0,97.1627625388484,True
552,RandomForest,2025-05-28 11:10:00,106.0,96.78807069767227,True
552,RandomForest,2025-05-28 11:15:00,107.0,99.46698059242033,True
552,RandomForest,2025-05-28 11:20:00,107.0,100.57855497482961,True
552,RandomForest,2025-05-28 11:25:00,105.0,112.84851571556888,True
552,RandomForest,2025-05-28 11:30:00,104.0,109.62710669955828,True
552,RandomForest,2025-05-28 11:35:00,100.0,110.15437072752592,True
552,RandomForest,2025-05-28 11:40:00,99.0,112.26874687573387,True
552,RandomForest,2025-05-28 11:45:00,98.0,113.28389829836242,True
552,RandomForest,2025-05-28 11:50:00,94.0,112.2098304740665,True
552,RandomForest,2025-05-28 11:55:00,88.0,107.90461096457626,True
552,RandomForest,2025-05-28 12:00:00,85.0,104.44993825081127,True
552,RandomForest,2025-05-28 12:05:00,83.0,102.70104732398326,True
552,RandomForest,2025-05-28 12:10:00,83.0,103.19951754941025,True
552,RandomForest,2025-05-28 12:15:00,86.0,100.47395832510524,True
552,RandomForest,2025-05-28 12:20:00,87.0,95.14807864994073,True
552,RandomForest,2025-05-28 12:25:00,92.0,87.07740848923389,True
552,RandomForest,2025-05-28 12:30:00,99.0,85.01925013218012,True
552,RandomForest,2025-05-28 12:35:00,101.0,83.85240353711735,True
552,RandomForest,2025-05-28 12:40:00,104.0,92.46609693764056,True
552,RandomForest,2025-05-28 12:45:00,108.0,104.13237383372726,True
552,RandomForest,2025-05-28 12:50:00,113.0,93.96369773379747,True
552,RandomForest,2025-05-28 12:55:00,119.0,114.47808816410365,True
552,RandomForest,2025-05-28 13:00:00,124.0,133.96973756969655,True
552,RandomForest,2025-05-28 13:05:00,126.0,109.00404822750988,True
552,RandomForest,2025-05-28 13:10:00,129.0,122.1475675053008,True
552,RandomForest,2025-05-28 13:15:00,134.0,127.42808066809908,True
552,RandomForest,2025-05-28 13:20:00,132.0,125.45064105403586,True
552,RandomForest,2025-05-28 13:25:00,127.0,133.66078844916677,True
552,RandomForest,2025-05-28 13:30:00,123.0,136.67186238783964,True
552,RandomForest,2025-05-28 13:35:00,120.0,133.85600778063136,True
552,RandomForest,2025-05-28 13:40:00,116.0,142.74260972270673,True
552,RandomForest,2025-05-28 13:45:00,112.0,145.0681043369512,True
552,RandomForest,2025-05-28 13:50:00,109.0,130.41530694207145,True
552,RandomForest,2025-05-28 13:55:00,105.0,118.5168422205053,True
552,RandomForest,2025-05-28 14:00:00,100.0,114.68288991621583,True
552,RandomForest,2025-05-28 14:05:00,93.0,110.97893360288839,True
552,RandomForest,2025-05-28 14:10:00,90.0,105.69515569785862,True
552,RandomForest,2025-05-28 14:15:00,91.0,102.97221036376692,True
552,RandomForest,2025-05-28 14:20:00,89.0,100.7234097370231,True
552,RandomForest,2025-05-28 14:25:00,87.0,91.89677805639617,True
552,RandomForest,2025-05-28 14:30:00,87.0,89.40414694516403,True
552,RandomForest,2025-05-28 14:35:00,87.0,83.78079756452196,True
552,RandomForest,2025-05-28 14:40:00,87.0,85.85552370035428,True
552,RandomForest,2025-05-28 14:45:00,81.0,98.37357482876543,True
552,RandomForest,2025-05-28 14:50:00,80.0,88.21451161265688,True
552,RandomForest,2025-05-28 14:55:00,80.0,85.39583322951061,True
552,RandomForest,2025-05-28 15:00:00,79.0,89.5875897798703,True
552,RandomForest,2025-05-28 15:05:00,78.0,89.99120166301269,True
552,RandomForest,2025-05-28 15:10:00,76.0,88.2981671897708,True
552,RandomForest,2025-05-28 15:15:00,74.0,79.01979785164409,True
552,RandomForest,2025-05-28 15:20:00,73.0,84.74648833562851,True
552,RandomForest,2025-05-28 15:25:00,70.0,88.93553233808457,True
552,RandomForest,2025-05-28 15:30:00,65.0,82.18113179821592,True
552,RandomForest,2025-05-28 15:35:00,62.0,80.66325110929928,True
552,RandomForest,2025-05-28 15:40:00,60.0,80.47220247738855,True
552,RandomForest,2025-05-28 15:45:00,58.0,80.44039394100818,True
552,RandomForest,2025-05-28 15:50:00,56.0,79.28612300881709,True
552,RandomForest,2025-05-28 15:55:00,54.0,76.9971262200196,True
552,RandomForest,2025-05-28 16:00:00,52.0,76.67194581168462,True
552,RandomForest,2025-05-28 16:05:00,49.0,75.86087624325563,True
552,RandomForest,2025-05-28 16:10:00,48.0,75.48055083827855,True
552,RandomForest,2025-05-28 16:15:00,47.0,74.04657989052367,True
552,RandomForest,2025-05-28 16:20:00,48.0,63.729947516868926,True
552,RandomForest,2025-05-28 16:25:00,48.0,62.3300319680492,True
552,RandomForest,2025-05-28 16:30:00,53.0,62.08045067490493,True
552,RandomForest,2025-05-28 16:35:00,58.0,56.793378425384624,True
552,RandomForest,2025-05-28 16:40:00,67.0,54.39418591396384,True
552,RandomForest,2025-05-28 16:45:00,74.0,52.46892262275612,True
552,RandomForest,2025-05-28 16:50:00,86.0,56.284949739615605,True
552,RandomForest,2025-05-28 16:55:00,99.0,59.14716329233073,True
552,RandomForest,2025-05-28 17:00:00,109.0,79.96789393939395,True
552,RandomForest,2025-05-28 17:05:00,115.0,87.97936354649185,True
552,RandomForest,2025-05-28 17:10:00,119.0,117.39409150060465,True
552,RandomForest,2025-05-28 17:15:00,120.0,115.06350067238094,True
552,RandomForest,2025-05-28 17:20:00,117.0,129.5222094270464,True
552,RandomForest,2025-05-28 17:25:00,115.0,137.55424520224517,True
552,RandomForest,2025-05-28 17:30:00,113.0,142.07812418314546,True
552,RandomForest,2025-05-28 17:35:00,113.0,138.91221671193193,True
552,RandomForest,2025-05-28 17:40:00,114.0,132.38501125409348,True
552,RandomForest,2025-05-28 17:45:00,114.0,131.32478922319925,True
552,RandomForest,2025-05-28 17:50:00,114.0,116.0351583085789,True
552,RandomForest,2025-05-28 17:55:00,114.0,109.13491358605495,True
552,RandomForest,2025-05-28 18:00:00,113.0,108.68034298550674,True
552,RandomForest,2025-05-28 18:05:00,112.0,122.17317960671397,True
552,RandomForest,2025-05-28 18:10:00,113.0,124.51781085483547,True
552,RandomForest,2025-05-28 18:15:00,114.0,122.75892497928868,True
552,RandomForest,2025-05-28 18:20:00,116.0,118.37420850518367,True
552,RandomForest,2025-05-28 18:25:00,141.0,114.98207341124515,True
552,RandomForest,2025-05-28 18:30:00,140.0,112.37517195231649,True
552,RandomForest,2025-05-28 18:35:00,138.0,110.94591085571565,True
552,RandomForest,2025-05-28 18:40:00,137.0,124.05992773987722,True
552,RandomForest,2025-05-28 18:45:00,139.0,120.84373008907512,True
552,RandomForest,2025-05-28 18:50:00,144.0,124.27497504720083,True
552,RandomForest,2025-05-28 18:55:00,139.0,160.91680628624098,True
552,RandomForest,2025-05-28 19:00:00,136.0,142.75946076207865,True
552,RandomForest,2025-05-28 19:05:00,137.0,140.8334290658436,True
552,RandomForest,2025-05-28 19:10:00,135.0,138.31817584525834,True
552,RandomForest,2025-05-28 19:15:00,137.0,150.81053836383234,True
552,RandomForest,2025-05-28 19:20:00,134.0,152.97089276451865,True
552,RandomForest,2025-05-28 19:25:00,134.0,129.38123730910993,True
552,RandomForest,2025-05-28 19:30:00,136.0,132.05232343582,True
552,RandomForest,2025-05-28 19:35:00,136.0,140.25745372196846,True
552,RandomForest,2025-05-28 19:40:00,134.0,129.21025732604704,True
552,RandomForest,2025-05-28 19:45:00,134.0,145.6010827733195,True
552,RandomForest,2025-05-28 19:50:00,134.0,129.12620172268745,True
552,RandomForest,2025-05-28 19:55:00,135.0,135.45273304337016,True
552,RandomForest,2025-05-28 20:00:00,138.0,144.22528821304505,True
552,RandomForest,2025-05-28 20:05:00,141.0,139.83109162489328,True
552,RandomForest,2025-05-28 20:10:00,144.0,132.3737501031874,True
552,RandomForest,2025-05-28 20:15:00,145.0,134.83707898652187,True
552,RandomForest,2025-05-28 20:20:00,145.0,133.54649411549113,True
552,RandomForest,2025-05-28 20:25:00,145.0,141.96659602756498,True
552,RandomForest,2025-05-28 20:30:00,143.0,150.0917761930963,True
552,RandomForest,2025-05-28 20:35:00,145.0,154.87569655950418,True
552,RandomForest,2025-05-28 20:40:00,145.0,156.31618493801662,True
552,RandomForest,2025-05-28 20:45:00,145.0,152.4835443087046,True
552,RandomForest,2025-05-28 20:50:00,145.0,150.2403422859634,True
552,RandomForest,2025-05-28 20:55:00,145.0,149.43754521032812,True
552,RandomForest,2025-05-28 21:00:00,149.0,139.21233695201119,True
552,RandomForest,2025-05-28 21:05:00,153.0,151.5702270432215,True
552,RandomForest,2025-05-28 21:10:00,150.0,147.3312595863455,True
552,RandomForest,2025-05-28 21:15:00,147.0,145.16821614112573,True
552,RandomForest,2025-05-28 21:20:00,144.0,145.23958005027745,True
552,RandomForest,2025-05-28 21:25:00,143.0,145.2522986131809,True
552,RandomForest,2025-05-28 21:30:00,142.0,162.5709158709287,True
552,RandomForest,2025-05-28 21:35:00,144.0,166.7095360072527,True
552,RandomForest,2025-05-28 21:40:00,146.0,141.72982342320446,True
552,RandomForest,2025-05-28 21:45:00,146.0,137.43960367146857,True
552,RandomForest,2025-05-28 21:50:00,145.0,133.02600575183016,True
552,RandomForest,2025-05-28 21:55:00,142.0,138.00470382917797,True
552,RandomForest,2025-05-28 22:00:00,139.0,138.13320000043768,True
552,RandomForest,2025-05-28 22:05:00,138.0,152.25577143101395,True
552,RandomForest,2025-05-28 22:10:00,137.0,149.56788336200364,True
552,RandomForest,2025-05-28 22:15:00,136.0,147.6534762764355,True
552,RandomForest,2025-05-28 22:20:00,134.0,142.27845024940277,True
552,RandomForest,2025-05-28 22:25:00,132.0,132.5795312334609,True
552,RandomForest,2025-05-28 22:30:00,131.0,129.71220304887834,True
552,RandomForest,2025-05-28 22:35:00,130.0,134.74272642504656,True
552,RandomForest,2025-05-28 22:40:00,127.0,134.66387409524543,True
552,RandomForest,2025-05-28 22:45:00,125.0,135.99664183436616,True
552,RandomForest,2025-05-28 22:50:00,135.0,129.81588122873782,True
552,RandomForest,2025-05-28 22:55:00,131.0,127.72290655620053,True
552,RandomForest,2025-05-28 23:00:00,127.0,126.76264494183286,True
552,RandomForest,2025-05-28 23:05:00,122.0,128.03335779242644,True
552,RandomForest,2025-05-28 23:10:00,117.0,119.19815992367813,True
552,RandomForest,2025-05-28 23:15:00,113.0,121.10256346105339,True
552,RandomForest,2025-05-28 23:20:00,110.0,140.37113789535272,True
552,RandomForest,2025-05-28 23:25:00,107.0,124.95422302418085,True
552,RandomForest,2025-05-28 23:30:00,104.0,121.77494943505968,True
552,RandomForest,2025-05-28 23:35:00,101.0,111.73132357289687,True
552,RandomForest,2025-05-28 23:40:00,99.0,106.150576969354,True
552,RandomForest,2025-05-28 23:45:00,96.0,102.11348082008048,True
552,RandomForest,2025-05-28 23:50:00,94.0,102.53043170794776,True
552,RandomForest,2025-05-28 23:55:00,91.0,97.30628169046553,True
552,RandomForest,2025-05-29 00:00:00,88.0,93.91308445718836,True
552,RandomForest,2025-05-29 00:05:00,85.0,91.6769889435198,True
552,RandomForest,2025-05-29 00:10:00,83.0,91.96013323808012,True
552,RandomForest,2025-05-29 00:15:00,80.0,87.7166305785586,True
552,RandomForest,2025-05-29 00:20:00,78.0,88.93101733547272,True
552,RandomForest,2025-05-29 00:25:00,75.0,84.15111695987727,True
552,RandomForest,2025-05-29 00:30:00,72.0,81.71979531634189,True
552,RandomForest,2025-05-29 00:35:00,69.0,80.65852673245358,True
552,RandomForest,2025-05-29 00:40:00,74.0,78.85267400430227,True
552,RandomForest,2025-05-29 00:45:00,77.0,74.80725150625858,True
552,RandomForest,2025-05-29 00:50:00,74.0,74.21026244423842,True
552,RandomForest,2025-05-29 00:55:00,72.0,71.24788308642826,True
552,RandomForest,2025-05-29 01:00:00,71.0,70.22714346211848,True
552,RandomForest,2025-05-29 01:05:00,69.0,67.030152433034,True
552,RandomForest,2025-05-29 01:10:00,67.0,88.32571497571458,True
552,RandomForest,2025-05-29 01:15:00,66.0,86.40646254589612,True
552,RandomForest,2025-05-29 01:20:00,65.0,72.57860115899749,True
552,RandomForest,2025-05-29 01:25:00,64.0,71.00470483643831,True
552,RandomForest,2025-05-29 01:30:00,63.0,70.84916939519528,True
552,RandomForest,2025-05-29 01:35:00,63.0,66.96156430667575,True
552,RandomForest,2025-05-29 01:40:00,62.0,65.08566535144813,True
552,RandomForest,2025-05-29 01:45:00,61.0,66.085057387458,True
552,RandomForest,2025-05-29 01:50:00,61.0,65.67047873275648,True
552,RandomForest,2025-05-29 01:55:00,64.0,66.07175953231024,True
552,RandomForest,2025-05-29 02:00:00,70.0,68.51335511627093,True
552,RandomForest,2025-05-29 02:05:00,79.0,71.4608683958588,True
552,RandomForest,2025-05-29 02:10:00,89.0,64.89626319770281,True
552,RandomForest,2025-05-29 02:15:00,97.0,62.9680658380089,True
552,RandomForest,2025-05-29 02:20:00,106.0,65.1735749058246,True
552,RandomForest,2025-05-29 02:25:00,113.0,85.09275745096295,True
552,RandomForest,2025-05-29 02:30:00,116.0,98.14896076285075,True
552,RandomForest,2025-05-29 02:35:00,119.0,118.96550335193706,True
552,RandomForest,2025-05-29 02:40:00,120.0,131.8151051948052,True
552,RandomForest,2025-05-29 02:45:00,119.0,133.70762672029443,True
552,RandomForest,2025-05-29 02:50:00,119.0,138.2682938168129,True
552,RandomForest,2025-05-29 02:55:00,120.0,134.79715041612042,True
552,RandomForest,2025-05-29 03:00:00,122.0,131.3711778636696,True
552,RandomForest,2025-05-29 03:05:00,123.0,133.83341987009126,True
552,RandomForest,2025-05-29 03:10:00,123.0,126.7329138901603,True
552,RandomForest,2025-05-29 03:15:00,122.0,115.4799833207244,True
552,RandomForest,2025-05-29 03:20:00,121.0,118.31308344274677,True
552,RandomForest,2025-05-29 03:25:00,120.0,118.78681070167072,True
552,RandomForest,2025-05-29 03:30:00,119.0,127.68759988946327,True
552,RandomForest,2025-05-29 03:35:00,118.0,125.97572718834064,True
552,RandomForest,2025-05-29 03:40:00,117.0,124.67354057708158,True
552,RandomForest,2025-05-29 03:45:00,116.0,121.04396580904086,True
552,RandomForest,2025-05-29 03:50:00,115.0,120.88371700909173,True
552,RandomForest,2025-05-29 03:55:00,114.0,118.17814538468342,True
552,RandomForest,2025-05-29 04:00:00,112.0,116.48248486233207,True
552,RandomForest,2025-05-29 04:05:00,110.0,116.44007257421826,True
552,RandomForest,2025-05-29 04:10:00,110.0,115.75639508497207,True
552,RandomForest,2025-05-29 04:15:00,110.0,114.18137426910295,True
552,RandomForest,2025-05-29 04:20:00,110.0,113.26478479129965,True
552,RandomForest,2025-05-29 04:25:00,109.0,112.71470946957228,True
552,RandomForest,2025-05-29 04:30:00,109.0,109.23556617402677,True
552,RandomForest,2025-05-29 04:35:00,109.0,108.23329558441985,True
552,RandomForest,2025-05-29 04:40:00,109.0,112.92170267022442,True
552,RandomForest,2025-05-29 04:45:00,110.0,112.94590904754544,True
552,RandomForest,2025-05-29 04:50:00,110.0,113.39763744711219,True
552,RandomForest,2025-05-29 04:55:00,110.0,107.69605840399639,True
552,RandomForest,2025-05-29 05:00:00,109.0,111.56517647904002,True
552,RandomForest,2025-05-29 05:05:00,107.0,111.71583830152849,True
552,RandomForest,2025-05-29 05:10:00,106.0,110.83813340275617,True
552,RandomForest,2025-05-29 05:15:00,103.0,114.10691861710644,True
552,RandomForest,2025-05-29 05:20:00,102.0,114.28166374443762,True
552,RandomForest,2025-05-29 05:25:00,108.0,114.13048491865693,True
552,RandomForest,2025-05-29 05:30:00,111.0,109.36400068688589,True
552,RandomForest,2025-05-29 05:35:00,108.0,103.6835829912035,True
552,RandomForest,2025-05-29 05:40:00,106.0,103.63626227926302,True
552,RandomForest,2025-05-29 05:45:00,103.0,100.67122911430293,True
552,RandomForest,2025-05-29 05:50:00,101.0,99.43043568031953,True
552,RandomForest,2025-05-29 05:55:00,98.0,120.66507579512296,True
552,RandomForest,2025-05-29 06:00:00,96.0,115.50180174768131,True
552,RandomForest,2025-05-29 06:05:00,94.0,109.14587069481699,True
552,RandomForest,2025-05-29 06:10:00,93.0,105.02477823466293,True
552,RandomForest,2025-05-29 06:15:00,95.0,104.23174132284367,True
552,RandomForest,2025-05-29 06:20:00,98.0,99.77781936341621,True
552,RandomForest,2025-05-29 06:25:00,97.0,93.6496824951177,True
552,RandomForest,2025-05-29 06:30:00,96.0,93.07619811259103,True
552,RandomForest,2025-05-29 06:35:00,94.0,91.00458401695539,True
552,RandomForest,2025-05-29 06:40:00,92.0,91.09894277986827,True
552,RandomForest,2025-05-29 06:45:00,94.0,99.90154231603907,True
552,RandomForest,2025-05-29 06:50:00,95.0,109.85006489933723,True
552,RandomForest,2025-05-29 06:55:00,96.0,96.75274128773394,True
552,RandomForest,2025-05-29 07:00:00,96.0,95.52095747209795,True
552,RandomForest,2025-05-29 07:05:00,96.0,91.60894656243231,True
552,RandomForest,2025-05-29 07:10:00,96.0,90.90039714167962,True
552,RandomForest,2025-05-29 07:15:00,96.0,101.65089461382115,True
552,RandomForest,2025-05-29 07:20:00,91.0,97.76949390513465,True
552,RandomForest,2025-05-29 07:25:00,84.0,98.81258977097168,True
552,RandomForest,2025-05-29 07:30:00,87.0,97.48181969166328,True
552,RandomForest,2025-05-29 07:35:00,90.0,96.58459963145027,True
552,RandomForest,2025-05-29 07:40:00,91.0,96.7874260033214,True
552,RandomForest,2025-05-29 07:45:00,96.0,96.78022404073437,True
552,RandomForest,2025-05-29 07:50:00,109.0,90.94994369923526,True
552,RandomForest,2025-05-29 07:55:00,114.0,84.94390341681975,True
552,RandomForest,2025-05-29 08:00:00,129.0,98.97095986414166,True
552,RandomForest,2025-05-29 08:05:00,142.0,98.497602391287,True
552,RandomForest,2025-05-29 08:10:00,155.0,97.95454443477918,True
552,RandomForest,2025-05-29 08:15:00,170.0,125.70771307943876,True
552,RandomForest,2025-05-29 08:20:00,179.0,162.65154797234425,True
552,RandomForest,2025-05-29 08:25:00,183.0,151.50472308247302,True
552,RandomForest,2025-05-29 08:30:00,183.0,176.1223242757793,True
552,RandomForest,2025-05-29 08:35:00,178.0,170.03743876741967,True
552,RandomForest,2025-05-29 08:40:00,175.0,184.39968729604155,True
552,RandomForest,2025-05-29 08:45:00,171.0,188.63689946500173,True
552,RandomForest,2025-05-29 08:50:00,167.0,189.14770690344332,True
552,RandomForest,2025-05-29 08:55:00,162.0,175.89871120093648,True
552,RandomForest,2025-05-29 09:00:00,155.0,170.59752110852108,True
552,RandomForest,2025-05-29 09:05:00,148.0,143.99132413103996,True
552,RandomForest,2025-05-29 09:10:00,141.0,149.81103851723861,True
552,RandomForest,2025-05-29 09:15:00,141.0,144.30887187371277,True
552,RandomForest,2025-05-29 09:20:00,139.0,146.207777979713,True
552,RandomForest,2025-05-29 09:25:00,134.0,136.7634998629555,True
552,RandomForest,2025-05-29 09:30:00,130.0,129.8150853957838,True
552,RandomForest,2025-05-29 09:35:00,119.0,122.21213202415221,True
552,RandomForest,2025-05-29 09:40:00,111.0,118.84977950630318,True
552,RandomForest,2025-05-29 09:45:00,106.0,131.65311281549927,True
552,RandomForest,2025-05-29 09:50:00,100.0,128.4619920677343,True
552,RandomForest,2025-05-29 09:55:00,95.0,118.28937939211708,True
552,RandomForest,2025-05-29 10:00:00,90.0,114.688613242584,True
552,RandomForest,2025-05-29 10:05:00,89.0,99.12050410723222,True
552,RandomForest,2025-05-29 10:10:00,83.0,93.6134220378349,True
552,RandomForest,2025-05-29 10:15:00,77.0,92.5987850201665,True
552,RandomForest,2025-05-29 10:20:00,72.0,84.90688828266086,True
552,RandomForest,2025-05-29 10:25:00,65.0,81.70580211735151,True
552,RandomForest,2025-05-29 10:30:00,56.0,79.8924270118205,True
552,RandomForest,2025-05-29 10:35:00,52.0,86.67085292623084,True
552,RandomForest,2025-05-29 10:40:00,61.0,77.38362109378123,True
552,RandomForest,2025-05-29 10:45:00,59.0,71.12929868923837,True
552,RandomForest,2025-05-29 10:50:00,62.0,73.45934036133822,True
552,RandomForest,2025-05-29 10:55:00,64.0,70.19737341663347,True
552,RandomForest,2025-05-29 11:00:00,66.0,71.39925440203034,True
552,RandomForest,2025-05-29 11:05:00,69.0,74.53542553881088,True
552,RandomForest,2025-05-29 11:10:00,74.0,104.27346928467978,True
552,RandomForest,2025-05-29 11:15:00,87.0,82.93670467338005,True
552,RandomForest,2025-05-29 11:20:00,101.0,96.19318358666187,True
552,RandomForest,2025-05-29 11:25:00,105.0,86.91636850636267,True
552,RandomForest,2025-05-29 11:30:00,113.0,91.09147694024016,True
552,RandomForest,2025-05-29 11:35:00,120.0,99.61804832911052,True
552,RandomForest,2025-05-29 11:40:00,132.0,108.73447785234922,True
552,RandomForest,2025-05-29 11:45:00,135.0,127.11309980308896,True
552,RandomForest,2025-05-29 11:50:00,134.0,140.9410500029686,True
552,RandomForest,2025-05-29 11:55:00,134.0,125.02214532263314,True
552,RandomForest,2025-05-29 12:00:00,134.0,140.3090520965178,True
552,RandomForest,2025-05-29 12:05:00,134.0,140.06555665956438,True
552,RandomForest,2025-05-29 12:10:00,134.0,174.29714130663092,True
552,RandomForest,2025-05-29 12:15:00,134.0,140.3793700874765,True
552,RandomForest,2025-05-29 12:20:00,134.0,121.94015853780166,True
552,RandomForest,2025-06-03 09:50:00,130.0,203.19678633251854,False
552,RandomForest,2025-06-03 09:55:00,125.0,202.3168101420424,False
552,RandomForest,2025-06-03 10:00:00,118.0,206.44023871347096,False
552,RandomForest,2025-06-03 10:05:00,116.0,209.55376777392405,False
552,RandomForest,2025-06-03 10:10:00,114.0,204.65808337060804,False
552,RandomForest,2025-06-03 10:15:00,113.0,195.13870620597743,False
552,RandomForest,2025-06-03 10:20:00,112.0,135.8578497623067,True
552,RandomForest,2025-06-03 10:25:00,114.0,114.31504863500672,True
552,RandomForest,2025-06-03 10:30:00,117.0,102.09466151369094,True
552,RandomForest,2025-06-03 10:35:00,115.0,112.77288411353545,True
552,RandomForest,2025-06-03 10:40:00,110.0,107.5563299111718,True
552,RandomForest,2025-06-03 10:45:00,106.0,114.68323291627648,True
552,RandomForest,2025-06-03 10:50:00,104.0,116.52229527822236,True
552,RandomForest,2025-06-03 10:55:00,104.0,123.05737478808082,True
552,RandomForest,2025-06-03 11:00:00,106.0,127.54477639508755,True
552,RandomForest,2025-06-03 11:05:00,107.0,110.93855387318693,True
552,RandomForest,2025-06-03 11:10:00,109.0,102.12917886181634,True
552,RandomForest,2025-06-03 11:15:00,110.0,100.08522599922793,True
552,RandomForest,2025-06-03 11:20:00,110.0,100.85745035536104,True
552,RandomForest,2025-06-03 11:25:00,109.0,110.5838097161597,True
552,RandomForest,2025-06-03 11:30:00,107.0,112.10100930837896,True
552,RandomForest,2025-06-03 11:35:00,103.0,111.49937989210802,True
552,RandomForest,2025-06-03 11:40:00,100.0,116.93096271993247,True
552,RandomForest,2025-06-03 11:45:00,96.0,116.28557175299329,True
552,RandomForest,2025-06-03 11:50:00,95.0,115.49279721537343,True
552,RandomForest,2025-06-03 11:55:00,92.0,112.40325430479966,True
552,RandomForest,2025-06-03 12:00:00,91.0,106.65112567356941,True
552,RandomForest,2025-06-03 12:05:00,96.0,104.03437560454454,True
552,RandomForest,2025-06-03 12:10:00,95.0,103.02077333595122,True
552,RandomForest,2025-06-03 12:15:00,95.0,93.16065044620844,True
552,RandomForest,2025-06-03 12:20:00,94.0,98.29613068206638,True
552,RandomForest,2025-06-03 12:25:00,93.0,93.41439491790476,True
552,RandomForest,2025-06-03 12:30:00,94.0,96.88151544744666,True
552,RandomForest,2025-06-03 12:35:00,95.0,110.86115065011965,True
552,RandomForest,2025-06-03 12:40:00,96.0,99.5121861009293,True
552,RandomForest,2025-06-03 12:45:00,97.0,99.11775460788087,True
552,RandomForest,2025-06-03 12:50:00,98.0,95.8969509624157,True
552,RandomForest,2025-06-03 12:55:00,97.0,94.49349121146446,True
552,RandomForest,2025-06-03 13:00:00,89.0,100.21013454764814,True
552,RandomForest,2025-06-03 13:05:00,88.0,99.44596922166714,True
552,RandomForest,2025-06-03 13:10:00,91.0,99.78920415803657,True
552,RandomForest,2025-06-03 13:15:00,91.0,103.6474090609371,True
552,RandomForest,2025-06-03 13:20:00,87.0,106.4375022991878,True
552,RandomForest,2025-06-03 13:25:00,85.0,99.30797263346528,True
552,RandomForest,2025-06-03 13:30:00,88.0,93.93079056459439,True
552,RandomForest,2025-06-03 13:35:00,85.0,92.24251176768301,True
552,RandomForest,2025-06-03 13:40:00,81.0,104.06475651989365,True
552,RandomForest,2025-06-03 13:45:00,83.0,97.19419596443504,True
552,RandomForest,2025-06-03 13:50:00,85.0,88.12987914250607,True
552,RandomForest,2025-06-03 13:55:00,90.0,85.00962591742113,True
552,RandomForest,2025-06-03 14:00:00,91.0,107.73038019085027,True
552,RandomForest,2025-06-03 14:05:00,90.0,86.05177388753182,True
552,RandomForest,2025-06-03 14:10:00,89.0,84.2106448003902,True
552,RandomForest,2025-06-03 14:15:00,87.0,102.18950321071615,True
552,RandomForest,2025-06-03 14:20:00,85.0,106.13946191361919,True
552,RandomForest,2025-06-03 14:25:00,87.0,117.45865354960209,True
552,RandomForest,2025-06-03 14:30:00,87.0,103.13164017431767,True
552,RandomForest,2025-06-03 14:35:00,92.0,95.5983793231299,True
552,RandomForest,2025-06-03 14:40:00,88.0,94.91236421336271,True
552,RandomForest,2025-06-03 14:45:00,86.0,86.80133310011718,True
552,RandomForest,2025-06-03 14:50:00,91.0,83.66248759930264,True
552,RandomForest,2025-06-03 14:55:00,96.0,99.7457789303798,True
552,RandomForest,2025-06-03 15:00:00,101.0,88.57292370081201,True
552,RandomForest,2025-06-03 15:05:00,105.0,114.71573589449523,True
552,RandomForest,2025-06-03 15:10:00,110.0,90.13475339699185,True
552,RandomForest,2025-06-03 15:15:00,117.0,87.54699067604055,True
552,RandomForest,2025-06-03 15:20:00,117.0,108.08655534876632,True
552,RandomForest,2025-06-03 15:25:00,116.0,115.615902195486,True
552,RandomForest,2025-06-03 15:30:00,114.0,122.60024925702699,True
552,RandomForest,2025-06-03 15:35:00,114.0,121.72089466410306,True
552,RandomForest,2025-06-03 15:40:00,114.0,124.39827975496952,True
552,RandomForest,2025-06-03 15:45:00,113.0,145.69115476667935,True
552,RandomForest,2025-06-03 15:50:00,113.0,122.4444246012157,True
552,RandomForest,2025-06-03 15:55:00,113.0,118.70161908105852,True
552,RandomForest,2025-06-03 16:00:00,113.0,114.04153067007793,True
552,RandomForest,2025-06-03 16:05:00,113.0,117.72360953487285,True
552,RandomForest,2025-06-03 16:10:00,113.0,117.96634876362303,True
552,RandomForest,2025-06-03 16:15:00,113.0,112.58387163582933,True
552,RandomForest,2025-06-03 16:50:00,112.0,105.88447036073207,False
552,RandomForest,2025-06-03 16:55:00,111.0,102.61679359305528,False
552,RandomForest,2025-06-03 17:00:00,108.0,105.18113356093565,False
552,RandomForest,2025-06-03 17:05:00,105.0,103.7828868076889,False
552,RandomForest,2025-06-03 17:10:00,105.0,104.51610109340318,False
552,RandomForest,2025-06-03 17:15:00,105.0,163.69750278961058,False
552,RandomForest,2025-06-03 17:20:00,104.0,121.18643356674824,True
552,RandomForest,2025-06-03 17:25:00,102.0,118.40349656273014,True
552,RandomForest,2025-06-03 17:30:00,103.0,102.97229147613695,True
552,RandomForest,2025-06-03 17:35:00,103.0,100.4617178858136,True
552,RandomForest,2025-06-03 17:40:00,102.0,105.94634313591864,True
552,RandomForest,2025-06-03 17:45:00,102.0,105.27565703570436,True
552,RandomForest,2025-06-03 17:50:00,105.0,101.9341882939993,True
552,RandomForest,2025-06-03 17:55:00,107.0,102.08664890346977,True
552,RandomForest,2025-06-03 18:00:00,108.0,108.15951637804268,True
552,RandomForest,2025-06-03 18:05:00,108.0,105.95430875024626,True
552,RandomForest,2025-06-03 18:10:00,111.0,100.50965268239324,True
552,RandomForest,2025-06-03 18:15:00,111.0,105.8621281210316,True
552,RandomForest,2025-06-03 18:20:00,111.0,112.00919398783681,True
552,RandomForest,2025-06-03 18:25:00,112.0,111.84702598549751,True
552,RandomForest,2025-06-03 18:30:00,111.0,110.94877710748943,True
552,RandomForest,2025-06-03 18:35:00,111.0,110.11272865801097,True
552,RandomForest,2025-06-03 18:40:00,113.0,121.50301890555158,True
552,RandomForest,2025-06-03 18:45:00,117.0,116.4017998646888,True
552,RandomForest,2025-06-03 18:50:00,117.0,116.28621693962342,True
552,RandomForest,2025-06-03 18:55:00,118.0,117.9370526011633,True
552,RandomForest,2025-06-03 19:00:00,120.0,114.6968434545167,True
552,RandomForest,2025-06-03 19:05:00,118.0,116.1083232659036,True
552,RandomForest,2025-06-03 19:10:00,116.0,120.22846921995254,True
552,RandomForest,2025-06-03 19:15:00,117.0,129.8197137370358,True
552,RandomForest,2025-06-03 19:20:00,129.0,120.45072955786361,True
552,RandomForest,2025-06-03 19:25:00,131.0,124.23392208310972,True
552,RandomForest,2025-06-03 19:30:00,145.0,125.46557236131761,True
552,RandomForest,2025-06-03 19:35:00,160.0,117.19525531567459,True
552,RandomForest,2025-06-03 19:40:00,173.0,116.75972476203839,True
552,RandomForest,2025-06-03 19:45:00,182.0,121.38822192898981,True
552,RandomForest,2025-06-03 19:50:00,188.0,156.34299183525812,True
552,RandomForest,2025-06-03 19:55:00,189.0,149.5579552669553,True
552,RandomForest,2025-06-03 20:00:00,183.0,177.31248998760776,True
552,RandomForest,2025-06-03 20:05:00,174.0,191.48840320106396,True
552,RandomForest,2025-06-03 20:10:00,165.0,196.30895384661287,True
552,RandomForest,2025-06-03 20:15:00,156.0,203.1880793963575,True
552,RandomForest,2025-06-03 20:20:00,149.0,191.90865652564426,True
552,RandomForest,2025-06-03 20:25:00,142.0,180.50479931152455,True
552,RandomForest,2025-06-03 20:30:00,131.0,161.33721784981998,True
552,RandomForest,2025-06-03 20:35:00,120.0,138.77796327054028,True
552,RandomForest,2025-06-03 20:40:00,113.0,134.5848647348744,True
552,RandomForest,2025-06-03 20:45:00,109.0,129.34233874918337,True
552,RandomForest,2025-06-03 20:50:00,107.0,128.54072821038432,True
552,RandomForest,2025-06-03 20:55:00,105.0,119.76041115195454,True
552,RandomForest,2025-06-03 21:00:00,108.0,102.4466679802431,True
552,RandomForest,2025-06-03 21:05:00,114.0,94.65322867210068,True
552,RandomForest,2025-06-03 21:10:00,120.0,96.31428373886786,True
552,RandomForest,2025-06-03 21:15:00,124.0,96.30364298935221,True
552,RandomForest,2025-06-03 21:20:00,125.0,100.61225355266002,True
552,RandomForest,2025-06-03 21:25:00,127.0,93.04734572725957,True
552,RandomForest,2025-06-03 21:30:00,129.0,119.37409342788501,True
552,RandomForest,2025-06-03 21:35:00,129.0,132.5056245096932,True
552,RandomForest,2025-06-03 21:40:00,128.0,131.01254638849085,True
552,RandomForest,2025-06-03 21:45:00,125.0,132.85616160148146,True
552,RandomForest,2025-06-03 21:50:00,121.0,128.00385183564364,True
552,RandomForest,2025-06-03 21:55:00,121.0,133.85953107169985,True
552,RandomForest,2025-06-03 22:00:00,119.0,139.73441361829092,True
552,RandomForest,2025-06-03 22:05:00,119.0,138.84970077539904,True
552,RandomForest,2025-06-03 22:10:00,118.0,129.1794681900376,True
552,RandomForest,2025-06-03 22:15:00,112.0,120.66882025344115,True
552,RandomForest,2025-06-03 22:20:00,112.0,114.12586070691844,True
552,RandomForest,2025-06-03 22:25:00,118.0,126.29216556511068,True
552,RandomForest,2025-06-03 22:30:00,123.0,113.21554828159296,True
552,RandomForest,2025-06-03 22:35:00,126.0,121.82461783748484,True
552,RandomForest,2025-06-03 22:40:00,134.0,115.6111666816509,True
552,RandomForest,2025-06-03 22:45:00,142.0,105.73248921007098,True
552,RandomForest,2025-06-03 22:50:00,147.0,115.06390925619112,True
552,RandomForest,2025-06-03 22:55:00,151.0,127.43242807397455,True
552,RandomForest,2025-06-03 23:00:00,154.0,133.5791486451835,True
552,RandomForest,2025-06-03 23:05:00,157.0,135.25050795625154,True
552,RandomForest,2025-06-03 23:10:00,159.0,149.74201120887867,True
552,RandomForest,2025-06-03 23:15:00,162.0,157.48405231689813,True
552,RandomForest,2025-06-03 23:20:00,161.0,159.71547193381522,True
552,RandomForest,2025-06-03 23:25:00,163.0,162.88992518093093,True
552,RandomForest,2025-06-03 23:30:00,164.0,162.9829427717199,True
552,RandomForest,2025-06-03 23:35:00,166.0,164.8251434113782,True
552,RandomForest,2025-06-03 23:40:00,166.0,164.19616118122264,True
552,RandomForest,2025-06-03 23:45:00,166.0,170.20348964208898,True
552,RandomForest,2025-06-03 23:50:00,166.0,157.52335449651838,True
552,RandomForest,2025-06-03 23:55:00,165.0,167.96183028052147,True
552,RandomForest,2025-06-04 00:00:00,164.0,165.97625713089906,True
552,RandomForest,2025-06-04 00:05:00,163.0,171.98529968349314,True
552,RandomForest,2025-06-04 00:10:00,162.0,167.29311061998655,True
552,RandomForest,2025-06-04 00:15:00,161.0,168.97120146756515,True
552,RandomForest,2025-06-04 00:20:00,162.0,168.0702437479779,True
552,RandomForest,2025-06-04 00:25:00,163.0,162.4644705215747,True
552,RandomForest,2025-06-04 00:30:00,164.0,161.70376346801504,True
552,RandomForest,2025-06-04 00:35:00,163.0,160.21934070772338,True
552,RandomForest,2025-06-04 00:40:00,163.0,159.04189378452293,True
552,RandomForest,2025-06-04 00:45:00,162.0,157.95064047159406,True
552,RandomForest,2025-06-04 00:50:00,162.0,163.82289928829564,True
552,RandomForest,2025-06-04 00:55:00,162.0,164.6438979560708,True
552,RandomForest,2025-06-04 01:00:00,165.0,167.74195636156898,True
552,RandomForest,2025-06-04 01:05:00,166.0,160.3729285870351,True
552,RandomForest,2025-06-04 01:10:00,165.0,163.34867272589057,True
552,RandomForest,2025-06-04 01:15:00,164.0,159.19920289789812,True
552,RandomForest,2025-06-04 01:20:00,164.0,162.83555825938626,True
552,RandomForest,2025-06-04 01:25:00,163.0,162.7038917972791,True
552,RandomForest,2025-06-04 01:30:00,163.0,170.37759127547622,True
552,RandomForest,2025-06-04 01:35:00,163.0,169.5855602107718,True
552,RandomForest,2025-06-04 01:40:00,162.0,164.21230534661856,True
552,RandomForest,2025-06-04 01:45:00,160.0,161.21585975123008,True
552,RandomForest,2025-06-04 01:50:00,158.0,166.2826021986515,True
552,RandomForest,2025-06-04 01:55:00,157.0,162.5095722358264,True
552,RandomForest,2025-06-04 02:00:00,155.0,163.39397659917714,True
552,RandomForest,2025-06-04 02:05:00,153.0,163.29139765977848,True
552,RandomForest,2025-06-04 02:10:00,152.0,160.64789071479413,True
552,RandomForest,2025-06-04 02:15:00,152.0,159.37202347891403,True
552,RandomForest,2025-06-04 02:20:00,154.0,155.93186004965946,True
552,RandomForest,2025-06-04 02:25:00,156.0,153.9969440648887,True
552,RandomForest,2025-06-04 02:30:00,157.0,149.76538720680645,True
552,RandomForest,2025-06-04 02:35:00,158.0,147.11340365584533,True
552,RandomForest,2025-06-04 02:40:00,158.0,145.72102893390058,True
552,RandomForest,2025-06-04 02:45:00,160.0,152.36834001837872,True
552,RandomForest,2025-06-04 02:50:00,167.0,156.0936228989054,True
552,RandomForest,2025-06-04 02:55:00,168.0,160.799657138871,True
552,RandomForest,2025-06-04 03:00:00,166.0,159.41341010910554,True
552,RandomForest,2025-06-04 03:05:00,163.0,161.78645197175325,True
552,RandomForest,2025-06-04 03:10:00,162.0,161.6595952495221,True
552,RandomForest,2025-06-04 03:15:00,162.0,170.3432694534479,True
552,RandomForest,2025-06-04 03:20:00,163.0,178.82411719282373,True
552,RandomForest,2025-06-04 03:25:00,163.0,175.79887844984376,True
552,RandomForest,2025-06-04 03:30:00,163.0,164.62756079132035,True
552,RandomForest,2025-06-04 03:35:00,163.0,163.10474663754994,True
552,RandomForest,2025-06-04 03:40:00,162.0,163.1211732524292,True
552,RandomForest,2025-06-04 03:45:00,160.0,166.62831773539855,True
552,RandomForest,2025-06-04 03:50:00,158.0,165.35502184359996,True
552,RandomForest,2025-06-04 03:55:00,156.0,164.14583909618696,True
552,RandomForest,2025-06-04 04:00:00,155.0,164.1815620649365,True
552,RandomForest,2025-06-04 04:05:00,154.0,164.18960775354861,True
552,RandomForest,2025-06-04 04:10:00,159.0,160.22888630507302,True
552,RandomForest,2025-06-04 04:15:00,160.0,157.26317925473063,True
552,RandomForest,2025-06-04 04:20:00,158.0,150.39436403071758,True
552,RandomForest,2025-06-04 04:25:00,159.0,148.60097879062482,True
552,RandomForest,2025-06-04 04:30:00,157.0,148.34779007327927,True
552,RandomForest,2025-06-04 04:35:00,154.0,146.10203662276837,True
552,RandomForest,2025-06-04 04:40:00,152.0,164.5325153569986,True
552,RandomForest,2025-06-04 04:45:00,151.0,163.97469503819602,True
552,RandomForest,2025-06-04 04:50:00,150.0,155.12641532753742,True
552,RandomForest,2025-06-04 04:55:00,149.0,161.36654539546277,True
552,RandomForest,2025-06-04 05:00:00,148.0,154.72907416709106,True
552,RandomForest,2025-06-04 05:05:00,147.0,146.88806980572036,True
552,RandomForest,2025-06-04 05:10:00,149.0,145.3520797169728,True
552,RandomForest,2025-06-04 05:15:00,150.0,145.48800873130048,True
552,RandomForest,2025-06-04 05:20:00,148.0,143.24261932059355,True
552,RandomForest,2025-06-04 05:25:00,145.0,143.9524455656973,True
552,RandomForest,2025-06-04 05:30:00,144.0,142.44699684570867,True
552,RandomForest,2025-06-04 05:35:00,143.0,143.14484378836886,True
552,RandomForest,2025-06-04 05:40:00,143.0,154.2683138581514,True
552,RandomForest,2025-06-04 05:45:00,142.0,153.1226916940836,True
552,RandomForest,2025-06-04 05:50:00,140.0,142.49715598701067,True
552,RandomForest,2025-06-04 05:55:00,139.0,138.10715719967803,True
552,RandomForest,2025-06-04 06:00:00,137.0,140.5141809222487,True
552,RandomForest,2025-06-04 06:05:00,136.0,139.5630110626742,True
552,RandomForest,2025-06-04 06:10:00,137.0,141.58256509034646,True
552,RandomForest,2025-06-04 06:15:00,139.0,138.89077225590287,True
552,RandomForest,2025-06-04 06:20:00,136.0,133.9236386214492,True
552,RandomForest,2025-06-04 06:25:00,133.0,135.5336266996182,True
552,RandomForest,2025-06-04 06:30:00,131.0,132.35349670541618,True
552,RandomForest,2025-06-04 06:35:00,129.0,134.91526879526182,True
552,RandomForest,2025-06-04 06:40:00,127.0,137.88035858469257,True
552,RandomForest,2025-06-04 06:45:00,125.0,147.30848641080962,True
552,RandomForest,2025-06-04 06:50:00,125.0,132.298921282304,True
552,RandomForest,2025-06-04 06:55:00,128.0,129.35480433483758,True
552,RandomForest,2025-06-04 07:00:00,129.0,126.2227640641775,True
552,RandomForest,2025-06-04 07:05:00,127.0,124.57054168355114,True
552,RandomForest,2025-06-04 07:10:00,129.0,123.71360031927708,True
552,RandomForest,2025-06-04 07:15:00,129.0,122.10741259214022,True
552,RandomForest,2025-06-04 07:20:00,127.0,126.69655599448984,True
552,RandomForest,2025-06-04 07:25:00,131.0,136.73315353688463,True
552,RandomForest,2025-06-04 07:30:00,133.0,129.84146544244874,True
552,RandomForest,2025-06-04 07:35:00,132.0,126.35284986924496,True
552,RandomForest,2025-06-04 07:40:00,134.0,135.43394718030333,True
552,RandomForest,2025-06-04 07:45:00,134.0,130.9379968019669,True
552,RandomForest,2025-06-04 07:50:00,135.0,126.51616343394184,True
552,RandomForest,2025-06-04 07:55:00,135.0,139.0855156081618,True
552,RandomForest,2025-06-04 08:00:00,133.0,138.34637629087925,True
552,RandomForest,2025-06-04 08:05:00,131.0,131.20265388311026,True
552,RandomForest,2025-06-04 08:10:00,126.0,145.14065876313506,True
552,RandomForest,2025-06-04 08:15:00,125.0,134.81016139634292,True
552,RandomForest,2025-06-04 08:20:00,122.0,138.43308912779244,True
552,RandomForest,2025-06-04 08:25:00,121.0,136.5463342346658,True
552,RandomForest,2025-06-04 08:30:00,120.0,134.99168659943766,True
552,RandomForest,2025-06-04 08:35:00,116.0,129.370027933991,True
552,RandomForest,2025-06-04 08:40:00,111.0,124.49245078338,True
552,RandomForest,2025-06-04 08:45:00,107.0,124.616225092521,True
552,RandomForest,2025-06-04 08:50:00,106.0,114.66576595515794,True
552,RandomForest,2025-06-04 08:55:00,102.0,120.35141372621334,True
552,RandomForest,2025-06-04 09:00:00,98.0,117.31300588896399,True
552,RandomForest,2025-06-04 09:05:00,97.0,110.82835916860051,True
552,RandomForest,2025-06-04 09:10:00,96.0,100.29551600092663,True
552,RandomForest,2025-06-04 09:15:00,96.0,98.89122923760677,True
552,RandomForest,2025-06-04 09:20:00,101.0,100.02229922743967,True
552,RandomForest,2025-06-04 09:25:00,110.0,93.54210312444022,True
552,RandomForest,2025-06-04 09:30:00,122.0,93.31941545822188,True
552,RandomForest,2025-06-04 09:35:00,131.0,93.39046027360536,True
552,RandomForest,2025-06-04 09:40:00,141.0,95.09174762708041,True
552,RandomForest,2025-06-04 09:45:00,150.0,98.55965595078551,True
552,RandomForest,2025-06-04 09:50:00,157.0,113.57807316620209,True
552,RandomForest,2025-06-04 09:55:00,160.0,131.65079149229342,True
552,RandomForest,2025-06-04 10:00:00,160.0,158.12874883909322,True
552,RandomForest,2025-06-04 10:05:00,160.0,151.52509246692122,True
552,RandomForest,2025-06-04 10:10:00,157.0,179.66526473235206,True
552,RandomForest,2025-06-04 10:15:00,153.0,179.08075176419655,True
552,RandomForest,2025-06-04 10:20:00,154.0,177.12362795343282,True
552,RandomForest,2025-06-04 10:25:00,157.0,172.53333588701037,True
552,RandomForest,2025-06-04 10:30:00,160.0,174.01676789944344,True
552,RandomForest,2025-06-04 10:35:00,163.0,168.34519577519123,True
552,RandomForest,2025-06-04 10:40:00,167.0,149.07190501136083,True
552,RandomForest,2025-06-04 10:45:00,172.0,145.41686171125036,True
552,RandomForest,2025-06-04 10:50:00,169.0,165.19038629454695,True
552,RandomForest,2025-06-04 10:55:00,162.0,170.3390120804241,True
552,RandomForest,2025-06-04 11:00:00,152.0,175.0668656853276,True
552,RandomForest,2025-06-04 11:05:00,140.0,170.0990514140038,True
552,RandomForest,2025-06-04 11:10:00,129.0,177.21095948848003,True
552,RandomForest,2025-06-04 11:15:00,119.0,184.4136896271817,True
552,RandomForest,2025-06-04 11:20:00,110.0,153.72577453024797,True
552,RandomForest,2025-06-04 11:25:00,103.0,139.89280586886892,True
552,RandomForest,2025-06-04 11:30:00,95.0,127.68842389953548,True
552,RandomForest,2025-06-04 11:35:00,88.0,114.53446470474488,True
552,RandomForest,2025-06-04 11:40:00,70.0,104.09931998264595,True
552,RandomForest,2025-06-04 11:45:00,63.0,93.99374769019441,True
552,RandomForest,2025-06-04 11:50:00,60.0,90.81845363536742,True
552,RandomForest,2025-06-04 11:55:00,60.0,86.65388026896802,True
552,RandomForest,2025-06-04 12:00:00,65.0,80.79174904834694,True
552,RandomForest,2025-06-04 12:05:00,70.0,74.8460568029304,True
552,RandomForest,2025-06-04 12:10:00,78.0,74.20923137071232,True
552,RandomForest,2025-06-04 12:15:00,87.0,73.53957100606819,True
552,RandomForest,2025-06-04 12:20:00,93.0,69.23146301795698,True
552,RandomForest,2025-06-04 12:25:00,100.0,71.21230931358376,True
552,RandomForest,2025-06-04 12:30:00,106.0,118.49915979445387,True
552,RandomForest,2025-06-04 12:35:00,112.0,108.13789190439189,True
552,RandomForest,2025-06-04 12:40:00,121.0,122.03307915563968,True
552,RandomForest,2025-06-04 12:45:00,129.0,122.70717602364083,True
552,RandomForest,2025-06-04 12:50:00,135.0,125.54870157620161,True
552,RandomForest,2025-06-04 12:55:00,139.0,133.29002104747653,True
552,RandomForest,2025-06-04 13:00:00,141.0,137.91853845912544,True
552,RandomForest,2025-06-04 13:05:00,137.0,140.9338601059072,True
552,RandomForest,2025-06-04 13:10:00,130.0,147.79039882681988,True
552,RandomForest,2025-06-04 13:15:00,122.0,143.57734203303937,True
552,RandomForest,2025-06-04 13:20:00,120.0,146.09182026156495,True
552,RandomForest,2025-06-04 13:25:00,118.0,156.8764830908453,True
552,RandomForest,2025-06-04 13:30:00,118.0,145.7049059716247,True
552,RandomForest,2025-06-04 13:35:00,119.0,129.48775247366578,True
552,RandomForest,2025-06-04 13:40:00,120.0,113.96381388642426,True
552,RandomForest,2025-06-04 13:45:00,123.0,102.30285149977954,True
552,RandomForest,2025-06-04 13:50:00,123.0,120.66736323360016,True
552,RandomForest,2025-06-04 13:55:00,121.0,112.42078898214372,True
552,RandomForest,2025-06-04 14:00:00,122.0,125.72939823733088,True
552,RandomForest,2025-06-04 14:05:00,122.0,120.87383029026101,True
552,RandomForest,2025-06-04 14:10:00,126.0,118.7956193302808,True
552,RandomForest,2025-06-04 14:15:00,133.0,130.1730123512882,True
552,RandomForest,2025-06-04 14:20:00,138.0,129.4579896877044,True
552,RandomForest,2025-06-04 14:25:00,144.0,122.12550846149142,True
552,RandomForest,2025-06-04 14:30:00,153.0,126.43172654889284,True
552,RandomForest,2025-06-04 14:35:00,164.0,127.08608962965862,True
552,RandomForest,2025-06-04 14:40:00,170.0,137.97424156965798,True
552,RandomForest,2025-06-04 14:45:00,179.0,157.9795609068745,True
552,RandomForest,2025-06-04 14:50:00,190.0,145.86059397021262,True
552,RandomForest,2025-06-04 14:55:00,199.0,159.16188568966433,True
552,RandomForest,2025-06-04 15:00:00,210.0,178.59171316061514,True
552,RandomForest,2025-06-04 15:05:00,218.0,199.55014116529424,True
552,RandomForest,2025-06-04 15:10:00,224.0,182.69576168259286,True
552,RandomForest,2025-06-04 15:15:00,233.0,206.76469442015318,True
552,RandomForest,2025-06-04 15:20:00,242.0,212.41431442459728,True
552,RandomForest,2025-06-04 15:25:00,250.0,220.83527643403858,True
552,RandomForest,2025-06-04 15:30:00,258.0,232.8769242334895,True
552,RandomForest,2025-06-04 15:35:00,266.0,226.89758384380417,True
552,RandomForest,2025-06-04 15:40:00,272.0,240.83864989519952,True
552,RandomForest,2025-06-04 15:45:00,277.0,253.07833198640458,True
552,RandomForest,2025-06-04 15:50:00,282.0,258.8482169963914,True
552,RandomForest,2025-06-04 15:55:00,284.0,266.0689788918443,True
552,RandomForest,2025-06-04 16:00:00,277.0,269.4999247774625,True
552,RandomForest,2025-06-04 16:05:00,275.0,278.61970009555574,True
552,RandomForest,2025-06-04 16:10:00,273.0,277.803137729251,True
552,RandomForest,2025-06-04 16:15:00,270.0,280.83292456496804,True
552,RandomForest,2025-06-04 16:20:00,273.0,277.455142390998,True
552,RandomForest,2025-06-04 16:25:00,270.0,274.98671499356914,True
552,RandomForest,2025-06-04 16:30:00,265.0,245.5566840170181,True
552,RandomForest,2025-06-04 16:35:00,266.0,260.18861394924426,True
552,RandomForest,2025-06-04 16:40:00,264.0,253.23633554877287,True
552,RandomForest,2025-06-04 16:45:00,264.0,245.31457708609608,True
552,RandomForest,2025-06-04 16:50:00,263.0,267.5878473062631,True
552,RandomForest,2025-06-04 16:55:00,260.0,242.09800706397877,True
552,RandomForest,2025-06-04 17:00:00,259.0,238.40868556560784,True
552,RandomForest,2025-06-04 17:05:00,258.0,257.43087527766096,True
552,RandomForest,2025-06-04 17:10:00,257.0,245.33666182725898,True
552,RandomForest,2025-06-04 17:15:00,256.0,248.17409413423974,True
552,RandomForest,2025-06-04 17:20:00,257.0,247.32747703432298,True
552,RandomForest,2025-06-04 17:25:00,257.0,241.35036583859676,True
552,RandomForest,2025-06-04 17:30:00,253.0,253.08589877492042,True
552,RandomForest,2025-06-04 17:35:00,248.0,250.5155068627417,True
552,RandomForest,2025-06-04 17:40:00,245.0,253.07774096970948,True
552,RandomForest,2025-06-04 17:45:00,243.0,252.51080500355346,True
552,RandomForest,2025-06-04 17:50:00,242.0,251.95147773480076,True
552,RandomForest,2025-06-04 17:55:00,238.0,253.22345597020373,True
552,RandomForest,2025-06-04 18:00:00,239.0,238.2644171859343,True
552,RandomForest,2025-06-04 18:05:00,235.0,236.09107266866963,True
552,RandomForest,2025-06-04 18:10:00,234.0,225.78131042891658,True
552,RandomForest,2025-06-04 18:15:00,238.0,226.4911655168804,True
552,RandomForest,2025-06-04 18:20:00,232.0,233.58367817144065,True
552,RandomForest,2025-06-04 18:25:00,223.0,214.04438713614888,True
552,RandomForest,2025-06-04 18:30:00,210.0,227.16837840183766,True
552,RandomForest,2025-06-04 18:35:00,195.0,214.27490954249822,True
552,RandomForest,2025-06-04 18:40:00,181.0,217.99857515462188,True
552,RandomForest,2025-06-04 18:45:00,167.0,237.74698997544635,True
552,RandomForest,2025-06-04 18:50:00,155.0,212.86638232788013,True
552,RandomForest,2025-06-04 18:55:00,144.0,189.89376574528202,True
552,RandomForest,2025-06-04 19:00:00,135.0,177.09954267762663,True
552,RandomForest,2025-06-04 19:05:00,129.0,160.09860411071725,True
552,RandomForest,2025-06-04 19:10:00,125.0,134.55524631874897,True
552,RandomForest,2025-06-04 19:15:00,118.0,122.07364249377457,True
552,RandomForest,2025-06-04 19:20:00,122.0,112.3876745365538,True
552,RandomForest,2025-06-04 19:25:00,125.0,105.10695979665329,True
552,RandomForest,2025-06-04 19:30:00,128.0,100.89951881865142,True
552,RandomForest,2025-06-04 19:35:00,132.0,106.15658776689985,True
552,RandomForest,2025-06-04 19:40:00,138.0,110.92269059187328,True
552,RandomForest,2025-06-04 19:45:00,144.0,96.84554040788886,True
552,RandomForest,2025-06-04 19:50:00,144.0,125.79993368961301,True
552,RandomForest,2025-06-04 19:55:00,144.0,124.42607619800715,True
552,RandomForest,2025-06-04 20:00:00,144.0,131.01662623002883,True
552,RandomForest,2025-06-04 20:05:00,150.0,136.40319474187422,True
552,RandomForest,2025-06-04 20:10:00,154.0,152.6787648832631,True
552,RandomForest,2025-06-04 20:15:00,160.0,151.4384884089355,True
552,RandomForest,2025-06-04 20:20:00,166.0,157.59768180434608,True
552,RandomForest,2025-06-04 20:25:00,171.0,152.06259635722984,True
552,RandomForest,2025-06-04 20:30:00,179.0,148.5147783602573,True
552,RandomForest,2025-06-04 20:35:00,185.0,165.97491836872746,True
552,RandomForest,2025-06-04 20:40:00,190.0,165.28371643277845,True
552,RandomForest,2025-06-04 20:45:00,199.0,176.47064168311303,True
552,RandomForest,2025-06-04 20:50:00,209.0,185.15736671239748,True
552,RandomForest,2025-06-04 20:55:00,216.0,187.2097336854745,True
552,RandomForest,2025-06-04 21:00:00,218.0,204.34266727022015,True
552,RandomForest,2025-06-04 21:05:00,220.0,203.80286333868537,True
552,RandomForest,2025-06-04 21:10:00,221.0,204.51896430826164,True
552,RandomForest,2025-06-04 21:15:00,221.0,222.40444991251337,True
552,RandomForest,2025-06-04 21:20:00,220.0,227.14435926816995,True
552,RandomForest,2025-06-04 21:25:00,217.0,228.285706818992,True
552,RandomForest,2025-06-04 21:30:00,210.0,211.4203091329377,True
552,RandomForest,2025-06-04 21:35:00,203.0,218.30437562540774,True
552,RandomForest,2025-06-04 21:40:00,197.0,215.69563535617723,True
552,RandomForest,2025-06-04 21:45:00,189.0,213.31965072559046,True
552,RandomForest,2025-06-04 21:50:00,185.0,209.7721778857813,True
552,RandomForest,2025-06-04 21:55:00,182.0,194.0090852731215,True
552,RandomForest,2025-06-04 22:00:00,181.0,181.78742335157003,True
552,RandomForest,2025-06-04 22:05:00,182.0,174.8716359435804,True
552,RandomForest,2025-06-04 22:10:00,183.0,170.68748964784515,True
552,RandomForest,2025-06-04 22:15:00,186.0,158.05202809999946,True
552,RandomForest,2025-06-04 22:20:00,188.0,166.10226072233567,True
552,RandomForest,2025-06-04 22:25:00,192.0,166.75373807354416,True
552,RandomForest,2025-06-04 22:30:00,197.0,170.36414661167223,True
552,RandomForest,2025-06-04 22:35:00,196.0,179.9684208714586,True
552,RandomForest,2025-06-04 22:40:00,193.0,186.66126526983047,True
552,RandomForest,2025-06-04 22:45:00,192.0,193.69255549195415,True
552,RandomForest,2025-06-04 22:50:00,193.0,187.24146667258748,True
552,RandomForest,2025-06-04 22:55:00,192.0,199.53850621696947,True
552,RandomForest,2025-06-04 23:00:00,191.0,204.7515097163921,True
552,RandomForest,2025-06-04 23:05:00,191.0,188.58508605824926,True
552,RandomForest,2025-06-04 23:10:00,190.0,185.02830761168607,True
552,RandomForest,2025-06-04 23:15:00,188.0,187.1877368132424,True
552,RandomForest,2025-06-04 23:20:00,188.0,200.13840420037906,True
552,RandomForest,2025-06-04 23:25:00,189.0,186.45046661668894,True
552,RandomForest,2025-06-04 23:30:00,190.0,185.88147057200536,True
552,RandomForest,2025-06-04 23:35:00,191.0,195.9874887986286,True
552,RandomForest,2025-06-04 23:40:00,192.0,184.68939673961555,True
552,RandomForest,2025-06-04 23:45:00,199.0,177.33271885931856,True
552,RandomForest,2025-06-04 23:50:00,204.0,186.70113744114676,True
552,RandomForest,2025-06-04 23:55:00,204.0,186.70423167352047,True
552,RandomForest,2025-06-05 00:00:00,205.0,191.903476959832,True
552,RandomForest,2025-06-05 00:05:00,207.0,195.043272044978,True
552,RandomForest,2025-06-05 00:10:00,209.0,195.91174999551447,True
552,RandomForest,2025-06-05 00:15:00,212.0,207.60136507276167,True
552,RandomForest,2025-06-05 00:20:00,214.0,210.65763801490132,True
552,RandomForest,2025-06-05 00:25:00,215.0,206.9709686229038,True
552,RandomForest,2025-06-05 00:30:00,214.0,208.12183929754593,True
552,RandomForest,2025-06-05 00:35:00,214.0,212.14581297614407,True
552,RandomForest,2025-06-05 00:40:00,216.0,212.53134367880705,True
552,RandomForest,2025-06-05 00:45:00,217.0,219.84172267998258,True
552,RandomForest,2025-06-05 00:50:00,218.0,217.5709405449752,True
552,RandomForest,2025-06-05 00:55:00,218.0,218.1004149195157,True
552,RandomForest,2025-06-05 01:00:00,219.0,213.70417568859855,True
552,RandomForest,2025-06-05 01:05:00,220.0,216.75442045087277,True
552,RandomForest,2025-06-05 01:10:00,219.0,221.40413247134344,True
552,RandomForest,2025-06-05 01:15:00,218.0,221.31396747975816,True
552,RandomForest,2025-06-05 01:20:00,216.0,221.69468484491176,True
552,RandomForest,2025-06-05 01:25:00,214.0,219.79874945346143,True
552,RandomForest,2025-06-05 01:30:00,211.0,221.40801022816242,True
552,RandomForest,2025-06-05 01:35:00,205.0,223.80249112190515,True
552,RandomForest,2025-06-05 01:40:00,203.0,221.23660165592412,True
552,RandomForest,2025-06-05 01:45:00,207.0,220.1854771514045,True
552,RandomForest,2025-06-05 01:50:00,209.0,214.5182343848019,True
552,RandomForest,2025-06-05 01:55:00,209.0,213.1665191191139,True
552,RandomForest,2025-06-05 02:00:00,209.0,209.52410242151282,True
552,RandomForest,2025-06-05 02:05:00,209.0,193.3639457006079,True
552,RandomForest,2025-06-05 02:10:00,209.0,196.94562293678496,True
552,RandomForest,2025-06-05 02:15:00,209.0,210.74330824341138,True
552,RandomForest,2025-06-05 02:20:00,208.0,208.14066433738424,True
552,RandomForest,2025-06-05 02:25:00,206.0,207.04773160558864,True
552,RandomForest,2025-06-05 02:30:00,205.0,208.23902796286762,True
552,RandomForest,2025-06-05 02:35:00,205.0,208.60108661673996,True
552,RandomForest,2025-06-05 02:40:00,206.0,208.56048960344276,True
552,RandomForest,2025-06-05 02:45:00,209.0,207.48714110228394,True
552,RandomForest,2025-06-05 02:50:00,210.0,205.61499133528662,True
552,RandomForest,2025-06-05 02:55:00,210.0,203.17334224697166,True
552,RandomForest,2025-06-05 03:00:00,210.0,203.04404361487687,True
552,RandomForest,2025-06-05 03:05:00,210.0,204.9645387124456,True
552,RandomForest,2025-06-05 03:10:00,210.0,208.50062249387196,True
552,RandomForest,2025-06-05 03:15:00,210.0,211.50718353371158,True
552,RandomForest,2025-06-05 03:20:00,208.0,212.39593233315657,True
552,RandomForest,2025-06-05 03:25:00,207.0,212.22608014986227,True
552,RandomForest,2025-06-05 03:30:00,207.0,211.98115908757762,True
552,RandomForest,2025-06-05 03:35:00,205.0,212.90044204063508,True
552,RandomForest,2025-06-05 03:40:00,203.0,213.12323148250667,True
552,RandomForest,2025-06-05 03:45:00,204.0,213.36840858817072,True
552,RandomForest,2025-06-05 03:50:00,206.0,204.32706961802512,True
552,RandomForest,2025-06-05 03:55:00,206.0,206.02944978251148,True
552,RandomForest,2025-06-05 04:00:00,207.0,207.8626718162639,True
552,RandomForest,2025-06-05 04:05:00,207.0,201.79608128078766,True
552,RandomForest,2025-06-05 04:10:00,207.0,197.79135905099147,True
552,RandomForest,2025-06-05 04:15:00,207.0,206.13048003861735,True
552,RandomForest,2025-06-05 04:20:00,206.0,209.3771701757293,True
552,RandomForest,2025-06-05 04:25:00,206.0,206.1512673069421,True
552,RandomForest,2025-06-05 04:30:00,205.0,208.9071956635025,True
552,RandomForest,2025-06-05 04:35:00,206.0,207.2301762423353,True
552,RandomForest,2025-06-05 04:40:00,208.0,207.66195479631898,True
552,RandomForest,2025-06-05 04:45:00,207.0,207.69485539447288,True
552,RandomForest,2025-06-05 04:50:00,206.0,204.70558137929714,True
552,RandomForest,2025-06-05 04:55:00,205.0,206.55477403971173,True
552,RandomForest,2025-06-05 05:00:00,204.0,203.35154488171455,True
552,RandomForest,2025-06-05 05:05:00,203.0,207.95257959173986,True
552,RandomForest,2025-06-05 05:10:00,204.0,211.2839531822541,True
552,RandomForest,2025-06-05 05:15:00,202.0,205.78232389867597,True
552,RandomForest,2025-06-05 05:20:00,199.0,204.9202302752143,True
552,RandomForest,2025-06-05 05:25:00,198.0,203.13743947670918,True
552,RandomForest,2025-06-05 05:30:00,196.0,200.1961160441372,True
552,RandomForest,2025-06-05 05:35:00,196.0,198.85479632472163,True
552,RandomForest,2025-06-05 05:40:00,195.0,204.17719458076442,True
552,RandomForest,2025-06-05 05:45:00,196.0,198.6759864943376,True
552,RandomForest,2025-06-05 05:50:00,197.0,195.7030004249955,True
552,RandomForest,2025-06-05 05:55:00,196.0,193.29298071519403,True
552,RandomForest,2025-06-05 06:00:00,195.0,191.29550876439356,True
552,RandomForest,2025-06-05 06:05:00,193.0,194.59572721587904,True
552,RandomForest,2025-06-05 06:10:00,191.0,193.50224662382243,True
552,RandomForest,2025-06-05 06:15:00,188.0,198.86453042327616,True
552,RandomForest,2025-06-05 06:20:00,183.0,199.23499297882114,True
552,RandomForest,2025-06-05 06:25:00,179.0,196.5968103391716,True
552,RandomForest,2025-06-05 06:30:00,176.0,191.3548886000235,True
552,RandomForest,2025-06-05 06:35:00,173.0,187.02943752950267,True
552,RandomForest,2025-06-05 06:40:00,170.0,182.74708851065034,True
552,RandomForest,2025-06-05 06:45:00,167.0,175.85930817297296,True
552,RandomForest,2025-06-05 06:50:00,163.0,168.82730647340577,True
552,RandomForest,2025-06-05 06:55:00,161.0,163.98560076673652,True
552,RandomForest,2025-06-05 07:00:00,160.0,164.12807477999758,True
552,RandomForest,2025-06-05 07:05:00,159.0,158.98609913454243,True
552,RandomForest,2025-06-05 07:10:00,161.0,156.52859013622933,True
552,RandomForest,2025-06-05 07:15:00,162.0,154.35056753165622,True
552,RandomForest,2025-06-05 07:20:00,161.0,149.23041882435737,True
552,RandomForest,2025-06-05 07:25:00,161.0,150.33726781915848,True
552,RandomForest,2025-06-05 07:30:00,163.0,151.2936485279624,True
552,RandomForest,2025-06-05 07:35:00,164.0,151.36721652773824,True
552,RandomForest,2025-06-05 07:40:00,163.0,164.14842930386814,True
552,RandomForest,2025-06-05 07:45:00,145.0,162.8179086908434,True
552,RandomForest,2025-06-05 07:50:00,144.0,155.46477998305582,True
552,RandomForest,2025-06-05 07:55:00,144.0,162.01585913024977,True
552,RandomForest,2025-06-05 08:00:00,141.0,164.24392079379803,True
552,RandomForest,2025-06-05 08:05:00,140.0,167.05361659668623,True
552,RandomForest,2025-06-05 08:10:00,138.0,157.37046377279898,True
552,RandomForest,2025-06-05 08:15:00,139.0,138.5273522664756,True
552,RandomForest,2025-06-05 08:20:00,146.0,141.19113993352144,True
552,RandomForest,2025-06-05 08:25:00,149.0,141.7931624443471,True
552,RandomForest,2025-06-05 08:30:00,157.0,137.51546707963237,True
552,RandomForest,2025-06-05 08:35:00,163.0,148.0520397954643,True
552,RandomForest,2025-06-05 08:40:00,162.0,137.48619448822328,True
552,RandomForest,2025-06-05 08:45:00,156.0,143.5996033160299,True
552,RandomForest,2025-06-05 08:50:00,148.0,168.87053862222496,True
552,RandomForest,2025-06-05 08:55:00,140.0,159.97902300862464,True
552,RandomForest,2025-06-05 09:00:00,133.0,178.08312155705207,True
552,RandomForest,2025-06-05 09:05:00,127.0,175.54512876962235,True
552,RandomForest,2025-06-05 09:10:00,122.0,158.1414495511286,True
552,RandomForest,2025-06-05 09:15:00,116.0,140.09555452668005,True
552,RandomForest,2025-06-05 09:20:00,109.0,132.45326644329106,True
552,RandomForest,2025-06-05 09:25:00,101.0,124.0139222349543,True
552,RandomForest,2025-06-05 09:30:00,92.0,116.94648740600498,True
552,RandomForest,2025-06-05 09:35:00,77.0,108.87436166331138,True
552,RandomForest,2025-06-05 09:40:00,72.0,105.79519683936735,True
552,RandomForest,2025-06-05 09:45:00,68.0,95.81586353436693,True
552,RandomForest,2025-06-05 09:50:00,66.0,92.26324703152719,True
552,RandomForest,2025-06-05 09:55:00,66.0,86.12088558990781,True
552,RandomForest,2025-06-05 10:00:00,70.0,81.34343938451586,True
552,RandomForest,2025-06-05 10:05:00,74.0,71.65421738571573,True
552,RandomForest,2025-06-05 10:10:00,79.0,76.55566214903523,True
552,RandomForest,2025-06-05 10:15:00,81.0,70.72400480363599,True
552,RandomForest,2025-06-05 10:20:00,83.0,73.7112537769706,True
552,RandomForest,2025-06-05 10:25:00,84.0,80.62652171040257,True
552,RandomForest,2025-06-05 10:30:00,86.0,110.6318124313994,True
552,RandomForest,2025-06-05 10:35:00,87.0,103.22079910089505,True
552,RandomForest,2025-06-05 10:40:00,88.0,102.9264319369422,True
552,RandomForest,2025-06-05 10:45:00,90.0,99.02306819750042,True
552,RandomForest,2025-06-05 10:50:00,91.0,100.66527503152925,True
552,RandomForest,2025-06-05 10:55:00,92.0,92.80787578957195,True
552,RandomForest,2025-06-05 11:00:00,92.0,101.07498269913566,True
552,RandomForest,2025-06-05 11:05:00,92.0,96.73915208741289,True
552,RandomForest,2025-06-05 11:10:00,90.0,101.00964347072878,True
552,RandomForest,2025-06-05 11:15:00,91.0,101.31702744899229,True
552,RandomForest,2025-06-05 11:20:00,93.0,99.80221187488443,True
552,RandomForest,2025-06-05 11:25:00,93.0,101.0562541299634,True
552,RandomForest,2025-06-05 11:30:00,92.0,103.19918797134406,True
552,RandomForest,2025-06-05 11:35:00,93.0,100.2590369765446,True
552,RandomForest,2025-06-05 11:40:00,92.0,95.045448664278,True
552,RandomForest,2025-06-05 11:45:00,89.0,99.2752120065285,True
552,RandomForest,2025-06-05 11:50:00,90.0,105.22682650760143,True
552,RandomForest,2025-06-05 11:55:00,92.0,98.82723485195449,True
552,RandomForest,2025-06-05 12:00:00,94.0,100.3952420819984,True
552,RandomForest,2025-06-05 12:05:00,95.0,102.64246011549494,True
552,RandomForest,2025-06-05 12:10:00,97.0,97.46867457228637,True
552,RandomForest,2025-06-05 12:15:00,96.0,93.95493523235046,True
552,RandomForest,2025-06-05 12:20:00,96.0,101.23779381148184,True
552,RandomForest,2025-06-05 12:25:00,97.0,106.6608185483798,True
552,RandomForest,2025-06-05 12:30:00,103.0,107.18851567508307,True
552,RandomForest,2025-06-05 12:35:00,108.0,100.56854976751583,True
552,RandomForest,2025-06-05 12:40:00,116.0,107.9195595409889,True
552,RandomForest,2025-06-05 12:45:00,129.0,98.41597372747484,True
552,RandomForest,2025-06-05 12:50:00,137.0,102.92447593318543,True
552,RandomForest,2025-06-05 12:55:00,144.0,106.6714625534212,True
552,RandomForest,2025-06-05 13:00:00,153.0,125.12200861385571,True
552,RandomForest,2025-06-05 13:05:00,158.0,124.98494132614088,True
552,RandomForest,2025-06-05 13:10:00,161.0,145.37571849677934,True
552,RandomForest,2025-06-05 13:15:00,162.0,172.71626539945672,True
552,RandomForest,2025-06-05 13:20:00,163.0,159.35433943829037,True
552,RandomForest,2025-06-05 13:25:00,164.0,170.76164589884817,True
552,RandomForest,2025-06-05 13:30:00,164.0,183.89816094938126,True
552,RandomForest,2025-06-05 13:35:00,165.0,169.25564390269648,True
552,RandomForest,2025-06-05 13:40:00,164.0,173.76536002880445,True
552,RandomForest,2025-06-05 13:45:00,160.0,168.68511557921036,True
552,RandomForest,2025-06-05 13:50:00,157.0,168.73092000558287,True
552,RandomForest,2025-06-05 13:55:00,156.0,167.32552429050835,True
552,RandomForest,2025-06-05 14:00:00,157.0,162.24214918312254,True
552,RandomForest,2025-06-05 14:05:00,156.0,167.33650633668788,True
552,RandomForest,2025-06-05 14:10:00,159.0,159.55991666698117,True
552,RandomForest,2025-06-05 14:15:00,161.0,152.0759639392216,True
552,RandomForest,2025-06-05 14:20:00,160.0,148.75960321961136,True
552,RandomForest,2025-06-05 14:25:00,162.0,147.3424030637684,True
552,RandomForest,2025-06-05 14:30:00,164.0,155.29927099189354,True
552,RandomForest,2025-06-05 14:35:00,165.0,147.61069690989598,True
552,RandomForest,2025-06-05 14:40:00,170.0,164.02455801787994,True
552,RandomForest,2025-06-05 14:45:00,175.0,164.3903052236052,True
552,RandomForest,2025-06-05 14:50:00,174.0,156.50357933353615,True
552,RandomForest,2025-06-05 14:55:00,177.0,165.50507170335385,True
552,RandomForest,2025-06-05 15:00:00,180.0,168.1536064718139,True
552,RandomForest,2025-06-05 15:05:00,181.0,167.12157324540152,True
552,RandomForest,2025-06-05 15:10:00,176.0,180.14920258734514,True
552,RandomForest,2025-06-05 15:15:00,176.0,192.82834921382943,True
552,RandomForest,2025-06-05 15:20:00,176.0,171.71178892993584,True
552,RandomForest,2025-06-05 15:25:00,175.0,186.79649448619483,True
552,RandomForest,2025-06-05 15:30:00,175.0,188.1651611773983,True
552,RandomForest,2025-06-05 15:35:00,175.0,180.9084424078815,True
552,RandomForest,2025-06-05 15:40:00,175.0,165.34225100875335,True
552,RandomForest,2025-06-05 15:45:00,172.0,177.7196957245761,True
552,RandomForest,2025-06-05 15:50:00,169.0,176.3746782207127,True
552,RandomForest,2025-06-05 15:55:00,174.0,171.42743384777015,True
552,RandomForest,2025-06-05 16:00:00,175.0,175.25597572518234,True
552,RandomForest,2025-06-05 16:05:00,176.0,174.97708161594113,True
552,RandomForest,2025-06-05 16:10:00,177.0,175.5688187977851,True
552,RandomForest,2025-06-05 16:15:00,177.0,162.23717647489212,True
552,RandomForest,2025-06-05 16:20:00,177.0,158.42644169810126,True
552,RandomForest,2025-06-05 16:25:00,175.0,183.4795715419991,True
552,RandomForest,2025-06-05 16:30:00,171.0,178.24522103010958,True
552,RandomForest,2025-06-05 16:35:00,166.0,178.73468683263366,True
552,RandomForest,2025-06-05 16:40:00,165.0,177.21167064924794,True
552,RandomForest,2025-06-05 16:45:00,168.0,177.81701790899427,True
552,RandomForest,2025-06-05 16:50:00,170.0,178.2546964585299,True
552,RandomForest,2025-06-05 16:55:00,168.0,169.1024940145814,True
552,RandomForest,2025-06-05 17:00:00,167.0,158.79272778422737,True
552,RandomForest,2025-06-05 17:05:00,166.0,153.7506877851917,True
552,RandomForest,2025-06-05 17:10:00,162.0,157.6193731893949,True
552,RandomForest,2025-06-05 17:15:00,159.0,170.11428504569167,True
552,RandomForest,2025-06-05 17:20:00,157.0,170.94265425497545,True
552,RandomForest,2025-06-05 17:25:00,155.0,161.45219140830045,True
552,RandomForest,2025-06-05 17:30:00,149.0,163.7800623142606,True
552,RandomForest,2025-06-05 17:35:00,151.0,159.67151914289138,True
552,RandomForest,2025-06-05 17:40:00,153.0,151.17599945817508,True
552,RandomForest,2025-06-05 17:45:00,151.0,151.1232111057837,True
552,RandomForest,2025-06-05 17:50:00,151.0,150.28261790339474,True
552,RandomForest,2025-06-05 17:55:00,151.0,145.33623199806414,True
552,RandomForest,2025-06-05 18:00:00,153.0,139.39459430010692,True
552,RandomForest,2025-06-05 18:05:00,158.0,152.87966920717398,True
552,RandomForest,2025-06-05 18:10:00,165.0,154.79182953305227,True
552,RandomForest,2025-06-05 18:15:00,169.0,143.61930019022148,True
552,RandomForest,2025-06-05 18:20:00,173.0,150.86293119135266,True
552,RandomForest,2025-06-05 18:25:00,172.0,151.31249269425834,True
552,RandomForest,2025-06-05 18:30:00,170.0,164.7778057728555,True
552,RandomForest,2025-06-05 18:35:00,166.0,176.75008737263815,True
552,RandomForest,2025-06-05 18:40:00,164.0,186.0809479700818,True
552,RandomForest,2025-06-05 18:45:00,161.0,176.86280332575362,True
552,RandomForest,2025-06-05 18:50:00,155.0,182.0984829249736,True
552,RandomForest,2025-06-05 18:55:00,150.0,166.9830707658791,True
552,RandomForest,2025-06-05 19:00:00,146.0,164.83348852401795,True
552,RandomForest,2025-06-05 19:05:00,142.0,143.82637717080397,True
552,RandomForest,2025-06-05 19:10:00,141.0,152.6612617783273,True
552,RandomForest,2025-06-05 19:15:00,141.0,143.24890050645746,True
552,RandomForest,2025-06-05 19:20:00,144.0,127.2016050974269,True
552,RandomForest,2025-06-05 19:25:00,147.0,129.3329459639115,True
552,RandomForest,2025-06-05 19:30:00,147.0,129.92768136260298,True
552,RandomForest,2025-06-05 19:35:00,147.0,128.87921736647627,True
552,RandomForest,2025-06-05 19:40:00,147.0,134.37037529486523,True
552,RandomForest,2025-06-05 19:45:00,147.0,135.96021951065973,True
552,RandomForest,2025-06-05 19:50:00,147.0,146.1893888150872,True
552,RandomForest,2025-06-05 19:55:00,147.0,156.3715179682652,True
552,RandomForest,2025-06-05 20:00:00,147.0,144.0851159945873,True
552,RandomForest,2025-06-06 02:20:00,122.0,161.91122228435216,False
552,RandomForest,2025-06-06 02:25:00,121.0,161.91122228435216,False
552,RandomForest,2025-06-06 02:30:00,120.0,161.91122228435216,False
552,RandomForest,2025-06-06 02:35:00,120.0,161.91122228435216,False
552,RandomForest,2025-06-06 02:40:00,119.0,161.91122228435216,False
552,RandomForest,2025-06-06 02:45:00,117.0,161.91122228435216,False
552,RandomForest,2025-06-06 02:50:00,116.0,121.58526419161612,True
552,RandomForest,2025-06-06 02:55:00,114.0,118.79880350601168,True
552,RandomForest,2025-06-06 03:00:00,113.0,118.81604585057259,True
552,RandomForest,2025-06-06 03:05:00,111.0,125.13826508811577,True
552,RandomForest,2025-06-06 03:10:00,110.0,119.44453157353887,True
552,RandomForest,2025-06-06 03:15:00,109.0,115.61022023717334,True
552,RandomForest,2025-06-06 03:20:00,107.0,114.2976529847835,True
552,RandomForest,2025-06-06 03:25:00,106.0,109.64100782832982,True
552,RandomForest,2025-06-06 03:30:00,104.0,110.43562830954016,True
552,RandomForest,2025-06-06 03:35:00,102.0,106.9911415319354,True
552,RandomForest,2025-06-06 03:40:00,101.0,108.42153291147147,True
552,RandomForest,2025-06-06 03:45:00,100.0,106.23247578291013,True
552,RandomForest,2025-06-06 03:50:00,99.0,102.08956990655595,True
552,RandomForest,2025-06-06 03:55:00,99.0,101.98324554755268,True
552,RandomForest,2025-06-06 04:00:00,98.0,98.81521789558325,True
552,RandomForest,2025-06-06 04:05:00,98.0,96.94047012640365,True
552,RandomForest,2025-06-06 04:10:00,97.0,97.04358208847525,True
552,RandomForest,2025-06-06 04:15:00,96.0,96.07662094713743,True
552,RandomForest,2025-06-06 04:20:00,95.0,96.22474156250368,True
552,RandomForest,2025-06-06 04:25:00,94.0,98.55535817940671,True
552,RandomForest,2025-06-06 04:30:00,93.0,95.54636089381495,True
552,RandomForest,2025-06-06 04:35:00,92.0,96.32517795056219,True
552,RandomForest,2025-06-06 04:40:00,90.0,94.7253949072972,True
552,RandomForest,2025-06-06 04:45:00,88.0,93.15115177199783,True
552,RandomForest,2025-06-06 04:50:00,87.0,91.88396257299159,True
552,RandomForest,2025-06-06 04:55:00,87.0,91.61288647481479,True
552,RandomForest,2025-06-06 05:00:00,85.0,91.53979481681587,True
552,RandomForest,2025-06-06 05:05:00,84.0,90.63989064080461,True
552,RandomForest,2025-06-06 05:10:00,83.0,88.92679615471917,True
552,RandomForest,2025-06-06 05:15:00,82.0,85.58497311937597,True
552,RandomForest,2025-06-06 05:20:00,81.0,84.78187804514688,True
552,RandomForest,2025-06-06 05:25:00,79.0,87.79433476625452,True
552,RandomForest,2025-06-06 05:30:00,79.0,83.56514699973906,True
552,RandomForest,2025-06-06 05:35:00,81.0,82.89376260011002,True
552,RandomForest,2025-06-06 05:40:00,82.0,81.90207915617562,True
552,RandomForest,2025-06-06 05:45:00,81.0,80.11057629092052,True
552,RandomForest,2025-06-06 05:50:00,81.0,79.10079878036896,True
552,RandomForest,2025-06-06 05:55:00,82.0,78.81984038703932,True
552,RandomForest,2025-06-06 06:00:00,82.0,81.2341994590326,True
552,RandomForest,2025-06-06 06:05:00,83.0,91.2758328714299,True
552,RandomForest,2025-06-06 06:10:00,84.0,84.04987585491457,True
552,RandomForest,2025-06-06 06:15:00,84.0,79.78167585676972,True
552,RandomForest,2025-06-06 06:20:00,85.0,82.55915766631216,True
552,RandomForest,2025-06-06 06:25:00,84.0,84.10305924626736,True
552,RandomForest,2025-06-06 06:30:00,85.0,84.25650463055871,True
552,RandomForest,2025-06-06 06:35:00,85.0,86.21675393001736,True
552,RandomForest,2025-06-06 06:40:00,85.0,88.1644911156587,True
552,RandomForest,2025-06-06 06:45:00,85.0,86.7133131823114,True
552,RandomForest,2025-06-06 06:50:00,84.0,89.6563558229619,True
552,RandomForest,2025-06-06 06:55:00,83.0,84.73101629736384,True
552,RandomForest,2025-06-06 07:00:00,83.0,89.21612105139698,True
552,RandomForest,2025-06-06 07:05:00,83.0,86.99633169580854,True
552,RandomForest,2025-06-06 07:10:00,84.0,87.20216914935047,True
552,RandomForest,2025-06-06 07:15:00,90.0,86.49928013830622,True
552,RandomForest,2025-06-06 07:20:00,98.0,84.0279336278622,True
552,RandomForest,2025-06-06 07:25:00,106.0,82.67340469995753,True
552,RandomForest,2025-06-06 07:30:00,112.0,85.59403386125575,True
552,RandomForest,2025-06-06 07:35:00,118.0,110.19851292046442,True
552,RandomForest,2025-06-06 07:40:00,122.0,115.27389253222125,True
552,RandomForest,2025-06-06 07:45:00,125.0,120.12257041540788,True
552,RandomForest,2025-06-06 07:50:00,123.0,134.81354493236918,True
552,RandomForest,2025-06-06 07:55:00,122.0,143.77186399764562,True
552,RandomForest,2025-06-06 08:00:00,121.0,143.32254277948527,True
552,RandomForest,2025-06-06 08:05:00,119.0,146.27350617253978,True
552,RandomForest,2025-06-06 08:10:00,115.0,141.2566126326374,True
552,RandomForest,2025-06-06 08:15:00,113.0,139.13764323685578,True
552,RandomForest,2025-06-06 08:20:00,110.0,115.10741454906992,True
552,RandomForest,2025-06-06 08:25:00,106.0,122.09005807479933,True
552,RandomForest,2025-06-06 08:30:00,102.0,122.6953652655004,True
552,RandomForest,2025-06-06 08:35:00,97.0,110.68490369723757,True
552,RandomForest,2025-06-06 08:40:00,93.0,111.18557912597312,True
552,RandomForest,2025-06-06 08:45:00,89.0,110.50990225109173,True
552,RandomForest,2025-06-06 08:50:00,86.0,106.66762785193885,True
552,RandomForest,2025-06-06 08:55:00,82.0,97.94281996023805,True
552,RandomForest,2025-06-06 09:00:00,80.0,92.95763384564691,True
552,RandomForest,2025-06-06 09:05:00,76.0,88.00893798582666,True
552,RandomForest,2025-06-06 09:10:00,73.0,84.70817677065344,True
552,RandomForest,2025-06-06 09:15:00,71.0,81.54440459314665,True
552,RandomForest,2025-06-06 09:20:00,100.0,80.21985154766011,True
552,RandomForest,2025-06-06 09:25:00,97.0,75.27066528950962,True
552,RandomForest,2025-06-06 09:30:00,94.0,79.37414366653766,True
552,RandomForest,2025-06-06 09:35:00,90.0,74.45046183496657,True
552,RandomForest,2025-06-06 09:40:00,87.0,78.4437827055422,True
552,RandomForest,2025-06-06 09:45:00,83.0,80.01046700466509,True
552,RandomForest,2025-06-06 09:50:00,83.0,132.03001536902894,True
552,RandomForest,2025-06-06 09:55:00,82.0,101.92356163776952,True
552,RandomForest,2025-06-06 10:00:00,81.0,100.34106743311155,True
552,RandomForest,2025-06-06 10:05:00,80.0,89.11306057670988,True
552,RandomForest,2025-06-06 10:10:00,79.0,87.31816536400902,True
552,RandomForest,2025-06-06 10:15:00,78.0,80.69566367821713,True
552,RandomForest,2025-06-06 10:20:00,76.0,92.67144699940607,True
552,RandomForest,2025-06-06 10:25:00,75.0,82.72629098098272,True
552,RandomForest,2025-06-06 10:30:00,75.0,82.9543829967889,True
552,RandomForest,2025-06-06 10:35:00,76.0,80.26311397137817,True
552,RandomForest,2025-06-06 10:40:00,76.0,80.78055095330971,True
552,RandomForest,2025-06-06 10:45:00,76.0,79.71620801539171,True
552,RandomForest,2025-06-06 10:50:00,73.0,80.11010921879392,True
552,RandomForest,2025-06-06 10:55:00,74.0,78.95343057577996,True
552,RandomForest,2025-06-06 11:00:00,77.0,85.51568224604445,True
552,RandomForest,2025-06-06 11:05:00,80.0,84.84416221206563,True
552,RandomForest,2025-06-06 11:10:00,80.0,86.3474103661708,True
552,RandomForest,2025-06-06 11:15:00,83.0,85.89646493457334,True
552,RandomForest,2025-06-06 11:20:00,93.0,79.19239663158531,True
552,RandomForest,2025-06-06 11:25:00,103.0,87.40402304346904,True
552,RandomForest,2025-06-06 11:30:00,115.0,99.02039749265599,True
552,RandomForest,2025-06-06 11:35:00,128.0,97.71218783475665,True
552,RandomForest,2025-06-06 11:40:00,144.0,89.96277058866679,True
552,RandomForest,2025-06-06 11:45:00,159.0,103.14927894265846,True
552,RandomForest,2025-06-06 11:50:00,156.0,142.49212654785254,True
552,RandomForest,2025-06-06 11:55:00,160.0,144.3134745200782,True
552,RandomForest,2025-06-06 12:00:00,160.0,166.52178844209385,True
552,RandomForest,2025-06-06 12:05:00,159.0,181.88649618429824,True
552,RandomForest,2025-06-06 12:10:00,157.0,184.9645012308303,True
552,RandomForest,2025-06-06 12:15:00,157.0,193.72760703134622,True
552,RandomForest,2025-06-06 12:20:00,158.0,158.3166112424661,True
552,RandomForest,2025-06-06 12:25:00,161.0,164.2938405723118,True
552,RandomForest,2025-06-06 12:30:00,163.0,166.32241931149736,True
552,RandomForest,2025-06-06 12:35:00,164.0,158.58536377175534,True
552,RandomForest,2025-06-06 12:40:00,164.0,148.02604678993822,True
552,RandomForest,2025-06-06 12:45:00,164.0,153.34413329264763,True
552,RandomForest,2025-06-06 12:50:00,164.0,156.3625745214788,True
552,RandomForest,2025-06-06 12:55:00,164.0,163.82346610033056,True
552,RandomForest,2025-06-06 13:00:00,164.0,167.0068672042543,True
552,RandomForest,2025-06-06 13:05:00,164.0,166.03636516861877,True
552,RandomForest,2025-06-06 13:10:00,165.0,164.6674109973402,True
552,RandomForest,2025-06-06 13:15:00,167.0,164.2639824696684,True
552,RandomForest,2025-06-06 13:20:00,166.0,165.2501663992577,True
552,RandomForest,2025-06-06 13:25:00,165.0,164.7380726866118,True
552,RandomForest,2025-06-06 13:30:00,166.0,165.55360607347632,True
552,RandomForest,2025-06-06 13:35:00,166.0,165.23205566749866,True
552,RandomForest,2025-06-06 13:40:00,166.0,168.7632900305636,True
552,RandomForest,2025-06-06 13:45:00,167.0,171.86228380757123,True
552,RandomForest,2025-06-06 13:50:00,167.0,162.19093889893261,True
552,RandomForest,2025-06-06 13:55:00,166.0,160.1923505704338,True
552,RandomForest,2025-06-06 14:00:00,165.0,168.31171704496256,True
552,RandomForest,2025-06-06 14:05:00,166.0,166.638324491465,True
552,RandomForest,2025-06-06 14:10:00,167.0,166.7565497541049,True
552,RandomForest,2025-06-06 14:15:00,166.0,168.76208140371563,True
552,RandomForest,2025-06-06 14:20:00,163.0,167.02885495576382,True
552,RandomForest,2025-06-06 14:25:00,166.0,159.71533533324532,True
552,RandomForest,2025-06-06 14:30:00,171.0,158.94894124503557,True
552,RandomForest,2025-06-06 14:35:00,178.0,168.12359940721413,True
552,RandomForest,2025-06-06 14:40:00,186.0,169.11137762781271,True
552,RandomForest,2025-06-06 14:45:00,189.0,162.0198143280763,True
552,RandomForest,2025-06-06 14:50:00,202.0,154.55088296921514,True
552,RandomForest,2025-06-06 14:55:00,217.0,170.01035617252558,True
552,RandomForest,2025-06-06 15:00:00,231.0,178.35439136788565,True
552,RandomForest,2025-06-06 15:05:00,242.0,198.11279221809986,True
552,RandomForest,2025-06-06 15:10:00,252.0,203.58093163708548,True
552,RandomForest,2025-06-06 15:15:00,263.0,196.61746226286743,True
552,RandomForest,2025-06-06 15:20:00,272.0,230.10479384120666,True
552,RandomForest,2025-06-06 15:25:00,279.0,249.60000520451985,True
552,RandomForest,2025-06-06 15:30:00,285.0,259.3014777223383,True
552,RandomForest,2025-06-06 15:35:00,292.0,287.1841895248486,True
552,RandomForest,2025-06-06 15:40:00,296.0,286.718312108213,True
552,RandomForest,2025-06-06 15:45:00,298.0,291.0248443396988,True
552,RandomForest,2025-06-06 15:50:00,299.0,285.4524857966533,True
552,RandomForest,2025-06-06 15:55:00,302.0,283.4260469524583,True
552,RandomForest,2025-06-06 16:00:00,304.0,285.8243943495057,True
552,RandomForest,2025-06-06 16:05:00,304.0,297.11745888328795,True
552,RandomForest,2025-06-06 16:10:00,302.0,293.5949514363591,True
552,RandomForest,2025-06-06 16:15:00,300.0,293.71521463349984,True
552,RandomForest,2025-06-06 16:20:00,296.0,292.7011555551403,True
552,RandomForest,2025-06-06 16:25:00,291.0,297.0059666940832,True
552,RandomForest,2025-06-06 16:30:00,285.0,298.9674100980147,True
552,RandomForest,2025-06-06 16:35:00,279.0,288.2249405022169,True
552,RandomForest,2025-06-06 16:40:00,270.0,279.9388475798985,True
552,RandomForest,2025-06-06 16:45:00,270.0,274.8139173740314,True
552,RandomForest,2025-06-06 16:50:00,272.0,266.2094125357343,True
552,RandomForest,2025-06-06 16:55:00,274.0,260.69704647960475,True
552,RandomForest,2025-06-06 17:00:00,274.0,253.79378217174616,True
552,RandomForest,2025-06-06 17:05:00,273.0,243.9218372823644,True
552,RandomForest,2025-06-06 17:10:00,273.0,235.4856585428105,True
552,RandomForest,2025-06-06 17:15:00,274.0,238.67201422775096,True
552,RandomForest,2025-06-06 17:20:00,277.0,248.53226746236902,True
552,RandomForest,2025-06-06 17:25:00,278.0,252.70184485689268,True
552,RandomForest,2025-06-06 17:30:00,277.0,246.09112462691627,True
552,RandomForest,2025-06-06 17:35:00,276.0,246.18611845426545,True
552,RandomForest,2025-06-06 17:40:00,277.0,247.1887196952467,True
552,RandomForest,2025-06-06 17:45:00,279.0,253.09101228423663,True
552,RandomForest,2025-06-06 17:50:00,277.0,269.74605554961437,True
552,RandomForest,2025-06-06 17:55:00,280.0,270.4637332109038,True
552,RandomForest,2025-06-06 18:00:00,285.0,268.34271157549097,True
552,RandomForest,2025-06-06 18:05:00,291.0,265.7920644412266,True
552,RandomForest,2025-06-06 18:10:00,299.0,265.6347872832874,True
552,RandomForest,2025-06-06 18:15:00,304.0,274.5511537152361,True
552,RandomForest,2025-06-06 18:20:00,305.0,260.11545631502423,True
552,RandomForest,2025-06-06 18:25:00,303.0,274.46325358125375,True
552,RandomForest,2025-06-06 18:30:00,299.0,280.08975656842597,True
552,RandomForest,2025-06-06 18:35:00,294.0,289.7114058207744,True
552,RandomForest,2025-06-06 18:40:00,288.0,302.2373932530185,True
552,RandomForest,2025-06-06 18:45:00,285.0,300.7681597010213,True
552,RandomForest,2025-06-06 18:50:00,282.0,298.04019916733114,True
552,RandomForest,2025-06-06 18:55:00,279.0,272.429240484189,True
552,RandomForest,2025-06-06 19:00:00,275.0,272.6843306788756,True
552,RandomForest,2025-06-06 19:05:00,270.0,262.38791372442944,True
552,RandomForest,2025-06-06 19:10:00,263.0,258.0930986401693,True
552,RandomForest,2025-06-06 19:15:00,252.0,269.02160615010393,True
552,RandomForest,2025-06-06 19:20:00,240.0,262.7592044276526,True
552,RandomForest,2025-06-06 19:25:00,229.0,264.0998286800604,True
552,RandomForest,2025-06-06 19:30:00,221.0,255.1663928947034,True
552,RandomForest,2025-06-06 19:35:00,219.0,241.0219277214503,True
552,RandomForest,2025-06-06 19:40:00,219.0,228.48567013708808,True
552,RandomForest,2025-06-06 19:45:00,217.0,211.43342248997504,True
552,RandomForest,2025-06-06 19:50:00,215.0,191.07449985468492,True
552,RandomForest,2025-06-06 19:55:00,212.0,190.35272905677436,True
552,RandomForest,2025-06-06 20:00:00,208.0,184.10400821554552,True
552,RandomForest,2025-06-06 20:05:00,204.0,199.81953001487483,True
552,RandomForest,2025-06-06 20:10:00,198.0,196.5725043198132,True
552,RandomForest,2025-06-06 20:15:00,191.0,200.6986394518987,True
552,RandomForest,2025-06-06 20:20:00,188.0,199.88971916701084,True
552,RandomForest,2025-06-06 20:25:00,186.0,192.42675208635262,True
552,RandomForest,2025-06-06 20:30:00,183.0,186.8315122917046,True
552,RandomForest,2025-06-06 20:35:00,180.0,183.58786940898824,True
552,RandomForest,2025-06-06 20:40:00,174.0,178.36189058761317,True
552,RandomForest,2025-06-06 20:45:00,167.0,170.99742626166594,True
552,RandomForest,2025-06-06 20:50:00,163.0,177.54283150265158,True
552,RandomForest,2025-06-06 20:55:00,160.0,172.7399457139257,True
552,RandomForest,2025-06-06 21:00:00,154.0,168.44915799929356,True
552,RandomForest,2025-06-06 21:05:00,147.0,164.74895743357368,True
552,RandomForest,2025-06-06 21:10:00,147.0,156.0762818142912,True
552,RandomForest,2025-06-06 21:15:00,147.0,143.97380450380783,True
552,RandomForest,2025-06-06 21:20:00,147.0,146.30519354093923,True
552,RandomForest,2025-06-06 21:25:00,147.0,145.87792569144503,True
552,RandomForest,2025-06-06 21:30:00,147.0,130.73064747939702,True
552,RandomForest,2025-06-06 21:35:00,147.0,126.92255668108291,True
552,RandomForest,2025-06-06 21:40:00,152.0,138.75955211570806,True
552,RandomForest,2025-06-06 21:45:00,153.0,136.77752938066385,True
552,RandomForest,2025-06-06 21:50:00,151.0,138.9610947552904,True
552,RandomForest,2025-06-06 21:55:00,150.0,139.96627381274268,True
552,RandomForest,2025-06-06 22:00:00,149.0,140.88308010239564,True
552,RandomForest,2025-06-06 22:05:00,146.0,142.2201637737371,True
552,RandomForest,2025-06-06 22:10:00,142.0,164.36026153933636,True
552,RandomForest,2025-06-06 22:15:00,143.0,150.50912756028535,True
552,RandomForest,2025-06-06 22:20:00,144.0,143.27855862358626,True
552,RandomForest,2025-06-06 22:25:00,144.0,143.83820873417986,True
552,RandomForest,2025-06-06 22:30:00,147.0,144.81802069845654,True
552,RandomForest,2025-06-06 22:35:00,147.0,135.30123761291225,True
552,RandomForest,2025-06-06 22:40:00,149.0,131.41985891460516,True
552,RandomForest,2025-06-06 22:45:00,152.0,144.31451326812706,True
552,RandomForest,2025-06-06 22:50:00,157.0,144.4845469209994,True
552,RandomForest,2025-06-06 22:55:00,168.0,145.02260357090975,True
552,RandomForest,2025-06-06 23:00:00,176.0,156.46706797548967,True
552,RandomForest,2025-06-06 23:05:00,181.0,148.9646838825033,True
552,RandomForest,2025-06-06 23:10:00,182.0,155.50586202242755,True
552,RandomForest,2025-06-06 23:15:00,182.0,161.75969373578545,True
552,RandomForest,2025-06-06 23:20:00,181.0,169.5455249450668,True
552,RandomForest,2025-06-06 23:25:00,178.0,184.37766925477194,True
552,RandomForest,2025-06-06 23:30:00,176.0,193.03534814849118,True
552,RandomForest,2025-06-06 23:35:00,177.0,190.66713522780378,True
552,RandomForest,2025-06-06 23:40:00,176.0,179.1623192727424,True
552,RandomForest,2025-06-06 23:45:00,172.0,181.59120946825607,True
552,RandomForest,2025-06-06 23:50:00,169.0,176.05248441201678,True
552,RandomForest,2025-06-06 23:55:00,169.0,172.33706232659085,True
552,RandomForest,2025-06-07 00:00:00,168.0,168.19213048622925,True
552,RandomForest,2025-06-07 00:05:00,164.0,178.72331940104635,True
552,RandomForest,2025-06-07 00:10:00,159.0,169.39127513847248,True
552,RandomForest,2025-06-07 00:15:00,155.0,155.32905585726604,True
552,RandomForest,2025-06-07 00:20:00,154.0,156.18590277174303,True
552,RandomForest,2025-06-07 00:25:00,154.0,167.8832896569638,True
552,RandomForest,2025-06-07 00:30:00,151.0,164.31623676717115,True
552,RandomForest,2025-06-07 00:35:00,145.0,151.58676528983463,True
552,RandomForest,2025-06-07 00:40:00,145.0,146.4547768614487,True
552,RandomForest,2025-06-07 00:45:00,145.0,141.06479166012986,True
552,RandomForest,2025-06-07 00:50:00,142.0,145.93237258294175,True
552,RandomForest,2025-06-07 00:55:00,144.0,151.2924041309711,True
552,RandomForest,2025-06-07 01:00:00,143.0,139.41736769297594,True
552,RandomForest,2025-06-07 01:05:00,142.0,125.24882263977496,True
552,RandomForest,2025-06-07 01:10:00,145.0,142.7086067483204,True
552,RandomForest,2025-06-07 01:15:00,148.0,139.94920165027978,True
552,RandomForest,2025-06-07 01:20:00,153.0,134.4031461260654,True
552,RandomForest,2025-06-07 01:25:00,164.0,149.10162716858173,True
552,RandomForest,2025-06-07 01:30:00,179.0,137.07706248650769,True
552,RandomForest,2025-06-07 01:35:00,192.0,138.9911601402696,True
552,RandomForest,2025-06-07 01:40:00,198.0,150.18729315317117,True
552,RandomForest,2025-06-07 01:45:00,198.0,157.91602107250745,True
552,RandomForest,2025-06-07 01:50:00,196.0,166.48696254915964,True
552,RandomForest,2025-06-07 01:55:00,192.0,182.69382376228558,True
552,RandomForest,2025-06-07 02:00:00,188.0,208.00857097737335,True
552,RandomForest,2025-06-07 02:05:00,183.0,233.20380438414463,True
552,RandomForest,2025-06-07 02:10:00,179.0,212.14235106720562,True
552,RandomForest,2025-06-07 02:15:00,173.0,204.17260854444467,True
552,RandomForest,2025-06-07 02:20:00,167.0,202.02197028277823,True
552,RandomForest,2025-06-07 02:25:00,161.0,192.19328892764884,True
552,RandomForest,2025-06-07 02:30:00,153.0,176.50716353971222,True
552,RandomForest,2025-06-07 02:35:00,150.0,169.96374056428402,True
552,RandomForest,2025-06-07 02:40:00,148.0,166.1445504313021,True
552,RandomForest,2025-06-07 02:45:00,147.0,149.23681143505442,True
552,RandomForest,2025-06-07 02:50:00,147.0,142.8153209520224,True
552,RandomForest,2025-06-07 02:55:00,146.0,134.7619865822958,True
552,RandomForest,2025-06-07 03:00:00,145.0,125.02480289440844,True
552,RandomForest,2025-06-07 03:05:00,145.0,132.40753596786521,True
552,RandomForest,2025-06-07 03:10:00,146.0,133.1555401295451,True
552,RandomForest,2025-06-07 03:15:00,147.0,134.92769651933708,True
552,RandomForest,2025-06-07 03:20:00,149.0,139.84320094098976,True
552,RandomForest,2025-06-07 03:25:00,150.0,135.4539802192969,True
552,RandomForest,2025-06-07 03:30:00,153.0,137.4526539835449,True
552,RandomForest,2025-06-07 03:35:00,155.0,139.92091879665196,True
552,RandomForest,2025-06-07 03:40:00,157.0,142.9764389778611,True
552,RandomForest,2025-06-07 03:45:00,160.0,146.31614677561438,True
552,RandomForest,2025-06-07 03:50:00,163.0,155.15576902558166,True
552,RandomForest,2025-06-07 03:55:00,167.0,153.14445612667674,True
552,RandomForest,2025-06-07 04:00:00,169.0,159.3698157037096,True
552,RandomForest,2025-06-07 04:05:00,170.0,158.72179665518027,True
552,RandomForest,2025-06-07 04:10:00,175.0,159.63051665782302,True
552,RandomForest,2025-06-07 04:15:00,180.0,167.72435808380746,True
552,RandomForest,2025-06-07 04:20:00,183.0,168.8583703323183,True
552,RandomForest,2025-06-07 04:25:00,186.0,178.76539234787936,True
552,RandomForest,2025-06-07 04:30:00,191.0,176.67267299510684,True
552,RandomForest,2025-06-07 04:35:00,194.0,176.5307652364033,True
552,RandomForest,2025-06-07 04:40:00,197.0,192.81695050124964,True
552,RandomForest,2025-06-07 04:45:00,202.0,194.1230731878123,True
552,RandomForest,2025-06-07 04:50:00,209.0,197.37661168551506,True
552,RandomForest,2025-06-07 04:55:00,213.0,199.0183529651732,True
552,RandomForest,2025-06-07 05:00:00,214.0,205.09560785010797,True
552,RandomForest,2025-06-07 05:05:00,216.0,205.57993549152235,True
552,RandomForest,2025-06-07 05:10:00,220.0,209.14569519845168,True
552,RandomForest,2025-06-07 05:15:00,224.0,212.1293177460181,True
552,RandomForest,2025-06-07 05:20:00,228.0,222.68067795016248,True
552,RandomForest,2025-06-07 05:25:00,230.0,227.25747228801825,True
552,RandomForest,2025-06-07 05:30:00,233.0,219.39818785107596,True
552,RandomForest,2025-06-07 05:35:00,237.0,220.80131067907715,True
552,RandomForest,2025-06-07 05:40:00,242.0,230.67543985658668,True
552,RandomForest,2025-06-07 05:45:00,246.0,231.78609945567314,True
552,RandomForest,2025-06-07 05:50:00,249.0,238.26410726169573,True
552,RandomForest,2025-06-07 05:55:00,252.0,236.8407396804892,True
552,RandomForest,2025-06-07 06:00:00,254.0,237.06681540193858,True
552,RandomForest,2025-06-07 06:05:00,256.0,242.65990773133632,True
552,RandomForest,2025-06-07 06:10:00,258.0,249.53919376519883,True
552,RandomForest,2025-06-07 06:15:00,263.0,251.05436959118765,True
552,RandomForest,2025-06-07 06:20:00,268.0,259.34966857195485,True
552,RandomForest,2025-06-07 06:25:00,270.0,259.6447016272982,True
552,RandomForest,2025-06-07 06:30:00,266.0,259.2100469388607,True
552,RandomForest,2025-06-07 06:35:00,266.0,262.0944738358504,True
552,RandomForest,2025-06-07 06:40:00,264.0,263.83369754135464,True
552,RandomForest,2025-06-07 06:45:00,264.0,272.8611983386604,True
552,RandomForest,2025-06-07 06:50:00,265.0,278.06765634,True
552,RandomForest,2025-06-07 06:55:00,263.0,278.24050792952113,True
552,RandomForest,2025-06-07 07:00:00,261.0,262.30526723948554,True
552,RandomForest,2025-06-07 07:05:00,260.0,272.43183481729847,True
552,RandomForest,2025-06-07 07:10:00,258.0,265.12891949269283,True
552,RandomForest,2025-06-07 07:15:00,257.0,265.03759856242357,True
552,RandomForest,2025-06-07 07:20:00,255.0,269.6064033506831,True
552,RandomForest,2025-06-07 07:25:00,253.0,262.77623838754783,True
552,RandomForest,2025-06-07 07:30:00,251.0,257.74889708603695,True
552,RandomForest,2025-06-07 07:35:00,249.0,259.288218027058,True
552,RandomForest,2025-06-07 07:40:00,250.0,252.31725910984605,True
552,RandomForest,2025-06-07 07:45:00,249.0,258.6796196223688,True
552,RandomForest,2025-06-07 07:50:00,246.0,249.47813012731527,True
552,RandomForest,2025-06-07 07:55:00,245.0,246.2000250876538,True
552,RandomForest,2025-06-07 08:00:00,243.0,246.08480807704044,True
552,RandomForest,2025-06-07 08:05:00,240.0,243.2856525609799,True
552,RandomForest,2025-06-07 08:10:00,236.0,253.2089085498714,True
552,RandomForest,2025-06-07 08:15:00,233.0,253.1941665245432,True
552,RandomForest,2025-06-07 08:20:00,229.0,235.48191864268173,True
552,RandomForest,2025-06-07 08:25:00,225.0,241.54215438031108,True
552,RandomForest,2025-06-07 08:30:00,223.0,234.96819796187242,True
552,RandomForest,2025-06-07 08:35:00,222.0,226.8203339874872,True
552,RandomForest,2025-06-07 08:40:00,219.0,222.89110785010314,True
552,RandomForest,2025-06-07 08:45:00,215.0,218.0897164234778,True
552,RandomForest,2025-06-07 08:50:00,213.0,211.0332888795868,True
552,RandomForest,2025-06-07 08:55:00,211.0,207.34133776964038,True
552,RandomForest,2025-06-07 09:00:00,209.0,203.3653333764894,True
552,RandomForest,2025-06-07 09:05:00,207.0,206.19956288161623,True
552,RandomForest,2025-06-07 09:10:00,206.0,201.543011129027,True
552,RandomForest,2025-06-07 09:15:00,202.0,196.69650278918078,True
552,RandomForest,2025-06-07 09:20:00,200.0,197.74245602071073,True
552,RandomForest,2025-06-07 09:25:00,200.0,194.75428518574506,True
552,RandomForest,2025-06-07 09:30:00,200.0,195.00023675056548,True
552,RandomForest,2025-06-07 09:35:00,200.0,196.29534720993007,True
552,RandomForest,2025-06-07 09:40:00,200.0,196.70982240192095,True
552,RandomForest,2025-06-07 09:45:00,200.0,190.67395050908002,True
552,RandomForest,2025-06-07 09:50:00,200.0,191.78955553596222,True
552,RandomForest,2025-06-07 09:55:00,200.0,187.61307128062916,True
552,RandomForest,2025-06-07 11:15:00,167.0,156.61407342077152,False
552,RandomForest,2025-06-07 11:20:00,167.0,153.58172125243055,False
552,RandomForest,2025-06-07 11:25:00,165.0,164.14927718745642,False
552,RandomForest,2025-06-07 11:30:00,170.0,201.48609923039828,False
552,RandomForest,2025-06-07 11:35:00,174.0,211.54436844072796,False
552,RandomForest,2025-06-07 11:40:00,178.0,224.67340621198335,False
552,RandomForest,2025-06-07 11:45:00,178.0,194.70351445625494,True
552,RandomForest,2025-06-07 11:50:00,182.0,194.6130389536408,True
552,RandomForest,2025-06-07 11:55:00,186.0,165.14640363005765,True
552,RandomForest,2025-06-07 12:00:00,184.0,180.43702674563102,True
552,RandomForest,2025-06-07 12:05:00,186.0,181.00667155094578,True
552,RandomForest,2025-06-07 12:10:00,191.0,187.79285869288597,True
552,RandomForest,2025-06-07 12:15:00,197.0,180.01877770488028,True
552,RandomForest,2025-06-07 12:20:00,204.0,192.1658301074144,True
552,RandomForest,2025-06-07 12:25:00,211.0,199.68044361559646,True
552,RandomForest,2025-06-07 12:30:00,218.0,181.5194700188075,True
552,RandomForest,2025-06-07 12:35:00,222.0,198.38873984450169,True
552,RandomForest,2025-06-07 12:40:00,225.0,204.51882723851742,True
552,RandomForest,2025-06-07 12:45:00,228.0,208.78671282447834,True
552,RandomForest,2025-06-07 12:50:00,234.0,217.0623842859648,True
552,RandomForest,2025-06-07 12:55:00,238.0,223.2891763396097,True
552,RandomForest,2025-06-07 13:00:00,242.0,227.6987598431317,True
552,RandomForest,2025-06-07 13:05:00,242.0,230.85497074238287,True
552,RandomForest,2025-06-07 13:10:00,240.0,225.69658936718625,True
552,RandomForest,2025-06-07 13:15:00,240.0,225.76372996607535,True
552,RandomForest,2025-06-07 13:20:00,241.0,241.87126339559617,True
552,RandomForest,2025-06-07 13:25:00,238.0,240.8759050767008,True
552,RandomForest,2025-06-07 13:30:00,236.0,243.9402035626467,True
552,RandomForest,2025-06-07 13:35:00,234.0,228.28819100965077,True
552,RandomForest,2025-06-07 13:40:00,237.0,220.86233225579193,True
552,RandomForest,2025-06-07 13:45:00,236.0,225.6584864334918,True
552,RandomForest,2025-06-07 13:50:00,239.0,228.91565505352057,True
552,RandomForest,2025-06-07 13:55:00,240.0,217.731361879446,True
552,RandomForest,2025-06-07 14:00:00,240.0,217.32967281511006,True
552,RandomForest,2025-06-07 14:05:00,242.0,215.2786432458281,True
552,RandomForest,2025-06-07 14:10:00,245.0,235.0667901084853,True
552,RandomForest,2025-06-07 14:15:00,247.0,222.11951934201414,True
552,RandomForest,2025-06-07 14:20:00,251.0,234.30338073216313,True
552,RandomForest,2025-06-07 14:25:00,255.0,232.2720966870417,True
552,RandomForest,2025-06-07 14:30:00,257.0,227.77692290600763,True
552,RandomForest,2025-06-07 14:35:00,257.0,236.62056487966146,True
552,RandomForest,2025-06-07 14:40:00,257.0,244.8336545628366,True
552,RandomForest,2025-06-07 14:45:00,262.0,240.36087166838286,True
552,RandomForest,2025-06-07 14:50:00,268.0,252.77014700937434,True
552,RandomForest,2025-06-07 14:55:00,278.0,257.8620905149349,True
552,RandomForest,2025-06-07 15:00:00,288.0,252.38515437085402,True
552,RandomForest,2025-06-07 15:05:00,300.0,250.82225830101405,True
552,RandomForest,2025-06-07 15:10:00,307.0,252.21493065332098,True
552,RandomForest,2025-06-07 15:15:00,304.0,267.32462126042884,True
552,RandomForest,2025-06-07 15:20:00,307.0,277.20146742510843,True
552,RandomForest,2025-06-07 15:25:00,307.0,287.3654749827945,True
552,RandomForest,2025-06-07 15:30:00,302.0,299.38860343765026,True
552,RandomForest,2025-06-07 15:35:00,293.0,307.5433321527299,True
552,RandomForest,2025-06-07 15:40:00,289.0,305.8141266141184,True
552,RandomForest,2025-06-07 15:45:00,287.0,304.6860030503265,True
552,RandomForest,2025-06-07 15:50:00,283.0,299.8610758841271,True
552,RandomForest,2025-06-07 15:55:00,276.0,293.46468683313697,True
552,RandomForest,2025-06-07 16:00:00,269.0,275.41720000686365,True
552,RandomForest,2025-06-07 16:05:00,261.0,253.01170719848514,True
552,RandomForest,2025-06-07 16:10:00,252.0,261.3930812403386,True
552,RandomForest,2025-06-07 16:15:00,244.0,265.75211126113567,True
552,RandomForest,2025-06-07 16:20:00,238.0,257.184085978011,True
552,RandomForest,2025-06-07 16:25:00,233.0,236.61436056634244,True
552,RandomForest,2025-06-07 16:30:00,229.0,233.03709791947776,True
552,RandomForest,2025-06-07 16:35:00,224.0,218.1508030231168,True
552,RandomForest,2025-06-07 16:40:00,215.0,213.02785137346328,True
552,MLP,2025-05-25 00:00:00,173.0,174.0842532279483,False
552,MLP,2025-05-25 00:05:00,168.0,178.55498039250188,True
552,MLP,2025-05-25 00:10:00,163.0,168.21591106758498,True
552,MLP,2025-05-25 00:15:00,160.0,160.04776257314487,True
552,MLP,2025-05-25 00:20:00,157.0,166.60621265015214,True
552,MLP,2025-05-25 00:25:00,155.0,160.2249924230906,True
552,MLP,2025-05-25 00:30:00,154.0,153.87578013223495,True
552,MLP,2025-05-25 00:35:00,153.0,145.17140160343592,True
552,MLP,2025-05-25 00:40:00,151.0,143.0626321670983,True
552,MLP,2025-05-25 00:45:00,148.0,144.7147045371533,True
552,MLP,2025-05-25 00:50:00,141.0,141.32143767729576,True
552,MLP,2025-05-25 00:55:00,137.0,142.16064378271952,True
552,MLP,2025-05-25 01:00:00,133.0,147.28271442098202,True
552,MLP,2025-05-25 01:05:00,129.0,147.15125770240184,True
552,MLP,2025-05-25 01:10:00,125.0,140.76946616142578,True
552,MLP,2025-05-25 01:15:00,121.0,135.79790911100275,True
552,MLP,2025-05-25 01:20:00,119.0,123.5563155546922,True
552,MLP,2025-05-25 01:25:00,114.0,124.77574111084877,True
552,MLP,2025-05-25 01:30:00,108.0,117.88298473072807,True
552,MLP,2025-05-25 01:35:00,105.0,113.76761828158166,True
552,MLP,2025-05-25 01:40:00,101.0,109.06849067725302,True
552,MLP,2025-05-25 01:45:00,98.0,104.70734051811215,True
552,MLP,2025-05-25 01:50:00,95.0,108.24009920257883,True
552,MLP,2025-05-25 01:55:00,93.0,94.70597156269125,True
552,MLP,2025-05-25 02:00:00,90.0,89.54520015485147,True
552,MLP,2025-05-25 02:05:00,87.0,93.94802110508226,True
552,MLP,2025-05-25 02:10:00,85.0,83.68566915601752,True
552,MLP,2025-05-25 02:15:00,83.0,86.2522198546383,True
552,MLP,2025-05-25 02:20:00,83.0,82.71172541101978,True
552,MLP,2025-05-25 02:25:00,78.0,84.5823300637962,True
552,MLP,2025-05-25 02:30:00,73.0,77.95083321717283,True
552,MLP,2025-05-25 02:35:00,69.0,75.32019914264356,True
552,MLP,2025-05-25 02:40:00,66.0,76.08778267046779,True
552,MLP,2025-05-25 02:45:00,63.0,72.88700538114941,True
552,MLP,2025-05-25 02:50:00,61.0,81.19543802899224,True
552,MLP,2025-05-25 02:55:00,58.0,67.32989693548785,True
552,MLP,2025-05-25 03:00:00,57.0,63.10158630067093,True
552,MLP,2025-05-25 03:05:00,64.0,57.93439011110773,True
552,MLP,2025-05-25 03:10:00,79.0,57.24429692165501,True
552,MLP,2025-05-25 03:15:00,75.0,54.71946146499929,True
552,MLP,2025-05-25 03:20:00,79.0,55.17706687142564,True
552,MLP,2025-05-25 03:25:00,85.0,51.32044103079559,True
552,MLP,2025-05-25 03:30:00,96.0,57.224728283594935,True
552,MLP,2025-05-25 03:35:00,109.0,80.81985088349592,True
552,MLP,2025-05-25 03:40:00,118.0,108.1213506683385,True
552,MLP,2025-05-25 03:45:00,121.0,84.82475448477285,True
552,MLP,2025-05-25 03:50:00,116.0,98.53357263911587,True
552,MLP,2025-05-25 03:55:00,117.0,101.86945264795152,True
552,MLP,2025-05-25 04:00:00,117.0,129.6834548247368,True
552,MLP,2025-05-25 04:05:00,115.0,148.70433970766686,True
552,MLP,2025-05-25 04:10:00,113.0,145.8788395947662,True
552,MLP,2025-05-25 04:15:00,111.0,134.3063807437399,True
552,MLP,2025-05-25 04:20:00,107.0,125.68811728882957,True
552,MLP,2025-05-25 04:25:00,104.0,132.17141616208124,True
552,MLP,2025-05-25 04:30:00,102.0,119.49897284671938,True
552,MLP,2025-05-25 04:35:00,99.0,110.8705119538881,True
552,MLP,2025-05-25 04:40:00,97.0,105.25085559574997,True
552,MLP,2025-05-25 04:45:00,95.0,104.70399800059137,True
552,MLP,2025-05-25 04:50:00,93.0,99.81877123044166,True
552,MLP,2025-05-25 04:55:00,92.0,101.47562489958845,True
552,MLP,2025-05-25 05:00:00,91.0,101.7886282092663,True
552,MLP,2025-05-25 05:05:00,90.0,95.48091827540645,True
552,MLP,2025-05-25 05:10:00,89.0,93.02382131986901,True
552,MLP,2025-05-25 05:15:00,88.0,87.13157211588015,True
552,MLP,2025-05-25 05:20:00,87.0,85.59337872770497,True
552,MLP,2025-05-25 05:25:00,85.0,87.33111117093932,True
552,MLP,2025-05-25 05:30:00,84.0,84.9710638817673,True
552,MLP,2025-05-25 05:35:00,83.0,84.77894956247056,True
552,MLP,2025-05-25 05:40:00,83.0,83.86959074366521,True
552,MLP,2025-05-25 05:45:00,84.0,83.01990912760934,True
552,MLP,2025-05-25 05:50:00,83.0,82.56765591293609,True
552,MLP,2025-05-25 05:55:00,82.0,79.74063442560231,True
552,MLP,2025-05-25 06:00:00,82.0,82.14796169418699,True
552,MLP,2025-05-25 06:05:00,82.0,80.23421928324125,True
552,MLP,2025-05-25 06:10:00,83.0,84.0978523380565,True
552,MLP,2025-05-25 06:15:00,84.0,87.64802485371035,True
552,MLP,2025-05-25 06:20:00,86.0,83.69165370795434,True
552,MLP,2025-05-25 06:25:00,87.0,82.69881994531129,True
552,MLP,2025-05-25 06:30:00,87.0,84.19546398102096,True
552,MLP,2025-05-25 06:35:00,88.0,83.04515285875726,True
552,MLP,2025-05-25 06:40:00,88.0,88.6282830545791,True
552,MLP,2025-05-25 06:45:00,89.0,89.61407390006153,True
552,MLP,2025-05-25 06:50:00,91.0,95.76179486957794,True
552,MLP,2025-05-25 06:55:00,91.0,92.41463966130374,True
552,MLP,2025-05-25 07:00:00,91.0,91.25151546011384,True
552,MLP,2025-05-25 07:05:00,92.0,95.09454755773278,True
552,MLP,2025-05-25 07:10:00,92.0,92.03581373988581,True
552,MLP,2025-05-25 07:15:00,92.0,97.28950639579114,True
552,MLP,2025-05-25 07:20:00,91.0,101.68589218153042,True
552,MLP,2025-05-25 07:25:00,91.0,98.04125475358248,True
552,MLP,2025-05-25 07:30:00,91.0,98.58702735378996,True
552,MLP,2025-05-25 07:35:00,90.0,101.20400648723123,True
552,MLP,2025-05-25 07:40:00,89.0,98.7785808155057,True
552,MLP,2025-05-25 07:45:00,87.0,100.14594643402188,True
552,MLP,2025-05-25 07:50:00,86.0,97.47094303842388,True
552,MLP,2025-05-25 07:55:00,87.0,98.74290170979933,True
552,MLP,2025-05-25 08:00:00,87.0,97.88658406780671,True
552,MLP,2025-05-25 08:05:00,86.0,95.65767646163991,True
552,MLP,2025-05-25 08:10:00,86.0,94.55565920810272,True
552,MLP,2025-05-25 08:15:00,83.0,90.50422149022133,True
552,MLP,2025-05-25 08:20:00,82.0,92.15055775507443,True
552,MLP,2025-05-25 08:25:00,87.0,98.16003272424089,True
552,MLP,2025-05-25 08:30:00,101.0,95.4824663052791,True
552,MLP,2025-05-25 08:35:00,96.0,94.29259411690938,True
552,MLP,2025-05-25 08:40:00,99.0,95.6452927280587,True
552,MLP,2025-05-25 08:45:00,100.0,88.14796004448175,True
552,MLP,2025-05-25 08:50:00,101.0,90.36512260008132,True
552,MLP,2025-05-25 08:55:00,111.0,112.50878719364742,True
552,MLP,2025-05-25 09:00:00,119.0,143.328237983981,True
552,MLP,2025-05-25 09:05:00,120.0,110.54822271946148,True
552,MLP,2025-05-25 09:10:00,119.0,126.55523172534222,True
552,MLP,2025-05-25 09:15:00,118.0,109.50396048045792,True
552,MLP,2025-05-25 09:20:00,119.0,111.87149433067492,True
552,MLP,2025-05-25 09:25:00,122.0,147.44377757275447,True
552,MLP,2025-05-25 09:30:00,124.0,149.95751585204246,True
552,MLP,2025-05-25 09:35:00,126.0,136.53259235392838,True
552,MLP,2025-05-25 09:40:00,128.0,126.72784260691752,True
552,MLP,2025-05-25 09:45:00,130.0,125.16935105537542,True
552,MLP,2025-05-25 09:50:00,133.0,129.70409670452347,True
552,MLP,2025-05-25 09:55:00,138.0,139.9687264058827,True
552,MLP,2025-05-25 10:00:00,140.0,141.26309457081294,True
552,MLP,2025-05-25 10:05:00,141.0,137.27300092685897,True
552,MLP,2025-05-25 10:10:00,143.0,138.41886498962066,True
552,MLP,2025-05-25 10:15:00,150.0,138.60009131091698,True
552,MLP,2025-05-25 10:20:00,164.0,148.22849555799309,True
552,MLP,2025-05-25 10:25:00,177.0,160.213327810703,True
552,MLP,2025-05-25 10:30:00,188.0,152.83951459141443,True
552,MLP,2025-05-25 10:35:00,199.0,149.8352234545021,True
552,MLP,2025-05-25 10:40:00,203.0,151.06739090399768,True
552,MLP,2025-05-25 10:45:00,196.0,182.90077208625922,True
552,MLP,2025-05-25 10:50:00,199.0,210.2584962169576,True
552,MLP,2025-05-25 10:55:00,204.0,223.3487531037637,True
552,MLP,2025-05-25 11:00:00,209.0,225.54210871712874,True
552,MLP,2025-05-25 11:05:00,208.0,224.35674742453688,True
552,MLP,2025-05-25 11:10:00,202.0,201.9179231532053,True
552,MLP,2025-05-25 11:15:00,195.0,172.69711484837475,True
552,MLP,2025-05-25 11:20:00,189.0,202.3677883903694,True
552,MLP,2025-05-25 11:25:00,179.0,199.13568677902788,True
552,MLP,2025-05-25 11:30:00,170.0,215.09287816420166,True
552,MLP,2025-05-25 11:35:00,161.0,190.8850177063791,True
552,MLP,2025-05-25 11:40:00,152.0,174.4704704441114,True
552,MLP,2025-05-25 11:45:00,147.0,172.6579268132067,True
552,MLP,2025-05-25 11:50:00,143.0,164.75465417226246,True
552,MLP,2025-05-25 11:55:00,142.0,144.08099229337245,True
552,MLP,2025-05-25 12:00:00,147.0,137.44366117490517,True
552,MLP,2025-05-25 12:05:00,151.0,125.49249369610777,True
552,MLP,2025-05-25 12:10:00,150.0,115.08606442838641,True
552,MLP,2025-05-25 12:15:00,145.0,126.0138455886698,True
552,MLP,2025-05-25 12:20:00,141.0,117.34057756845873,True
552,MLP,2025-05-25 12:25:00,138.0,130.44444813672678,True
552,MLP,2025-05-25 12:30:00,135.0,149.2597574202067,True
552,MLP,2025-05-25 12:35:00,133.0,159.82901201665285,True
552,MLP,2025-05-25 12:40:00,136.0,144.527305476197,True
552,MLP,2025-05-25 12:45:00,137.0,133.19893421937059,True
552,MLP,2025-05-25 12:50:00,139.0,127.41391081795847,True
552,MLP,2025-05-25 12:55:00,140.0,128.6922304805807,True
552,MLP,2025-05-25 13:00:00,138.0,125.73937025542376,True
552,MLP,2025-05-25 13:05:00,134.0,128.77963491855908,True
552,MLP,2025-05-25 13:10:00,129.0,144.62320563283404,True
552,MLP,2025-05-25 13:15:00,124.0,137.36131798050081,True
552,MLP,2025-05-25 13:20:00,118.0,142.77424978096954,True
552,MLP,2025-05-25 13:25:00,113.0,137.67495365702476,True
552,MLP,2025-05-25 13:30:00,103.0,129.65245666410462,True
552,MLP,2025-05-25 13:35:00,99.0,124.17228996638792,True
552,MLP,2025-05-25 13:40:00,94.0,120.89841983385023,True
552,MLP,2025-05-25 13:45:00,90.0,118.05851395013761,True
552,MLP,2025-05-25 13:50:00,86.0,111.13052834722409,True
552,MLP,2025-05-25 13:55:00,82.0,106.72629191319339,True
552,MLP,2025-05-25 14:00:00,79.0,89.97995590800478,True
552,MLP,2025-05-25 14:05:00,75.0,100.94311143084886,True
552,MLP,2025-05-25 14:10:00,74.0,89.6222613542136,True
552,MLP,2025-05-25 14:15:00,74.0,94.8441390303123,True
552,MLP,2025-05-25 14:20:00,76.0,87.46356180463542,True
552,MLP,2025-05-25 14:25:00,76.0,86.6009754298313,True
552,MLP,2025-05-25 14:30:00,75.0,83.3912129948443,True
552,MLP,2025-05-25 14:35:00,73.0,78.87245524366593,True
552,MLP,2025-05-25 14:40:00,75.0,85.6557294374148,True
552,MLP,2025-05-25 14:45:00,86.0,88.65970584769339,True
552,MLP,2025-05-25 14:50:00,95.0,96.4170352925828,True
552,MLP,2025-05-25 14:55:00,96.0,87.44861500046343,True
552,MLP,2025-05-25 15:00:00,101.0,86.4223627439535,True
552,MLP,2025-05-25 15:05:00,104.0,82.03756728899,True
552,MLP,2025-05-25 15:10:00,109.0,94.25375797163389,True
552,MLP,2025-05-25 15:15:00,116.0,124.33051972744452,True
552,MLP,2025-05-25 15:20:00,127.0,127.30600365122119,True
552,MLP,2025-05-25 15:25:00,138.0,110.46260983639398,True
552,MLP,2025-05-25 15:30:00,149.0,125.47590262071043,True
552,MLP,2025-05-25 15:35:00,160.0,122.01521497789611,True
552,MLP,2025-05-25 15:40:00,160.0,133.47268699974995,True
552,MLP,2025-05-25 15:45:00,160.0,149.37137226012464,True
552,MLP,2025-05-25 15:50:00,160.0,176.47242315669283,True
552,MLP,2025-05-25 15:55:00,160.0,178.53764227761724,True
552,MLP,2025-05-25 16:00:00,160.0,186.92205475060203,True
552,MLP,2025-05-25 16:05:00,160.0,190.061275224095,True
552,MLP,2025-05-25 17:35:00,205.0,162.511627436259,False
552,MLP,2025-05-25 17:40:00,209.0,162.51659627687434,False
552,MLP,2025-05-25 17:45:00,213.0,162.3831999381914,False
552,MLP,2025-05-25 17:50:00,209.0,172.12593800648045,False
552,MLP,2025-05-25 17:55:00,206.0,169.1194445321691,False
552,MLP,2025-05-25 18:00:00,206.0,167.97890583051156,False
552,MLP,2025-05-25 18:05:00,207.0,205.4251792995865,True
552,MLP,2025-05-25 18:10:00,201.0,213.1146032535707,True
552,MLP,2025-05-25 18:15:00,192.0,217.99829198314947,True
552,MLP,2025-05-25 18:20:00,184.0,203.0423323746203,True
552,MLP,2025-05-25 18:25:00,178.0,201.0958160773981,True
552,MLP,2025-05-25 18:30:00,175.0,199.9903035919543,True
552,MLP,2025-05-25 18:35:00,171.0,202.81624549724037,True
552,MLP,2025-05-25 18:40:00,164.0,192.68802402789152,True
552,MLP,2025-05-25 18:45:00,159.0,173.63308453118924,True
552,MLP,2025-05-25 18:50:00,157.0,164.04766578269576,True
552,MLP,2025-05-25 18:55:00,155.0,159.5801599858727,True
552,MLP,2025-05-25 19:00:00,155.0,169.42792894207898,True
552,MLP,2025-05-25 19:05:00,155.0,160.98520137730137,True
552,MLP,2025-05-25 19:10:00,152.0,147.35767072247484,True
552,MLP,2025-05-25 19:15:00,145.0,144.41781829640792,True
552,MLP,2025-05-25 19:20:00,139.0,144.75295285075825,True
552,MLP,2025-05-25 19:25:00,132.0,144.9653132014557,True
552,MLP,2025-05-25 19:30:00,133.0,154.6264997185101,True
552,MLP,2025-05-25 19:35:00,135.0,156.9404302237516,True
552,MLP,2025-05-25 19:40:00,134.0,143.59729976730804,True
552,MLP,2025-05-25 19:45:00,132.0,130.8702291566425,True
552,MLP,2025-05-25 19:50:00,127.0,124.56423226042847,True
552,MLP,2025-05-25 19:55:00,121.0,115.77265949449807,True
552,MLP,2025-05-25 20:00:00,118.0,133.46474783831417,True
552,MLP,2025-05-25 20:05:00,113.0,142.26965614554024,True
552,MLP,2025-05-25 20:10:00,107.0,136.7712876541181,True
552,MLP,2025-05-25 20:15:00,104.0,128.56714831436938,True
552,MLP,2025-05-25 20:20:00,103.0,117.28428419923674,True
552,MLP,2025-05-25 20:25:00,100.0,110.75400629081071,True
552,MLP,2025-05-25 20:30:00,99.0,115.50381995173358,True
552,MLP,2025-05-25 20:35:00,97.0,104.98039512194852,True
552,MLP,2025-05-25 20:40:00,95.0,97.73590161682958,True
552,MLP,2025-05-25 20:45:00,95.0,98.92579837766965,True
552,MLP,2025-05-25 20:50:00,97.0,103.71486033563555,True
552,MLP,2025-05-25 20:55:00,102.0,98.16257313851617,True
552,MLP,2025-05-25 21:00:00,109.0,105.73125691159194,True
552,MLP,2025-05-25 21:05:00,120.0,98.93604641422846,True
552,MLP,2025-05-25 21:10:00,129.0,97.3042695308073,True
552,MLP,2025-05-25 21:15:00,138.0,101.93404466767191,True
552,MLP,2025-05-25 21:20:00,145.0,114.02303859165046,True
552,MLP,2025-05-25 21:25:00,149.0,126.48216541517763,True
552,MLP,2025-05-25 21:30:00,152.0,138.15097218245012,True
552,MLP,2025-05-25 21:35:00,155.0,157.3885691204908,True
552,MLP,2025-05-25 21:40:00,156.0,155.08269464467787,True
552,MLP,2025-05-25 21:45:00,156.0,168.07054484180168,True
552,MLP,2025-05-25 21:50:00,154.0,165.98327526431734,True
552,MLP,2025-05-25 21:55:00,147.0,158.3060077681051,True
552,MLP,2025-05-25 22:00:00,144.0,161.24967143668954,True
552,MLP,2025-05-25 22:05:00,137.0,167.46433691219178,True
552,MLP,2025-05-25 22:10:00,134.0,163.38081012493046,True
552,MLP,2025-05-25 22:15:00,126.0,159.0056439527689,True
552,MLP,2025-05-25 22:20:00,120.0,151.39528060661314,True
552,MLP,2025-05-25 22:25:00,109.0,131.71446906685196,True
552,MLP,2025-05-25 22:30:00,106.0,142.63583554925444,True
552,MLP,2025-05-25 22:35:00,111.0,118.92032894670838,True
552,MLP,2025-05-25 22:40:00,110.0,130.71200211360397,True
552,MLP,2025-05-25 22:45:00,109.0,109.34969342360874,True
552,MLP,2025-05-25 22:50:00,109.0,109.34678499595326,True
552,MLP,2025-05-25 22:55:00,108.0,93.33267029825046,True
552,MLP,2025-05-25 23:00:00,108.0,107.69781134133325,True
552,MLP,2025-05-25 23:05:00,106.0,114.72156626316863,True
552,MLP,2025-05-25 23:10:00,105.0,107.58093585854213,True
552,MLP,2025-05-25 23:15:00,103.0,108.63604838528192,True
552,MLP,2025-05-25 23:20:00,101.0,109.51012852771714,True
552,MLP,2025-05-25 23:25:00,100.0,103.9407719572232,True
552,MLP,2025-05-25 23:30:00,100.0,108.04371038958894,True
552,MLP,2025-05-25 23:35:00,101.0,98.78571763271405,True
552,MLP,2025-05-25 23:40:00,102.0,106.0857861244098,True
552,MLP,2025-05-25 23:45:00,99.0,99.91832681694055,True
552,MLP,2025-05-25 23:50:00,97.0,96.85010166131296,True
552,MLP,2025-05-25 23:55:00,98.0,97.19525402191982,True
552,MLP,2025-05-26 00:00:00,98.0,100.42519546465579,True
552,MLP,2025-05-26 00:05:00,99.0,105.50623602817771,True
552,MLP,2025-05-26 00:10:00,99.0,105.4874656242944,True
552,MLP,2025-05-26 00:15:00,98.0,96.01422624136814,True
552,MLP,2025-05-26 00:20:00,98.0,94.63470757718426,True
552,MLP,2025-05-26 00:25:00,97.0,102.5514416566319,True
552,MLP,2025-05-26 00:30:00,97.0,96.93941229582931,True
552,MLP,2025-05-26 00:35:00,98.0,103.41974860532517,True
552,MLP,2025-05-26 00:40:00,98.0,100.79286479796785,True
552,MLP,2025-05-26 00:45:00,97.0,97.32987838955093,True
552,MLP,2025-05-26 00:50:00,98.0,100.50691666262841,True
552,MLP,2025-05-26 00:55:00,100.0,95.36828484457145,True
552,MLP,2025-05-26 01:00:00,100.0,99.67623783916675,True
552,MLP,2025-05-26 01:05:00,100.0,103.92524911821107,True
552,MLP,2025-05-26 01:10:00,100.0,100.80209648267407,True
552,MLP,2025-05-26 01:15:00,101.0,96.92783751630789,True
552,MLP,2025-05-26 01:20:00,103.0,104.19976898275165,True
552,MLP,2025-05-26 01:25:00,103.0,108.00489679781856,True
552,MLP,2025-05-26 01:30:00,103.0,103.33120600636963,True
552,MLP,2025-05-26 01:35:00,103.0,103.64040053293259,True
552,MLP,2025-05-26 01:40:00,100.0,103.15098519103611,True
552,MLP,2025-05-26 01:45:00,99.0,107.18082997866054,True
552,MLP,2025-05-26 01:50:00,98.0,111.6562128841121,True
552,MLP,2025-05-26 01:55:00,96.0,106.1968111280353,True
552,MLP,2025-05-26 02:00:00,96.0,107.19601252444602,True
552,MLP,2025-05-26 02:05:00,95.0,106.59771856264501,True
552,MLP,2025-05-26 02:10:00,99.0,98.29777907608954,True
552,MLP,2025-05-26 02:15:00,101.0,100.19186776555574,True
552,MLP,2025-05-26 02:20:00,102.0,96.42878846440793,True
552,MLP,2025-05-26 02:25:00,101.0,92.37574912195058,True
552,MLP,2025-05-26 02:30:00,100.0,96.67963134674427,True
552,MLP,2025-05-26 02:35:00,100.0,91.55621169596907,True
552,MLP,2025-05-26 02:40:00,97.0,104.79165820536379,True
552,MLP,2025-05-26 02:45:00,94.0,105.18836193435106,True
552,MLP,2025-05-26 02:50:00,93.0,106.47210431289678,True
552,MLP,2025-05-26 02:55:00,92.0,101.60285504494115,True
552,MLP,2025-05-26 03:00:00,93.0,100.63523439102075,True
552,MLP,2025-05-26 03:05:00,93.0,102.89928823705768,True
552,MLP,2025-05-26 03:10:00,91.0,95.06927145454165,True
552,MLP,2025-05-26 03:15:00,89.0,92.36793076558179,True
552,MLP,2025-05-26 03:20:00,88.0,92.41837324884648,True
552,MLP,2025-05-26 03:25:00,87.0,90.38607751824554,True
552,MLP,2025-05-26 03:30:00,85.0,94.69065696121635,True
552,MLP,2025-05-26 03:35:00,84.0,90.82598902604227,True
552,MLP,2025-05-26 03:40:00,83.0,89.35616582197956,True
552,MLP,2025-05-26 03:45:00,82.0,85.15089463877797,True
552,MLP,2025-05-26 03:50:00,81.0,84.92629221588322,True
552,MLP,2025-05-26 03:55:00,81.0,82.78695458690348,True
552,MLP,2025-05-26 04:00:00,82.0,80.1614440904671,True
552,MLP,2025-05-26 04:05:00,85.0,81.50179093232506,True
552,MLP,2025-05-26 04:10:00,86.0,78.60315593780857,True
552,MLP,2025-05-26 04:15:00,86.0,78.10226987876408,True
552,MLP,2025-05-26 04:20:00,85.0,76.55242129552056,True
552,MLP,2025-05-26 04:25:00,85.0,79.42140325584431,True
552,MLP,2025-05-26 04:30:00,85.0,83.31080174738612,True
552,MLP,2025-05-26 04:35:00,84.0,90.89819291189131,True
552,MLP,2025-05-26 04:40:00,84.0,87.2854574880443,True
552,MLP,2025-05-26 04:45:00,85.0,85.5984107290505,True
552,MLP,2025-05-26 04:50:00,86.0,81.9266318007841,True
552,MLP,2025-05-26 04:55:00,86.0,85.37216599006345,True
552,MLP,2025-05-26 05:00:00,85.0,84.98545876322842,True
552,MLP,2025-05-26 05:05:00,87.0,82.69077726183414,True
552,MLP,2025-05-26 05:10:00,88.0,86.08520420483015,True
552,MLP,2025-05-26 05:15:00,89.0,88.79232363635023,True
552,MLP,2025-05-26 05:20:00,91.0,89.19904923898346,True
552,MLP,2025-05-26 05:25:00,93.0,86.0386736041504,True
552,MLP,2025-05-26 05:30:00,96.0,83.42829015193763,True
552,MLP,2025-05-26 05:35:00,99.0,95.07330407732246,True
552,MLP,2025-05-26 05:40:00,100.0,90.17901274291603,True
552,MLP,2025-05-26 05:45:00,98.0,92.79651578452807,True
552,MLP,2025-05-26 05:50:00,102.0,98.22942595198154,True
552,MLP,2025-05-26 05:55:00,101.0,100.58594827027022,True
552,MLP,2025-05-26 06:00:00,101.0,106.81078415124895,True
552,MLP,2025-05-26 06:05:00,102.0,109.76909896595919,True
552,MLP,2025-05-26 06:10:00,103.0,106.60931022639966,True
552,MLP,2025-05-26 06:15:00,103.0,101.41538556099587,True
552,MLP,2025-05-26 06:20:00,101.0,120.2372977358774,True
552,MLP,2025-05-26 06:25:00,98.0,106.44957486715884,True
552,MLP,2025-05-26 06:30:00,97.0,109.08949708746732,True
552,MLP,2025-05-26 06:35:00,97.0,109.7584768075169,True
552,MLP,2025-05-26 06:40:00,98.0,110.09482471716022,True
552,MLP,2025-05-26 06:45:00,99.0,107.6572446286549,True
552,MLP,2025-05-26 06:50:00,107.0,102.9026581932406,True
552,MLP,2025-05-26 06:55:00,112.0,96.84509234542462,True
552,MLP,2025-05-26 07:00:00,122.0,99.24500079927293,True
552,MLP,2025-05-26 07:05:00,131.0,100.9017039429677,True
552,MLP,2025-05-26 07:10:00,143.0,103.76897016912432,True
552,MLP,2025-05-26 07:15:00,157.0,118.4101399633585,True
552,MLP,2025-05-26 07:20:00,169.0,166.4350854237993,True
552,MLP,2025-05-26 07:25:00,175.0,156.604917455635,True
552,MLP,2025-05-26 07:30:00,176.0,175.31979508303073,True
552,MLP,2025-05-26 07:35:00,177.0,169.7409914061592,True
552,MLP,2025-05-26 07:40:00,177.0,186.7287714605181,True
552,MLP,2025-05-26 07:45:00,174.0,186.35781209701904,True
552,MLP,2025-05-26 07:50:00,169.0,181.91628918580216,True
552,MLP,2025-05-26 07:55:00,164.0,168.8112403442127,True
552,MLP,2025-05-26 08:00:00,161.0,161.9957282553687,True
552,MLP,2025-05-26 08:05:00,159.0,163.71916189906273,True
552,MLP,2025-05-26 08:10:00,158.0,162.5962504033091,True
552,MLP,2025-05-26 08:15:00,157.0,150.5100338622774,True
552,MLP,2025-05-26 08:20:00,156.0,146.22068751722108,True
552,MLP,2025-05-26 08:25:00,161.0,138.94062683902172,True
552,MLP,2025-05-26 08:30:00,158.0,139.05860126997658,True
552,MLP,2025-05-26 08:35:00,156.0,141.06458024715477,True
552,MLP,2025-05-26 08:40:00,162.0,143.50610878906124,True
552,MLP,2025-05-26 08:45:00,168.0,143.84750411211803,True
552,MLP,2025-05-26 08:50:00,174.0,149.59960620575077,True
552,MLP,2025-05-26 08:55:00,180.0,169.76797522571897,True
552,MLP,2025-05-26 09:00:00,181.0,154.29177947099694,True
552,MLP,2025-05-26 09:05:00,181.0,155.08994572635302,True
552,MLP,2025-05-26 09:10:00,187.0,173.25749238279406,True
552,MLP,2025-05-26 09:15:00,192.0,183.55699190248117,True
552,MLP,2025-05-26 09:20:00,196.0,193.90160898547126,True
552,MLP,2025-05-26 09:25:00,197.0,199.81202286975432,True
552,MLP,2025-05-26 09:30:00,196.0,184.48102944928632,True
552,MLP,2025-05-26 09:35:00,193.0,184.94762345950153,True
552,MLP,2025-05-26 09:40:00,192.0,201.10634664783598,True
552,MLP,2025-05-26 09:45:00,189.0,201.5327578971395,True
552,MLP,2025-05-26 09:50:00,185.0,207.03269597887612,True
552,MLP,2025-05-26 09:55:00,179.0,196.0795806604856,True
552,MLP,2025-05-26 10:00:00,173.0,184.29212210255793,True
552,MLP,2025-05-26 10:05:00,167.0,174.7531070717548,True
552,MLP,2025-05-26 10:10:00,160.0,178.84086452674254,True
552,MLP,2025-05-26 10:15:00,148.0,167.03058380794434,True
552,MLP,2025-05-26 10:20:00,141.0,163.14306621176965,True
552,MLP,2025-05-26 10:25:00,139.0,153.5067670969393,True
552,MLP,2025-05-26 10:30:00,135.0,150.402175226604,True
552,MLP,2025-05-26 10:35:00,131.0,141.78789309193903,True
552,MLP,2025-05-26 10:40:00,125.0,126.65168328177225,True
552,MLP,2025-05-26 10:45:00,121.0,109.27641381450826,True
552,MLP,2025-05-26 10:50:00,118.0,110.80763487974048,True
552,MLP,2025-05-26 10:55:00,116.0,117.96369676111574,True
552,MLP,2025-05-26 11:00:00,111.0,109.64579749613478,True
552,MLP,2025-05-26 11:05:00,106.0,111.64519636245716,True
552,MLP,2025-05-26 11:10:00,105.0,98.0939536074468,True
552,MLP,2025-05-26 11:15:00,105.0,103.32748771637115,True
552,MLP,2025-05-26 11:20:00,106.0,101.23084293880204,True
552,MLP,2025-05-26 11:25:00,104.0,105.44592711746918,True
552,MLP,2025-05-26 11:30:00,102.0,96.45976479532575,True
552,MLP,2025-05-26 11:35:00,99.0,94.02629733999453,True
552,MLP,2025-05-26 11:40:00,98.0,102.29416055355617,True
552,MLP,2025-05-26 11:45:00,97.0,104.95851516326783,True
552,MLP,2025-05-26 11:50:00,93.0,114.17320726220862,True
552,MLP,2025-05-26 11:55:00,93.0,104.59333268219987,True
552,MLP,2025-05-26 12:00:00,91.0,103.40237448306482,True
552,MLP,2025-05-26 12:05:00,91.0,97.18714108333728,True
552,MLP,2025-05-26 12:10:00,90.0,101.76996286756135,True
552,MLP,2025-05-26 12:15:00,88.0,100.11788860580194,True
552,MLP,2025-05-26 12:20:00,89.0,93.41904040570586,True
552,MLP,2025-05-26 12:25:00,82.0,102.52492679288153,True
552,MLP,2025-05-26 12:30:00,81.0,93.18611485605368,True
552,MLP,2025-05-26 12:35:00,83.0,101.24615407227074,True
552,MLP,2025-05-26 12:40:00,80.0,95.25072006548746,True
552,MLP,2025-05-26 12:45:00,74.0,93.49282821096834,True
552,MLP,2025-05-26 12:50:00,75.0,101.74122660702028,True
552,MLP,2025-05-26 12:55:00,76.0,87.81092734091756,True
552,MLP,2025-05-26 13:00:00,78.0,95.28439111601229,True
552,MLP,2025-05-26 13:05:00,80.0,100.5164839146776,True
552,MLP,2025-05-26 13:10:00,85.0,92.17132588924991,True
552,MLP,2025-05-26 13:15:00,87.0,81.863037987284,True
552,MLP,2025-05-26 13:20:00,90.0,95.42209222069084,True
552,MLP,2025-05-26 13:25:00,90.0,93.21077365099262,True
552,MLP,2025-05-26 13:30:00,90.0,97.91675595213985,True
552,MLP,2025-05-26 13:35:00,89.0,98.71865715818305,True
552,MLP,2025-05-26 13:40:00,88.0,115.30148150328324,True
552,MLP,2025-05-26 13:45:00,88.0,105.43280536093948,True
552,MLP,2025-05-26 13:50:00,84.0,110.92807827268875,True
552,MLP,2025-05-26 13:55:00,81.0,101.18374057291896,True
552,MLP,2025-05-26 14:00:00,81.0,102.08784230401919,True
552,MLP,2025-05-26 14:05:00,82.0,99.07156964188906,True
552,MLP,2025-05-26 14:10:00,84.0,99.24323131257081,True
552,MLP,2025-05-26 14:15:00,88.0,98.97515825419146,True
552,MLP,2025-05-26 14:20:00,93.0,91.58043384629366,True
552,MLP,2025-05-26 14:25:00,100.0,89.20278510780906,True
552,MLP,2025-05-26 14:30:00,105.0,93.6285419249509,True
552,MLP,2025-05-26 14:35:00,118.0,96.24742635807596,True
552,MLP,2025-05-26 14:40:00,129.0,100.62981335372834,True
552,MLP,2025-05-26 14:45:00,136.0,109.62547011979063,True
552,MLP,2025-05-26 14:50:00,141.0,117.81736716986553,True
552,MLP,2025-05-26 14:55:00,146.0,131.03437552003786,True
552,MLP,2025-05-26 15:00:00,150.0,126.65998010795897,True
552,MLP,2025-05-26 15:05:00,151.0,168.13640064493782,True
552,MLP,2025-05-26 15:10:00,147.0,167.29995854510346,True
552,MLP,2025-05-26 15:15:00,143.0,160.7578138959195,True
552,MLP,2025-05-26 15:20:00,137.0,161.5322685260355,True
552,MLP,2025-05-26 15:25:00,132.0,167.44701184511126,True
552,MLP,2025-05-26 15:30:00,127.0,170.49916728974932,True
552,MLP,2025-05-26 15:35:00,119.0,165.09863991263464,True
552,MLP,2025-05-26 15:40:00,126.0,151.92989982607264,True
552,MLP,2025-05-26 15:45:00,132.0,143.7466033870899,True
552,MLP,2025-05-26 15:50:00,130.0,132.0231387311013,True
552,MLP,2025-05-26 15:55:00,130.0,126.39972096396464,True
552,MLP,2025-05-26 16:00:00,134.0,118.61158647112873,True
552,MLP,2025-05-26 16:05:00,136.0,112.15899178426794,True
552,MLP,2025-05-26 16:10:00,137.0,138.75552324780745,True
552,MLP,2025-05-26 16:15:00,136.0,137.91658083484725,True
552,MLP,2025-05-26 16:20:00,135.0,127.04496022523668,True
552,MLP,2025-05-26 16:25:00,134.0,132.61407261586902,True
552,MLP,2025-05-26 16:30:00,131.0,145.23907569335367,True
552,MLP,2025-05-26 16:35:00,128.0,140.45249652224308,True
552,MLP,2025-05-26 16:40:00,125.0,141.2759214552289,True
552,MLP,2025-05-26 16:45:00,119.0,135.98800618184407,True
552,MLP,2025-05-26 16:50:00,115.0,138.47988106802177,True
552,MLP,2025-05-26 16:55:00,112.0,135.54245259492194,True
552,MLP,2025-05-26 17:00:00,107.0,125.22018611511425,True
552,MLP,2025-05-26 17:05:00,102.0,123.50271264666587,True
552,MLP,2025-05-26 17:10:00,100.0,124.14490602623802,True
552,MLP,2025-05-26 17:15:00,97.0,113.25988045817391,True
552,MLP,2025-05-26 17:20:00,99.0,105.37700523722182,True
552,MLP,2025-05-26 17:25:00,103.0,102.7179150375468,True
552,MLP,2025-05-26 17:30:00,101.0,99.20757794557547,True
552,MLP,2025-05-26 17:35:00,98.0,94.42231239977805,True
552,MLP,2025-05-26 17:40:00,95.0,95.80696944307384,True
552,MLP,2025-05-26 17:45:00,94.0,90.34855084021652,True
552,MLP,2025-05-26 17:50:00,96.0,107.70232441715022,True
552,MLP,2025-05-26 17:55:00,94.0,116.2260052778922,True
552,MLP,2025-05-26 18:00:00,95.0,102.94249274777111,True
552,MLP,2025-05-26 18:05:00,91.0,94.87267958117289,True
552,MLP,2025-05-26 18:10:00,90.0,91.22569445611282,True
552,MLP,2025-05-26 18:15:00,89.0,94.58961203212681,True
552,MLP,2025-05-26 18:20:00,86.0,105.85678979892768,True
552,MLP,2025-05-26 18:25:00,85.0,96.61031308343348,True
552,MLP,2025-05-26 18:30:00,88.0,103.80800012373318,True
552,MLP,2025-05-26 18:35:00,91.0,90.72082628584822,True
552,MLP,2025-05-26 18:40:00,90.0,93.3240498491019,True
552,MLP,2025-05-26 18:45:00,95.0,91.62929364456973,True
552,MLP,2025-05-26 18:50:00,99.0,88.05805601118418,True
552,MLP,2025-05-26 18:55:00,103.0,92.86704089404768,True
552,MLP,2025-05-26 19:00:00,105.0,104.8380940760351,True
552,MLP,2025-05-26 19:05:00,106.0,105.41635122517039,True
552,MLP,2025-05-26 19:10:00,107.0,97.81647970271928,True
552,MLP,2025-05-26 19:15:00,108.0,119.61892937427233,True
552,MLP,2025-05-26 19:20:00,108.0,118.25493393474122,True
552,MLP,2025-05-26 19:25:00,110.0,121.46722449366743,True
552,MLP,2025-05-26 19:30:00,115.0,115.5407471197876,True
552,MLP,2025-05-26 19:35:00,118.0,114.17487935695505,True
552,MLP,2025-05-26 19:40:00,124.0,116.54054282357222,True
552,MLP,2025-05-26 19:45:00,127.0,118.11679652910865,True
552,MLP,2025-05-26 19:50:00,133.0,115.83438146161458,True
552,MLP,2025-05-26 19:55:00,136.0,124.920684070036,True
552,MLP,2025-05-26 20:00:00,141.0,136.73709725735398,True
552,MLP,2025-05-26 20:05:00,143.0,133.8727069222756,True
552,MLP,2025-05-26 20:10:00,145.0,150.15311054136293,True
552,MLP,2025-05-26 20:15:00,144.0,143.42727281156456,True
552,MLP,2025-05-26 20:20:00,140.0,159.5779154171522,True
552,MLP,2025-05-26 20:25:00,139.0,151.30148242693787,True
552,MLP,2025-05-26 20:30:00,138.0,170.84800499906478,True
552,MLP,2025-05-26 20:35:00,137.0,160.8645717263322,True
552,MLP,2025-05-26 20:40:00,137.0,163.6502649287799,True
552,MLP,2025-05-26 20:45:00,140.0,152.5633113970772,True
552,MLP,2025-05-26 20:50:00,139.0,139.60821396955743,True
552,MLP,2025-05-26 20:55:00,140.0,143.52042891055294,True
552,MLP,2025-05-26 21:00:00,142.0,137.3761612042635,True
552,MLP,2025-05-26 21:05:00,142.0,137.01324219723602,True
552,MLP,2025-05-26 21:10:00,146.0,135.5914669497644,True
552,MLP,2025-05-26 21:15:00,149.0,147.06975874439365,True
552,MLP,2025-05-26 21:20:00,146.0,138.0428073165369,True
552,MLP,2025-05-26 21:25:00,145.0,143.10320552290761,True
552,MLP,2025-05-26 21:30:00,148.0,147.51467590740708,True
552,MLP,2025-05-26 21:35:00,152.0,142.6987618300136,True
552,MLP,2025-05-26 21:40:00,150.0,160.0298315009038,True
552,MLP,2025-05-26 21:45:00,151.0,157.53507868174657,True
552,MLP,2025-05-26 21:50:00,152.0,142.4263006348118,True
552,MLP,2025-05-26 21:55:00,154.0,147.0688654766594,True
552,MLP,2025-05-26 22:00:00,155.0,157.86630296236444,True
552,MLP,2025-05-26 22:05:00,155.0,165.2844841689432,True
552,MLP,2025-05-26 22:10:00,155.0,153.12971149515315,True
552,MLP,2025-05-26 22:15:00,155.0,158.46254040550906,True
552,MLP,2025-05-26 22:20:00,139.0,155.8376941065555,True
552,MLP,2025-05-26 22:25:00,142.0,162.41550011291812,True
552,MLP,2025-05-26 22:30:00,145.0,160.5010872728446,True
552,MLP,2025-05-26 22:35:00,147.0,157.54953307971812,True
552,MLP,2025-05-26 22:40:00,149.0,159.02942726951363,True
552,MLP,2025-05-26 22:45:00,149.0,158.4465454976671,True
552,MLP,2025-05-26 22:50:00,143.0,133.54700843203443,True
552,MLP,2025-05-26 22:55:00,141.0,146.03502947287586,True
552,MLP,2025-05-26 23:00:00,141.0,143.32997719031897,True
552,MLP,2025-05-26 23:05:00,142.0,151.9227661311482,True
552,MLP,2025-05-26 23:10:00,140.0,153.3445512887451,True
552,MLP,2025-05-26 23:15:00,135.0,146.03594037592103,True
552,MLP,2025-05-26 23:20:00,133.0,135.02488297744412,True
552,MLP,2025-05-26 23:25:00,131.0,140.4336109725341,True
552,MLP,2025-05-26 23:30:00,127.0,137.38593015894574,True
552,MLP,2025-05-26 23:35:00,124.0,143.895382630367,True
552,MLP,2025-05-26 23:40:00,122.0,137.68503398005862,True
552,MLP,2025-05-26 23:45:00,120.0,126.81127116917497,True
552,MLP,2025-05-26 23:50:00,122.0,126.24530293279857,True
552,MLP,2025-05-26 23:55:00,123.0,122.31721815783536,True
552,MLP,2025-05-27 00:00:00,123.0,114.58256867719214,True
552,MLP,2025-05-27 00:05:00,123.0,114.76014082869798,True
552,MLP,2025-05-27 00:10:00,123.0,114.63011281808505,True
552,MLP,2025-05-27 00:15:00,123.0,111.5760444029135,True
552,MLP,2025-05-27 00:20:00,121.0,122.75325245569593,True
552,MLP,2025-05-27 00:25:00,114.0,121.56182001683241,True
552,MLP,2025-05-27 00:30:00,108.0,122.90980405407316,True
552,MLP,2025-05-27 00:35:00,102.0,123.0117017909512,True
552,MLP,2025-05-27 00:40:00,102.0,121.89580786419496,True
552,MLP,2025-05-27 00:45:00,106.0,122.93888031479011,True
552,MLP,2025-05-27 00:50:00,109.0,116.64225634546389,True
552,MLP,2025-05-27 00:55:00,111.0,106.63106590543772,True
552,MLP,2025-05-27 01:00:00,112.0,99.20974094302778,True
552,MLP,2025-05-27 01:05:00,113.0,91.98087839395984,True
552,MLP,2025-05-27 01:10:00,113.0,103.75944180967927,True
552,MLP,2025-05-27 01:15:00,114.0,111.10399534266298,True
552,MLP,2025-05-27 01:20:00,113.0,113.52048431465602,True
552,MLP,2025-05-27 01:25:00,112.0,114.34395236668597,True
552,MLP,2025-05-27 01:30:00,111.0,112.80848306476273,True
552,MLP,2025-05-27 01:35:00,110.0,113.12033456637147,True
552,MLP,2025-05-27 01:40:00,108.0,110.86381094779486,True
552,MLP,2025-05-27 01:45:00,107.0,118.9464338564373,True
552,MLP,2025-05-27 01:50:00,106.0,113.20071684024958,True
552,MLP,2025-05-27 01:55:00,106.0,113.59493587159989,True
552,MLP,2025-05-27 02:00:00,105.0,110.31934392647267,True
552,MLP,2025-05-27 02:05:00,104.0,108.48545779447001,True
552,MLP,2025-05-27 02:10:00,103.0,104.69863834144455,True
552,MLP,2025-05-27 02:15:00,103.0,107.00548853817541,True
552,MLP,2025-05-27 02:20:00,102.0,104.11550664223097,True
552,MLP,2025-05-27 02:25:00,102.0,105.93154017850104,True
552,MLP,2025-05-27 02:30:00,101.0,101.70373852758365,True
552,MLP,2025-05-27 02:35:00,101.0,101.2955103789159,True
552,MLP,2025-05-27 02:40:00,100.0,100.11407574631045,True
552,MLP,2025-05-27 02:45:00,98.0,102.7527364327764,True
552,MLP,2025-05-27 02:50:00,96.0,98.78497022610948,True
552,MLP,2025-05-27 02:55:00,95.0,102.53992677417995,True
552,MLP,2025-05-27 03:00:00,94.0,98.61690287301714,True
552,MLP,2025-05-27 03:05:00,93.0,101.8333456557269,True
552,MLP,2025-05-27 03:10:00,92.0,97.4863142091804,True
552,MLP,2025-05-27 03:15:00,92.0,94.35848583731189,True
552,MLP,2025-05-27 03:20:00,91.0,92.59470694917209,True
552,MLP,2025-05-27 03:25:00,90.0,92.50131350876244,True
552,MLP,2025-05-27 03:30:00,91.0,90.37735141548549,True
552,MLP,2025-05-27 03:35:00,91.0,89.39905139902217,True
552,MLP,2025-05-27 03:40:00,90.0,88.64100878189652,True
552,MLP,2025-05-27 03:45:00,89.0,90.04776298364014,True
552,MLP,2025-05-27 03:50:00,87.0,86.6814307223267,True
552,MLP,2025-05-27 03:55:00,86.0,86.36096560916613,True
552,MLP,2025-05-27 04:00:00,86.0,91.76141333332873,True
552,MLP,2025-05-27 04:05:00,85.0,89.38553353777965,True
552,MLP,2025-05-27 04:10:00,84.0,87.88701626839557,True
552,MLP,2025-05-27 04:15:00,83.0,86.88195193179374,True
552,MLP,2025-05-27 04:20:00,81.0,82.21193212689784,True
552,MLP,2025-05-27 04:25:00,80.0,83.93694080328423,True
552,MLP,2025-05-27 04:30:00,79.0,85.40426947506178,True
552,MLP,2025-05-27 04:35:00,78.0,81.44748845948355,True
552,MLP,2025-05-27 04:40:00,76.0,81.24290022072879,True
552,MLP,2025-05-27 04:45:00,75.0,79.34240676580376,True
552,MLP,2025-05-27 04:50:00,75.0,75.66154176045625,True
552,MLP,2025-05-27 04:55:00,74.0,77.82284986394333,True
552,MLP,2025-05-27 05:00:00,73.0,75.44318685645752,True
552,MLP,2025-05-27 05:05:00,72.0,75.01634681329105,True
552,MLP,2025-05-27 05:10:00,71.0,71.89495255450905,True
552,MLP,2025-05-27 05:15:00,70.0,73.30466522615171,True
552,MLP,2025-05-27 05:20:00,69.0,74.5930764580281,True
552,MLP,2025-05-27 05:25:00,67.0,71.53975488091908,True
552,MLP,2025-05-27 05:30:00,66.0,71.19108313105107,True
552,MLP,2025-05-27 05:35:00,65.0,70.22035553044626,True
552,MLP,2025-05-27 05:40:00,64.0,69.4612216936725,True
552,MLP,2025-05-27 05:45:00,62.0,68.66717151929498,True
552,MLP,2025-05-27 05:50:00,62.0,68.50332065847726,True
552,MLP,2025-05-27 05:55:00,62.0,67.41709582418203,True
552,MLP,2025-05-27 06:00:00,62.0,68.94375341016065,True
552,MLP,2025-05-27 06:05:00,63.0,67.48833310421129,True
552,MLP,2025-05-27 06:10:00,63.0,67.59203772821148,True
552,MLP,2025-05-27 06:15:00,64.0,65.58724261816005,True
552,MLP,2025-05-27 06:20:00,66.0,71.37235527627078,True
552,MLP,2025-05-27 06:25:00,67.0,69.09213796075943,True
552,MLP,2025-05-27 06:30:00,70.0,69.72727548900207,True
552,MLP,2025-05-27 06:35:00,73.0,73.97569527879892,True
552,MLP,2025-05-27 06:40:00,76.0,71.8591543415462,True
552,MLP,2025-05-27 06:45:00,79.0,75.3625346115191,True
552,MLP,2025-05-27 06:50:00,81.0,78.45481681338501,True
552,MLP,2025-05-27 06:55:00,84.0,77.0649208722912,True
552,MLP,2025-05-27 07:00:00,85.0,88.07251540264903,True
552,MLP,2025-05-27 07:05:00,87.0,88.7881623681131,True
552,MLP,2025-05-27 07:10:00,88.0,92.9700012193934,True
552,MLP,2025-05-27 07:15:00,90.0,95.71305185990968,True
552,MLP,2025-05-27 07:20:00,93.0,95.52213123381318,True
552,MLP,2025-05-27 07:25:00,99.0,103.230221406987,True
552,MLP,2025-05-27 07:30:00,107.0,97.19508257931322,True
552,MLP,2025-05-27 07:35:00,110.0,104.61339599782204,True
552,MLP,2025-05-27 07:40:00,116.0,100.90718727083424,True
552,MLP,2025-05-27 07:45:00,122.0,107.68881061742684,True
552,MLP,2025-05-27 07:50:00,129.0,112.88071566354714,True
552,MLP,2025-05-27 07:55:00,134.0,130.54273540648853,True
552,MLP,2025-05-27 08:00:00,142.0,145.1678531167431,True
552,MLP,2025-05-27 08:05:00,146.0,134.540813646884,True
552,MLP,2025-05-27 08:10:00,146.0,151.83364890516333,True
552,MLP,2025-05-27 08:15:00,149.0,153.41305214066736,True
552,MLP,2025-05-27 08:20:00,156.0,164.41927672121784,True
552,MLP,2025-05-27 08:25:00,159.0,161.62195730217124,True
552,MLP,2025-05-27 08:30:00,159.0,178.89206623609758,True
552,MLP,2025-05-27 08:35:00,163.0,165.92068638332785,True
552,MLP,2025-05-27 08:40:00,164.0,156.7333915362928,True
552,MLP,2025-05-27 08:45:00,164.0,165.72396061636886,True
552,MLP,2025-05-27 08:50:00,164.0,177.90877325398213,True
552,MLP,2025-05-27 08:55:00,164.0,173.5295917302935,True
552,MLP,2025-05-27 09:00:00,168.0,166.46561517071393,True
552,MLP,2025-05-27 09:05:00,174.0,179.5348159943169,True
552,MLP,2025-05-27 09:10:00,180.0,167.49563741491465,True
552,MLP,2025-05-27 09:15:00,191.0,186.1944150733217,True
552,MLP,2025-05-27 09:20:00,203.0,192.9961889115017,True
552,MLP,2025-05-27 09:25:00,214.0,187.32614904423878,True
552,MLP,2025-05-27 09:30:00,222.0,193.93011070231861,True
552,MLP,2025-05-27 09:35:00,226.0,204.41599280264356,True
552,MLP,2025-05-27 09:40:00,229.0,205.76287226169876,True
552,MLP,2025-05-27 09:45:00,233.0,229.92967888299466,True
552,MLP,2025-05-27 09:50:00,235.0,236.17576340680813,True
552,MLP,2025-05-27 09:55:00,237.0,245.1865735513878,True
552,MLP,2025-05-27 10:00:00,238.0,239.13021487744297,True
552,MLP,2025-05-27 10:05:00,240.0,228.88736618099693,True
552,MLP,2025-05-27 10:10:00,240.0,230.32487764712266,True
552,MLP,2025-05-27 10:15:00,240.0,241.54644994561784,True
552,MLP,2025-05-27 10:20:00,240.0,236.92526732136412,True
552,MLP,2025-05-27 10:25:00,240.0,241.50339065874348,True
552,MLP,2025-05-27 10:30:00,240.0,237.86128651486553,True
552,MLP,2025-05-27 10:35:00,240.0,243.9424905067748,True
552,MLP,2025-05-27 11:45:00,239.0,165.2928537248326,False
552,MLP,2025-05-27 11:50:00,236.0,163.68765880675315,False
552,MLP,2025-05-27 11:55:00,235.0,168.0548032605585,False
552,MLP,2025-05-27 12:00:00,238.0,164.58846195123874,False
552,MLP,2025-05-27 12:05:00,239.0,161.71866913612786,False
552,MLP,2025-05-27 12:10:00,236.0,160.13212613657552,False
552,MLP,2025-05-27 12:15:00,232.0,227.35573177128026,True
552,MLP,2025-05-27 12:20:00,227.0,217.5317214247644,True
552,MLP,2025-05-27 12:25:00,219.0,215.73108931184953,True
552,MLP,2025-05-27 12:30:00,214.0,230.8434487264833,True
552,MLP,2025-05-27 12:35:00,206.0,231.26988967592405,True
552,MLP,2025-05-27 12:40:00,195.0,220.4475463456008,True
552,MLP,2025-05-27 12:45:00,184.0,210.68611192402437,True
552,MLP,2025-05-27 12:50:00,172.0,204.16801109975694,True
552,MLP,2025-05-27 12:55:00,164.0,192.9083344945039,True
552,MLP,2025-05-27 13:00:00,158.0,196.66928734931452,True
552,MLP,2025-05-27 13:05:00,155.0,174.66262510955252,True
552,MLP,2025-05-27 13:10:00,149.0,159.1195831717821,True
552,MLP,2025-05-27 13:15:00,145.0,149.41581622085565,True
552,MLP,2025-05-27 13:20:00,143.0,137.07557780360676,True
552,MLP,2025-05-27 13:25:00,142.0,141.69624099268253,True
552,MLP,2025-05-27 13:30:00,141.0,138.02604859477538,True
552,MLP,2025-05-27 13:35:00,140.0,147.2048939676681,True
552,MLP,2025-05-27 13:40:00,137.0,128.8294838177797,True
552,MLP,2025-05-27 13:45:00,131.0,131.94696368588717,True
552,MLP,2025-05-27 13:50:00,134.0,130.27876544423364,True
552,MLP,2025-05-27 13:55:00,136.0,132.75377910224512,True
552,MLP,2025-05-27 14:00:00,137.0,133.41435289514493,True
552,MLP,2025-05-27 14:05:00,134.0,134.6072530957194,True
552,MLP,2025-05-27 14:10:00,135.0,129.12720076118686,True
552,MLP,2025-05-27 14:15:00,129.0,121.98649864608562,True
552,MLP,2025-05-27 14:20:00,129.0,141.42464953598886,True
552,MLP,2025-05-27 14:25:00,133.0,136.32114453320276,True
552,MLP,2025-05-27 14:30:00,136.0,140.63000526691616,True
552,MLP,2025-05-27 14:35:00,137.0,129.1853220284172,True
552,MLP,2025-05-27 14:40:00,136.0,139.4904713068149,True
552,MLP,2025-05-27 14:45:00,135.0,126.49784105102003,True
552,MLP,2025-05-27 14:50:00,134.0,132.97097001054806,True
552,MLP,2025-05-27 14:55:00,135.0,142.70693318627997,True
552,MLP,2025-05-27 15:00:00,137.0,146.32940411722768,True
552,MLP,2025-05-27 15:05:00,140.0,140.77260882465407,True
552,MLP,2025-05-27 15:10:00,143.0,131.17856906303015,True
552,MLP,2025-05-27 15:15:00,152.0,132.6897257944084,True
552,MLP,2025-05-27 15:20:00,158.0,131.3518467297385,True
552,MLP,2025-05-27 15:25:00,166.0,137.12324282431663,True
552,MLP,2025-05-27 15:30:00,173.0,144.629183603039,True
552,MLP,2025-05-27 15:35:00,176.0,150.11537452768275,True
552,MLP,2025-05-27 15:40:00,175.0,152.06672707399008,True
552,MLP,2025-05-27 15:45:00,175.0,176.06291062534672,True
552,MLP,2025-05-27 15:50:00,174.0,175.84059181073212,True
552,MLP,2025-05-27 15:55:00,164.0,196.4736919635009,True
552,MLP,2025-05-27 16:00:00,161.0,200.8397661462185,True
552,MLP,2025-05-27 16:05:00,166.0,191.53884701398755,True
552,MLP,2025-05-27 16:10:00,161.0,180.11172585056502,True
552,MLP,2025-05-27 16:15:00,156.0,184.15226971168278,True
552,MLP,2025-05-27 16:20:00,156.0,178.7381184038273,True
552,MLP,2025-05-27 16:25:00,159.0,165.85530901607135,True
552,MLP,2025-05-27 16:30:00,160.0,162.5979710461996,True
552,MLP,2025-05-27 16:35:00,159.0,172.48278943954105,True
552,MLP,2025-05-27 16:40:00,153.0,160.49613330615034,True
552,MLP,2025-05-27 16:45:00,148.0,149.7160497347948,True
552,MLP,2025-05-27 16:50:00,146.0,154.88616918298948,True
552,MLP,2025-05-27 16:55:00,138.0,164.51228544945968,True
552,MLP,2025-05-27 17:00:00,136.0,159.5536620377105,True
552,MLP,2025-05-27 17:05:00,138.0,156.89570394699246,True
552,MLP,2025-05-27 17:10:00,137.0,145.8054758573548,True
552,MLP,2025-05-27 17:15:00,135.0,142.43024218707558,True
552,MLP,2025-05-27 17:20:00,135.0,137.79741517297532,True
552,MLP,2025-05-27 17:25:00,132.0,124.52844751425206,True
552,MLP,2025-05-27 17:30:00,127.0,131.09990302807336,True
552,MLP,2025-05-27 17:35:00,122.0,140.12721290402135,True
552,MLP,2025-05-27 17:40:00,131.0,131.89118967671487,True
552,MLP,2025-05-27 17:45:00,144.0,128.02188706355906,True
552,MLP,2025-05-27 17:50:00,150.0,134.4768862286705,True
552,MLP,2025-05-27 17:55:00,143.0,126.48136974689474,True
552,MLP,2025-05-27 18:00:00,141.0,120.19765843179015,True
552,MLP,2025-05-27 18:05:00,148.0,113.32416005631023,True
552,MLP,2025-05-27 18:10:00,150.0,142.09853139115882,True
552,MLP,2025-05-27 18:15:00,147.0,167.94664077095308,True
552,MLP,2025-05-27 18:20:00,146.0,162.62563676624075,True
552,MLP,2025-05-27 18:25:00,147.0,136.41013372224626,True
552,MLP,2025-05-27 18:30:00,145.0,138.66652438729125,True
552,MLP,2025-05-27 18:35:00,142.0,165.2966460011345,True
552,MLP,2025-05-27 18:40:00,139.0,158.14590379776644,True
552,MLP,2025-05-27 18:45:00,136.0,153.13436327893652,True
552,MLP,2025-05-27 18:50:00,131.0,153.11027810030055,True
552,MLP,2025-05-27 18:55:00,127.0,155.24166920475372,True
552,MLP,2025-05-27 19:00:00,125.0,145.6871516917882,True
552,MLP,2025-05-27 19:05:00,124.0,139.3429601483748,True
552,MLP,2025-05-27 19:10:00,122.0,139.2012820850149,True
552,MLP,2025-05-27 19:15:00,127.0,136.1285483025341,True
552,MLP,2025-05-27 19:20:00,134.0,125.26250851798441,True
552,MLP,2025-05-27 19:25:00,138.0,117.99056778388018,True
552,MLP,2025-05-27 19:30:00,140.0,122.90240849784537,True
552,MLP,2025-05-27 19:35:00,142.0,127.41909980224332,True
552,MLP,2025-05-27 19:40:00,147.0,122.71698381100768,True
552,MLP,2025-05-27 19:45:00,150.0,141.4520926272728,True
552,MLP,2025-05-27 19:50:00,151.0,155.10720716104743,True
552,MLP,2025-05-27 19:55:00,152.0,149.6633758991965,True
552,MLP,2025-05-27 20:00:00,152.0,147.94360772419466,True
552,MLP,2025-05-27 20:05:00,154.0,149.19394896943547,True
552,MLP,2025-05-27 20:10:00,163.0,165.79416273890695,True
552,MLP,2025-05-27 20:15:00,173.0,162.05249444428043,True
552,MLP,2025-05-27 20:20:00,181.0,159.395922332615,True
552,MLP,2025-05-27 20:25:00,181.0,160.60243684834845,True
552,MLP,2025-05-27 20:30:00,185.0,156.3028216112159,True
552,MLP,2025-05-27 20:35:00,196.0,170.03446000405643,True
552,MLP,2025-05-27 20:40:00,207.0,179.99767673518946,True
552,MLP,2025-05-27 20:45:00,217.0,197.55756426580052,True
552,MLP,2025-05-27 20:50:00,225.0,206.81813619368444,True
552,MLP,2025-05-27 20:55:00,231.0,193.76260718358395,True
552,MLP,2025-05-27 21:00:00,233.0,211.71713796015365,True
552,MLP,2025-05-27 21:05:00,228.0,213.91739747305525,True
552,MLP,2025-05-27 21:10:00,218.0,219.79983879576562,True
552,MLP,2025-05-27 21:15:00,207.0,228.06861756881605,True
552,MLP,2025-05-27 21:20:00,195.0,229.4021221169106,True
552,MLP,2025-05-27 21:25:00,183.0,229.8404171536501,True
552,MLP,2025-05-27 21:30:00,173.0,222.68975719744668,True
552,MLP,2025-05-27 21:35:00,164.0,192.50606278525962,True
552,MLP,2025-05-27 21:40:00,158.0,174.0712705868406,True
552,MLP,2025-05-27 21:45:00,152.0,158.38480239026575,True
552,MLP,2025-05-27 21:50:00,146.0,154.7025403500321,True
552,MLP,2025-05-27 21:55:00,131.0,153.3599485870974,True
552,MLP,2025-05-27 22:00:00,120.0,141.8365738006943,True
552,MLP,2025-05-27 22:05:00,117.0,127.61220391595381,True
552,MLP,2025-05-27 22:10:00,117.0,127.05328359491538,True
552,MLP,2025-05-27 22:15:00,113.0,111.28996559635827,True
552,MLP,2025-05-27 22:20:00,110.0,106.27503037295902,True
552,MLP,2025-05-27 22:25:00,108.0,88.9252289116336,True
552,MLP,2025-05-27 22:30:00,105.0,88.41248445420031,True
552,MLP,2025-05-27 22:35:00,104.0,102.59046531211924,True
552,MLP,2025-05-27 22:40:00,101.0,107.5395609956971,True
552,MLP,2025-05-27 22:45:00,99.0,105.29568913277902,True
552,MLP,2025-05-27 22:50:00,97.0,109.73951439660026,True
552,MLP,2025-05-27 22:55:00,95.0,103.41904366229532,True
552,MLP,2025-05-27 23:00:00,98.0,93.27990522041438,True
552,MLP,2025-05-27 23:05:00,93.0,101.2870584107906,True
552,MLP,2025-05-27 23:10:00,90.0,94.04010496699834,True
552,MLP,2025-05-27 23:15:00,93.0,101.28652852555814,True
552,MLP,2025-05-27 23:20:00,93.0,98.42562543226163,True
552,MLP,2025-05-27 23:25:00,94.0,91.85438686614111,True
552,MLP,2025-05-27 23:30:00,96.0,105.38120477654772,True
552,MLP,2025-05-27 23:35:00,97.0,89.9307124304618,True
552,MLP,2025-05-27 23:40:00,97.0,88.41323052173774,True
552,MLP,2025-05-27 23:45:00,96.0,101.70301141549577,True
552,MLP,2025-05-27 23:50:00,95.0,94.03982799713272,True
552,MLP,2025-05-27 23:55:00,94.0,98.83108106898442,True
552,MLP,2025-05-28 00:00:00,92.0,103.67423260377204,True
552,MLP,2025-05-28 00:05:00,90.0,101.36239017179713,True
552,MLP,2025-05-28 00:10:00,89.0,98.02974643720789,True
552,MLP,2025-05-28 00:15:00,89.0,94.21331651898556,True
552,MLP,2025-05-28 00:20:00,88.0,94.53758578644884,True
552,MLP,2025-05-28 00:25:00,88.0,94.80983674262512,True
552,MLP,2025-05-28 00:30:00,87.0,89.51293893798984,True
552,MLP,2025-05-28 00:35:00,86.0,86.12062392053072,True
552,MLP,2025-05-28 00:40:00,85.0,89.56072796281842,True
552,MLP,2025-05-28 00:45:00,84.0,92.72407424440537,True
552,MLP,2025-05-28 00:50:00,83.0,87.5815747957925,True
552,MLP,2025-05-28 00:55:00,82.0,91.08776475995704,True
552,MLP,2025-05-28 01:00:00,82.0,86.419429155946,True
552,MLP,2025-05-28 01:05:00,81.0,85.29060990662089,True
552,MLP,2025-05-28 01:10:00,81.0,83.73306392582737,True
552,MLP,2025-05-28 01:15:00,79.0,82.78696679383211,True
552,MLP,2025-05-28 01:20:00,77.0,81.66896070794964,True
552,MLP,2025-05-28 01:25:00,74.0,80.96000912761414,True
552,MLP,2025-05-28 01:30:00,73.0,84.45481991778277,True
552,MLP,2025-05-28 01:35:00,72.0,79.83354153222419,True
552,MLP,2025-05-28 01:40:00,72.0,84.47015481910935,True
552,MLP,2025-05-28 01:45:00,73.0,77.69445739124329,True
552,MLP,2025-05-28 01:50:00,73.0,76.04977591598461,True
552,MLP,2025-05-28 01:55:00,72.0,70.04678713539545,True
552,MLP,2025-05-28 02:00:00,71.0,74.60427830168425,True
552,MLP,2025-05-28 02:05:00,71.0,70.18037545265324,True
552,MLP,2025-05-28 02:10:00,71.0,74.34488862727338,True
552,MLP,2025-05-28 02:15:00,71.0,78.26879622957372,True
552,MLP,2025-05-28 02:20:00,72.0,76.44424488391695,True
552,MLP,2025-05-28 02:25:00,73.0,74.11040862506962,True
552,MLP,2025-05-28 02:30:00,74.0,73.08135768288967,True
552,MLP,2025-05-28 02:35:00,73.0,74.98606620055114,True
552,MLP,2025-05-28 02:40:00,73.0,73.47625974100936,True
552,MLP,2025-05-28 02:45:00,73.0,74.10436005523859,True
552,MLP,2025-05-28 02:50:00,74.0,78.63040796458785,True
552,MLP,2025-05-28 02:55:00,74.0,78.79281297070617,True
552,MLP,2025-05-28 03:00:00,75.0,79.7870788401576,True
552,MLP,2025-05-28 03:05:00,75.0,75.60730816615147,True
552,MLP,2025-05-28 03:10:00,74.0,77.70542183371738,True
552,MLP,2025-05-28 03:15:00,75.0,76.53350702685599,True
552,MLP,2025-05-28 03:20:00,76.0,80.73614959518903,True
552,MLP,2025-05-28 03:25:00,78.0,76.25162506530663,True
552,MLP,2025-05-28 03:30:00,83.0,80.91272293100702,True
552,MLP,2025-05-28 03:35:00,93.0,77.01184736006614,True
552,MLP,2025-05-28 03:40:00,104.0,74.82754785097615,True
552,MLP,2025-05-28 03:45:00,114.0,81.6564129341608,True
552,MLP,2025-05-28 03:50:00,125.0,80.50560736148176,True
552,MLP,2025-05-28 03:55:00,133.0,86.25167485202495,True
552,MLP,2025-05-28 04:00:00,139.0,97.5433069142638,True
552,MLP,2025-05-28 04:05:00,145.0,116.55462610593685,True
552,MLP,2025-05-28 04:10:00,151.0,134.34429554070732,True
552,MLP,2025-05-28 04:15:00,159.0,146.8080441797532,True
552,MLP,2025-05-28 04:20:00,165.0,166.43525686809946,True
552,MLP,2025-05-28 04:25:00,170.0,163.957420826381,True
552,MLP,2025-05-28 04:30:00,174.0,163.9872611632227,True
552,MLP,2025-05-28 04:35:00,177.0,169.34921507325532,True
552,MLP,2025-05-28 04:40:00,180.0,172.4229433452474,True
552,MLP,2025-05-28 04:45:00,181.0,187.46585765740355,True
552,MLP,2025-05-28 04:50:00,178.0,185.82706822160694,True
552,MLP,2025-05-28 04:55:00,176.0,185.68325946606424,True
552,MLP,2025-05-28 05:00:00,174.0,190.08720804360175,True
552,MLP,2025-05-28 05:05:00,171.0,189.1697971477434,True
552,MLP,2025-05-28 05:10:00,169.0,190.95728966515017,True
552,MLP,2025-05-28 05:15:00,167.0,182.68687227366584,True
552,MLP,2025-05-28 05:20:00,164.0,166.94728467201097,True
552,MLP,2025-05-28 05:25:00,162.0,165.12995232470638,True
552,MLP,2025-05-28 05:30:00,160.0,161.8626752048063,True
552,MLP,2025-05-28 05:35:00,158.0,155.98106091131265,True
552,MLP,2025-05-28 05:40:00,157.0,156.7798655132217,True
552,MLP,2025-05-28 05:45:00,156.0,154.9802914659377,True
552,MLP,2025-05-28 05:50:00,155.0,147.7945127473882,True
552,MLP,2025-05-28 05:55:00,153.0,151.17189555674565,True
552,MLP,2025-05-28 06:00:00,151.0,149.32250512544516,True
552,MLP,2025-05-28 06:05:00,149.0,149.05746036086708,True
552,MLP,2025-05-28 06:10:00,147.0,152.33804935257615,True
552,MLP,2025-05-28 06:15:00,146.0,151.22763760794265,True
552,MLP,2025-05-28 06:20:00,144.0,151.2224926368868,True
552,MLP,2025-05-28 06:25:00,142.0,147.47112222232008,True
552,MLP,2025-05-28 06:30:00,140.0,146.05874475476884,True
552,MLP,2025-05-28 06:35:00,138.0,143.82575935173912,True
552,MLP,2025-05-28 06:40:00,136.0,142.02763203106718,True
552,MLP,2025-05-28 06:45:00,140.0,143.4163366347543,True
552,MLP,2025-05-28 06:50:00,145.0,139.9402391720012,True
552,MLP,2025-05-28 06:55:00,145.0,138.26119576956705,True
552,MLP,2025-05-28 07:00:00,146.0,135.7149644078828,True
552,MLP,2025-05-28 07:05:00,146.0,133.34724750308195,True
552,MLP,2025-05-28 07:10:00,146.0,131.52414725437228,True
552,MLP,2025-05-28 07:15:00,147.0,148.03632973108108,True
552,MLP,2025-05-28 07:20:00,146.0,157.45041277044837,True
552,MLP,2025-05-28 07:25:00,147.0,149.78066296846544,True
552,MLP,2025-05-28 07:30:00,146.0,152.59140440938498,True
552,MLP,2025-05-28 07:35:00,140.0,146.82295776617494,True
552,MLP,2025-05-28 07:40:00,135.0,148.45777846514727,True
552,MLP,2025-05-28 07:45:00,134.0,153.8716887674109,True
552,MLP,2025-05-28 07:50:00,133.0,148.80918160504,True
552,MLP,2025-05-28 07:55:00,128.0,156.54111575283213,True
552,MLP,2025-05-28 08:00:00,127.0,148.69090222910165,True
552,MLP,2025-05-28 08:05:00,129.0,141.05119093311487,True
552,MLP,2025-05-28 08:10:00,130.0,129.75327679123623,True
552,MLP,2025-05-28 08:15:00,127.0,133.06769518488147,True
552,MLP,2025-05-28 08:20:00,126.0,134.0360456887739,True
552,MLP,2025-05-28 08:25:00,132.0,124.2830070541012,True
552,MLP,2025-05-28 08:30:00,136.0,128.34746170006113,True
552,MLP,2025-05-28 08:35:00,146.0,136.15091792989597,True
552,MLP,2025-05-28 08:40:00,148.0,136.22837233687173,True
552,MLP,2025-05-28 08:45:00,142.0,154.43485906535437,True
552,MLP,2025-05-28 08:50:00,147.0,164.31606623715948,True
552,MLP,2025-05-28 08:55:00,162.0,177.79029714095145,True
552,MLP,2025-05-28 09:00:00,175.0,167.57489373873085,True
552,MLP,2025-05-28 09:05:00,183.0,186.7449645065184,True
552,MLP,2025-05-28 09:10:00,178.0,163.14555008687333,True
552,MLP,2025-05-28 09:15:00,178.0,149.6318984129676,True
552,MLP,2025-05-28 09:20:00,174.0,172.7950283333301,True
552,MLP,2025-05-28 09:25:00,169.0,187.32909944874922,True
552,MLP,2025-05-28 09:30:00,164.0,201.3071114537414,True
552,MLP,2025-05-28 09:35:00,158.0,195.65668578225325,True
552,MLP,2025-05-28 09:40:00,150.0,171.65429848215933,True
552,MLP,2025-05-28 09:45:00,144.0,175.03267177535557,True
552,MLP,2025-05-28 09:50:00,138.0,151.0537686380394,True
552,MLP,2025-05-28 09:55:00,129.0,146.21694521155942,True
552,MLP,2025-05-28 10:00:00,124.0,137.343233267382,True
552,MLP,2025-05-28 10:05:00,117.0,128.59833095965166,True
552,MLP,2025-05-28 10:10:00,113.0,124.44637412958814,True
552,MLP,2025-05-28 10:15:00,111.0,121.83859967395327,True
552,MLP,2025-05-28 10:20:00,108.0,112.65193001391486,True
552,MLP,2025-05-28 10:25:00,104.0,102.9651910497111,True
552,MLP,2025-05-28 10:30:00,102.0,108.59682442616158,True
552,MLP,2025-05-28 10:35:00,101.0,92.30489556815886,True
552,MLP,2025-05-28 10:40:00,100.0,103.21540650151906,True
552,MLP,2025-05-28 10:45:00,100.0,103.48180049932478,True
552,MLP,2025-05-28 10:50:00,100.0,97.13575144250953,True
552,MLP,2025-05-28 10:55:00,102.0,92.69800339404209,True
552,MLP,2025-05-28 11:00:00,103.0,98.4868605704021,True
552,MLP,2025-05-28 11:05:00,104.0,99.74727167551353,True
552,MLP,2025-05-28 11:10:00,106.0,98.97598313960722,True
552,MLP,2025-05-28 11:15:00,107.0,104.43431311381804,True
552,MLP,2025-05-28 11:20:00,107.0,102.01445721910468,True
552,MLP,2025-05-28 11:25:00,105.0,113.470195100817,True
552,MLP,2025-05-28 11:30:00,104.0,109.12085120936722,True
552,MLP,2025-05-28 11:35:00,100.0,111.06166418286628,True
552,MLP,2025-05-28 11:40:00,99.0,116.41412734614809,True
552,MLP,2025-05-28 11:45:00,98.0,114.22857910905326,True
552,MLP,2025-05-28 11:50:00,94.0,111.97535354078764,True
552,MLP,2025-05-28 11:55:00,88.0,105.63507901675047,True
552,MLP,2025-05-28 12:00:00,85.0,108.42441072130563,True
552,MLP,2025-05-28 12:05:00,83.0,99.5431095121279,True
552,MLP,2025-05-28 12:10:00,83.0,104.98022341877076,True
552,MLP,2025-05-28 12:15:00,86.0,100.81979461244386,True
552,MLP,2025-05-28 12:20:00,87.0,93.30873446763064,True
552,MLP,2025-05-28 12:25:00,92.0,84.58389201228823,True
552,MLP,2025-05-28 12:30:00,99.0,88.22737643121067,True
552,MLP,2025-05-28 12:35:00,101.0,89.33244541087527,True
552,MLP,2025-05-28 12:40:00,104.0,97.7859073084433,True
552,MLP,2025-05-28 12:45:00,108.0,106.30629432115342,True
552,MLP,2025-05-28 12:50:00,113.0,98.95363248341059,True
552,MLP,2025-05-28 12:55:00,119.0,130.04607750808756,True
552,MLP,2025-05-28 13:00:00,124.0,134.9738829405588,True
552,MLP,2025-05-28 13:05:00,126.0,124.6579944441201,True
552,MLP,2025-05-28 13:10:00,129.0,125.97544161619588,True
552,MLP,2025-05-28 13:15:00,134.0,130.74302128794497,True
552,MLP,2025-05-28 13:20:00,132.0,138.48664337461014,True
552,MLP,2025-05-28 13:25:00,127.0,142.81604332435768,True
552,MLP,2025-05-28 13:30:00,123.0,142.51665082851244,True
552,MLP,2025-05-28 13:35:00,120.0,130.7705095523375,True
552,MLP,2025-05-28 13:40:00,116.0,137.87163833790558,True
552,MLP,2025-05-28 13:45:00,112.0,148.44987368450433,True
552,MLP,2025-05-28 13:50:00,109.0,128.1352932677535,True
552,MLP,2025-05-28 13:55:00,105.0,120.34382815131703,True
552,MLP,2025-05-28 14:00:00,100.0,117.82672940628305,True
552,MLP,2025-05-28 14:05:00,93.0,114.1074295300673,True
552,MLP,2025-05-28 14:10:00,90.0,105.78947690610649,True
552,MLP,2025-05-28 14:15:00,91.0,104.09024167543787,True
552,MLP,2025-05-28 14:20:00,89.0,104.48577822188258,True
552,MLP,2025-05-28 14:25:00,87.0,98.18372313839478,True
552,MLP,2025-05-28 14:30:00,87.0,92.87179220434392,True
552,MLP,2025-05-28 14:35:00,87.0,85.23035129230036,True
552,MLP,2025-05-28 14:40:00,87.0,94.25314875328216,True
552,MLP,2025-05-28 14:45:00,81.0,104.04287539782487,True
552,MLP,2025-05-28 14:50:00,80.0,93.45982038019957,True
552,MLP,2025-05-28 14:55:00,80.0,92.5805814674537,True
552,MLP,2025-05-28 15:00:00,79.0,94.42368141371784,True
552,MLP,2025-05-28 15:05:00,78.0,93.58320544628725,True
552,MLP,2025-05-28 15:10:00,76.0,93.6958851025278,True
552,MLP,2025-05-28 15:15:00,74.0,84.16479662413693,True
552,MLP,2025-05-28 15:20:00,73.0,90.63470303283273,True
552,MLP,2025-05-28 15:25:00,70.0,87.37308525809397,True
552,MLP,2025-05-28 15:30:00,65.0,85.26539051222132,True
552,MLP,2025-05-28 15:35:00,62.0,83.094586656368,True
552,MLP,2025-05-28 15:40:00,60.0,79.95972628361648,True
552,MLP,2025-05-28 15:45:00,58.0,78.39834443949997,True
552,MLP,2025-05-28 15:50:00,56.0,80.14568040556162,True
552,MLP,2025-05-28 15:55:00,54.0,75.4028850497685,True
552,MLP,2025-05-28 16:00:00,52.0,72.82810898036252,True
552,MLP,2025-05-28 16:05:00,49.0,71.97016267684484,True
552,MLP,2025-05-28 16:10:00,48.0,68.07651275141679,True
552,MLP,2025-05-28 16:15:00,47.0,67.43802865390434,True
552,MLP,2025-05-28 16:20:00,48.0,69.34116144098837,True
552,MLP,2025-05-28 16:25:00,48.0,67.13443720775598,True
552,MLP,2025-05-28 16:30:00,53.0,65.38630453856707,True
552,MLP,2025-05-28 16:35:00,58.0,62.99052753964037,True
552,MLP,2025-05-28 16:40:00,67.0,65.45440864271742,True
552,MLP,2025-05-28 16:45:00,74.0,65.38708605135533,True
552,MLP,2025-05-28 16:50:00,86.0,71.28731309718901,True
552,MLP,2025-05-28 16:55:00,99.0,67.61559253011302,True
552,MLP,2025-05-28 17:00:00,109.0,88.45407653328724,True
552,MLP,2025-05-28 17:05:00,115.0,90.13765004467848,True
552,MLP,2025-05-28 17:10:00,119.0,115.1474624068087,True
552,MLP,2025-05-28 17:15:00,120.0,108.62867043958599,True
552,MLP,2025-05-28 17:20:00,117.0,141.49780542658272,True
552,MLP,2025-05-28 17:25:00,115.0,152.30745352183249,True
552,MLP,2025-05-28 17:30:00,113.0,149.8636398365192,True
552,MLP,2025-05-28 17:35:00,113.0,143.459686330405,True
552,MLP,2025-05-28 17:40:00,114.0,142.03454762970813,True
552,MLP,2025-05-28 17:45:00,114.0,131.55147840703825,True
552,MLP,2025-05-28 17:50:00,114.0,120.4330154133596,True
552,MLP,2025-05-28 17:55:00,114.0,121.36480534993505,True
552,MLP,2025-05-28 18:00:00,113.0,116.50617208349733,True
552,MLP,2025-05-28 18:05:00,112.0,121.66445989286333,True
552,MLP,2025-05-28 18:10:00,113.0,124.6534609774867,True
552,MLP,2025-05-28 18:15:00,114.0,123.35312163330389,True
552,MLP,2025-05-28 18:20:00,116.0,124.26084873383459,True
552,MLP,2025-05-28 18:25:00,141.0,123.6925233525455,True
552,MLP,2025-05-28 18:30:00,140.0,118.18222478363205,True
552,MLP,2025-05-28 18:35:00,138.0,115.95793718155302,True
552,MLP,2025-05-28 18:40:00,137.0,128.8497892563362,True
552,MLP,2025-05-28 18:45:00,139.0,125.65267332845661,True
552,MLP,2025-05-28 18:50:00,144.0,130.18949204728085,True
552,MLP,2025-05-28 18:55:00,139.0,160.257090435728,True
552,MLP,2025-05-28 19:00:00,136.0,151.8391078691436,True
552,MLP,2025-05-28 19:05:00,137.0,137.48809096714155,True
552,MLP,2025-05-28 19:10:00,135.0,136.12517930208094,True
552,MLP,2025-05-28 19:15:00,137.0,141.00512230129374,True
552,MLP,2025-05-28 19:20:00,134.0,161.5893785983004,True
552,MLP,2025-05-28 19:25:00,134.0,137.23804703011308,True
552,MLP,2025-05-28 19:30:00,136.0,129.5513298543625,True
552,MLP,2025-05-28 19:35:00,136.0,138.51906263799594,True
552,MLP,2025-05-28 19:40:00,134.0,126.63817541727384,True
552,MLP,2025-05-28 19:45:00,134.0,142.84855715141714,True
552,MLP,2025-05-28 19:50:00,134.0,133.83643035842795,True
552,MLP,2025-05-28 19:55:00,135.0,139.11491233102367,True
552,MLP,2025-05-28 20:00:00,138.0,143.46515869264115,True
552,MLP,2025-05-28 20:05:00,141.0,136.58564714604498,True
552,MLP,2025-05-28 20:10:00,144.0,131.0690665538354,True
552,MLP,2025-05-28 20:15:00,145.0,137.8814416059741,True
552,MLP,2025-05-28 20:20:00,145.0,136.5012691181368,True
552,MLP,2025-05-28 20:25:00,145.0,150.24814800678973,True
552,MLP,2025-05-28 20:30:00,143.0,156.38763529547566,True
552,MLP,2025-05-28 20:35:00,145.0,160.36042029265627,True
552,MLP,2025-05-28 20:40:00,145.0,162.84601782048023,True
552,MLP,2025-05-28 20:45:00,145.0,152.78276229705918,True
552,MLP,2025-05-28 20:50:00,145.0,146.8419934081424,True
552,MLP,2025-05-28 20:55:00,145.0,146.61453953609322,True
552,MLP,2025-05-28 21:00:00,149.0,136.7886004846618,True
552,MLP,2025-05-28 21:05:00,153.0,150.55834850375066,True
552,MLP,2025-05-28 21:10:00,150.0,142.81943946026104,True
552,MLP,2025-05-28 21:15:00,147.0,147.61242447126807,True
552,MLP,2025-05-28 21:20:00,144.0,146.0379357031301,True
552,MLP,2025-05-28 21:25:00,143.0,147.08250265311756,True
552,MLP,2025-05-28 21:30:00,142.0,162.29232664203377,True
552,MLP,2025-05-28 21:35:00,144.0,173.00069058838386,True
552,MLP,2025-05-28 21:40:00,146.0,152.71457787217656,True
552,MLP,2025-05-28 21:45:00,146.0,145.8448812372041,True
552,MLP,2025-05-28 21:50:00,145.0,142.12554542911442,True
552,MLP,2025-05-28 21:55:00,142.0,145.24592420940718,True
552,MLP,2025-05-28 22:00:00,139.0,139.33140396421447,True
552,MLP,2025-05-28 22:05:00,138.0,149.28231311046883,True
552,MLP,2025-05-28 22:10:00,137.0,151.18812211294897,True
552,MLP,2025-05-28 22:15:00,136.0,144.0448891566366,True
552,MLP,2025-05-28 22:20:00,134.0,140.9336019302748,True
552,MLP,2025-05-28 22:25:00,132.0,132.13499919190394,True
552,MLP,2025-05-28 22:30:00,131.0,132.32182727303518,True
552,MLP,2025-05-28 22:35:00,130.0,135.7765173304441,True
552,MLP,2025-05-28 22:40:00,127.0,134.1369872101988,True
552,MLP,2025-05-28 22:45:00,125.0,133.82184803768806,True
552,MLP,2025-05-28 22:50:00,135.0,128.51077582888945,True
552,MLP,2025-05-28 22:55:00,131.0,125.78108023726779,True
552,MLP,2025-05-28 23:00:00,127.0,126.11948973895261,True
552,MLP,2025-05-28 23:05:00,122.0,129.7156415511932,True
552,MLP,2025-05-28 23:10:00,117.0,120.28509182475534,True
552,MLP,2025-05-28 23:15:00,113.0,121.98601155092001,True
552,MLP,2025-05-28 23:20:00,110.0,142.58135039004958,True
552,MLP,2025-05-28 23:25:00,107.0,125.35390595606717,True
552,MLP,2025-05-28 23:30:00,104.0,119.7072166705422,True
552,MLP,2025-05-28 23:35:00,101.0,109.60251396747269,True
552,MLP,2025-05-28 23:40:00,99.0,107.08784042559225,True
552,MLP,2025-05-28 23:45:00,96.0,100.54872548216592,True
552,MLP,2025-05-28 23:50:00,94.0,100.06872597731717,True
552,MLP,2025-05-28 23:55:00,91.0,99.22569777750454,True
552,MLP,2025-05-29 00:00:00,88.0,94.92503607252476,True
552,MLP,2025-05-29 00:05:00,85.0,93.29481848539199,True
552,MLP,2025-05-29 00:10:00,83.0,92.79631017342051,True
552,MLP,2025-05-29 00:15:00,80.0,85.87506150126951,True
552,MLP,2025-05-29 00:20:00,78.0,90.67860499204177,True
552,MLP,2025-05-29 00:25:00,75.0,81.86710046439083,True
552,MLP,2025-05-29 00:30:00,72.0,79.70776922965909,True
552,MLP,2025-05-29 00:35:00,69.0,76.80801479194277,True
552,MLP,2025-05-29 00:40:00,74.0,78.1209890394299,True
552,MLP,2025-05-29 00:45:00,77.0,71.46520888332822,True
552,MLP,2025-05-29 00:50:00,74.0,74.33110907005458,True
552,MLP,2025-05-29 00:55:00,72.0,67.83075388894765,True
552,MLP,2025-05-29 01:00:00,71.0,66.02323621277101,True
552,MLP,2025-05-29 01:05:00,69.0,62.392817185229774,True
552,MLP,2025-05-29 01:10:00,67.0,85.94815271023697,True
552,MLP,2025-05-29 01:15:00,66.0,84.5732709487504,True
552,MLP,2025-05-29 01:20:00,65.0,77.15374642970309,True
552,MLP,2025-05-29 01:25:00,64.0,73.31625881126111,True
552,MLP,2025-05-29 01:30:00,63.0,72.35894970948308,True
552,MLP,2025-05-29 01:35:00,63.0,67.34634105879188,True
552,MLP,2025-05-29 01:40:00,62.0,64.22573578670783,True
552,MLP,2025-05-29 01:45:00,61.0,68.30701422090618,True
552,MLP,2025-05-29 01:50:00,61.0,65.67008875930972,True
552,MLP,2025-05-29 01:55:00,64.0,64.94196811014312,True
552,MLP,2025-05-29 02:00:00,70.0,63.15319050729755,True
552,MLP,2025-05-29 02:05:00,79.0,68.36868788757076,True
552,MLP,2025-05-29 02:10:00,89.0,69.76044192261796,True
552,MLP,2025-05-29 02:15:00,97.0,63.803692569373396,True
552,MLP,2025-05-29 02:20:00,106.0,65.69943475680407,True
552,MLP,2025-05-29 02:25:00,113.0,77.73754979857114,True
552,MLP,2025-05-29 02:30:00,116.0,88.9648627181962,True
552,MLP,2025-05-29 02:35:00,119.0,106.5241924746484,True
552,MLP,2025-05-29 02:40:00,120.0,121.82124988744366,True
552,MLP,2025-05-29 02:45:00,119.0,124.12607602865657,True
552,MLP,2025-05-29 02:50:00,119.0,139.8460204720319,True
552,MLP,2025-05-29 02:55:00,120.0,139.76344201312688,True
552,MLP,2025-05-29 03:00:00,122.0,130.7192237151657,True
552,MLP,2025-05-29 03:05:00,123.0,134.69163484179816,True
552,MLP,2025-05-29 03:10:00,123.0,123.82502948100161,True
552,MLP,2025-05-29 03:15:00,122.0,116.38858309805818,True
552,MLP,2025-05-29 03:20:00,121.0,120.98552500594715,True
552,MLP,2025-05-29 03:25:00,120.0,124.87226988309716,True
552,MLP,2025-05-29 03:30:00,119.0,129.54379729196916,True
552,MLP,2025-05-29 03:35:00,118.0,128.2464385100873,True
552,MLP,2025-05-29 03:40:00,117.0,125.48286821447331,True
552,MLP,2025-05-29 03:45:00,116.0,122.18046790160042,True
552,MLP,2025-05-29 03:50:00,115.0,120.33011512930837,True
552,MLP,2025-05-29 03:55:00,114.0,118.55395946802588,True
552,MLP,2025-05-29 04:00:00,112.0,118.27387620588175,True
552,MLP,2025-05-29 04:05:00,110.0,117.3614638225859,True
552,MLP,2025-05-29 04:10:00,110.0,115.79347507659799,True
552,MLP,2025-05-29 04:15:00,110.0,113.55907760612632,True
552,MLP,2025-05-29 04:20:00,110.0,111.7967402303544,True
552,MLP,2025-05-29 04:25:00,109.0,110.70326313191535,True
552,MLP,2025-05-29 04:30:00,109.0,107.09170618655891,True
552,MLP,2025-05-29 04:35:00,109.0,105.52206253122395,True
552,MLP,2025-05-29 04:40:00,109.0,109.08433139275877,True
552,MLP,2025-05-29 04:45:00,110.0,108.03545532784028,True
552,MLP,2025-05-29 04:50:00,110.0,108.42503420647984,True
552,MLP,2025-05-29 04:55:00,110.0,105.7930033514622,True
552,MLP,2025-05-29 05:00:00,109.0,107.967515034073,True
552,MLP,2025-05-29 05:05:00,107.0,107.29695893902893,True
552,MLP,2025-05-29 05:10:00,106.0,108.0857911179081,True
552,MLP,2025-05-29 05:15:00,103.0,111.91556416486767,True
552,MLP,2025-05-29 05:20:00,102.0,110.43390093602574,True
552,MLP,2025-05-29 05:25:00,108.0,110.73901413980596,True
552,MLP,2025-05-29 05:30:00,111.0,107.63786912453844,True
552,MLP,2025-05-29 05:35:00,108.0,103.99377970157127,True
552,MLP,2025-05-29 05:40:00,106.0,105.07202651654111,True
552,MLP,2025-05-29 05:45:00,103.0,98.0337799492372,True
552,MLP,2025-05-29 05:50:00,101.0,101.57760353561471,True
552,MLP,2025-05-29 05:55:00,98.0,116.65527320090473,True
552,MLP,2025-05-29 06:00:00,96.0,114.97357793092976,True
552,MLP,2025-05-29 06:05:00,94.0,112.03704914361421,True
552,MLP,2025-05-29 06:10:00,93.0,103.89903969355981,True
552,MLP,2025-05-29 06:15:00,95.0,98.4482330813052,True
552,MLP,2025-05-29 06:20:00,98.0,100.22635265074577,True
552,MLP,2025-05-29 06:25:00,97.0,93.32712946340222,True
552,MLP,2025-05-29 06:30:00,96.0,93.90417567681959,True
552,MLP,2025-05-29 06:35:00,94.0,91.70071079494474,True
552,MLP,2025-05-29 06:40:00,92.0,94.3606499144403,True
552,MLP,2025-05-29 06:45:00,94.0,102.21428114566794,True
552,MLP,2025-05-29 06:50:00,95.0,106.36606328952294,True
552,MLP,2025-05-29 06:55:00,96.0,101.76268657224844,True
552,MLP,2025-05-29 07:00:00,96.0,97.24903481582243,True
552,MLP,2025-05-29 07:05:00,96.0,92.27827187037889,True
552,MLP,2025-05-29 07:10:00,96.0,91.16995106645544,True
552,MLP,2025-05-29 07:15:00,96.0,103.3077371168462,True
552,MLP,2025-05-29 07:20:00,91.0,99.78802327316619,True
552,MLP,2025-05-29 07:25:00,84.0,105.16997488319143,True
552,MLP,2025-05-29 07:30:00,87.0,101.83354826274635,True
552,MLP,2025-05-29 07:35:00,90.0,100.92419302427228,True
552,MLP,2025-05-29 07:40:00,91.0,100.7825167406883,True
552,MLP,2025-05-29 07:45:00,96.0,101.16445275723078,True
552,MLP,2025-05-29 07:50:00,109.0,95.6115972558564,True
552,MLP,2025-05-29 07:55:00,114.0,87.2704490405038,True
552,MLP,2025-05-29 08:00:00,129.0,101.31114324516756,True
552,MLP,2025-05-29 08:05:00,142.0,103.21104829966248,True
552,MLP,2025-05-29 08:10:00,155.0,104.68497986243179,True
552,MLP,2025-05-29 08:15:00,170.0,152.32900919555343,True
552,MLP,2025-05-29 08:20:00,179.0,155.6165396639972,True
552,MLP,2025-05-29 08:25:00,183.0,160.46327823315093,True
552,MLP,2025-05-29 08:30:00,183.0,172.20771372584608,True
552,MLP,2025-05-29 08:35:00,178.0,170.71906792012368,True
552,MLP,2025-05-29 08:40:00,175.0,175.57387014220853,True
552,MLP,2025-05-29 08:45:00,171.0,184.7331471937406,True
552,MLP,2025-05-29 08:50:00,167.0,169.80225906668107,True
552,MLP,2025-05-29 08:55:00,162.0,167.55599581096055,True
552,MLP,2025-05-29 09:00:00,155.0,161.8567053385282,True
552,MLP,2025-05-29 09:05:00,148.0,153.08225660276162,True
552,MLP,2025-05-29 09:10:00,141.0,156.74852123625942,True
552,MLP,2025-05-29 09:15:00,141.0,151.41661261192937,True
552,MLP,2025-05-29 09:20:00,139.0,140.55046389384904,True
552,MLP,2025-05-29 09:25:00,134.0,130.41931344990863,True
552,MLP,2025-05-29 09:30:00,130.0,124.28330166204111,True
552,MLP,2025-05-29 09:35:00,119.0,120.13480449154164,True
552,MLP,2025-05-29 09:40:00,111.0,113.32765326163626,True
552,MLP,2025-05-29 09:45:00,106.0,132.4922730956037,True
552,MLP,2025-05-29 09:50:00,100.0,124.59327712202669,True
552,MLP,2025-05-29 09:55:00,95.0,119.37223651820224,True
552,MLP,2025-05-29 10:00:00,90.0,115.03314146531258,True
552,MLP,2025-05-29 10:05:00,89.0,106.41029982817858,True
552,MLP,2025-05-29 10:10:00,83.0,101.07187345291211,True
552,MLP,2025-05-29 10:15:00,77.0,94.81037946279454,True
552,MLP,2025-05-29 10:20:00,72.0,85.1013209511907,True
552,MLP,2025-05-29 10:25:00,65.0,83.08338445910994,True
552,MLP,2025-05-29 10:30:00,56.0,77.55004748695745,True
552,MLP,2025-05-29 10:35:00,52.0,89.37274819990385,True
552,MLP,2025-05-29 10:40:00,61.0,76.52332711730861,True
552,MLP,2025-05-29 10:45:00,59.0,73.2848293036865,True
552,MLP,2025-05-29 10:50:00,62.0,71.90804113117281,True
552,MLP,2025-05-29 10:55:00,64.0,67.93525887054481,True
552,MLP,2025-05-29 11:00:00,66.0,62.68137780014647,True
552,MLP,2025-05-29 11:05:00,69.0,69.39118227467596,True
552,MLP,2025-05-29 11:10:00,74.0,98.23423789573134,True
552,MLP,2025-05-29 11:15:00,87.0,87.746455407219,True
552,MLP,2025-05-29 11:20:00,101.0,99.9063947081861,True
552,MLP,2025-05-29 11:25:00,105.0,88.4095090012992,True
552,MLP,2025-05-29 11:30:00,113.0,94.13978701290893,True
552,MLP,2025-05-29 11:35:00,120.0,96.42785133583246,True
552,MLP,2025-05-29 11:40:00,132.0,109.27444537158027,True
552,MLP,2025-05-29 11:45:00,135.0,141.73237741342678,True
552,MLP,2025-05-29 11:50:00,134.0,152.87377774162567,True
552,MLP,2025-05-29 11:55:00,134.0,128.72911409487625,True
552,MLP,2025-05-29 12:00:00,134.0,142.80760702068937,True
552,MLP,2025-05-29 12:05:00,134.0,145.00438684487003,True
552,MLP,2025-05-29 12:10:00,134.0,172.09643029750552,True
552,MLP,2025-05-29 12:15:00,134.0,149.5908277825773,True
552,MLP,2025-05-29 12:20:00,134.0,136.9842928394045,True
552,MLP,2025-06-03 09:50:00,130.0,168.35934214859498,False
552,MLP,2025-06-03 09:55:00,125.0,167.9725826203064,False
552,MLP,2025-06-03 10:00:00,118.0,159.58349991860314,False
552,MLP,2025-06-03 10:05:00,116.0,164.1543488525732,False
552,MLP,2025-06-03 10:10:00,114.0,157.74340804046884,False
552,MLP,2025-06-03 10:15:00,113.0,159.50719787772843,False
552,MLP,2025-06-03 10:20:00,112.0,137.02586369507128,True
552,MLP,2025-06-03 10:25:00,114.0,118.24845325242626,True
552,MLP,2025-06-03 10:30:00,117.0,135.95363686132112,True
552,MLP,2025-06-03 10:35:00,115.0,121.09486221702572,True
552,MLP,2025-06-03 10:40:00,110.0,108.69865368291943,True
552,MLP,2025-06-03 10:45:00,106.0,109.24802166014928,True
552,MLP,2025-06-03 10:50:00,104.0,108.72177434714229,True
552,MLP,2025-06-03 10:55:00,104.0,123.57418260601354,True
552,MLP,2025-06-03 11:00:00,106.0,127.15046937206898,True
552,MLP,2025-06-03 11:05:00,107.0,111.09821934499016,True
552,MLP,2025-06-03 11:10:00,109.0,102.23866461725027,True
552,MLP,2025-06-03 11:15:00,110.0,98.19095058252182,True
552,MLP,2025-06-03 11:20:00,110.0,100.15616373682153,True
552,MLP,2025-06-03 11:25:00,109.0,102.73307845834981,True
552,MLP,2025-06-03 11:30:00,107.0,110.327416285104,True
552,MLP,2025-06-03 11:35:00,103.0,107.81279895006247,True
552,MLP,2025-06-03 11:40:00,100.0,114.1951894028654,True
552,MLP,2025-06-03 11:45:00,96.0,109.11748119770348,True
552,MLP,2025-06-03 11:50:00,95.0,106.97288495584795,True
552,MLP,2025-06-03 11:55:00,92.0,106.55123452533012,True
552,MLP,2025-06-03 12:00:00,91.0,105.60647675937882,True
552,MLP,2025-06-03 12:05:00,96.0,101.26781130347962,True
552,MLP,2025-06-03 12:10:00,95.0,101.82979863816718,True
552,MLP,2025-06-03 12:15:00,95.0,93.53751546410551,True
552,MLP,2025-06-03 12:20:00,94.0,98.1951602952923,True
552,MLP,2025-06-03 12:25:00,93.0,89.11173195668832,True
552,MLP,2025-06-03 12:30:00,94.0,95.12611084036362,True
552,MLP,2025-06-03 12:35:00,95.0,111.47891012330905,True
552,MLP,2025-06-03 12:40:00,96.0,97.49402867639249,True
552,MLP,2025-06-03 12:45:00,97.0,100.78106733559488,True
552,MLP,2025-06-03 12:50:00,98.0,95.32910218817575,True
552,MLP,2025-06-03 12:55:00,97.0,98.27548917020938,True
552,MLP,2025-06-03 13:00:00,89.0,103.52402603030689,True
552,MLP,2025-06-03 13:05:00,88.0,105.28348989949929,True
552,MLP,2025-06-03 13:10:00,91.0,107.88988174342072,True
552,MLP,2025-06-03 13:15:00,91.0,107.58152176392726,True
552,MLP,2025-06-03 13:20:00,87.0,106.70676620558513,True
552,MLP,2025-06-03 13:25:00,85.0,101.14962889140077,True
552,MLP,2025-06-03 13:30:00,88.0,92.27073177338961,True
552,MLP,2025-06-03 13:35:00,85.0,97.75723212190087,True
552,MLP,2025-06-03 13:40:00,81.0,107.58206808247272,True
552,MLP,2025-06-03 13:45:00,83.0,101.43278293713438,True
552,MLP,2025-06-03 13:50:00,85.0,90.99370004364268,True
552,MLP,2025-06-03 13:55:00,90.0,92.85503699156419,True
552,MLP,2025-06-03 14:00:00,91.0,107.03374516635786,True
552,MLP,2025-06-03 14:05:00,90.0,93.38700416877494,True
552,MLP,2025-06-03 14:10:00,89.0,87.5559735016004,True
552,MLP,2025-06-03 14:15:00,87.0,103.0906063377592,True
552,MLP,2025-06-03 14:20:00,85.0,99.70276410830355,True
552,MLP,2025-06-03 14:25:00,87.0,114.5732660375538,True
552,MLP,2025-06-03 14:30:00,87.0,102.72775459187493,True
552,MLP,2025-06-03 14:35:00,92.0,98.06880015512898,True
552,MLP,2025-06-03 14:40:00,88.0,98.67028346032369,True
552,MLP,2025-06-03 14:45:00,86.0,92.84299308422817,True
552,MLP,2025-06-03 14:50:00,91.0,92.05398163440329,True
552,MLP,2025-06-03 14:55:00,96.0,104.476699419552,True
552,MLP,2025-06-03 15:00:00,101.0,97.26708389920569,True
552,MLP,2025-06-03 15:05:00,105.0,115.81599004489145,True
552,MLP,2025-06-03 15:10:00,110.0,94.40467088268781,True
552,MLP,2025-06-03 15:15:00,117.0,93.75453032887792,True
552,MLP,2025-06-03 15:20:00,117.0,115.73400217863636,True
552,MLP,2025-06-03 15:25:00,116.0,118.43022957912214,True
552,MLP,2025-06-03 15:30:00,114.0,123.54182585589018,True
552,MLP,2025-06-03 15:35:00,114.0,122.51721306882385,True
552,MLP,2025-06-03 15:40:00,114.0,131.4808345745016,True
552,MLP,2025-06-03 15:45:00,113.0,145.79417768761692,True
552,MLP,2025-06-03 15:50:00,113.0,127.7697432751985,True
552,MLP,2025-06-03 15:55:00,113.0,121.38907047181777,True
552,MLP,2025-06-03 16:00:00,113.0,120.7982341351791,True
552,MLP,2025-06-03 16:05:00,113.0,123.49627046266063,True
552,MLP,2025-06-03 16:10:00,113.0,119.23847619069187,True
552,MLP,2025-06-03 16:15:00,113.0,118.46279540888344,True
552,MLP,2025-06-03 16:50:00,112.0,134.32322207980482,False
552,MLP,2025-06-03 16:55:00,111.0,134.53648072493735,False
552,MLP,2025-06-03 17:00:00,108.0,136.7654776676332,False
552,MLP,2025-06-03 17:05:00,105.0,137.77141843322534,False
552,MLP,2025-06-03 17:10:00,105.0,137.63765350966366,False
552,MLP,2025-06-03 17:15:00,105.0,161.60839271454586,False
552,MLP,2025-06-03 17:20:00,104.0,119.37519168370963,True
552,MLP,2025-06-03 17:25:00,102.0,115.36825615167186,True
552,MLP,2025-06-03 17:30:00,103.0,108.6712969617169,True
552,MLP,2025-06-03 17:35:00,103.0,101.33960577155392,True
552,MLP,2025-06-03 17:40:00,102.0,103.02876529686878,True
552,MLP,2025-06-03 17:45:00,102.0,105.32192812510624,True
552,MLP,2025-06-03 17:50:00,105.0,99.89400887252313,True
552,MLP,2025-06-03 17:55:00,107.0,96.16451701871497,True
552,MLP,2025-06-03 18:00:00,108.0,105.32277203255066,True
552,MLP,2025-06-03 18:05:00,108.0,103.54924054882409,True
552,MLP,2025-06-03 18:10:00,111.0,102.02243468497453,True
552,MLP,2025-06-03 18:15:00,111.0,105.03452469416308,True
552,MLP,2025-06-03 18:20:00,111.0,119.76482759261626,True
552,MLP,2025-06-03 18:25:00,112.0,116.72944866802254,True
552,MLP,2025-06-03 18:30:00,111.0,114.47882331378818,True
552,MLP,2025-06-03 18:35:00,111.0,111.92992026731812,True
552,MLP,2025-06-03 18:40:00,113.0,125.55808899693113,True
552,MLP,2025-06-03 18:45:00,117.0,116.6356062410008,True
552,MLP,2025-06-03 18:50:00,117.0,117.26966832150728,True
552,MLP,2025-06-03 18:55:00,118.0,120.85790052835205,True
552,MLP,2025-06-03 19:00:00,120.0,115.20839476182664,True
552,MLP,2025-06-03 19:05:00,118.0,117.89704598495396,True
552,MLP,2025-06-03 19:10:00,116.0,124.46995412510847,True
552,MLP,2025-06-03 19:15:00,117.0,134.89946896321538,True
552,MLP,2025-06-03 19:20:00,129.0,126.17138586491603,True
552,MLP,2025-06-03 19:25:00,131.0,126.96599928490163,True
552,MLP,2025-06-03 19:30:00,145.0,130.4474054252878,True
552,MLP,2025-06-03 19:35:00,160.0,121.02009114137758,True
552,MLP,2025-06-03 19:40:00,173.0,135.68102097537886,True
552,MLP,2025-06-03 19:45:00,182.0,125.7437761578658,True
552,MLP,2025-06-03 19:50:00,188.0,173.31852493212605,True
552,MLP,2025-06-03 19:55:00,189.0,157.9637457617795,True
552,MLP,2025-06-03 20:00:00,183.0,176.911701161683,True
552,MLP,2025-06-03 20:05:00,174.0,178.30421907152515,True
552,MLP,2025-06-03 20:10:00,165.0,193.5410115204051,True
552,MLP,2025-06-03 20:15:00,156.0,188.52323390202844,True
552,MLP,2025-06-03 20:20:00,149.0,176.56373579995198,True
552,MLP,2025-06-03 20:25:00,142.0,165.89091030036064,True
552,MLP,2025-06-03 20:30:00,131.0,150.33406659894223,True
552,MLP,2025-06-03 20:35:00,120.0,133.01527629069375,True
552,MLP,2025-06-03 20:40:00,113.0,127.58901022152833,True
552,MLP,2025-06-03 20:45:00,109.0,115.00972038230617,True
552,MLP,2025-06-03 20:50:00,107.0,135.9122475016437,True
552,MLP,2025-06-03 20:55:00,105.0,133.2930747935078,True
552,MLP,2025-06-03 21:00:00,108.0,116.1527981587291,True
552,MLP,2025-06-03 21:05:00,114.0,101.04879061565919,True
552,MLP,2025-06-03 21:10:00,120.0,100.97101062822838,True
552,MLP,2025-06-03 21:15:00,124.0,100.94898254007657,True
552,MLP,2025-06-03 21:20:00,125.0,103.67689320805887,True
552,MLP,2025-06-03 21:25:00,127.0,102.1700499859177,True
552,MLP,2025-06-03 21:30:00,129.0,120.79880292882734,True
552,MLP,2025-06-03 21:35:00,129.0,130.11104118631707,True
552,MLP,2025-06-03 21:40:00,128.0,134.8078626973636,True
552,MLP,2025-06-03 21:45:00,125.0,129.9220828785285,True
552,MLP,2025-06-03 21:50:00,121.0,125.73376564678563,True
552,MLP,2025-06-03 21:55:00,121.0,134.71725419759764,True
552,MLP,2025-06-03 22:00:00,119.0,137.1804833678438,True
552,MLP,2025-06-03 22:05:00,119.0,131.1128163692841,True
552,MLP,2025-06-03 22:10:00,118.0,129.70211126276695,True
552,MLP,2025-06-03 22:15:00,112.0,117.94554440951312,True
552,MLP,2025-06-03 22:20:00,112.0,109.9184872670777,True
552,MLP,2025-06-03 22:25:00,118.0,125.3073278307955,True
552,MLP,2025-06-03 22:30:00,123.0,114.9140776082037,True
552,MLP,2025-06-03 22:35:00,126.0,123.27139565998574,True
552,MLP,2025-06-03 22:40:00,134.0,116.46639509390944,True
552,MLP,2025-06-03 22:45:00,142.0,102.88212021121547,True
552,MLP,2025-06-03 22:50:00,147.0,117.96947267516647,True
552,MLP,2025-06-03 22:55:00,151.0,123.89010783109148,True
552,MLP,2025-06-03 23:00:00,154.0,133.78714928868027,True
552,MLP,2025-06-03 23:05:00,157.0,132.32702899243753,True
552,MLP,2025-06-03 23:10:00,159.0,157.9548342068438,True
552,MLP,2025-06-03 23:15:00,162.0,163.9540994028856,True
552,MLP,2025-06-03 23:20:00,161.0,159.44340514173894,True
552,MLP,2025-06-03 23:25:00,163.0,163.59035637029098,True
552,MLP,2025-06-03 23:30:00,164.0,163.6640037888094,True
552,MLP,2025-06-03 23:35:00,166.0,171.59638568801276,True
552,MLP,2025-06-03 23:40:00,166.0,171.853662691532,True
552,MLP,2025-06-03 23:45:00,166.0,176.04310018181047,True
552,MLP,2025-06-03 23:50:00,166.0,163.46770767329076,True
552,MLP,2025-06-03 23:55:00,165.0,174.64736171626222,True
552,MLP,2025-06-04 00:00:00,164.0,170.33522241272811,True
552,MLP,2025-06-04 00:05:00,163.0,175.88395422654855,True
552,MLP,2025-06-04 00:10:00,162.0,169.4235121147881,True
552,MLP,2025-06-04 00:15:00,161.0,169.12470745914294,True
552,MLP,2025-06-04 00:20:00,162.0,169.81460128656252,True
552,MLP,2025-06-04 00:25:00,163.0,165.2499076478349,True
552,MLP,2025-06-04 00:30:00,164.0,164.5788934299466,True
552,MLP,2025-06-04 00:35:00,163.0,163.09230426142705,True
552,MLP,2025-06-04 00:40:00,163.0,160.7211354790528,True
552,MLP,2025-06-04 00:45:00,162.0,159.248622579715,True
552,MLP,2025-06-04 00:50:00,162.0,165.39149485147732,True
552,MLP,2025-06-04 00:55:00,162.0,167.00982134350193,True
552,MLP,2025-06-04 01:00:00,165.0,169.2213652750429,True
552,MLP,2025-06-04 01:05:00,166.0,162.5140980364954,True
552,MLP,2025-06-04 01:10:00,165.0,166.1151785139162,True
552,MLP,2025-06-04 01:15:00,164.0,161.84298822030757,True
552,MLP,2025-06-04 01:20:00,164.0,165.75155331181384,True
552,MLP,2025-06-04 01:25:00,163.0,164.39051142951257,True
552,MLP,2025-06-04 01:30:00,163.0,174.53877743849733,True
552,MLP,2025-06-04 01:35:00,163.0,170.29149699849523,True
552,MLP,2025-06-04 01:40:00,162.0,165.7489538680823,True
552,MLP,2025-06-04 01:45:00,160.0,164.45158911407515,True
552,MLP,2025-06-04 01:50:00,158.0,166.9459259552442,True
552,MLP,2025-06-04 01:55:00,157.0,163.20553878422754,True
552,MLP,2025-06-04 02:00:00,155.0,166.66612244356668,True
552,MLP,2025-06-04 02:05:00,153.0,165.36246577855104,True
552,MLP,2025-06-04 02:10:00,152.0,162.28934117171355,True
552,MLP,2025-06-04 02:15:00,152.0,156.60741667274516,True
552,MLP,2025-06-04 02:20:00,154.0,155.13097516108604,True
552,MLP,2025-06-04 02:25:00,156.0,156.7527748335878,True
552,MLP,2025-06-04 02:30:00,157.0,152.24909453529835,True
552,MLP,2025-06-04 02:35:00,158.0,150.10377464591892,True
552,MLP,2025-06-04 02:40:00,158.0,150.20667261913152,True
552,MLP,2025-06-04 02:45:00,160.0,152.34777334810957,True
552,MLP,2025-06-04 02:50:00,167.0,158.70846801159726,True
552,MLP,2025-06-04 02:55:00,168.0,161.61019603360688,True
552,MLP,2025-06-04 03:00:00,166.0,161.52858048449116,True
552,MLP,2025-06-04 03:05:00,163.0,162.0525821201026,True
552,MLP,2025-06-04 03:10:00,162.0,159.25475349353167,True
552,MLP,2025-06-04 03:15:00,162.0,167.3716488405516,True
552,MLP,2025-06-04 03:20:00,163.0,176.56657693177604,True
552,MLP,2025-06-04 03:25:00,163.0,172.09095781153843,True
552,MLP,2025-06-04 03:30:00,163.0,166.6361781509826,True
552,MLP,2025-06-04 03:35:00,163.0,160.46946967449682,True
552,MLP,2025-06-04 03:40:00,162.0,165.32540142606285,True
552,MLP,2025-06-04 03:45:00,160.0,169.4442819056615,True
552,MLP,2025-06-04 03:50:00,158.0,168.92902319512888,True
552,MLP,2025-06-04 03:55:00,156.0,168.30490019936772,True
552,MLP,2025-06-04 04:00:00,155.0,166.7617024426408,True
552,MLP,2025-06-04 04:05:00,154.0,163.30255494166332,True
552,MLP,2025-06-04 04:10:00,159.0,158.7035118277617,True
552,MLP,2025-06-04 04:15:00,160.0,154.25233179591675,True
552,MLP,2025-06-04 04:20:00,158.0,150.7328379574537,True
552,MLP,2025-06-04 04:25:00,159.0,149.61646956027027,True
552,MLP,2025-06-04 04:30:00,157.0,150.50578437275283,True
552,MLP,2025-06-04 04:35:00,154.0,149.33965802669377,True
552,MLP,2025-06-04 04:40:00,152.0,160.54609972522636,True
552,MLP,2025-06-04 04:45:00,151.0,158.68771028483852,True
552,MLP,2025-06-04 04:50:00,150.0,155.94890662134438,True
552,MLP,2025-06-04 04:55:00,149.0,160.25381614918365,True
552,MLP,2025-06-04 05:00:00,148.0,151.27137006375182,True
552,MLP,2025-06-04 05:05:00,147.0,148.77283469555312,True
552,MLP,2025-06-04 05:10:00,149.0,149.61861927777102,True
552,MLP,2025-06-04 05:15:00,150.0,148.48134286274012,True
552,MLP,2025-06-04 05:20:00,148.0,146.38747331074268,True
552,MLP,2025-06-04 05:25:00,145.0,145.29496877855914,True
552,MLP,2025-06-04 05:30:00,144.0,143.38390152982686,True
552,MLP,2025-06-04 05:35:00,143.0,143.7463346769678,True
552,MLP,2025-06-04 05:40:00,143.0,152.67177717741475,True
552,MLP,2025-06-04 05:45:00,142.0,151.2393250497816,True
552,MLP,2025-06-04 05:50:00,140.0,147.224164781047,True
552,MLP,2025-06-04 05:55:00,139.0,141.51256075308123,True
552,MLP,2025-06-04 06:00:00,137.0,143.5210065093827,True
552,MLP,2025-06-04 06:05:00,136.0,140.9141903374976,True
552,MLP,2025-06-04 06:10:00,137.0,143.90001789062188,True
552,MLP,2025-06-04 06:15:00,139.0,140.79622775071974,True
552,MLP,2025-06-04 06:20:00,136.0,137.11750673996875,True
552,MLP,2025-06-04 06:25:00,133.0,137.3102179451625,True
552,MLP,2025-06-04 06:30:00,131.0,133.13818617944747,True
552,MLP,2025-06-04 06:35:00,129.0,135.6674750083146,True
552,MLP,2025-06-04 06:40:00,127.0,141.12907507457075,True
552,MLP,2025-06-04 06:45:00,125.0,146.0143993069285,True
552,MLP,2025-06-04 06:50:00,125.0,136.5793675873723,True
552,MLP,2025-06-04 06:55:00,128.0,131.52277138549422,True
552,MLP,2025-06-04 07:00:00,129.0,127.96163049443507,True
552,MLP,2025-06-04 07:05:00,127.0,126.20238475795156,True
552,MLP,2025-06-04 07:10:00,129.0,124.56750205337863,True
552,MLP,2025-06-04 07:15:00,129.0,123.03307024105519,True
552,MLP,2025-06-04 07:20:00,127.0,126.78170034874901,True
552,MLP,2025-06-04 07:25:00,131.0,137.3402613694135,True
552,MLP,2025-06-04 07:30:00,133.0,133.09943812669053,True
552,MLP,2025-06-04 07:35:00,132.0,128.87581635110666,True
552,MLP,2025-06-04 07:40:00,134.0,137.17928229076392,True
552,MLP,2025-06-04 07:45:00,134.0,129.482209617298,True
552,MLP,2025-06-04 07:50:00,135.0,128.65456904544516,True
552,MLP,2025-06-04 07:55:00,135.0,145.97484375212844,True
552,MLP,2025-06-04 08:00:00,133.0,141.6903507003426,True
552,MLP,2025-06-04 08:05:00,131.0,139.507679346753,True
552,MLP,2025-06-04 08:10:00,126.0,146.31087957555266,True
552,MLP,2025-06-04 08:15:00,125.0,142.02905133534327,True
552,MLP,2025-06-04 08:20:00,122.0,148.8538048150569,True
552,MLP,2025-06-04 08:25:00,121.0,144.80949872719776,True
552,MLP,2025-06-04 08:30:00,120.0,139.81360560791114,True
552,MLP,2025-06-04 08:35:00,116.0,135.22604140111352,True
552,MLP,2025-06-04 08:40:00,111.0,125.57387727220797,True
552,MLP,2025-06-04 08:45:00,107.0,129.8452405467431,True
552,MLP,2025-06-04 08:50:00,106.0,115.97011866476103,True
552,MLP,2025-06-04 08:55:00,102.0,123.76597618124612,True
552,MLP,2025-06-04 09:00:00,98.0,120.088148715659,True
552,MLP,2025-06-04 09:05:00,97.0,111.51129701982786,True
552,MLP,2025-06-04 09:10:00,96.0,102.60098264161843,True
552,MLP,2025-06-04 09:15:00,96.0,99.04253456462531,True
552,MLP,2025-06-04 09:20:00,101.0,106.12445010226884,True
552,MLP,2025-06-04 09:25:00,110.0,95.73978513175146,True
552,MLP,2025-06-04 09:30:00,122.0,92.50421695133485,True
552,MLP,2025-06-04 09:35:00,131.0,100.27614049507663,True
552,MLP,2025-06-04 09:40:00,141.0,97.02394226633831,True
552,MLP,2025-06-04 09:45:00,150.0,103.41633334782969,True
552,MLP,2025-06-04 09:50:00,157.0,124.88964378259,True
552,MLP,2025-06-04 09:55:00,160.0,144.8702133936589,True
552,MLP,2025-06-04 10:00:00,160.0,167.27486210198873,True
552,MLP,2025-06-04 10:05:00,160.0,159.49394849765045,True
552,MLP,2025-06-04 10:10:00,157.0,175.5661223468266,True
552,MLP,2025-06-04 10:15:00,153.0,178.36677210976868,True
552,MLP,2025-06-04 10:20:00,154.0,181.72412097546535,True
552,MLP,2025-06-04 10:25:00,157.0,167.53990829668214,True
552,MLP,2025-06-04 10:30:00,160.0,164.0260079530842,True
552,MLP,2025-06-04 10:35:00,163.0,160.95395947140435,True
552,MLP,2025-06-04 10:40:00,167.0,142.0483158691269,True
552,MLP,2025-06-04 10:45:00,172.0,132.44347713554913,True
552,MLP,2025-06-04 10:50:00,169.0,153.42271411973863,True
552,MLP,2025-06-04 10:55:00,162.0,160.4764435739882,True
552,MLP,2025-06-04 11:00:00,152.0,171.82999617406756,True
552,MLP,2025-06-04 11:05:00,140.0,175.75876096329642,True
552,MLP,2025-06-04 11:10:00,129.0,180.14124264494987,True
552,MLP,2025-06-04 11:15:00,119.0,187.20701865909925,True
552,MLP,2025-06-04 11:20:00,110.0,163.77108592497626,True
552,MLP,2025-06-04 11:25:00,103.0,143.07609962135973,True
552,MLP,2025-06-04 11:30:00,95.0,130.2650121666528,True
552,MLP,2025-06-04 11:35:00,88.0,116.73584616142344,True
552,MLP,2025-06-04 11:40:00,70.0,104.53463133456768,True
552,MLP,2025-06-04 11:45:00,63.0,99.56554630746359,True
552,MLP,2025-06-04 11:50:00,60.0,95.73062419699642,True
552,MLP,2025-06-04 11:55:00,60.0,91.5756972397212,True
552,MLP,2025-06-04 12:00:00,65.0,78.58894600498016,True
552,MLP,2025-06-04 12:05:00,70.0,73.66281917713704,True
552,MLP,2025-06-04 12:10:00,78.0,67.00753668296483,True
552,MLP,2025-06-04 12:15:00,87.0,67.2080058610826,True
552,MLP,2025-06-04 12:20:00,93.0,66.04767857707655,True
552,MLP,2025-06-04 12:25:00,100.0,79.24594619644272,True
552,MLP,2025-06-04 12:30:00,106.0,99.54088317236611,True
552,MLP,2025-06-04 12:35:00,112.0,100.65679276152154,True
552,MLP,2025-06-04 12:40:00,121.0,117.5601050033515,True
552,MLP,2025-06-04 12:45:00,129.0,126.64769967035605,True
552,MLP,2025-06-04 12:50:00,135.0,152.09071366501723,True
552,MLP,2025-06-04 12:55:00,139.0,130.2602505084224,True
552,MLP,2025-06-04 13:00:00,141.0,125.72074164692702,True
552,MLP,2025-06-04 13:05:00,137.0,131.5236597202495,True
552,MLP,2025-06-04 13:10:00,130.0,126.72234230859922,True
552,MLP,2025-06-04 13:15:00,122.0,127.38223693354341,True
552,MLP,2025-06-04 13:20:00,120.0,131.56036902049192,True
552,MLP,2025-06-04 13:25:00,118.0,134.3535097708376,True
552,MLP,2025-06-04 13:30:00,118.0,132.9987334440952,True
552,MLP,2025-06-04 13:35:00,119.0,130.9646141944346,True
552,MLP,2025-06-04 13:40:00,120.0,113.8687872308833,True
552,MLP,2025-06-04 13:45:00,123.0,107.51092990258526,True
552,MLP,2025-06-04 13:50:00,123.0,126.77677217402297,True
552,MLP,2025-06-04 13:55:00,121.0,113.05523091748553,True
552,MLP,2025-06-04 14:00:00,122.0,118.97755413013658,True
552,MLP,2025-06-04 14:05:00,122.0,123.08553222691532,True
552,MLP,2025-06-04 14:10:00,126.0,121.86717998102834,True
552,MLP,2025-06-04 14:15:00,133.0,130.93245505649168,True
552,MLP,2025-06-04 14:20:00,138.0,119.76450446581254,True
552,MLP,2025-06-04 14:25:00,144.0,116.01017117333481,True
552,MLP,2025-06-04 14:30:00,153.0,125.90727440954302,True
552,MLP,2025-06-04 14:35:00,164.0,119.73660443599483,True
552,MLP,2025-06-04 14:40:00,170.0,138.88994809453294,True
552,MLP,2025-06-04 14:45:00,179.0,151.72912577841927,True
552,MLP,2025-06-04 14:50:00,190.0,151.6374718150804,True
552,MLP,2025-06-04 14:55:00,199.0,162.4358495828635,True
552,MLP,2025-06-04 15:00:00,210.0,181.46480489332032,True
552,MLP,2025-06-04 15:05:00,218.0,197.4842280081543,True
552,MLP,2025-06-04 15:10:00,224.0,188.00319988443144,True
552,MLP,2025-06-04 15:15:00,233.0,214.31771732280362,True
552,MLP,2025-06-04 15:20:00,242.0,225.58798535334745,True
552,MLP,2025-06-04 15:25:00,250.0,225.3190916113904,True
552,MLP,2025-06-04 15:30:00,258.0,245.1180467967364,True
552,MLP,2025-06-04 15:35:00,266.0,242.55718433477836,True
552,MLP,2025-06-04 15:40:00,272.0,241.73334659704167,True
552,MLP,2025-06-04 15:45:00,277.0,259.6969901951319,True
552,MLP,2025-06-04 15:50:00,282.0,262.23426686260274,True
552,MLP,2025-06-04 15:55:00,284.0,274.5663066112617,True
552,MLP,2025-06-04 16:00:00,277.0,276.6605081759751,True
552,MLP,2025-06-04 16:05:00,275.0,279.446131694887,True
552,MLP,2025-06-04 16:10:00,273.0,276.56122552608457,True
552,MLP,2025-06-04 16:15:00,270.0,280.9259858691144,True
552,MLP,2025-06-04 16:20:00,273.0,282.00776720353923,True
552,MLP,2025-06-04 16:25:00,270.0,282.7179867635433,True
552,MLP,2025-06-04 16:30:00,265.0,257.28910723228637,True
552,MLP,2025-06-04 16:35:00,266.0,257.3060327502727,True
552,MLP,2025-06-04 16:40:00,264.0,244.9303522702454,True
552,MLP,2025-06-04 16:45:00,264.0,237.81573452523168,True
552,MLP,2025-06-04 16:50:00,263.0,259.70461221160144,True
552,MLP,2025-06-04 16:55:00,260.0,243.00356485611317,True
552,MLP,2025-06-04 17:00:00,259.0,236.50951464062945,True
552,MLP,2025-06-04 17:05:00,258.0,249.93294541751857,True
552,MLP,2025-06-04 17:10:00,257.0,241.58248295800632,True
552,MLP,2025-06-04 17:15:00,256.0,251.36662620311654,True
552,MLP,2025-06-04 17:20:00,257.0,249.6882577191789,True
552,MLP,2025-06-04 17:25:00,257.0,245.1693776442973,True
552,MLP,2025-06-04 17:30:00,253.0,246.54484599680217,True
552,MLP,2025-06-04 17:35:00,248.0,243.35291115930843,True
552,MLP,2025-06-04 17:40:00,245.0,244.0344325163948,True
552,MLP,2025-06-04 17:45:00,243.0,245.18171202126132,True
552,MLP,2025-06-04 17:50:00,242.0,258.8340862953789,True
552,MLP,2025-06-04 17:55:00,238.0,249.39632687605769,True
552,MLP,2025-06-04 18:00:00,239.0,234.40861086768854,True
552,MLP,2025-06-04 18:05:00,235.0,225.62884558550562,True
552,MLP,2025-06-04 18:10:00,234.0,226.6131667505853,True
552,MLP,2025-06-04 18:15:00,238.0,225.71117162341338,True
552,MLP,2025-06-04 18:20:00,232.0,224.3846989595204,True
552,MLP,2025-06-04 18:25:00,223.0,215.01168409392045,True
552,MLP,2025-06-04 18:30:00,210.0,228.8219356578934,True
552,MLP,2025-06-04 18:35:00,195.0,215.87008427935837,True
552,MLP,2025-06-04 18:40:00,181.0,215.12417543946685,True
552,MLP,2025-06-04 18:45:00,167.0,229.72891821608138,True
552,MLP,2025-06-04 18:50:00,155.0,202.0259656339282,True
552,MLP,2025-06-04 18:55:00,144.0,182.75432395033312,True
552,MLP,2025-06-04 19:00:00,135.0,160.9223870614541,True
552,MLP,2025-06-04 19:05:00,129.0,143.76483382001987,True
552,MLP,2025-06-04 19:10:00,125.0,126.7431005472018,True
552,MLP,2025-06-04 19:15:00,118.0,107.59557135713558,True
552,MLP,2025-06-04 19:20:00,122.0,110.42973294839341,True
552,MLP,2025-06-04 19:25:00,125.0,99.24888909004584,True
552,MLP,2025-06-04 19:30:00,128.0,102.82150973060173,True
552,MLP,2025-06-04 19:35:00,132.0,107.04353007607767,True
552,MLP,2025-06-04 19:40:00,138.0,111.42473740377415,True
552,MLP,2025-06-04 19:45:00,144.0,100.17922223039628,True
552,MLP,2025-06-04 19:50:00,144.0,136.33359054874356,True
552,MLP,2025-06-04 19:55:00,144.0,133.3111561135972,True
552,MLP,2025-06-04 20:00:00,144.0,138.39855613279568,True
552,MLP,2025-06-04 20:05:00,150.0,142.03398366623793,True
552,MLP,2025-06-04 20:10:00,154.0,155.45049112769942,True
552,MLP,2025-06-04 20:15:00,160.0,162.3741571908064,True
552,MLP,2025-06-04 20:20:00,166.0,145.1878884314868,True
552,MLP,2025-06-04 20:25:00,171.0,146.3186428074747,True
552,MLP,2025-06-04 20:30:00,179.0,143.91913901256572,True
552,MLP,2025-06-04 20:35:00,185.0,168.34448484332273,True
552,MLP,2025-06-04 20:40:00,190.0,167.359239658696,True
552,MLP,2025-06-04 20:45:00,199.0,180.6081455874169,True
552,MLP,2025-06-04 20:50:00,209.0,187.0180108391734,True
552,MLP,2025-06-04 20:55:00,216.0,187.4756045494483,True
552,MLP,2025-06-04 21:00:00,218.0,204.68006339790915,True
552,MLP,2025-06-04 21:05:00,220.0,209.87389000794732,True
552,MLP,2025-06-04 21:10:00,221.0,208.15098622137901,True
552,MLP,2025-06-04 21:15:00,221.0,219.074881112603,True
552,MLP,2025-06-04 21:20:00,220.0,224.1549927185845,True
552,MLP,2025-06-04 21:25:00,217.0,223.69224443033343,True
552,MLP,2025-06-04 21:30:00,210.0,211.74648735736878,True
552,MLP,2025-06-04 21:35:00,203.0,219.47186865956354,True
552,MLP,2025-06-04 21:40:00,197.0,217.23651247483593,True
552,MLP,2025-06-04 21:45:00,189.0,212.09396592062217,True
552,MLP,2025-06-04 21:50:00,185.0,210.79635509839207,True
552,MLP,2025-06-04 21:55:00,182.0,203.63520143478038,True
552,MLP,2025-06-04 22:00:00,181.0,187.83597070332192,True
552,MLP,2025-06-04 22:05:00,182.0,180.41541156921716,True
552,MLP,2025-06-04 22:10:00,183.0,176.3274779957024,True
552,MLP,2025-06-04 22:15:00,186.0,162.5397524977315,True
552,MLP,2025-06-04 22:20:00,188.0,175.72192487193925,True
552,MLP,2025-06-04 22:25:00,192.0,171.17601278137556,True
552,MLP,2025-06-04 22:30:00,197.0,176.75238540664907,True
552,MLP,2025-06-04 22:35:00,196.0,182.45907377135333,True
552,MLP,2025-06-04 22:40:00,193.0,183.09067249748216,True
552,MLP,2025-06-04 22:45:00,192.0,193.14107893188776,True
552,MLP,2025-06-04 22:50:00,193.0,194.00587620789872,True
552,MLP,2025-06-04 22:55:00,192.0,203.8920984843048,True
552,MLP,2025-06-04 23:00:00,191.0,207.24611368695744,True
552,MLP,2025-06-04 23:05:00,191.0,193.22208933734174,True
552,MLP,2025-06-04 23:10:00,190.0,188.19414792269325,True
552,MLP,2025-06-04 23:15:00,188.0,192.7013836456052,True
552,MLP,2025-06-04 23:20:00,188.0,195.50646377998095,True
552,MLP,2025-06-04 23:25:00,189.0,188.0609748822421,True
552,MLP,2025-06-04 23:30:00,190.0,186.8242077871895,True
552,MLP,2025-06-04 23:35:00,191.0,189.83275465851113,True
552,MLP,2025-06-04 23:40:00,192.0,187.7361365441272,True
552,MLP,2025-06-04 23:45:00,199.0,182.59229131122225,True
552,MLP,2025-06-04 23:50:00,204.0,187.62664937912047,True
552,MLP,2025-06-04 23:55:00,204.0,191.55253174248173,True
552,MLP,2025-06-05 00:00:00,205.0,193.66209541404396,True
552,MLP,2025-06-05 00:05:00,207.0,195.56413388033036,True
552,MLP,2025-06-05 00:10:00,209.0,196.37582049448844,True
552,MLP,2025-06-05 00:15:00,212.0,208.40281671080538,True
552,MLP,2025-06-05 00:20:00,214.0,212.6223729631477,True
552,MLP,2025-06-05 00:25:00,215.0,206.70593852896826,True
552,MLP,2025-06-05 00:30:00,214.0,210.9578924993239,True
552,MLP,2025-06-05 00:35:00,214.0,214.18857593341286,True
552,MLP,2025-06-05 00:40:00,216.0,218.68314815126996,True
552,MLP,2025-06-05 00:45:00,217.0,224.61272303161613,True
552,MLP,2025-06-05 00:50:00,218.0,222.94036301216093,True
552,MLP,2025-06-05 00:55:00,218.0,221.59414280970935,True
552,MLP,2025-06-05 01:00:00,219.0,215.7838020532938,True
552,MLP,2025-06-05 01:05:00,220.0,217.822472755342,True
552,MLP,2025-06-05 01:10:00,219.0,222.56609286320034,True
552,MLP,2025-06-05 01:15:00,218.0,224.0560826938368,True
552,MLP,2025-06-05 01:20:00,216.0,226.13620112536628,True
552,MLP,2025-06-05 01:25:00,214.0,222.2741320302733,True
552,MLP,2025-06-05 01:30:00,211.0,226.19242271398937,True
552,MLP,2025-06-05 01:35:00,205.0,226.857396426172,True
552,MLP,2025-06-05 01:40:00,203.0,222.1718667199003,True
552,MLP,2025-06-05 01:45:00,207.0,222.24909602801972,True
552,MLP,2025-06-05 01:50:00,209.0,216.79777579221155,True
552,MLP,2025-06-05 01:55:00,209.0,213.60881405513868,True
552,MLP,2025-06-05 02:00:00,209.0,207.9550855096537,True
552,MLP,2025-06-05 02:05:00,209.0,199.18234275616288,True
552,MLP,2025-06-05 02:10:00,209.0,203.9122548193538,True
552,MLP,2025-06-05 02:15:00,209.0,208.56087490026815,True
552,MLP,2025-06-05 02:20:00,208.0,211.8066371402857,True
552,MLP,2025-06-05 02:25:00,206.0,208.93577104499013,True
552,MLP,2025-06-05 02:30:00,205.0,210.95381899966065,True
552,MLP,2025-06-05 02:35:00,205.0,211.0538847510729,True
552,MLP,2025-06-05 02:40:00,206.0,212.5463216476784,True
552,MLP,2025-06-05 02:45:00,209.0,214.4898319413698,True
552,MLP,2025-06-05 02:50:00,210.0,211.4779514016769,True
552,MLP,2025-06-05 02:55:00,210.0,206.55326599891555,True
552,MLP,2025-06-05 03:00:00,210.0,205.2777785108259,True
552,MLP,2025-06-05 03:05:00,210.0,206.32272162619228,True
552,MLP,2025-06-05 03:10:00,210.0,209.95003878705393,True
552,MLP,2025-06-05 03:15:00,210.0,215.03032709230874,True
552,MLP,2025-06-05 03:20:00,208.0,213.77623801707307,True
552,MLP,2025-06-05 03:25:00,207.0,213.78191600571907,True
552,MLP,2025-06-05 03:30:00,207.0,213.253027760079,True
552,MLP,2025-06-05 03:35:00,205.0,213.34078326708382,True
552,MLP,2025-06-05 03:40:00,203.0,214.5211165972876,True
552,MLP,2025-06-05 03:45:00,204.0,214.65230524842315,True
552,MLP,2025-06-05 03:50:00,206.0,209.0071052663558,True
552,MLP,2025-06-05 03:55:00,206.0,207.98662971105398,True
552,MLP,2025-06-05 04:00:00,207.0,208.32852796690023,True
552,MLP,2025-06-05 04:05:00,207.0,204.0716305757619,True
552,MLP,2025-06-05 04:10:00,207.0,202.59477759933716,True
552,MLP,2025-06-05 04:15:00,207.0,205.46095417016636,True
552,MLP,2025-06-05 04:20:00,206.0,210.00426027627063,True
552,MLP,2025-06-05 04:25:00,206.0,207.6298514861902,True
552,MLP,2025-06-05 04:30:00,205.0,210.6858090820248,True
552,MLP,2025-06-05 04:35:00,206.0,208.77620305564724,True
552,MLP,2025-06-05 04:40:00,208.0,209.7602211711434,True
552,MLP,2025-06-05 04:45:00,207.0,209.98608421883088,True
552,MLP,2025-06-05 04:50:00,206.0,208.1011960991944,True
552,MLP,2025-06-05 04:55:00,205.0,209.11038993620195,True
552,MLP,2025-06-05 05:00:00,204.0,205.1440614151649,True
552,MLP,2025-06-05 05:05:00,203.0,209.67886337393838,True
552,MLP,2025-06-05 05:10:00,204.0,212.43730081018765,True
552,MLP,2025-06-05 05:15:00,202.0,207.49390024679562,True
552,MLP,2025-06-05 05:20:00,199.0,207.7894683214223,True
552,MLP,2025-06-05 05:25:00,198.0,205.43222582715956,True
552,MLP,2025-06-05 05:30:00,196.0,204.23613533023274,True
552,MLP,2025-06-05 05:35:00,196.0,203.31489147081984,True
552,MLP,2025-06-05 05:40:00,195.0,207.25700453283474,True
552,MLP,2025-06-05 05:45:00,196.0,200.30012345395235,True
552,MLP,2025-06-05 05:50:00,197.0,196.62368850737795,True
552,MLP,2025-06-05 05:55:00,196.0,196.85502962746975,True
552,MLP,2025-06-05 06:00:00,195.0,193.6006927002441,True
552,MLP,2025-06-05 06:05:00,193.0,198.54490254101222,True
552,MLP,2025-06-05 06:10:00,191.0,202.7580537370436,True
552,MLP,2025-06-05 06:15:00,188.0,205.285036666883,True
552,MLP,2025-06-05 06:20:00,183.0,207.65185953269597,True
552,MLP,2025-06-05 06:25:00,179.0,201.42983212121925,True
552,MLP,2025-06-05 06:30:00,176.0,195.83226387340503,True
552,MLP,2025-06-05 06:35:00,173.0,188.61984018561338,True
552,MLP,2025-06-05 06:40:00,170.0,183.91293640104288,True
552,MLP,2025-06-05 06:45:00,167.0,179.3215952342994,True
552,MLP,2025-06-05 06:50:00,163.0,167.33862353002297,True
552,MLP,2025-06-05 06:55:00,161.0,163.01110459169493,True
552,MLP,2025-06-05 07:00:00,160.0,163.59629815999514,True
552,MLP,2025-06-05 07:05:00,159.0,159.15680387665248,True
552,MLP,2025-06-05 07:10:00,161.0,158.14716623795107,True
552,MLP,2025-06-05 07:15:00,162.0,155.14146568382543,True
552,MLP,2025-06-05 07:20:00,161.0,148.9848159878793,True
552,MLP,2025-06-05 07:25:00,161.0,151.861547635541,True
552,MLP,2025-06-05 07:30:00,163.0,153.8398750131292,True
552,MLP,2025-06-05 07:35:00,164.0,154.38564716774678,True
552,MLP,2025-06-05 07:40:00,163.0,166.05271927705547,True
552,MLP,2025-06-05 07:45:00,145.0,164.18919207898395,True
552,MLP,2025-06-05 07:50:00,144.0,160.88160432767882,True
552,MLP,2025-06-05 07:55:00,144.0,163.1954126856133,True
552,MLP,2025-06-05 08:00:00,141.0,174.80722169379067,True
552,MLP,2025-06-05 08:05:00,140.0,172.44227871655522,True
552,MLP,2025-06-05 08:10:00,138.0,169.67149266447464,True
552,MLP,2025-06-05 08:15:00,139.0,157.32948412474113,True
552,MLP,2025-06-05 08:20:00,146.0,152.33539607517227,True
552,MLP,2025-06-05 08:25:00,149.0,140.13391804112916,True
552,MLP,2025-06-05 08:30:00,157.0,153.18408579642812,True
552,MLP,2025-06-05 08:35:00,163.0,155.40295994515452,True
552,MLP,2025-06-05 08:40:00,162.0,148.1924232434777,True
552,MLP,2025-06-05 08:45:00,156.0,161.72422188970378,True
552,MLP,2025-06-05 08:50:00,148.0,185.2133341948894,True
552,MLP,2025-06-05 08:55:00,140.0,171.6136837575363,True
552,MLP,2025-06-05 09:00:00,133.0,202.72001217404812,True
552,MLP,2025-06-05 09:05:00,127.0,187.10562336017142,True
552,MLP,2025-06-05 09:10:00,122.0,159.02892202072445,True
552,MLP,2025-06-05 09:15:00,116.0,145.32483965845933,True
552,MLP,2025-06-05 09:20:00,109.0,132.50657068577033,True
552,MLP,2025-06-05 09:25:00,101.0,120.48389516486826,True
552,MLP,2025-06-05 09:30:00,92.0,114.49045461922175,True
552,MLP,2025-06-05 09:35:00,77.0,108.76944106359267,True
552,MLP,2025-06-05 09:40:00,72.0,103.99504065240686,True
552,MLP,2025-06-05 09:45:00,68.0,96.68488584714335,True
552,MLP,2025-06-05 09:50:00,66.0,91.00197424886169,True
552,MLP,2025-06-05 09:55:00,66.0,82.3512956491208,True
552,MLP,2025-06-05 10:00:00,70.0,76.71822434803978,True
552,MLP,2025-06-05 10:05:00,74.0,72.74063450634591,True
552,MLP,2025-06-05 10:10:00,79.0,72.349673555543,True
552,MLP,2025-06-05 10:15:00,81.0,65.07470326431911,True
552,MLP,2025-06-05 10:20:00,83.0,76.94616752011814,True
552,MLP,2025-06-05 10:25:00,84.0,85.39968246898965,True
552,MLP,2025-06-05 10:30:00,86.0,102.71144292173793,True
552,MLP,2025-06-05 10:35:00,87.0,104.72196772766472,True
552,MLP,2025-06-05 10:40:00,88.0,111.13961888045908,True
552,MLP,2025-06-05 10:45:00,90.0,102.29407050144677,True
552,MLP,2025-06-05 10:50:00,91.0,102.53065391648161,True
552,MLP,2025-06-05 10:55:00,92.0,98.50615569709532,True
552,MLP,2025-06-05 11:00:00,92.0,104.63655069564477,True
552,MLP,2025-06-05 11:05:00,92.0,101.35190806697676,True
552,MLP,2025-06-05 11:10:00,90.0,106.10704966065784,True
552,MLP,2025-06-05 11:15:00,91.0,110.3182149274769,True
552,MLP,2025-06-05 11:20:00,93.0,105.66905357774351,True
552,MLP,2025-06-05 11:25:00,93.0,107.78258203217734,True
552,MLP,2025-06-05 11:30:00,92.0,103.35078525782578,True
552,MLP,2025-06-05 11:35:00,93.0,104.47398110561369,True
552,MLP,2025-06-05 11:40:00,92.0,96.7113905310174,True
552,MLP,2025-06-05 11:45:00,89.0,105.77151894778287,True
552,MLP,2025-06-05 11:50:00,90.0,109.68193750803414,True
552,MLP,2025-06-05 11:55:00,92.0,105.57440195508696,True
552,MLP,2025-06-05 12:00:00,94.0,100.47868995162449,True
552,MLP,2025-06-05 12:05:00,95.0,105.36163916958182,True
552,MLP,2025-06-05 12:10:00,97.0,99.08800051811764,True
552,MLP,2025-06-05 12:15:00,96.0,94.32405111092699,True
552,MLP,2025-06-05 12:20:00,96.0,104.13817333834854,True
552,MLP,2025-06-05 12:25:00,97.0,107.88156360494926,True
552,MLP,2025-06-05 12:30:00,103.0,110.2570349140001,True
552,MLP,2025-06-05 12:35:00,108.0,108.21402930017823,True
552,MLP,2025-06-05 12:40:00,116.0,112.79031889447799,True
552,MLP,2025-06-05 12:45:00,129.0,104.19382592589773,True
552,MLP,2025-06-05 12:50:00,137.0,106.72486791786426,True
552,MLP,2025-06-05 12:55:00,144.0,109.04595574901603,True
552,MLP,2025-06-05 13:00:00,153.0,135.56764597916265,True
552,MLP,2025-06-05 13:05:00,158.0,132.28900401303792,True
552,MLP,2025-06-05 13:10:00,161.0,150.3387667622029,True
552,MLP,2025-06-05 13:15:00,162.0,181.56437455329032,True
552,MLP,2025-06-05 13:20:00,163.0,172.27239462975217,True
552,MLP,2025-06-05 13:25:00,164.0,174.55617372885501,True
552,MLP,2025-06-05 13:30:00,164.0,184.78449937453576,True
552,MLP,2025-06-05 13:35:00,165.0,170.12182617394902,True
552,MLP,2025-06-05 13:40:00,164.0,167.87714877936645,True
552,MLP,2025-06-05 13:45:00,160.0,157.62191791169204,True
552,MLP,2025-06-05 13:50:00,157.0,156.92261144352142,True
552,MLP,2025-06-05 13:55:00,156.0,155.47670624091575,True
552,MLP,2025-06-05 14:00:00,157.0,151.074006610129,True
552,MLP,2025-06-05 14:05:00,156.0,158.56534798183773,True
552,MLP,2025-06-05 14:10:00,159.0,153.30892770822697,True
552,MLP,2025-06-05 14:15:00,161.0,148.7193887412655,True
552,MLP,2025-06-05 14:20:00,160.0,147.91631884595952,True
552,MLP,2025-06-05 14:25:00,162.0,151.12007575448902,True
552,MLP,2025-06-05 14:30:00,164.0,158.31547308737566,True
552,MLP,2025-06-05 14:35:00,165.0,150.51187122317424,True
552,MLP,2025-06-05 14:40:00,170.0,164.70472379309385,True
552,MLP,2025-06-05 14:45:00,175.0,161.75432839881904,True
552,MLP,2025-06-05 14:50:00,174.0,155.7509043971885,True
552,MLP,2025-06-05 14:55:00,177.0,166.12631205262966,True
552,MLP,2025-06-05 15:00:00,180.0,167.79689085993738,True
552,MLP,2025-06-05 15:05:00,181.0,172.69644944673703,True
552,MLP,2025-06-05 15:10:00,176.0,187.2470390259312,True
552,MLP,2025-06-05 15:15:00,176.0,189.3622521182371,True
552,MLP,2025-06-05 15:20:00,176.0,179.66879126252041,True
552,MLP,2025-06-05 15:25:00,175.0,187.43557582017547,True
552,MLP,2025-06-05 15:30:00,175.0,186.16095057073747,True
552,MLP,2025-06-05 15:35:00,175.0,184.64475065334943,True
552,MLP,2025-06-05 15:40:00,175.0,173.1653008263499,True
552,MLP,2025-06-05 15:45:00,172.0,177.79191372635762,True
552,MLP,2025-06-05 15:50:00,169.0,172.949901679187,True
552,MLP,2025-06-05 15:55:00,174.0,173.2201126812954,True
552,MLP,2025-06-05 16:00:00,175.0,173.30331317352767,True
552,MLP,2025-06-05 16:05:00,176.0,174.18538387717408,True
552,MLP,2025-06-05 16:10:00,177.0,174.78124971440025,True
552,MLP,2025-06-05 16:15:00,177.0,163.90409694446555,True
552,MLP,2025-06-05 16:20:00,177.0,159.8190653028364,True
552,MLP,2025-06-05 16:25:00,175.0,183.25424152585074,True
552,MLP,2025-06-05 16:30:00,171.0,174.50355830695614,True
552,MLP,2025-06-05 16:35:00,166.0,180.43477849583212,True
552,MLP,2025-06-05 16:40:00,165.0,177.65382230928418,True
552,MLP,2025-06-05 16:45:00,168.0,176.16433955610302,True
552,MLP,2025-06-05 16:50:00,170.0,179.20180302149856,True
552,MLP,2025-06-05 16:55:00,168.0,171.2706529063721,True
552,MLP,2025-06-05 17:00:00,167.0,165.3239775859481,True
552,MLP,2025-06-05 17:05:00,166.0,159.83914211472307,True
552,MLP,2025-06-05 17:10:00,162.0,160.19350529957512,True
552,MLP,2025-06-05 17:15:00,159.0,169.8321121854235,True
552,MLP,2025-06-05 17:20:00,157.0,171.1434204282495,True
552,MLP,2025-06-05 17:25:00,155.0,164.32331062460383,True
552,MLP,2025-06-05 17:30:00,149.0,164.27869343503784,True
552,MLP,2025-06-05 17:35:00,151.0,162.7896569321594,True
552,MLP,2025-06-05 17:40:00,153.0,154.98938147093963,True
552,MLP,2025-06-05 17:45:00,151.0,156.14220447034006,True
552,MLP,2025-06-05 17:50:00,151.0,153.04512453680948,True
552,MLP,2025-06-05 17:55:00,151.0,149.94873224165946,True
552,MLP,2025-06-05 18:00:00,153.0,139.98094290049016,True
552,MLP,2025-06-05 18:05:00,158.0,150.661124148569,True
552,MLP,2025-06-05 18:10:00,165.0,155.891016773391,True
552,MLP,2025-06-05 18:15:00,169.0,148.91470924434668,True
552,MLP,2025-06-05 18:20:00,173.0,152.3611678999625,True
552,MLP,2025-06-05 18:25:00,172.0,151.41986651377536,True
552,MLP,2025-06-05 18:30:00,170.0,183.80538851732246,True
552,MLP,2025-06-05 18:35:00,166.0,193.69650537485018,True
552,MLP,2025-06-05 18:40:00,164.0,190.06568672309746,True
552,MLP,2025-06-05 18:45:00,161.0,177.63957990581724,True
552,MLP,2025-06-05 18:50:00,155.0,177.17626916744018,True
552,MLP,2025-06-05 18:55:00,150.0,159.25386491340868,True
552,MLP,2025-06-05 19:00:00,146.0,155.11638309353867,True
552,MLP,2025-06-05 19:05:00,142.0,148.2501740577967,True
552,MLP,2025-06-05 19:10:00,141.0,154.50553648020463,True
552,MLP,2025-06-05 19:15:00,141.0,142.88769239962738,True
552,MLP,2025-06-05 19:20:00,144.0,132.82658167810746,True
552,MLP,2025-06-05 19:25:00,147.0,129.48179062939607,True
552,MLP,2025-06-05 19:30:00,147.0,132.90346325365726,True
552,MLP,2025-06-05 19:35:00,147.0,131.81159439647956,True
552,MLP,2025-06-05 19:40:00,147.0,141.56222539853815,True
552,MLP,2025-06-05 19:45:00,147.0,143.66591044891442,True
552,MLP,2025-06-05 19:50:00,147.0,154.99841733666602,True
552,MLP,2025-06-05 19:55:00,147.0,155.45521343287987,True
552,MLP,2025-06-05 20:00:00,147.0,145.5439928987654,True
552,MLP,2025-06-06 02:20:00,122.0,163.4991113376334,False
552,MLP,2025-06-06 02:25:00,121.0,163.55789358704777,False
552,MLP,2025-06-06 02:30:00,120.0,163.60232809772202,False
552,MLP,2025-06-06 02:35:00,120.0,163.63234605985323,False
552,MLP,2025-06-06 02:40:00,119.0,163.679785442666,False
552,MLP,2025-06-06 02:45:00,117.0,163.7155040193884,False
552,MLP,2025-06-06 02:50:00,116.0,132.0628657215597,True
552,MLP,2025-06-06 02:55:00,114.0,128.75840602964428,True
552,MLP,2025-06-06 03:00:00,113.0,127.09783039281847,True
552,MLP,2025-06-06 03:05:00,111.0,127.56675323086054,True
552,MLP,2025-06-06 03:10:00,110.0,124.54565102151433,True
552,MLP,2025-06-06 03:15:00,109.0,121.15685562766285,True
552,MLP,2025-06-06 03:20:00,107.0,120.26751145633034,True
552,MLP,2025-06-06 03:25:00,106.0,114.06558293973802,True
552,MLP,2025-06-06 03:30:00,104.0,114.98049006290876,True
552,MLP,2025-06-06 03:35:00,102.0,109.24211593302532,True
552,MLP,2025-06-06 03:40:00,101.0,109.074090062202,True
552,MLP,2025-06-06 03:45:00,100.0,106.61280764010662,True
552,MLP,2025-06-06 03:50:00,99.0,101.77538887663755,True
552,MLP,2025-06-06 03:55:00,99.0,102.26087534807124,True
552,MLP,2025-06-06 04:00:00,98.0,98.09613709286671,True
552,MLP,2025-06-06 04:05:00,98.0,96.73312099684222,True
552,MLP,2025-06-06 04:10:00,97.0,96.67573881242149,True
552,MLP,2025-06-06 04:15:00,96.0,95.26986095465907,True
552,MLP,2025-06-06 04:20:00,95.0,94.37205573240291,True
552,MLP,2025-06-06 04:25:00,94.0,96.43361826090523,True
552,MLP,2025-06-06 04:30:00,93.0,93.28771780013474,True
552,MLP,2025-06-06 04:35:00,92.0,95.88271444425061,True
552,MLP,2025-06-06 04:40:00,90.0,92.60028166312921,True
552,MLP,2025-06-06 04:45:00,88.0,92.63331710165716,True
552,MLP,2025-06-06 04:50:00,87.0,91.4386893117406,True
552,MLP,2025-06-06 04:55:00,87.0,90.36354593293406,True
552,MLP,2025-06-06 05:00:00,85.0,89.33673245046624,True
552,MLP,2025-06-06 05:05:00,84.0,88.28729117836905,True
552,MLP,2025-06-06 05:10:00,83.0,84.27496917905243,True
552,MLP,2025-06-06 05:15:00,82.0,83.36637515610262,True
552,MLP,2025-06-06 05:20:00,81.0,84.17898981563769,True
552,MLP,2025-06-06 05:25:00,79.0,85.98736334882796,True
552,MLP,2025-06-06 05:30:00,79.0,81.31211528869423,True
552,MLP,2025-06-06 05:35:00,81.0,81.97268478570881,True
552,MLP,2025-06-06 05:40:00,82.0,79.45626333458844,True
552,MLP,2025-06-06 05:45:00,81.0,79.18383990262842,True
552,MLP,2025-06-06 05:50:00,81.0,77.98826778132431,True
552,MLP,2025-06-06 05:55:00,82.0,75.63032956289207,True
552,MLP,2025-06-06 06:00:00,82.0,81.46887034572015,True
552,MLP,2025-06-06 06:05:00,83.0,87.80972362747275,True
552,MLP,2025-06-06 06:10:00,84.0,84.9419626020161,True
552,MLP,2025-06-06 06:15:00,84.0,83.40773873761195,True
552,MLP,2025-06-06 06:20:00,85.0,83.70918805014762,True
552,MLP,2025-06-06 06:25:00,84.0,85.83846309753844,True
552,MLP,2025-06-06 06:30:00,85.0,83.25916701178915,True
552,MLP,2025-06-06 06:35:00,85.0,89.51888818554278,True
552,MLP,2025-06-06 06:40:00,85.0,89.86781453867974,True
552,MLP,2025-06-06 06:45:00,85.0,88.74474979801681,True
552,MLP,2025-06-06 06:50:00,84.0,92.5092178595799,True
552,MLP,2025-06-06 06:55:00,83.0,87.3903031279134,True
552,MLP,2025-06-06 07:00:00,83.0,94.00272295682825,True
552,MLP,2025-06-06 07:05:00,83.0,90.40007085391949,True
552,MLP,2025-06-06 07:10:00,84.0,91.36153847538529,True
552,MLP,2025-06-06 07:15:00,90.0,90.94021744254304,True
552,MLP,2025-06-06 07:20:00,98.0,88.5207006295718,True
552,MLP,2025-06-06 07:25:00,106.0,88.17197826704879,True
552,MLP,2025-06-06 07:30:00,112.0,89.53186585217117,True
552,MLP,2025-06-06 07:35:00,118.0,116.04285694367016,True
552,MLP,2025-06-06 07:40:00,122.0,116.674070694094,True
552,MLP,2025-06-06 07:45:00,125.0,137.46950236014965,True
552,MLP,2025-06-06 07:50:00,123.0,145.1791113642841,True
552,MLP,2025-06-06 07:55:00,122.0,150.19572060281538,True
552,MLP,2025-06-06 08:00:00,121.0,140.0901642080359,True
552,MLP,2025-06-06 08:05:00,119.0,142.5544958808234,True
552,MLP,2025-06-06 08:10:00,115.0,134.93503417375695,True
552,MLP,2025-06-06 08:15:00,113.0,130.87258012571627,True
552,MLP,2025-06-06 08:20:00,110.0,116.08055946181571,True
552,MLP,2025-06-06 08:25:00,106.0,114.10063509111122,True
552,MLP,2025-06-06 08:30:00,102.0,110.82422482583809,True
552,MLP,2025-06-06 08:35:00,97.0,105.95524660102092,True
552,MLP,2025-06-06 08:40:00,93.0,98.15531826551512,True
552,MLP,2025-06-06 08:45:00,89.0,98.49614853474806,True
552,MLP,2025-06-06 08:50:00,86.0,92.24518303038037,True
552,MLP,2025-06-06 08:55:00,82.0,91.02308947114726,True
552,MLP,2025-06-06 09:00:00,80.0,88.84808684750483,True
552,MLP,2025-06-06 09:05:00,76.0,85.05339969139308,True
552,MLP,2025-06-06 09:10:00,73.0,89.09287752372133,True
552,MLP,2025-06-06 09:15:00,71.0,87.61667705393671,True
552,MLP,2025-06-06 09:20:00,100.0,89.219200482608,True
552,MLP,2025-06-06 09:25:00,97.0,83.07320121431981,True
552,MLP,2025-06-06 09:30:00,94.0,89.35632945859282,True
552,MLP,2025-06-06 09:35:00,90.0,80.81940849523247,True
552,MLP,2025-06-06 09:40:00,87.0,81.26848496238968,True
552,MLP,2025-06-06 09:45:00,83.0,82.23907204166709,True
552,MLP,2025-06-06 09:50:00,83.0,142.3223174514571,True
552,MLP,2025-06-06 09:55:00,82.0,112.80266323816596,True
552,MLP,2025-06-06 10:00:00,81.0,112.16434074680483,True
552,MLP,2025-06-06 10:05:00,80.0,100.52941137323394,True
552,MLP,2025-06-06 10:10:00,79.0,103.82140377129274,True
552,MLP,2025-06-06 10:15:00,78.0,98.09212608149444,True
552,MLP,2025-06-06 10:20:00,76.0,102.08605246408385,True
552,MLP,2025-06-06 10:25:00,75.0,93.08433060038826,True
552,MLP,2025-06-06 10:30:00,75.0,90.32147741118341,True
552,MLP,2025-06-06 10:35:00,76.0,93.32406423795257,True
552,MLP,2025-06-06 10:40:00,76.0,87.94130008326104,True
552,MLP,2025-06-06 10:45:00,76.0,90.36099015878098,True
552,MLP,2025-06-06 10:50:00,73.0,87.35836591800032,True
552,MLP,2025-06-06 10:55:00,74.0,86.65770411394311,True
552,MLP,2025-06-06 11:00:00,77.0,88.98891977354207,True
552,MLP,2025-06-06 11:05:00,80.0,92.95548226673226,True
552,MLP,2025-06-06 11:10:00,80.0,90.18162404801264,True
552,MLP,2025-06-06 11:15:00,83.0,90.96922122944616,True
552,MLP,2025-06-06 11:20:00,93.0,83.32750961460445,True
552,MLP,2025-06-06 11:25:00,103.0,92.5484229817993,True
552,MLP,2025-06-06 11:30:00,115.0,99.36569489913016,True
552,MLP,2025-06-06 11:35:00,128.0,104.27103110426475,True
552,MLP,2025-06-06 11:40:00,144.0,96.68162020841018,True
552,MLP,2025-06-06 11:45:00,159.0,108.68028837642288,True
552,MLP,2025-06-06 11:50:00,156.0,134.61029763403388,True
552,MLP,2025-06-06 11:55:00,160.0,144.99213756277493,True
552,MLP,2025-06-06 12:00:00,160.0,178.1926570206657,True
552,MLP,2025-06-06 12:05:00,159.0,182.7345614763641,True
552,MLP,2025-06-06 12:10:00,157.0,198.4359170760797,True
552,MLP,2025-06-06 12:15:00,157.0,200.64468353246298,True
552,MLP,2025-06-06 12:20:00,158.0,165.45038681193046,True
552,MLP,2025-06-06 12:25:00,161.0,166.3813438413706,True
552,MLP,2025-06-06 12:30:00,163.0,141.35321501015636,True
552,MLP,2025-06-06 12:35:00,164.0,138.2890029283759,True
552,MLP,2025-06-06 12:40:00,164.0,127.69781707007297,True
552,MLP,2025-06-06 12:45:00,164.0,137.1935250308074,True
552,MLP,2025-06-06 12:50:00,164.0,143.92693792629325,True
552,MLP,2025-06-06 12:55:00,164.0,154.06164918101862,True
552,MLP,2025-06-06 13:00:00,164.0,157.38173254613218,True
552,MLP,2025-06-06 13:05:00,164.0,158.85642121704214,True
552,MLP,2025-06-06 13:10:00,165.0,162.40390409736386,True
552,MLP,2025-06-06 13:15:00,167.0,161.27028620312308,True
552,MLP,2025-06-06 13:20:00,166.0,162.25574661253887,True
552,MLP,2025-06-06 13:25:00,165.0,163.27404562558723,True
552,MLP,2025-06-06 13:30:00,166.0,164.68125623779392,True
552,MLP,2025-06-06 13:35:00,166.0,164.52679066443386,True
552,MLP,2025-06-06 13:40:00,166.0,167.11635123126106,True
552,MLP,2025-06-06 13:45:00,167.0,171.0705717849348,True
552,MLP,2025-06-06 13:50:00,167.0,163.22902072793653,True
552,MLP,2025-06-06 13:55:00,166.0,162.80749202535526,True
552,MLP,2025-06-06 14:00:00,165.0,168.03870415160543,True
552,MLP,2025-06-06 14:05:00,166.0,165.6348503591551,True
552,MLP,2025-06-06 14:10:00,167.0,166.7777851591198,True
552,MLP,2025-06-06 14:15:00,166.0,170.00764087155852,True
552,MLP,2025-06-06 14:20:00,163.0,167.69018005735774,True
552,MLP,2025-06-06 14:25:00,166.0,165.06985783155488,True
552,MLP,2025-06-06 14:30:00,171.0,163.502644930254,True
552,MLP,2025-06-06 14:35:00,178.0,169.2573154676766,True
552,MLP,2025-06-06 14:40:00,186.0,170.60715178870902,True
552,MLP,2025-06-06 14:45:00,189.0,164.630147240877,True
552,MLP,2025-06-06 14:50:00,202.0,158.44993955512274,True
552,MLP,2025-06-06 14:55:00,217.0,175.1927996166395,True
552,MLP,2025-06-06 15:00:00,231.0,182.04799345187195,True
552,MLP,2025-06-06 15:05:00,242.0,195.79943422606306,True
552,MLP,2025-06-06 15:10:00,252.0,207.1123401564936,True
552,MLP,2025-06-06 15:15:00,263.0,197.8678082970535,True
552,MLP,2025-06-06 15:20:00,272.0,234.61171140716692,True
552,MLP,2025-06-06 15:25:00,279.0,252.50636684359804,True
552,MLP,2025-06-06 15:30:00,285.0,272.2525756052456,True
552,MLP,2025-06-06 15:35:00,292.0,278.90497818960677,True
552,MLP,2025-06-06 15:40:00,296.0,277.3367597125907,True
552,MLP,2025-06-06 15:45:00,298.0,291.6364164181653,True
552,MLP,2025-06-06 15:50:00,299.0,290.5670431808149,True
552,MLP,2025-06-06 15:55:00,302.0,293.2762636444325,True
552,MLP,2025-06-06 16:00:00,304.0,291.57282209062777,True
552,MLP,2025-06-06 16:05:00,304.0,293.31942674465853,True
552,MLP,2025-06-06 16:10:00,302.0,288.37935642738785,True
552,MLP,2025-06-06 16:15:00,300.0,287.6284665726906,True
552,MLP,2025-06-06 16:20:00,296.0,284.15696472896894,True
552,MLP,2025-06-06 16:25:00,291.0,295.5465435188297,True
552,MLP,2025-06-06 16:30:00,285.0,293.24289764787676,True
552,MLP,2025-06-06 16:35:00,279.0,285.43494673651446,True
552,MLP,2025-06-06 16:40:00,270.0,282.425010403596,True
552,MLP,2025-06-06 16:45:00,270.0,277.72342050977767,True
552,MLP,2025-06-06 16:50:00,272.0,264.5105224018393,True
552,MLP,2025-06-06 16:55:00,274.0,253.4889840624565,True
552,MLP,2025-06-06 17:00:00,274.0,243.98778795643696,True
552,MLP,2025-06-06 17:05:00,273.0,240.99833611756296,True
552,MLP,2025-06-06 17:10:00,273.0,227.98950732310323,True
552,MLP,2025-06-06 17:15:00,274.0,248.77831368969427,True
552,MLP,2025-06-06 17:20:00,277.0,256.6080161101711,True
552,MLP,2025-06-06 17:25:00,278.0,266.61287204665524,True
552,MLP,2025-06-06 17:30:00,277.0,261.23001399058387,True
552,MLP,2025-06-06 17:35:00,276.0,260.130237676183,True
552,MLP,2025-06-06 17:40:00,277.0,263.37267996791786,True
552,MLP,2025-06-06 17:45:00,279.0,265.3622470689411,True
552,MLP,2025-06-06 17:50:00,277.0,274.5267526320085,True
552,MLP,2025-06-06 17:55:00,280.0,273.8952960161237,True
552,MLP,2025-06-06 18:00:00,285.0,269.5116262385749,True
552,MLP,2025-06-06 18:05:00,291.0,261.1101161495478,True
552,MLP,2025-06-06 18:10:00,299.0,270.50352721177,True
552,MLP,2025-06-06 18:15:00,304.0,271.99537624280936,True
552,MLP,2025-06-06 18:20:00,305.0,260.3207540288096,True
552,MLP,2025-06-06 18:25:00,303.0,264.93437188361986,True
552,MLP,2025-06-06 18:30:00,299.0,279.3545102575066,True
552,MLP,2025-06-06 18:35:00,294.0,285.45355019086753,True
552,MLP,2025-06-06 18:40:00,288.0,288.5954508078933,True
552,MLP,2025-06-06 18:45:00,285.0,287.81794564939133,True
552,MLP,2025-06-06 18:50:00,282.0,281.1955390259157,True
552,MLP,2025-06-06 18:55:00,279.0,271.9195043662124,True
552,MLP,2025-06-06 19:00:00,275.0,261.01324822353297,True
552,MLP,2025-06-06 19:05:00,270.0,258.5495886194502,True
552,MLP,2025-06-06 19:10:00,263.0,247.0697415143196,True
552,MLP,2025-06-06 19:15:00,252.0,255.6682556397219,True
552,MLP,2025-06-06 19:20:00,240.0,250.219873555434,True
552,MLP,2025-06-06 19:25:00,229.0,255.30371382731053,True
552,MLP,2025-06-06 19:30:00,221.0,250.40445930165106,True
552,MLP,2025-06-06 19:35:00,219.0,244.6142007576101,True
552,MLP,2025-06-06 19:40:00,219.0,234.97743904217495,True
552,MLP,2025-06-06 19:45:00,217.0,217.99364669554595,True
552,MLP,2025-06-06 19:50:00,215.0,204.1325817199058,True
552,MLP,2025-06-06 19:55:00,212.0,195.85217988776526,True
552,MLP,2025-06-06 20:00:00,208.0,196.39103255538504,True
552,MLP,2025-06-06 20:05:00,204.0,212.16783918384897,True
552,MLP,2025-06-06 20:10:00,198.0,212.24565912277203,True
552,MLP,2025-06-06 20:15:00,191.0,207.49034984182106,True
552,MLP,2025-06-06 20:20:00,188.0,205.3667825399384,True
552,MLP,2025-06-06 20:25:00,186.0,200.62019695203713,True
552,MLP,2025-06-06 20:30:00,183.0,194.26981221971144,True
552,MLP,2025-06-06 20:35:00,180.0,191.85280563702997,True
552,MLP,2025-06-06 20:40:00,174.0,180.38582998887077,True
552,MLP,2025-06-06 20:45:00,167.0,179.83775328685607,True
552,MLP,2025-06-06 20:50:00,163.0,182.97587675973654,True
552,MLP,2025-06-06 20:55:00,160.0,180.583108733522,True
552,MLP,2025-06-06 21:00:00,154.0,172.38810413122192,True
552,MLP,2025-06-06 21:05:00,147.0,165.63087553229408,True
552,MLP,2025-06-06 21:10:00,147.0,152.17293028598448,True
552,MLP,2025-06-06 21:15:00,147.0,143.28936509469062,True
552,MLP,2025-06-06 21:20:00,147.0,146.26889671043276,True
552,MLP,2025-06-06 21:25:00,147.0,144.69898590764703,True
552,MLP,2025-06-06 21:30:00,147.0,134.5548468888781,True
552,MLP,2025-06-06 21:35:00,147.0,128.13362186097842,True
552,MLP,2025-06-06 21:40:00,152.0,148.1464696703717,True
552,MLP,2025-06-06 21:45:00,153.0,145.35845104318346,True
552,MLP,2025-06-06 21:50:00,151.0,145.8594393996288,True
552,MLP,2025-06-06 21:55:00,150.0,145.12738764158416,True
552,MLP,2025-06-06 22:00:00,149.0,146.3144342897015,True
552,MLP,2025-06-06 22:05:00,146.0,147.3057388296253,True
552,MLP,2025-06-06 22:10:00,142.0,162.46691466984424,True
552,MLP,2025-06-06 22:15:00,143.0,152.15825755314813,True
552,MLP,2025-06-06 22:20:00,144.0,145.7178710588318,True
552,MLP,2025-06-06 22:25:00,144.0,150.77063905733195,True
552,MLP,2025-06-06 22:30:00,147.0,147.74464637195493,True
552,MLP,2025-06-06 22:35:00,147.0,140.4435217615812,True
552,MLP,2025-06-06 22:40:00,149.0,132.97512310525434,True
552,MLP,2025-06-06 22:45:00,152.0,142.86931199992824,True
552,MLP,2025-06-06 22:50:00,157.0,144.41011799262668,True
552,MLP,2025-06-06 22:55:00,168.0,143.9445626563309,True
552,MLP,2025-06-06 23:00:00,176.0,155.38331761160498,True
552,MLP,2025-06-06 23:05:00,181.0,146.892959081713,True
552,MLP,2025-06-06 23:10:00,182.0,157.37372741191592,True
552,MLP,2025-06-06 23:15:00,182.0,159.74292242553804,True
552,MLP,2025-06-06 23:20:00,181.0,171.9354243274696,True
552,MLP,2025-06-06 23:25:00,178.0,185.83207467160278,True
552,MLP,2025-06-06 23:30:00,176.0,191.70572278084413,True
552,MLP,2025-06-06 23:35:00,177.0,193.71397664754966,True
552,MLP,2025-06-06 23:40:00,176.0,185.80271793035735,True
552,MLP,2025-06-06 23:45:00,172.0,185.75455815828894,True
552,MLP,2025-06-06 23:50:00,169.0,183.716394237016,True
552,MLP,2025-06-06 23:55:00,169.0,176.80861177065236,True
552,MLP,2025-06-07 00:00:00,168.0,176.26145825833083,True
552,MLP,2025-06-07 00:05:00,164.0,183.61592635815268,True
552,MLP,2025-06-07 00:10:00,159.0,175.19679571140085,True
552,MLP,2025-06-07 00:15:00,155.0,162.95444007198518,True
552,MLP,2025-06-07 00:20:00,154.0,159.1328660784997,True
552,MLP,2025-06-07 00:25:00,154.0,165.2710811725162,True
552,MLP,2025-06-07 00:30:00,151.0,162.21290834579725,True
552,MLP,2025-06-07 00:35:00,145.0,152.88198886715696,True
552,MLP,2025-06-07 00:40:00,145.0,146.21670947980755,True
552,MLP,2025-06-07 00:45:00,145.0,142.6821733488856,True
552,MLP,2025-06-07 00:50:00,142.0,148.90775127187533,True
552,MLP,2025-06-07 00:55:00,144.0,151.19853685486282,True
552,MLP,2025-06-07 01:00:00,143.0,141.60495048169759,True
552,MLP,2025-06-07 01:05:00,142.0,131.23712842421304,True
552,MLP,2025-06-07 01:10:00,145.0,142.36014079907417,True
552,MLP,2025-06-07 01:15:00,148.0,139.26921456270418,True
552,MLP,2025-06-07 01:20:00,153.0,134.05434688109676,True
552,MLP,2025-06-07 01:25:00,164.0,147.7459393607363,True
552,MLP,2025-06-07 01:30:00,179.0,139.6572806033313,True
552,MLP,2025-06-07 01:35:00,192.0,139.32310050592326,True
552,MLP,2025-06-07 01:40:00,198.0,149.9043918777853,True
552,MLP,2025-06-07 01:45:00,198.0,154.1546789986943,True
552,MLP,2025-06-07 01:50:00,196.0,166.06038475551335,True
552,MLP,2025-06-07 01:55:00,192.0,177.89093489483744,True
552,MLP,2025-06-07 02:00:00,188.0,197.4482750013409,True
552,MLP,2025-06-07 02:05:00,183.0,212.8846816997388,True
552,MLP,2025-06-07 02:10:00,179.0,206.0555544818768,True
552,MLP,2025-06-07 02:15:00,173.0,195.0624276539865,True
552,MLP,2025-06-07 02:20:00,167.0,188.0612621908384,True
552,MLP,2025-06-07 02:25:00,161.0,183.32880742110513,True
552,MLP,2025-06-07 02:30:00,153.0,181.6415191221643,True
552,MLP,2025-06-07 02:35:00,150.0,170.68534894520758,True
552,MLP,2025-06-07 02:40:00,148.0,168.74741747897292,True
552,MLP,2025-06-07 02:45:00,147.0,151.02925141371077,True
552,MLP,2025-06-07 02:50:00,147.0,144.62527397783387,True
552,MLP,2025-06-07 02:55:00,146.0,139.03990699243496,True
552,MLP,2025-06-07 03:00:00,145.0,125.46406311377048,True
552,MLP,2025-06-07 03:05:00,145.0,136.44183365939278,True
552,MLP,2025-06-07 03:10:00,146.0,137.70647698034074,True
552,MLP,2025-06-07 03:15:00,147.0,139.7045562684189,True
552,MLP,2025-06-07 03:20:00,149.0,142.84729048027208,True
552,MLP,2025-06-07 03:25:00,150.0,139.06468907285284,True
552,MLP,2025-06-07 03:30:00,153.0,138.78443232234508,True
552,MLP,2025-06-07 03:35:00,155.0,141.69031095886663,True
552,MLP,2025-06-07 03:40:00,157.0,146.1807685003689,True
552,MLP,2025-06-07 03:45:00,160.0,148.32904717053935,True
552,MLP,2025-06-07 03:50:00,163.0,153.47928736463209,True
552,MLP,2025-06-07 03:55:00,167.0,152.2196776483156,True
552,MLP,2025-06-07 04:00:00,169.0,160.7228115205893,True
552,MLP,2025-06-07 04:05:00,170.0,159.43814868166288,True
552,MLP,2025-06-07 04:10:00,175.0,162.9312533991291,True
552,MLP,2025-06-07 04:15:00,180.0,168.9934660667141,True
552,MLP,2025-06-07 04:20:00,183.0,172.72154205207394,True
552,MLP,2025-06-07 04:25:00,186.0,180.18885747148093,True
552,MLP,2025-06-07 04:30:00,191.0,175.97641547334467,True
552,MLP,2025-06-07 04:35:00,194.0,174.30207502108624,True
552,MLP,2025-06-07 04:40:00,197.0,187.56745003194095,True
552,MLP,2025-06-07 04:45:00,202.0,193.1842390390892,True
552,MLP,2025-06-07 04:50:00,209.0,193.14286406208691,True
552,MLP,2025-06-07 04:55:00,213.0,196.81270809688482,True
552,MLP,2025-06-07 05:00:00,214.0,205.8704731907892,True
552,MLP,2025-06-07 05:05:00,216.0,203.5021454540186,True
552,MLP,2025-06-07 05:10:00,220.0,207.3100641356245,True
552,MLP,2025-06-07 05:15:00,224.0,215.35724501163844,True
552,MLP,2025-06-07 05:20:00,228.0,224.74587916562794,True
552,MLP,2025-06-07 05:25:00,230.0,224.57968181422999,True
552,MLP,2025-06-07 05:30:00,233.0,218.90978800711724,True
552,MLP,2025-06-07 05:35:00,237.0,222.71537732265236,True
552,MLP,2025-06-07 05:40:00,242.0,229.5415143608208,True
552,MLP,2025-06-07 05:45:00,246.0,235.06035966693617,True
552,MLP,2025-06-07 05:50:00,249.0,239.3310896334218,True
552,MLP,2025-06-07 05:55:00,252.0,235.75632481204372,True
552,MLP,2025-06-07 06:00:00,254.0,243.86757442330781,True
552,MLP,2025-06-07 06:05:00,256.0,247.67107030750455,True
552,MLP,2025-06-07 06:10:00,258.0,254.24320661404468,True
552,MLP,2025-06-07 06:15:00,263.0,257.24224460656546,True
552,MLP,2025-06-07 06:20:00,268.0,258.9810400443931,True
552,MLP,2025-06-07 06:25:00,270.0,261.9323003271465,True
552,MLP,2025-06-07 06:30:00,266.0,260.556476317969,True
552,MLP,2025-06-07 06:35:00,266.0,263.02838649136095,True
552,MLP,2025-06-07 06:40:00,264.0,265.6623325760484,True
552,MLP,2025-06-07 06:45:00,264.0,273.6674807178623,True
552,MLP,2025-06-07 06:50:00,265.0,276.9568668702495,True
552,MLP,2025-06-07 06:55:00,263.0,274.2273400143814,True
552,MLP,2025-06-07 07:00:00,261.0,260.5388961202192,True
552,MLP,2025-06-07 07:05:00,260.0,268.5488615594623,True
552,MLP,2025-06-07 07:10:00,258.0,258.3064431159188,True
552,MLP,2025-06-07 07:15:00,257.0,264.83332078997717,True
552,MLP,2025-06-07 07:20:00,255.0,267.2279548600318,True
552,MLP,2025-06-07 07:25:00,253.0,258.8865062863815,True
552,MLP,2025-06-07 07:30:00,251.0,256.4600196688631,True
552,MLP,2025-06-07 07:35:00,249.0,256.3639687239371,True
552,MLP,2025-06-07 07:40:00,250.0,251.9665359209573,True
552,MLP,2025-06-07 07:45:00,249.0,255.7033544864036,True
552,MLP,2025-06-07 07:50:00,246.0,249.30822523189426,True
552,MLP,2025-06-07 07:55:00,245.0,246.8412224341859,True
552,MLP,2025-06-07 08:00:00,243.0,243.94597558527653,True
552,MLP,2025-06-07 08:05:00,240.0,242.10419946861458,True
552,MLP,2025-06-07 08:10:00,236.0,249.28866311539045,True
552,MLP,2025-06-07 08:15:00,233.0,244.37008687729247,True
552,MLP,2025-06-07 08:20:00,229.0,237.82354829512212,True
552,MLP,2025-06-07 08:25:00,225.0,240.7643798255251,True
552,MLP,2025-06-07 08:30:00,223.0,235.73520533589004,True
552,MLP,2025-06-07 08:35:00,222.0,231.28138687649184,True
552,MLP,2025-06-07 08:40:00,219.0,225.4166847446141,True
552,MLP,2025-06-07 08:45:00,215.0,223.84129667243496,True
552,MLP,2025-06-07 08:50:00,213.0,216.7530679790611,True
552,MLP,2025-06-07 08:55:00,211.0,211.81883595022816,True
552,MLP,2025-06-07 09:00:00,209.0,214.07282893813033,True
552,MLP,2025-06-07 09:05:00,207.0,215.90370140479072,True
552,MLP,2025-06-07 09:10:00,206.0,208.41757538832908,True
552,MLP,2025-06-07 09:15:00,202.0,202.49238726435993,True
552,MLP,2025-06-07 09:20:00,200.0,204.3822315346071,True
552,MLP,2025-06-07 09:25:00,200.0,202.05769059573998,True
552,MLP,2025-06-07 09:30:00,200.0,201.13803048577319,True
552,MLP,2025-06-07 09:35:00,200.0,198.65117845125596,True
552,MLP,2025-06-07 09:40:00,200.0,199.54514773891853,True
552,MLP,2025-06-07 09:45:00,200.0,190.44877474103072,True
552,MLP,2025-06-07 09:50:00,200.0,192.65927495477635,True
552,MLP,2025-06-07 09:55:00,200.0,195.22505233078002,True
552,MLP,2025-06-07 11:15:00,167.0,163.27550450617287,False
552,MLP,2025-06-07 11:20:00,167.0,161.32080708760367,False
552,MLP,2025-06-07 11:25:00,165.0,159.5858886807713,False
552,MLP,2025-06-07 11:30:00,170.0,159.88593879751585,False
552,MLP,2025-06-07 11:35:00,174.0,167.89611241531048,False
552,MLP,2025-06-07 11:40:00,178.0,166.0954639596677,False
552,MLP,2025-06-07 11:45:00,178.0,172.14810054397844,True
552,MLP,2025-06-07 11:50:00,182.0,170.9142152262716,True
552,MLP,2025-06-07 11:55:00,186.0,161.78561592953955,True
552,MLP,2025-06-07 12:00:00,184.0,181.04775580141222,True
552,MLP,2025-06-07 12:05:00,186.0,181.21921736901277,True
552,MLP,2025-06-07 12:10:00,191.0,191.53774653727083,True
552,MLP,2025-06-07 12:15:00,197.0,177.9447667822937,True
552,MLP,2025-06-07 12:20:00,204.0,193.70614838696426,True
552,MLP,2025-06-07 12:25:00,211.0,194.67657408657092,True
552,MLP,2025-06-07 12:30:00,218.0,183.45200663604618,True
552,MLP,2025-06-07 12:35:00,222.0,198.09121103000598,True
552,MLP,2025-06-07 12:40:00,225.0,205.57755787688808,True
552,MLP,2025-06-07 12:45:00,228.0,211.34273267133523,True
552,MLP,2025-06-07 12:50:00,234.0,217.448567131166,True
552,MLP,2025-06-07 12:55:00,238.0,217.91026757338304,True
552,MLP,2025-06-07 13:00:00,242.0,225.48727031084456,True
552,MLP,2025-06-07 13:05:00,242.0,220.4604662418965,True
552,MLP,2025-06-07 13:10:00,240.0,225.92491967299304,True
552,MLP,2025-06-07 13:15:00,240.0,232.55929815479885,True
552,MLP,2025-06-07 13:20:00,241.0,248.35889669368208,True
552,MLP,2025-06-07 13:25:00,238.0,242.0019777290916,True
552,MLP,2025-06-07 13:30:00,236.0,247.4085184048961,True
552,MLP,2025-06-07 13:35:00,234.0,237.60907543033557,True
552,MLP,2025-06-07 13:40:00,237.0,231.83277422420014,True
552,MLP,2025-06-07 13:45:00,236.0,239.8402720703761,True
552,MLP,2025-06-07 13:50:00,239.0,241.39540477796422,True
552,MLP,2025-06-07 13:55:00,240.0,227.64843141624766,True
552,MLP,2025-06-07 14:00:00,240.0,226.2929161686946,True
552,MLP,2025-06-07 14:05:00,242.0,219.55053216859352,True
552,MLP,2025-06-07 14:10:00,245.0,232.7385799874791,True
552,MLP,2025-06-07 14:15:00,247.0,222.4637649084088,True
552,MLP,2025-06-07 14:20:00,251.0,239.93355256628186,True
552,MLP,2025-06-07 14:25:00,255.0,233.402778026718,True
552,MLP,2025-06-07 14:30:00,257.0,233.0496455735327,True
552,MLP,2025-06-07 14:35:00,257.0,238.84075987212037,True
552,MLP,2025-06-07 14:40:00,257.0,245.80383184417454,True
552,MLP,2025-06-07 14:45:00,262.0,247.75823244756762,True
552,MLP,2025-06-07 14:50:00,268.0,256.74298607086445,True
552,MLP,2025-06-07 14:55:00,278.0,259.22535602952064,True
552,MLP,2025-06-07 15:00:00,288.0,258.8492677801631,True
552,MLP,2025-06-07 15:05:00,300.0,254.54582101025696,True
552,MLP,2025-06-07 15:10:00,307.0,256.3708498784224,True
552,MLP,2025-06-07 15:15:00,304.0,268.6617333048208,True
552,MLP,2025-06-07 15:20:00,307.0,277.63615447935956,True
552,MLP,2025-06-07 15:25:00,307.0,291.6820891973392,True
552,MLP,2025-06-07 15:30:00,302.0,302.6235229694249,True
552,MLP,2025-06-07 15:35:00,293.0,314.20453662641887,True
552,MLP,2025-06-07 15:40:00,289.0,319.9785081013524,True
552,MLP,2025-06-07 15:45:00,287.0,294.08003460126326,True
552,MLP,2025-06-07 15:50:00,283.0,304.90406405466126,True
552,MLP,2025-06-07 15:55:00,276.0,289.8319396384452,True
552,MLP,2025-06-07 16:00:00,269.0,272.703621027248,True
552,MLP,2025-06-07 16:05:00,261.0,248.1664159967602,True
552,MLP,2025-06-07 16:10:00,252.0,256.0204534863274,True
552,MLP,2025-06-07 16:15:00,244.0,254.07002881441747,True
552,MLP,2025-06-07 16:20:00,238.0,242.91344251470593,True
552,MLP,2025-06-07 16:25:00,233.0,230.36795927564043,True
552,MLP,2025-06-07 16:30:00,229.0,222.0674703972467,True
552,MLP,2025-06-07 16:35:00,224.0,227.4661005195803,True
552,MLP,2025-06-07 16:40:00,215.0,219.87180197036793,True
552,LightGBM,2025-05-25 00:00:00,173.0,158.98460827762236,False
552,LightGBM,2025-05-25 00:05:00,168.0,171.62864169899152,True
552,LightGBM,2025-05-25 00:10:00,163.0,171.56873102520288,True
552,LightGBM,2025-05-25 00:15:00,160.0,168.1712778110203,True
552,LightGBM,2025-05-25 00:20:00,157.0,172.98990398592534,True
552,LightGBM,2025-05-25 00:25:00,155.0,161.81413495112415,True
552,LightGBM,2025-05-25 00:30:00,154.0,157.46889359867217,True
552,LightGBM,2025-05-25 00:35:00,153.0,148.4942210065789,True
552,LightGBM,2025-05-25 00:40:00,151.0,143.8015435596131,True
552,LightGBM,2025-05-25 00:45:00,148.0,147.6032717136086,True
552,LightGBM,2025-05-25 00:50:00,141.0,141.95991087327735,True
552,LightGBM,2025-05-25 00:55:00,137.0,142.70349727843526,True
552,LightGBM,2025-05-25 01:00:00,133.0,142.54570976633664,True
552,LightGBM,2025-05-25 01:05:00,129.0,142.09859784228001,True
552,LightGBM,2025-05-25 01:10:00,125.0,137.65984606379686,True
552,LightGBM,2025-05-25 01:15:00,121.0,134.51158282447383,True
552,LightGBM,2025-05-25 01:20:00,119.0,118.92236784535865,True
552,LightGBM,2025-05-25 01:25:00,114.0,124.39967171015732,True
552,LightGBM,2025-05-25 01:30:00,108.0,119.28678907677984,True
552,LightGBM,2025-05-25 01:35:00,105.0,115.44844743388742,True
552,LightGBM,2025-05-25 01:40:00,101.0,110.98466328742794,True
552,LightGBM,2025-05-25 01:45:00,98.0,108.00327467263598,True
552,LightGBM,2025-05-25 01:50:00,95.0,111.01736194069724,True
552,LightGBM,2025-05-25 01:55:00,93.0,98.41018496505362,True
552,LightGBM,2025-05-25 02:00:00,90.0,91.9322593392006,True
552,LightGBM,2025-05-25 02:05:00,87.0,96.64287314369949,True
552,LightGBM,2025-05-25 02:10:00,85.0,88.39345020025405,True
552,LightGBM,2025-05-25 02:15:00,83.0,88.98480805966487,True
552,LightGBM,2025-05-25 02:20:00,83.0,85.85449562160915,True
552,LightGBM,2025-05-25 02:25:00,78.0,86.93226557420985,True
552,LightGBM,2025-05-25 02:30:00,73.0,84.20330115694084,True
552,LightGBM,2025-05-25 02:35:00,69.0,80.38817791814365,True
552,LightGBM,2025-05-25 02:40:00,66.0,81.35944197818189,True
552,LightGBM,2025-05-25 02:45:00,63.0,80.47188273698258,True
552,LightGBM,2025-05-25 02:50:00,61.0,85.1282725593169,True
552,LightGBM,2025-05-25 02:55:00,58.0,75.03233818552056,True
552,LightGBM,2025-05-25 03:00:00,57.0,72.54358134605671,True
552,LightGBM,2025-05-25 03:05:00,64.0,71.77458051135264,True
552,LightGBM,2025-05-25 03:10:00,79.0,69.84627945777822,True
552,LightGBM,2025-05-25 03:15:00,75.0,69.50874492640558,True
552,LightGBM,2025-05-25 03:20:00,79.0,66.57646570638761,True
552,LightGBM,2025-05-25 03:25:00,85.0,63.890078507743745,True
552,LightGBM,2025-05-25 03:30:00,96.0,65.69332165990474,True
552,LightGBM,2025-05-25 03:35:00,109.0,92.81866462165458,True
552,LightGBM,2025-05-25 03:40:00,118.0,107.93320368831155,True
552,LightGBM,2025-05-25 03:45:00,121.0,83.60246963358513,True
552,LightGBM,2025-05-25 03:50:00,116.0,100.23267023935405,True
552,LightGBM,2025-05-25 03:55:00,117.0,107.2804491070222,True
552,LightGBM,2025-05-25 04:00:00,117.0,131.38787071100293,True
552,LightGBM,2025-05-25 04:05:00,115.0,148.9869207434621,True
552,LightGBM,2025-05-25 04:10:00,113.0,137.91139267742284,True
552,LightGBM,2025-05-25 04:15:00,111.0,132.728053605429,True
552,LightGBM,2025-05-25 04:20:00,107.0,115.27142832787705,True
552,LightGBM,2025-05-25 04:25:00,104.0,123.0896913768746,True
552,LightGBM,2025-05-25 04:30:00,102.0,117.27540059392308,True
552,LightGBM,2025-05-25 04:35:00,99.0,114.1602667527332,True
552,LightGBM,2025-05-25 04:40:00,97.0,110.49072029370416,True
552,LightGBM,2025-05-25 04:45:00,95.0,107.18946519813231,True
552,LightGBM,2025-05-25 04:50:00,93.0,100.23678184909267,True
552,LightGBM,2025-05-25 04:55:00,92.0,97.42209393544879,True
552,LightGBM,2025-05-25 05:00:00,91.0,96.62070350518955,True
552,LightGBM,2025-05-25 05:05:00,90.0,92.85168680541406,True
552,LightGBM,2025-05-25 05:10:00,89.0,93.08508483428044,True
552,LightGBM,2025-05-25 05:15:00,88.0,90.46405445568406,True
552,LightGBM,2025-05-25 05:20:00,87.0,88.26434377524852,True
552,LightGBM,2025-05-25 05:25:00,85.0,90.18010212006222,True
552,LightGBM,2025-05-25 05:30:00,84.0,88.72748250443078,True
552,LightGBM,2025-05-25 05:35:00,83.0,88.40389583028727,True
552,LightGBM,2025-05-25 05:40:00,83.0,87.14531807502327,True
552,LightGBM,2025-05-25 05:45:00,84.0,86.8870586631679,True
552,LightGBM,2025-05-25 05:50:00,83.0,84.1114862897619,True
552,LightGBM,2025-05-25 05:55:00,82.0,82.89178519396549,True
552,LightGBM,2025-05-25 06:00:00,82.0,83.94737973123428,True
552,LightGBM,2025-05-25 06:05:00,82.0,83.25076813452904,True
552,LightGBM,2025-05-25 06:10:00,83.0,85.69963303394633,True
552,LightGBM,2025-05-25 06:15:00,84.0,88.05335807260981,True
552,LightGBM,2025-05-25 06:20:00,86.0,83.34943969060355,True
552,LightGBM,2025-05-25 06:25:00,87.0,81.67061152395387,True
552,LightGBM,2025-05-25 06:30:00,87.0,83.51117418985444,True
552,LightGBM,2025-05-25 06:35:00,88.0,83.68748236084848,True
552,LightGBM,2025-05-25 06:40:00,88.0,88.75336452900537,True
552,LightGBM,2025-05-25 06:45:00,89.0,88.4433359306523,True
552,LightGBM,2025-05-25 06:50:00,91.0,94.58149882042265,True
552,LightGBM,2025-05-25 06:55:00,91.0,91.701921271959,True
552,LightGBM,2025-05-25 07:00:00,91.0,90.7770693038627,True
552,LightGBM,2025-05-25 07:05:00,92.0,96.44409060687384,True
552,LightGBM,2025-05-25 07:10:00,92.0,92.88990209250834,True
552,LightGBM,2025-05-25 07:15:00,92.0,96.44126521958736,True
552,LightGBM,2025-05-25 07:20:00,91.0,99.980660383839,True
552,LightGBM,2025-05-25 07:25:00,91.0,96.16533964921354,True
552,LightGBM,2025-05-25 07:30:00,91.0,97.96826860944142,True
552,LightGBM,2025-05-25 07:35:00,90.0,99.30286050022721,True
552,LightGBM,2025-05-25 07:40:00,89.0,96.31893068329285,True
552,LightGBM,2025-05-25 07:45:00,87.0,96.49679147806563,True
552,LightGBM,2025-05-25 07:50:00,86.0,93.41544970390409,True
552,LightGBM,2025-05-25 07:55:00,87.0,96.3975458942537,True
552,LightGBM,2025-05-25 08:00:00,87.0,96.5354241780877,True
552,LightGBM,2025-05-25 08:05:00,86.0,92.94831378195964,True
552,LightGBM,2025-05-25 08:10:00,86.0,90.3091246179065,True
552,LightGBM,2025-05-25 08:15:00,83.0,86.87149452766806,True
552,LightGBM,2025-05-25 08:20:00,82.0,88.2580150094878,True
552,LightGBM,2025-05-25 08:25:00,87.0,93.61774584770728,True
552,LightGBM,2025-05-25 08:30:00,101.0,90.85152440092091,True
552,LightGBM,2025-05-25 08:35:00,96.0,88.38061288456976,True
552,LightGBM,2025-05-25 08:40:00,99.0,90.77738954240722,True
552,LightGBM,2025-05-25 08:45:00,100.0,85.95715493544533,True
552,LightGBM,2025-05-25 08:50:00,101.0,86.42559859725333,True
552,LightGBM,2025-05-25 08:55:00,111.0,106.06645298140472,True
552,LightGBM,2025-05-25 09:00:00,119.0,133.7205097964931,True
552,LightGBM,2025-05-25 09:05:00,120.0,98.60846872744231,True
552,LightGBM,2025-05-25 09:10:00,119.0,115.71721296860798,True
552,LightGBM,2025-05-25 09:15:00,118.0,107.34290605801804,True
552,LightGBM,2025-05-25 09:20:00,119.0,109.80611515639816,True
552,LightGBM,2025-05-25 09:25:00,122.0,143.26876622257436,True
552,LightGBM,2025-05-25 09:30:00,124.0,139.0475638240971,True
552,LightGBM,2025-05-25 09:35:00,126.0,125.24727328318787,True
552,LightGBM,2025-05-25 09:40:00,128.0,120.03232529736161,True
552,LightGBM,2025-05-25 09:45:00,130.0,117.56808776954178,True
552,LightGBM,2025-05-25 09:50:00,133.0,122.12586909773744,True
552,LightGBM,2025-05-25 09:55:00,138.0,131.28729240735063,True
552,LightGBM,2025-05-25 10:00:00,140.0,128.99447642851035,True
552,LightGBM,2025-05-25 10:05:00,141.0,132.67558825547565,True
552,LightGBM,2025-05-25 10:10:00,143.0,138.54467996660398,True
552,LightGBM,2025-05-25 10:15:00,150.0,140.32141674822572,True
552,LightGBM,2025-05-25 10:20:00,164.0,147.1712439956357,True
552,LightGBM,2025-05-25 10:25:00,177.0,153.63582105878464,True
552,LightGBM,2025-05-25 10:30:00,188.0,149.6189855369769,True
552,LightGBM,2025-05-25 10:35:00,199.0,148.8905537717685,True
552,LightGBM,2025-05-25 10:40:00,203.0,152.74386517716675,True
552,LightGBM,2025-05-25 10:45:00,196.0,182.38437579205308,True
552,LightGBM,2025-05-25 10:50:00,199.0,199.25175576154885,True
552,LightGBM,2025-05-25 10:55:00,204.0,208.8923068141629,True
552,LightGBM,2025-05-25 11:00:00,209.0,215.54571038148325,True
552,LightGBM,2025-05-25 11:05:00,208.0,231.16624840316712,True
552,LightGBM,2025-05-25 11:10:00,202.0,207.26113842919477,True
552,LightGBM,2025-05-25 11:15:00,195.0,180.90898655975442,True
552,LightGBM,2025-05-25 11:20:00,189.0,201.36095119488812,True
552,LightGBM,2025-05-25 11:25:00,179.0,205.1874550609512,True
552,LightGBM,2025-05-25 11:30:00,170.0,210.2900522626599,True
552,LightGBM,2025-05-25 11:35:00,161.0,196.22070018397554,True
552,LightGBM,2025-05-25 11:40:00,152.0,181.38083762024328,True
552,LightGBM,2025-05-25 11:45:00,147.0,174.4060778772766,True
552,LightGBM,2025-05-25 11:50:00,143.0,165.63564334302654,True
552,LightGBM,2025-05-25 11:55:00,142.0,141.99318433256576,True
552,LightGBM,2025-05-25 12:00:00,147.0,136.3222871354594,True
552,LightGBM,2025-05-25 12:05:00,151.0,123.78559484457914,True
552,LightGBM,2025-05-25 12:10:00,150.0,116.5393896458576,True
552,LightGBM,2025-05-25 12:15:00,145.0,126.5278643978464,True
552,LightGBM,2025-05-25 12:20:00,141.0,124.94478124307982,True
552,LightGBM,2025-05-25 12:25:00,138.0,132.14382521179962,True
552,LightGBM,2025-05-25 12:30:00,135.0,148.12999491069962,True
552,LightGBM,2025-05-25 12:35:00,133.0,155.68862504498713,True
552,LightGBM,2025-05-25 12:40:00,136.0,141.2047306143619,True
552,LightGBM,2025-05-25 12:45:00,137.0,133.21168613414477,True
552,LightGBM,2025-05-25 12:50:00,139.0,132.87811138426392,True
552,LightGBM,2025-05-25 12:55:00,140.0,129.98599530510174,True
552,LightGBM,2025-05-25 13:00:00,138.0,124.3943779863683,True
552,LightGBM,2025-05-25 13:05:00,134.0,125.66766597142485,True
552,LightGBM,2025-05-25 13:10:00,129.0,141.35742572223486,True
552,LightGBM,2025-05-25 13:15:00,124.0,136.3264786410197,True
552,LightGBM,2025-05-25 13:20:00,118.0,146.06051103137239,True
552,LightGBM,2025-05-25 13:25:00,113.0,142.71046958479695,True
552,LightGBM,2025-05-25 13:30:00,103.0,132.43573351409344,True
552,LightGBM,2025-05-25 13:35:00,99.0,126.39761554591918,True
552,LightGBM,2025-05-25 13:40:00,94.0,116.72395183070066,True
552,LightGBM,2025-05-25 13:45:00,90.0,110.43673297563404,True
552,LightGBM,2025-05-25 13:50:00,86.0,101.75487924955897,True
552,LightGBM,2025-05-25 13:55:00,82.0,98.8253020157464,True
552,LightGBM,2025-05-25 14:00:00,79.0,90.83414716595547,True
552,LightGBM,2025-05-25 14:05:00,75.0,94.29964239101817,True
552,LightGBM,2025-05-25 14:10:00,74.0,86.72895648410055,True
552,LightGBM,2025-05-25 14:15:00,74.0,86.7955158849547,True
552,LightGBM,2025-05-25 14:20:00,76.0,83.12037216131222,True
552,LightGBM,2025-05-25 14:25:00,76.0,81.0945137748178,True
552,LightGBM,2025-05-25 14:30:00,75.0,81.29171928862627,True
552,LightGBM,2025-05-25 14:35:00,73.0,78.67569356318644,True
552,LightGBM,2025-05-25 14:40:00,75.0,82.51590385715076,True
552,LightGBM,2025-05-25 14:45:00,86.0,84.9021391189961,True
552,LightGBM,2025-05-25 14:50:00,95.0,93.94368643503653,True
552,LightGBM,2025-05-25 14:55:00,96.0,85.7859533604691,True
552,LightGBM,2025-05-25 15:00:00,101.0,83.98816007306493,True
552,LightGBM,2025-05-25 15:05:00,104.0,81.35736088642474,True
552,LightGBM,2025-05-25 15:10:00,109.0,95.68291213742972,True
552,LightGBM,2025-05-25 15:15:00,116.0,117.04587473051004,True
552,LightGBM,2025-05-25 15:20:00,127.0,125.18369648520901,True
552,LightGBM,2025-05-25 15:25:00,138.0,104.33262622466091,True
552,LightGBM,2025-05-25 15:30:00,149.0,122.70503669049857,True
552,LightGBM,2025-05-25 15:35:00,160.0,117.76819273630842,True
552,LightGBM,2025-05-25 15:40:00,160.0,130.5200109198811,True
552,LightGBM,2025-05-25 15:45:00,160.0,142.0063748971236,True
552,LightGBM,2025-05-25 15:50:00,160.0,170.64474713957435,True
552,LightGBM,2025-05-25 15:55:00,160.0,175.8422535927398,True
552,LightGBM,2025-05-25 16:00:00,160.0,186.86814981108031,True
552,LightGBM,2025-05-25 16:05:00,160.0,192.94767540700107,True
552,LightGBM,2025-05-25 17:35:00,205.0,162.68066247366377,False
552,LightGBM,2025-05-25 17:40:00,209.0,162.7514603211859,False
552,LightGBM,2025-05-25 17:45:00,213.0,162.8534568952711,False
552,LightGBM,2025-05-25 17:50:00,209.0,181.13778273649254,False
552,LightGBM,2025-05-25 17:55:00,206.0,181.08179827083578,False
552,LightGBM,2025-05-25 18:00:00,206.0,169.51750645182787,False
552,LightGBM,2025-05-25 18:05:00,207.0,209.39484362435044,True
552,LightGBM,2025-05-25 18:10:00,201.0,213.954245559775,True
552,LightGBM,2025-05-25 18:15:00,192.0,219.04648340516022,True
552,LightGBM,2025-05-25 18:20:00,184.0,190.57803535972243,True
552,LightGBM,2025-05-25 18:25:00,178.0,190.84847952338185,True
552,LightGBM,2025-05-25 18:30:00,175.0,197.46691140747922,True
552,LightGBM,2025-05-25 18:35:00,171.0,202.3650965506524,True
552,LightGBM,2025-05-25 18:40:00,164.0,180.09594051137495,True
552,LightGBM,2025-05-25 18:45:00,159.0,170.05905320530553,True
552,LightGBM,2025-05-25 18:50:00,157.0,166.53057190593466,True
552,LightGBM,2025-05-25 18:55:00,155.0,158.70641039013617,True
552,LightGBM,2025-05-25 19:00:00,155.0,160.67213666963556,True
552,LightGBM,2025-05-25 19:05:00,155.0,153.53288704649347,True
552,LightGBM,2025-05-25 19:10:00,152.0,140.28504142876744,True
552,LightGBM,2025-05-25 19:15:00,145.0,142.6504465881026,True
552,LightGBM,2025-05-25 19:20:00,139.0,144.25171218551984,True
552,LightGBM,2025-05-25 19:25:00,132.0,141.5348422556874,True
552,LightGBM,2025-05-25 19:30:00,133.0,149.74937867459403,True
552,LightGBM,2025-05-25 19:35:00,135.0,150.21805358630502,True
552,LightGBM,2025-05-25 19:40:00,134.0,138.5113187838709,True
552,LightGBM,2025-05-25 19:45:00,132.0,129.68318316300352,True
552,LightGBM,2025-05-25 19:50:00,127.0,121.9837796723438,True
552,LightGBM,2025-05-25 19:55:00,121.0,110.07491044170705,True
552,LightGBM,2025-05-25 20:00:00,118.0,132.98702143956535,True
552,LightGBM,2025-05-25 20:05:00,113.0,137.49204598781083,True
552,LightGBM,2025-05-25 20:10:00,107.0,130.2672790440288,True
552,LightGBM,2025-05-25 20:15:00,104.0,126.08255704474323,True
552,LightGBM,2025-05-25 20:20:00,103.0,116.14675265779732,True
552,LightGBM,2025-05-25 20:25:00,100.0,112.26715631070378,True
552,LightGBM,2025-05-25 20:30:00,99.0,112.39753510551236,True
552,LightGBM,2025-05-25 20:35:00,97.0,102.0039389003759,True
552,LightGBM,2025-05-25 20:40:00,95.0,97.2940903079272,True
552,LightGBM,2025-05-25 20:45:00,95.0,97.67860764424964,True
552,LightGBM,2025-05-25 20:50:00,97.0,101.1493551730207,True
552,LightGBM,2025-05-25 20:55:00,102.0,94.07371369931035,True
552,LightGBM,2025-05-25 21:00:00,109.0,97.85255566535147,True
552,LightGBM,2025-05-25 21:05:00,120.0,93.31482489901478,True
552,LightGBM,2025-05-25 21:10:00,129.0,91.0028208159786,True
552,LightGBM,2025-05-25 21:15:00,138.0,95.85683425707482,True
552,LightGBM,2025-05-25 21:20:00,145.0,103.71971207629173,True
552,LightGBM,2025-05-25 21:25:00,149.0,118.82913532623209,True
552,LightGBM,2025-05-25 21:30:00,152.0,132.89523419285075,True
552,LightGBM,2025-05-25 21:35:00,155.0,151.57139480397552,True
552,LightGBM,2025-05-25 21:40:00,156.0,153.789778182347,True
552,LightGBM,2025-05-25 21:45:00,156.0,165.34314084283676,True
552,LightGBM,2025-05-25 21:50:00,154.0,165.53361328000315,True
552,LightGBM,2025-05-25 21:55:00,147.0,162.11430184877622,True
552,LightGBM,2025-05-25 22:00:00,144.0,162.11171172367168,True
552,LightGBM,2025-05-25 22:05:00,137.0,167.97988609247554,True
552,LightGBM,2025-05-25 22:10:00,134.0,161.99933042308746,True
552,LightGBM,2025-05-25 22:15:00,126.0,159.23125642711938,True
552,LightGBM,2025-05-25 22:20:00,120.0,146.4552801227699,True
552,LightGBM,2025-05-25 22:25:00,109.0,135.52688471521608,True
552,LightGBM,2025-05-25 22:30:00,106.0,135.9690144376752,True
552,LightGBM,2025-05-25 22:35:00,111.0,120.02558849752614,True
552,LightGBM,2025-05-25 22:40:00,110.0,125.93902148624541,True
552,LightGBM,2025-05-25 22:45:00,109.0,106.45901515216218,True
552,LightGBM,2025-05-25 22:50:00,109.0,104.16112323302265,True
552,LightGBM,2025-05-25 22:55:00,108.0,92.92012874055465,True
552,LightGBM,2025-05-25 23:00:00,108.0,99.51193075608603,True
552,LightGBM,2025-05-25 23:05:00,106.0,119.6020746769205,True
552,LightGBM,2025-05-25 23:10:00,105.0,106.38208952546724,True
552,LightGBM,2025-05-25 23:15:00,103.0,106.86432836703693,True
552,LightGBM,2025-05-25 23:20:00,101.0,109.17943039610921,True
552,LightGBM,2025-05-25 23:25:00,100.0,103.95578398237933,True
552,LightGBM,2025-05-25 23:30:00,100.0,107.60753605819158,True
552,LightGBM,2025-05-25 23:35:00,101.0,100.95209445784243,True
552,LightGBM,2025-05-25 23:40:00,102.0,102.5546132615525,True
552,LightGBM,2025-05-25 23:45:00,99.0,97.29155625316466,True
552,LightGBM,2025-05-25 23:50:00,97.0,93.98671414930651,True
552,LightGBM,2025-05-25 23:55:00,98.0,94.96760835587499,True
552,LightGBM,2025-05-26 00:00:00,98.0,98.42213091142686,True
552,LightGBM,2025-05-26 00:05:00,99.0,102.68997473666165,True
552,LightGBM,2025-05-26 00:10:00,99.0,103.92683450547705,True
552,LightGBM,2025-05-26 00:15:00,98.0,95.10875936771795,True
552,LightGBM,2025-05-26 00:20:00,98.0,93.65127928219928,True
552,LightGBM,2025-05-26 00:25:00,97.0,99.49772590897888,True
552,LightGBM,2025-05-26 00:30:00,97.0,97.65576137181723,True
552,LightGBM,2025-05-26 00:35:00,98.0,103.18851956181184,True
552,LightGBM,2025-05-26 00:40:00,98.0,99.12375193634075,True
552,LightGBM,2025-05-26 00:45:00,97.0,95.98317649194989,True
552,LightGBM,2025-05-26 00:50:00,98.0,98.11918029762273,True
552,LightGBM,2025-05-26 00:55:00,100.0,95.63825387767953,True
552,LightGBM,2025-05-26 01:00:00,100.0,98.1409707755437,True
552,LightGBM,2025-05-26 01:05:00,100.0,100.34655269231388,True
552,LightGBM,2025-05-26 01:10:00,100.0,97.95200668060768,True
552,LightGBM,2025-05-26 01:15:00,101.0,95.25022835989311,True
552,LightGBM,2025-05-26 01:20:00,103.0,100.84100673106957,True
552,LightGBM,2025-05-26 01:25:00,103.0,107.16019127931516,True
552,LightGBM,2025-05-26 01:30:00,103.0,102.26394845283342,True
552,LightGBM,2025-05-26 01:35:00,103.0,102.78023666612735,True
552,LightGBM,2025-05-26 01:40:00,100.0,101.43127609342014,True
552,LightGBM,2025-05-26 01:45:00,99.0,105.84873868497847,True
552,LightGBM,2025-05-26 01:50:00,98.0,110.94378554294728,True
552,LightGBM,2025-05-26 01:55:00,96.0,106.3888799993023,True
552,LightGBM,2025-05-26 02:00:00,96.0,107.36889992449076,True
552,LightGBM,2025-05-26 02:05:00,95.0,106.37647186319538,True
552,LightGBM,2025-05-26 02:10:00,99.0,97.70010524348149,True
552,LightGBM,2025-05-26 02:15:00,101.0,99.04625272104711,True
552,LightGBM,2025-05-26 02:20:00,102.0,96.21970417658848,True
552,LightGBM,2025-05-26 02:25:00,101.0,92.58921681930576,True
552,LightGBM,2025-05-26 02:30:00,100.0,95.38098066885263,True
552,LightGBM,2025-05-26 02:35:00,100.0,93.13367677783278,True
552,LightGBM,2025-05-26 02:40:00,97.0,111.8282628117716,True
552,LightGBM,2025-05-26 02:45:00,94.0,108.06748503699815,True
552,LightGBM,2025-05-26 02:50:00,93.0,108.5978036100115,True
552,LightGBM,2025-05-26 02:55:00,92.0,100.48857490199566,True
552,LightGBM,2025-05-26 03:00:00,93.0,98.44884929026504,True
552,LightGBM,2025-05-26 03:05:00,93.0,100.76184580074111,True
552,LightGBM,2025-05-26 03:10:00,91.0,93.39144729118236,True
552,LightGBM,2025-05-26 03:15:00,89.0,90.98442920503852,True
552,LightGBM,2025-05-26 03:20:00,88.0,91.43130516138994,True
552,LightGBM,2025-05-26 03:25:00,87.0,90.86558850312879,True
552,LightGBM,2025-05-26 03:30:00,85.0,96.36794730263983,True
552,LightGBM,2025-05-26 03:35:00,84.0,92.99507348933693,True
552,LightGBM,2025-05-26 03:40:00,83.0,89.68140773905915,True
552,LightGBM,2025-05-26 03:45:00,82.0,86.90125111074275,True
552,LightGBM,2025-05-26 03:50:00,81.0,87.78029060770376,True
552,LightGBM,2025-05-26 03:55:00,81.0,84.92976448646915,True
552,LightGBM,2025-05-26 04:00:00,82.0,82.91488938278972,True
552,LightGBM,2025-05-26 04:05:00,85.0,83.79300697714488,True
552,LightGBM,2025-05-26 04:10:00,86.0,82.52227592656148,True
552,LightGBM,2025-05-26 04:15:00,86.0,80.170731886305,True
552,LightGBM,2025-05-26 04:20:00,85.0,78.91560004290258,True
552,LightGBM,2025-05-26 04:25:00,85.0,81.32582082630863,True
552,LightGBM,2025-05-26 04:30:00,85.0,85.03462704919039,True
552,LightGBM,2025-05-26 04:35:00,84.0,94.05592228289704,True
552,LightGBM,2025-05-26 04:40:00,84.0,89.56652783015593,True
552,LightGBM,2025-05-26 04:45:00,85.0,89.09342912646186,True
552,LightGBM,2025-05-26 04:50:00,86.0,84.9156337488978,True
552,LightGBM,2025-05-26 04:55:00,86.0,87.10251526342991,True
552,LightGBM,2025-05-26 05:00:00,85.0,86.45377069962238,True
552,LightGBM,2025-05-26 05:05:00,87.0,83.95152132663789,True
552,LightGBM,2025-05-26 05:10:00,88.0,85.69591692480117,True
552,LightGBM,2025-05-26 05:15:00,89.0,88.61924133855786,True
552,LightGBM,2025-05-26 05:20:00,91.0,89.61194864864608,True
552,LightGBM,2025-05-26 05:25:00,93.0,87.71152935867732,True
552,LightGBM,2025-05-26 05:30:00,96.0,85.04646758933227,True
552,LightGBM,2025-05-26 05:35:00,99.0,95.19391133055642,True
552,LightGBM,2025-05-26 05:40:00,100.0,94.95663619019342,True
552,LightGBM,2025-05-26 05:45:00,98.0,96.92396191298056,True
552,LightGBM,2025-05-26 05:50:00,102.0,99.64357512175503,True
552,LightGBM,2025-05-26 05:55:00,101.0,101.82030034030645,True
552,LightGBM,2025-05-26 06:00:00,101.0,107.99967025978988,True
552,LightGBM,2025-05-26 06:05:00,102.0,114.09483012595531,True
552,LightGBM,2025-05-26 06:10:00,103.0,108.45101818850823,True
552,LightGBM,2025-05-26 06:15:00,103.0,98.8507970727416,True
552,LightGBM,2025-05-26 06:20:00,101.0,116.99894866202715,True
552,LightGBM,2025-05-26 06:25:00,98.0,101.1407438643703,True
552,LightGBM,2025-05-26 06:30:00,97.0,105.22430736658634,True
552,LightGBM,2025-05-26 06:35:00,97.0,107.13717408709608,True
552,LightGBM,2025-05-26 06:40:00,98.0,108.92677136156809,True
552,LightGBM,2025-05-26 06:45:00,99.0,106.53669077659558,True
552,LightGBM,2025-05-26 06:50:00,107.0,99.41945624036623,True
552,LightGBM,2025-05-26 06:55:00,112.0,95.61329911470405,True
552,LightGBM,2025-05-26 07:00:00,122.0,97.85700290532836,True
552,LightGBM,2025-05-26 07:05:00,131.0,99.36856242445457,True
552,LightGBM,2025-05-26 07:10:00,143.0,101.80428991939753,True
552,LightGBM,2025-05-26 07:15:00,157.0,104.48542027131568,True
552,LightGBM,2025-05-26 07:20:00,169.0,149.63065874930427,True
552,LightGBM,2025-05-26 07:25:00,175.0,144.07006157480072,True
552,LightGBM,2025-05-26 07:30:00,176.0,168.340682989231,True
552,LightGBM,2025-05-26 07:35:00,177.0,171.35936139027885,True
552,LightGBM,2025-05-26 07:40:00,177.0,183.25031160970312,True
552,LightGBM,2025-05-26 07:45:00,174.0,196.7521483887932,True
552,LightGBM,2025-05-26 07:50:00,169.0,188.18893527895403,True
552,LightGBM,2025-05-26 07:55:00,164.0,178.88747720486134,True
552,LightGBM,2025-05-26 08:00:00,161.0,167.83533625377598,True
552,LightGBM,2025-05-26 08:05:00,159.0,175.32077486724285,True
552,LightGBM,2025-05-26 08:10:00,158.0,167.88501796052512,True
552,LightGBM,2025-05-26 08:15:00,157.0,157.32522337846325,True
552,LightGBM,2025-05-26 08:20:00,156.0,152.9049573809459,True
552,LightGBM,2025-05-26 08:25:00,161.0,147.3289786027037,True
552,LightGBM,2025-05-26 08:30:00,158.0,148.4210158881433,True
552,LightGBM,2025-05-26 08:35:00,156.0,149.0511929985839,True
552,LightGBM,2025-05-26 08:40:00,162.0,149.92814124241787,True
552,LightGBM,2025-05-26 08:45:00,168.0,147.30097660555614,True
552,LightGBM,2025-05-26 08:50:00,174.0,146.22817776391213,True
552,LightGBM,2025-05-26 08:55:00,180.0,164.74289294014687,True
552,LightGBM,2025-05-26 09:00:00,181.0,140.56279735627345,True
552,LightGBM,2025-05-26 09:05:00,181.0,145.224810785451,True
552,LightGBM,2025-05-26 09:10:00,187.0,165.18737310613378,True
552,LightGBM,2025-05-26 09:15:00,192.0,174.51636879652756,True
552,LightGBM,2025-05-26 09:20:00,196.0,184.76953824759133,True
552,LightGBM,2025-05-26 09:25:00,197.0,190.34744910574773,True
552,LightGBM,2025-05-26 09:30:00,196.0,181.13793910744553,True
552,LightGBM,2025-05-26 09:35:00,193.0,179.1776956518787,True
552,LightGBM,2025-05-26 09:40:00,192.0,199.10089507854298,True
552,LightGBM,2025-05-26 09:45:00,189.0,200.50586120872782,True
552,LightGBM,2025-05-26 09:50:00,185.0,202.7494590799457,True
552,LightGBM,2025-05-26 09:55:00,179.0,196.1506632227286,True
552,LightGBM,2025-05-26 10:00:00,173.0,187.90157780997825,True
552,LightGBM,2025-05-26 10:05:00,167.0,178.86605142699926,True
552,LightGBM,2025-05-26 10:10:00,160.0,183.79015236291167,True
552,LightGBM,2025-05-26 10:15:00,148.0,168.32931408816225,True
552,LightGBM,2025-05-26 10:20:00,141.0,166.20785457356095,True
552,LightGBM,2025-05-26 10:25:00,139.0,154.11795088133232,True
552,LightGBM,2025-05-26 10:30:00,135.0,150.18532791833707,True
552,LightGBM,2025-05-26 10:35:00,131.0,143.5472646907766,True
552,LightGBM,2025-05-26 10:40:00,125.0,131.25669655346633,True
552,LightGBM,2025-05-26 10:45:00,121.0,114.95334145703973,True
552,LightGBM,2025-05-26 10:50:00,118.0,116.62732119261906,True
552,LightGBM,2025-05-26 10:55:00,116.0,126.04979346485648,True
552,LightGBM,2025-05-26 11:00:00,111.0,118.2806703549828,True
552,LightGBM,2025-05-26 11:05:00,106.0,114.79276724548924,True
552,LightGBM,2025-05-26 11:10:00,105.0,103.54563070286538,True
552,LightGBM,2025-05-26 11:15:00,105.0,106.89902887697386,True
552,LightGBM,2025-05-26 11:20:00,106.0,105.23212251647693,True
552,LightGBM,2025-05-26 11:25:00,104.0,107.0244090437899,True
552,LightGBM,2025-05-26 11:30:00,102.0,94.05860859379666,True
552,LightGBM,2025-05-26 11:35:00,99.0,90.57031014840243,True
552,LightGBM,2025-05-26 11:40:00,98.0,101.6826964675307,True
552,LightGBM,2025-05-26 11:45:00,97.0,104.12984327513968,True
552,LightGBM,2025-05-26 11:50:00,93.0,107.55643248922026,True
552,LightGBM,2025-05-26 11:55:00,93.0,98.51362865805355,True
552,LightGBM,2025-05-26 12:00:00,91.0,96.1155453297893,True
552,LightGBM,2025-05-26 12:05:00,91.0,92.16224971621816,True
552,LightGBM,2025-05-26 12:10:00,90.0,95.27546240601386,True
552,LightGBM,2025-05-26 12:15:00,88.0,94.66176598137791,True
552,LightGBM,2025-05-26 12:20:00,89.0,88.00546186012967,True
552,LightGBM,2025-05-26 12:25:00,82.0,98.06842761006082,True
552,LightGBM,2025-05-26 12:30:00,81.0,90.28719675652553,True
552,LightGBM,2025-05-26 12:35:00,83.0,96.46212134018343,True
552,LightGBM,2025-05-26 12:40:00,80.0,92.4291971151592,True
552,LightGBM,2025-05-26 12:45:00,74.0,89.78554182076925,True
552,LightGBM,2025-05-26 12:50:00,75.0,97.7858489557121,True
552,LightGBM,2025-05-26 12:55:00,76.0,85.67169371339699,True
552,LightGBM,2025-05-26 13:00:00,78.0,86.92998231332834,True
552,LightGBM,2025-05-26 13:05:00,80.0,96.72763847194634,True
552,LightGBM,2025-05-26 13:10:00,85.0,85.00957919899133,True
552,LightGBM,2025-05-26 13:15:00,87.0,83.79814068030116,True
552,LightGBM,2025-05-26 13:20:00,90.0,90.5849452695149,True
552,LightGBM,2025-05-26 13:25:00,90.0,87.90417705657009,True
552,LightGBM,2025-05-26 13:30:00,90.0,95.13930417153075,True
552,LightGBM,2025-05-26 13:35:00,89.0,96.11443482332078,True
552,LightGBM,2025-05-26 13:40:00,88.0,110.18195651115832,True
552,LightGBM,2025-05-26 13:45:00,88.0,101.87046587687799,True
552,LightGBM,2025-05-26 13:50:00,84.0,110.63053246235745,True
552,LightGBM,2025-05-26 13:55:00,81.0,99.68945434296735,True
552,LightGBM,2025-05-26 14:00:00,81.0,99.98138774781394,True
552,LightGBM,2025-05-26 14:05:00,82.0,93.66689525758461,True
552,LightGBM,2025-05-26 14:10:00,84.0,91.96074328794826,True
552,LightGBM,2025-05-26 14:15:00,88.0,95.58688266242027,True
552,LightGBM,2025-05-26 14:20:00,93.0,87.92453595768869,True
552,LightGBM,2025-05-26 14:25:00,100.0,84.44173419714186,True
552,LightGBM,2025-05-26 14:30:00,105.0,88.9348644802827,True
552,LightGBM,2025-05-26 14:35:00,118.0,91.46880036451951,True
552,LightGBM,2025-05-26 14:40:00,129.0,97.85722135587869,True
552,LightGBM,2025-05-26 14:45:00,136.0,109.56008694986674,True
552,LightGBM,2025-05-26 14:50:00,141.0,116.539598578303,True
552,LightGBM,2025-05-26 14:55:00,146.0,131.83217860670626,True
552,LightGBM,2025-05-26 15:00:00,150.0,125.82460936836668,True
552,LightGBM,2025-05-26 15:05:00,151.0,158.1956021801691,True
552,LightGBM,2025-05-26 15:10:00,147.0,161.86870580801298,True
552,LightGBM,2025-05-26 15:15:00,143.0,157.60973892004614,True
552,LightGBM,2025-05-26 15:20:00,137.0,157.49647651883035,True
552,LightGBM,2025-05-26 15:25:00,132.0,162.57903459443503,True
552,LightGBM,2025-05-26 15:30:00,127.0,164.7701621789853,True
552,LightGBM,2025-05-26 15:35:00,119.0,156.73501630889893,True
552,LightGBM,2025-05-26 15:40:00,126.0,148.54256575703087,True
552,LightGBM,2025-05-26 15:45:00,132.0,142.26079673023938,True
552,LightGBM,2025-05-26 15:50:00,130.0,131.0923761412598,True
552,LightGBM,2025-05-26 15:55:00,130.0,123.70072269692761,True
552,LightGBM,2025-05-26 16:00:00,134.0,119.03939114876384,True
552,LightGBM,2025-05-26 16:05:00,136.0,109.41368692313053,True
552,LightGBM,2025-05-26 16:10:00,137.0,141.47156984300608,True
552,LightGBM,2025-05-26 16:15:00,136.0,141.00981016884492,True
552,LightGBM,2025-05-26 16:20:00,135.0,128.63170139381756,True
552,LightGBM,2025-05-26 16:25:00,134.0,132.92413269196558,True
552,LightGBM,2025-05-26 16:30:00,131.0,144.8612589725821,True
552,LightGBM,2025-05-26 16:35:00,128.0,141.59991415297694,True
552,LightGBM,2025-05-26 16:40:00,125.0,140.08516568693366,True
552,LightGBM,2025-05-26 16:45:00,119.0,135.93954022766863,True
552,LightGBM,2025-05-26 16:50:00,115.0,134.9946530963013,True
552,LightGBM,2025-05-26 16:55:00,112.0,133.69359724112533,True
552,LightGBM,2025-05-26 17:00:00,107.0,125.05248782248421,True
552,LightGBM,2025-05-26 17:05:00,102.0,123.88926856841059,True
552,LightGBM,2025-05-26 17:10:00,100.0,117.62938666963288,True
552,LightGBM,2025-05-26 17:15:00,97.0,109.64223555246606,True
552,LightGBM,2025-05-26 17:20:00,99.0,107.63009068074763,True
552,LightGBM,2025-05-26 17:25:00,103.0,105.09561481499127,True
552,LightGBM,2025-05-26 17:30:00,101.0,98.69133578335168,True
552,LightGBM,2025-05-26 17:35:00,98.0,93.75144893573587,True
552,LightGBM,2025-05-26 17:40:00,95.0,96.09478052467189,True
552,LightGBM,2025-05-26 17:45:00,94.0,91.18674998817762,True
552,LightGBM,2025-05-26 17:50:00,96.0,107.98307459532533,True
552,LightGBM,2025-05-26 17:55:00,94.0,116.38501891699178,True
552,LightGBM,2025-05-26 18:00:00,95.0,99.25094293790377,True
552,LightGBM,2025-05-26 18:05:00,91.0,94.94910311686016,True
552,LightGBM,2025-05-26 18:10:00,90.0,90.69220574935471,True
552,LightGBM,2025-05-26 18:15:00,89.0,95.53387508763367,True
552,LightGBM,2025-05-26 18:20:00,86.0,103.30621125382466,True
552,LightGBM,2025-05-26 18:25:00,85.0,93.74300430684916,True
552,LightGBM,2025-05-26 18:30:00,88.0,102.89349150272933,True
552,LightGBM,2025-05-26 18:35:00,91.0,88.43417818918074,True
552,LightGBM,2025-05-26 18:40:00,90.0,93.27850880068677,True
552,LightGBM,2025-05-26 18:45:00,95.0,89.50904630214555,True
552,LightGBM,2025-05-26 18:50:00,99.0,85.52710132684174,True
552,LightGBM,2025-05-26 18:55:00,103.0,86.90890607409914,True
552,LightGBM,2025-05-26 19:00:00,105.0,100.36663171300754,True
552,LightGBM,2025-05-26 19:05:00,106.0,102.1160966663933,True
552,LightGBM,2025-05-26 19:10:00,107.0,93.80855660362883,True
552,LightGBM,2025-05-26 19:15:00,108.0,114.88174699867302,True
552,LightGBM,2025-05-26 19:20:00,108.0,115.17408409821863,True
552,LightGBM,2025-05-26 19:25:00,110.0,120.75886257739073,True
552,LightGBM,2025-05-26 19:30:00,115.0,116.63985204920193,True
552,LightGBM,2025-05-26 19:35:00,118.0,112.7340067047474,True
552,LightGBM,2025-05-26 19:40:00,124.0,114.80404833485576,True
552,LightGBM,2025-05-26 19:45:00,127.0,115.46506976435653,True
552,LightGBM,2025-05-26 19:50:00,133.0,112.80351302158823,True
552,LightGBM,2025-05-26 19:55:00,136.0,121.72863617200807,True
552,LightGBM,2025-05-26 20:00:00,141.0,130.97122891576882,True
552,LightGBM,2025-05-26 20:05:00,143.0,129.96951422462226,True
552,LightGBM,2025-05-26 20:10:00,145.0,145.74404415308413,True
552,LightGBM,2025-05-26 20:15:00,144.0,142.440420541348,True
552,LightGBM,2025-05-26 20:20:00,140.0,153.35966242626765,True
552,LightGBM,2025-05-26 20:25:00,139.0,149.25513081570688,True
552,LightGBM,2025-05-26 20:30:00,138.0,161.36173762066525,True
552,LightGBM,2025-05-26 20:35:00,137.0,156.24648083954716,True
552,LightGBM,2025-05-26 20:40:00,137.0,158.72381783778494,True
552,LightGBM,2025-05-26 20:45:00,140.0,150.7808951876381,True
552,LightGBM,2025-05-26 20:50:00,139.0,140.70072903205883,True
552,LightGBM,2025-05-26 20:55:00,140.0,142.7650192855145,True
552,LightGBM,2025-05-26 21:00:00,142.0,137.34216195973977,True
552,LightGBM,2025-05-26 21:05:00,142.0,135.62904984317967,True
552,LightGBM,2025-05-26 21:10:00,146.0,137.21168720254406,True
552,LightGBM,2025-05-26 21:15:00,149.0,148.42919719105214,True
552,LightGBM,2025-05-26 21:20:00,146.0,136.12399305382863,True
552,LightGBM,2025-05-26 21:25:00,145.0,144.27976164186046,True
552,LightGBM,2025-05-26 21:30:00,148.0,148.28588284321384,True
552,LightGBM,2025-05-26 21:35:00,152.0,143.16201082347635,True
552,LightGBM,2025-05-26 21:40:00,150.0,158.90564372173756,True
552,LightGBM,2025-05-26 21:45:00,151.0,157.2731184554514,True
552,LightGBM,2025-05-26 21:50:00,152.0,140.19926221310473,True
552,LightGBM,2025-05-26 21:55:00,154.0,143.2182293056583,True
552,LightGBM,2025-05-26 22:00:00,155.0,155.0047251022689,True
552,LightGBM,2025-05-26 22:05:00,155.0,160.65435980519888,True
552,LightGBM,2025-05-26 22:10:00,155.0,145.61499132152824,True
552,LightGBM,2025-05-26 22:15:00,155.0,155.0394270230947,True
552,LightGBM,2025-05-26 22:20:00,139.0,153.54608348423054,True
552,LightGBM,2025-05-26 22:25:00,142.0,158.42879152048062,True
552,LightGBM,2025-05-26 22:30:00,145.0,158.2486427605312,True
552,LightGBM,2025-05-26 22:35:00,147.0,158.4354387068874,True
552,LightGBM,2025-05-26 22:40:00,149.0,158.84650533873076,True
552,LightGBM,2025-05-26 22:45:00,149.0,157.98279103061026,True
552,LightGBM,2025-05-26 22:50:00,143.0,135.70384626740727,True
552,LightGBM,2025-05-26 22:55:00,141.0,152.4074514233516,True
552,LightGBM,2025-05-26 23:00:00,141.0,154.18971867880907,True
552,LightGBM,2025-05-26 23:05:00,142.0,153.92335634302535,True
552,LightGBM,2025-05-26 23:10:00,140.0,156.75695200456278,True
552,LightGBM,2025-05-26 23:15:00,135.0,152.21521515011548,True
552,LightGBM,2025-05-26 23:20:00,133.0,138.13727114523846,True
552,LightGBM,2025-05-26 23:25:00,131.0,141.1516945893943,True
552,LightGBM,2025-05-26 23:30:00,127.0,142.69828240634374,True
552,LightGBM,2025-05-26 23:35:00,124.0,144.055337894742,True
552,LightGBM,2025-05-26 23:40:00,122.0,135.59483937393847,True
552,LightGBM,2025-05-26 23:45:00,120.0,126.40023733670257,True
552,LightGBM,2025-05-26 23:50:00,122.0,127.7685448686167,True
552,LightGBM,2025-05-26 23:55:00,123.0,123.78414374725227,True
552,LightGBM,2025-05-27 00:00:00,123.0,121.09432354096455,True
552,LightGBM,2025-05-27 00:05:00,123.0,115.34434256794113,True
552,LightGBM,2025-05-27 00:10:00,123.0,114.34010982890682,True
552,LightGBM,2025-05-27 00:15:00,123.0,112.46950935516489,True
552,LightGBM,2025-05-27 00:20:00,121.0,123.24195779334497,True
552,LightGBM,2025-05-27 00:25:00,114.0,123.46405360661423,True
552,LightGBM,2025-05-27 00:30:00,108.0,124.68768103470676,True
552,LightGBM,2025-05-27 00:35:00,102.0,125.30575341191931,True
552,LightGBM,2025-05-27 00:40:00,102.0,125.07424567517644,True
552,LightGBM,2025-05-27 00:45:00,106.0,124.693701224022,True
552,LightGBM,2025-05-27 00:50:00,109.0,118.26702074656271,True
552,LightGBM,2025-05-27 00:55:00,111.0,110.23602467766942,True
552,LightGBM,2025-05-27 01:00:00,112.0,101.48677414250507,True
552,LightGBM,2025-05-27 01:05:00,113.0,93.88732971564983,True
552,LightGBM,2025-05-27 01:10:00,113.0,101.04409993890796,True
552,LightGBM,2025-05-27 01:15:00,114.0,116.97385129265177,True
552,LightGBM,2025-05-27 01:20:00,113.0,117.69627299622222,True
552,LightGBM,2025-05-27 01:25:00,112.0,118.80897595084826,True
552,LightGBM,2025-05-27 01:30:00,111.0,117.94428365856459,True
552,LightGBM,2025-05-27 01:35:00,110.0,118.38190921244514,True
552,LightGBM,2025-05-27 01:40:00,108.0,115.0766921377884,True
552,LightGBM,2025-05-27 01:45:00,107.0,119.21195558880002,True
552,LightGBM,2025-05-27 01:50:00,106.0,111.70584444120654,True
552,LightGBM,2025-05-27 01:55:00,106.0,110.86109728390517,True
552,LightGBM,2025-05-27 02:00:00,105.0,108.34784900606151,True
552,LightGBM,2025-05-27 02:05:00,104.0,107.94585385569543,True
552,LightGBM,2025-05-27 02:10:00,103.0,104.53467292926163,True
552,LightGBM,2025-05-27 02:15:00,103.0,104.25832761654598,True
552,LightGBM,2025-05-27 02:20:00,102.0,103.21201929768928,True
552,LightGBM,2025-05-27 02:25:00,102.0,106.02684943238367,True
552,LightGBM,2025-05-27 02:30:00,101.0,102.98486157822813,True
552,LightGBM,2025-05-27 02:35:00,101.0,100.68153937846407,True
552,LightGBM,2025-05-27 02:40:00,100.0,99.82893537464874,True
552,LightGBM,2025-05-27 02:45:00,98.0,102.88506835316349,True
552,LightGBM,2025-05-27 02:50:00,96.0,98.09907161119503,True
552,LightGBM,2025-05-27 02:55:00,95.0,101.36344364188395,True
552,LightGBM,2025-05-27 03:00:00,94.0,96.593580102963,True
552,LightGBM,2025-05-27 03:05:00,93.0,100.48544832207492,True
552,LightGBM,2025-05-27 03:10:00,92.0,96.4654582055646,True
552,LightGBM,2025-05-27 03:15:00,92.0,94.01675451927565,True
552,LightGBM,2025-05-27 03:20:00,91.0,91.19891801266239,True
552,LightGBM,2025-05-27 03:25:00,90.0,92.70117306430184,True
552,LightGBM,2025-05-27 03:30:00,91.0,91.94662634127577,True
552,LightGBM,2025-05-27 03:35:00,91.0,90.0237937293681,True
552,LightGBM,2025-05-27 03:40:00,90.0,89.89613679581831,True
552,LightGBM,2025-05-27 03:45:00,89.0,92.70545730242854,True
552,LightGBM,2025-05-27 03:50:00,87.0,89.6835986381758,True
552,LightGBM,2025-05-27 03:55:00,86.0,89.0873377946115,True
552,LightGBM,2025-05-27 04:00:00,86.0,95.08513368243953,True
552,LightGBM,2025-05-27 04:05:00,85.0,92.10029922810651,True
552,LightGBM,2025-05-27 04:10:00,84.0,89.63441842405554,True
552,LightGBM,2025-05-27 04:15:00,83.0,87.33079769404063,True
552,LightGBM,2025-05-27 04:20:00,81.0,83.97074632211655,True
552,LightGBM,2025-05-27 04:25:00,80.0,85.28577782711888,True
552,LightGBM,2025-05-27 04:30:00,79.0,86.54363301690364,True
552,LightGBM,2025-05-27 04:35:00,78.0,83.8644030254996,True
552,LightGBM,2025-05-27 04:40:00,76.0,83.57871690927887,True
552,LightGBM,2025-05-27 04:45:00,75.0,83.30508868293602,True
552,LightGBM,2025-05-27 04:50:00,75.0,78.66610110560441,True
552,LightGBM,2025-05-27 04:55:00,74.0,79.64088585280578,True
552,LightGBM,2025-05-27 05:00:00,73.0,79.5553689577921,True
552,LightGBM,2025-05-27 05:05:00,72.0,78.21081563203988,True
552,LightGBM,2025-05-27 05:10:00,71.0,75.20284999777175,True
552,LightGBM,2025-05-27 05:15:00,70.0,76.06977024768325,True
552,LightGBM,2025-05-27 05:20:00,69.0,77.89273957878618,True
552,LightGBM,2025-05-27 05:25:00,67.0,75.35258538090558,True
552,LightGBM,2025-05-27 05:30:00,66.0,75.35319026334108,True
552,LightGBM,2025-05-27 05:35:00,65.0,74.47485545636071,True
552,LightGBM,2025-05-27 05:40:00,64.0,73.6553036512768,True
552,LightGBM,2025-05-27 05:45:00,62.0,73.10255038874564,True
552,LightGBM,2025-05-27 05:50:00,62.0,73.13177347211268,True
552,LightGBM,2025-05-27 05:55:00,62.0,70.82565633653893,True
552,LightGBM,2025-05-27 06:00:00,62.0,71.20604964895495,True
552,LightGBM,2025-05-27 06:05:00,63.0,70.53053834303935,True
552,LightGBM,2025-05-27 06:10:00,63.0,70.3229397688521,True
552,LightGBM,2025-05-27 06:15:00,64.0,68.6159493938651,True
552,LightGBM,2025-05-27 06:20:00,66.0,70.80664098544872,True
552,LightGBM,2025-05-27 06:25:00,67.0,68.67588012881019,True
552,LightGBM,2025-05-27 06:30:00,70.0,69.27726637277756,True
552,LightGBM,2025-05-27 06:35:00,73.0,73.99699533185577,True
552,LightGBM,2025-05-27 06:40:00,76.0,70.79210190684884,True
552,LightGBM,2025-05-27 06:45:00,79.0,74.73642056910343,True
552,LightGBM,2025-05-27 06:50:00,81.0,81.17267658038132,True
552,LightGBM,2025-05-27 06:55:00,84.0,77.00335991183108,True
552,LightGBM,2025-05-27 07:00:00,85.0,92.12773978160803,True
552,LightGBM,2025-05-27 07:05:00,87.0,93.56104819636244,True
552,LightGBM,2025-05-27 07:10:00,88.0,97.5114961549371,True
552,LightGBM,2025-05-27 07:15:00,90.0,99.68016316868356,True
552,LightGBM,2025-05-27 07:20:00,93.0,98.0216134848639,True
552,LightGBM,2025-05-27 07:25:00,99.0,103.03231502466444,True
552,LightGBM,2025-05-27 07:30:00,107.0,96.63463928488699,True
552,LightGBM,2025-05-27 07:35:00,110.0,101.57837042968862,True
552,LightGBM,2025-05-27 07:40:00,116.0,98.36116948587454,True
552,LightGBM,2025-05-27 07:45:00,122.0,104.4226294896455,True
552,LightGBM,2025-05-27 07:50:00,129.0,108.55805078058293,True
552,LightGBM,2025-05-27 07:55:00,134.0,129.66370837648753,True
552,LightGBM,2025-05-27 08:00:00,142.0,139.02799667377028,True
552,LightGBM,2025-05-27 08:05:00,146.0,126.4013700061106,True
552,LightGBM,2025-05-27 08:10:00,146.0,141.01919039650647,True
552,LightGBM,2025-05-27 08:15:00,149.0,143.12596712935482,True
552,LightGBM,2025-05-27 08:20:00,156.0,156.42559675060068,True
552,LightGBM,2025-05-27 08:25:00,159.0,150.5516663671818,True
552,LightGBM,2025-05-27 08:30:00,159.0,169.3574441373295,True
552,LightGBM,2025-05-27 08:35:00,163.0,160.404939769198,True
552,LightGBM,2025-05-27 08:40:00,164.0,151.17680766165626,True
552,LightGBM,2025-05-27 08:45:00,164.0,161.84391319330015,True
552,LightGBM,2025-05-27 08:50:00,164.0,175.91601004024434,True
552,LightGBM,2025-05-27 08:55:00,164.0,169.31398864429062,True
552,LightGBM,2025-05-27 09:00:00,168.0,164.82167586485932,True
552,LightGBM,2025-05-27 09:05:00,174.0,176.27061907614961,True
552,LightGBM,2025-05-27 09:10:00,180.0,167.5410280447162,True
552,LightGBM,2025-05-27 09:15:00,191.0,188.22213956850038,True
552,LightGBM,2025-05-27 09:20:00,203.0,187.02575366302267,True
552,LightGBM,2025-05-27 09:25:00,214.0,188.90177019985015,True
552,LightGBM,2025-05-27 09:30:00,222.0,188.63518526624856,True
552,LightGBM,2025-05-27 09:35:00,226.0,192.52967932982392,True
552,LightGBM,2025-05-27 09:40:00,229.0,196.37839388447372,True
552,LightGBM,2025-05-27 09:45:00,233.0,216.5110837578917,True
552,LightGBM,2025-05-27 09:50:00,235.0,232.37322833020127,True
552,LightGBM,2025-05-27 09:55:00,237.0,232.66630533944968,True
552,LightGBM,2025-05-27 10:00:00,238.0,231.6868031221918,True
552,LightGBM,2025-05-27 10:05:00,240.0,225.80152645596547,True
552,LightGBM,2025-05-27 10:10:00,240.0,227.62262750758788,True
552,LightGBM,2025-05-27 10:15:00,240.0,239.5435314439798,True
552,LightGBM,2025-05-27 10:20:00,240.0,232.42527361544367,True
552,LightGBM,2025-05-27 10:25:00,240.0,236.29443410356726,True
552,LightGBM,2025-05-27 10:30:00,240.0,231.4929637282016,True
552,LightGBM,2025-05-27 10:35:00,240.0,236.77307692293758,True
552,LightGBM,2025-05-27 11:45:00,239.0,146.88630494700558,False
552,LightGBM,2025-05-27 11:50:00,236.0,146.6729059258119,False
552,LightGBM,2025-05-27 11:55:00,235.0,159.5436770641231,False
552,LightGBM,2025-05-27 12:00:00,238.0,166.28927525782908,False
552,LightGBM,2025-05-27 12:05:00,239.0,166.1950301416883,False
552,LightGBM,2025-05-27 12:10:00,236.0,161.0929583409683,False
552,LightGBM,2025-05-27 12:15:00,232.0,225.91395222551685,True
552,LightGBM,2025-05-27 12:20:00,227.0,215.54780819453654,True
552,LightGBM,2025-05-27 12:25:00,219.0,223.17818403266494,True
552,LightGBM,2025-05-27 12:30:00,214.0,235.05021516125066,True
552,LightGBM,2025-05-27 12:35:00,206.0,227.75937523039528,True
552,LightGBM,2025-05-27 12:40:00,195.0,215.68195324708893,True
552,LightGBM,2025-05-27 12:45:00,184.0,209.13391404778756,True
552,LightGBM,2025-05-27 12:50:00,172.0,200.4397892881063,True
552,LightGBM,2025-05-27 12:55:00,164.0,188.6714828296667,True
552,LightGBM,2025-05-27 13:00:00,158.0,186.51805893575724,True
552,LightGBM,2025-05-27 13:05:00,155.0,177.1129017061313,True
552,LightGBM,2025-05-27 13:10:00,149.0,157.566138650279,True
552,LightGBM,2025-05-27 13:15:00,145.0,145.4341762855944,True
552,LightGBM,2025-05-27 13:20:00,143.0,125.84129778964285,True
552,LightGBM,2025-05-27 13:25:00,142.0,136.10971921349892,True
552,LightGBM,2025-05-27 13:30:00,141.0,131.63182323156695,True
552,LightGBM,2025-05-27 13:35:00,140.0,135.8846453098729,True
552,LightGBM,2025-05-27 13:40:00,137.0,124.3062970483167,True
552,LightGBM,2025-05-27 13:45:00,131.0,129.62167046942974,True
552,LightGBM,2025-05-27 13:50:00,134.0,129.94656886841352,True
552,LightGBM,2025-05-27 13:55:00,136.0,132.17534335903622,True
552,LightGBM,2025-05-27 14:00:00,137.0,131.44072105572184,True
552,LightGBM,2025-05-27 14:05:00,134.0,130.74951731064345,True
552,LightGBM,2025-05-27 14:10:00,135.0,125.63919939510876,True
552,LightGBM,2025-05-27 14:15:00,129.0,109.71816782459652,True
552,LightGBM,2025-05-27 14:20:00,129.0,139.57655132696314,True
552,LightGBM,2025-05-27 14:25:00,133.0,138.6639619999085,True
552,LightGBM,2025-05-27 14:30:00,136.0,138.23895511823008,True
552,LightGBM,2025-05-27 14:35:00,137.0,128.09110976049718,True
552,LightGBM,2025-05-27 14:40:00,136.0,138.36164893364455,True
552,LightGBM,2025-05-27 14:45:00,135.0,117.07708566617046,True
552,LightGBM,2025-05-27 14:50:00,134.0,131.37014005953543,True
552,LightGBM,2025-05-27 14:55:00,135.0,142.40349046893962,True
552,LightGBM,2025-05-27 15:00:00,137.0,143.6287635414304,True
552,LightGBM,2025-05-27 15:05:00,140.0,139.99835429988008,True
552,LightGBM,2025-05-27 15:10:00,143.0,135.90582674986115,True
552,LightGBM,2025-05-27 15:15:00,152.0,133.57931742841845,True
552,LightGBM,2025-05-27 15:20:00,158.0,131.55263065556647,True
552,LightGBM,2025-05-27 15:25:00,166.0,136.38068103071342,True
552,LightGBM,2025-05-27 15:30:00,173.0,142.92948547278064,True
552,LightGBM,2025-05-27 15:35:00,176.0,150.68472892257827,True
552,LightGBM,2025-05-27 15:40:00,175.0,154.3157857470019,True
552,LightGBM,2025-05-27 15:45:00,175.0,176.96297393568244,True
552,LightGBM,2025-05-27 15:50:00,174.0,174.54873902521945,True
552,LightGBM,2025-05-27 15:55:00,164.0,190.29925302387196,True
552,LightGBM,2025-05-27 16:00:00,161.0,195.17175668882558,True
552,LightGBM,2025-05-27 16:05:00,166.0,187.7968648679186,True
552,LightGBM,2025-05-27 16:10:00,161.0,175.6494710287244,True
552,LightGBM,2025-05-27 16:15:00,156.0,178.43294051103842,True
552,LightGBM,2025-05-27 16:20:00,156.0,173.21258000898368,True
552,LightGBM,2025-05-27 16:25:00,159.0,153.4206224979568,True
552,LightGBM,2025-05-27 16:30:00,160.0,155.71442145970946,True
552,LightGBM,2025-05-27 16:35:00,159.0,174.013735163694,True
552,LightGBM,2025-05-27 16:40:00,153.0,153.04512863057073,True
552,LightGBM,2025-05-27 16:45:00,148.0,148.13400402725043,True
552,LightGBM,2025-05-27 16:50:00,146.0,154.59942765906504,True
552,LightGBM,2025-05-27 16:55:00,138.0,164.07591884274237,True
552,LightGBM,2025-05-27 17:00:00,136.0,159.81150511207093,True
552,LightGBM,2025-05-27 17:05:00,138.0,158.60921386453086,True
552,LightGBM,2025-05-27 17:10:00,137.0,144.44521274700546,True
552,LightGBM,2025-05-27 17:15:00,135.0,140.58229920140764,True
552,LightGBM,2025-05-27 17:20:00,135.0,141.9547249522969,True
552,LightGBM,2025-05-27 17:25:00,132.0,127.22094754071931,True
552,LightGBM,2025-05-27 17:30:00,127.0,132.89276212621814,True
552,LightGBM,2025-05-27 17:35:00,122.0,142.1739595509998,True
552,LightGBM,2025-05-27 17:40:00,131.0,134.85863808012078,True
552,LightGBM,2025-05-27 17:45:00,144.0,130.87778464315863,True
552,LightGBM,2025-05-27 17:50:00,150.0,134.32046884199266,True
552,LightGBM,2025-05-27 17:55:00,143.0,125.16918450273931,True
552,LightGBM,2025-05-27 18:00:00,141.0,120.71510717219067,True
552,LightGBM,2025-05-27 18:05:00,148.0,111.17720671031203,True
552,LightGBM,2025-05-27 18:10:00,150.0,146.08704116857447,True
552,LightGBM,2025-05-27 18:15:00,147.0,161.22256745400443,True
552,LightGBM,2025-05-27 18:20:00,146.0,161.68928868358606,True
552,LightGBM,2025-05-27 18:25:00,147.0,139.01436672803388,True
552,LightGBM,2025-05-27 18:30:00,145.0,143.04378457634718,True
552,LightGBM,2025-05-27 18:35:00,142.0,161.06760347016436,True
552,LightGBM,2025-05-27 18:40:00,139.0,151.9090092935537,True
552,LightGBM,2025-05-27 18:45:00,136.0,143.13865994366418,True
552,LightGBM,2025-05-27 18:50:00,131.0,146.48859960836901,True
552,LightGBM,2025-05-27 18:55:00,127.0,150.22067566181784,True
552,LightGBM,2025-05-27 19:00:00,125.0,141.19556960495802,True
552,LightGBM,2025-05-27 19:05:00,124.0,139.7729037189603,True
552,LightGBM,2025-05-27 19:10:00,122.0,135.18930477315683,True
552,LightGBM,2025-05-27 19:15:00,127.0,131.14024220711448,True
552,LightGBM,2025-05-27 19:20:00,134.0,119.96771667820857,True
552,LightGBM,2025-05-27 19:25:00,138.0,119.94329498144405,True
552,LightGBM,2025-05-27 19:30:00,140.0,119.29698464487663,True
552,LightGBM,2025-05-27 19:35:00,142.0,120.25683762444942,True
552,LightGBM,2025-05-27 19:40:00,147.0,116.53894801055652,True
552,LightGBM,2025-05-27 19:45:00,150.0,137.07698106581722,True
552,LightGBM,2025-05-27 19:50:00,151.0,149.31380835418,True
552,LightGBM,2025-05-27 19:55:00,152.0,146.38840460917785,True
552,LightGBM,2025-05-27 20:00:00,152.0,146.12388429132685,True
552,LightGBM,2025-05-27 20:05:00,154.0,149.74329149121272,True
552,LightGBM,2025-05-27 20:10:00,163.0,162.553296175331,True
552,LightGBM,2025-05-27 20:15:00,173.0,159.39478445869278,True
552,LightGBM,2025-05-27 20:20:00,181.0,155.24920585191634,True
552,LightGBM,2025-05-27 20:25:00,181.0,157.14837785081616,True
552,LightGBM,2025-05-27 20:30:00,185.0,154.43043377575998,True
552,LightGBM,2025-05-27 20:35:00,196.0,160.729334602622,True
552,LightGBM,2025-05-27 20:40:00,207.0,183.7573369178105,True
552,LightGBM,2025-05-27 20:45:00,217.0,200.5939064166005,True
552,LightGBM,2025-05-27 20:50:00,225.0,201.53541002393698,True
552,LightGBM,2025-05-27 20:55:00,231.0,191.16913217276098,True
552,LightGBM,2025-05-27 21:00:00,233.0,200.25428453893466,True
552,LightGBM,2025-05-27 21:05:00,228.0,221.2154149932306,True
552,LightGBM,2025-05-27 21:10:00,218.0,231.05962419488472,True
552,LightGBM,2025-05-27 21:15:00,207.0,236.6055440446292,True
552,LightGBM,2025-05-27 21:20:00,195.0,233.1320032333798,True
552,LightGBM,2025-05-27 21:25:00,183.0,236.11320806454162,True
552,LightGBM,2025-05-27 21:30:00,173.0,227.3243582623057,True
552,LightGBM,2025-05-27 21:35:00,164.0,203.65869111016323,True
552,LightGBM,2025-05-27 21:40:00,158.0,182.11628154468258,True
552,LightGBM,2025-05-27 21:45:00,152.0,164.35627418149164,True
552,LightGBM,2025-05-27 21:50:00,146.0,147.17398760548159,True
552,LightGBM,2025-05-27 21:55:00,131.0,145.64404845097016,True
552,LightGBM,2025-05-27 22:00:00,120.0,141.46999533617233,True
552,LightGBM,2025-05-27 22:05:00,117.0,131.42690706801844,True
552,LightGBM,2025-05-27 22:10:00,117.0,133.29221693865946,True
552,LightGBM,2025-05-27 22:15:00,113.0,125.4028620294495,True
552,LightGBM,2025-05-27 22:20:00,110.0,119.42683607010983,True
552,LightGBM,2025-05-27 22:25:00,108.0,100.40470064672184,True
552,LightGBM,2025-05-27 22:30:00,105.0,96.23992631151818,True
552,LightGBM,2025-05-27 22:35:00,104.0,104.53881516862111,True
552,LightGBM,2025-05-27 22:40:00,101.0,111.9427619093519,True
552,LightGBM,2025-05-27 22:45:00,99.0,99.51156815209904,True
552,LightGBM,2025-05-27 22:50:00,97.0,102.14803733497834,True
552,LightGBM,2025-05-27 22:55:00,95.0,100.10897378149761,True
552,LightGBM,2025-05-27 23:00:00,98.0,94.78498370625778,True
552,LightGBM,2025-05-27 23:05:00,93.0,98.22640908811769,True
552,LightGBM,2025-05-27 23:10:00,90.0,90.49061540210575,True
552,LightGBM,2025-05-27 23:15:00,93.0,91.69796413607195,True
552,LightGBM,2025-05-27 23:20:00,93.0,90.53691205133612,True
552,LightGBM,2025-05-27 23:25:00,94.0,89.67426672108789,True
552,LightGBM,2025-05-27 23:30:00,96.0,104.58852741126418,True
552,LightGBM,2025-05-27 23:35:00,97.0,87.22401848532552,True
552,LightGBM,2025-05-27 23:40:00,97.0,91.05040550375419,True
552,LightGBM,2025-05-27 23:45:00,96.0,100.43432822446267,True
552,LightGBM,2025-05-27 23:50:00,95.0,92.80137668946767,True
552,LightGBM,2025-05-27 23:55:00,94.0,99.00865004114414,True
552,LightGBM,2025-05-28 00:00:00,92.0,100.35808674194183,True
552,LightGBM,2025-05-28 00:05:00,90.0,100.89290083314629,True
552,LightGBM,2025-05-28 00:10:00,89.0,98.97709702728112,True
552,LightGBM,2025-05-28 00:15:00,89.0,93.62658146088083,True
552,LightGBM,2025-05-28 00:20:00,88.0,93.02544046192658,True
552,LightGBM,2025-05-28 00:25:00,88.0,92.81215486542393,True
552,LightGBM,2025-05-28 00:30:00,87.0,89.3624777917273,True
552,LightGBM,2025-05-28 00:35:00,86.0,86.6918013349113,True
552,LightGBM,2025-05-28 00:40:00,85.0,87.36264181459268,True
552,LightGBM,2025-05-28 00:45:00,84.0,90.12819410977407,True
552,LightGBM,2025-05-28 00:50:00,83.0,87.51241161992243,True
552,LightGBM,2025-05-28 00:55:00,82.0,89.9077306128998,True
552,LightGBM,2025-05-28 01:00:00,82.0,85.13997899427707,True
552,LightGBM,2025-05-28 01:05:00,81.0,84.800424204678,True
552,LightGBM,2025-05-28 01:10:00,81.0,83.33026586096359,True
552,LightGBM,2025-05-28 01:15:00,79.0,82.70557427876271,True
552,LightGBM,2025-05-28 01:20:00,77.0,82.16292316176288,True
552,LightGBM,2025-05-28 01:25:00,74.0,79.67339306069063,True
552,LightGBM,2025-05-28 01:30:00,73.0,81.63577480913419,True
552,LightGBM,2025-05-28 01:35:00,72.0,79.10874677357063,True
552,LightGBM,2025-05-28 01:40:00,72.0,80.80807833307725,True
552,LightGBM,2025-05-28 01:45:00,73.0,78.64091067923252,True
552,LightGBM,2025-05-28 01:50:00,73.0,74.87713808880719,True
552,LightGBM,2025-05-28 01:55:00,72.0,73.74126077666669,True
552,LightGBM,2025-05-28 02:00:00,71.0,75.70042694114899,True
552,LightGBM,2025-05-28 02:05:00,71.0,72.75521567620453,True
552,LightGBM,2025-05-28 02:10:00,71.0,75.19927430492481,True
552,LightGBM,2025-05-28 02:15:00,71.0,79.13280488510823,True
552,LightGBM,2025-05-28 02:20:00,72.0,76.83737847691116,True
552,LightGBM,2025-05-28 02:25:00,73.0,74.5619955657171,True
552,LightGBM,2025-05-28 02:30:00,74.0,73.14337190672263,True
552,LightGBM,2025-05-28 02:35:00,73.0,74.97686862114176,True
552,LightGBM,2025-05-28 02:40:00,73.0,74.84538031843887,True
552,LightGBM,2025-05-28 02:45:00,73.0,74.3601059538486,True
552,LightGBM,2025-05-28 02:50:00,74.0,78.64584230802298,True
552,LightGBM,2025-05-28 02:55:00,74.0,79.74590271729788,True
552,LightGBM,2025-05-28 03:00:00,75.0,80.10376102719346,True
552,LightGBM,2025-05-28 03:05:00,75.0,76.59282809526411,True
552,LightGBM,2025-05-28 03:10:00,74.0,79.1380797483808,True
552,LightGBM,2025-05-28 03:15:00,75.0,78.48136978898391,True
552,LightGBM,2025-05-28 03:20:00,76.0,81.09292614045269,True
552,LightGBM,2025-05-28 03:25:00,78.0,78.00580137409796,True
552,LightGBM,2025-05-28 03:30:00,83.0,82.01342652237756,True
552,LightGBM,2025-05-28 03:35:00,93.0,79.4181738262234,True
552,LightGBM,2025-05-28 03:40:00,104.0,77.59653218875978,True
552,LightGBM,2025-05-28 03:45:00,114.0,82.28588316517353,True
552,LightGBM,2025-05-28 03:50:00,125.0,81.21766051189496,True
552,LightGBM,2025-05-28 03:55:00,133.0,90.15134904488691,True
552,LightGBM,2025-05-28 04:00:00,139.0,103.43123609099716,True
552,LightGBM,2025-05-28 04:05:00,145.0,129.25666772391307,True
552,LightGBM,2025-05-28 04:10:00,151.0,144.56111222407006,True
552,LightGBM,2025-05-28 04:15:00,159.0,149.2683363577284,True
552,LightGBM,2025-05-28 04:20:00,165.0,167.57533233422714,True
552,LightGBM,2025-05-28 04:25:00,170.0,160.61699602917602,True
552,LightGBM,2025-05-28 04:30:00,174.0,157.3589420012469,True
552,LightGBM,2025-05-28 04:35:00,177.0,164.45522772383524,True
552,LightGBM,2025-05-28 04:40:00,180.0,170.1088599257307,True
552,LightGBM,2025-05-28 04:45:00,181.0,182.88703438104022,True
552,LightGBM,2025-05-28 04:50:00,178.0,180.73692906841723,True
552,LightGBM,2025-05-28 04:55:00,176.0,187.7873529220832,True
552,LightGBM,2025-05-28 05:00:00,174.0,187.93180361762953,True
552,LightGBM,2025-05-28 05:05:00,171.0,188.02402612400667,True
552,LightGBM,2025-05-28 05:10:00,169.0,192.01606154929203,True
552,LightGBM,2025-05-28 05:15:00,167.0,182.0149518025249,True
552,LightGBM,2025-05-28 05:20:00,164.0,172.7008917891355,True
552,LightGBM,2025-05-28 05:25:00,162.0,172.11859891222593,True
552,LightGBM,2025-05-28 05:30:00,160.0,166.43322124201973,True
552,LightGBM,2025-05-28 05:35:00,158.0,157.6301763752192,True
552,LightGBM,2025-05-28 05:40:00,157.0,158.67553460622756,True
552,LightGBM,2025-05-28 05:45:00,156.0,155.20307470605252,True
552,LightGBM,2025-05-28 05:50:00,155.0,148.2134889765519,True
552,LightGBM,2025-05-28 05:55:00,153.0,148.14710356781927,True
552,LightGBM,2025-05-28 06:00:00,151.0,147.703074935612,True
552,LightGBM,2025-05-28 06:05:00,149.0,143.88920088473643,True
552,LightGBM,2025-05-28 06:10:00,147.0,146.7317704814617,True
552,LightGBM,2025-05-28 06:15:00,146.0,146.10217238427583,True
552,LightGBM,2025-05-28 06:20:00,144.0,145.8520419473309,True
552,LightGBM,2025-05-28 06:25:00,142.0,141.41373884622465,True
552,LightGBM,2025-05-28 06:30:00,140.0,138.86405185167223,True
552,LightGBM,2025-05-28 06:35:00,138.0,136.68025578650193,True
552,LightGBM,2025-05-28 06:40:00,136.0,135.0565259695752,True
552,LightGBM,2025-05-28 06:45:00,140.0,136.55434970728427,True
552,LightGBM,2025-05-28 06:50:00,145.0,133.6003311236708,True
552,LightGBM,2025-05-28 06:55:00,145.0,132.25843309570334,True
552,LightGBM,2025-05-28 07:00:00,146.0,131.03518281959143,True
552,LightGBM,2025-05-28 07:05:00,146.0,130.36062471335563,True
552,LightGBM,2025-05-28 07:10:00,146.0,128.81131925864145,True
552,LightGBM,2025-05-28 07:15:00,147.0,145.52366739836916,True
552,LightGBM,2025-05-28 07:20:00,146.0,150.61740207929614,True
552,LightGBM,2025-05-28 07:25:00,147.0,144.5695359621715,True
552,LightGBM,2025-05-28 07:30:00,146.0,149.80330574676813,True
552,LightGBM,2025-05-28 07:35:00,140.0,147.06697429526068,True
552,LightGBM,2025-05-28 07:40:00,135.0,148.07573671413425,True
552,LightGBM,2025-05-28 07:45:00,134.0,151.89039537139473,True
552,LightGBM,2025-05-28 07:50:00,133.0,144.47707831604973,True
552,LightGBM,2025-05-28 07:55:00,128.0,151.7730595527211,True
552,LightGBM,2025-05-28 08:00:00,127.0,143.94710644250233,True
552,LightGBM,2025-05-28 08:05:00,129.0,131.1621643575298,True
552,LightGBM,2025-05-28 08:10:00,130.0,125.85983379576851,True
552,LightGBM,2025-05-28 08:15:00,127.0,131.35456677786397,True
552,LightGBM,2025-05-28 08:20:00,126.0,130.35073928232703,True
552,LightGBM,2025-05-28 08:25:00,132.0,117.99606430872699,True
552,LightGBM,2025-05-28 08:30:00,136.0,125.46607936109014,True
552,LightGBM,2025-05-28 08:35:00,146.0,133.46296988784647,True
552,LightGBM,2025-05-28 08:40:00,148.0,130.9382786318248,True
552,LightGBM,2025-05-28 08:45:00,142.0,144.40055845820572,True
552,LightGBM,2025-05-28 08:50:00,147.0,144.56404263722484,True
552,LightGBM,2025-05-28 08:55:00,162.0,162.8480406800031,True
552,LightGBM,2025-05-28 09:00:00,175.0,163.11233187202944,True
552,LightGBM,2025-05-28 09:05:00,183.0,181.63848214662798,True
552,LightGBM,2025-05-28 09:10:00,178.0,164.89730594926084,True
552,LightGBM,2025-05-28 09:15:00,178.0,143.52602338598126,True
552,LightGBM,2025-05-28 09:20:00,174.0,167.24146737400736,True
552,LightGBM,2025-05-28 09:25:00,169.0,186.80437824790943,True
552,LightGBM,2025-05-28 09:30:00,164.0,193.95969190414766,True
552,LightGBM,2025-05-28 09:35:00,158.0,190.26436522112118,True
552,LightGBM,2025-05-28 09:40:00,150.0,162.867086643267,True
552,LightGBM,2025-05-28 09:45:00,144.0,176.91385589369654,True
552,LightGBM,2025-05-28 09:50:00,138.0,155.11721908285776,True
552,LightGBM,2025-05-28 09:55:00,129.0,146.2363202096461,True
552,LightGBM,2025-05-28 10:00:00,124.0,140.7448788770341,True
552,LightGBM,2025-05-28 10:05:00,117.0,130.13708749359108,True
552,LightGBM,2025-05-28 10:10:00,113.0,120.60139308185715,True
552,LightGBM,2025-05-28 10:15:00,111.0,123.47605587671576,True
552,LightGBM,2025-05-28 10:20:00,108.0,116.08218165718576,True
552,LightGBM,2025-05-28 10:25:00,104.0,104.15022761341613,True
552,LightGBM,2025-05-28 10:30:00,102.0,107.06372013518629,True
552,LightGBM,2025-05-28 10:35:00,101.0,96.06223164943263,True
552,LightGBM,2025-05-28 10:40:00,100.0,101.44360850963896,True
552,LightGBM,2025-05-28 10:45:00,100.0,104.7668570060441,True
552,LightGBM,2025-05-28 10:50:00,100.0,97.4452354630511,True
552,LightGBM,2025-05-28 10:55:00,102.0,91.91147755483169,True
552,LightGBM,2025-05-28 11:00:00,103.0,95.92147133072841,True
552,LightGBM,2025-05-28 11:05:00,104.0,95.27712734330335,True
552,LightGBM,2025-05-28 11:10:00,106.0,93.80069448738587,True
552,LightGBM,2025-05-28 11:15:00,107.0,98.34040452801908,True
552,LightGBM,2025-05-28 11:20:00,107.0,98.36924021268045,True
552,LightGBM,2025-05-28 11:25:00,105.0,108.80728940271526,True
552,LightGBM,2025-05-28 11:30:00,104.0,107.03640138443987,True
552,LightGBM,2025-05-28 11:35:00,100.0,108.01726575375147,True
552,LightGBM,2025-05-28 11:40:00,99.0,113.4839027981341,True
552,LightGBM,2025-05-28 11:45:00,98.0,111.68621748987987,True
552,LightGBM,2025-05-28 11:50:00,94.0,110.19452014981776,True
552,LightGBM,2025-05-28 11:55:00,88.0,103.65208985273591,True
552,LightGBM,2025-05-28 12:00:00,85.0,102.99122282489388,True
552,LightGBM,2025-05-28 12:05:00,83.0,93.60783978999,True
552,LightGBM,2025-05-28 12:10:00,83.0,99.39685097451283,True
552,LightGBM,2025-05-28 12:15:00,86.0,96.46403235924798,True
552,LightGBM,2025-05-28 12:20:00,87.0,90.55583884896808,True
552,LightGBM,2025-05-28 12:25:00,92.0,85.20898378924667,True
552,LightGBM,2025-05-28 12:30:00,99.0,86.26125417188011,True
552,LightGBM,2025-05-28 12:35:00,101.0,85.55718518536514,True
552,LightGBM,2025-05-28 12:40:00,104.0,90.87030353610523,True
552,LightGBM,2025-05-28 12:45:00,108.0,98.84924115213738,True
552,LightGBM,2025-05-28 12:50:00,113.0,93.42557691036203,True
552,LightGBM,2025-05-28 12:55:00,119.0,117.90827944499314,True
552,LightGBM,2025-05-28 13:00:00,124.0,129.42809157701564,True
552,LightGBM,2025-05-28 13:05:00,126.0,112.72891007558707,True
552,LightGBM,2025-05-28 13:10:00,129.0,118.82682649014896,True
552,LightGBM,2025-05-28 13:15:00,134.0,123.87299758405975,True
552,LightGBM,2025-05-28 13:20:00,132.0,125.35004074906648,True
552,LightGBM,2025-05-28 13:25:00,127.0,134.5345085084018,True
552,LightGBM,2025-05-28 13:30:00,123.0,132.8776092058314,True
552,LightGBM,2025-05-28 13:35:00,120.0,130.58543368053702,True
552,LightGBM,2025-05-28 13:40:00,116.0,139.92420266973858,True
552,LightGBM,2025-05-28 13:45:00,112.0,148.79087168739773,True
552,LightGBM,2025-05-28 13:50:00,109.0,129.49761929820684,True
552,LightGBM,2025-05-28 13:55:00,105.0,122.70926121619304,True
552,LightGBM,2025-05-28 14:00:00,100.0,117.20838866054575,True
552,LightGBM,2025-05-28 14:05:00,93.0,114.89025700779254,True
552,LightGBM,2025-05-28 14:10:00,90.0,106.86865807317274,True
552,LightGBM,2025-05-28 14:15:00,91.0,101.6152018933632,True
552,LightGBM,2025-05-28 14:20:00,89.0,102.70684614903602,True
552,LightGBM,2025-05-28 14:25:00,87.0,96.48106511712126,True
552,LightGBM,2025-05-28 14:30:00,87.0,89.63414606643522,True
552,LightGBM,2025-05-28 14:35:00,87.0,84.95994814418631,True
552,LightGBM,2025-05-28 14:40:00,87.0,90.34283650724278,True
552,LightGBM,2025-05-28 14:45:00,81.0,98.7733506709723,True
552,LightGBM,2025-05-28 14:50:00,80.0,87.40605678575496,True
552,LightGBM,2025-05-28 14:55:00,80.0,84.82797386776616,True
552,LightGBM,2025-05-28 15:00:00,79.0,90.23032907659505,True
552,LightGBM,2025-05-28 15:05:00,78.0,89.99625462896672,True
552,LightGBM,2025-05-28 15:10:00,76.0,89.80803813469461,True
552,LightGBM,2025-05-28 15:15:00,74.0,79.77680621814268,True
552,LightGBM,2025-05-28 15:20:00,73.0,85.79726890285944,True
552,LightGBM,2025-05-28 15:25:00,70.0,86.35085593346923,True
552,LightGBM,2025-05-28 15:30:00,65.0,83.4455074987347,True
552,LightGBM,2025-05-28 15:35:00,62.0,83.18758596094887,True
552,LightGBM,2025-05-28 15:40:00,60.0,81.69306767431222,True
552,LightGBM,2025-05-28 15:45:00,58.0,81.25488302803359,True
552,LightGBM,2025-05-28 15:50:00,56.0,81.59622814614048,True
552,LightGBM,2025-05-28 15:55:00,54.0,78.42373009987324,True
552,LightGBM,2025-05-28 16:00:00,52.0,75.80696884180458,True
552,LightGBM,2025-05-28 16:05:00,49.0,75.50450299787836,True
552,LightGBM,2025-05-28 16:10:00,48.0,71.53753209724768,True
552,LightGBM,2025-05-28 16:15:00,47.0,70.03912266351958,True
552,LightGBM,2025-05-28 16:20:00,48.0,67.26848330486817,True
552,LightGBM,2025-05-28 16:25:00,48.0,67.27172977333703,True
552,LightGBM,2025-05-28 16:30:00,53.0,66.78231644814575,True
552,LightGBM,2025-05-28 16:35:00,58.0,60.93889823009214,True
552,LightGBM,2025-05-28 16:40:00,67.0,60.98670491300769,True
552,LightGBM,2025-05-28 16:45:00,74.0,58.71168803499023,True
552,LightGBM,2025-05-28 16:50:00,86.0,62.991399479045285,True
552,LightGBM,2025-05-28 16:55:00,99.0,61.32131094903971,True
552,LightGBM,2025-05-28 17:00:00,109.0,87.25323487030974,True
552,LightGBM,2025-05-28 17:05:00,115.0,91.07424280671776,True
552,LightGBM,2025-05-28 17:10:00,119.0,108.12145100351336,True
552,LightGBM,2025-05-28 17:15:00,120.0,104.43961219938411,True
552,LightGBM,2025-05-28 17:20:00,117.0,126.79224419306402,True
552,LightGBM,2025-05-28 17:25:00,115.0,146.48431762117957,True
552,LightGBM,2025-05-28 17:30:00,113.0,146.54367109370838,True
552,LightGBM,2025-05-28 17:35:00,113.0,137.1009500925419,True
552,LightGBM,2025-05-28 17:40:00,114.0,135.37176853042646,True
552,LightGBM,2025-05-28 17:45:00,114.0,127.89812574892261,True
552,LightGBM,2025-05-28 17:50:00,114.0,118.64264808870901,True
552,LightGBM,2025-05-28 17:55:00,114.0,117.18376646292414,True
552,LightGBM,2025-05-28 18:00:00,113.0,111.5167966704193,True
552,LightGBM,2025-05-28 18:05:00,112.0,116.35983288154337,True
552,LightGBM,2025-05-28 18:10:00,113.0,119.00723168236321,True
552,LightGBM,2025-05-28 18:15:00,114.0,117.33227161104207,True
552,LightGBM,2025-05-28 18:20:00,116.0,118.26751231546308,True
552,LightGBM,2025-05-28 18:25:00,141.0,118.59813021942894,True
552,LightGBM,2025-05-28 18:30:00,140.0,113.73138678845608,True
552,LightGBM,2025-05-28 18:35:00,138.0,112.38139975216214,True
552,LightGBM,2025-05-28 18:40:00,137.0,118.3489407696344,True
552,LightGBM,2025-05-28 18:45:00,139.0,118.46583995019662,True
552,LightGBM,2025-05-28 18:50:00,144.0,122.45494216917075,True
552,LightGBM,2025-05-28 18:55:00,139.0,168.3459481938739,True
552,LightGBM,2025-05-28 19:00:00,136.0,146.39164304260333,True
552,LightGBM,2025-05-28 19:05:00,137.0,139.06635104856917,True
552,LightGBM,2025-05-28 19:10:00,135.0,138.27904842684558,True
552,LightGBM,2025-05-28 19:15:00,137.0,147.4294254914144,True
552,LightGBM,2025-05-28 19:20:00,134.0,155.36601168493908,True
552,LightGBM,2025-05-28 19:25:00,134.0,130.52169065941658,True
552,LightGBM,2025-05-28 19:30:00,136.0,131.34364389914003,True
552,LightGBM,2025-05-28 19:35:00,136.0,140.15465951635,True
552,LightGBM,2025-05-28 19:40:00,134.0,129.16220521777828,True
552,LightGBM,2025-05-28 19:45:00,134.0,144.87697758134325,True
552,LightGBM,2025-05-28 19:50:00,134.0,128.02408399502633,True
552,LightGBM,2025-05-28 19:55:00,135.0,135.4719128546286,True
552,LightGBM,2025-05-28 20:00:00,138.0,142.2565145843175,True
552,LightGBM,2025-05-28 20:05:00,141.0,137.10271226548105,True
552,LightGBM,2025-05-28 20:10:00,144.0,130.81165268299281,True
552,LightGBM,2025-05-28 20:15:00,145.0,135.63220411037898,True
552,LightGBM,2025-05-28 20:20:00,145.0,134.35146111908065,True
552,LightGBM,2025-05-28 20:25:00,145.0,140.83216284095835,True
552,LightGBM,2025-05-28 20:30:00,143.0,147.55003805542663,True
552,LightGBM,2025-05-28 20:35:00,145.0,154.28515950190814,True
552,LightGBM,2025-05-28 20:40:00,145.0,156.43569371923311,True
552,LightGBM,2025-05-28 20:45:00,145.0,151.1449472382219,True
552,LightGBM,2025-05-28 20:50:00,145.0,146.92557421430467,True
552,LightGBM,2025-05-28 20:55:00,145.0,147.45323611036497,True
552,LightGBM,2025-05-28 21:00:00,149.0,136.00079444987404,True
552,LightGBM,2025-05-28 21:05:00,153.0,150.89687296313684,True
552,LightGBM,2025-05-28 21:10:00,150.0,144.52433039795727,True
552,LightGBM,2025-05-28 21:15:00,147.0,147.13834390376837,True
552,LightGBM,2025-05-28 21:20:00,144.0,146.78088254575957,True
552,LightGBM,2025-05-28 21:25:00,143.0,147.39518365687616,True
552,LightGBM,2025-05-28 21:30:00,142.0,160.8065580437828,True
552,LightGBM,2025-05-28 21:35:00,144.0,165.9589498596219,True
552,LightGBM,2025-05-28 21:40:00,146.0,146.83718085670415,True
552,LightGBM,2025-05-28 21:45:00,146.0,142.97994017859511,True
552,LightGBM,2025-05-28 21:50:00,145.0,137.0430536613672,True
552,LightGBM,2025-05-28 21:55:00,142.0,137.98327505628154,True
552,LightGBM,2025-05-28 22:00:00,139.0,135.9946822039633,True
552,LightGBM,2025-05-28 22:05:00,138.0,147.7807142973217,True
552,LightGBM,2025-05-28 22:10:00,137.0,149.10246550045377,True
552,LightGBM,2025-05-28 22:15:00,136.0,145.99226251119225,True
552,LightGBM,2025-05-28 22:20:00,134.0,142.4458805397248,True
552,LightGBM,2025-05-28 22:25:00,132.0,134.708940081222,True
552,LightGBM,2025-05-28 22:30:00,131.0,130.98542156907826,True
552,LightGBM,2025-05-28 22:35:00,130.0,133.88356034706732,True
552,LightGBM,2025-05-28 22:40:00,127.0,133.06221837846724,True
552,LightGBM,2025-05-28 22:45:00,125.0,131.78956688760653,True
552,LightGBM,2025-05-28 22:50:00,135.0,126.96247468948937,True
552,LightGBM,2025-05-28 22:55:00,131.0,123.91809865219356,True
552,LightGBM,2025-05-28 23:00:00,127.0,125.94367294029774,True
552,LightGBM,2025-05-28 23:05:00,122.0,126.03208522518926,True
552,LightGBM,2025-05-28 23:10:00,117.0,119.33931352317894,True
552,LightGBM,2025-05-28 23:15:00,113.0,116.9980152301466,True
552,LightGBM,2025-05-28 23:20:00,110.0,147.16832218178476,True
552,LightGBM,2025-05-28 23:25:00,107.0,120.93394586727821,True
552,LightGBM,2025-05-28 23:30:00,104.0,119.74484184461225,True
552,LightGBM,2025-05-28 23:35:00,101.0,108.54820487773237,True
552,LightGBM,2025-05-28 23:40:00,99.0,102.87302340649143,True
552,LightGBM,2025-05-28 23:45:00,96.0,101.1035216151489,True
552,LightGBM,2025-05-28 23:50:00,94.0,101.40607138877004,True
552,LightGBM,2025-05-28 23:55:00,91.0,95.88687979710669,True
552,LightGBM,2025-05-29 00:00:00,88.0,93.34621610670067,True
552,LightGBM,2025-05-29 00:05:00,85.0,90.57420104445201,True
552,LightGBM,2025-05-29 00:10:00,83.0,92.29404012905793,True
552,LightGBM,2025-05-29 00:15:00,80.0,86.98960636829473,True
552,LightGBM,2025-05-29 00:20:00,78.0,89.06142857083204,True
552,LightGBM,2025-05-29 00:25:00,75.0,84.05365031444845,True
552,LightGBM,2025-05-29 00:30:00,72.0,82.44984729067654,True
552,LightGBM,2025-05-29 00:35:00,69.0,79.55573965222558,True
552,LightGBM,2025-05-29 00:40:00,74.0,80.73471990288296,True
552,LightGBM,2025-05-29 00:45:00,77.0,76.01218379040078,True
552,LightGBM,2025-05-29 00:50:00,74.0,76.73722962758741,True
552,LightGBM,2025-05-29 00:55:00,72.0,73.8270344635853,True
552,LightGBM,2025-05-29 01:00:00,71.0,72.41387642883369,True
552,LightGBM,2025-05-29 01:05:00,69.0,71.28669480647575,True
552,LightGBM,2025-05-29 01:10:00,67.0,92.4602342997405,True
552,LightGBM,2025-05-29 01:15:00,66.0,87.25893058769792,True
552,LightGBM,2025-05-29 01:20:00,65.0,78.4057412790846,True
552,LightGBM,2025-05-29 01:25:00,64.0,77.46409979936098,True
552,LightGBM,2025-05-29 01:30:00,63.0,74.43716801973902,True
552,LightGBM,2025-05-29 01:35:00,63.0,72.28976676291599,True
552,LightGBM,2025-05-29 01:40:00,62.0,69.36337555607723,True
552,LightGBM,2025-05-29 01:45:00,61.0,69.62407357719425,True
552,LightGBM,2025-05-29 01:50:00,61.0,68.60762752642997,True
552,LightGBM,2025-05-29 01:55:00,64.0,69.48315155743013,True
552,LightGBM,2025-05-29 02:00:00,70.0,69.40762155513998,True
552,LightGBM,2025-05-29 02:05:00,79.0,70.19417894806305,True
552,LightGBM,2025-05-29 02:10:00,89.0,68.38880464709001,True
552,LightGBM,2025-05-29 02:15:00,97.0,65.66366212028375,True
552,LightGBM,2025-05-29 02:20:00,106.0,65.56007161510354,True
552,LightGBM,2025-05-29 02:25:00,113.0,81.43105704026961,True
552,LightGBM,2025-05-29 02:30:00,116.0,95.01185241281084,True
552,LightGBM,2025-05-29 02:35:00,119.0,108.68071616704079,True
552,LightGBM,2025-05-29 02:40:00,120.0,123.48920828812845,True
552,LightGBM,2025-05-29 02:45:00,119.0,124.44903872394423,True
552,LightGBM,2025-05-29 02:50:00,119.0,137.00696861121747,True
552,LightGBM,2025-05-29 02:55:00,120.0,133.75986105353277,True
552,LightGBM,2025-05-29 03:00:00,122.0,127.57199754506709,True
552,LightGBM,2025-05-29 03:05:00,123.0,130.75287409632043,True
552,LightGBM,2025-05-29 03:10:00,123.0,124.80942022824274,True
552,LightGBM,2025-05-29 03:15:00,122.0,120.02949203604167,True
552,LightGBM,2025-05-29 03:20:00,121.0,123.11322383770988,True
552,LightGBM,2025-05-29 03:25:00,120.0,123.96261351009059,True
552,LightGBM,2025-05-29 03:30:00,119.0,128.40702904522126,True
552,LightGBM,2025-05-29 03:35:00,118.0,127.81438545204168,True
552,LightGBM,2025-05-29 03:40:00,117.0,128.48881069087548,True
552,LightGBM,2025-05-29 03:45:00,116.0,122.55985387034916,True
552,LightGBM,2025-05-29 03:50:00,115.0,121.70226663850111,True
552,LightGBM,2025-05-29 03:55:00,114.0,118.03573843741741,True
552,LightGBM,2025-05-29 04:00:00,112.0,116.40280493673298,True
552,LightGBM,2025-05-29 04:05:00,110.0,115.20072678206402,True
552,LightGBM,2025-05-29 04:10:00,110.0,113.31725721277813,True
552,LightGBM,2025-05-29 04:15:00,110.0,112.73835739742866,True
552,LightGBM,2025-05-29 04:20:00,110.0,111.52863294462557,True
552,LightGBM,2025-05-29 04:25:00,109.0,110.56487824767702,True
552,LightGBM,2025-05-29 04:30:00,109.0,107.35773654011405,True
552,LightGBM,2025-05-29 04:35:00,109.0,106.16302379353438,True
552,LightGBM,2025-05-29 04:40:00,109.0,110.55652387775716,True
552,LightGBM,2025-05-29 04:45:00,110.0,110.6395799393295,True
552,LightGBM,2025-05-29 04:50:00,110.0,111.83651421099643,True
552,LightGBM,2025-05-29 04:55:00,110.0,106.96440346419347,True
552,LightGBM,2025-05-29 05:00:00,109.0,110.75493481331021,True
552,LightGBM,2025-05-29 05:05:00,107.0,110.78222567871138,True
552,LightGBM,2025-05-29 05:10:00,106.0,111.3506008750074,True
552,LightGBM,2025-05-29 05:15:00,103.0,115.24492666838343,True
552,LightGBM,2025-05-29 05:20:00,102.0,113.3460818390492,True
552,LightGBM,2025-05-29 05:25:00,108.0,113.81509703329998,True
552,LightGBM,2025-05-29 05:30:00,111.0,108.63290078379296,True
552,LightGBM,2025-05-29 05:35:00,108.0,103.90180299260898,True
552,LightGBM,2025-05-29 05:40:00,106.0,104.35468308066098,True
552,LightGBM,2025-05-29 05:45:00,103.0,98.39412587147459,True
552,LightGBM,2025-05-29 05:50:00,101.0,99.72249044522201,True
552,LightGBM,2025-05-29 05:55:00,98.0,124.48031982660166,True
552,LightGBM,2025-05-29 06:00:00,96.0,117.7992040697663,True
552,LightGBM,2025-05-29 06:05:00,94.0,105.7135117071521,True
552,LightGBM,2025-05-29 06:10:00,93.0,105.3120303020659,True
552,LightGBM,2025-05-29 06:15:00,95.0,98.40126850013259,True
552,LightGBM,2025-05-29 06:20:00,98.0,97.52430946420219,True
552,LightGBM,2025-05-29 06:25:00,97.0,92.72074675850855,True
552,LightGBM,2025-05-29 06:30:00,96.0,91.38768739874224,True
552,LightGBM,2025-05-29 06:35:00,94.0,91.17516109953542,True
552,LightGBM,2025-05-29 06:40:00,92.0,91.27088705128733,True
552,LightGBM,2025-05-29 06:45:00,94.0,101.00699454916767,True
552,LightGBM,2025-05-29 06:50:00,95.0,107.50085901767793,True
552,LightGBM,2025-05-29 06:55:00,96.0,99.08753555270118,True
552,LightGBM,2025-05-29 07:00:00,96.0,95.75690964989097,True
552,LightGBM,2025-05-29 07:05:00,96.0,92.35709188292174,True
552,LightGBM,2025-05-29 07:10:00,96.0,91.05727771708456,True
552,LightGBM,2025-05-29 07:15:00,96.0,103.19834671501837,True
552,LightGBM,2025-05-29 07:20:00,91.0,99.49499811132625,True
552,LightGBM,2025-05-29 07:25:00,84.0,100.36743140249337,True
552,LightGBM,2025-05-29 07:30:00,87.0,96.74823321740128,True
552,LightGBM,2025-05-29 07:35:00,90.0,97.53419960336497,True
552,LightGBM,2025-05-29 07:40:00,91.0,97.84428234138899,True
552,LightGBM,2025-05-29 07:45:00,96.0,98.42270911082646,True
552,LightGBM,2025-05-29 07:50:00,109.0,91.36271857400507,True
552,LightGBM,2025-05-29 07:55:00,114.0,84.95086772067874,True
552,LightGBM,2025-05-29 08:00:00,129.0,99.50252758927189,True
552,LightGBM,2025-05-29 08:05:00,142.0,103.61676438424954,True
552,LightGBM,2025-05-29 08:10:00,155.0,102.05168022635002,True
552,LightGBM,2025-05-29 08:15:00,170.0,139.9232480304856,True
552,LightGBM,2025-05-29 08:20:00,179.0,163.5230954014273,True
552,LightGBM,2025-05-29 08:25:00,183.0,146.6261666883255,True
552,LightGBM,2025-05-29 08:30:00,183.0,180.73597795256742,True
552,LightGBM,2025-05-29 08:35:00,178.0,179.4968616485808,True
552,LightGBM,2025-05-29 08:40:00,175.0,190.64579976972195,True
552,LightGBM,2025-05-29 08:45:00,171.0,200.8130995855002,True
552,LightGBM,2025-05-29 08:50:00,167.0,177.46781009177323,True
552,LightGBM,2025-05-29 08:55:00,162.0,175.14159576438075,True
552,LightGBM,2025-05-29 09:00:00,155.0,166.57021678837728,True
552,LightGBM,2025-05-29 09:05:00,148.0,151.00948083880238,True
552,LightGBM,2025-05-29 09:10:00,141.0,161.36554163655936,True
552,LightGBM,2025-05-29 09:15:00,141.0,149.08713377604536,True
552,LightGBM,2025-05-29 09:20:00,139.0,148.3426344641444,True
552,LightGBM,2025-05-29 09:25:00,134.0,140.3727306113629,True
552,LightGBM,2025-05-29 09:30:00,130.0,128.9297179669472,True
552,LightGBM,2025-05-29 09:35:00,119.0,126.23191296394253,True
552,LightGBM,2025-05-29 09:40:00,111.0,117.58225559349877,True
552,LightGBM,2025-05-29 09:45:00,106.0,139.50377696754387,True
552,LightGBM,2025-05-29 09:50:00,100.0,128.43337640264278,True
552,LightGBM,2025-05-29 09:55:00,95.0,119.40004310478432,True
552,LightGBM,2025-05-29 10:00:00,90.0,116.61205069289753,True
552,LightGBM,2025-05-29 10:05:00,89.0,98.16426723660405,True
552,LightGBM,2025-05-29 10:10:00,83.0,95.60523460120704,True
552,LightGBM,2025-05-29 10:15:00,77.0,93.24529966089463,True
552,LightGBM,2025-05-29 10:20:00,72.0,85.0532263002237,True
552,LightGBM,2025-05-29 10:25:00,65.0,83.74314762000368,True
552,LightGBM,2025-05-29 10:30:00,56.0,81.77959301481754,True
552,LightGBM,2025-05-29 10:35:00,52.0,88.766435058572,True
552,LightGBM,2025-05-29 10:40:00,61.0,79.28991175745924,True
552,LightGBM,2025-05-29 10:45:00,59.0,75.69273628957289,True
552,LightGBM,2025-05-29 10:50:00,62.0,75.48204516698539,True
552,LightGBM,2025-05-29 10:55:00,64.0,70.8849993358173,True
552,LightGBM,2025-05-29 11:00:00,66.0,64.22736073047797,True
552,LightGBM,2025-05-29 11:05:00,69.0,72.03817445832793,True
552,LightGBM,2025-05-29 11:10:00,74.0,101.79423752834549,True
552,LightGBM,2025-05-29 11:15:00,87.0,75.67562893962933,True
552,LightGBM,2025-05-29 11:20:00,101.0,93.59556140564335,True
552,LightGBM,2025-05-29 11:25:00,105.0,86.83142368530403,True
552,LightGBM,2025-05-29 11:30:00,113.0,93.28593232114962,True
552,LightGBM,2025-05-29 11:35:00,120.0,95.30441562832081,True
552,LightGBM,2025-05-29 11:40:00,132.0,105.47323310393121,True
552,LightGBM,2025-05-29 11:45:00,135.0,124.17981012912016,True
552,LightGBM,2025-05-29 11:50:00,134.0,146.55617227387188,True
552,LightGBM,2025-05-29 11:55:00,134.0,123.00697419222297,True
552,LightGBM,2025-05-29 12:00:00,134.0,141.83268477911315,True
552,LightGBM,2025-05-29 12:05:00,134.0,140.58156386416687,True
552,LightGBM,2025-05-29 12:10:00,134.0,172.7760436242778,True
552,LightGBM,2025-05-29 12:15:00,134.0,145.32445263542496,True
552,LightGBM,2025-05-29 12:20:00,134.0,134.8285938292089,True
552,LightGBM,2025-06-03 09:50:00,130.0,186.09774604241534,False
552,LightGBM,2025-06-03 09:55:00,125.0,185.48131872000957,False
552,LightGBM,2025-06-03 10:00:00,118.0,185.72692576430288,False
552,LightGBM,2025-06-03 10:05:00,116.0,184.48834774942824,False
552,LightGBM,2025-06-03 10:10:00,114.0,185.12124365560987,False
552,LightGBM,2025-06-03 10:15:00,113.0,181.33027889678317,False
552,LightGBM,2025-06-03 10:20:00,112.0,139.2514743160786,True
552,LightGBM,2025-06-03 10:25:00,114.0,119.3567432595589,True
552,LightGBM,2025-06-03 10:30:00,117.0,107.1471663892111,True
552,LightGBM,2025-06-03 10:35:00,115.0,113.3935417986908,True
552,LightGBM,2025-06-03 10:40:00,110.0,110.92461112235615,True
552,LightGBM,2025-06-03 10:45:00,106.0,110.1780320574851,True
552,LightGBM,2025-06-03 10:50:00,104.0,107.76492301716033,True
552,LightGBM,2025-06-03 10:55:00,104.0,119.70529592081239,True
552,LightGBM,2025-06-03 11:00:00,106.0,125.5909643542661,True
552,LightGBM,2025-06-03 11:05:00,107.0,113.27423061110419,True
552,LightGBM,2025-06-03 11:10:00,109.0,104.36047561021604,True
552,LightGBM,2025-06-03 11:15:00,110.0,98.4841010155064,True
552,LightGBM,2025-06-03 11:20:00,110.0,102.19205385037849,True
552,LightGBM,2025-06-03 11:25:00,109.0,106.47850127417935,True
552,LightGBM,2025-06-03 11:30:00,107.0,113.66933446168116,True
552,LightGBM,2025-06-03 11:35:00,103.0,110.03725329848157,True
552,LightGBM,2025-06-03 11:40:00,100.0,118.36497198969217,True
552,LightGBM,2025-06-03 11:45:00,96.0,116.99208418028246,True
552,LightGBM,2025-06-03 11:50:00,95.0,115.16892422496012,True
552,LightGBM,2025-06-03 11:55:00,92.0,107.74340933875798,True
552,LightGBM,2025-06-03 12:00:00,91.0,102.07472748057296,True
552,LightGBM,2025-06-03 12:05:00,96.0,94.99650031089676,True
552,LightGBM,2025-06-03 12:10:00,95.0,93.51425120044962,True
552,LightGBM,2025-06-03 12:15:00,95.0,88.4050065679192,True
552,LightGBM,2025-06-03 12:20:00,94.0,94.64340659353577,True
552,LightGBM,2025-06-03 12:25:00,93.0,89.43133142483397,True
552,LightGBM,2025-06-03 12:30:00,94.0,91.9403564770573,True
552,LightGBM,2025-06-03 12:35:00,95.0,112.0273927723511,True
552,LightGBM,2025-06-03 12:40:00,96.0,95.35694374222064,True
552,LightGBM,2025-06-03 12:45:00,97.0,99.31395903383203,True
552,LightGBM,2025-06-03 12:50:00,98.0,93.99870416977842,True
552,LightGBM,2025-06-03 12:55:00,97.0,92.76552117872342,True
552,LightGBM,2025-06-03 13:00:00,89.0,100.44891382559905,True
552,LightGBM,2025-06-03 13:05:00,88.0,100.19438196232606,True
552,LightGBM,2025-06-03 13:10:00,91.0,100.62833790717625,True
552,LightGBM,2025-06-03 13:15:00,91.0,102.89107785396499,True
552,LightGBM,2025-06-03 13:20:00,87.0,103.75141300251605,True
552,LightGBM,2025-06-03 13:25:00,85.0,98.0241302261743,True
552,LightGBM,2025-06-03 13:30:00,88.0,88.28911071457662,True
552,LightGBM,2025-06-03 13:35:00,85.0,93.67426420891724,True
552,LightGBM,2025-06-03 13:40:00,81.0,106.06180202222467,True
552,LightGBM,2025-06-03 13:45:00,83.0,96.87621262000323,True
552,LightGBM,2025-06-03 13:50:00,85.0,88.58007121027089,True
552,LightGBM,2025-06-03 13:55:00,90.0,88.03151004101527,True
552,LightGBM,2025-06-03 14:00:00,91.0,104.2563796193163,True
552,LightGBM,2025-06-03 14:05:00,90.0,88.74228402231876,True
552,LightGBM,2025-06-03 14:10:00,89.0,86.07265926661262,True
552,LightGBM,2025-06-03 14:15:00,87.0,99.76947743054842,True
552,LightGBM,2025-06-03 14:20:00,85.0,99.06899870634837,True
552,LightGBM,2025-06-03 14:25:00,87.0,115.13489920552136,True
552,LightGBM,2025-06-03 14:30:00,87.0,101.69908097369064,True
552,LightGBM,2025-06-03 14:35:00,92.0,96.22764706127612,True
552,LightGBM,2025-06-03 14:40:00,88.0,92.9483141081596,True
552,LightGBM,2025-06-03 14:45:00,86.0,88.04903191911355,True
552,LightGBM,2025-06-03 14:50:00,91.0,86.47648363448197,True
552,LightGBM,2025-06-03 14:55:00,96.0,99.66584662785208,True
552,LightGBM,2025-06-03 15:00:00,101.0,92.517900719147,True
552,LightGBM,2025-06-03 15:05:00,105.0,114.53266514531255,True
552,LightGBM,2025-06-03 15:10:00,110.0,91.05674800791552,True
552,LightGBM,2025-06-03 15:15:00,117.0,92.37131339505842,True
552,LightGBM,2025-06-03 15:20:00,117.0,112.37354062343063,True
552,LightGBM,2025-06-03 15:25:00,116.0,114.7975231755541,True
552,LightGBM,2025-06-03 15:30:00,114.0,121.66932592237062,True
552,LightGBM,2025-06-03 15:35:00,114.0,121.87631468574767,True
552,LightGBM,2025-06-03 15:40:00,114.0,129.65585686583273,True
552,LightGBM,2025-06-03 15:45:00,113.0,141.89674707760878,True
552,LightGBM,2025-06-03 15:50:00,113.0,123.98375468857947,True
552,LightGBM,2025-06-03 15:55:00,113.0,119.82642533937525,True
552,LightGBM,2025-06-03 16:00:00,113.0,115.49643716444457,True
552,LightGBM,2025-06-03 16:05:00,113.0,118.87167255879349,True
552,LightGBM,2025-06-03 16:10:00,113.0,116.77661638269008,True
552,LightGBM,2025-06-03 16:15:00,113.0,113.24330561781416,True
552,LightGBM,2025-06-03 16:50:00,112.0,126.92327343328752,False
552,LightGBM,2025-06-03 16:55:00,111.0,126.99227985309903,False
552,LightGBM,2025-06-03 17:00:00,108.0,127.38582250491137,False
552,LightGBM,2025-06-03 17:05:00,105.0,127.3526012940164,False
552,LightGBM,2025-06-03 17:10:00,105.0,128.60496286914653,False
552,LightGBM,2025-06-03 17:15:00,105.0,158.1164410944162,False
552,LightGBM,2025-06-03 17:20:00,104.0,117.28147147195527,True
552,LightGBM,2025-06-03 17:25:00,102.0,112.61182320233806,True
552,LightGBM,2025-06-03 17:30:00,103.0,106.5887562155372,True
552,LightGBM,2025-06-03 17:35:00,103.0,100.95581825521069,True
552,LightGBM,2025-06-03 17:40:00,102.0,108.86108747794982,True
552,LightGBM,2025-06-03 17:45:00,102.0,108.14922313016264,True
552,LightGBM,2025-06-03 17:50:00,105.0,102.690076746647,True
552,LightGBM,2025-06-03 17:55:00,107.0,98.79606294066726,True
552,LightGBM,2025-06-03 18:00:00,108.0,108.42337297054084,True
552,LightGBM,2025-06-03 18:05:00,108.0,106.26704663069161,True
552,LightGBM,2025-06-03 18:10:00,111.0,101.14450774939847,True
552,LightGBM,2025-06-03 18:15:00,111.0,103.63293440404262,True
552,LightGBM,2025-06-03 18:20:00,111.0,116.66628274663474,True
552,LightGBM,2025-06-03 18:25:00,112.0,114.40720532004953,True
552,LightGBM,2025-06-03 18:30:00,111.0,114.16310026225796,True
552,LightGBM,2025-06-03 18:35:00,111.0,112.73821136826969,True
552,LightGBM,2025-06-03 18:40:00,113.0,124.60601439753918,True
552,LightGBM,2025-06-03 18:45:00,117.0,116.81061349253545,True
552,LightGBM,2025-06-03 18:50:00,117.0,117.76374682270657,True
552,LightGBM,2025-06-03 18:55:00,118.0,120.13578847228311,True
552,LightGBM,2025-06-03 19:00:00,120.0,112.99368326561026,True
552,LightGBM,2025-06-03 19:05:00,118.0,116.27061015641907,True
552,LightGBM,2025-06-03 19:10:00,116.0,120.33717070624189,True
552,LightGBM,2025-06-03 19:15:00,117.0,129.95782545482973,True
552,LightGBM,2025-06-03 19:20:00,129.0,122.58596302834265,True
552,LightGBM,2025-06-03 19:25:00,131.0,125.29310260802573,True
552,LightGBM,2025-06-03 19:30:00,145.0,127.80960184834439,True
552,LightGBM,2025-06-03 19:35:00,160.0,119.02126196022594,True
552,LightGBM,2025-06-03 19:40:00,173.0,117.49145642813512,True
552,LightGBM,2025-06-03 19:45:00,182.0,121.8596991809311,True
552,LightGBM,2025-06-03 19:50:00,188.0,164.02375330097604,True
552,LightGBM,2025-06-03 19:55:00,189.0,154.6316369475499,True
552,LightGBM,2025-06-03 20:00:00,183.0,179.02360927605486,True
552,LightGBM,2025-06-03 20:05:00,174.0,196.24457046389946,True
552,LightGBM,2025-06-03 20:10:00,165.0,194.15992323353345,True
552,LightGBM,2025-06-03 20:15:00,156.0,193.63364264984014,True
552,LightGBM,2025-06-03 20:20:00,149.0,188.10445776688596,True
552,LightGBM,2025-06-03 20:25:00,142.0,174.48106870913753,True
552,LightGBM,2025-06-03 20:30:00,131.0,157.7087575183554,True
552,LightGBM,2025-06-03 20:35:00,120.0,140.03500365814168,True
552,LightGBM,2025-06-03 20:40:00,113.0,133.38654274265687,True
552,LightGBM,2025-06-03 20:45:00,109.0,125.95905046361798,True
552,LightGBM,2025-06-03 20:50:00,107.0,129.19585464813116,True
552,LightGBM,2025-06-03 20:55:00,105.0,119.42058235420048,True
552,LightGBM,2025-06-03 21:00:00,108.0,104.59010145262772,True
552,LightGBM,2025-06-03 21:05:00,114.0,93.21396303559102,True
552,LightGBM,2025-06-03 21:10:00,120.0,97.55240296016323,True
552,LightGBM,2025-06-03 21:15:00,124.0,99.13529132921711,True
552,LightGBM,2025-06-03 21:20:00,125.0,101.69765109812064,True
552,LightGBM,2025-06-03 21:25:00,127.0,98.67795989662805,True
552,LightGBM,2025-06-03 21:30:00,129.0,114.42327130838699,True
552,LightGBM,2025-06-03 21:35:00,129.0,126.87188249213688,True
552,LightGBM,2025-06-03 21:40:00,128.0,133.0321559529427,True
552,LightGBM,2025-06-03 21:45:00,125.0,133.08398643769223,True
552,LightGBM,2025-06-03 21:50:00,121.0,129.1682179987306,True
552,LightGBM,2025-06-03 21:55:00,121.0,137.0714029992889,True
552,LightGBM,2025-06-03 22:00:00,119.0,137.6153615834,True
552,LightGBM,2025-06-03 22:05:00,119.0,132.56621211389344,True
552,LightGBM,2025-06-03 22:10:00,118.0,129.01607101510237,True
552,LightGBM,2025-06-03 22:15:00,112.0,118.51887148019992,True
552,LightGBM,2025-06-03 22:20:00,112.0,113.7410137233462,True
552,LightGBM,2025-06-03 22:25:00,118.0,123.58992831543645,True
552,LightGBM,2025-06-03 22:30:00,123.0,115.4603488817294,True
552,LightGBM,2025-06-03 22:35:00,126.0,121.21053456641089,True
552,LightGBM,2025-06-03 22:40:00,134.0,115.76113561617811,True
552,LightGBM,2025-06-03 22:45:00,142.0,103.76227673943627,True
552,LightGBM,2025-06-03 22:50:00,147.0,112.94043572266882,True
552,LightGBM,2025-06-03 22:55:00,151.0,129.17344074263607,True
552,LightGBM,2025-06-03 23:00:00,154.0,133.44128923098825,True
552,LightGBM,2025-06-03 23:05:00,157.0,134.74786623010388,True
552,LightGBM,2025-06-03 23:10:00,159.0,157.62387739373986,True
552,LightGBM,2025-06-03 23:15:00,162.0,164.1259130842409,True
552,LightGBM,2025-06-03 23:20:00,161.0,159.8538481309075,True
552,LightGBM,2025-06-03 23:25:00,163.0,163.22710133873045,True
552,LightGBM,2025-06-03 23:30:00,164.0,162.00017193594937,True
552,LightGBM,2025-06-03 23:35:00,166.0,169.32358603010925,True
552,LightGBM,2025-06-03 23:40:00,166.0,167.1874115461095,True
552,LightGBM,2025-06-03 23:45:00,166.0,171.15333089185845,True
552,LightGBM,2025-06-03 23:50:00,166.0,160.903179582642,True
552,LightGBM,2025-06-03 23:55:00,165.0,168.51516484360977,True
552,LightGBM,2025-06-04 00:00:00,164.0,166.13012158258215,True
552,LightGBM,2025-06-04 00:05:00,163.0,172.13901153222628,True
552,LightGBM,2025-06-04 00:10:00,162.0,166.7210053716531,True
552,LightGBM,2025-06-04 00:15:00,161.0,168.15531638706815,True
552,LightGBM,2025-06-04 00:20:00,162.0,167.88924992497198,True
552,LightGBM,2025-06-04 00:25:00,163.0,164.24309286064317,True
552,LightGBM,2025-06-04 00:30:00,164.0,161.43363947909918,True
552,LightGBM,2025-06-04 00:35:00,163.0,159.1521682588011,True
552,LightGBM,2025-06-04 00:40:00,163.0,157.0532201010178,True
552,LightGBM,2025-06-04 00:45:00,162.0,156.4226180185792,True
552,LightGBM,2025-06-04 00:50:00,162.0,159.8206915912852,True
552,LightGBM,2025-06-04 00:55:00,162.0,162.2456645768025,True
552,LightGBM,2025-06-04 01:00:00,165.0,166.97646994860236,True
552,LightGBM,2025-06-04 01:05:00,166.0,161.14159209885244,True
552,LightGBM,2025-06-04 01:10:00,165.0,163.51183563021348,True
552,LightGBM,2025-06-04 01:15:00,164.0,159.1472281872857,True
552,LightGBM,2025-06-04 01:20:00,164.0,161.03615773158347,True
552,LightGBM,2025-06-04 01:25:00,163.0,161.68784130642362,True
552,LightGBM,2025-06-04 01:30:00,163.0,172.41881746378343,True
552,LightGBM,2025-06-04 01:35:00,163.0,168.24686658533832,True
552,LightGBM,2025-06-04 01:40:00,162.0,164.4447839372335,True
552,LightGBM,2025-06-04 01:45:00,160.0,162.65417511462343,True
552,LightGBM,2025-06-04 01:50:00,158.0,164.85365206968277,True
552,LightGBM,2025-06-04 01:55:00,157.0,160.0497316020912,True
552,LightGBM,2025-06-04 02:00:00,155.0,163.68884182651018,True
552,LightGBM,2025-06-04 02:05:00,153.0,163.30998308280894,True
552,LightGBM,2025-06-04 02:10:00,152.0,159.59567161233247,True
552,LightGBM,2025-06-04 02:15:00,152.0,157.87772176139774,True
552,LightGBM,2025-06-04 02:20:00,154.0,152.44973952186203,True
552,LightGBM,2025-06-04 02:25:00,156.0,153.0969951143967,True
552,LightGBM,2025-06-04 02:30:00,157.0,149.05974778863504,True
552,LightGBM,2025-06-04 02:35:00,158.0,146.8712170142035,True
552,LightGBM,2025-06-04 02:40:00,158.0,145.24342703772905,True
552,LightGBM,2025-06-04 02:45:00,160.0,148.13608940467492,True
552,LightGBM,2025-06-04 02:50:00,167.0,154.2927869515199,True
552,LightGBM,2025-06-04 02:55:00,168.0,158.42630593014135,True
552,LightGBM,2025-06-04 03:00:00,166.0,159.30261601317991,True
552,LightGBM,2025-06-04 03:05:00,163.0,161.45393903275738,True
552,LightGBM,2025-06-04 03:10:00,162.0,161.02852433544456,True
552,LightGBM,2025-06-04 03:15:00,162.0,166.79289248578726,True
552,LightGBM,2025-06-04 03:20:00,163.0,184.70084488653941,True
552,LightGBM,2025-06-04 03:25:00,163.0,171.18575998131814,True
552,LightGBM,2025-06-04 03:30:00,163.0,164.8509715663016,True
552,LightGBM,2025-06-04 03:35:00,163.0,158.77642377326168,True
552,LightGBM,2025-06-04 03:40:00,162.0,160.50732182955252,True
552,LightGBM,2025-06-04 03:45:00,160.0,162.7996969446953,True
552,LightGBM,2025-06-04 03:50:00,158.0,163.75908777286224,True
552,LightGBM,2025-06-04 03:55:00,156.0,162.99011519058146,True
552,LightGBM,2025-06-04 04:00:00,155.0,164.6914783452218,True
552,LightGBM,2025-06-04 04:05:00,154.0,163.87448200359367,True
552,LightGBM,2025-06-04 04:10:00,159.0,160.0164261365045,True
552,LightGBM,2025-06-04 04:15:00,160.0,156.03785343061878,True
552,LightGBM,2025-06-04 04:20:00,158.0,148.92343057909468,True
552,LightGBM,2025-06-04 04:25:00,159.0,145.94573765089106,True
552,LightGBM,2025-06-04 04:30:00,157.0,147.826101212285,True
552,LightGBM,2025-06-04 04:35:00,154.0,144.92119519406182,True
552,LightGBM,2025-06-04 04:40:00,152.0,167.13238443936999,True
552,LightGBM,2025-06-04 04:45:00,151.0,159.05154696284848,True
552,LightGBM,2025-06-04 04:50:00,150.0,152.8672796837769,True
552,LightGBM,2025-06-04 04:55:00,149.0,160.38096646326682,True
552,LightGBM,2025-06-04 05:00:00,148.0,150.74025892870208,True
552,LightGBM,2025-06-04 05:05:00,147.0,146.01884486615077,True
552,LightGBM,2025-06-04 05:10:00,149.0,144.09157330673526,True
552,LightGBM,2025-06-04 05:15:00,150.0,143.64366146155933,True
552,LightGBM,2025-06-04 05:20:00,148.0,142.9438481633671,True
552,LightGBM,2025-06-04 05:25:00,145.0,143.1441174815034,True
552,LightGBM,2025-06-04 05:30:00,144.0,141.63397114125559,True
552,LightGBM,2025-06-04 05:35:00,143.0,141.4970111216623,True
552,LightGBM,2025-06-04 05:40:00,143.0,150.995712747905,True
552,LightGBM,2025-06-04 05:45:00,142.0,151.16230367866214,True
552,LightGBM,2025-06-04 05:50:00,140.0,142.44888234656372,True
552,LightGBM,2025-06-04 05:55:00,139.0,139.50780657559815,True
552,LightGBM,2025-06-04 06:00:00,137.0,140.49914271780932,True
552,LightGBM,2025-06-04 06:05:00,136.0,137.64418419788828,True
552,LightGBM,2025-06-04 06:10:00,137.0,140.01285626178776,True
552,LightGBM,2025-06-04 06:15:00,139.0,137.78650154523817,True
552,LightGBM,2025-06-04 06:20:00,136.0,134.00271136525987,True
552,LightGBM,2025-06-04 06:25:00,133.0,136.47236747370056,True
552,LightGBM,2025-06-04 06:30:00,131.0,132.4110461793538,True
552,LightGBM,2025-06-04 06:35:00,129.0,133.99161677607097,True
552,LightGBM,2025-06-04 06:40:00,127.0,138.30784281249117,True
552,LightGBM,2025-06-04 06:45:00,125.0,144.71596229295986,True
552,LightGBM,2025-06-04 06:50:00,125.0,131.41357522997563,True
552,LightGBM,2025-06-04 06:55:00,128.0,129.13744574603786,True
552,LightGBM,2025-06-04 07:00:00,129.0,125.84304137150302,True
552,LightGBM,2025-06-04 07:05:00,127.0,125.72376846926977,True
552,LightGBM,2025-06-04 07:10:00,129.0,124.31787354730585,True
552,LightGBM,2025-06-04 07:15:00,129.0,119.03057011464237,True
552,LightGBM,2025-06-04 07:20:00,127.0,124.89907128831288,True
552,LightGBM,2025-06-04 07:25:00,131.0,135.68199834221318,True
552,LightGBM,2025-06-04 07:30:00,133.0,131.88471416492052,True
552,LightGBM,2025-06-04 07:35:00,132.0,126.26304470363552,True
552,LightGBM,2025-06-04 07:40:00,134.0,137.21016009784896,True
552,LightGBM,2025-06-04 07:45:00,134.0,130.50912192365573,True
552,LightGBM,2025-06-04 07:50:00,135.0,126.52324939066351,True
552,LightGBM,2025-06-04 07:55:00,135.0,141.35994847858635,True
552,LightGBM,2025-06-04 08:00:00,133.0,139.4839151794271,True
552,LightGBM,2025-06-04 08:05:00,131.0,131.47848517783018,True
552,LightGBM,2025-06-04 08:10:00,126.0,143.59634854006922,True
552,LightGBM,2025-06-04 08:15:00,125.0,135.79663053573563,True
552,LightGBM,2025-06-04 08:20:00,122.0,139.29984200174917,True
552,LightGBM,2025-06-04 08:25:00,121.0,136.68567049999692,True
552,LightGBM,2025-06-04 08:30:00,120.0,131.96624430663454,True
552,LightGBM,2025-06-04 08:35:00,116.0,128.27082605816983,True
552,LightGBM,2025-06-04 08:40:00,111.0,118.1149337253594,True
552,LightGBM,2025-06-04 08:45:00,107.0,122.68725159019999,True
552,LightGBM,2025-06-04 08:50:00,106.0,114.89278960573613,True
552,LightGBM,2025-06-04 08:55:00,102.0,118.56360494855123,True
552,LightGBM,2025-06-04 09:00:00,98.0,115.06852188212363,True
552,LightGBM,2025-06-04 09:05:00,97.0,107.29462880178743,True
552,LightGBM,2025-06-04 09:10:00,96.0,97.60661796651068,True
552,LightGBM,2025-06-04 09:15:00,96.0,96.99524002740661,True
552,LightGBM,2025-06-04 09:20:00,101.0,103.47911111921806,True
552,LightGBM,2025-06-04 09:25:00,110.0,92.5533083628486,True
552,LightGBM,2025-06-04 09:30:00,122.0,89.23346351900561,True
552,LightGBM,2025-06-04 09:35:00,131.0,95.58849575544033,True
552,LightGBM,2025-06-04 09:40:00,141.0,92.61559039113597,True
552,LightGBM,2025-06-04 09:45:00,150.0,96.07565481311507,True
552,LightGBM,2025-06-04 09:50:00,157.0,115.52922439621713,True
552,LightGBM,2025-06-04 09:55:00,160.0,134.25643396325177,True
552,LightGBM,2025-06-04 10:00:00,160.0,157.27078662592362,True
552,LightGBM,2025-06-04 10:05:00,160.0,152.54517998406448,True
552,LightGBM,2025-06-04 10:10:00,157.0,170.7945233675048,True
552,LightGBM,2025-06-04 10:15:00,153.0,175.25263585036097,True
552,LightGBM,2025-06-04 10:20:00,154.0,180.6179478052065,True
552,LightGBM,2025-06-04 10:25:00,157.0,172.52987015683877,True
552,LightGBM,2025-06-04 10:30:00,160.0,168.07560307100903,True
552,LightGBM,2025-06-04 10:35:00,163.0,164.51921203577044,True
552,LightGBM,2025-06-04 10:40:00,167.0,146.47218425900004,True
552,LightGBM,2025-06-04 10:45:00,172.0,146.21167504616946,True
552,LightGBM,2025-06-04 10:50:00,169.0,159.79435858431535,True
552,LightGBM,2025-06-04 10:55:00,162.0,167.52197321334268,True
552,LightGBM,2025-06-04 11:00:00,152.0,171.74184147471902,True
552,LightGBM,2025-06-04 11:05:00,140.0,171.5449537555509,True
552,LightGBM,2025-06-04 11:10:00,129.0,181.42088959232157,True
552,LightGBM,2025-06-04 11:15:00,119.0,185.93682463031064,True
552,LightGBM,2025-06-04 11:20:00,110.0,155.89503507543435,True
552,LightGBM,2025-06-04 11:25:00,103.0,142.55559054791559,True
552,LightGBM,2025-06-04 11:30:00,95.0,123.75940307438542,True
552,LightGBM,2025-06-04 11:35:00,88.0,112.55715186142571,True
552,LightGBM,2025-06-04 11:40:00,70.0,106.96103900660091,True
552,LightGBM,2025-06-04 11:45:00,63.0,97.56776482325081,True
552,LightGBM,2025-06-04 11:50:00,60.0,93.31708913133929,True
552,LightGBM,2025-06-04 11:55:00,60.0,90.39678184930607,True
552,LightGBM,2025-06-04 12:00:00,65.0,81.31620042061502,True
552,LightGBM,2025-06-04 12:05:00,70.0,81.41097590910049,True
552,LightGBM,2025-06-04 12:10:00,78.0,74.48616956143715,True
552,LightGBM,2025-06-04 12:15:00,87.0,79.38213354420412,True
552,LightGBM,2025-06-04 12:20:00,93.0,73.48679996071199,True
552,LightGBM,2025-06-04 12:25:00,100.0,73.73147857126557,True
552,LightGBM,2025-06-04 12:30:00,106.0,98.8499462953908,True
552,LightGBM,2025-06-04 12:35:00,112.0,97.43492091092465,True
552,LightGBM,2025-06-04 12:40:00,121.0,113.47742434756088,True
552,LightGBM,2025-06-04 12:45:00,129.0,119.63313832150583,True
552,LightGBM,2025-06-04 12:50:00,135.0,135.76176962876067,True
552,LightGBM,2025-06-04 12:55:00,139.0,135.18639470035595,True
552,LightGBM,2025-06-04 13:00:00,141.0,131.02958861295326,True
552,LightGBM,2025-06-04 13:05:00,137.0,131.81432275257666,True
552,LightGBM,2025-06-04 13:10:00,130.0,142.43762603115164,True
552,LightGBM,2025-06-04 13:15:00,122.0,140.97670439720505,True
552,LightGBM,2025-06-04 13:20:00,120.0,134.36610082200968,True
552,LightGBM,2025-06-04 13:25:00,118.0,138.3822556066159,True
552,LightGBM,2025-06-04 13:30:00,118.0,137.90497302433408,True
552,LightGBM,2025-06-04 13:35:00,119.0,117.88748649755793,True
552,LightGBM,2025-06-04 13:40:00,120.0,110.56591635679861,True
552,LightGBM,2025-06-04 13:45:00,123.0,100.1530294814843,True
552,LightGBM,2025-06-04 13:50:00,123.0,118.6915294172015,True
552,LightGBM,2025-06-04 13:55:00,121.0,113.32494148702155,True
552,LightGBM,2025-06-04 14:00:00,122.0,120.12395737770208,True
552,LightGBM,2025-06-04 14:05:00,122.0,122.5635613804025,True
552,LightGBM,2025-06-04 14:10:00,126.0,124.43292314488944,True
552,LightGBM,2025-06-04 14:15:00,133.0,134.44202052288588,True
552,LightGBM,2025-06-04 14:20:00,138.0,127.75289375536687,True
552,LightGBM,2025-06-04 14:25:00,144.0,121.2779971093597,True
552,LightGBM,2025-06-04 14:30:00,153.0,128.20070574215836,True
552,LightGBM,2025-06-04 14:35:00,164.0,126.68710895055963,True
552,LightGBM,2025-06-04 14:40:00,170.0,140.33024198702384,True
552,LightGBM,2025-06-04 14:45:00,179.0,152.89011914721803,True
552,LightGBM,2025-06-04 14:50:00,190.0,148.901303993931,True
552,LightGBM,2025-06-04 14:55:00,199.0,161.24182561582717,True
552,LightGBM,2025-06-04 15:00:00,210.0,180.30563639845292,True
552,LightGBM,2025-06-04 15:05:00,218.0,192.97791335355058,True
552,LightGBM,2025-06-04 15:10:00,224.0,179.0058632615662,True
552,LightGBM,2025-06-04 15:15:00,233.0,201.6302463686101,True
552,LightGBM,2025-06-04 15:20:00,242.0,219.1266826503725,True
552,LightGBM,2025-06-04 15:25:00,250.0,212.4661031960186,True
552,LightGBM,2025-06-04 15:30:00,258.0,232.9000881517923,True
552,LightGBM,2025-06-04 15:35:00,266.0,227.15021220276705,True
552,LightGBM,2025-06-04 15:40:00,272.0,235.528242191493,True
552,LightGBM,2025-06-04 15:45:00,277.0,253.23513587019846,True
552,LightGBM,2025-06-04 15:50:00,282.0,264.1767704800692,True
552,LightGBM,2025-06-04 15:55:00,284.0,269.7173463122102,True
552,LightGBM,2025-06-04 16:00:00,277.0,272.60843003492056,True
552,LightGBM,2025-06-04 16:05:00,275.0,277.840622076624,True
552,LightGBM,2025-06-04 16:10:00,273.0,275.04247813955726,True
552,LightGBM,2025-06-04 16:15:00,270.0,277.9652448078219,True
552,LightGBM,2025-06-04 16:20:00,273.0,282.9151077994694,True
552,LightGBM,2025-06-04 16:25:00,270.0,279.0409369077083,True
552,LightGBM,2025-06-04 16:30:00,265.0,252.23254573972915,True
552,LightGBM,2025-06-04 16:35:00,266.0,261.1261648188193,True
552,LightGBM,2025-06-04 16:40:00,264.0,255.28295149581047,True
552,LightGBM,2025-06-04 16:45:00,264.0,244.6049804525067,True
552,LightGBM,2025-06-04 16:50:00,263.0,264.7585110798841,True
552,LightGBM,2025-06-04 16:55:00,260.0,246.9786462784539,True
552,LightGBM,2025-06-04 17:00:00,259.0,241.76365197336088,True
552,LightGBM,2025-06-04 17:05:00,258.0,256.0066326625288,True
552,LightGBM,2025-06-04 17:10:00,257.0,246.99606113696092,True
552,LightGBM,2025-06-04 17:15:00,256.0,255.4469061331048,True
552,LightGBM,2025-06-04 17:20:00,257.0,251.7463166180898,True
552,LightGBM,2025-06-04 17:25:00,257.0,240.60210397151187,True
552,LightGBM,2025-06-04 17:30:00,253.0,248.12036507938322,True
552,LightGBM,2025-06-04 17:35:00,248.0,247.2933291947938,True
552,LightGBM,2025-06-04 17:40:00,245.0,246.3720813453513,True
552,LightGBM,2025-06-04 17:45:00,243.0,247.43839956523792,True
552,LightGBM,2025-06-04 17:50:00,242.0,251.38754865781385,True
552,LightGBM,2025-06-04 17:55:00,238.0,250.83730354695916,True
552,LightGBM,2025-06-04 18:00:00,239.0,238.91107847364026,True
552,LightGBM,2025-06-04 18:05:00,235.0,229.75203599874646,True
552,LightGBM,2025-06-04 18:10:00,234.0,226.18116018598795,True
552,LightGBM,2025-06-04 18:15:00,238.0,225.96521587949846,True
552,LightGBM,2025-06-04 18:20:00,232.0,230.33196535614275,True
552,LightGBM,2025-06-04 18:25:00,223.0,217.78963336587492,True
552,LightGBM,2025-06-04 18:30:00,210.0,227.9827557817322,True
552,LightGBM,2025-06-04 18:35:00,195.0,214.597739810837,True
552,LightGBM,2025-06-04 18:40:00,181.0,219.63757290393357,True
552,LightGBM,2025-06-04 18:45:00,167.0,234.38433454939667,True
552,LightGBM,2025-06-04 18:50:00,155.0,210.460869993199,True
552,LightGBM,2025-06-04 18:55:00,144.0,190.3173864245707,True
552,LightGBM,2025-06-04 19:00:00,135.0,168.34427041957426,True
552,LightGBM,2025-06-04 19:05:00,129.0,144.38391478463976,True
552,LightGBM,2025-06-04 19:10:00,125.0,138.79481379380329,True
552,LightGBM,2025-06-04 19:15:00,118.0,121.00107660355646,True
552,LightGBM,2025-06-04 19:20:00,122.0,120.33597583366888,True
552,LightGBM,2025-06-04 19:25:00,125.0,111.5616299592323,True
552,LightGBM,2025-06-04 19:30:00,128.0,106.38921245502637,True
552,LightGBM,2025-06-04 19:35:00,132.0,108.70192941884495,True
552,LightGBM,2025-06-04 19:40:00,138.0,110.63711579237545,True
552,LightGBM,2025-06-04 19:45:00,144.0,97.40909571557995,True
552,LightGBM,2025-06-04 19:50:00,144.0,130.98518254449917,True
552,LightGBM,2025-06-04 19:55:00,144.0,128.7118046868566,True
552,LightGBM,2025-06-04 20:00:00,144.0,137.09762995721056,True
552,LightGBM,2025-06-04 20:05:00,150.0,143.4604754227032,True
552,LightGBM,2025-06-04 20:10:00,154.0,151.6118926925883,True
552,LightGBM,2025-06-04 20:15:00,160.0,159.21978190231803,True
552,LightGBM,2025-06-04 20:20:00,166.0,144.17553099719402,True
552,LightGBM,2025-06-04 20:25:00,171.0,146.52517803676466,True
552,LightGBM,2025-06-04 20:30:00,179.0,145.58269174506935,True
552,LightGBM,2025-06-04 20:35:00,185.0,165.21232678714665,True
552,LightGBM,2025-06-04 20:40:00,190.0,161.44604258766034,True
552,LightGBM,2025-06-04 20:45:00,199.0,175.926227536547,True
552,LightGBM,2025-06-04 20:50:00,209.0,183.84270040662406,True
552,LightGBM,2025-06-04 20:55:00,216.0,186.5814780356512,True
552,LightGBM,2025-06-04 21:00:00,218.0,202.56289205512854,True
552,LightGBM,2025-06-04 21:05:00,220.0,202.26411596450893,True
552,LightGBM,2025-06-04 21:10:00,221.0,205.39619861439485,True
552,LightGBM,2025-06-04 21:15:00,221.0,219.83555981072828,True
552,LightGBM,2025-06-04 21:20:00,220.0,226.32832178233585,True
552,LightGBM,2025-06-04 21:25:00,217.0,225.29888061627557,True
552,LightGBM,2025-06-04 21:30:00,210.0,215.36208376718415,True
552,LightGBM,2025-06-04 21:35:00,203.0,220.41984621448623,True
552,LightGBM,2025-06-04 21:40:00,197.0,214.27778593599842,True
552,LightGBM,2025-06-04 21:45:00,189.0,210.5407870703561,True
552,LightGBM,2025-06-04 21:50:00,185.0,206.71169978651164,True
552,LightGBM,2025-06-04 21:55:00,182.0,196.19956999245778,True
552,LightGBM,2025-06-04 22:00:00,181.0,183.11943178868606,True
552,LightGBM,2025-06-04 22:05:00,182.0,178.97750460418249,True
552,LightGBM,2025-06-04 22:10:00,183.0,175.4906229383999,True
552,LightGBM,2025-06-04 22:15:00,186.0,163.96380115103977,True
552,LightGBM,2025-06-04 22:20:00,188.0,169.1186575481895,True
552,LightGBM,2025-06-04 22:25:00,192.0,166.91778457715338,True
552,LightGBM,2025-06-04 22:30:00,197.0,169.17385047509396,True
552,LightGBM,2025-06-04 22:35:00,196.0,175.83462736774385,True
552,LightGBM,2025-06-04 22:40:00,193.0,180.22413686912319,True
552,LightGBM,2025-06-04 22:45:00,192.0,187.76132263949796,True
552,LightGBM,2025-06-04 22:50:00,193.0,187.01896720088513,True
552,LightGBM,2025-06-04 22:55:00,192.0,198.6003872626205,True
552,LightGBM,2025-06-04 23:00:00,191.0,208.34463545132982,True
552,LightGBM,2025-06-04 23:05:00,191.0,190.69475548844656,True
552,LightGBM,2025-06-04 23:10:00,190.0,181.5947925685097,True
552,LightGBM,2025-06-04 23:15:00,188.0,186.39578272058256,True
552,LightGBM,2025-06-04 23:20:00,188.0,191.20971032567127,True
552,LightGBM,2025-06-04 23:25:00,189.0,183.402940223248,True
552,LightGBM,2025-06-04 23:30:00,190.0,185.70853236710406,True
552,LightGBM,2025-06-04 23:35:00,191.0,188.57401469831888,True
552,LightGBM,2025-06-04 23:40:00,192.0,185.03247192058234,True
552,LightGBM,2025-06-04 23:45:00,199.0,176.56497954994757,True
552,LightGBM,2025-06-04 23:50:00,204.0,183.15259774391345,True
552,LightGBM,2025-06-04 23:55:00,204.0,185.0426520499824,True
552,LightGBM,2025-06-05 00:00:00,205.0,190.4619908153312,True
552,LightGBM,2025-06-05 00:05:00,207.0,191.9522336712122,True
552,LightGBM,2025-06-05 00:10:00,209.0,193.37692288077324,True
552,LightGBM,2025-06-05 00:15:00,212.0,211.8766261095689,True
552,LightGBM,2025-06-05 00:20:00,214.0,213.09384594911617,True
552,LightGBM,2025-06-05 00:25:00,215.0,206.56561077871348,True
552,LightGBM,2025-06-05 00:30:00,214.0,210.01889191603865,True
552,LightGBM,2025-06-05 00:35:00,214.0,211.87688515795475,True
552,LightGBM,2025-06-05 00:40:00,216.0,212.4071325208527,True
552,LightGBM,2025-06-05 00:45:00,217.0,219.40437264185408,True
552,LightGBM,2025-06-05 00:50:00,218.0,217.93349818003836,True
552,LightGBM,2025-06-05 00:55:00,218.0,219.38451452706533,True
552,LightGBM,2025-06-05 01:00:00,219.0,214.04851305930694,True
552,LightGBM,2025-06-05 01:05:00,220.0,215.31997612959532,True
552,LightGBM,2025-06-05 01:10:00,219.0,219.414966262656,True
552,LightGBM,2025-06-05 01:15:00,218.0,219.23562001449568,True
552,LightGBM,2025-06-05 01:20:00,216.0,221.98213541169525,True
552,LightGBM,2025-06-05 01:25:00,214.0,219.629711188307,True
552,LightGBM,2025-06-05 01:30:00,211.0,222.16548200983647,True
552,LightGBM,2025-06-05 01:35:00,205.0,222.57792077141642,True
552,LightGBM,2025-06-05 01:40:00,203.0,218.48122255490873,True
552,LightGBM,2025-06-05 01:45:00,207.0,217.1548397451088,True
552,LightGBM,2025-06-05 01:50:00,209.0,211.3933360733921,True
552,LightGBM,2025-06-05 01:55:00,209.0,208.36503152741332,True
552,LightGBM,2025-06-05 02:00:00,209.0,203.11026116360918,True
552,LightGBM,2025-06-05 02:05:00,209.0,189.4979347455443,True
552,LightGBM,2025-06-05 02:10:00,209.0,192.78949349015596,True
552,LightGBM,2025-06-05 02:15:00,209.0,208.99560313438514,True
552,LightGBM,2025-06-05 02:20:00,208.0,207.39168425946764,True
552,LightGBM,2025-06-05 02:25:00,206.0,206.39506797311012,True
552,LightGBM,2025-06-05 02:30:00,205.0,206.92713265508593,True
552,LightGBM,2025-06-05 02:35:00,205.0,207.03424326720628,True
552,LightGBM,2025-06-05 02:40:00,206.0,206.8308526703343,True
552,LightGBM,2025-06-05 02:45:00,209.0,207.61061260148838,True
552,LightGBM,2025-06-05 02:50:00,210.0,206.29420408746108,True
552,LightGBM,2025-06-05 02:55:00,210.0,200.56880097644498,True
552,LightGBM,2025-06-05 03:00:00,210.0,203.33709423695566,True
552,LightGBM,2025-06-05 03:05:00,210.0,204.38131842677998,True
552,LightGBM,2025-06-05 03:10:00,210.0,206.40875880488213,True
552,LightGBM,2025-06-05 03:15:00,210.0,212.7387491214699,True
552,LightGBM,2025-06-05 03:20:00,208.0,212.5703384724764,True
552,LightGBM,2025-06-05 03:25:00,207.0,213.14730927926405,True
552,LightGBM,2025-06-05 03:30:00,207.0,211.62901147549474,True
552,LightGBM,2025-06-05 03:35:00,205.0,211.39806541307863,True
552,LightGBM,2025-06-05 03:40:00,203.0,211.49225828262507,True
552,LightGBM,2025-06-05 03:45:00,204.0,211.63785877728776,True
552,LightGBM,2025-06-05 03:50:00,206.0,203.05686023922695,True
552,LightGBM,2025-06-05 03:55:00,206.0,206.1859972934762,True
552,LightGBM,2025-06-05 04:00:00,207.0,206.90784504838754,True
552,LightGBM,2025-06-05 04:05:00,207.0,199.51561254395293,True
552,LightGBM,2025-06-05 04:10:00,207.0,196.23998347916034,True
552,LightGBM,2025-06-05 04:15:00,207.0,203.21439820327166,True
552,LightGBM,2025-06-05 04:20:00,206.0,206.49411029208375,True
552,LightGBM,2025-06-05 04:25:00,206.0,204.66685353715698,True
552,LightGBM,2025-06-05 04:30:00,205.0,209.0263230894109,True
552,LightGBM,2025-06-05 04:35:00,206.0,208.22694583789772,True
552,LightGBM,2025-06-05 04:40:00,208.0,208.1928027272759,True
552,LightGBM,2025-06-05 04:45:00,207.0,208.0013679291643,True
552,LightGBM,2025-06-05 04:50:00,206.0,205.26934508941605,True
552,LightGBM,2025-06-05 04:55:00,205.0,206.38165109452802,True
552,LightGBM,2025-06-05 05:00:00,204.0,204.7961838128143,True
552,LightGBM,2025-06-05 05:05:00,203.0,207.73306708423274,True
552,LightGBM,2025-06-05 05:10:00,204.0,211.0494184275887,True
552,LightGBM,2025-06-05 05:15:00,202.0,207.30306212944745,True
552,LightGBM,2025-06-05 05:20:00,199.0,206.56401413073817,True
552,LightGBM,2025-06-05 05:25:00,198.0,205.04940880779324,True
552,LightGBM,2025-06-05 05:30:00,196.0,201.68044115914284,True
552,LightGBM,2025-06-05 05:35:00,196.0,199.42847388154215,True
552,LightGBM,2025-06-05 05:40:00,195.0,205.4775448155909,True
552,LightGBM,2025-06-05 05:45:00,196.0,197.72428973823588,True
552,LightGBM,2025-06-05 05:50:00,197.0,194.038763896167,True
552,LightGBM,2025-06-05 05:55:00,196.0,193.7695787842911,True
552,LightGBM,2025-06-05 06:00:00,195.0,189.93117076953118,True
552,LightGBM,2025-06-05 06:05:00,193.0,194.4691661380824,True
552,LightGBM,2025-06-05 06:10:00,191.0,196.35283719478684,True
552,LightGBM,2025-06-05 06:15:00,188.0,199.99780164498998,True
552,LightGBM,2025-06-05 06:20:00,183.0,200.06088064555584,True
552,LightGBM,2025-06-05 06:25:00,179.0,194.42125454048067,True
552,LightGBM,2025-06-05 06:30:00,176.0,192.06006359521095,True
552,LightGBM,2025-06-05 06:35:00,173.0,184.08299223940205,True
552,LightGBM,2025-06-05 06:40:00,170.0,184.21164642806275,True
552,LightGBM,2025-06-05 06:45:00,167.0,172.982816387555,True
552,LightGBM,2025-06-05 06:50:00,163.0,167.76028280366756,True
552,LightGBM,2025-06-05 06:55:00,161.0,164.81804716379838,True
552,LightGBM,2025-06-05 07:00:00,160.0,162.517902656274,True
552,LightGBM,2025-06-05 07:05:00,159.0,158.1011540769911,True
552,LightGBM,2025-06-05 07:10:00,161.0,154.09299030462182,True
552,LightGBM,2025-06-05 07:15:00,162.0,150.63707875694323,True
552,LightGBM,2025-06-05 07:20:00,161.0,144.87178167161773,True
552,LightGBM,2025-06-05 07:25:00,161.0,147.53424521446533,True
552,LightGBM,2025-06-05 07:30:00,163.0,150.03885061876025,True
552,LightGBM,2025-06-05 07:35:00,164.0,148.9199707172073,True
552,LightGBM,2025-06-05 07:40:00,163.0,158.170865694205,True
552,LightGBM,2025-06-05 07:45:00,145.0,156.14281568629326,True
552,LightGBM,2025-06-05 07:50:00,144.0,153.12866369733348,True
552,LightGBM,2025-06-05 07:55:00,144.0,158.52255497341514,True
552,LightGBM,2025-06-05 08:00:00,141.0,166.14569480393692,True
552,LightGBM,2025-06-05 08:05:00,140.0,166.85868104918126,True
552,LightGBM,2025-06-05 08:10:00,138.0,161.9352796889365,True
552,LightGBM,2025-06-05 08:15:00,139.0,139.69856606111597,True
552,LightGBM,2025-06-05 08:20:00,146.0,146.53294642422958,True
552,LightGBM,2025-06-05 08:25:00,149.0,143.59841116564695,True
552,LightGBM,2025-06-05 08:30:00,157.0,147.07674604531613,True
552,LightGBM,2025-06-05 08:35:00,163.0,147.22843935438812,True
552,LightGBM,2025-06-05 08:40:00,162.0,138.87277950321223,True
552,LightGBM,2025-06-05 08:45:00,156.0,151.2869749021058,True
552,LightGBM,2025-06-05 08:50:00,148.0,165.4499222196869,True
552,LightGBM,2025-06-05 08:55:00,140.0,162.39043601638647,True
552,LightGBM,2025-06-05 09:00:00,133.0,182.54352878030912,True
552,LightGBM,2025-06-05 09:05:00,127.0,174.90716125577302,True
552,LightGBM,2025-06-05 09:10:00,122.0,152.85202343591956,True
552,LightGBM,2025-06-05 09:15:00,116.0,138.32508553209072,True
552,LightGBM,2025-06-05 09:20:00,109.0,127.01002678927524,True
552,LightGBM,2025-06-05 09:25:00,101.0,118.0578244145188,True
552,LightGBM,2025-06-05 09:30:00,92.0,115.5996844194153,True
552,LightGBM,2025-06-05 09:35:00,77.0,112.08287870629609,True
552,LightGBM,2025-06-05 09:40:00,72.0,106.75071947762697,True
552,LightGBM,2025-06-05 09:45:00,68.0,97.3159389545061,True
552,LightGBM,2025-06-05 09:50:00,66.0,92.46414955414201,True
552,LightGBM,2025-06-05 09:55:00,66.0,86.25756492898171,True
552,LightGBM,2025-06-05 10:00:00,70.0,81.28981304113476,True
552,LightGBM,2025-06-05 10:05:00,74.0,73.9144347290141,True
552,LightGBM,2025-06-05 10:10:00,79.0,78.4107869466019,True
552,LightGBM,2025-06-05 10:15:00,81.0,73.10215454601402,True
552,LightGBM,2025-06-05 10:20:00,83.0,75.16496184349553,True
552,LightGBM,2025-06-05 10:25:00,84.0,77.41063949689244,True
552,LightGBM,2025-06-05 10:30:00,86.0,98.95018090664688,True
552,LightGBM,2025-06-05 10:35:00,87.0,97.79168326287255,True
552,LightGBM,2025-06-05 10:40:00,88.0,104.40322657077516,True
552,LightGBM,2025-06-05 10:45:00,90.0,95.69229256269938,True
552,LightGBM,2025-06-05 10:50:00,91.0,99.52660092098776,True
552,LightGBM,2025-06-05 10:55:00,92.0,94.20452404048127,True
552,LightGBM,2025-06-05 11:00:00,92.0,100.29584820146198,True
552,LightGBM,2025-06-05 11:05:00,92.0,94.42204576846837,True
552,LightGBM,2025-06-05 11:10:00,90.0,98.6871203711472,True
552,LightGBM,2025-06-05 11:15:00,91.0,102.00599446445929,True
552,LightGBM,2025-06-05 11:20:00,93.0,99.87827300513524,True
552,LightGBM,2025-06-05 11:25:00,93.0,101.74460677222415,True
552,LightGBM,2025-06-05 11:30:00,92.0,97.85582049597886,True
552,LightGBM,2025-06-05 11:35:00,93.0,97.3371469631678,True
552,LightGBM,2025-06-05 11:40:00,92.0,91.05360571804238,True
552,LightGBM,2025-06-05 11:45:00,89.0,99.16924456011724,True
552,LightGBM,2025-06-05 11:50:00,90.0,102.515058312588,True
552,LightGBM,2025-06-05 11:55:00,92.0,97.95503856333437,True
552,LightGBM,2025-06-05 12:00:00,94.0,94.56755469530678,True
552,LightGBM,2025-06-05 12:05:00,95.0,99.59666106100784,True
552,LightGBM,2025-06-05 12:10:00,97.0,92.95410371301574,True
552,LightGBM,2025-06-05 12:15:00,96.0,89.98043423757987,True
552,LightGBM,2025-06-05 12:20:00,96.0,100.6720983460068,True
552,LightGBM,2025-06-05 12:25:00,97.0,103.23687896797904,True
552,LightGBM,2025-06-05 12:30:00,103.0,106.71972851066806,True
552,LightGBM,2025-06-05 12:35:00,108.0,104.57063013578036,True
552,LightGBM,2025-06-05 12:40:00,116.0,109.82816670902463,True
552,LightGBM,2025-06-05 12:45:00,129.0,99.45168021252059,True
552,LightGBM,2025-06-05 12:50:00,137.0,102.45667223396414,True
552,LightGBM,2025-06-05 12:55:00,144.0,105.66961126089086,True
552,LightGBM,2025-06-05 13:00:00,153.0,126.51643772304472,True
552,LightGBM,2025-06-05 13:05:00,158.0,124.82696270083531,True
552,LightGBM,2025-06-05 13:10:00,161.0,141.96286297267133,True
552,LightGBM,2025-06-05 13:15:00,162.0,173.38266366101624,True
552,LightGBM,2025-06-05 13:20:00,163.0,165.61729364370962,True
552,LightGBM,2025-06-05 13:25:00,164.0,175.10623761944478,True
552,LightGBM,2025-06-05 13:30:00,164.0,189.90694637552522,True
552,LightGBM,2025-06-05 13:35:00,165.0,174.3485674761697,True
552,LightGBM,2025-06-05 13:40:00,164.0,168.10091669489907,True
552,LightGBM,2025-06-05 13:45:00,160.0,162.11025285634716,True
552,LightGBM,2025-06-05 13:50:00,157.0,165.30799270936743,True
552,LightGBM,2025-06-05 13:55:00,156.0,163.76272923694452,True
552,LightGBM,2025-06-05 14:00:00,157.0,159.2240050350224,True
552,LightGBM,2025-06-05 14:05:00,156.0,165.6718433774205,True
552,LightGBM,2025-06-05 14:10:00,159.0,155.4288801911923,True
552,LightGBM,2025-06-05 14:15:00,161.0,146.32208293917245,True
552,LightGBM,2025-06-05 14:20:00,160.0,145.42624993160737,True
552,LightGBM,2025-06-05 14:25:00,162.0,148.09101325098527,True
552,LightGBM,2025-06-05 14:30:00,164.0,153.77594696253774,True
552,LightGBM,2025-06-05 14:35:00,165.0,148.33266778139753,True
552,LightGBM,2025-06-05 14:40:00,170.0,163.41653992514566,True
552,LightGBM,2025-06-05 14:45:00,175.0,161.89272306658833,True
552,LightGBM,2025-06-05 14:50:00,174.0,155.83798991566033,True
552,LightGBM,2025-06-05 14:55:00,177.0,163.82309224142892,True
552,LightGBM,2025-06-05 15:00:00,180.0,167.02532198881963,True
552,LightGBM,2025-06-05 15:05:00,181.0,169.18932940555277,True
552,LightGBM,2025-06-05 15:10:00,176.0,184.26228686074688,True
552,LightGBM,2025-06-05 15:15:00,176.0,188.63319171053305,True
552,LightGBM,2025-06-05 15:20:00,176.0,173.06457236237605,True
552,LightGBM,2025-06-05 15:25:00,175.0,185.76394562566284,True
552,LightGBM,2025-06-05 15:30:00,175.0,187.1919763063854,True
552,LightGBM,2025-06-05 15:35:00,175.0,178.90917544885642,True
552,LightGBM,2025-06-05 15:40:00,175.0,164.08815997607715,True
552,LightGBM,2025-06-05 15:45:00,172.0,175.63807254198417,True
552,LightGBM,2025-06-05 15:50:00,169.0,172.79858421781722,True
552,LightGBM,2025-06-05 15:55:00,174.0,170.7156550067169,True
552,LightGBM,2025-06-05 16:00:00,175.0,172.97970013396252,True
552,LightGBM,2025-06-05 16:05:00,176.0,173.0930181250024,True
552,LightGBM,2025-06-05 16:10:00,177.0,173.29314030483485,True
552,LightGBM,2025-06-05 16:15:00,177.0,159.78638344838635,True
552,LightGBM,2025-06-05 16:20:00,177.0,157.45550440161594,True
552,LightGBM,2025-06-05 16:25:00,175.0,181.3870286791109,True
552,LightGBM,2025-06-05 16:30:00,171.0,173.38801799827314,True
552,LightGBM,2025-06-05 16:35:00,166.0,178.94675826151538,True
552,LightGBM,2025-06-05 16:40:00,165.0,177.13968482701398,True
552,LightGBM,2025-06-05 16:45:00,168.0,175.14241754157445,True
552,LightGBM,2025-06-05 16:50:00,170.0,175.54578660131747,True
552,LightGBM,2025-06-05 16:55:00,168.0,168.81826901186602,True
552,LightGBM,2025-06-05 17:00:00,167.0,162.5265606451996,True
552,LightGBM,2025-06-05 17:05:00,166.0,153.45483791640228,True
552,LightGBM,2025-06-05 17:10:00,162.0,160.37346181382833,True
552,LightGBM,2025-06-05 17:15:00,159.0,170.38618821803647,True
552,LightGBM,2025-06-05 17:20:00,157.0,172.30405494207665,True
552,LightGBM,2025-06-05 17:25:00,155.0,162.2827262088903,True
552,LightGBM,2025-06-05 17:30:00,149.0,164.5974364912919,True
552,LightGBM,2025-06-05 17:35:00,151.0,160.79500471557674,True
552,LightGBM,2025-06-05 17:40:00,153.0,151.66135016269413,True
552,LightGBM,2025-06-05 17:45:00,151.0,150.67673982596375,True
552,LightGBM,2025-06-05 17:50:00,151.0,148.97646860865683,True
552,LightGBM,2025-06-05 17:55:00,151.0,146.30746706861638,True
552,LightGBM,2025-06-05 18:00:00,153.0,134.49471163543123,True
552,LightGBM,2025-06-05 18:05:00,158.0,151.25658098997218,True
552,LightGBM,2025-06-05 18:10:00,165.0,152.83207889029995,True
552,LightGBM,2025-06-05 18:15:00,169.0,146.4196805704893,True
552,LightGBM,2025-06-05 18:20:00,173.0,150.35030756863208,True
552,LightGBM,2025-06-05 18:25:00,172.0,148.57422340457308,True
552,LightGBM,2025-06-05 18:30:00,170.0,175.76244767544415,True
552,LightGBM,2025-06-05 18:35:00,166.0,182.3515582399742,True
552,LightGBM,2025-06-05 18:40:00,164.0,191.27381779283058,True
552,LightGBM,2025-06-05 18:45:00,161.0,180.1477008476672,True
552,LightGBM,2025-06-05 18:50:00,155.0,182.1546847426348,True
552,LightGBM,2025-06-05 18:55:00,150.0,164.89090104530624,True
552,LightGBM,2025-06-05 19:00:00,146.0,157.51612052324197,True
552,LightGBM,2025-06-05 19:05:00,142.0,144.01448568093065,True
552,LightGBM,2025-06-05 19:10:00,141.0,151.57551569896506,True
552,LightGBM,2025-06-05 19:15:00,141.0,141.7974610282024,True
552,LightGBM,2025-06-05 19:20:00,144.0,129.05320355360004,True
552,LightGBM,2025-06-05 19:25:00,147.0,132.2841265857521,True
552,LightGBM,2025-06-05 19:30:00,147.0,132.19423809322416,True
552,LightGBM,2025-06-05 19:35:00,147.0,128.9048513955608,True
552,LightGBM,2025-06-05 19:40:00,147.0,135.56228282733375,True
552,LightGBM,2025-06-05 19:45:00,147.0,141.2389846876742,True
552,LightGBM,2025-06-05 19:50:00,147.0,151.89831473621632,True
552,LightGBM,2025-06-05 19:55:00,147.0,153.85184592132038,True
552,LightGBM,2025-06-05 20:00:00,147.0,147.21806168598386,True
552,LightGBM,2025-06-06 02:20:00,122.0,162.03758186702757,False
552,LightGBM,2025-06-06 02:25:00,121.0,162.03758186702757,False
552,LightGBM,2025-06-06 02:30:00,120.0,162.03758186702757,False
552,LightGBM,2025-06-06 02:35:00,120.0,162.03758186702757,False
552,LightGBM,2025-06-06 02:40:00,119.0,162.03758186702757,False
552,LightGBM,2025-06-06 02:45:00,117.0,162.03758186702757,False
552,LightGBM,2025-06-06 02:50:00,116.0,125.44988868424652,True
552,LightGBM,2025-06-06 02:55:00,114.0,121.75891696871311,True
552,LightGBM,2025-06-06 03:00:00,113.0,118.9174009369573,True
552,LightGBM,2025-06-06 03:05:00,111.0,121.20526387327259,True
552,LightGBM,2025-06-06 03:10:00,110.0,116.36686255907229,True
552,LightGBM,2025-06-06 03:15:00,109.0,114.539829594526,True
552,LightGBM,2025-06-06 03:20:00,107.0,113.36179771829848,True
552,LightGBM,2025-06-06 03:25:00,106.0,110.63637329446665,True
552,LightGBM,2025-06-06 03:30:00,104.0,109.09409242753475,True
552,LightGBM,2025-06-06 03:35:00,102.0,105.77652558321216,True
552,LightGBM,2025-06-06 03:40:00,101.0,106.5478119446775,True
552,LightGBM,2025-06-06 03:45:00,100.0,105.01506122450665,True
552,LightGBM,2025-06-06 03:50:00,99.0,101.62562268928687,True
552,LightGBM,2025-06-06 03:55:00,99.0,101.90665944363289,True
552,LightGBM,2025-06-06 04:00:00,98.0,98.51771428570194,True
552,LightGBM,2025-06-06 04:05:00,98.0,96.14938158170467,True
552,LightGBM,2025-06-06 04:10:00,97.0,95.91222595227673,True
552,LightGBM,2025-06-06 04:15:00,96.0,95.22995540229329,True
552,LightGBM,2025-06-06 04:20:00,95.0,95.12301232708683,True
552,LightGBM,2025-06-06 04:25:00,94.0,97.77647696193448,True
552,LightGBM,2025-06-06 04:30:00,93.0,94.2069518744675,True
552,LightGBM,2025-06-06 04:35:00,92.0,96.7670219734712,True
552,LightGBM,2025-06-06 04:40:00,90.0,94.08793998460693,True
552,LightGBM,2025-06-06 04:45:00,88.0,92.54615987710247,True
552,LightGBM,2025-06-06 04:50:00,87.0,92.01794859827525,True
552,LightGBM,2025-06-06 04:55:00,87.0,92.18042011098417,True
552,LightGBM,2025-06-06 05:00:00,85.0,90.16660592787873,True
552,LightGBM,2025-06-06 05:05:00,84.0,89.91928888203697,True
552,LightGBM,2025-06-06 05:10:00,83.0,87.46793239358566,True
552,LightGBM,2025-06-06 05:15:00,82.0,85.79370064686806,True
552,LightGBM,2025-06-06 05:20:00,81.0,85.05640001212907,True
552,LightGBM,2025-06-06 05:25:00,79.0,86.9749738106226,True
552,LightGBM,2025-06-06 05:30:00,79.0,83.47073144698126,True
552,LightGBM,2025-06-06 05:35:00,81.0,84.49258107694793,True
552,LightGBM,2025-06-06 05:40:00,82.0,83.58455452114174,True
552,LightGBM,2025-06-06 05:45:00,81.0,81.17119493130842,True
552,LightGBM,2025-06-06 05:50:00,81.0,79.50852037132405,True
552,LightGBM,2025-06-06 05:55:00,82.0,78.73782954176095,True
552,LightGBM,2025-06-06 06:00:00,82.0,81.93807872005317,True
552,LightGBM,2025-06-06 06:05:00,83.0,89.02455875348052,True
552,LightGBM,2025-06-06 06:10:00,84.0,85.1493011480913,True
552,LightGBM,2025-06-06 06:15:00,84.0,82.46256818666069,True
552,LightGBM,2025-06-06 06:20:00,85.0,82.79179742684445,True
552,LightGBM,2025-06-06 06:25:00,84.0,86.50786333299573,True
552,LightGBM,2025-06-06 06:30:00,85.0,83.92401105746696,True
552,LightGBM,2025-06-06 06:35:00,85.0,89.29932846677882,True
552,LightGBM,2025-06-06 06:40:00,85.0,89.03674889903037,True
552,LightGBM,2025-06-06 06:45:00,85.0,87.50628935771725,True
552,LightGBM,2025-06-06 06:50:00,84.0,90.54510904852309,True
552,LightGBM,2025-06-06 06:55:00,83.0,85.40578323963832,True
552,LightGBM,2025-06-06 07:00:00,83.0,91.67090412515059,True
552,LightGBM,2025-06-06 07:05:00,83.0,89.05747705953391,True
552,LightGBM,2025-06-06 07:10:00,84.0,89.36076370740224,True
552,LightGBM,2025-06-06 07:15:00,90.0,88.60040128247695,True
552,LightGBM,2025-06-06 07:20:00,98.0,86.64107690004269,True
552,LightGBM,2025-06-06 07:25:00,106.0,86.58016157846762,True
552,LightGBM,2025-06-06 07:30:00,112.0,88.36884277539714,True
552,LightGBM,2025-06-06 07:35:00,118.0,106.22574248835576,True
552,LightGBM,2025-06-06 07:40:00,122.0,109.49347310180988,True
552,LightGBM,2025-06-06 07:45:00,125.0,132.43623854549904,True
552,LightGBM,2025-06-06 07:50:00,123.0,146.5205230652969,True
552,LightGBM,2025-06-06 07:55:00,122.0,144.13016048366177,True
552,LightGBM,2025-06-06 08:00:00,121.0,144.0715216788676,True
552,LightGBM,2025-06-06 08:05:00,119.0,146.59079000708167,True
552,LightGBM,2025-06-06 08:10:00,115.0,141.83074899010325,True
552,LightGBM,2025-06-06 08:15:00,113.0,137.7178743065234,True
552,LightGBM,2025-06-06 08:20:00,110.0,120.38897693183978,True
552,LightGBM,2025-06-06 08:25:00,106.0,120.8994610748793,True
552,LightGBM,2025-06-06 08:30:00,102.0,117.49346450418786,True
552,LightGBM,2025-06-06 08:35:00,97.0,112.55652504743581,True
552,LightGBM,2025-06-06 08:40:00,93.0,104.6468999285096,True
552,LightGBM,2025-06-06 08:45:00,89.0,108.55387113131293,True
552,LightGBM,2025-06-06 08:50:00,86.0,102.88369464150381,True
552,LightGBM,2025-06-06 08:55:00,82.0,95.67677057303094,True
552,LightGBM,2025-06-06 09:00:00,80.0,91.38318954759806,True
552,LightGBM,2025-06-06 09:05:00,76.0,87.02662541083171,True
552,LightGBM,2025-06-06 09:10:00,73.0,86.33457694348111,True
552,LightGBM,2025-06-06 09:15:00,71.0,83.7729048671583,True
552,LightGBM,2025-06-06 09:20:00,100.0,83.5495285225649,True
552,LightGBM,2025-06-06 09:25:00,97.0,79.93393732923003,True
552,LightGBM,2025-06-06 09:30:00,94.0,82.23750465453874,True
552,LightGBM,2025-06-06 09:35:00,90.0,78.0984242734865,True
552,LightGBM,2025-06-06 09:40:00,87.0,80.45341326859152,True
552,LightGBM,2025-06-06 09:45:00,83.0,79.87010755801595,True
552,LightGBM,2025-06-06 09:50:00,83.0,125.6956589050195,True
552,LightGBM,2025-06-06 09:55:00,82.0,94.80961191129806,True
552,LightGBM,2025-06-06 10:00:00,81.0,90.51392769698218,True
552,LightGBM,2025-06-06 10:05:00,80.0,84.13163458274794,True
552,LightGBM,2025-06-06 10:10:00,79.0,84.20579555367297,True
552,LightGBM,2025-06-06 10:15:00,78.0,80.60232621324393,True
552,LightGBM,2025-06-06 10:20:00,76.0,89.7396645979435,True
552,LightGBM,2025-06-06 10:25:00,75.0,80.95069562139828,True
552,LightGBM,2025-06-06 10:30:00,75.0,83.69353410558855,True
552,LightGBM,2025-06-06 10:35:00,76.0,81.08845013076046,True
552,LightGBM,2025-06-06 10:40:00,76.0,81.34570953151277,True
552,LightGBM,2025-06-06 10:45:00,76.0,82.0939325668954,True
552,LightGBM,2025-06-06 10:50:00,73.0,80.2738450870505,True
552,LightGBM,2025-06-06 10:55:00,74.0,80.42393071715492,True
552,LightGBM,2025-06-06 11:00:00,77.0,83.69081003346786,True
552,LightGBM,2025-06-06 11:05:00,80.0,85.998595258923,True
552,LightGBM,2025-06-06 11:10:00,80.0,84.0414964073074,True
552,LightGBM,2025-06-06 11:15:00,83.0,84.74587506872517,True
552,LightGBM,2025-06-06 11:20:00,93.0,80.93834689942288,True
552,LightGBM,2025-06-06 11:25:00,103.0,88.58607858638779,True
552,LightGBM,2025-06-06 11:30:00,115.0,95.13258972709112,True
552,LightGBM,2025-06-06 11:35:00,128.0,96.925095496118,True
552,LightGBM,2025-06-06 11:40:00,144.0,89.72147788210806,True
552,LightGBM,2025-06-06 11:45:00,159.0,101.65395566830631,True
552,LightGBM,2025-06-06 11:50:00,156.0,131.4481025944321,True
552,LightGBM,2025-06-06 11:55:00,160.0,142.21308004091753,True
552,LightGBM,2025-06-06 12:00:00,160.0,163.664084895131,True
552,LightGBM,2025-06-06 12:05:00,159.0,176.70095591546792,True
552,LightGBM,2025-06-06 12:10:00,157.0,193.01029454365695,True
552,LightGBM,2025-06-06 12:15:00,157.0,191.34527821042795,True
552,LightGBM,2025-06-06 12:20:00,158.0,145.52782448669603,True
552,LightGBM,2025-06-06 12:25:00,161.0,167.3062923215407,True
552,LightGBM,2025-06-06 12:30:00,163.0,149.76135807254994,True
552,LightGBM,2025-06-06 12:35:00,164.0,143.0113012273484,True
552,LightGBM,2025-06-06 12:40:00,164.0,142.70131079172126,True
552,LightGBM,2025-06-06 12:45:00,164.0,152.37217175886403,True
552,LightGBM,2025-06-06 12:50:00,164.0,155.73835245500163,True
552,LightGBM,2025-06-06 12:55:00,164.0,165.08486440197058,True
552,LightGBM,2025-06-06 13:00:00,164.0,161.9637490407269,True
552,LightGBM,2025-06-06 13:05:00,164.0,164.01877103808653,True
552,LightGBM,2025-06-06 13:10:00,165.0,163.56008346727293,True
552,LightGBM,2025-06-06 13:15:00,167.0,164.4361528656945,True
552,LightGBM,2025-06-06 13:20:00,166.0,163.49570120322622,True
552,LightGBM,2025-06-06 13:25:00,165.0,163.3752620308393,True
552,LightGBM,2025-06-06 13:30:00,166.0,159.92025031498878,True
552,LightGBM,2025-06-06 13:35:00,166.0,158.38892385606724,True
552,LightGBM,2025-06-06 13:40:00,166.0,165.99809730784222,True
552,LightGBM,2025-06-06 13:45:00,167.0,170.29451770867766,True
552,LightGBM,2025-06-06 13:50:00,167.0,161.0169770160978,True
552,LightGBM,2025-06-06 13:55:00,166.0,161.63025303390432,True
552,LightGBM,2025-06-06 14:00:00,165.0,166.09720390689628,True
552,LightGBM,2025-06-06 14:05:00,166.0,165.72224085355643,True
552,LightGBM,2025-06-06 14:10:00,167.0,166.42532367182116,True
552,LightGBM,2025-06-06 14:15:00,166.0,168.97385323166327,True
552,LightGBM,2025-06-06 14:20:00,163.0,166.76882185487682,True
552,LightGBM,2025-06-06 14:25:00,166.0,162.84506375006342,True
552,LightGBM,2025-06-06 14:30:00,171.0,161.5429917802067,True
552,LightGBM,2025-06-06 14:35:00,178.0,166.12433937635484,True
552,LightGBM,2025-06-06 14:40:00,186.0,168.40123398872913,True
552,LightGBM,2025-06-06 14:45:00,189.0,162.62491364037194,True
552,LightGBM,2025-06-06 14:50:00,202.0,154.51087496026844,True
552,LightGBM,2025-06-06 14:55:00,217.0,171.15058255205213,True
552,LightGBM,2025-06-06 15:00:00,231.0,179.85565968384512,True
552,LightGBM,2025-06-06 15:05:00,242.0,197.54366097628773,True
552,LightGBM,2025-06-06 15:10:00,252.0,207.53239389096933,True
552,LightGBM,2025-06-06 15:15:00,263.0,196.09747051108758,True
552,LightGBM,2025-06-06 15:20:00,272.0,224.04433723384273,True
552,LightGBM,2025-06-06 15:25:00,279.0,247.08625946374917,True
552,LightGBM,2025-06-06 15:30:00,285.0,262.87941259141877,True
552,LightGBM,2025-06-06 15:35:00,292.0,271.05466796606896,True
552,LightGBM,2025-06-06 15:40:00,296.0,283.9858656268713,True
552,LightGBM,2025-06-06 15:45:00,298.0,296.16881044687904,True
552,LightGBM,2025-06-06 15:50:00,299.0,287.93254920809704,True
552,LightGBM,2025-06-06 15:55:00,302.0,284.0830612162244,True
552,LightGBM,2025-06-06 16:00:00,304.0,286.5923881284673,True
552,LightGBM,2025-06-06 16:05:00,304.0,291.8046998584764,True
552,LightGBM,2025-06-06 16:10:00,302.0,291.3986519200334,True
552,LightGBM,2025-06-06 16:15:00,300.0,288.9815621240848,True
552,LightGBM,2025-06-06 16:20:00,296.0,285.331966169512,True
552,LightGBM,2025-06-06 16:25:00,291.0,293.1828180982302,True
552,LightGBM,2025-06-06 16:30:00,285.0,293.682358240536,True
552,LightGBM,2025-06-06 16:35:00,279.0,287.02959235245663,True
552,LightGBM,2025-06-06 16:40:00,270.0,280.8300943543274,True
552,LightGBM,2025-06-06 16:45:00,270.0,277.87979670002863,True
552,LightGBM,2025-06-06 16:50:00,272.0,272.8911377581243,True
552,LightGBM,2025-06-06 16:55:00,274.0,259.20264142040725,True
552,LightGBM,2025-06-06 17:00:00,274.0,250.72770961036005,True
552,LightGBM,2025-06-06 17:05:00,273.0,246.32036502060637,True
552,LightGBM,2025-06-06 17:10:00,273.0,226.93348101673206,True
552,LightGBM,2025-06-06 17:15:00,274.0,247.96885788814134,True
552,LightGBM,2025-06-06 17:20:00,277.0,253.63896260981068,True
552,LightGBM,2025-06-06 17:25:00,278.0,260.7021600758548,True
552,LightGBM,2025-06-06 17:30:00,277.0,256.5806413545474,True
552,LightGBM,2025-06-06 17:35:00,276.0,256.15200196209776,True
552,LightGBM,2025-06-06 17:40:00,277.0,257.9806114406946,True
552,LightGBM,2025-06-06 17:45:00,279.0,261.6039814037897,True
552,LightGBM,2025-06-06 17:50:00,277.0,271.648241339582,True
552,LightGBM,2025-06-06 17:55:00,280.0,267.1654872035476,True
552,LightGBM,2025-06-06 18:00:00,285.0,263.8295971588941,True
552,LightGBM,2025-06-06 18:05:00,291.0,265.2809295956162,True
552,LightGBM,2025-06-06 18:10:00,299.0,269.4311065237322,True
552,LightGBM,2025-06-06 18:15:00,304.0,274.450979750364,True
552,LightGBM,2025-06-06 18:20:00,305.0,261.62430683574735,True
552,LightGBM,2025-06-06 18:25:00,303.0,276.06054944287223,True
552,LightGBM,2025-06-06 18:30:00,299.0,279.9788835625844,True
552,LightGBM,2025-06-06 18:35:00,294.0,288.1601061132402,True
552,LightGBM,2025-06-06 18:40:00,288.0,299.95812219767254,True
552,LightGBM,2025-06-06 18:45:00,285.0,294.8086492110293,True
552,LightGBM,2025-06-06 18:50:00,282.0,290.83143770651907,True
552,LightGBM,2025-06-06 18:55:00,279.0,274.83359221268074,True
552,LightGBM,2025-06-06 19:00:00,275.0,269.23217500077016,True
552,LightGBM,2025-06-06 19:05:00,270.0,260.5258797684966,True
552,LightGBM,2025-06-06 19:10:00,263.0,253.48164561978467,True
552,LightGBM,2025-06-06 19:15:00,252.0,260.8924834683621,True
552,LightGBM,2025-06-06 19:20:00,240.0,255.06161018629226,True
552,LightGBM,2025-06-06 19:25:00,229.0,255.81454457101563,True
552,LightGBM,2025-06-06 19:30:00,221.0,250.54907122438104,True
552,LightGBM,2025-06-06 19:35:00,219.0,236.6433159662997,True
552,LightGBM,2025-06-06 19:40:00,219.0,225.33676757205666,True
552,LightGBM,2025-06-06 19:45:00,217.0,214.39163190676737,True
552,LightGBM,2025-06-06 19:50:00,215.0,192.03673092373293,True
552,LightGBM,2025-06-06 19:55:00,212.0,187.49421777964653,True
552,LightGBM,2025-06-06 20:00:00,208.0,186.41124029000116,True
552,LightGBM,2025-06-06 20:05:00,204.0,195.72065672254925,True
552,LightGBM,2025-06-06 20:10:00,198.0,204.50448188202043,True
552,LightGBM,2025-06-06 20:15:00,191.0,196.02034234746432,True
552,LightGBM,2025-06-06 20:20:00,188.0,196.50921171528074,True
552,LightGBM,2025-06-06 20:25:00,186.0,190.24256287428707,True
552,LightGBM,2025-06-06 20:30:00,183.0,183.6595242119613,True
552,LightGBM,2025-06-06 20:35:00,180.0,181.48250246864976,True
552,LightGBM,2025-06-06 20:40:00,174.0,174.74218697329113,True
552,LightGBM,2025-06-06 20:45:00,167.0,169.94375826276638,True
552,LightGBM,2025-06-06 20:50:00,163.0,172.1005961885027,True
552,LightGBM,2025-06-06 20:55:00,160.0,173.00150690279065,True
552,LightGBM,2025-06-06 21:00:00,154.0,167.745686757663,True
552,LightGBM,2025-06-06 21:05:00,147.0,164.98839558625866,True
552,LightGBM,2025-06-06 21:10:00,147.0,153.60095565298664,True
552,LightGBM,2025-06-06 21:15:00,147.0,142.8436457762951,True
552,LightGBM,2025-06-06 21:20:00,147.0,146.13636469937106,True
552,LightGBM,2025-06-06 21:25:00,147.0,144.84042953848586,True
552,LightGBM,2025-06-06 21:30:00,147.0,129.21589841355495,True
552,LightGBM,2025-06-06 21:35:00,147.0,122.63871733118985,True
552,LightGBM,2025-06-06 21:40:00,152.0,141.6015922408288,True
552,LightGBM,2025-06-06 21:45:00,153.0,141.86083711310937,True
552,LightGBM,2025-06-06 21:50:00,151.0,143.76876732070383,True
552,LightGBM,2025-06-06 21:55:00,150.0,144.6760139116813,True
552,LightGBM,2025-06-06 22:00:00,149.0,140.74144048562945,True
552,LightGBM,2025-06-06 22:05:00,146.0,141.18023522682884,True
552,LightGBM,2025-06-06 22:10:00,142.0,160.94332446331774,True
552,LightGBM,2025-06-06 22:15:00,143.0,152.67518523258943,True
552,LightGBM,2025-06-06 22:20:00,144.0,143.27588944980977,True
552,LightGBM,2025-06-06 22:25:00,144.0,145.44239907709286,True
552,LightGBM,2025-06-06 22:30:00,147.0,142.68127204311224,True
552,LightGBM,2025-06-06 22:35:00,147.0,136.90487310643758,True
552,LightGBM,2025-06-06 22:40:00,149.0,132.41345047775897,True
552,LightGBM,2025-06-06 22:45:00,152.0,143.14177087497987,True
552,LightGBM,2025-06-06 22:50:00,157.0,146.07599127805503,True
552,LightGBM,2025-06-06 22:55:00,168.0,145.30540017418562,True
552,LightGBM,2025-06-06 23:00:00,176.0,155.5130822207736,True
552,LightGBM,2025-06-06 23:05:00,181.0,148.41510383581314,True
552,LightGBM,2025-06-06 23:10:00,182.0,156.38872261636868,True
552,LightGBM,2025-06-06 23:15:00,182.0,159.7550690710234,True
552,LightGBM,2025-06-06 23:20:00,181.0,172.84147633956204,True
552,LightGBM,2025-06-06 23:25:00,178.0,192.59786297493466,True
552,LightGBM,2025-06-06 23:30:00,176.0,197.14080234003052,True
552,LightGBM,2025-06-06 23:35:00,177.0,193.89220992776788,True
552,LightGBM,2025-06-06 23:40:00,176.0,187.12285070671564,True
552,LightGBM,2025-06-06 23:45:00,172.0,185.8057359906799,True
552,LightGBM,2025-06-06 23:50:00,169.0,179.45763310455217,True
552,LightGBM,2025-06-06 23:55:00,169.0,171.49995942595586,True
552,LightGBM,2025-06-07 00:00:00,168.0,171.07599494886705,True
552,LightGBM,2025-06-07 00:05:00,164.0,176.25571515847614,True
552,LightGBM,2025-06-07 00:10:00,159.0,168.46084817114246,True
552,LightGBM,2025-06-07 00:15:00,155.0,156.95182914887184,True
552,LightGBM,2025-06-07 00:20:00,154.0,156.21788940124304,True
552,LightGBM,2025-06-07 00:25:00,154.0,163.52539545191016,True
552,LightGBM,2025-06-07 00:30:00,151.0,160.1168942418653,True
552,LightGBM,2025-06-07 00:35:00,145.0,151.50789258965773,True
552,LightGBM,2025-06-07 00:40:00,145.0,145.70541833159012,True
552,LightGBM,2025-06-07 00:45:00,145.0,140.75890087608872,True
552,LightGBM,2025-06-07 00:50:00,142.0,143.7281413789917,True
552,LightGBM,2025-06-07 00:55:00,144.0,146.86771787100645,True
552,LightGBM,2025-06-07 01:00:00,143.0,138.60508717598546,True
552,LightGBM,2025-06-07 01:05:00,142.0,129.3085019019713,True
552,LightGBM,2025-06-07 01:10:00,145.0,141.76331495488725,True
552,LightGBM,2025-06-07 01:15:00,148.0,141.03035698602403,True
552,LightGBM,2025-06-07 01:20:00,153.0,133.27245028690814,True
552,LightGBM,2025-06-07 01:25:00,164.0,147.5593272565234,True
552,LightGBM,2025-06-07 01:30:00,179.0,137.1648753533862,True
552,LightGBM,2025-06-07 01:35:00,192.0,138.3943838658159,True
552,LightGBM,2025-06-07 01:40:00,198.0,149.4960204335127,True
552,LightGBM,2025-06-07 01:45:00,198.0,152.5467400670126,True
552,LightGBM,2025-06-07 01:50:00,196.0,165.83981147973736,True
552,LightGBM,2025-06-07 01:55:00,192.0,186.0355366123041,True
552,LightGBM,2025-06-07 02:00:00,188.0,207.74965011461174,True
552,LightGBM,2025-06-07 02:05:00,183.0,218.57415455146244,True
552,LightGBM,2025-06-07 02:10:00,179.0,215.75052524328197,True
552,LightGBM,2025-06-07 02:15:00,173.0,205.29964851665557,True
552,LightGBM,2025-06-07 02:20:00,167.0,193.71596016980433,True
552,LightGBM,2025-06-07 02:25:00,161.0,182.69515908791345,True
552,LightGBM,2025-06-07 02:30:00,153.0,171.3366226145909,True
552,LightGBM,2025-06-07 02:35:00,150.0,158.47354046096672,True
552,LightGBM,2025-06-07 02:40:00,148.0,163.95845578961433,True
552,LightGBM,2025-06-07 02:45:00,147.0,149.54686597850164,True
552,LightGBM,2025-06-07 02:50:00,147.0,145.05566283507912,True
552,LightGBM,2025-06-07 02:55:00,146.0,137.7171987537037,True
552,LightGBM,2025-06-07 03:00:00,145.0,123.35212557896568,True
552,LightGBM,2025-06-07 03:05:00,145.0,135.08896145300164,True
552,LightGBM,2025-06-07 03:10:00,146.0,133.07433696717558,True
552,LightGBM,2025-06-07 03:15:00,147.0,135.17000091332523,True
552,LightGBM,2025-06-07 03:20:00,149.0,140.56969134480067,True
552,LightGBM,2025-06-07 03:25:00,150.0,135.83379314369364,True
552,LightGBM,2025-06-07 03:30:00,153.0,135.81639191641074,True
552,LightGBM,2025-06-07 03:35:00,155.0,141.1566769879239,True
552,LightGBM,2025-06-07 03:40:00,157.0,144.86197592459416,True
552,LightGBM,2025-06-07 03:45:00,160.0,147.16258300648283,True
552,LightGBM,2025-06-07 03:50:00,163.0,153.06797139760403,True
552,LightGBM,2025-06-07 03:55:00,167.0,152.06965477457547,True
552,LightGBM,2025-06-07 04:00:00,169.0,160.85261880146854,True
552,LightGBM,2025-06-07 04:05:00,170.0,159.41370736770128,True
552,LightGBM,2025-06-07 04:10:00,175.0,163.3335470425033,True
552,LightGBM,2025-06-07 04:15:00,180.0,170.81429925109248,True
552,LightGBM,2025-06-07 04:20:00,183.0,172.51046323544253,True
552,LightGBM,2025-06-07 04:25:00,186.0,180.69258404820928,True
552,LightGBM,2025-06-07 04:30:00,191.0,175.7599788888396,True
552,LightGBM,2025-06-07 04:35:00,194.0,174.94062920990586,True
552,LightGBM,2025-06-07 04:40:00,197.0,189.6954114890232,True
552,LightGBM,2025-06-07 04:45:00,202.0,193.25983378152807,True
552,LightGBM,2025-06-07 04:50:00,209.0,195.48126202885828,True
552,LightGBM,2025-06-07 04:55:00,213.0,198.85098890847013,True
552,LightGBM,2025-06-07 05:00:00,214.0,207.55322567568325,True
552,LightGBM,2025-06-07 05:05:00,216.0,204.24461028003932,True
552,LightGBM,2025-06-07 05:10:00,220.0,210.28742510068636,True
552,LightGBM,2025-06-07 05:15:00,224.0,218.1026555083928,True
552,LightGBM,2025-06-07 05:20:00,228.0,225.53121326991058,True
552,LightGBM,2025-06-07 05:25:00,230.0,225.57062141536332,True
552,LightGBM,2025-06-07 05:30:00,233.0,219.058618781807,True
552,LightGBM,2025-06-07 05:35:00,237.0,222.49413528161782,True
552,LightGBM,2025-06-07 05:40:00,242.0,229.61562886887765,True
552,LightGBM,2025-06-07 05:45:00,246.0,232.81168610854857,True
552,LightGBM,2025-06-07 05:50:00,249.0,238.5611619250996,True
552,LightGBM,2025-06-07 05:55:00,252.0,236.80416406152287,True
552,LightGBM,2025-06-07 06:00:00,254.0,241.15998955831657,True
552,LightGBM,2025-06-07 06:05:00,256.0,244.63506410755048,True
552,LightGBM,2025-06-07 06:10:00,258.0,252.13064600431267,True
552,LightGBM,2025-06-07 06:15:00,263.0,253.13964537727355,True
552,LightGBM,2025-06-07 06:20:00,268.0,257.6558336953875,True
552,LightGBM,2025-06-07 06:25:00,270.0,261.5307221864667,True
552,LightGBM,2025-06-07 06:30:00,266.0,259.0205327209076,True
552,LightGBM,2025-06-07 06:35:00,266.0,263.18877743021756,True
552,LightGBM,2025-06-07 06:40:00,264.0,263.2829801009206,True
552,LightGBM,2025-06-07 06:45:00,264.0,271.16123132900117,True
552,LightGBM,2025-06-07 06:50:00,265.0,277.0498894401914,True
552,LightGBM,2025-06-07 06:55:00,263.0,273.94915224440285,True
552,LightGBM,2025-06-07 07:00:00,261.0,260.95391364738373,True
552,LightGBM,2025-06-07 07:05:00,260.0,268.1641769108275,True
552,LightGBM,2025-06-07 07:10:00,258.0,258.2982246221512,True
552,LightGBM,2025-06-07 07:15:00,257.0,265.2090919982666,True
552,LightGBM,2025-06-07 07:20:00,255.0,267.0927275123239,True
552,LightGBM,2025-06-07 07:25:00,253.0,257.0739659259873,True
552,LightGBM,2025-06-07 07:30:00,251.0,256.248134403186,True
552,LightGBM,2025-06-07 07:35:00,249.0,259.0257891670504,True
552,LightGBM,2025-06-07 07:40:00,250.0,250.06825854613305,True
552,LightGBM,2025-06-07 07:45:00,249.0,254.10570539514282,True
552,LightGBM,2025-06-07 07:50:00,246.0,247.88897604009742,True
552,LightGBM,2025-06-07 07:55:00,245.0,246.85229511669897,True
552,LightGBM,2025-06-07 08:00:00,243.0,244.82757566373812,True
552,LightGBM,2025-06-07 08:05:00,240.0,239.79760908164576,True
552,LightGBM,2025-06-07 08:10:00,236.0,248.82778685965226,True
552,LightGBM,2025-06-07 08:15:00,233.0,244.51372317970603,True
552,LightGBM,2025-06-07 08:20:00,229.0,233.0106976827939,True
552,LightGBM,2025-06-07 08:25:00,225.0,240.35246814197947,True
552,LightGBM,2025-06-07 08:30:00,223.0,233.39067931607684,True
552,LightGBM,2025-06-07 08:35:00,222.0,224.97940007606576,True
552,LightGBM,2025-06-07 08:40:00,219.0,220.58236233992488,True
552,LightGBM,2025-06-07 08:45:00,215.0,216.80037389089637,True
552,LightGBM,2025-06-07 08:50:00,213.0,213.53679012689472,True
552,LightGBM,2025-06-07 08:55:00,211.0,207.47660682132638,True
552,LightGBM,2025-06-07 09:00:00,209.0,204.9846209560612,True
552,LightGBM,2025-06-07 09:05:00,207.0,210.67202808019587,True
552,LightGBM,2025-06-07 09:10:00,206.0,203.0604900723705,True
552,LightGBM,2025-06-07 09:15:00,202.0,197.00198696249123,True
552,LightGBM,2025-06-07 09:20:00,200.0,200.03564499244246,True
552,LightGBM,2025-06-07 09:25:00,200.0,199.85650063792744,True
552,LightGBM,2025-06-07 09:30:00,200.0,193.25963933152406,True
552,LightGBM,2025-06-07 09:35:00,200.0,192.4079317405715,True
552,LightGBM,2025-06-07 09:40:00,200.0,195.56588457875736,True
552,LightGBM,2025-06-07 09:45:00,200.0,186.11737038620305,True
552,LightGBM,2025-06-07 09:50:00,200.0,188.46153289840382,True
552,LightGBM,2025-06-07 09:55:00,200.0,193.19155663761063,True
552,LightGBM,2025-06-07 11:15:00,167.0,159.8144779238685,False
552,LightGBM,2025-06-07 11:20:00,167.0,159.75337011553228,False
552,LightGBM,2025-06-07 11:25:00,165.0,159.49391501851935,False
552,LightGBM,2025-06-07 11:30:00,170.0,159.64831228755463,False
552,LightGBM,2025-06-07 11:35:00,174.0,168.0398722764895,False
552,LightGBM,2025-06-07 11:40:00,178.0,172.55780610144578,False
552,LightGBM,2025-06-07 11:45:00,178.0,177.16720690056644,True
552,LightGBM,2025-06-07 11:50:00,182.0,177.21508580368135,True
552,LightGBM,2025-06-07 11:55:00,186.0,163.09306374443878,True
552,LightGBM,2025-06-07 12:00:00,184.0,181.66568167303,True
552,LightGBM,2025-06-07 12:05:00,186.0,180.78996137576408,True
552,LightGBM,2025-06-07 12:10:00,191.0,188.16240476433217,True
552,LightGBM,2025-06-07 12:15:00,197.0,176.9999308158893,True
552,LightGBM,2025-06-07 12:20:00,204.0,192.33122146315498,True
552,LightGBM,2025-06-07 12:25:00,211.0,194.8749973108346,True
552,LightGBM,2025-06-07 12:30:00,218.0,180.71055701393877,True
552,LightGBM,2025-06-07 12:35:00,222.0,195.21617352695398,True
552,LightGBM,2025-06-07 12:40:00,225.0,201.53647978609519,True
552,LightGBM,2025-06-07 12:45:00,228.0,212.15215726520643,True
552,LightGBM,2025-06-07 12:50:00,234.0,215.9434833379053,True
552,LightGBM,2025-06-07 12:55:00,238.0,222.99932627098113,True
552,LightGBM,2025-06-07 13:00:00,242.0,228.42727841576425,True
552,LightGBM,2025-06-07 13:05:00,242.0,223.99931151093662,True
552,LightGBM,2025-06-07 13:10:00,240.0,222.69277938492533,True
552,LightGBM,2025-06-07 13:15:00,240.0,227.5839515610326,True
552,LightGBM,2025-06-07 13:20:00,241.0,241.37693766032086,True
552,LightGBM,2025-06-07 13:25:00,238.0,236.10754838295708,True
552,LightGBM,2025-06-07 13:30:00,236.0,245.25873340808204,True
552,LightGBM,2025-06-07 13:35:00,234.0,237.89772296526246,True
552,LightGBM,2025-06-07 13:40:00,237.0,227.24394860234074,True
552,LightGBM,2025-06-07 13:45:00,236.0,231.9885108900153,True
552,LightGBM,2025-06-07 13:50:00,239.0,235.97907697689718,True
552,LightGBM,2025-06-07 13:55:00,240.0,218.9672027517761,True
552,LightGBM,2025-06-07 14:00:00,240.0,219.28366774397037,True
552,LightGBM,2025-06-07 14:05:00,242.0,215.07650714972436,True
552,LightGBM,2025-06-07 14:10:00,245.0,231.73264551313673,True
552,LightGBM,2025-06-07 14:15:00,247.0,220.68905418822416,True
552,LightGBM,2025-06-07 14:20:00,251.0,235.8464809130367,True
552,LightGBM,2025-06-07 14:25:00,255.0,230.8875797411753,True
552,LightGBM,2025-06-07 14:30:00,257.0,230.95049070904918,True
552,LightGBM,2025-06-07 14:35:00,257.0,238.20315336497995,True
552,LightGBM,2025-06-07 14:40:00,257.0,244.52326924374373,True
552,LightGBM,2025-06-07 14:45:00,262.0,245.5524401213047,True
552,LightGBM,2025-06-07 14:50:00,268.0,259.1655215686728,True
552,LightGBM,2025-06-07 14:55:00,278.0,259.1305656321433,True
552,LightGBM,2025-06-07 15:00:00,288.0,256.6979482854441,True
552,LightGBM,2025-06-07 15:05:00,300.0,254.16353337503165,True
552,LightGBM,2025-06-07 15:10:00,307.0,255.24069377728836,True
552,LightGBM,2025-06-07 15:15:00,304.0,266.78519610833,True
552,LightGBM,2025-06-07 15:20:00,307.0,276.73312133467266,True
552,LightGBM,2025-06-07 15:25:00,307.0,291.79649304519666,True
552,LightGBM,2025-06-07 15:30:00,302.0,302.23839522611473,True
552,LightGBM,2025-06-07 15:35:00,293.0,314.9319508305616,True
552,LightGBM,2025-06-07 15:40:00,289.0,310.36579333103106,True
552,LightGBM,2025-06-07 15:45:00,287.0,290.2148572563896,True
552,LightGBM,2025-06-07 15:50:00,283.0,303.2768708514966,True
552,LightGBM,2025-06-07 15:55:00,276.0,287.8901128824807,True
552,LightGBM,2025-06-07 16:00:00,269.0,268.61209893222286,True
552,LightGBM,2025-06-07 16:05:00,261.0,251.38039899386087,True
552,LightGBM,2025-06-07 16:10:00,252.0,262.6631217617178,True
552,LightGBM,2025-06-07 16:15:00,244.0,264.37906343194595,True
552,LightGBM,2025-06-07 16:20:00,238.0,254.50747918873265,True
552,LightGBM,2025-06-07 16:25:00,233.0,239.70677228067993,True
552,LightGBM,2025-06-07 16:30:00,229.0,231.0989305049883,True
552,LightGBM,2025-06-07 16:35:00,224.0,222.69708790106378,True
552,LightGBM,2025-06-07 16:40:00,215.0,214.49193185267652,True
552,Stacking,2025-05-25 00:00:00,173.0,162.84284612042518,False
552,Stacking,2025-05-25 00:05:00,168.0,172.96636074421096,True
552,Stacking,2025-05-25 00:10:00,163.0,171.9112182637941,True
552,Stacking,2025-05-25 00:15:00,160.0,169.1796029370073,True
552,Stacking,2025-05-25 00:20:00,157.0,174.27101681272856,True
552,Stacking,2025-05-25 00:25:00,155.0,163.74607618886722,True
552,Stacking,2025-05-25 00:30:00,154.0,158.90968358521997,True
552,Stacking,2025-05-25 00:35:00,153.0,150.4598861957451,True
552,Stacking,2025-05-25 00:40:00,151.0,145.57909263246313,True
552,Stacking,2025-05-25 00:45:00,148.0,147.37912681503573,True
552,Stacking,2025-05-25 00:50:00,141.0,142.59721129336984,True
552,Stacking,2025-05-25 00:55:00,137.0,142.91396978954478,True
552,Stacking,2025-05-25 01:00:00,133.0,143.01278234897757,True
552,Stacking,2025-05-25 01:05:00,129.0,142.3263301032949,True
552,Stacking,2025-05-25 01:10:00,125.0,138.53689639113207,True
552,Stacking,2025-05-25 01:15:00,121.0,135.48013899041067,True
552,Stacking,2025-05-25 01:20:00,119.0,121.02432760198897,True
552,Stacking,2025-05-25 01:25:00,114.0,124.74574980965966,True
552,Stacking,2025-05-25 01:30:00,108.0,120.28106207078173,True
552,Stacking,2025-05-25 01:35:00,105.0,116.08766964529562,True
552,Stacking,2025-05-25 01:40:00,101.0,111.8571324125715,True
552,Stacking,2025-05-25 01:45:00,98.0,108.48664809313237,True
552,Stacking,2025-05-25 01:50:00,95.0,111.19318626815605,True
552,Stacking,2025-05-25 01:55:00,93.0,98.89672240893108,True
552,Stacking,2025-05-25 02:00:00,90.0,92.8333968136051,True
552,Stacking,2025-05-25 02:05:00,87.0,96.20746834192472,True
552,Stacking,2025-05-25 02:10:00,85.0,89.7497151904102,True
552,Stacking,2025-05-25 02:15:00,83.0,89.52462266024044,True
552,Stacking,2025-05-25 02:20:00,83.0,87.22293881637526,True
552,Stacking,2025-05-25 02:25:00,78.0,87.53191969165694,True
552,Stacking,2025-05-25 02:30:00,73.0,85.20035368600274,True
552,Stacking,2025-05-25 02:35:00,69.0,81.40337884992366,True
552,Stacking,2025-05-25 02:40:00,66.0,81.80782778231593,True
552,Stacking,2025-05-25 02:45:00,63.0,81.13693082640462,True
552,Stacking,2025-05-25 02:50:00,61.0,85.40723880453243,True
552,Stacking,2025-05-25 02:55:00,58.0,75.46386660182833,True
552,Stacking,2025-05-25 03:00:00,57.0,72.92785367371407,True
552,Stacking,2025-05-25 03:05:00,64.0,70.5510435993688,True
552,Stacking,2025-05-25 03:10:00,79.0,68.61456554840824,True
552,Stacking,2025-05-25 03:15:00,75.0,68.05801235707708,True
552,Stacking,2025-05-25 03:20:00,79.0,65.50813325710548,True
552,Stacking,2025-05-25 03:25:00,85.0,63.60512231205145,True
552,Stacking,2025-05-25 03:30:00,96.0,64.21433583315648,True
552,Stacking,2025-05-25 03:35:00,109.0,92.72198140755991,True
552,Stacking,2025-05-25 03:40:00,118.0,109.82518001829003,True
552,Stacking,2025-05-25 03:45:00,121.0,84.53950292715155,True
552,Stacking,2025-05-25 03:50:00,116.0,100.29972390511136,True
552,Stacking,2025-05-25 03:55:00,117.0,106.70189540772586,True
552,Stacking,2025-05-25 04:00:00,117.0,130.1626454393267,True
552,Stacking,2025-05-25 04:05:00,115.0,148.35696423302264,True
552,Stacking,2025-05-25 04:10:00,113.0,139.69794793567434,True
552,Stacking,2025-05-25 04:15:00,111.0,133.36129609195208,True
552,Stacking,2025-05-25 04:20:00,107.0,115.97812355054414,True
552,Stacking,2025-05-25 04:25:00,104.0,123.42221694590621,True
552,Stacking,2025-05-25 04:30:00,102.0,119.73801009905273,True
552,Stacking,2025-05-25 04:35:00,99.0,115.40402482002312,True
552,Stacking,2025-05-25 04:40:00,97.0,111.45271025988124,True
552,Stacking,2025-05-25 04:45:00,95.0,108.40527858547775,True
552,Stacking,2025-05-25 04:50:00,93.0,101.40034235299949,True
552,Stacking,2025-05-25 04:55:00,92.0,97.5067232743898,True
552,Stacking,2025-05-25 05:00:00,91.0,96.47173774917633,True
552,Stacking,2025-05-25 05:05:00,90.0,93.38728673832469,True
552,Stacking,2025-05-25 05:10:00,89.0,92.65039004440483,True
552,Stacking,2025-05-25 05:15:00,88.0,90.21048380215315,True
552,Stacking,2025-05-25 05:20:00,87.0,88.76921487585749,True
552,Stacking,2025-05-25 05:25:00,85.0,89.93176290237137,True
552,Stacking,2025-05-25 05:30:00,84.0,88.85269991290383,True
552,Stacking,2025-05-25 05:35:00,83.0,88.72290028425199,True
552,Stacking,2025-05-25 05:40:00,83.0,87.40631286564785,True
552,Stacking,2025-05-25 05:45:00,84.0,86.91397977363017,True
552,Stacking,2025-05-25 05:50:00,83.0,84.77800599047266,True
552,Stacking,2025-05-25 05:55:00,82.0,83.15397907883799,True
552,Stacking,2025-05-25 06:00:00,82.0,83.7014334104576,True
552,Stacking,2025-05-25 06:05:00,82.0,83.33936483505376,True
552,Stacking,2025-05-25 06:10:00,83.0,85.7562458821339,True
552,Stacking,2025-05-25 06:15:00,84.0,88.33587194517,True
552,Stacking,2025-05-25 06:20:00,86.0,83.68995360061786,True
552,Stacking,2025-05-25 06:25:00,87.0,81.53151459338598,True
552,Stacking,2025-05-25 06:30:00,87.0,83.27486381192031,True
552,Stacking,2025-05-25 06:35:00,88.0,83.7221021320093,True
552,Stacking,2025-05-25 06:40:00,88.0,88.07973793674806,True
552,Stacking,2025-05-25 06:45:00,89.0,88.37168975441405,True
552,Stacking,2025-05-25 06:50:00,91.0,94.11084931545282,True
552,Stacking,2025-05-25 06:55:00,91.0,91.38501394496318,True
552,Stacking,2025-05-25 07:00:00,91.0,90.5995039990019,True
552,Stacking,2025-05-25 07:05:00,92.0,95.14498940158654,True
552,Stacking,2025-05-25 07:10:00,92.0,92.17272426359325,True
552,Stacking,2025-05-25 07:15:00,92.0,95.13329578533312,True
552,Stacking,2025-05-25 07:20:00,91.0,99.4953551470097,True
552,Stacking,2025-05-25 07:25:00,91.0,95.07227780058211,True
552,Stacking,2025-05-25 07:30:00,91.0,96.3868436258143,True
552,Stacking,2025-05-25 07:35:00,90.0,98.0451304223447,True
552,Stacking,2025-05-25 07:40:00,89.0,95.17141718970065,True
552,Stacking,2025-05-25 07:45:00,87.0,95.37882473025928,True
552,Stacking,2025-05-25 07:50:00,86.0,92.12122497377919,True
552,Stacking,2025-05-25 07:55:00,87.0,95.24087389457658,True
552,Stacking,2025-05-25 08:00:00,87.0,95.34974888785027,True
552,Stacking,2025-05-25 08:05:00,86.0,91.67501482930876,True
552,Stacking,2025-05-25 08:10:00,86.0,89.6170336681444,True
552,Stacking,2025-05-25 08:15:00,83.0,86.26547705674831,True
552,Stacking,2025-05-25 08:20:00,82.0,86.97943300157326,True
552,Stacking,2025-05-25 08:25:00,87.0,92.69690429200786,True
552,Stacking,2025-05-25 08:30:00,101.0,89.970495381415,True
552,Stacking,2025-05-25 08:35:00,96.0,87.16301351576055,True
552,Stacking,2025-05-25 08:40:00,99.0,89.81540055616202,True
552,Stacking,2025-05-25 08:45:00,100.0,84.67953042228518,True
552,Stacking,2025-05-25 08:50:00,101.0,84.68835159567992,True
552,Stacking,2025-05-25 08:55:00,111.0,105.20229389232043,True
552,Stacking,2025-05-25 09:00:00,119.0,133.61705584076495,True
552,Stacking,2025-05-25 09:05:00,120.0,95.8185126545717,True
552,Stacking,2025-05-25 09:10:00,119.0,114.60823571423957,True
552,Stacking,2025-05-25 09:15:00,118.0,106.33885489405446,True
552,Stacking,2025-05-25 09:20:00,119.0,108.51309156903675,True
552,Stacking,2025-05-25 09:25:00,122.0,141.03196883119344,True
552,Stacking,2025-05-25 09:30:00,124.0,138.62944649851772,True
552,Stacking,2025-05-25 09:35:00,126.0,125.62428003599024,True
552,Stacking,2025-05-25 09:40:00,128.0,120.26362644403837,True
552,Stacking,2025-05-25 09:45:00,130.0,118.44546918508924,True
552,Stacking,2025-05-25 09:50:00,133.0,122.20151079819223,True
552,Stacking,2025-05-25 09:55:00,138.0,129.9890767787467,True
552,Stacking,2025-05-25 10:00:00,140.0,129.8959493791343,True
552,Stacking,2025-05-25 10:05:00,141.0,133.7143341668873,True
552,Stacking,2025-05-25 10:10:00,143.0,137.2063861137229,True
552,Stacking,2025-05-25 10:15:00,150.0,138.80076230904936,True
552,Stacking,2025-05-25 10:20:00,164.0,145.16477781802485,True
552,Stacking,2025-05-25 10:25:00,177.0,151.57215650282754,True
552,Stacking,2025-05-25 10:30:00,188.0,148.75765057459404,True
552,Stacking,2025-05-25 10:35:00,199.0,147.4291576741376,True
552,Stacking,2025-05-25 10:40:00,203.0,151.80436420790582,True
552,Stacking,2025-05-25 10:45:00,196.0,178.8480752079572,True
552,Stacking,2025-05-25 10:50:00,199.0,196.05957364289728,True
552,Stacking,2025-05-25 10:55:00,204.0,207.3478464249103,True
552,Stacking,2025-05-25 11:00:00,209.0,213.5680198093837,True
552,Stacking,2025-05-25 11:05:00,208.0,229.48662993566342,True
552,Stacking,2025-05-25 11:10:00,202.0,207.70366794546757,True
552,Stacking,2025-05-25 11:15:00,195.0,181.48154252893104,True
552,Stacking,2025-05-25 11:20:00,189.0,204.50371475158505,True
552,Stacking,2025-05-25 11:25:00,179.0,208.1877822171126,True
552,Stacking,2025-05-25 11:30:00,170.0,213.79524783439112,True
552,Stacking,2025-05-25 11:35:00,161.0,199.11533056813545,True
552,Stacking,2025-05-25 11:40:00,152.0,184.87328830411374,True
552,Stacking,2025-05-25 11:45:00,147.0,175.63403200379864,True
552,Stacking,2025-05-25 11:50:00,143.0,166.2596979054513,True
552,Stacking,2025-05-25 11:55:00,142.0,145.05418790259003,True
552,Stacking,2025-05-25 12:00:00,147.0,137.28384137467816,True
552,Stacking,2025-05-25 12:05:00,151.0,127.62397372704407,True
552,Stacking,2025-05-25 12:10:00,150.0,119.62653279034622,True
552,Stacking,2025-05-25 12:15:00,145.0,127.14113706682156,True
552,Stacking,2025-05-25 12:20:00,141.0,125.07703719644643,True
552,Stacking,2025-05-25 12:25:00,138.0,132.40978868461372,True
552,Stacking,2025-05-25 12:30:00,135.0,150.1712403515747,True
552,Stacking,2025-05-25 12:35:00,133.0,156.63659998037886,True
552,Stacking,2025-05-25 12:40:00,136.0,141.28870989216438,True
552,Stacking,2025-05-25 12:45:00,137.0,132.88779685920764,True
552,Stacking,2025-05-25 12:50:00,139.0,131.95057227839,True
552,Stacking,2025-05-25 12:55:00,140.0,129.19055540389053,True
552,Stacking,2025-05-25 13:00:00,138.0,124.88837542903943,True
552,Stacking,2025-05-25 13:05:00,134.0,126.09746404756973,True
552,Stacking,2025-05-25 13:10:00,129.0,140.9680184526306,True
552,Stacking,2025-05-25 13:15:00,124.0,136.72201616746403,True
552,Stacking,2025-05-25 13:20:00,118.0,145.41231493347195,True
552,Stacking,2025-05-25 13:25:00,113.0,142.01713198073153,True
552,Stacking,2025-05-25 13:30:00,103.0,132.9842655175055,True
552,Stacking,2025-05-25 13:35:00,99.0,126.65974024908533,True
552,Stacking,2025-05-25 13:40:00,94.0,117.28340671128925,True
552,Stacking,2025-05-25 13:45:00,90.0,111.04431188340487,True
552,Stacking,2025-05-25 13:50:00,86.0,101.95868889293229,True
552,Stacking,2025-05-25 13:55:00,82.0,98.56572393737002,True
552,Stacking,2025-05-25 14:00:00,79.0,89.51605247234137,True
552,Stacking,2025-05-25 14:05:00,75.0,92.8844256136883,True
552,Stacking,2025-05-25 14:10:00,74.0,85.55707530758754,True
552,Stacking,2025-05-25 14:15:00,74.0,85.1910939537855,True
552,Stacking,2025-05-25 14:20:00,76.0,82.67662202547672,True
552,Stacking,2025-05-25 14:25:00,76.0,80.45397349215878,True
552,Stacking,2025-05-25 14:30:00,75.0,79.98336572144416,True
552,Stacking,2025-05-25 14:35:00,73.0,78.06464464023054,True
552,Stacking,2025-05-25 14:40:00,75.0,81.21534295435559,True
552,Stacking,2025-05-25 14:45:00,86.0,83.4114418624769,True
552,Stacking,2025-05-25 14:50:00,95.0,93.89067601307538,True
552,Stacking,2025-05-25 14:55:00,96.0,84.83957261861616,True
552,Stacking,2025-05-25 15:00:00,101.0,82.4097111235441,True
552,Stacking,2025-05-25 15:05:00,104.0,80.64770908141259,True
552,Stacking,2025-05-25 15:10:00,109.0,94.57869922036691,True
552,Stacking,2025-05-25 15:15:00,116.0,116.86308394432218,True
552,Stacking,2025-05-25 15:20:00,127.0,125.86406952438384,True
552,Stacking,2025-05-25 15:25:00,138.0,103.29882409655751,True
552,Stacking,2025-05-25 15:30:00,149.0,121.68476848501058,True
552,Stacking,2025-05-25 15:35:00,160.0,117.61695366142862,True
552,Stacking,2025-05-25 15:40:00,160.0,127.92147134884453,True
552,Stacking,2025-05-25 15:45:00,160.0,140.23674461169523,True
552,Stacking,2025-05-25 15:50:00,160.0,166.06746520650245,True
552,Stacking,2025-05-25 15:55:00,160.0,171.94934170872693,True
552,Stacking,2025-05-25 16:00:00,160.0,184.90647408265843,True
552,Stacking,2025-05-25 16:05:00,160.0,193.44640300205532,True
552,Stacking,2025-05-25 17:35:00,205.0,158.32254440900456,False
552,Stacking,2025-05-25 17:40:00,209.0,158.57252730411224,False
552,Stacking,2025-05-25 17:45:00,213.0,158.59149666312945,False
552,Stacking,2025-05-25 17:50:00,209.0,175.88936393915034,False
552,Stacking,2025-05-25 17:55:00,206.0,174.81465311524062,False
552,Stacking,2025-05-25 18:00:00,206.0,164.59491403963878,False
552,Stacking,2025-05-25 18:05:00,207.0,204.1794808931379,True
552,Stacking,2025-05-25 18:10:00,201.0,215.38536235633438,True
552,Stacking,2025-05-25 18:15:00,192.0,220.08170295829464,True
552,Stacking,2025-05-25 18:20:00,184.0,191.0798531536221,True
552,Stacking,2025-05-25 18:25:00,178.0,190.99287149710946,True
552,Stacking,2025-05-25 18:30:00,175.0,198.1811897395452,True
552,Stacking,2025-05-25 18:35:00,171.0,202.92752482564765,True
552,Stacking,2025-05-25 18:40:00,164.0,180.89540048781217,True
552,Stacking,2025-05-25 18:45:00,159.0,170.99548705131832,True
552,Stacking,2025-05-25 18:50:00,157.0,165.03842137923328,True
552,Stacking,2025-05-25 18:55:00,155.0,157.99446504410952,True
552,Stacking,2025-05-25 19:00:00,155.0,160.3905231092942,True
552,Stacking,2025-05-25 19:05:00,155.0,154.11065163126182,True
552,Stacking,2025-05-25 19:10:00,152.0,140.94608221202907,True
552,Stacking,2025-05-25 19:15:00,145.0,142.09958906284518,True
552,Stacking,2025-05-25 19:20:00,139.0,144.53155974897552,True
552,Stacking,2025-05-25 19:25:00,132.0,142.1499552447674,True
552,Stacking,2025-05-25 19:30:00,133.0,150.0225377884431,True
552,Stacking,2025-05-25 19:35:00,135.0,150.54380956703702,True
552,Stacking,2025-05-25 19:40:00,134.0,139.40512861513284,True
552,Stacking,2025-05-25 19:45:00,132.0,129.71368384083874,True
552,Stacking,2025-05-25 19:50:00,127.0,122.54747182311628,True
552,Stacking,2025-05-25 19:55:00,121.0,111.58630766003441,True
552,Stacking,2025-05-25 20:00:00,118.0,132.8113657463725,True
552,Stacking,2025-05-25 20:05:00,113.0,137.83220379991837,True
552,Stacking,2025-05-25 20:10:00,107.0,130.70405911751692,True
552,Stacking,2025-05-25 20:15:00,104.0,126.57484671157079,True
552,Stacking,2025-05-25 20:20:00,103.0,116.41909924946222,True
552,Stacking,2025-05-25 20:25:00,100.0,111.78573221715499,True
552,Stacking,2025-05-25 20:30:00,99.0,111.19807657911144,True
552,Stacking,2025-05-25 20:35:00,97.0,102.19961868315254,True
552,Stacking,2025-05-25 20:40:00,95.0,97.02739653697455,True
552,Stacking,2025-05-25 20:45:00,95.0,96.93090067327792,True
552,Stacking,2025-05-25 20:50:00,97.0,99.71421447513661,True
552,Stacking,2025-05-25 20:55:00,102.0,93.70665604556508,True
552,Stacking,2025-05-25 21:00:00,109.0,96.52896186116261,True
552,Stacking,2025-05-25 21:05:00,120.0,93.02936589707777,True
552,Stacking,2025-05-25 21:10:00,129.0,90.72035983969336,True
552,Stacking,2025-05-25 21:15:00,138.0,95.04016133559809,True
552,Stacking,2025-05-25 21:20:00,145.0,103.55542904612284,True
552,Stacking,2025-05-25 21:25:00,149.0,117.71344730840246,True
552,Stacking,2025-05-25 21:30:00,152.0,131.667112029827,True
552,Stacking,2025-05-25 21:35:00,155.0,149.5784758944736,True
552,Stacking,2025-05-25 21:40:00,156.0,153.83413393510702,True
552,Stacking,2025-05-25 21:45:00,156.0,163.67521594639524,True
552,Stacking,2025-05-25 21:50:00,154.0,164.24989029385725,True
552,Stacking,2025-05-25 21:55:00,147.0,160.69341848011933,True
552,Stacking,2025-05-25 22:00:00,144.0,161.6612455723591,True
552,Stacking,2025-05-25 22:05:00,137.0,165.72631654285308,True
552,Stacking,2025-05-25 22:10:00,134.0,160.47093844141034,True
552,Stacking,2025-05-25 22:15:00,126.0,158.6638859634788,True
552,Stacking,2025-05-25 22:20:00,120.0,146.85242324027385,True
552,Stacking,2025-05-25 22:25:00,109.0,134.4389599151449,True
552,Stacking,2025-05-25 22:30:00,106.0,134.38060401977526,True
552,Stacking,2025-05-25 22:35:00,111.0,119.83101606634686,True
552,Stacking,2025-05-25 22:40:00,110.0,125.23727029250036,True
552,Stacking,2025-05-25 22:45:00,109.0,105.45933790558566,True
552,Stacking,2025-05-25 22:50:00,109.0,103.48071245008823,True
552,Stacking,2025-05-25 22:55:00,108.0,92.58299905983941,True
552,Stacking,2025-05-25 23:00:00,108.0,98.21763144752539,True
552,Stacking,2025-05-25 23:05:00,106.0,120.03204179870269,True
552,Stacking,2025-05-25 23:10:00,105.0,106.59635440567342,True
552,Stacking,2025-05-25 23:15:00,103.0,106.2181452233744,True
552,Stacking,2025-05-25 23:20:00,101.0,109.28645123863646,True
552,Stacking,2025-05-25 23:25:00,100.0,104.37079534051456,True
552,Stacking,2025-05-25 23:30:00,100.0,107.18591654273884,True
552,Stacking,2025-05-25 23:35:00,101.0,101.48452259974665,True
552,Stacking,2025-05-25 23:40:00,102.0,102.82004863907389,True
552,Stacking,2025-05-25 23:45:00,99.0,98.48708645260632,True
552,Stacking,2025-05-25 23:50:00,97.0,95.58126303624722,True
552,Stacking,2025-05-25 23:55:00,98.0,95.72039211335304,True
552,Stacking,2025-05-26 00:00:00,98.0,98.62795422081787,True
552,Stacking,2025-05-26 00:05:00,99.0,102.82478854567944,True
552,Stacking,2025-05-26 00:10:00,99.0,104.48607888365866,True
552,Stacking,2025-05-26 00:15:00,98.0,95.63442296480713,True
552,Stacking,2025-05-26 00:20:00,98.0,93.93520577672358,True
552,Stacking,2025-05-26 00:25:00,97.0,99.58242881185924,True
552,Stacking,2025-05-26 00:30:00,97.0,97.82882239284645,True
552,Stacking,2025-05-26 00:35:00,98.0,102.89656537351456,True
552,Stacking,2025-05-26 00:40:00,98.0,99.31472648007542,True
552,Stacking,2025-05-26 00:45:00,97.0,96.15421864413221,True
552,Stacking,2025-05-26 00:50:00,98.0,98.02101826406235,True
552,Stacking,2025-05-26 00:55:00,100.0,95.64421465185525,True
552,Stacking,2025-05-26 01:00:00,100.0,97.96329917013873,True
552,Stacking,2025-05-26 01:05:00,100.0,100.53659153812262,True
552,Stacking,2025-05-26 01:10:00,100.0,97.96655812936964,True
552,Stacking,2025-05-26 01:15:00,101.0,95.84655971471297,True
552,Stacking,2025-05-26 01:20:00,103.0,100.77563985354297,True
552,Stacking,2025-05-26 01:25:00,103.0,106.5644353926526,True
552,Stacking,2025-05-26 01:30:00,103.0,102.34046989332758,True
552,Stacking,2025-05-26 01:35:00,103.0,102.54924277122126,True
552,Stacking,2025-05-26 01:40:00,100.0,101.36881356230485,True
552,Stacking,2025-05-26 01:45:00,99.0,105.43035354100013,True
552,Stacking,2025-05-26 01:50:00,98.0,110.4875707518386,True
552,Stacking,2025-05-26 01:55:00,96.0,106.2566554845321,True
552,Stacking,2025-05-26 02:00:00,96.0,107.11447609519385,True
552,Stacking,2025-05-26 02:05:00,95.0,106.12518143374275,True
552,Stacking,2025-05-26 02:10:00,99.0,97.79971466006639,True
552,Stacking,2025-05-26 02:15:00,101.0,98.39280598350382,True
552,Stacking,2025-05-26 02:20:00,102.0,95.96756787614139,True
552,Stacking,2025-05-26 02:25:00,101.0,92.43719605316532,True
552,Stacking,2025-05-26 02:30:00,100.0,95.32568330272608,True
552,Stacking,2025-05-26 02:35:00,100.0,93.04809304359618,True
552,Stacking,2025-05-26 02:40:00,97.0,111.05140424997009,True
552,Stacking,2025-05-26 02:45:00,94.0,107.61554698367313,True
552,Stacking,2025-05-26 02:50:00,93.0,108.36522421787936,True
552,Stacking,2025-05-26 02:55:00,92.0,100.75123302350502,True
552,Stacking,2025-05-26 03:00:00,93.0,98.66110434654544,True
552,Stacking,2025-05-26 03:05:00,93.0,100.79772489573024,True
552,Stacking,2025-05-26 03:10:00,91.0,93.81872768321693,True
552,Stacking,2025-05-26 03:15:00,89.0,91.17505641341775,True
552,Stacking,2025-05-26 03:20:00,88.0,91.28385524028492,True
552,Stacking,2025-05-26 03:25:00,87.0,90.72989729533055,True
552,Stacking,2025-05-26 03:30:00,85.0,96.27707419887868,True
552,Stacking,2025-05-26 03:35:00,84.0,92.99902913481091,True
552,Stacking,2025-05-26 03:40:00,83.0,89.82404691548214,True
552,Stacking,2025-05-26 03:45:00,82.0,87.18113543137633,True
552,Stacking,2025-05-26 03:50:00,81.0,87.59589218215947,True
552,Stacking,2025-05-26 03:55:00,81.0,85.15585176327158,True
552,Stacking,2025-05-26 04:00:00,82.0,83.25554086174664,True
552,Stacking,2025-05-26 04:05:00,85.0,83.60536002358941,True
552,Stacking,2025-05-26 04:10:00,86.0,83.03133982343098,True
552,Stacking,2025-05-26 04:15:00,86.0,80.76635647647754,True
552,Stacking,2025-05-26 04:20:00,85.0,79.48335440973545,True
552,Stacking,2025-05-26 04:25:00,85.0,81.88672844144007,True
552,Stacking,2025-05-26 04:30:00,85.0,84.82164956487534,True
552,Stacking,2025-05-26 04:35:00,84.0,94.03826791796935,True
552,Stacking,2025-05-26 04:40:00,84.0,90.08787214583845,True
552,Stacking,2025-05-26 04:45:00,85.0,89.96815028379328,True
552,Stacking,2025-05-26 04:50:00,86.0,85.58229453223653,True
552,Stacking,2025-05-26 04:55:00,86.0,87.2671885990003,True
552,Stacking,2025-05-26 05:00:00,85.0,87.05981358090753,True
552,Stacking,2025-05-26 05:05:00,87.0,84.27998631634209,True
552,Stacking,2025-05-26 05:10:00,88.0,85.94197736591774,True
552,Stacking,2025-05-26 05:15:00,89.0,88.74982353103044,True
552,Stacking,2025-05-26 05:20:00,91.0,89.8673226895699,True
552,Stacking,2025-05-26 05:25:00,93.0,88.22047488826288,True
552,Stacking,2025-05-26 05:30:00,96.0,85.35220397746212,True
552,Stacking,2025-05-26 05:35:00,99.0,95.09840103521249,True
552,Stacking,2025-05-26 05:40:00,100.0,94.56963649777293,True
552,Stacking,2025-05-26 05:45:00,98.0,96.43845523831284,True
552,Stacking,2025-05-26 05:50:00,102.0,99.51894795046003,True
552,Stacking,2025-05-26 05:55:00,101.0,101.86663673975339,True
552,Stacking,2025-05-26 06:00:00,101.0,107.82427698090963,True
552,Stacking,2025-05-26 06:05:00,102.0,113.45423179203618,True
552,Stacking,2025-05-26 06:10:00,103.0,107.73105657864207,True
552,Stacking,2025-05-26 06:15:00,103.0,98.37058080439745,True
552,Stacking,2025-05-26 06:20:00,101.0,116.33421042877656,True
552,Stacking,2025-05-26 06:25:00,98.0,101.0517004619933,True
552,Stacking,2025-05-26 06:30:00,97.0,104.33287526131194,True
552,Stacking,2025-05-26 06:35:00,97.0,106.77398212472885,True
552,Stacking,2025-05-26 06:40:00,98.0,108.41017298941884,True
552,Stacking,2025-05-26 06:45:00,99.0,106.25080891858322,True
552,Stacking,2025-05-26 06:50:00,107.0,99.16982712276257,True
552,Stacking,2025-05-26 06:55:00,112.0,94.979292786884,True
552,Stacking,2025-05-26 07:00:00,122.0,96.53652032711081,True
552,Stacking,2025-05-26 07:05:00,131.0,98.41959788959238,True
552,Stacking,2025-05-26 07:10:00,143.0,100.63672354669693,True
552,Stacking,2025-05-26 07:15:00,157.0,103.37318488248484,True
552,Stacking,2025-05-26 07:20:00,169.0,148.05735416204567,True
552,Stacking,2025-05-26 07:25:00,175.0,141.0651845659648,True
552,Stacking,2025-05-26 07:30:00,176.0,163.99889926798977,True
552,Stacking,2025-05-26 07:35:00,177.0,166.27915031098314,True
552,Stacking,2025-05-26 07:40:00,177.0,180.6809468118481,True
552,Stacking,2025-05-26 07:45:00,174.0,193.6432397112612,True
552,Stacking,2025-05-26 07:50:00,169.0,189.32443763537637,True
552,Stacking,2025-05-26 07:55:00,164.0,181.35097282714472,True
552,Stacking,2025-05-26 08:00:00,161.0,170.33051237684535,True
552,Stacking,2025-05-26 08:05:00,159.0,175.7973978613948,True
552,Stacking,2025-05-26 08:10:00,158.0,170.47053959902368,True
552,Stacking,2025-05-26 08:15:00,157.0,160.38201710173237,True
552,Stacking,2025-05-26 08:20:00,156.0,154.30608224404628,True
552,Stacking,2025-05-26 08:25:00,161.0,147.7089678544916,True
552,Stacking,2025-05-26 08:30:00,158.0,148.66914221533168,True
552,Stacking,2025-05-26 08:35:00,156.0,149.52010807368444,True
552,Stacking,2025-05-26 08:40:00,162.0,149.67441308207748,True
552,Stacking,2025-05-26 08:45:00,168.0,147.66396733646314,True
552,Stacking,2025-05-26 08:50:00,174.0,146.997134683593,True
552,Stacking,2025-05-26 08:55:00,180.0,165.77507384501686,True
552,Stacking,2025-05-26 09:00:00,181.0,142.88652493042116,True
552,Stacking,2025-05-26 09:05:00,181.0,146.2337349531354,True
552,Stacking,2025-05-26 09:10:00,187.0,167.63475402635206,True
552,Stacking,2025-05-26 09:15:00,192.0,175.4904035589301,True
552,Stacking,2025-05-26 09:20:00,196.0,186.46337095946802,True
552,Stacking,2025-05-26 09:25:00,197.0,191.31890304890652,True
552,Stacking,2025-05-26 09:30:00,196.0,180.77070944421817,True
552,Stacking,2025-05-26 09:35:00,193.0,178.7009757574363,True
552,Stacking,2025-05-26 09:40:00,192.0,199.27251979985445,True
552,Stacking,2025-05-26 09:45:00,189.0,200.93973125131848,True
552,Stacking,2025-05-26 09:50:00,185.0,203.65356006067518,True
552,Stacking,2025-05-26 09:55:00,179.0,197.04959026226732,True
552,Stacking,2025-05-26 10:00:00,173.0,188.81122024303565,True
552,Stacking,2025-05-26 10:05:00,167.0,180.05282128819505,True
552,Stacking,2025-05-26 10:10:00,160.0,184.59322415439556,True
552,Stacking,2025-05-26 10:15:00,148.0,170.83320377876302,True
552,Stacking,2025-05-26 10:20:00,141.0,167.92365957980368,True
552,Stacking,2025-05-26 10:25:00,139.0,156.37033199743112,True
552,Stacking,2025-05-26 10:30:00,135.0,151.84741429502253,True
552,Stacking,2025-05-26 10:35:00,131.0,144.70510761901227,True
552,Stacking,2025-05-26 10:40:00,125.0,133.00716260562191,True
552,Stacking,2025-05-26 10:45:00,121.0,116.99186038939858,True
552,Stacking,2025-05-26 10:50:00,118.0,118.17274890838425,True
552,Stacking,2025-05-26 10:55:00,116.0,128.38604910280034,True
552,Stacking,2025-05-26 11:00:00,111.0,119.9729522918619,True
552,Stacking,2025-05-26 11:05:00,106.0,115.88904999400638,True
552,Stacking,2025-05-26 11:10:00,105.0,105.65835670104975,True
552,Stacking,2025-05-26 11:15:00,105.0,107.3907618989918,True
552,Stacking,2025-05-26 11:20:00,106.0,105.83401658587816,True
552,Stacking,2025-05-26 11:25:00,104.0,107.34529842767226,True
552,Stacking,2025-05-26 11:30:00,102.0,95.56577512233618,True
552,Stacking,2025-05-26 11:35:00,99.0,91.64737150635835,True
552,Stacking,2025-05-26 11:40:00,98.0,101.14799390619895,True
552,Stacking,2025-05-26 11:45:00,97.0,104.17720734151165,True
552,Stacking,2025-05-26 11:50:00,93.0,107.3672960464588,True
552,Stacking,2025-05-26 11:55:00,93.0,99.40161213060965,True
552,Stacking,2025-05-26 12:00:00,91.0,97.21609431902776,True
552,Stacking,2025-05-26 12:05:00,91.0,93.85184696370035,True
552,Stacking,2025-05-26 12:10:00,90.0,95.48620597676475,True
552,Stacking,2025-05-26 12:15:00,88.0,95.01610234879429,True
552,Stacking,2025-05-26 12:20:00,89.0,87.75902844817288,True
552,Stacking,2025-05-26 12:25:00,82.0,97.09246672742405,True
552,Stacking,2025-05-26 12:30:00,81.0,90.00599245727872,True
552,Stacking,2025-05-26 12:35:00,83.0,95.1565754687164,True
552,Stacking,2025-05-26 12:40:00,80.0,91.34089985989247,True
552,Stacking,2025-05-26 12:45:00,74.0,88.38634442685186,True
552,Stacking,2025-05-26 12:50:00,75.0,96.35125561130228,True
552,Stacking,2025-05-26 12:55:00,76.0,83.10678575172159,True
552,Stacking,2025-05-26 13:00:00,78.0,85.28726941558088,True
552,Stacking,2025-05-26 13:05:00,80.0,95.7797631264542,True
552,Stacking,2025-05-26 13:10:00,85.0,83.36794787333766,True
552,Stacking,2025-05-26 13:15:00,87.0,81.87014144771909,True
552,Stacking,2025-05-26 13:20:00,90.0,88.92325622199809,True
552,Stacking,2025-05-26 13:25:00,90.0,87.1335190173614,True
552,Stacking,2025-05-26 13:30:00,90.0,93.85423090424352,True
552,Stacking,2025-05-26 13:35:00,89.0,94.98715393280847,True
552,Stacking,2025-05-26 13:40:00,88.0,108.46368485411838,True
552,Stacking,2025-05-26 13:45:00,88.0,101.36703238208977,True
552,Stacking,2025-05-26 13:50:00,84.0,107.7872561962348,True
552,Stacking,2025-05-26 13:55:00,81.0,98.64468879105252,True
552,Stacking,2025-05-26 14:00:00,81.0,98.53395716764419,True
552,Stacking,2025-05-26 14:05:00,82.0,91.72606614954714,True
552,Stacking,2025-05-26 14:10:00,84.0,90.35875108671996,True
552,Stacking,2025-05-26 14:15:00,88.0,94.67705670765751,True
552,Stacking,2025-05-26 14:20:00,93.0,85.48843887939806,True
552,Stacking,2025-05-26 14:25:00,100.0,82.52191265789962,True
552,Stacking,2025-05-26 14:30:00,105.0,87.75057550958144,True
552,Stacking,2025-05-26 14:35:00,118.0,89.38900606141603,True
552,Stacking,2025-05-26 14:40:00,129.0,96.61970253655228,True
552,Stacking,2025-05-26 14:45:00,136.0,107.46509060136202,True
552,Stacking,2025-05-26 14:50:00,141.0,113.9453270278385,True
552,Stacking,2025-05-26 14:55:00,146.0,129.26247215953418,True
552,Stacking,2025-05-26 15:00:00,150.0,124.11782205369926,True
552,Stacking,2025-05-26 15:05:00,151.0,156.41343565964164,True
552,Stacking,2025-05-26 15:10:00,147.0,160.99739791171834,True
552,Stacking,2025-05-26 15:15:00,143.0,157.3697052589073,True
552,Stacking,2025-05-26 15:20:00,137.0,155.79212565587113,True
552,Stacking,2025-05-26 15:25:00,132.0,161.1734066549986,True
552,Stacking,2025-05-26 15:30:00,127.0,163.2400885694023,True
552,Stacking,2025-05-26 15:35:00,119.0,155.7997170477339,True
552,Stacking,2025-05-26 15:40:00,126.0,146.77603382128174,True
552,Stacking,2025-05-26 15:45:00,132.0,141.26061005316458,True
552,Stacking,2025-05-26 15:50:00,130.0,131.2309231860909,True
552,Stacking,2025-05-26 15:55:00,130.0,122.31966154876716,True
552,Stacking,2025-05-26 16:00:00,134.0,118.37804968850106,True
552,Stacking,2025-05-26 16:05:00,136.0,107.84722339906376,True
552,Stacking,2025-05-26 16:10:00,137.0,141.14465370770847,True
552,Stacking,2025-05-26 16:15:00,136.0,141.7663402099458,True
552,Stacking,2025-05-26 16:20:00,135.0,127.54111364216581,True
552,Stacking,2025-05-26 16:25:00,134.0,132.09877855879404,True
552,Stacking,2025-05-26 16:30:00,131.0,144.6409446499625,True
552,Stacking,2025-05-26 16:35:00,128.0,142.22662653516014,True
552,Stacking,2025-05-26 16:40:00,125.0,140.44465135977077,True
552,Stacking,2025-05-26 16:45:00,119.0,136.77819118252023,True
552,Stacking,2025-05-26 16:50:00,115.0,134.67748012952754,True
552,Stacking,2025-05-26 16:55:00,112.0,133.21087766492042,True
552,Stacking,2025-05-26 17:00:00,107.0,125.36771144537333,True
552,Stacking,2025-05-26 17:05:00,102.0,123.58760551756916,True
552,Stacking,2025-05-26 17:10:00,100.0,118.07056298511941,True
552,Stacking,2025-05-26 17:15:00,97.0,109.08463933609177,True
552,Stacking,2025-05-26 17:20:00,99.0,106.8432588065975,True
552,Stacking,2025-05-26 17:25:00,103.0,104.64876861410767,True
552,Stacking,2025-05-26 17:30:00,101.0,97.98484418968731,True
552,Stacking,2025-05-26 17:35:00,98.0,93.42015813657474,True
552,Stacking,2025-05-26 17:40:00,95.0,95.34146632278863,True
552,Stacking,2025-05-26 17:45:00,94.0,91.10299959588532,True
552,Stacking,2025-05-26 17:50:00,96.0,107.09757529361025,True
552,Stacking,2025-05-26 17:55:00,94.0,115.42875500337537,True
552,Stacking,2025-05-26 18:00:00,95.0,99.91991410779197,True
552,Stacking,2025-05-26 18:05:00,91.0,95.19515090539747,True
552,Stacking,2025-05-26 18:10:00,90.0,90.70469186725421,True
552,Stacking,2025-05-26 18:15:00,89.0,93.8687918842682,True
552,Stacking,2025-05-26 18:20:00,86.0,102.28208806890845,True
552,Stacking,2025-05-26 18:25:00,85.0,92.90520401460677,True
552,Stacking,2025-05-26 18:30:00,88.0,101.68784548915795,True
552,Stacking,2025-05-26 18:35:00,91.0,88.30287658898109,True
552,Stacking,2025-05-26 18:40:00,90.0,91.84024645537758,True
552,Stacking,2025-05-26 18:45:00,95.0,88.60786143246064,True
552,Stacking,2025-05-26 18:50:00,99.0,84.76378771240037,True
552,Stacking,2025-05-26 18:55:00,103.0,85.58759424439269,True
552,Stacking,2025-05-26 19:00:00,105.0,99.02419887235234,True
552,Stacking,2025-05-26 19:05:00,106.0,101.69243148470102,True
552,Stacking,2025-05-26 19:10:00,107.0,92.87972694663428,True
552,Stacking,2025-05-26 19:15:00,108.0,112.98450750234329,True
552,Stacking,2025-05-26 19:20:00,108.0,114.21905569074396,True
552,Stacking,2025-05-26 19:25:00,110.0,118.5992770879736,True
552,Stacking,2025-05-26 19:30:00,115.0,115.03546638950111,True
552,Stacking,2025-05-26 19:35:00,118.0,112.44030361217408,True
552,Stacking,2025-05-26 19:40:00,124.0,113.80161068595935,True
552,Stacking,2025-05-26 19:45:00,127.0,114.62142142726705,True
552,Stacking,2025-05-26 19:50:00,133.0,111.77048360413916,True
552,Stacking,2025-05-26 19:55:00,136.0,119.93320767045546,True
552,Stacking,2025-05-26 20:00:00,141.0,129.5717962715961,True
552,Stacking,2025-05-26 20:05:00,143.0,128.6851470473765,True
552,Stacking,2025-05-26 20:10:00,145.0,142.95688285201908,True
552,Stacking,2025-05-26 20:15:00,144.0,140.50926898113076,True
552,Stacking,2025-05-26 20:20:00,140.0,150.41253420978333,True
552,Stacking,2025-05-26 20:25:00,139.0,147.55965381084454,True
552,Stacking,2025-05-26 20:30:00,138.0,158.80271176265788,True
552,Stacking,2025-05-26 20:35:00,137.0,154.41470659739358,True
552,Stacking,2025-05-26 20:40:00,137.0,156.6520260926793,True
552,Stacking,2025-05-26 20:45:00,140.0,149.53854666995218,True
552,Stacking,2025-05-26 20:50:00,139.0,140.1649053484837,True
552,Stacking,2025-05-26 20:55:00,140.0,140.949693881585,True
552,Stacking,2025-05-26 21:00:00,142.0,137.274569385571,True
552,Stacking,2025-05-26 21:05:00,142.0,135.3698212327537,True
552,Stacking,2025-05-26 21:10:00,146.0,136.79654482963707,True
552,Stacking,2025-05-26 21:15:00,149.0,148.1521213200156,True
552,Stacking,2025-05-26 21:20:00,146.0,135.98701596258755,True
552,Stacking,2025-05-26 21:25:00,145.0,143.38221022279487,True
552,Stacking,2025-05-26 21:30:00,148.0,147.64526015728677,True
552,Stacking,2025-05-26 21:35:00,152.0,142.57469877784044,True
552,Stacking,2025-05-26 21:40:00,150.0,157.9553566392676,True
552,Stacking,2025-05-26 21:45:00,151.0,157.0055755784394,True
552,Stacking,2025-05-26 21:50:00,152.0,139.19258463099928,True
552,Stacking,2025-05-26 21:55:00,154.0,142.08056244626852,True
552,Stacking,2025-05-26 22:00:00,155.0,154.76604566469481,True
552,Stacking,2025-05-26 22:05:00,155.0,159.93244150038194,True
552,Stacking,2025-05-26 22:10:00,155.0,144.99200249530668,True
552,Stacking,2025-05-26 22:15:00,155.0,154.18633812408746,True
552,Stacking,2025-05-26 22:20:00,139.0,153.15318652970674,True
552,Stacking,2025-05-26 22:25:00,142.0,157.46411082177687,True
552,Stacking,2025-05-26 22:30:00,145.0,157.42543529170874,True
552,Stacking,2025-05-26 22:35:00,147.0,157.60118581212336,True
552,Stacking,2025-05-26 22:40:00,149.0,157.7472100833565,True
552,Stacking,2025-05-26 22:45:00,149.0,157.0528793386606,True
552,Stacking,2025-05-26 22:50:00,143.0,131.6861137339726,True
552,Stacking,2025-05-26 22:55:00,141.0,150.99395095308054,True
552,Stacking,2025-05-26 23:00:00,141.0,152.27953545789666,True
552,Stacking,2025-05-26 23:05:00,142.0,152.75889470353505,True
552,Stacking,2025-05-26 23:10:00,140.0,155.76082465903514,True
552,Stacking,2025-05-26 23:15:00,135.0,151.68593376834028,True
552,Stacking,2025-05-26 23:20:00,133.0,136.8079975438431,True
552,Stacking,2025-05-26 23:25:00,131.0,138.88439198318662,True
552,Stacking,2025-05-26 23:30:00,127.0,141.21464907427824,True
552,Stacking,2025-05-26 23:35:00,124.0,144.10860807383702,True
552,Stacking,2025-05-26 23:40:00,122.0,135.12337548941,True
552,Stacking,2025-05-26 23:45:00,120.0,126.88952555145124,True
552,Stacking,2025-05-26 23:50:00,122.0,127.94920630065454,True
552,Stacking,2025-05-26 23:55:00,123.0,124.64063457454664,True
552,Stacking,2025-05-27 00:00:00,123.0,121.084904197724,True
552,Stacking,2025-05-27 00:05:00,123.0,115.99686196161767,True
552,Stacking,2025-05-27 00:10:00,123.0,114.74764522201285,True
552,Stacking,2025-05-27 00:15:00,123.0,112.97710986109007,True
552,Stacking,2025-05-27 00:20:00,121.0,123.76875925214274,True
552,Stacking,2025-05-27 00:25:00,114.0,123.89507383771111,True
552,Stacking,2025-05-27 00:30:00,108.0,124.97050914997571,True
552,Stacking,2025-05-27 00:35:00,102.0,125.208416790722,True
552,Stacking,2025-05-27 00:40:00,102.0,125.19674187573833,True
552,Stacking,2025-05-27 00:45:00,106.0,125.5039725868862,True
552,Stacking,2025-05-27 00:50:00,109.0,118.75445840979832,True
552,Stacking,2025-05-27 00:55:00,111.0,110.12113199205426,True
552,Stacking,2025-05-27 01:00:00,112.0,101.18740532095433,True
552,Stacking,2025-05-27 01:05:00,113.0,94.54308129946159,True
552,Stacking,2025-05-27 01:10:00,113.0,101.10472120820815,True
552,Stacking,2025-05-27 01:15:00,114.0,115.90501863261129,True
552,Stacking,2025-05-27 01:20:00,113.0,116.77093955948432,True
552,Stacking,2025-05-27 01:25:00,112.0,118.22537347750087,True
552,Stacking,2025-05-27 01:30:00,111.0,117.87259559659691,True
552,Stacking,2025-05-27 01:35:00,110.0,118.27344383980018,True
552,Stacking,2025-05-27 01:40:00,108.0,115.8267275589101,True
552,Stacking,2025-05-27 01:45:00,107.0,118.85676254968425,True
552,Stacking,2025-05-27 01:50:00,106.0,112.47536530176214,True
552,Stacking,2025-05-27 01:55:00,106.0,111.78043838858028,True
552,Stacking,2025-05-27 02:00:00,105.0,109.495178856629,True
552,Stacking,2025-05-27 02:05:00,104.0,108.9572359050948,True
552,Stacking,2025-05-27 02:10:00,103.0,104.51278137859089,True
552,Stacking,2025-05-27 02:15:00,103.0,104.10188682920146,True
552,Stacking,2025-05-27 02:20:00,102.0,102.97865146450495,True
552,Stacking,2025-05-27 02:25:00,102.0,105.73690532350271,True
552,Stacking,2025-05-27 02:30:00,101.0,102.66604156411336,True
552,Stacking,2025-05-27 02:35:00,101.0,100.7177362004125,True
552,Stacking,2025-05-27 02:40:00,100.0,99.9674989051597,True
552,Stacking,2025-05-27 02:45:00,98.0,103.07347094015635,True
552,Stacking,2025-05-27 02:50:00,96.0,98.84275163624916,True
552,Stacking,2025-05-27 02:55:00,95.0,101.97245354927406,True
552,Stacking,2025-05-27 03:00:00,94.0,97.50136075042815,True
552,Stacking,2025-05-27 03:05:00,93.0,100.63005962732218,True
552,Stacking,2025-05-27 03:10:00,92.0,97.11991560624239,True
552,Stacking,2025-05-27 03:15:00,92.0,94.34057180521982,True
552,Stacking,2025-05-27 03:20:00,91.0,91.5636326380997,True
552,Stacking,2025-05-27 03:25:00,90.0,92.70623351769532,True
552,Stacking,2025-05-27 03:30:00,91.0,92.12556791746302,True
552,Stacking,2025-05-27 03:35:00,91.0,90.40360612910463,True
552,Stacking,2025-05-27 03:40:00,90.0,90.09331365778205,True
552,Stacking,2025-05-27 03:45:00,89.0,92.72677142568568,True
552,Stacking,2025-05-27 03:50:00,87.0,89.79057775319251,True
552,Stacking,2025-05-27 03:55:00,86.0,89.19860192763007,True
552,Stacking,2025-05-27 04:00:00,86.0,94.97079951920912,True
552,Stacking,2025-05-27 04:05:00,85.0,92.29629178861641,True
552,Stacking,2025-05-27 04:10:00,84.0,89.98248723249283,True
552,Stacking,2025-05-27 04:15:00,83.0,87.62317359672429,True
552,Stacking,2025-05-27 04:20:00,81.0,84.34172766460416,True
552,Stacking,2025-05-27 04:25:00,80.0,85.27555133854041,True
552,Stacking,2025-05-27 04:30:00,79.0,86.93983552089205,True
552,Stacking,2025-05-27 04:35:00,78.0,83.9855981910844,True
552,Stacking,2025-05-27 04:40:00,76.0,83.822425323939,True
552,Stacking,2025-05-27 04:45:00,75.0,83.43164774245625,True
552,Stacking,2025-05-27 04:50:00,75.0,79.19851372088009,True
552,Stacking,2025-05-27 04:55:00,74.0,79.73798804062967,True
552,Stacking,2025-05-27 05:00:00,73.0,79.7411312492612,True
552,Stacking,2025-05-27 05:05:00,72.0,78.79509721285578,True
552,Stacking,2025-05-27 05:10:00,71.0,76.5087607340298,True
552,Stacking,2025-05-27 05:15:00,70.0,76.56641207600212,True
552,Stacking,2025-05-27 05:20:00,69.0,78.11165851140058,True
552,Stacking,2025-05-27 05:25:00,67.0,76.57952605329423,True
552,Stacking,2025-05-27 05:30:00,66.0,76.57481052165859,True
552,Stacking,2025-05-27 05:35:00,65.0,75.58905719336298,True
552,Stacking,2025-05-27 05:40:00,64.0,74.73697703097805,True
552,Stacking,2025-05-27 05:45:00,62.0,73.72197499176949,True
552,Stacking,2025-05-27 05:50:00,62.0,73.67509280613284,True
552,Stacking,2025-05-27 05:55:00,62.0,71.24030545433665,True
552,Stacking,2025-05-27 06:00:00,62.0,70.94040792893608,True
552,Stacking,2025-05-27 06:05:00,63.0,70.76081252977517,True
552,Stacking,2025-05-27 06:10:00,63.0,70.6093886758169,True
552,Stacking,2025-05-27 06:15:00,64.0,68.9481124847102,True
552,Stacking,2025-05-27 06:20:00,66.0,70.54965039249092,True
552,Stacking,2025-05-27 06:25:00,67.0,69.255284552976,True
552,Stacking,2025-05-27 06:30:00,70.0,69.71107965083624,True
552,Stacking,2025-05-27 06:35:00,73.0,73.2496964810111,True
552,Stacking,2025-05-27 06:40:00,76.0,71.09695554921345,True
552,Stacking,2025-05-27 06:45:00,79.0,73.9327939222653,True
552,Stacking,2025-05-27 06:50:00,81.0,80.27269279067833,True
552,Stacking,2025-05-27 06:55:00,84.0,76.71947958989048,True
552,Stacking,2025-05-27 07:00:00,85.0,90.54460175774621,True
552,Stacking,2025-05-27 07:05:00,87.0,92.33600168974687,True
552,Stacking,2025-05-27 07:10:00,88.0,96.71308707156697,True
552,Stacking,2025-05-27 07:15:00,90.0,98.93469138985623,True
552,Stacking,2025-05-27 07:20:00,93.0,97.44027879407525,True
552,Stacking,2025-05-27 07:25:00,99.0,101.70958372047566,True
552,Stacking,2025-05-27 07:30:00,107.0,95.59389730890746,True
552,Stacking,2025-05-27 07:35:00,110.0,99.63077148315534,True
552,Stacking,2025-05-27 07:40:00,116.0,97.19985726148609,True
552,Stacking,2025-05-27 07:45:00,122.0,102.80457848520324,True
552,Stacking,2025-05-27 07:50:00,129.0,106.81299628439474,True
552,Stacking,2025-05-27 07:55:00,134.0,125.83900843542105,True
552,Stacking,2025-05-27 08:00:00,142.0,137.1019108296908,True
552,Stacking,2025-05-27 08:05:00,146.0,124.40112162475636,True
552,Stacking,2025-05-27 08:10:00,146.0,137.47569769172657,True
552,Stacking,2025-05-27 08:15:00,149.0,140.9472271775323,True
552,Stacking,2025-05-27 08:20:00,156.0,154.08109799055214,True
552,Stacking,2025-05-27 08:25:00,159.0,149.11535128173503,True
552,Stacking,2025-05-27 08:30:00,159.0,166.22118064094184,True
552,Stacking,2025-05-27 08:35:00,163.0,159.4422676005858,True
552,Stacking,2025-05-27 08:40:00,164.0,150.34445378544615,True
552,Stacking,2025-05-27 08:45:00,164.0,160.51480990143767,True
552,Stacking,2025-05-27 08:50:00,164.0,173.56747668850204,True
552,Stacking,2025-05-27 08:55:00,164.0,167.68812009573446,True
552,Stacking,2025-05-27 09:00:00,168.0,163.24882926757638,True
552,Stacking,2025-05-27 09:05:00,174.0,174.71305253889082,True
552,Stacking,2025-05-27 09:10:00,180.0,167.12095111549314,True
552,Stacking,2025-05-27 09:15:00,191.0,185.67787326157264,True
552,Stacking,2025-05-27 09:20:00,203.0,184.86951223510397,True
552,Stacking,2025-05-27 09:25:00,214.0,185.31592690483114,True
552,Stacking,2025-05-27 09:30:00,222.0,187.01034171990923,True
552,Stacking,2025-05-27 09:35:00,226.0,192.58829518167815,True
552,Stacking,2025-05-27 09:40:00,229.0,196.67979194308558,True
552,Stacking,2025-05-27 09:45:00,233.0,216.8702298079421,True
552,Stacking,2025-05-27 09:50:00,235.0,229.37469313818534,True
552,Stacking,2025-05-27 09:55:00,237.0,232.2017197075047,True
552,Stacking,2025-05-27 10:00:00,238.0,233.21478097293908,True
552,Stacking,2025-05-27 10:05:00,240.0,228.0674336983427,True
552,Stacking,2025-05-27 10:10:00,240.0,228.5341087929657,True
552,Stacking,2025-05-27 10:15:00,240.0,238.97393211127854,True
552,Stacking,2025-05-27 10:20:00,240.0,233.36899472819485,True
552,Stacking,2025-05-27 10:25:00,240.0,235.7491820853003,True
552,Stacking,2025-05-27 10:30:00,240.0,232.76161036422454,True
552,Stacking,2025-05-27 10:35:00,240.0,237.1949532251096,True
552,Stacking,2025-05-27 11:45:00,239.0,151.03238206138988,False
552,Stacking,2025-05-27 11:50:00,236.0,150.34726795931496,False
552,Stacking,2025-05-27 11:55:00,235.0,161.63162192097445,False
552,Stacking,2025-05-27 12:00:00,238.0,163.2286151774708,False
552,Stacking,2025-05-27 12:05:00,239.0,162.61490292506005,False
552,Stacking,2025-05-27 12:10:00,236.0,160.85168763866352,False
552,Stacking,2025-05-27 12:15:00,232.0,229.83835699555556,True
552,Stacking,2025-05-27 12:20:00,227.0,216.3157907315955,True
552,Stacking,2025-05-27 12:25:00,219.0,223.10514228188782,True
552,Stacking,2025-05-27 12:30:00,214.0,235.11995288339637,True
552,Stacking,2025-05-27 12:35:00,206.0,228.7886891287183,True
552,Stacking,2025-05-27 12:40:00,195.0,215.79582865193734,True
552,Stacking,2025-05-27 12:45:00,184.0,211.25033572212058,True
552,Stacking,2025-05-27 12:50:00,172.0,202.68262536875724,True
552,Stacking,2025-05-27 12:55:00,164.0,189.4342133925539,True
552,Stacking,2025-05-27 13:00:00,158.0,187.60192674786612,True
552,Stacking,2025-05-27 13:05:00,155.0,177.3969763661686,True
552,Stacking,2025-05-27 13:10:00,149.0,158.12711955177204,True
552,Stacking,2025-05-27 13:15:00,145.0,147.96734045868106,True
552,Stacking,2025-05-27 13:20:00,143.0,130.37507027866627,True
552,Stacking,2025-05-27 13:25:00,142.0,134.97279207441738,True
552,Stacking,2025-05-27 13:30:00,141.0,131.58215018837086,True
552,Stacking,2025-05-27 13:35:00,140.0,137.4375365098771,True
552,Stacking,2025-05-27 13:40:00,137.0,125.91343016741425,True
552,Stacking,2025-05-27 13:45:00,131.0,129.23977409140414,True
552,Stacking,2025-05-27 13:50:00,134.0,130.32440921895252,True
552,Stacking,2025-05-27 13:55:00,136.0,132.48268216815563,True
552,Stacking,2025-05-27 14:00:00,137.0,132.6356202378283,True
552,Stacking,2025-05-27 14:05:00,134.0,131.85584521896598,True
552,Stacking,2025-05-27 14:10:00,135.0,126.38422050491789,True
552,Stacking,2025-05-27 14:15:00,129.0,112.16660897957306,True
552,Stacking,2025-05-27 14:20:00,129.0,140.0432496313272,True
552,Stacking,2025-05-27 14:25:00,133.0,139.32911056511844,True
552,Stacking,2025-05-27 14:30:00,136.0,138.72907928387733,True
552,Stacking,2025-05-27 14:35:00,137.0,127.55166997341814,True
552,Stacking,2025-05-27 14:40:00,136.0,137.13394327665097,True
552,Stacking,2025-05-27 14:45:00,135.0,116.96125366392647,True
552,Stacking,2025-05-27 14:50:00,134.0,130.61988337603157,True
552,Stacking,2025-05-27 14:55:00,135.0,141.84115024395848,True
552,Stacking,2025-05-27 15:00:00,137.0,143.31253721295226,True
552,Stacking,2025-05-27 15:05:00,140.0,139.56653546823955,True
552,Stacking,2025-05-27 15:10:00,143.0,135.95822258161442,True
552,Stacking,2025-05-27 15:15:00,152.0,132.99920056252517,True
552,Stacking,2025-05-27 15:20:00,158.0,131.32382371514436,True
552,Stacking,2025-05-27 15:25:00,166.0,135.83335791792143,True
552,Stacking,2025-05-27 15:30:00,173.0,142.21065504180802,True
552,Stacking,2025-05-27 15:35:00,176.0,149.66540636966766,True
552,Stacking,2025-05-27 15:40:00,175.0,153.38255641592787,True
552,Stacking,2025-05-27 15:45:00,175.0,175.66196801113702,True
552,Stacking,2025-05-27 15:50:00,174.0,173.4404574491599,True
552,Stacking,2025-05-27 15:55:00,164.0,187.61507852716062,True
552,Stacking,2025-05-27 16:00:00,161.0,193.71599836978712,True
552,Stacking,2025-05-27 16:05:00,166.0,186.44946016069036,True
552,Stacking,2025-05-27 16:10:00,161.0,174.13009099579963,True
552,Stacking,2025-05-27 16:15:00,156.0,177.18673167027967,True
552,Stacking,2025-05-27 16:20:00,156.0,172.3180781494545,True
552,Stacking,2025-05-27 16:25:00,159.0,152.8796084606578,True
552,Stacking,2025-05-27 16:30:00,160.0,154.23009731022904,True
552,Stacking,2025-05-27 16:35:00,159.0,172.9326117787093,True
552,Stacking,2025-05-27 16:40:00,153.0,151.13677997777958,True
552,Stacking,2025-05-27 16:45:00,148.0,147.49972077063646,True
552,Stacking,2025-05-27 16:50:00,146.0,153.96412031890358,True
552,Stacking,2025-05-27 16:55:00,138.0,163.12535085404028,True
552,Stacking,2025-05-27 17:00:00,136.0,160.68098590951314,True
552,Stacking,2025-05-27 17:05:00,138.0,157.65715777826745,True
552,Stacking,2025-05-27 17:10:00,137.0,144.4043626922004,True
552,Stacking,2025-05-27 17:15:00,135.0,140.34085283469253,True
552,Stacking,2025-05-27 17:20:00,135.0,141.28275991859087,True
552,Stacking,2025-05-27 17:25:00,132.0,128.3367356090683,True
552,Stacking,2025-05-27 17:30:00,127.0,132.63024511480103,True
552,Stacking,2025-05-27 17:35:00,122.0,141.99344712792526,True
552,Stacking,2025-05-27 17:40:00,131.0,134.86881021040216,True
552,Stacking,2025-05-27 17:45:00,144.0,130.44849455032346,True
552,Stacking,2025-05-27 17:50:00,150.0,133.58647161754644,True
552,Stacking,2025-05-27 17:55:00,143.0,125.4242291007197,True
552,Stacking,2025-05-27 18:00:00,141.0,120.97698034128143,True
552,Stacking,2025-05-27 18:05:00,148.0,111.4058815130507,True
552,Stacking,2025-05-27 18:10:00,150.0,145.36184194083734,True
552,Stacking,2025-05-27 18:15:00,147.0,159.03836645409223,True
552,Stacking,2025-05-27 18:20:00,146.0,162.14115538527514,True
552,Stacking,2025-05-27 18:25:00,147.0,138.27499365547553,True
552,Stacking,2025-05-27 18:30:00,145.0,142.3460825031683,True
552,Stacking,2025-05-27 18:35:00,142.0,160.98498626840424,True
552,Stacking,2025-05-27 18:40:00,139.0,153.15335447064604,True
552,Stacking,2025-05-27 18:45:00,136.0,143.7596528179504,True
552,Stacking,2025-05-27 18:50:00,131.0,145.36372192777475,True
552,Stacking,2025-05-27 18:55:00,127.0,149.89310484151105,True
552,Stacking,2025-05-27 19:00:00,125.0,141.17290509949925,True
552,Stacking,2025-05-27 19:05:00,124.0,139.4449755889658,True
552,Stacking,2025-05-27 19:10:00,122.0,135.05071081883636,True
552,Stacking,2025-05-27 19:15:00,127.0,131.28590986042852,True
552,Stacking,2025-05-27 19:20:00,134.0,119.76809689152614,True
552,Stacking,2025-05-27 19:25:00,138.0,119.16655656294488,True
552,Stacking,2025-05-27 19:30:00,140.0,118.94676053847527,True
552,Stacking,2025-05-27 19:35:00,142.0,119.62654984696992,True
552,Stacking,2025-05-27 19:40:00,147.0,115.95339397028569,True
552,Stacking,2025-05-27 19:45:00,150.0,136.9211983213803,True
552,Stacking,2025-05-27 19:50:00,151.0,147.65625002059951,True
552,Stacking,2025-05-27 19:55:00,152.0,146.48236041200641,True
552,Stacking,2025-05-27 20:00:00,152.0,146.5291887210496,True
552,Stacking,2025-05-27 20:05:00,154.0,149.88481614469916,True
552,Stacking,2025-05-27 20:10:00,163.0,161.7625351872761,True
552,Stacking,2025-05-27 20:15:00,173.0,159.22131807785124,True
552,Stacking,2025-05-27 20:20:00,181.0,155.07688704635774,True
552,Stacking,2025-05-27 20:25:00,181.0,156.57974951155816,True
552,Stacking,2025-05-27 20:30:00,185.0,153.8119112737433,True
552,Stacking,2025-05-27 20:35:00,196.0,159.47655949504087,True
552,Stacking,2025-05-27 20:40:00,207.0,182.82395231504495,True
552,Stacking,2025-05-27 20:45:00,217.0,198.3887313933179,True
552,Stacking,2025-05-27 20:50:00,225.0,200.28756206264453,True
552,Stacking,2025-05-27 20:55:00,231.0,188.6129264890479,True
552,Stacking,2025-05-27 21:00:00,233.0,198.750181134556,True
552,Stacking,2025-05-27 21:05:00,228.0,219.11779599354168,True
552,Stacking,2025-05-27 21:10:00,218.0,231.54017455601502,True
552,Stacking,2025-05-27 21:15:00,207.0,237.94823793481876,True
552,Stacking,2025-05-27 21:20:00,195.0,236.33479546385246,True
552,Stacking,2025-05-27 21:25:00,183.0,239.24630807964274,True
552,Stacking,2025-05-27 21:30:00,173.0,229.59079663279226,True
552,Stacking,2025-05-27 21:35:00,164.0,206.05989903476086,True
552,Stacking,2025-05-27 21:40:00,158.0,185.17581640276262,True
552,Stacking,2025-05-27 21:45:00,152.0,168.97732227442532,True
552,Stacking,2025-05-27 21:50:00,146.0,153.5633196244245,True
552,Stacking,2025-05-27 21:55:00,131.0,147.4934877829951,True
552,Stacking,2025-05-27 22:00:00,120.0,140.78033746920758,True
552,Stacking,2025-05-27 22:05:00,117.0,131.99051817236685,True
552,Stacking,2025-05-27 22:10:00,117.0,133.0526951078081,True
552,Stacking,2025-05-27 22:15:00,113.0,126.9769239774306,True
552,Stacking,2025-05-27 22:20:00,110.0,121.25274881736307,True
552,Stacking,2025-05-27 22:25:00,108.0,102.32882009775393,True
552,Stacking,2025-05-27 22:30:00,105.0,96.25551166286965,True
552,Stacking,2025-05-27 22:35:00,104.0,105.75535239094307,True
552,Stacking,2025-05-27 22:40:00,101.0,111.63834185135018,True
552,Stacking,2025-05-27 22:45:00,99.0,100.18561718954216,True
552,Stacking,2025-05-27 22:50:00,97.0,100.83281465140283,True
552,Stacking,2025-05-27 22:55:00,95.0,99.5640051344703,True
552,Stacking,2025-05-27 23:00:00,98.0,95.99697136377829,True
552,Stacking,2025-05-27 23:05:00,93.0,99.33896836467831,True
552,Stacking,2025-05-27 23:10:00,90.0,92.10235969553582,True
552,Stacking,2025-05-27 23:15:00,93.0,92.43097208130105,True
552,Stacking,2025-05-27 23:20:00,93.0,91.14420929198127,True
552,Stacking,2025-05-27 23:25:00,94.0,89.73545963784285,True
552,Stacking,2025-05-27 23:30:00,96.0,104.48266354576937,True
552,Stacking,2025-05-27 23:35:00,97.0,87.00516270031828,True
552,Stacking,2025-05-27 23:40:00,97.0,90.04109988788707,True
552,Stacking,2025-05-27 23:45:00,96.0,100.8103686576081,True
552,Stacking,2025-05-27 23:50:00,95.0,93.5250776700779,True
552,Stacking,2025-05-27 23:55:00,94.0,99.16735148463007,True
552,Stacking,2025-05-28 00:00:00,92.0,100.63507643394772,True
552,Stacking,2025-05-28 00:05:00,90.0,101.00106558552979,True
552,Stacking,2025-05-28 00:10:00,89.0,99.03925120557373,True
552,Stacking,2025-05-28 00:15:00,89.0,94.03384801856522,True
552,Stacking,2025-05-28 00:20:00,88.0,93.34689261867058,True
552,Stacking,2025-05-28 00:25:00,88.0,93.06945148573031,True
552,Stacking,2025-05-28 00:30:00,87.0,89.88531014091383,True
552,Stacking,2025-05-28 00:35:00,86.0,87.80527976339779,True
552,Stacking,2025-05-28 00:40:00,85.0,87.45250549666366,True
552,Stacking,2025-05-28 00:45:00,84.0,90.32619305252044,True
552,Stacking,2025-05-28 00:50:00,83.0,87.42552041116743,True
552,Stacking,2025-05-28 00:55:00,82.0,89.58748122710287,True
552,Stacking,2025-05-28 01:00:00,82.0,85.0216845404871,True
552,Stacking,2025-05-28 01:05:00,81.0,84.65587469591401,True
552,Stacking,2025-05-28 01:10:00,81.0,83.54780735706547,True
552,Stacking,2025-05-28 01:15:00,79.0,82.8901756209735,True
552,Stacking,2025-05-28 01:20:00,77.0,82.69376779283864,True
552,Stacking,2025-05-28 01:25:00,74.0,80.31164126275762,True
552,Stacking,2025-05-28 01:30:00,73.0,82.33531252992518,True
552,Stacking,2025-05-28 01:35:00,72.0,79.36760553748408,True
552,Stacking,2025-05-28 01:40:00,72.0,81.47263738757967,True
552,Stacking,2025-05-28 01:45:00,73.0,78.88968976587087,True
552,Stacking,2025-05-28 01:50:00,73.0,75.74296380466033,True
552,Stacking,2025-05-28 01:55:00,72.0,74.82100572031321,True
552,Stacking,2025-05-28 02:00:00,71.0,75.67092275742658,True
552,Stacking,2025-05-28 02:05:00,71.0,73.93332026614583,True
552,Stacking,2025-05-28 02:10:00,71.0,75.69047114465033,True
552,Stacking,2025-05-28 02:15:00,71.0,79.03887586119056,True
552,Stacking,2025-05-28 02:20:00,72.0,77.82081938843612,True
552,Stacking,2025-05-28 02:25:00,73.0,75.30939560703099,True
552,Stacking,2025-05-28 02:30:00,74.0,74.08598988776868,True
552,Stacking,2025-05-28 02:35:00,73.0,75.35726234536331,True
552,Stacking,2025-05-28 02:40:00,73.0,75.65131193273577,True
552,Stacking,2025-05-28 02:45:00,73.0,75.2964896707149,True
552,Stacking,2025-05-28 02:50:00,74.0,78.3181640507798,True
552,Stacking,2025-05-28 02:55:00,74.0,79.90380664369904,True
552,Stacking,2025-05-28 03:00:00,75.0,80.51010115879564,True
552,Stacking,2025-05-28 03:05:00,75.0,77.17089469145579,True
552,Stacking,2025-05-28 03:10:00,74.0,79.09440123224394,True
552,Stacking,2025-05-28 03:15:00,75.0,78.97891146717872,True
552,Stacking,2025-05-28 03:20:00,76.0,80.66380072032892,True
552,Stacking,2025-05-28 03:25:00,78.0,78.66789551997383,True
552,Stacking,2025-05-28 03:30:00,83.0,81.2475715155337,True
552,Stacking,2025-05-28 03:35:00,93.0,79.70410363401142,True
552,Stacking,2025-05-28 03:40:00,104.0,77.8283160273821,True
552,Stacking,2025-05-28 03:45:00,114.0,81.76456492722606,True
552,Stacking,2025-05-28 03:50:00,125.0,81.33848747876831,True
552,Stacking,2025-05-28 03:55:00,133.0,89.001096648184,True
552,Stacking,2025-05-28 04:00:00,139.0,102.64065225072774,True
552,Stacking,2025-05-28 04:05:00,145.0,128.65652512357732,True
552,Stacking,2025-05-28 04:10:00,151.0,142.49391442243177,True
552,Stacking,2025-05-28 04:15:00,159.0,147.653118981609,True
552,Stacking,2025-05-28 04:20:00,165.0,164.0556131371471,True
552,Stacking,2025-05-28 04:25:00,170.0,159.00604966784846,True
552,Stacking,2025-05-28 04:30:00,174.0,155.48558828628543,True
552,Stacking,2025-05-28 04:35:00,177.0,163.50182027299462,True
552,Stacking,2025-05-28 04:40:00,180.0,169.887905900463,True
552,Stacking,2025-05-28 04:45:00,181.0,181.66973068595954,True
552,Stacking,2025-05-28 04:50:00,178.0,181.67750911944907,True
552,Stacking,2025-05-28 04:55:00,176.0,187.81632341931513,True
552,Stacking,2025-05-28 05:00:00,174.0,188.59794434326082,True
552,Stacking,2025-05-28 05:05:00,171.0,189.2976592875628,True
552,Stacking,2025-05-28 05:10:00,169.0,191.92478700582782,True
552,Stacking,2025-05-28 05:15:00,167.0,182.65287275650888,True
552,Stacking,2025-05-28 05:20:00,164.0,173.46170632763375,True
552,Stacking,2025-05-28 05:25:00,162.0,171.6770150787111,True
552,Stacking,2025-05-28 05:30:00,160.0,166.86333819663233,True
552,Stacking,2025-05-28 05:35:00,158.0,157.86262658422245,True
552,Stacking,2025-05-28 05:40:00,157.0,159.03874698727924,True
552,Stacking,2025-05-28 05:45:00,156.0,156.11114680091904,True
552,Stacking,2025-05-28 05:50:00,155.0,148.84213279066546,True
552,Stacking,2025-05-28 05:55:00,153.0,149.1620464888793,True
552,Stacking,2025-05-28 06:00:00,151.0,148.86235785572558,True
552,Stacking,2025-05-28 06:05:00,149.0,145.20645196231112,True
552,Stacking,2025-05-28 06:10:00,147.0,147.7211823239241,True
552,Stacking,2025-05-28 06:15:00,146.0,146.89304207317676,True
552,Stacking,2025-05-28 06:20:00,144.0,146.69003245805536,True
552,Stacking,2025-05-28 06:25:00,142.0,141.89213714506062,True
552,Stacking,2025-05-28 06:30:00,140.0,139.68776347082078,True
552,Stacking,2025-05-28 06:35:00,138.0,137.95230224970052,True
552,Stacking,2025-05-28 06:40:00,136.0,135.8143843928456,True
552,Stacking,2025-05-28 06:45:00,140.0,137.0857486115031,True
552,Stacking,2025-05-28 06:50:00,145.0,134.27484186764698,True
552,Stacking,2025-05-28 06:55:00,145.0,132.742248738948,True
552,Stacking,2025-05-28 07:00:00,146.0,131.52431193738812,True
552,Stacking,2025-05-28 07:05:00,146.0,130.51529384790513,True
552,Stacking,2025-05-28 07:10:00,146.0,129.36204968815503,True
552,Stacking,2025-05-28 07:15:00,147.0,146.08966865661188,True
552,Stacking,2025-05-28 07:20:00,146.0,151.18307621544002,True
552,Stacking,2025-05-28 07:25:00,147.0,144.37435989259848,True
552,Stacking,2025-05-28 07:30:00,146.0,149.62125081345403,True
552,Stacking,2025-05-28 07:35:00,140.0,146.82159275578334,True
552,Stacking,2025-05-28 07:40:00,135.0,147.77250477807448,True
552,Stacking,2025-05-28 07:45:00,134.0,151.47148349012386,True
552,Stacking,2025-05-28 07:50:00,133.0,143.83101710050036,True
552,Stacking,2025-05-28 07:55:00,128.0,151.73831983864446,True
552,Stacking,2025-05-28 08:00:00,127.0,143.36613594699412,True
552,Stacking,2025-05-28 08:05:00,129.0,130.95699966953498,True
552,Stacking,2025-05-28 08:10:00,130.0,125.56358166130426,True
552,Stacking,2025-05-28 08:15:00,127.0,130.50003808125857,True
552,Stacking,2025-05-28 08:20:00,126.0,129.6703513230625,True
552,Stacking,2025-05-28 08:25:00,132.0,117.85355914396747,True
552,Stacking,2025-05-28 08:30:00,136.0,124.34942395833306,True
552,Stacking,2025-05-28 08:35:00,146.0,132.63329322845095,True
552,Stacking,2025-05-28 08:40:00,148.0,130.68179308290217,True
552,Stacking,2025-05-28 08:45:00,142.0,139.68614245371876,True
552,Stacking,2025-05-28 08:50:00,147.0,141.1761015157664,True
552,Stacking,2025-05-28 08:55:00,162.0,159.32334224081214,True
552,Stacking,2025-05-28 09:00:00,175.0,160.04438788005737,True
552,Stacking,2025-05-28 09:05:00,183.0,177.80612426091983,True
552,Stacking,2025-05-28 09:10:00,178.0,165.0015025120774,True
552,Stacking,2025-05-28 09:15:00,178.0,141.45807105948376,True
552,Stacking,2025-05-28 09:20:00,174.0,166.3780844817973,True
552,Stacking,2025-05-28 09:25:00,169.0,184.69316329729787,True
552,Stacking,2025-05-28 09:30:00,164.0,196.02393026325495,True
552,Stacking,2025-05-28 09:35:00,158.0,193.39668845773403,True
552,Stacking,2025-05-28 09:40:00,150.0,162.3136380777265,True
552,Stacking,2025-05-28 09:45:00,144.0,175.21109156097452,True
552,Stacking,2025-05-28 09:50:00,138.0,157.6706671059908,True
552,Stacking,2025-05-28 09:55:00,129.0,149.73290236061584,True
552,Stacking,2025-05-28 10:00:00,124.0,144.15243963935097,True
552,Stacking,2025-05-28 10:05:00,117.0,132.8256623777171,True
552,Stacking,2025-05-28 10:10:00,113.0,122.85789960692364,True
552,Stacking,2025-05-28 10:15:00,111.0,124.71069110795818,True
552,Stacking,2025-05-28 10:20:00,108.0,117.81211272281688,True
552,Stacking,2025-05-28 10:25:00,104.0,105.42810766572599,True
552,Stacking,2025-05-28 10:30:00,102.0,107.78922329587562,True
552,Stacking,2025-05-28 10:35:00,101.0,97.49464903889698,True
552,Stacking,2025-05-28 10:40:00,100.0,100.96057364209446,True
552,Stacking,2025-05-28 10:45:00,100.0,104.36352288313844,True
552,Stacking,2025-05-28 10:50:00,100.0,97.70792002827415,True
552,Stacking,2025-05-28 10:55:00,102.0,92.7318248562556,True
552,Stacking,2025-05-28 11:00:00,103.0,95.78251009921846,True
552,Stacking,2025-05-28 11:05:00,104.0,95.76853267732712,True
552,Stacking,2025-05-28 11:10:00,106.0,95.30619309561169,True
552,Stacking,2025-05-28 11:15:00,107.0,99.27180145615648,True
552,Stacking,2025-05-28 11:20:00,107.0,99.9420514861823,True
552,Stacking,2025-05-28 11:25:00,105.0,109.45429048983304,True
552,Stacking,2025-05-28 11:30:00,104.0,108.19549990013779,True
552,Stacking,2025-05-28 11:35:00,100.0,109.03933902577072,True
552,Stacking,2025-05-28 11:40:00,99.0,113.46234058330279,True
552,Stacking,2025-05-28 11:45:00,98.0,111.74578240840565,True
552,Stacking,2025-05-28 11:50:00,94.0,110.53729312160044,True
552,Stacking,2025-05-28 11:55:00,88.0,104.18441617549749,True
552,Stacking,2025-05-28 12:00:00,85.0,103.10147653511046,True
552,Stacking,2025-05-28 12:05:00,83.0,94.8285605298662,True
552,Stacking,2025-05-28 12:10:00,83.0,99.02529066303654,True
552,Stacking,2025-05-28 12:15:00,86.0,96.27678882664667,True
552,Stacking,2025-05-28 12:20:00,87.0,89.6704336240637,True
552,Stacking,2025-05-28 12:25:00,92.0,84.00248424360433,True
552,Stacking,2025-05-28 12:30:00,99.0,84.50530742879715,True
552,Stacking,2025-05-28 12:35:00,101.0,83.88808722935232,True
552,Stacking,2025-05-28 12:40:00,104.0,89.10663908257537,True
552,Stacking,2025-05-28 12:45:00,108.0,98.19300553596673,True
552,Stacking,2025-05-28 12:50:00,113.0,92.71458442111008,True
552,Stacking,2025-05-28 12:55:00,119.0,114.42743595593551,True
552,Stacking,2025-05-28 13:00:00,124.0,127.32057870952409,True
552,Stacking,2025-05-28 13:05:00,126.0,112.39727699788594,True
552,Stacking,2025-05-28 13:10:00,129.0,118.59567704522586,True
552,Stacking,2025-05-28 13:15:00,134.0,124.28846944193626,True
552,Stacking,2025-05-28 13:20:00,132.0,126.88785444027053,True
552,Stacking,2025-05-28 13:25:00,127.0,135.61291941219523,True
552,Stacking,2025-05-28 13:30:00,123.0,136.06782335379177,True
552,Stacking,2025-05-28 13:35:00,120.0,131.98171994564777,True
552,Stacking,2025-05-28 13:40:00,116.0,139.79244843775533,True
552,Stacking,2025-05-28 13:45:00,112.0,147.79489088099456,True
552,Stacking,2025-05-28 13:50:00,109.0,129.06979628796154,True
552,Stacking,2025-05-28 13:55:00,105.0,120.65716031538622,True
552,Stacking,2025-05-28 14:00:00,100.0,115.5222294182204,True
552,Stacking,2025-05-28 14:05:00,93.0,112.90591073963662,True
552,Stacking,2025-05-28 14:10:00,90.0,106.00827062653036,True
552,Stacking,2025-05-28 14:15:00,91.0,101.06597340630755,True
552,Stacking,2025-05-28 14:20:00,89.0,101.68045652060746,True
552,Stacking,2025-05-28 14:25:00,87.0,95.54930357853652,True
552,Stacking,2025-05-28 14:30:00,87.0,89.5315015128872,True
552,Stacking,2025-05-28 14:35:00,87.0,83.93448344213331,True
552,Stacking,2025-05-28 14:40:00,87.0,88.82740854668084,True
552,Stacking,2025-05-28 14:45:00,81.0,97.94464539856436,True
552,Stacking,2025-05-28 14:50:00,80.0,87.22907109538276,True
552,Stacking,2025-05-28 14:55:00,80.0,84.80763162597356,True
552,Stacking,2025-05-28 15:00:00,79.0,89.64818449203392,True
552,Stacking,2025-05-28 15:05:00,78.0,89.82339859432325,True
552,Stacking,2025-05-28 15:10:00,76.0,89.70704412276272,True
552,Stacking,2025-05-28 15:15:00,74.0,79.18513196761951,True
552,Stacking,2025-05-28 15:20:00,73.0,84.622142077264,True
552,Stacking,2025-05-28 15:25:00,70.0,85.86792549156829,True
552,Stacking,2025-05-28 15:30:00,65.0,82.7662212925956,True
552,Stacking,2025-05-28 15:35:00,62.0,82.33575084803668,True
552,Stacking,2025-05-28 15:40:00,60.0,81.0187946831995,True
552,Stacking,2025-05-28 15:45:00,58.0,80.69464199640086,True
552,Stacking,2025-05-28 15:50:00,56.0,80.45113625077518,True
552,Stacking,2025-05-28 15:55:00,54.0,77.7621683887192,True
552,Stacking,2025-05-28 16:00:00,52.0,74.41357203541578,True
552,Stacking,2025-05-28 16:05:00,49.0,73.75581407596874,True
552,Stacking,2025-05-28 16:10:00,48.0,70.75863516393885,True
552,Stacking,2025-05-28 16:15:00,47.0,69.09940174870368,True
552,Stacking,2025-05-28 16:20:00,48.0,66.0421913123641,True
552,Stacking,2025-05-28 16:25:00,48.0,66.0477971041598,True
552,Stacking,2025-05-28 16:30:00,53.0,65.29867983998014,True
552,Stacking,2025-05-28 16:35:00,58.0,60.102843039905395,True
552,Stacking,2025-05-28 16:40:00,67.0,60.24971084826831,True
552,Stacking,2025-05-28 16:45:00,74.0,58.71397332551946,True
552,Stacking,2025-05-28 16:50:00,86.0,62.51286423394032,True
552,Stacking,2025-05-28 16:55:00,99.0,60.784599313675,True
552,Stacking,2025-05-28 17:00:00,109.0,84.76397051913929,True
552,Stacking,2025-05-28 17:05:00,115.0,88.96973124497715,True
552,Stacking,2025-05-28 17:10:00,119.0,107.50461357768461,True
552,Stacking,2025-05-28 17:15:00,120.0,104.94835180873463,True
552,Stacking,2025-05-28 17:20:00,117.0,124.25703473624472,True
552,Stacking,2025-05-28 17:25:00,115.0,141.0121683537122,True
552,Stacking,2025-05-28 17:30:00,113.0,144.23805362444347,True
552,Stacking,2025-05-28 17:35:00,113.0,135.17682706274812,True
552,Stacking,2025-05-28 17:40:00,114.0,133.74283312579496,True
552,Stacking,2025-05-28 17:45:00,114.0,127.29820325880763,True
552,Stacking,2025-05-28 17:50:00,114.0,117.3058481633892,True
552,Stacking,2025-05-28 17:55:00,114.0,115.33188582752548,True
552,Stacking,2025-05-28 18:00:00,113.0,111.04409601698177,True
552,Stacking,2025-05-28 18:05:00,112.0,116.03465731516123,True
552,Stacking,2025-05-28 18:10:00,113.0,118.05237040839847,True
552,Stacking,2025-05-28 18:15:00,114.0,117.73613211813323,True
552,Stacking,2025-05-28 18:20:00,116.0,117.35393886871816,True
552,Stacking,2025-05-28 18:25:00,141.0,117.44328659644371,True
552,Stacking,2025-05-28 18:30:00,140.0,112.83467802655099,True
552,Stacking,2025-05-28 18:35:00,138.0,111.6615645592508,True
552,Stacking,2025-05-28 18:40:00,137.0,118.38240120728973,True
552,Stacking,2025-05-28 18:45:00,139.0,118.37946993102466,True
552,Stacking,2025-05-28 18:50:00,144.0,122.28017744917956,True
552,Stacking,2025-05-28 18:55:00,139.0,169.38300859327876,True
552,Stacking,2025-05-28 19:00:00,136.0,143.86019322680846,True
552,Stacking,2025-05-28 19:05:00,137.0,139.3513717278174,True
552,Stacking,2025-05-28 19:10:00,135.0,137.58813982708,True
552,Stacking,2025-05-28 19:15:00,137.0,146.52009564282358,True
552,Stacking,2025-05-28 19:20:00,134.0,154.5247519518487,True
552,Stacking,2025-05-28 19:25:00,134.0,130.11043606780765,True
552,Stacking,2025-05-28 19:30:00,136.0,130.73471564012326,True
552,Stacking,2025-05-28 19:35:00,136.0,139.31190363358937,True
552,Stacking,2025-05-28 19:40:00,134.0,129.0148729711303,True
552,Stacking,2025-05-28 19:45:00,134.0,143.44812500339546,True
552,Stacking,2025-05-28 19:50:00,134.0,126.84195198099803,True
552,Stacking,2025-05-28 19:55:00,135.0,134.50263761303174,True
552,Stacking,2025-05-28 20:00:00,138.0,141.71460241522024,True
552,Stacking,2025-05-28 20:05:00,141.0,136.66081095130485,True
552,Stacking,2025-05-28 20:10:00,144.0,130.51582258160673,True
552,Stacking,2025-05-28 20:15:00,145.0,134.46014489352922,True
552,Stacking,2025-05-28 20:20:00,145.0,133.44143679503253,True
552,Stacking,2025-05-28 20:25:00,145.0,139.51571340743914,True
552,Stacking,2025-05-28 20:30:00,143.0,146.78787763665912,True
552,Stacking,2025-05-28 20:35:00,145.0,153.53393604791168,True
552,Stacking,2025-05-28 20:40:00,145.0,155.61621007870158,True
552,Stacking,2025-05-28 20:45:00,145.0,150.53144937421226,True
552,Stacking,2025-05-28 20:50:00,145.0,146.80340702668823,True
552,Stacking,2025-05-28 20:55:00,145.0,146.61634792264277,True
552,Stacking,2025-05-28 21:00:00,149.0,136.1910438228311,True
552,Stacking,2025-05-28 21:05:00,153.0,150.43565708146167,True
552,Stacking,2025-05-28 21:10:00,150.0,144.30321463575822,True
552,Stacking,2025-05-28 21:15:00,147.0,146.25753838206353,True
552,Stacking,2025-05-28 21:20:00,144.0,145.84884730212767,True
552,Stacking,2025-05-28 21:25:00,143.0,145.8934614192768,True
552,Stacking,2025-05-28 21:30:00,142.0,159.82781099192965,True
552,Stacking,2025-05-28 21:35:00,144.0,164.80455022641993,True
552,Stacking,2025-05-28 21:40:00,146.0,144.88668909322703,True
552,Stacking,2025-05-28 21:45:00,146.0,141.17698946773044,True
552,Stacking,2025-05-28 21:50:00,145.0,136.30262761686018,True
552,Stacking,2025-05-28 21:55:00,142.0,137.39132978086397,True
552,Stacking,2025-05-28 22:00:00,139.0,135.93523833879118,True
552,Stacking,2025-05-28 22:05:00,138.0,147.7580359613314,True
552,Stacking,2025-05-28 22:10:00,137.0,149.10214431369005,True
552,Stacking,2025-05-28 22:15:00,136.0,145.77977116881732,True
552,Stacking,2025-05-28 22:20:00,134.0,141.93636061522287,True
552,Stacking,2025-05-28 22:25:00,132.0,134.33777597766772,True
552,Stacking,2025-05-28 22:30:00,131.0,131.06874553100795,True
552,Stacking,2025-05-28 22:35:00,130.0,133.59597367011483,True
552,Stacking,2025-05-28 22:40:00,127.0,133.14462162609038,True
552,Stacking,2025-05-28 22:45:00,125.0,132.38194144614593,True
552,Stacking,2025-05-28 22:50:00,135.0,127.38211728007622,True
552,Stacking,2025-05-28 22:55:00,131.0,124.41626785240469,True
552,Stacking,2025-05-28 23:00:00,127.0,125.64911310786604,True
552,Stacking,2025-05-28 23:05:00,122.0,125.8323019874914,True
552,Stacking,2025-05-28 23:10:00,117.0,119.29395311023046,True
552,Stacking,2025-05-28 23:15:00,113.0,117.74442766739833,True
552,Stacking,2025-05-28 23:20:00,110.0,148.11150392076055,True
552,Stacking,2025-05-28 23:25:00,107.0,120.60005599747866,True
552,Stacking,2025-05-28 23:30:00,104.0,119.33487406430423,True
552,Stacking,2025-05-28 23:35:00,101.0,109.13615277762013,True
552,Stacking,2025-05-28 23:40:00,99.0,103.27933972304496,True
552,Stacking,2025-05-28 23:45:00,96.0,101.5062351351975,True
552,Stacking,2025-05-28 23:50:00,94.0,102.01633988305876,True
552,Stacking,2025-05-28 23:55:00,91.0,97.22783783671169,True
552,Stacking,2025-05-29 00:00:00,88.0,94.26878960811739,True
552,Stacking,2025-05-29 00:05:00,85.0,91.74346556296102,True
552,Stacking,2025-05-29 00:10:00,83.0,92.79153915161878,True
552,Stacking,2025-05-29 00:15:00,80.0,88.06125488162168,True
552,Stacking,2025-05-29 00:20:00,78.0,89.39759386110073,True
552,Stacking,2025-05-29 00:25:00,75.0,85.27804218759849,True
552,Stacking,2025-05-29 00:30:00,72.0,83.39727517040428,True
552,Stacking,2025-05-29 00:35:00,69.0,80.64637562572987,True
552,Stacking,2025-05-29 00:40:00,74.0,81.02759363132243,True
552,Stacking,2025-05-29 00:45:00,77.0,76.8185404216617,True
552,Stacking,2025-05-29 00:50:00,74.0,76.51602980824718,True
552,Stacking,2025-05-29 00:55:00,72.0,74.23277523942707,True
552,Stacking,2025-05-29 01:00:00,71.0,72.32888124194172,True
552,Stacking,2025-05-29 01:05:00,69.0,70.79944037467021,True
552,Stacking,2025-05-29 01:10:00,67.0,91.27355994225468,True
552,Stacking,2025-05-29 01:15:00,66.0,87.06365912120346,True
552,Stacking,2025-05-29 01:20:00,65.0,78.12927117799785,True
552,Stacking,2025-05-29 01:25:00,64.0,76.81877713469005,True
552,Stacking,2025-05-29 01:30:00,63.0,74.08083596528952,True
552,Stacking,2025-05-29 01:35:00,63.0,72.26002716177759,True
552,Stacking,2025-05-29 01:40:00,62.0,69.3712297173013,True
552,Stacking,2025-05-29 01:45:00,61.0,68.91401258884098,True
552,Stacking,2025-05-29 01:50:00,61.0,68.92905811391898,True
552,Stacking,2025-05-29 01:55:00,64.0,69.44152662828246,True
552,Stacking,2025-05-29 02:00:00,70.0,69.21507617382963,True
552,Stacking,2025-05-29 02:05:00,79.0,69.8680072818075,True
552,Stacking,2025-05-29 02:10:00,89.0,68.53903718039331,True
552,Stacking,2025-05-29 02:15:00,97.0,66.41816324296842,True
552,Stacking,2025-05-29 02:20:00,106.0,65.83563983630019,True
552,Stacking,2025-05-29 02:25:00,113.0,81.55078983482788,True
552,Stacking,2025-05-29 02:30:00,116.0,94.02178292159311,True
552,Stacking,2025-05-29 02:35:00,119.0,109.26759958959614,True
552,Stacking,2025-05-29 02:40:00,120.0,122.58328031880272,True
552,Stacking,2025-05-29 02:45:00,119.0,125.02034244429727,True
552,Stacking,2025-05-29 02:50:00,119.0,135.2494408257995,True
552,Stacking,2025-05-29 02:55:00,120.0,133.8727257557093,True
552,Stacking,2025-05-29 03:00:00,122.0,127.78735326159804,True
552,Stacking,2025-05-29 03:05:00,123.0,130.43915594917442,True
552,Stacking,2025-05-29 03:10:00,123.0,125.60070281062487,True
552,Stacking,2025-05-29 03:15:00,122.0,119.53534959008569,True
552,Stacking,2025-05-29 03:20:00,121.0,122.74034644599418,True
552,Stacking,2025-05-29 03:25:00,120.0,123.04791108758944,True
552,Stacking,2025-05-29 03:30:00,119.0,127.86211631509806,True
552,Stacking,2025-05-29 03:35:00,118.0,128.08655774777486,True
552,Stacking,2025-05-29 03:40:00,117.0,127.6916878736657,True
552,Stacking,2025-05-29 03:45:00,116.0,122.00956965297361,True
552,Stacking,2025-05-29 03:50:00,115.0,121.36344730721498,True
552,Stacking,2025-05-29 03:55:00,114.0,117.83816647333502,True
552,Stacking,2025-05-29 04:00:00,112.0,116.35578752597861,True
552,Stacking,2025-05-29 04:05:00,110.0,115.23997567488075,True
552,Stacking,2025-05-29 04:10:00,110.0,113.69022971381341,True
552,Stacking,2025-05-29 04:15:00,110.0,113.04329827544812,True
552,Stacking,2025-05-29 04:20:00,110.0,111.87145726078745,True
552,Stacking,2025-05-29 04:25:00,109.0,110.89920945726938,True
552,Stacking,2025-05-29 04:30:00,109.0,107.84334433679663,True
552,Stacking,2025-05-29 04:35:00,109.0,106.63712472665298,True
552,Stacking,2025-05-29 04:40:00,109.0,111.01423474281782,True
552,Stacking,2025-05-29 04:45:00,110.0,111.16604818860557,True
552,Stacking,2025-05-29 04:50:00,110.0,112.20029628424076,True
552,Stacking,2025-05-29 04:55:00,110.0,107.36105024903603,True
552,Stacking,2025-05-29 05:00:00,109.0,111.00937475794458,True
552,Stacking,2025-05-29 05:05:00,107.0,111.03827183139903,True
552,Stacking,2025-05-29 05:10:00,106.0,111.49271538129783,True
552,Stacking,2025-05-29 05:15:00,103.0,115.12168613988905,True
552,Stacking,2025-05-29 05:20:00,102.0,113.7396708149466,True
552,Stacking,2025-05-29 05:25:00,108.0,114.03498925254415,True
552,Stacking,2025-05-29 05:30:00,111.0,108.84016549175018,True
552,Stacking,2025-05-29 05:35:00,108.0,103.94398381859807,True
552,Stacking,2025-05-29 05:40:00,106.0,104.06317728269642,True
552,Stacking,2025-05-29 05:45:00,103.0,98.55303148738895,True
552,Stacking,2025-05-29 05:50:00,101.0,99.47738160665858,True
552,Stacking,2025-05-29 05:55:00,98.0,124.51373248113138,True
552,Stacking,2025-05-29 06:00:00,96.0,117.75519269577414,True
552,Stacking,2025-05-29 06:05:00,94.0,105.68901400253263,True
552,Stacking,2025-05-29 06:10:00,93.0,104.74296138913706,True
552,Stacking,2025-05-29 06:15:00,95.0,98.58019177162659,True
552,Stacking,2025-05-29 06:20:00,98.0,97.5010782169485,True
552,Stacking,2025-05-29 06:25:00,97.0,92.870622614917,True
552,Stacking,2025-05-29 06:30:00,96.0,90.97121914536135,True
552,Stacking,2025-05-29 06:35:00,94.0,90.6589489825515,True
552,Stacking,2025-05-29 06:40:00,92.0,90.64470266800227,True
552,Stacking,2025-05-29 06:45:00,94.0,100.19656172172925,True
552,Stacking,2025-05-29 06:50:00,95.0,107.42490904470843,True
552,Stacking,2025-05-29 06:55:00,96.0,98.10775750875008,True
552,Stacking,2025-05-29 07:00:00,96.0,95.03185355127088,True
552,Stacking,2025-05-29 07:05:00,96.0,92.18346820894477,True
552,Stacking,2025-05-29 07:10:00,96.0,90.67228763800433,True
552,Stacking,2025-05-29 07:15:00,96.0,101.98448288732314,True
552,Stacking,2025-05-29 07:20:00,91.0,98.62055245948973,True
552,Stacking,2025-05-29 07:25:00,84.0,99.83372543594464,True
552,Stacking,2025-05-29 07:30:00,87.0,96.30678305343598,True
552,Stacking,2025-05-29 07:35:00,90.0,96.7879524786096,True
552,Stacking,2025-05-29 07:40:00,91.0,97.06268397732357,True
552,Stacking,2025-05-29 07:45:00,96.0,97.5985938135757,True
552,Stacking,2025-05-29 07:50:00,109.0,89.98592710487264,True
552,Stacking,2025-05-29 07:55:00,114.0,83.47180267076591,True
552,Stacking,2025-05-29 08:00:00,129.0,99.46373679561263,True
552,Stacking,2025-05-29 08:05:00,142.0,102.7833738746646,True
552,Stacking,2025-05-29 08:10:00,155.0,99.9789723843493,True
552,Stacking,2025-05-29 08:15:00,170.0,130.387673319343,True
552,Stacking,2025-05-29 08:20:00,179.0,158.78650691569553,True
552,Stacking,2025-05-29 08:25:00,183.0,143.66234172398504,True
552,Stacking,2025-05-29 08:30:00,183.0,174.78795685733863,True
552,Stacking,2025-05-29 08:35:00,178.0,176.80841725341193,True
552,Stacking,2025-05-29 08:40:00,175.0,190.22631913670915,True
552,Stacking,2025-05-29 08:45:00,171.0,199.07020200064258,True
552,Stacking,2025-05-29 08:50:00,167.0,184.11643791165423,True
552,Stacking,2025-05-29 08:55:00,162.0,178.6411418695956,True
552,Stacking,2025-05-29 09:00:00,155.0,171.576796618082,True
552,Stacking,2025-05-29 09:05:00,148.0,154.6136101762798,True
552,Stacking,2025-05-29 09:10:00,141.0,161.3766899030878,True
552,Stacking,2025-05-29 09:15:00,141.0,151.94704754942578,True
552,Stacking,2025-05-29 09:20:00,139.0,149.79084080646948,True
552,Stacking,2025-05-29 09:25:00,134.0,142.09785131632182,True
552,Stacking,2025-05-29 09:30:00,130.0,130.76586836377223,True
552,Stacking,2025-05-29 09:35:00,119.0,126.2518071009433,True
552,Stacking,2025-05-29 09:40:00,111.0,118.38933378959264,True
552,Stacking,2025-05-29 09:45:00,106.0,138.8863151789792,True
552,Stacking,2025-05-29 09:50:00,100.0,129.34956051539956,True
552,Stacking,2025-05-29 09:55:00,95.0,120.17599814057957,True
552,Stacking,2025-05-29 10:00:00,90.0,116.52129303050366,True
552,Stacking,2025-05-29 10:05:00,89.0,99.00109355530401,True
552,Stacking,2025-05-29 10:10:00,83.0,95.11880693680008,True
552,Stacking,2025-05-29 10:15:00,77.0,93.34436310741894,True
552,Stacking,2025-05-29 10:20:00,72.0,86.65795028050024,True
552,Stacking,2025-05-29 10:25:00,65.0,84.63295514155045,True
552,Stacking,2025-05-29 10:30:00,56.0,82.449635753147,True
552,Stacking,2025-05-29 10:35:00,52.0,88.64883119283058,True
552,Stacking,2025-05-29 10:40:00,61.0,79.42369085808828,True
552,Stacking,2025-05-29 10:45:00,59.0,75.3267772945946,True
552,Stacking,2025-05-29 10:50:00,62.0,74.70673689095281,True
552,Stacking,2025-05-29 10:55:00,64.0,70.335160875068,True
552,Stacking,2025-05-29 11:00:00,66.0,64.27983465730748,True
552,Stacking,2025-05-29 11:05:00,69.0,68.61556174457807,True
552,Stacking,2025-05-29 11:10:00,74.0,98.52781235909288,True
552,Stacking,2025-05-29 11:15:00,87.0,73.91520643054842,True
552,Stacking,2025-05-29 11:20:00,101.0,89.91066531639649,True
552,Stacking,2025-05-29 11:25:00,105.0,86.08297080967179,True
552,Stacking,2025-05-29 11:30:00,113.0,91.23336938486734,True
552,Stacking,2025-05-29 11:35:00,120.0,94.6806216593939,True
552,Stacking,2025-05-29 11:40:00,132.0,103.74951779337995,True
552,Stacking,2025-05-29 11:45:00,135.0,123.36250860548827,True
552,Stacking,2025-05-29 11:50:00,134.0,141.96029726384012,True
552,Stacking,2025-05-29 11:55:00,134.0,123.32817862249372,True
552,Stacking,2025-05-29 12:00:00,134.0,139.13033545270986,True
552,Stacking,2025-05-29 12:05:00,134.0,140.15392338399087,True
552,Stacking,2025-05-29 12:10:00,134.0,170.84636788138152,True
552,Stacking,2025-05-29 12:15:00,134.0,145.18722959581854,True
552,Stacking,2025-05-29 12:20:00,134.0,133.55058936254582,True
552,Stacking,2025-06-03 09:50:00,130.0,182.46552077363228,False
552,Stacking,2025-06-03 09:55:00,125.0,181.4599442679445,False
552,Stacking,2025-06-03 10:00:00,118.0,181.99605518005325,False
552,Stacking,2025-06-03 10:05:00,116.0,181.9268976602898,False
552,Stacking,2025-06-03 10:10:00,114.0,182.37412953304366,False
552,Stacking,2025-06-03 10:15:00,113.0,178.09106016097425,False
552,Stacking,2025-06-03 10:20:00,112.0,135.69421383876474,True
552,Stacking,2025-06-03 10:25:00,114.0,117.52561087276234,True
552,Stacking,2025-06-03 10:30:00,117.0,107.00270473918727,True
552,Stacking,2025-06-03 10:35:00,115.0,112.34571191696114,True
552,Stacking,2025-06-03 10:40:00,110.0,110.10074934580797,True
552,Stacking,2025-06-03 10:45:00,106.0,110.70344816743606,True
552,Stacking,2025-06-03 10:50:00,104.0,108.76669175361918,True
552,Stacking,2025-06-03 10:55:00,104.0,120.07848266188503,True
552,Stacking,2025-06-03 11:00:00,106.0,125.69305323126201,True
552,Stacking,2025-06-03 11:05:00,107.0,113.35691352674502,True
552,Stacking,2025-06-03 11:10:00,109.0,104.2731657181095,True
552,Stacking,2025-06-03 11:15:00,110.0,98.69563773293096,True
552,Stacking,2025-06-03 11:20:00,110.0,101.33087588858714,True
552,Stacking,2025-06-03 11:25:00,109.0,107.19957214053497,True
552,Stacking,2025-06-03 11:30:00,107.0,113.45778482722025,True
552,Stacking,2025-06-03 11:35:00,103.0,111.08098358252518,True
552,Stacking,2025-06-03 11:40:00,100.0,117.9892738546139,True
552,Stacking,2025-06-03 11:45:00,96.0,117.04531468528212,True
552,Stacking,2025-06-03 11:50:00,95.0,115.55130555095921,True
552,Stacking,2025-06-03 11:55:00,92.0,109.26474505395143,True
552,Stacking,2025-06-03 12:00:00,91.0,103.96719273591215,True
552,Stacking,2025-06-03 12:05:00,96.0,97.08109498930884,True
552,Stacking,2025-06-03 12:10:00,95.0,95.32445503658877,True
552,Stacking,2025-06-03 12:15:00,95.0,88.79479368594457,True
552,Stacking,2025-06-03 12:20:00,94.0,93.8091334329721,True
552,Stacking,2025-06-03 12:25:00,93.0,88.75052564369105,True
552,Stacking,2025-06-03 12:30:00,94.0,91.1260397380481,True
552,Stacking,2025-06-03 12:35:00,95.0,110.09739806643464,True
552,Stacking,2025-06-03 12:40:00,96.0,94.52659064587638,True
552,Stacking,2025-06-03 12:45:00,97.0,98.1434039488979,True
552,Stacking,2025-06-03 12:50:00,98.0,93.92866657710749,True
552,Stacking,2025-06-03 12:55:00,97.0,92.43850308531465,True
552,Stacking,2025-06-03 13:00:00,89.0,99.71183385318774,True
552,Stacking,2025-06-03 13:05:00,88.0,99.64174012654468,True
552,Stacking,2025-06-03 13:10:00,91.0,100.26501902808815,True
552,Stacking,2025-06-03 13:15:00,91.0,102.60302702773927,True
552,Stacking,2025-06-03 13:20:00,87.0,103.41407095950878,True
552,Stacking,2025-06-03 13:25:00,85.0,97.73807779146124,True
552,Stacking,2025-06-03 13:30:00,88.0,86.8809444285646,True
552,Stacking,2025-06-03 13:35:00,85.0,91.19332601061974,True
552,Stacking,2025-06-03 13:40:00,81.0,104.61265113735874,True
552,Stacking,2025-06-03 13:45:00,83.0,95.63516033584442,True
552,Stacking,2025-06-03 13:50:00,85.0,86.70834075180203,True
552,Stacking,2025-06-03 13:55:00,90.0,86.4109795475587,True
552,Stacking,2025-06-03 14:00:00,91.0,102.42957892714531,True
552,Stacking,2025-06-03 14:05:00,90.0,87.01652544027732,True
552,Stacking,2025-06-03 14:10:00,89.0,84.3165045422286,True
552,Stacking,2025-06-03 14:15:00,87.0,97.97656653135067,True
552,Stacking,2025-06-03 14:20:00,85.0,98.28720773541627,True
552,Stacking,2025-06-03 14:25:00,87.0,112.67349644006879,True
552,Stacking,2025-06-03 14:30:00,87.0,100.40308378804129,True
552,Stacking,2025-06-03 14:35:00,92.0,94.80372225000748,True
552,Stacking,2025-06-03 14:40:00,88.0,91.97812821866803,True
552,Stacking,2025-06-03 14:45:00,86.0,87.2362886766705,True
552,Stacking,2025-06-03 14:50:00,91.0,85.646879983032,True
552,Stacking,2025-06-03 14:55:00,96.0,98.47021467120152,True
552,Stacking,2025-06-03 15:00:00,101.0,91.26074089494051,True
552,Stacking,2025-06-03 15:05:00,105.0,113.07833460555173,True
552,Stacking,2025-06-03 15:10:00,110.0,89.59038661473306,True
552,Stacking,2025-06-03 15:15:00,117.0,90.09130784660206,True
552,Stacking,2025-06-03 15:20:00,117.0,110.32492447741653,True
552,Stacking,2025-06-03 15:25:00,116.0,113.03190324677969,True
552,Stacking,2025-06-03 15:30:00,114.0,119.67169590209265,True
552,Stacking,2025-06-03 15:35:00,114.0,120.82323425920599,True
552,Stacking,2025-06-03 15:40:00,114.0,127.30842360109864,True
552,Stacking,2025-06-03 15:45:00,113.0,139.8832241211246,True
552,Stacking,2025-06-03 15:50:00,113.0,122.10034819385669,True
552,Stacking,2025-06-03 15:55:00,113.0,118.68331382201676,True
552,Stacking,2025-06-03 16:00:00,113.0,114.43576367937636,True
552,Stacking,2025-06-03 16:05:00,113.0,117.42118759630213,True
552,Stacking,2025-06-03 16:10:00,113.0,116.25938434811096,True
552,Stacking,2025-06-03 16:15:00,113.0,112.55934575579712,True
552,Stacking,2025-06-03 16:50:00,112.0,126.77628490390305,False
552,Stacking,2025-06-03 16:55:00,111.0,125.60705018219684,False
552,Stacking,2025-06-03 17:00:00,108.0,126.3697690723962,False
552,Stacking,2025-06-03 17:05:00,105.0,126.09057451803912,False
552,Stacking,2025-06-03 17:10:00,105.0,127.03406061665692,False
552,Stacking,2025-06-03 17:15:00,105.0,160.50100743878087,False
552,Stacking,2025-06-03 17:20:00,104.0,117.27216856779707,True
552,Stacking,2025-06-03 17:25:00,102.0,112.3887059809719,True
552,Stacking,2025-06-03 17:30:00,103.0,105.23204338338732,True
552,Stacking,2025-06-03 17:35:00,103.0,100.25613949450393,True
552,Stacking,2025-06-03 17:40:00,102.0,107.54557520620187,True
552,Stacking,2025-06-03 17:45:00,102.0,107.26517530524492,True
552,Stacking,2025-06-03 17:50:00,105.0,102.23943383289883,True
552,Stacking,2025-06-03 17:55:00,107.0,98.97441726091405,True
552,Stacking,2025-06-03 18:00:00,108.0,107.75571465670666,True
552,Stacking,2025-06-03 18:05:00,108.0,106.01530011455272,True
552,Stacking,2025-06-03 18:10:00,111.0,100.77235698215632,True
552,Stacking,2025-06-03 18:15:00,111.0,103.91964079191618,True
552,Stacking,2025-06-03 18:20:00,111.0,115.66674177313351,True
552,Stacking,2025-06-03 18:25:00,112.0,113.88711378254884,True
552,Stacking,2025-06-03 18:30:00,111.0,113.35432027586647,True
552,Stacking,2025-06-03 18:35:00,111.0,111.53529185304195,True
552,Stacking,2025-06-03 18:40:00,113.0,122.92494966828289,True
552,Stacking,2025-06-03 18:45:00,117.0,115.91381948496144,True
552,Stacking,2025-06-03 18:50:00,117.0,116.45919207335497,True
552,Stacking,2025-06-03 18:55:00,118.0,118.38702933491382,True
552,Stacking,2025-06-03 19:00:00,120.0,112.17667132685266,True
552,Stacking,2025-06-03 19:05:00,118.0,115.1743121522067,True
552,Stacking,2025-06-03 19:10:00,116.0,119.00471935694611,True
552,Stacking,2025-06-03 19:15:00,117.0,128.2043089618335,True
552,Stacking,2025-06-03 19:20:00,129.0,121.33171073024154,True
552,Stacking,2025-06-03 19:25:00,131.0,123.54486541756144,True
552,Stacking,2025-06-03 19:30:00,145.0,125.84232368134255,True
552,Stacking,2025-06-03 19:35:00,160.0,117.61719702479849,True
552,Stacking,2025-06-03 19:40:00,173.0,115.89948287641919,True
552,Stacking,2025-06-03 19:45:00,182.0,120.1469541515867,True
552,Stacking,2025-06-03 19:50:00,188.0,162.5920836289637,True
552,Stacking,2025-06-03 19:55:00,189.0,151.1730733146606,True
552,Stacking,2025-06-03 20:00:00,183.0,177.7984206831885,True
552,Stacking,2025-06-03 20:05:00,174.0,196.02789624440305,True
552,Stacking,2025-06-03 20:10:00,165.0,195.3747927397115,True
552,Stacking,2025-06-03 20:15:00,156.0,196.10403920186377,True
552,Stacking,2025-06-03 20:20:00,149.0,191.62771561155108,True
552,Stacking,2025-06-03 20:25:00,142.0,178.4923827006478,True
552,Stacking,2025-06-03 20:30:00,131.0,162.4001518402682,True
552,Stacking,2025-06-03 20:35:00,120.0,144.69830275771713,True
552,Stacking,2025-06-03 20:40:00,113.0,136.46299137922924,True
552,Stacking,2025-06-03 20:45:00,109.0,128.23799546894085,True
552,Stacking,2025-06-03 20:50:00,107.0,127.77205084160295,True
552,Stacking,2025-06-03 20:55:00,105.0,118.73148171528702,True
552,Stacking,2025-06-03 21:00:00,108.0,104.22126437396034,True
552,Stacking,2025-06-03 21:05:00,114.0,95.64522540743336,True
552,Stacking,2025-06-03 21:10:00,120.0,96.65726480267027,True
552,Stacking,2025-06-03 21:15:00,124.0,97.23047857505988,True
552,Stacking,2025-06-03 21:20:00,125.0,99.53063684588037,True
552,Stacking,2025-06-03 21:25:00,127.0,97.23483053165947,True
552,Stacking,2025-06-03 21:30:00,129.0,114.19049281766227,True
552,Stacking,2025-06-03 21:35:00,129.0,127.1857442573552,True
552,Stacking,2025-06-03 21:40:00,128.0,132.56209028278744,True
552,Stacking,2025-06-03 21:45:00,125.0,134.10946746863075,True
552,Stacking,2025-06-03 21:50:00,121.0,129.17230514605072,True
552,Stacking,2025-06-03 21:55:00,121.0,136.19031256017516,True
552,Stacking,2025-06-03 22:00:00,119.0,137.44400314388068,True
552,Stacking,2025-06-03 22:05:00,119.0,133.21368845154697,True
552,Stacking,2025-06-03 22:10:00,118.0,129.44410952026533,True
552,Stacking,2025-06-03 22:15:00,112.0,118.98925244954313,True
552,Stacking,2025-06-03 22:20:00,112.0,113.37441993313806,True
552,Stacking,2025-06-03 22:25:00,118.0,122.7109084908412,True
552,Stacking,2025-06-03 22:30:00,123.0,114.30516120350505,True
552,Stacking,2025-06-03 22:35:00,126.0,120.32866261229206,True
552,Stacking,2025-06-03 22:40:00,134.0,115.05845638606286,True
552,Stacking,2025-06-03 22:45:00,142.0,102.96545685724335,True
552,Stacking,2025-06-03 22:50:00,147.0,112.51156525525137,True
552,Stacking,2025-06-03 22:55:00,151.0,129.07028843296072,True
552,Stacking,2025-06-03 23:00:00,154.0,133.5587269355021,True
552,Stacking,2025-06-03 23:05:00,157.0,134.51389403787763,True
552,Stacking,2025-06-03 23:10:00,159.0,156.0903754494919,True
552,Stacking,2025-06-03 23:15:00,162.0,162.48013855610262,True
552,Stacking,2025-06-03 23:20:00,161.0,159.46272678902636,True
552,Stacking,2025-06-03 23:25:00,163.0,162.82392608116896,True
552,Stacking,2025-06-03 23:30:00,164.0,161.63232293558752,True
552,Stacking,2025-06-03 23:35:00,166.0,167.35830840027782,True
552,Stacking,2025-06-03 23:40:00,166.0,165.80808883611923,True
552,Stacking,2025-06-03 23:45:00,166.0,170.33675379410226,True
552,Stacking,2025-06-03 23:50:00,166.0,160.63498544664225,True
552,Stacking,2025-06-03 23:55:00,165.0,167.99279323387637,True
552,Stacking,2025-06-04 00:00:00,164.0,166.72590725374934,True
552,Stacking,2025-06-04 00:05:00,163.0,171.64132628902647,True
552,Stacking,2025-06-04 00:10:00,162.0,166.79364293374317,True
552,Stacking,2025-06-04 00:15:00,161.0,167.69155085339597,True
552,Stacking,2025-06-04 00:20:00,162.0,167.47553062029607,True
552,Stacking,2025-06-04 00:25:00,163.0,163.02737724978363,True
552,Stacking,2025-06-04 00:30:00,164.0,160.57964381925956,True
552,Stacking,2025-06-04 00:35:00,163.0,158.67116200204907,True
552,Stacking,2025-06-04 00:40:00,163.0,156.96289926549287,True
552,Stacking,2025-06-04 00:45:00,162.0,156.3352335564278,True
552,Stacking,2025-06-04 00:50:00,162.0,160.6730007549392,True
552,Stacking,2025-06-04 00:55:00,162.0,162.7433766544923,True
552,Stacking,2025-06-04 01:00:00,165.0,166.90025173386022,True
552,Stacking,2025-06-04 01:05:00,166.0,160.5589443165653,True
552,Stacking,2025-06-04 01:10:00,165.0,163.56168537216848,True
552,Stacking,2025-06-04 01:15:00,164.0,158.7552911853353,True
552,Stacking,2025-06-04 01:20:00,164.0,161.49465119027326,True
552,Stacking,2025-06-04 01:25:00,163.0,161.95245803570637,True
552,Stacking,2025-06-04 01:30:00,163.0,171.75127596526667,True
552,Stacking,2025-06-04 01:35:00,163.0,168.39070623338586,True
552,Stacking,2025-06-04 01:40:00,162.0,164.07357318022036,True
552,Stacking,2025-06-04 01:45:00,160.0,162.05267291339985,True
552,Stacking,2025-06-04 01:50:00,158.0,164.70055946572464,True
552,Stacking,2025-06-04 01:55:00,157.0,160.23754643420526,True
552,Stacking,2025-06-04 02:00:00,155.0,163.43017587054774,True
552,Stacking,2025-06-04 02:05:00,153.0,163.31596193682805,True
552,Stacking,2025-06-04 02:10:00,152.0,159.52475251057473,True
552,Stacking,2025-06-04 02:15:00,152.0,157.73157985157198,True
552,Stacking,2025-06-04 02:20:00,154.0,152.94078269767337,True
552,Stacking,2025-06-04 02:25:00,156.0,153.2478322959465,True
552,Stacking,2025-06-04 02:30:00,157.0,149.06972390642463,True
552,Stacking,2025-06-04 02:35:00,158.0,146.95949449491525,True
552,Stacking,2025-06-04 02:40:00,158.0,145.46272496600278,True
552,Stacking,2025-06-04 02:45:00,160.0,148.93166541204553,True
552,Stacking,2025-06-04 02:50:00,167.0,154.7404679926598,True
552,Stacking,2025-06-04 02:55:00,168.0,158.0568917218679,True
552,Stacking,2025-06-04 03:00:00,166.0,158.95777955713572,True
552,Stacking,2025-06-04 03:05:00,163.0,161.08287274347026,True
552,Stacking,2025-06-04 03:10:00,162.0,160.46395452804217,True
552,Stacking,2025-06-04 03:15:00,162.0,166.25075460232574,True
552,Stacking,2025-06-04 03:20:00,163.0,183.64754278606077,True
552,Stacking,2025-06-04 03:25:00,163.0,171.76055597370438,True
552,Stacking,2025-06-04 03:30:00,163.0,164.64686222438186,True
552,Stacking,2025-06-04 03:35:00,163.0,158.65195702519836,True
552,Stacking,2025-06-04 03:40:00,162.0,159.7814170012924,True
552,Stacking,2025-06-04 03:45:00,160.0,162.74750125651948,True
552,Stacking,2025-06-04 03:50:00,158.0,163.5879849051458,True
552,Stacking,2025-06-04 03:55:00,156.0,163.01515069864635,True
552,Stacking,2025-06-04 04:00:00,155.0,164.4403371722221,True
552,Stacking,2025-06-04 04:05:00,154.0,163.90633566830553,True
552,Stacking,2025-06-04 04:10:00,159.0,159.93762877252576,True
552,Stacking,2025-06-04 04:15:00,160.0,156.0094521239628,True
552,Stacking,2025-06-04 04:20:00,158.0,149.72471859685024,True
552,Stacking,2025-06-04 04:25:00,159.0,146.8671967479363,True
552,Stacking,2025-06-04 04:30:00,157.0,148.00755244503077,True
552,Stacking,2025-06-04 04:35:00,154.0,145.7942600693271,True
552,Stacking,2025-06-04 04:40:00,152.0,167.3680663684475,True
552,Stacking,2025-06-04 04:45:00,151.0,159.8512520811375,True
552,Stacking,2025-06-04 04:50:00,150.0,152.5116958495913,True
552,Stacking,2025-06-04 04:55:00,149.0,160.07220758601838,True
552,Stacking,2025-06-04 05:00:00,148.0,151.01171956884633,True
552,Stacking,2025-06-04 05:05:00,147.0,145.91092140837472,True
552,Stacking,2025-06-04 05:10:00,149.0,144.16715889777754,True
552,Stacking,2025-06-04 05:15:00,150.0,144.01770704847286,True
552,Stacking,2025-06-04 05:20:00,148.0,143.1310213299343,True
552,Stacking,2025-06-04 05:25:00,145.0,143.17051268901383,True
552,Stacking,2025-06-04 05:30:00,144.0,141.88637454609352,True
552,Stacking,2025-06-04 05:35:00,143.0,141.69724194441739,True
552,Stacking,2025-06-04 05:40:00,143.0,151.63277986758598,True
552,Stacking,2025-06-04 05:45:00,142.0,151.68225221944311,True
552,Stacking,2025-06-04 05:50:00,140.0,143.1416453411482,True
552,Stacking,2025-06-04 05:55:00,139.0,139.2674821210681,True
552,Stacking,2025-06-04 06:00:00,137.0,140.58060901482597,True
552,Stacking,2025-06-04 06:05:00,136.0,138.5905704728975,True
552,Stacking,2025-06-04 06:10:00,137.0,140.50917343395722,True
552,Stacking,2025-06-04 06:15:00,139.0,138.07353283786438,True
552,Stacking,2025-06-04 06:20:00,136.0,134.38871174985806,True
552,Stacking,2025-06-04 06:25:00,133.0,136.3742397334571,True
552,Stacking,2025-06-04 06:30:00,131.0,132.34512103670872,True
552,Stacking,2025-06-04 06:35:00,129.0,134.1695896504811,True
552,Stacking,2025-06-04 06:40:00,127.0,138.3117621272254,True
552,Stacking,2025-06-04 06:45:00,125.0,144.65715715598853,True
552,Stacking,2025-06-04 06:50:00,125.0,131.38599182933515,True
552,Stacking,2025-06-04 06:55:00,128.0,128.90555276842883,True
552,Stacking,2025-06-04 07:00:00,129.0,125.37834865546701,True
552,Stacking,2025-06-04 07:05:00,127.0,125.1190108744833,True
552,Stacking,2025-06-04 07:10:00,129.0,123.8161350461103,True
552,Stacking,2025-06-04 07:15:00,129.0,119.2115139015365,True
552,Stacking,2025-06-04 07:20:00,127.0,124.67180645463561,True
552,Stacking,2025-06-04 07:25:00,131.0,135.63803294567467,True
552,Stacking,2025-06-04 07:30:00,133.0,131.45296177807728,True
552,Stacking,2025-06-04 07:35:00,132.0,125.80525758887595,True
552,Stacking,2025-06-04 07:40:00,134.0,136.13712650776523,True
552,Stacking,2025-06-04 07:45:00,134.0,130.20097175004264,True
552,Stacking,2025-06-04 07:50:00,135.0,126.36659359107642,True
552,Stacking,2025-06-04 07:55:00,135.0,140.52411758245188,True
552,Stacking,2025-06-04 08:00:00,133.0,138.89172031152214,True
552,Stacking,2025-06-04 08:05:00,131.0,130.84282262020133,True
552,Stacking,2025-06-04 08:10:00,126.0,142.85244110696047,True
552,Stacking,2025-06-04 08:15:00,125.0,134.9236844503538,True
552,Stacking,2025-06-04 08:20:00,122.0,138.46478663610054,True
552,Stacking,2025-06-04 08:25:00,121.0,135.762962716578,True
552,Stacking,2025-06-04 08:30:00,120.0,131.3646266700606,True
552,Stacking,2025-06-04 08:35:00,116.0,127.97325971826035,True
552,Stacking,2025-06-04 08:40:00,111.0,118.35671974715419,True
552,Stacking,2025-06-04 08:45:00,107.0,122.16165095289047,True
552,Stacking,2025-06-04 08:50:00,106.0,114.15832998383476,True
552,Stacking,2025-06-04 08:55:00,102.0,118.0871344637455,True
552,Stacking,2025-06-04 09:00:00,98.0,114.83605668145353,True
552,Stacking,2025-06-04 09:05:00,97.0,107.13191676454487,True
552,Stacking,2025-06-04 09:10:00,96.0,98.24838238741806,True
552,Stacking,2025-06-04 09:15:00,96.0,96.78845910976936,True
552,Stacking,2025-06-04 09:20:00,101.0,102.51647434645011,True
552,Stacking,2025-06-04 09:25:00,110.0,92.84473018320537,True
552,Stacking,2025-06-04 09:30:00,122.0,89.56629743588796,True
552,Stacking,2025-06-04 09:35:00,131.0,94.75769487147664,True
552,Stacking,2025-06-04 09:40:00,141.0,92.67658475747965,True
552,Stacking,2025-06-04 09:45:00,150.0,96.05661095975653,True
552,Stacking,2025-06-04 09:50:00,157.0,115.46351979540242,True
552,Stacking,2025-06-04 09:55:00,160.0,132.98723815497763,True
552,Stacking,2025-06-04 10:00:00,160.0,156.43365807796496,True
552,Stacking,2025-06-04 10:05:00,160.0,153.3596633457216,True
552,Stacking,2025-06-04 10:10:00,157.0,169.50129651047664,True
552,Stacking,2025-06-04 10:15:00,153.0,176.65426503585655,True
552,Stacking,2025-06-04 10:20:00,154.0,180.40742649451363,True
552,Stacking,2025-06-04 10:25:00,157.0,173.34694613306286,True
552,Stacking,2025-06-04 10:30:00,160.0,171.1657746184537,True
552,Stacking,2025-06-04 10:35:00,163.0,167.14787264129538,True
552,Stacking,2025-06-04 10:40:00,167.0,151.70778288514347,True
552,Stacking,2025-06-04 10:45:00,172.0,150.7839590728433,True
552,Stacking,2025-06-04 10:50:00,169.0,163.15114286257418,True
552,Stacking,2025-06-04 10:55:00,162.0,168.56292517595432,True
552,Stacking,2025-06-04 11:00:00,152.0,171.15608571913896,True
552,Stacking,2025-06-04 11:05:00,140.0,172.05435493202646,True
552,Stacking,2025-06-04 11:10:00,129.0,179.88828317937683,True
552,Stacking,2025-06-04 11:15:00,119.0,184.65109192505864,True
552,Stacking,2025-06-04 11:20:00,110.0,156.65516865306196,True
552,Stacking,2025-06-04 11:25:00,103.0,142.77502788100665,True
552,Stacking,2025-06-04 11:30:00,95.0,125.49230379867643,True
552,Stacking,2025-06-04 11:35:00,88.0,114.10680885416802,True
552,Stacking,2025-06-04 11:40:00,70.0,106.39741929763149,True
552,Stacking,2025-06-04 11:45:00,63.0,97.14119074603262,True
552,Stacking,2025-06-04 11:50:00,60.0,93.58906007512955,True
552,Stacking,2025-06-04 11:55:00,60.0,89.43822459619771,True
552,Stacking,2025-06-04 12:00:00,65.0,82.00020577309158,True
552,Stacking,2025-06-04 12:05:00,70.0,80.50728344539856,True
552,Stacking,2025-06-04 12:10:00,78.0,72.55997222318129,True
552,Stacking,2025-06-04 12:15:00,87.0,76.54638033922214,True
552,Stacking,2025-06-04 12:20:00,93.0,70.81921016823395,True
552,Stacking,2025-06-04 12:25:00,100.0,71.48536618482281,True
552,Stacking,2025-06-04 12:30:00,106.0,96.87814138369532,True
552,Stacking,2025-06-04 12:35:00,112.0,97.59063685638951,True
552,Stacking,2025-06-04 12:40:00,121.0,112.85638289278192,True
552,Stacking,2025-06-04 12:45:00,129.0,116.49914725166607,True
552,Stacking,2025-06-04 12:50:00,135.0,129.30006117045556,True
552,Stacking,2025-06-04 12:55:00,139.0,133.21210278595544,True
552,Stacking,2025-06-04 13:00:00,141.0,134.1673643027402,True
552,Stacking,2025-06-04 13:05:00,137.0,136.39635048277668,True
552,Stacking,2025-06-04 13:10:00,130.0,146.20076185399665,True
552,Stacking,2025-06-04 13:15:00,122.0,146.75414580537984,True
552,Stacking,2025-06-04 13:20:00,120.0,142.92377216527578,True
552,Stacking,2025-06-04 13:25:00,118.0,147.82328385773485,True
552,Stacking,2025-06-04 13:30:00,118.0,145.1973179323384,True
552,Stacking,2025-06-04 13:35:00,119.0,124.9478173821695,True
552,Stacking,2025-06-04 13:40:00,120.0,117.53826053015565,True
552,Stacking,2025-06-04 13:45:00,123.0,104.50460154996041,True
552,Stacking,2025-06-04 13:50:00,123.0,117.45168880750906,True
552,Stacking,2025-06-04 13:55:00,121.0,112.7250606913298,True
552,Stacking,2025-06-04 14:00:00,122.0,119.14376497601704,True
552,Stacking,2025-06-04 14:05:00,122.0,120.93973840786389,True
552,Stacking,2025-06-04 14:10:00,126.0,122.83158307636984,True
552,Stacking,2025-06-04 14:15:00,133.0,133.1327263087174,True
552,Stacking,2025-06-04 14:20:00,138.0,127.09721018074563,True
552,Stacking,2025-06-04 14:25:00,144.0,120.55206473417269,True
552,Stacking,2025-06-04 14:30:00,153.0,126.71563827938814,True
552,Stacking,2025-06-04 14:35:00,164.0,125.50257318174891,True
552,Stacking,2025-06-04 14:40:00,170.0,138.96525833070243,True
552,Stacking,2025-06-04 14:45:00,179.0,152.74151970020966,True
552,Stacking,2025-06-04 14:50:00,190.0,148.19584091398497,True
552,Stacking,2025-06-04 14:55:00,199.0,159.86407627872,True
552,Stacking,2025-06-04 15:00:00,210.0,178.65695818109074,True
552,Stacking,2025-06-04 15:05:00,218.0,192.3435260706373,True
552,Stacking,2025-06-04 15:10:00,224.0,179.72079672292222,True
552,Stacking,2025-06-04 15:15:00,233.0,201.66094036341994,True
552,Stacking,2025-06-04 15:20:00,242.0,217.44190054570745,True
552,Stacking,2025-06-04 15:25:00,250.0,213.98996519454303,True
552,Stacking,2025-06-04 15:30:00,258.0,232.38196829812165,True
552,Stacking,2025-06-04 15:35:00,266.0,228.43657596888465,True
552,Stacking,2025-06-04 15:40:00,272.0,236.39443731874985,True
552,Stacking,2025-06-04 15:45:00,277.0,251.599924401308,True
552,Stacking,2025-06-04 15:50:00,282.0,262.20077652856446,True
552,Stacking,2025-06-04 15:55:00,284.0,269.1403326399777,True
552,Stacking,2025-06-04 16:00:00,277.0,272.0377365388129,True
552,Stacking,2025-06-04 16:05:00,275.0,279.1381852803504,True
552,Stacking,2025-06-04 16:10:00,273.0,277.51403998478656,True
552,Stacking,2025-06-04 16:15:00,270.0,279.825930356347,True
552,Stacking,2025-06-04 16:20:00,273.0,283.45123378573265,True
552,Stacking,2025-06-04 16:25:00,270.0,279.7453078129182,True
552,Stacking,2025-06-04 16:30:00,265.0,252.21327248218336,True
552,Stacking,2025-06-04 16:35:00,266.0,261.4935593400383,True
552,Stacking,2025-06-04 16:40:00,264.0,256.3502826372299,True
552,Stacking,2025-06-04 16:45:00,264.0,246.9614760227138,True
552,Stacking,2025-06-04 16:50:00,263.0,265.1535655996604,True
552,Stacking,2025-06-04 16:55:00,260.0,247.41130932934362,True
552,Stacking,2025-06-04 17:00:00,259.0,241.87635277874332,True
552,Stacking,2025-06-04 17:05:00,258.0,256.76299651231693,True
552,Stacking,2025-06-04 17:10:00,257.0,247.3164791431371,True
552,Stacking,2025-06-04 17:15:00,256.0,254.47385493276164,True
552,Stacking,2025-06-04 17:20:00,257.0,251.68264068031115,True
552,Stacking,2025-06-04 17:25:00,257.0,241.31687264195955,True
552,Stacking,2025-06-04 17:30:00,253.0,249.38092345239525,True
552,Stacking,2025-06-04 17:35:00,248.0,248.47251334181666,True
552,Stacking,2025-06-04 17:40:00,245.0,248.1411664677098,True
552,Stacking,2025-06-04 17:45:00,243.0,248.65561496035957,True
552,Stacking,2025-06-04 17:50:00,242.0,251.7769368592458,True
552,Stacking,2025-06-04 17:55:00,238.0,251.36100514358546,True
552,Stacking,2025-06-04 18:00:00,239.0,239.5799744460412,True
552,Stacking,2025-06-04 18:05:00,235.0,231.0562407101634,True
552,Stacking,2025-06-04 18:10:00,234.0,227.44971511330039,True
552,Stacking,2025-06-04 18:15:00,238.0,226.9480971010208,True
552,Stacking,2025-06-04 18:20:00,232.0,231.3678809467294,True
552,Stacking,2025-06-04 18:25:00,223.0,218.0035725954528,True
552,Stacking,2025-06-04 18:30:00,210.0,228.88095515126506,True
552,Stacking,2025-06-04 18:35:00,195.0,214.57530841008247,True
552,Stacking,2025-06-04 18:40:00,181.0,220.47090026504645,True
552,Stacking,2025-06-04 18:45:00,167.0,235.56511650896704,True
552,Stacking,2025-06-04 18:50:00,155.0,209.9096993612068,True
552,Stacking,2025-06-04 18:55:00,144.0,191.51959568467035,True
552,Stacking,2025-06-04 19:00:00,135.0,172.8523547180205,True
552,Stacking,2025-06-04 19:05:00,129.0,151.38038505387036,True
552,Stacking,2025-06-04 19:10:00,125.0,139.11911498505,True
552,Stacking,2025-06-04 19:15:00,118.0,125.0489813320084,True
552,Stacking,2025-06-04 19:20:00,122.0,118.55212817005085,True
552,Stacking,2025-06-04 19:25:00,125.0,110.79487098301158,True
552,Stacking,2025-06-04 19:30:00,128.0,105.75363616459745,True
552,Stacking,2025-06-04 19:35:00,132.0,107.88964786544807,True
552,Stacking,2025-06-04 19:40:00,138.0,109.84950968550359,True
552,Stacking,2025-06-04 19:45:00,144.0,98.03793285810615,True
552,Stacking,2025-06-04 19:50:00,144.0,128.84659954139525,True
552,Stacking,2025-06-04 19:55:00,144.0,128.34392314811075,True
552,Stacking,2025-06-04 20:00:00,144.0,135.94799215184148,True
552,Stacking,2025-06-04 20:05:00,150.0,141.85777133922815,True
552,Stacking,2025-06-04 20:10:00,154.0,151.34365465443926,True
552,Stacking,2025-06-04 20:15:00,160.0,157.68635351510594,True
552,Stacking,2025-06-04 20:20:00,166.0,146.00820585599706,True
552,Stacking,2025-06-04 20:25:00,171.0,147.04302979827952,True
552,Stacking,2025-06-04 20:30:00,179.0,146.1753598457345,True
552,Stacking,2025-06-04 20:35:00,185.0,164.3334826664251,True
552,Stacking,2025-06-04 20:40:00,190.0,161.7591250908247,True
552,Stacking,2025-06-04 20:45:00,199.0,174.7573684073706,True
552,Stacking,2025-06-04 20:50:00,209.0,182.20491470807454,True
552,Stacking,2025-06-04 20:55:00,216.0,185.32744361555524,True
552,Stacking,2025-06-04 21:00:00,218.0,201.11428051948425,True
552,Stacking,2025-06-04 21:05:00,220.0,201.46815378988703,True
552,Stacking,2025-06-04 21:10:00,221.0,203.87010027649987,True
552,Stacking,2025-06-04 21:15:00,221.0,219.52359809724123,True
552,Stacking,2025-06-04 21:20:00,220.0,226.77241484371265,True
552,Stacking,2025-06-04 21:25:00,217.0,226.29134222836214,True
552,Stacking,2025-06-04 21:30:00,210.0,215.35013823236397,True
552,Stacking,2025-06-04 21:35:00,203.0,219.45635193030316,True
552,Stacking,2025-06-04 21:40:00,197.0,215.3502315428764,True
552,Stacking,2025-06-04 21:45:00,189.0,213.22353072113685,True
552,Stacking,2025-06-04 21:50:00,185.0,209.4096084236575,True
552,Stacking,2025-06-04 21:55:00,182.0,197.70680591131597,True
552,Stacking,2025-06-04 22:00:00,181.0,184.30486212773198,True
552,Stacking,2025-06-04 22:05:00,182.0,179.14569943072635,True
552,Stacking,2025-06-04 22:10:00,183.0,175.16994715819553,True
552,Stacking,2025-06-04 22:15:00,186.0,163.8181345577571,True
552,Stacking,2025-06-04 22:20:00,188.0,168.3370628389122,True
552,Stacking,2025-06-04 22:25:00,192.0,166.53346086225906,True
552,Stacking,2025-06-04 22:30:00,197.0,169.17565419347704,True
552,Stacking,2025-06-04 22:35:00,196.0,176.19031679784294,True
552,Stacking,2025-06-04 22:40:00,193.0,181.71141066584804,True
552,Stacking,2025-06-04 22:45:00,192.0,188.90270968566884,True
552,Stacking,2025-06-04 22:50:00,193.0,188.63546931644868,True
552,Stacking,2025-06-04 22:55:00,192.0,199.5197918705988,True
552,Stacking,2025-06-04 23:00:00,191.0,208.7167001632867,True
552,Stacking,2025-06-04 23:05:00,191.0,191.441051545063,True
552,Stacking,2025-06-04 23:10:00,190.0,183.10289808240398,True
552,Stacking,2025-06-04 23:15:00,188.0,185.9867884719192,True
552,Stacking,2025-06-04 23:20:00,188.0,192.26852261725404,True
552,Stacking,2025-06-04 23:25:00,189.0,184.11225840187637,True
552,Stacking,2025-06-04 23:30:00,190.0,185.31585024544154,True
552,Stacking,2025-06-04 23:35:00,191.0,189.39398929644312,True
552,Stacking,2025-06-04 23:40:00,192.0,184.7917003300821,True
552,Stacking,2025-06-04 23:45:00,199.0,177.44356536000961,True
552,Stacking,2025-06-04 23:50:00,204.0,184.41194668203872,True
552,Stacking,2025-06-04 23:55:00,204.0,186.34876051644034,True
552,Stacking,2025-06-05 00:00:00,205.0,190.8318115350803,True
552,Stacking,2025-06-05 00:05:00,207.0,192.42446762110973,True
552,Stacking,2025-06-05 00:10:00,209.0,194.02546779829956,True
552,Stacking,2025-06-05 00:15:00,212.0,212.21096566994592,True
552,Stacking,2025-06-05 00:20:00,214.0,212.71735916938906,True
552,Stacking,2025-06-05 00:25:00,215.0,205.71064447458025,True
552,Stacking,2025-06-05 00:30:00,214.0,208.9093147353983,True
552,Stacking,2025-06-05 00:35:00,214.0,211.3643697499888,True
552,Stacking,2025-06-05 00:40:00,216.0,211.95796283539374,True
552,Stacking,2025-06-05 00:45:00,217.0,218.92620669871144,True
552,Stacking,2025-06-05 00:50:00,218.0,217.42566338935478,True
552,Stacking,2025-06-05 00:55:00,218.0,218.24469083753613,True
552,Stacking,2025-06-05 01:00:00,219.0,214.01974505458355,True
552,Stacking,2025-06-05 01:05:00,220.0,215.08372488668198,True
552,Stacking,2025-06-05 01:10:00,219.0,219.09540858901877,True
552,Stacking,2025-06-05 01:15:00,218.0,219.1165534998058,True
552,Stacking,2025-06-05 01:20:00,216.0,221.45700252717228,True
552,Stacking,2025-06-05 01:25:00,214.0,219.32638524081244,True
552,Stacking,2025-06-05 01:30:00,211.0,221.882290387022,True
552,Stacking,2025-06-05 01:35:00,205.0,222.56297886260708,True
552,Stacking,2025-06-05 01:40:00,203.0,218.49884530898385,True
552,Stacking,2025-06-05 01:45:00,207.0,217.34836856632143,True
552,Stacking,2025-06-05 01:50:00,209.0,211.4404219720464,True
552,Stacking,2025-06-05 01:55:00,209.0,208.92356842200206,True
552,Stacking,2025-06-05 02:00:00,209.0,204.2671778330689,True
552,Stacking,2025-06-05 02:05:00,209.0,190.07068795063893,True
552,Stacking,2025-06-05 02:10:00,209.0,192.63011367242947,True
552,Stacking,2025-06-05 02:15:00,209.0,210.01418537996258,True
552,Stacking,2025-06-05 02:20:00,208.0,207.93576950463515,True
552,Stacking,2025-06-05 02:25:00,206.0,206.54000751909177,True
552,Stacking,2025-06-05 02:30:00,205.0,207.14845307447902,True
552,Stacking,2025-06-05 02:35:00,205.0,207.11540131655272,True
552,Stacking,2025-06-05 02:40:00,206.0,207.602925725771,True
552,Stacking,2025-06-05 02:45:00,209.0,207.94800252440405,True
552,Stacking,2025-06-05 02:50:00,210.0,206.48351204760786,True
552,Stacking,2025-06-05 02:55:00,210.0,201.12584275050585,True
552,Stacking,2025-06-05 03:00:00,210.0,203.21793862441496,True
552,Stacking,2025-06-05 03:05:00,210.0,204.4619660699299,True
552,Stacking,2025-06-05 03:10:00,210.0,206.76207132062274,True
552,Stacking,2025-06-05 03:15:00,210.0,212.97007330502728,True
552,Stacking,2025-06-05 03:20:00,208.0,212.50998350116635,True
552,Stacking,2025-06-05 03:25:00,207.0,212.80479151903066,True
552,Stacking,2025-06-05 03:30:00,207.0,211.7543770887332,True
552,Stacking,2025-06-05 03:35:00,205.0,211.58089812543616,True
552,Stacking,2025-06-05 03:40:00,203.0,211.8725567707543,True
552,Stacking,2025-06-05 03:45:00,204.0,211.66998284731127,True
552,Stacking,2025-06-05 03:50:00,206.0,203.18069429290952,True
552,Stacking,2025-06-05 03:55:00,206.0,205.8889919612102,True
552,Stacking,2025-06-05 04:00:00,207.0,206.8038062878707,True
552,Stacking,2025-06-05 04:05:00,207.0,199.61244850241383,True
552,Stacking,2025-06-05 04:10:00,207.0,196.4230383631139,True
552,Stacking,2025-06-05 04:15:00,207.0,203.55629434664883,True
552,Stacking,2025-06-05 04:20:00,206.0,207.02501325279846,True
552,Stacking,2025-06-05 04:25:00,206.0,204.9374251883069,True
552,Stacking,2025-06-05 04:30:00,205.0,208.9911265300241,True
552,Stacking,2025-06-05 04:35:00,206.0,207.82770391022305,True
552,Stacking,2025-06-05 04:40:00,208.0,207.9549671029675,True
552,Stacking,2025-06-05 04:45:00,207.0,207.72572987292932,True
552,Stacking,2025-06-05 04:50:00,206.0,204.9721044550654,True
552,Stacking,2025-06-05 04:55:00,205.0,206.43084115013107,True
552,Stacking,2025-06-05 05:00:00,204.0,204.2715456266375,True
552,Stacking,2025-06-05 05:05:00,203.0,207.53886381007334,True
552,Stacking,2025-06-05 05:10:00,204.0,210.87389073441267,True
552,Stacking,2025-06-05 05:15:00,202.0,206.67974387654013,True
552,Stacking,2025-06-05 05:20:00,199.0,206.09645521914803,True
552,Stacking,2025-06-05 05:25:00,198.0,204.35767149944647,True
552,Stacking,2025-06-05 05:30:00,196.0,201.08605224945475,True
552,Stacking,2025-06-05 05:35:00,196.0,199.26955165798256,True
552,Stacking,2025-06-05 05:40:00,195.0,204.73731003405436,True
552,Stacking,2025-06-05 05:45:00,196.0,197.39284984246478,True
552,Stacking,2025-06-05 05:50:00,197.0,194.22829564232518,True
552,Stacking,2025-06-05 05:55:00,196.0,193.90253633024915,True
552,Stacking,2025-06-05 06:00:00,195.0,190.0799090423967,True
552,Stacking,2025-06-05 06:05:00,193.0,194.42875228250782,True
552,Stacking,2025-06-05 06:10:00,191.0,195.12109532996095,True
552,Stacking,2025-06-05 06:15:00,188.0,199.35990604206742,True
552,Stacking,2025-06-05 06:20:00,183.0,199.82650383730032,True
552,Stacking,2025-06-05 06:25:00,179.0,194.4295274006246,True
552,Stacking,2025-06-05 06:30:00,176.0,192.175877849576,True
552,Stacking,2025-06-05 06:35:00,173.0,185.1064264073465,True
552,Stacking,2025-06-05 06:40:00,170.0,184.46576631348287,True
552,Stacking,2025-06-05 06:45:00,167.0,174.04118869337177,True
552,Stacking,2025-06-05 06:50:00,163.0,168.37351818932737,True
552,Stacking,2025-06-05 06:55:00,161.0,164.6317363764532,True
552,Stacking,2025-06-05 07:00:00,160.0,162.95613551648623,True
552,Stacking,2025-06-05 07:05:00,159.0,158.8108213023751,True
552,Stacking,2025-06-05 07:10:00,161.0,155.0374459675376,True
552,Stacking,2025-06-05 07:15:00,162.0,151.82567984524474,True
552,Stacking,2025-06-05 07:20:00,161.0,146.00880579444578,True
552,Stacking,2025-06-05 07:25:00,161.0,148.48786027421195,True
552,Stacking,2025-06-05 07:30:00,163.0,151.12020501466148,True
552,Stacking,2025-06-05 07:35:00,164.0,150.27182163155564,True
552,Stacking,2025-06-05 07:40:00,163.0,159.9577054755756,True
552,Stacking,2025-06-05 07:45:00,145.0,158.59320774221044,True
552,Stacking,2025-06-05 07:50:00,144.0,154.6290479314202,True
552,Stacking,2025-06-05 07:55:00,144.0,159.90718995711077,True
552,Stacking,2025-06-05 08:00:00,141.0,166.07500142232684,True
552,Stacking,2025-06-05 08:05:00,140.0,167.62069461594933,True
552,Stacking,2025-06-05 08:10:00,138.0,161.51260527624646,True
552,Stacking,2025-06-05 08:15:00,139.0,135.02846843482726,True
552,Stacking,2025-06-05 08:20:00,146.0,142.5752591341638,True
552,Stacking,2025-06-05 08:25:00,149.0,143.15602967227338,True
552,Stacking,2025-06-05 08:30:00,157.0,143.6809624222666,True
552,Stacking,2025-06-05 08:35:00,163.0,145.67405301522015,True
552,Stacking,2025-06-05 08:40:00,162.0,137.82899855094487,True
552,Stacking,2025-06-05 08:45:00,156.0,148.97151075307534,True
552,Stacking,2025-06-05 08:50:00,148.0,164.75384158922031,True
552,Stacking,2025-06-05 08:55:00,140.0,161.06964349839075,True
552,Stacking,2025-06-05 09:00:00,133.0,179.12853939486516,True
552,Stacking,2025-06-05 09:05:00,127.0,174.8125762333418,True
552,Stacking,2025-06-05 09:10:00,122.0,153.0874457251912,True
552,Stacking,2025-06-05 09:15:00,116.0,137.90078932604777,True
552,Stacking,2025-06-05 09:20:00,109.0,127.73586066983901,True
552,Stacking,2025-06-05 09:25:00,101.0,118.98572516373106,True
552,Stacking,2025-06-05 09:30:00,92.0,115.28925689276268,True
552,Stacking,2025-06-05 09:35:00,77.0,111.31075864708737,True
552,Stacking,2025-06-05 09:40:00,72.0,106.36932022341652,True
552,Stacking,2025-06-05 09:45:00,68.0,98.47045516079598,True
552,Stacking,2025-06-05 09:50:00,66.0,93.18851560248542,True
552,Stacking,2025-06-05 09:55:00,66.0,86.88851241872233,True
552,Stacking,2025-06-05 10:00:00,70.0,81.98408175020761,True
552,Stacking,2025-06-05 10:05:00,74.0,72.922281916261,True
552,Stacking,2025-06-05 10:10:00,79.0,77.40718424003606,True
552,Stacking,2025-06-05 10:15:00,81.0,72.39029555892122,True
552,Stacking,2025-06-05 10:20:00,83.0,73.51401791463675,True
552,Stacking,2025-06-05 10:25:00,84.0,76.03857184963532,True
552,Stacking,2025-06-05 10:30:00,86.0,96.59388685488906,True
552,Stacking,2025-06-05 10:35:00,87.0,97.52645810605108,True
552,Stacking,2025-06-05 10:40:00,88.0,102.50378038355423,True
552,Stacking,2025-06-05 10:45:00,90.0,95.86067337586363,True
552,Stacking,2025-06-05 10:50:00,91.0,98.68370094683245,True
552,Stacking,2025-06-05 10:55:00,92.0,93.90604042489893,True
552,Stacking,2025-06-05 11:00:00,92.0,99.69630221590174,True
552,Stacking,2025-06-05 11:05:00,92.0,94.67905164811424,True
552,Stacking,2025-06-05 11:10:00,90.0,99.081518135858,True
552,Stacking,2025-06-05 11:15:00,91.0,101.43618731015702,True
552,Stacking,2025-06-05 11:20:00,93.0,99.10312281203637,True
552,Stacking,2025-06-05 11:25:00,93.0,101.04637055638305,True
552,Stacking,2025-06-05 11:30:00,92.0,98.09181517542764,True
552,Stacking,2025-06-05 11:35:00,93.0,97.37978699052381,True
552,Stacking,2025-06-05 11:40:00,92.0,91.29331090939692,True
552,Stacking,2025-06-05 11:45:00,89.0,98.61924282580694,True
552,Stacking,2025-06-05 11:50:00,90.0,102.53597865248953,True
552,Stacking,2025-06-05 11:55:00,92.0,97.87080202587285,True
552,Stacking,2025-06-05 12:00:00,94.0,94.54539405062462,True
552,Stacking,2025-06-05 12:05:00,95.0,99.86293589010798,True
552,Stacking,2025-06-05 12:10:00,97.0,93.31378668146823,True
552,Stacking,2025-06-05 12:15:00,96.0,89.64564434599977,True
552,Stacking,2025-06-05 12:20:00,96.0,99.30693171406958,True
552,Stacking,2025-06-05 12:25:00,97.0,102.74631211626462,True
552,Stacking,2025-06-05 12:30:00,103.0,105.2710048445794,True
552,Stacking,2025-06-05 12:35:00,108.0,102.5629924276858,True
552,Stacking,2025-06-05 12:40:00,116.0,108.02587806893193,True
552,Stacking,2025-06-05 12:45:00,129.0,97.83793752392603,True
552,Stacking,2025-06-05 12:50:00,137.0,101.08430320897253,True
552,Stacking,2025-06-05 12:55:00,144.0,103.96587586678895,True
552,Stacking,2025-06-05 13:00:00,153.0,125.10940727515431,True
552,Stacking,2025-06-05 13:05:00,158.0,123.68573723847737,True
552,Stacking,2025-06-05 13:10:00,161.0,140.2670238267842,True
552,Stacking,2025-06-05 13:15:00,162.0,169.7565288815774,True
552,Stacking,2025-06-05 13:20:00,163.0,163.34641455620567,True
552,Stacking,2025-06-05 13:25:00,164.0,172.35741597813453,True
552,Stacking,2025-06-05 13:30:00,164.0,186.95480079378618,True
552,Stacking,2025-06-05 13:35:00,165.0,174.24415268629656,True
552,Stacking,2025-06-05 13:40:00,164.0,168.77082954675603,True
552,Stacking,2025-06-05 13:45:00,160.0,164.61634559659637,True
552,Stacking,2025-06-05 13:50:00,157.0,166.50959227754765,True
552,Stacking,2025-06-05 13:55:00,156.0,166.00963053146546,True
552,Stacking,2025-06-05 14:00:00,157.0,162.1050788052502,True
552,Stacking,2025-06-05 14:05:00,156.0,165.98131958811467,True
552,Stacking,2025-06-05 14:10:00,159.0,155.69158442537292,True
552,Stacking,2025-06-05 14:15:00,161.0,147.47736583087448,True
552,Stacking,2025-06-05 14:20:00,160.0,145.92614010874152,True
552,Stacking,2025-06-05 14:25:00,162.0,148.00591168222624,True
552,Stacking,2025-06-05 14:30:00,164.0,153.528240755915,True
552,Stacking,2025-06-05 14:35:00,165.0,147.95059691165102,True
552,Stacking,2025-06-05 14:40:00,170.0,162.61428909777155,True
552,Stacking,2025-06-05 14:45:00,175.0,161.9422483746186,True
552,Stacking,2025-06-05 14:50:00,174.0,155.15661457943924,True
552,Stacking,2025-06-05 14:55:00,177.0,163.8199386364802,True
552,Stacking,2025-06-05 15:00:00,180.0,167.27531574672685,True
552,Stacking,2025-06-05 15:05:00,181.0,168.70741720125815,True
552,Stacking,2025-06-05 15:10:00,176.0,183.26407730299405,True
552,Stacking,2025-06-05 15:15:00,176.0,188.2866510775137,True
552,Stacking,2025-06-05 15:20:00,176.0,173.0387434119835,True
552,Stacking,2025-06-05 15:25:00,175.0,185.15005203546642,True
552,Stacking,2025-06-05 15:30:00,175.0,186.70258187537053,True
552,Stacking,2025-06-05 15:35:00,175.0,178.97850956320107,True
552,Stacking,2025-06-05 15:40:00,175.0,163.75400832431816,True
552,Stacking,2025-06-05 15:45:00,172.0,175.0608303648401,True
552,Stacking,2025-06-05 15:50:00,169.0,173.09446556645761,True
552,Stacking,2025-06-05 15:55:00,174.0,170.95730540997144,True
552,Stacking,2025-06-05 16:00:00,175.0,173.08443399467103,True
552,Stacking,2025-06-05 16:05:00,176.0,173.29079592935935,True
552,Stacking,2025-06-05 16:10:00,177.0,173.4199634524234,True
552,Stacking,2025-06-05 16:15:00,177.0,160.07465590915118,True
552,Stacking,2025-06-05 16:20:00,177.0,157.98632345633075,True
552,Stacking,2025-06-05 16:25:00,175.0,182.09800680478497,True
552,Stacking,2025-06-05 16:30:00,171.0,173.98442236711742,True
552,Stacking,2025-06-05 16:35:00,166.0,178.23542215267997,True
552,Stacking,2025-06-05 16:40:00,165.0,177.364137900881,True
552,Stacking,2025-06-05 16:45:00,168.0,175.24472747115138,True
552,Stacking,2025-06-05 16:50:00,170.0,175.83160922097366,True
552,Stacking,2025-06-05 16:55:00,168.0,168.79296236385943,True
552,Stacking,2025-06-05 17:00:00,167.0,162.0055298579442,True
552,Stacking,2025-06-05 17:05:00,166.0,153.88751402064173,True
552,Stacking,2025-06-05 17:10:00,162.0,159.55560585151466,True
552,Stacking,2025-06-05 17:15:00,159.0,170.21529771955068,True
552,Stacking,2025-06-05 17:20:00,157.0,172.32794229873056,True
552,Stacking,2025-06-05 17:25:00,155.0,161.7364194734356,True
552,Stacking,2025-06-05 17:30:00,149.0,163.77155464231944,True
552,Stacking,2025-06-05 17:35:00,151.0,160.24359443628757,True
552,Stacking,2025-06-05 17:40:00,153.0,151.54475022386762,True
552,Stacking,2025-06-05 17:45:00,151.0,150.74818052816212,True
552,Stacking,2025-06-05 17:50:00,151.0,149.34989014684567,True
552,Stacking,2025-06-05 17:55:00,151.0,146.61673261005436,True
552,Stacking,2025-06-05 18:00:00,153.0,136.113959458589,True
552,Stacking,2025-06-05 18:05:00,158.0,151.68533706341097,True
552,Stacking,2025-06-05 18:10:00,165.0,153.28977183027573,True
552,Stacking,2025-06-05 18:15:00,169.0,145.80636213613988,True
552,Stacking,2025-06-05 18:20:00,173.0,150.39730068334853,True
552,Stacking,2025-06-05 18:25:00,172.0,149.44122517373012,True
552,Stacking,2025-06-05 18:30:00,170.0,172.81124295876975,True
552,Stacking,2025-06-05 18:35:00,166.0,180.28666158335506,True
552,Stacking,2025-06-05 18:40:00,164.0,188.57543668865384,True
552,Stacking,2025-06-05 18:45:00,161.0,180.15239374011318,True
552,Stacking,2025-06-05 18:50:00,155.0,183.40334014107984,True
552,Stacking,2025-06-05 18:55:00,150.0,167.05879925826633,True
552,Stacking,2025-06-05 19:00:00,146.0,160.54576528780956,True
552,Stacking,2025-06-05 19:05:00,142.0,146.8366262712489,True
552,Stacking,2025-06-05 19:10:00,141.0,152.64159647367157,True
552,Stacking,2025-06-05 19:15:00,141.0,144.43974496087796,True
552,Stacking,2025-06-05 19:20:00,144.0,130.8108516327671,True
552,Stacking,2025-06-05 19:25:00,147.0,132.59135058767436,True
552,Stacking,2025-06-05 19:30:00,147.0,131.41844045722573,True
552,Stacking,2025-06-05 19:35:00,147.0,128.61601914447579,True
552,Stacking,2025-06-05 19:40:00,147.0,134.9493027772028,True
552,Stacking,2025-06-05 19:45:00,147.0,139.99488620134608,True
552,Stacking,2025-06-05 19:50:00,147.0,150.62934231027708,True
552,Stacking,2025-06-05 19:55:00,147.0,153.8653381417955,True
552,Stacking,2025-06-05 20:00:00,147.0,146.99448195347017,True
552,Stacking,2025-06-06 02:20:00,122.0,162.031020656099,False
552,Stacking,2025-06-06 02:25:00,121.0,162.03102905999174,False
552,Stacking,2025-06-06 02:30:00,120.0,162.0310511965201,False
552,Stacking,2025-06-06 02:35:00,120.0,162.03108705514828,False
552,Stacking,2025-06-06 02:40:00,119.0,162.03113661880948,False
552,Stacking,2025-06-06 02:45:00,117.0,162.0311998639141,False
552,Stacking,2025-06-06 02:50:00,116.0,124.31655273360218,True
552,Stacking,2025-06-06 02:55:00,114.0,120.97053384333127,True
552,Stacking,2025-06-06 03:00:00,113.0,118.27598786645149,True
552,Stacking,2025-06-06 03:05:00,111.0,120.8458989846374,True
552,Stacking,2025-06-06 03:10:00,110.0,116.13412946244983,True
552,Stacking,2025-06-06 03:15:00,109.0,114.03769416671084,True
552,Stacking,2025-06-06 03:20:00,107.0,113.3322638102683,True
552,Stacking,2025-06-06 03:25:00,106.0,110.33381381713627,True
552,Stacking,2025-06-06 03:30:00,104.0,109.392287022849,True
552,Stacking,2025-06-06 03:35:00,102.0,106.47978755424612,True
552,Stacking,2025-06-06 03:40:00,101.0,107.17987946307701,True
552,Stacking,2025-06-06 03:45:00,100.0,105.69734834077946,True
552,Stacking,2025-06-06 03:50:00,99.0,101.96483168187196,True
552,Stacking,2025-06-06 03:55:00,99.0,102.03646935277222,True
552,Stacking,2025-06-06 04:00:00,98.0,98.73670380436664,True
552,Stacking,2025-06-06 04:05:00,98.0,96.73051832020406,True
552,Stacking,2025-06-06 04:10:00,97.0,96.34936981886499,True
552,Stacking,2025-06-06 04:15:00,96.0,95.78379667970256,True
552,Stacking,2025-06-06 04:20:00,95.0,95.69042237876383,True
552,Stacking,2025-06-06 04:25:00,94.0,98.09833051635798,True
552,Stacking,2025-06-06 04:30:00,93.0,94.68846937289008,True
552,Stacking,2025-06-06 04:35:00,92.0,96.93250846513878,True
552,Stacking,2025-06-06 04:40:00,90.0,94.58290443737718,True
552,Stacking,2025-06-06 04:45:00,88.0,92.85738305387443,True
552,Stacking,2025-06-06 04:50:00,87.0,92.28750265140343,True
552,Stacking,2025-06-06 04:55:00,87.0,92.33072048440579,True
552,Stacking,2025-06-06 05:00:00,85.0,90.59931683963894,True
552,Stacking,2025-06-06 05:05:00,84.0,90.17633974241745,True
552,Stacking,2025-06-06 05:10:00,83.0,87.93634695733003,True
552,Stacking,2025-06-06 05:15:00,82.0,85.87368709601694,True
552,Stacking,2025-06-06 05:20:00,81.0,84.88288777088367,True
552,Stacking,2025-06-06 05:25:00,79.0,87.1613689608466,True
552,Stacking,2025-06-06 05:30:00,79.0,83.41552174715258,True
552,Stacking,2025-06-06 05:35:00,81.0,84.08113602574552,True
552,Stacking,2025-06-06 05:40:00,82.0,83.41238001780373,True
552,Stacking,2025-06-06 05:45:00,81.0,81.17027867311191,True
552,Stacking,2025-06-06 05:50:00,81.0,79.95499403765339,True
552,Stacking,2025-06-06 05:55:00,82.0,79.16157742301374,True
552,Stacking,2025-06-06 06:00:00,82.0,82.04152151948323,True
552,Stacking,2025-06-06 06:05:00,83.0,89.53967129270832,True
552,Stacking,2025-06-06 06:10:00,84.0,85.48816361827886,True
552,Stacking,2025-06-06 06:15:00,84.0,82.51238615313802,True
552,Stacking,2025-06-06 06:20:00,85.0,83.20183483871192,True
552,Stacking,2025-06-06 06:25:00,84.0,85.82228969888055,True
552,Stacking,2025-06-06 06:30:00,85.0,83.94013501460553,True
552,Stacking,2025-06-06 06:35:00,85.0,88.30186986716454,True
552,Stacking,2025-06-06 06:40:00,85.0,88.54841874929514,True
552,Stacking,2025-06-06 06:45:00,85.0,87.38847804342741,True
552,Stacking,2025-06-06 06:50:00,84.0,89.86615452839348,True
552,Stacking,2025-06-06 06:55:00,83.0,84.92216151499443,True
552,Stacking,2025-06-06 07:00:00,83.0,90.5720135193983,True
552,Stacking,2025-06-06 07:05:00,83.0,88.50733244290247,True
552,Stacking,2025-06-06 07:10:00,84.0,88.64727840274756,True
552,Stacking,2025-06-06 07:15:00,90.0,88.20318983893686,True
552,Stacking,2025-06-06 07:20:00,98.0,85.89556849248311,True
552,Stacking,2025-06-06 07:25:00,106.0,85.40059495267171,True
552,Stacking,2025-06-06 07:30:00,112.0,87.30138024051308,True
552,Stacking,2025-06-06 07:35:00,118.0,104.54310704275814,True
552,Stacking,2025-06-06 07:40:00,122.0,107.46447170752872,True
552,Stacking,2025-06-06 07:45:00,125.0,127.35352678742919,True
552,Stacking,2025-06-06 07:50:00,123.0,141.2142141398937,True
552,Stacking,2025-06-06 07:55:00,122.0,141.93057996305,True
552,Stacking,2025-06-06 08:00:00,121.0,141.0504485037073,True
552,Stacking,2025-06-06 08:05:00,119.0,143.4812439621641,True
552,Stacking,2025-06-06 08:10:00,115.0,139.62449730566618,True
552,Stacking,2025-06-06 08:15:00,113.0,137.91420632520553,True
552,Stacking,2025-06-06 08:20:00,110.0,121.04814256199765,True
552,Stacking,2025-06-06 08:25:00,106.0,122.0539094472501,True
552,Stacking,2025-06-06 08:30:00,102.0,119.18562799752571,True
552,Stacking,2025-06-06 08:35:00,97.0,113.45500944256769,True
552,Stacking,2025-06-06 08:40:00,93.0,106.54088322411334,True
552,Stacking,2025-06-06 08:45:00,89.0,108.52688528841314,True
552,Stacking,2025-06-06 08:50:00,86.0,103.47218784024798,True
552,Stacking,2025-06-06 08:55:00,82.0,96.16958854696868,True
552,Stacking,2025-06-06 09:00:00,80.0,91.90256593111435,True
552,Stacking,2025-06-06 09:05:00,76.0,87.15093888259007,True
552,Stacking,2025-06-06 09:10:00,73.0,85.6325825228934,True
552,Stacking,2025-06-06 09:15:00,71.0,83.35755468413456,True
552,Stacking,2025-06-06 09:20:00,100.0,82.5095332542635,True
552,Stacking,2025-06-06 09:25:00,97.0,79.21749872313777,True
552,Stacking,2025-06-06 09:30:00,94.0,80.95806298246058,True
552,Stacking,2025-06-06 09:35:00,90.0,77.45971778683801,True
552,Stacking,2025-06-06 09:40:00,87.0,78.32577702430375,True
552,Stacking,2025-06-06 09:45:00,83.0,77.64742554742715,True
552,Stacking,2025-06-06 09:50:00,83.0,128.11342125603397,True
552,Stacking,2025-06-06 09:55:00,82.0,95.21686146605123,True
552,Stacking,2025-06-06 10:00:00,81.0,92.64389684791612,True
552,Stacking,2025-06-06 10:05:00,80.0,86.071562909841,True
552,Stacking,2025-06-06 10:10:00,79.0,84.34927529812673,True
552,Stacking,2025-06-06 10:15:00,78.0,81.66157293972353,True
552,Stacking,2025-06-06 10:20:00,76.0,89.95136529961712,True
552,Stacking,2025-06-06 10:25:00,75.0,82.76751788878025,True
552,Stacking,2025-06-06 10:30:00,75.0,83.64315412215663,True
552,Stacking,2025-06-06 10:35:00,76.0,81.54519608877851,True
552,Stacking,2025-06-06 10:40:00,76.0,81.4792673929979,True
552,Stacking,2025-06-06 10:45:00,76.0,81.35976888508002,True
552,Stacking,2025-06-06 10:50:00,73.0,80.0132404944044,True
552,Stacking,2025-06-06 10:55:00,74.0,79.9825735102951,True
552,Stacking,2025-06-06 11:00:00,77.0,83.65855087551702,True
552,Stacking,2025-06-06 11:05:00,80.0,85.76975437384442,True
552,Stacking,2025-06-06 11:10:00,80.0,84.51382895616761,True
552,Stacking,2025-06-06 11:15:00,83.0,84.96514125845346,True
552,Stacking,2025-06-06 11:20:00,93.0,80.53423456339117,True
552,Stacking,2025-06-06 11:25:00,103.0,87.60220768819677,True
552,Stacking,2025-06-06 11:30:00,115.0,95.08154876758022,True
552,Stacking,2025-06-06 11:35:00,128.0,95.99155782162566,True
552,Stacking,2025-06-06 11:40:00,144.0,89.38919221104935,True
552,Stacking,2025-06-06 11:45:00,159.0,101.03467213123511,True
552,Stacking,2025-06-06 11:50:00,156.0,130.5706919613598,True
552,Stacking,2025-06-06 11:55:00,160.0,140.67288815770934,True
552,Stacking,2025-06-06 12:00:00,160.0,159.66449458394982,True
552,Stacking,2025-06-06 12:05:00,159.0,172.42042163716087,True
552,Stacking,2025-06-06 12:10:00,157.0,186.54318762124086,True
552,Stacking,2025-06-06 12:15:00,157.0,192.69747000655644,True
552,Stacking,2025-06-06 12:20:00,158.0,150.31959730652923,True
552,Stacking,2025-06-06 12:25:00,161.0,169.90804982813475,True
552,Stacking,2025-06-06 12:30:00,163.0,156.25820089420637,True
552,Stacking,2025-06-06 12:35:00,164.0,149.59040370808296,True
552,Stacking,2025-06-06 12:40:00,164.0,146.34230124052945,True
552,Stacking,2025-06-06 12:45:00,164.0,151.9997619783215,True
552,Stacking,2025-06-06 12:50:00,164.0,155.70401457264714,True
552,Stacking,2025-06-06 12:55:00,164.0,164.4223952306529,True
552,Stacking,2025-06-06 13:00:00,164.0,163.06551121766555,True
552,Stacking,2025-06-06 13:05:00,164.0,164.4119410771767,True
552,Stacking,2025-06-06 13:10:00,165.0,163.61994098181862,True
552,Stacking,2025-06-06 13:15:00,167.0,163.97016672644216,True
552,Stacking,2025-06-06 13:20:00,166.0,163.40719689071088,True
552,Stacking,2025-06-06 13:25:00,165.0,163.15638191386722,True
552,Stacking,2025-06-06 13:30:00,166.0,160.1458370142475,True
552,Stacking,2025-06-06 13:35:00,166.0,161.58941696398355,True
552,Stacking,2025-06-06 13:40:00,166.0,165.99838928145934,True
552,Stacking,2025-06-06 13:45:00,167.0,170.0980690987655,True
552,Stacking,2025-06-06 13:50:00,167.0,160.35926865718594,True
552,Stacking,2025-06-06 13:55:00,166.0,160.61970384848777,True
552,Stacking,2025-06-06 14:00:00,165.0,166.02196023655225,True
552,Stacking,2025-06-06 14:05:00,166.0,165.28510502581167,True
552,Stacking,2025-06-06 14:10:00,167.0,166.12716079469268,True
552,Stacking,2025-06-06 14:15:00,166.0,168.59245296828237,True
552,Stacking,2025-06-06 14:20:00,163.0,166.5717755732213,True
552,Stacking,2025-06-06 14:25:00,166.0,161.76926959524337,True
552,Stacking,2025-06-06 14:30:00,171.0,160.57847778723166,True
552,Stacking,2025-06-06 14:35:00,178.0,166.17888570930884,True
552,Stacking,2025-06-06 14:40:00,186.0,168.42806534764622,True
552,Stacking,2025-06-06 14:45:00,189.0,161.73511592249324,True
552,Stacking,2025-06-06 14:50:00,202.0,154.27564301117962,True
552,Stacking,2025-06-06 14:55:00,217.0,170.7063560240374,True
552,Stacking,2025-06-06 15:00:00,231.0,178.30377742477103,True
552,Stacking,2025-06-06 15:05:00,242.0,196.2567029991628,True
552,Stacking,2025-06-06 15:10:00,252.0,204.96643377876387,True
552,Stacking,2025-06-06 15:15:00,263.0,195.25115923428905,True
552,Stacking,2025-06-06 15:20:00,272.0,223.65430625452612,True
552,Stacking,2025-06-06 15:25:00,279.0,244.89688174488273,True
552,Stacking,2025-06-06 15:30:00,285.0,259.93287274079,True
552,Stacking,2025-06-06 15:35:00,292.0,271.6131467535043,True
552,Stacking,2025-06-06 15:40:00,296.0,282.6692923578668,True
552,Stacking,2025-06-06 15:45:00,298.0,293.2558626936655,True
552,Stacking,2025-06-06 15:50:00,299.0,290.16587346963314,True
552,Stacking,2025-06-06 15:55:00,302.0,287.75809903078897,True
552,Stacking,2025-06-06 16:00:00,304.0,290.2382711166348,True
552,Stacking,2025-06-06 16:05:00,304.0,294.0230578706562,True
552,Stacking,2025-06-06 16:10:00,302.0,295.82569799798006,True
552,Stacking,2025-06-06 16:15:00,300.0,292.9662491049748,True
552,Stacking,2025-06-06 16:20:00,296.0,289.62799352083897,True
552,Stacking,2025-06-06 16:25:00,291.0,296.21826709702884,True
552,Stacking,2025-06-06 16:30:00,285.0,297.41680314407,True
552,Stacking,2025-06-06 16:35:00,279.0,290.19947037164786,True
552,Stacking,2025-06-06 16:40:00,270.0,281.32467324009,True
552,Stacking,2025-06-06 16:45:00,270.0,278.120333092907,True
552,Stacking,2025-06-06 16:50:00,272.0,273.24390721589384,True
552,Stacking,2025-06-06 16:55:00,274.0,261.0371792033129,True
552,Stacking,2025-06-06 17:00:00,274.0,252.52134392615554,True
552,Stacking,2025-06-06 17:05:00,273.0,247.27939018310215,True
552,Stacking,2025-06-06 17:10:00,273.0,229.93195101473088,True
552,Stacking,2025-06-06 17:15:00,274.0,249.13106156910692,True
552,Stacking,2025-06-06 17:20:00,277.0,255.0565958749765,True
552,Stacking,2025-06-06 17:25:00,278.0,260.91274686473366,True
552,Stacking,2025-06-06 17:30:00,277.0,257.29826794259327,True
552,Stacking,2025-06-06 17:35:00,276.0,257.1614331227423,True
552,Stacking,2025-06-06 17:40:00,277.0,258.80853961013077,True
552,Stacking,2025-06-06 17:45:00,279.0,262.32580331523855,True
552,Stacking,2025-06-06 17:50:00,277.0,271.7633002978682,True
552,Stacking,2025-06-06 17:55:00,280.0,268.98882062615326,True
552,Stacking,2025-06-06 18:00:00,285.0,265.2944331927937,True
552,Stacking,2025-06-06 18:05:00,291.0,266.25639260976055,True
552,Stacking,2025-06-06 18:10:00,299.0,268.7326494932827,True
552,Stacking,2025-06-06 18:15:00,304.0,275.0289048803605,True
552,Stacking,2025-06-06 18:20:00,305.0,261.89815593027004,True
552,Stacking,2025-06-06 18:25:00,303.0,276.71532608066127,True
552,Stacking,2025-06-06 18:30:00,299.0,281.1215886204335,True
552,Stacking,2025-06-06 18:35:00,294.0,289.4365506079775,True
552,Stacking,2025-06-06 18:40:00,288.0,302.5296484413436,True
552,Stacking,2025-06-06 18:45:00,285.0,298.3759889539838,True
552,Stacking,2025-06-06 18:50:00,282.0,294.70451124047037,True
552,Stacking,2025-06-06 18:55:00,279.0,278.1332934166671,True
552,Stacking,2025-06-06 19:00:00,275.0,273.16123377433496,True
552,Stacking,2025-06-06 19:05:00,270.0,264.7267640443718,True
552,Stacking,2025-06-06 19:10:00,263.0,257.4381418503727,True
552,Stacking,2025-06-06 19:15:00,252.0,262.30731488797306,True
552,Stacking,2025-06-06 19:20:00,240.0,258.22500209323425,True
552,Stacking,2025-06-06 19:25:00,229.0,257.6508224349713,True
552,Stacking,2025-06-06 19:30:00,221.0,251.56453407865578,True
552,Stacking,2025-06-06 19:35:00,219.0,238.30535008718294,True
552,Stacking,2025-06-06 19:40:00,219.0,228.2366046199033,True
552,Stacking,2025-06-06 19:45:00,217.0,216.33723119144886,True
552,Stacking,2025-06-06 19:50:00,215.0,196.05420517497603,True
552,Stacking,2025-06-06 19:55:00,212.0,189.85359992155045,True
552,Stacking,2025-06-06 20:00:00,208.0,186.81494795672407,True
552,Stacking,2025-06-06 20:05:00,204.0,196.7730929763913,True
552,Stacking,2025-06-06 20:10:00,198.0,203.84746244535137,True
552,Stacking,2025-06-06 20:15:00,191.0,198.23684603393508,True
552,Stacking,2025-06-06 20:20:00,188.0,198.2712536341097,True
552,Stacking,2025-06-06 20:25:00,186.0,192.7711798519673,True
552,Stacking,2025-06-06 20:30:00,183.0,185.89017291681208,True
552,Stacking,2025-06-06 20:35:00,180.0,183.1848248179219,True
552,Stacking,2025-06-06 20:40:00,174.0,176.05144401649628,True
552,Stacking,2025-06-06 20:45:00,167.0,171.23197732917248,True
552,Stacking,2025-06-06 20:50:00,163.0,172.9928161268979,True
552,Stacking,2025-06-06 20:55:00,160.0,173.3001274808175,True
552,Stacking,2025-06-06 21:00:00,154.0,168.58102395038767,True
552,Stacking,2025-06-06 21:05:00,147.0,165.56654970812002,True
552,Stacking,2025-06-06 21:10:00,147.0,154.6678179005617,True
552,Stacking,2025-06-06 21:15:00,147.0,143.7330310739697,True
552,Stacking,2025-06-06 21:20:00,147.0,146.09464956631916,True
552,Stacking,2025-06-06 21:25:00,147.0,145.2095713374948,True
552,Stacking,2025-06-06 21:30:00,147.0,130.3835847199089,True
552,Stacking,2025-06-06 21:35:00,147.0,124.16139947210984,True
552,Stacking,2025-06-06 21:40:00,152.0,141.33209771571794,True
552,Stacking,2025-06-06 21:45:00,153.0,142.05996931759663,True
552,Stacking,2025-06-06 21:50:00,151.0,144.14919934326014,True
552,Stacking,2025-06-06 21:55:00,150.0,144.988524806793,True
552,Stacking,2025-06-06 22:00:00,149.0,146.24511744775742,True
552,Stacking,2025-06-06 22:05:00,146.0,146.7358075747924,True
552,Stacking,2025-06-06 22:10:00,142.0,162.1152145189254,True
552,Stacking,2025-06-06 22:15:00,143.0,153.37015727737662,True
552,Stacking,2025-06-06 22:20:00,144.0,143.96536362725885,True
552,Stacking,2025-06-06 22:25:00,144.0,145.0074056014705,True
552,Stacking,2025-06-06 22:30:00,147.0,142.71088146356868,True
552,Stacking,2025-06-06 22:35:00,147.0,136.26135429128794,True
552,Stacking,2025-06-06 22:40:00,149.0,131.70406589235327,True
552,Stacking,2025-06-06 22:45:00,152.0,142.25829226937455,True
552,Stacking,2025-06-06 22:50:00,157.0,145.29823387675057,True
552,Stacking,2025-06-06 22:55:00,168.0,144.61682949567145,True
552,Stacking,2025-06-06 23:00:00,176.0,154.95551132263,True
552,Stacking,2025-06-06 23:05:00,181.0,148.23130936359502,True
552,Stacking,2025-06-06 23:10:00,182.0,155.71692744692493,True
552,Stacking,2025-06-06 23:15:00,182.0,159.34737531027216,True
552,Stacking,2025-06-06 23:20:00,181.0,171.84988126194648,True
552,Stacking,2025-06-06 23:25:00,178.0,191.31694711724546,True
552,Stacking,2025-06-06 23:30:00,176.0,196.08811729573102,True
552,Stacking,2025-06-06 23:35:00,177.0,193.00528802412754,True
552,Stacking,2025-06-06 23:40:00,176.0,186.50090474724834,True
552,Stacking,2025-06-06 23:45:00,172.0,184.84536749058162,True
552,Stacking,2025-06-06 23:50:00,169.0,179.17139600117548,True
552,Stacking,2025-06-06 23:55:00,169.0,172.41088945345587,True
552,Stacking,2025-06-07 00:00:00,168.0,170.91261403506542,True
552,Stacking,2025-06-07 00:05:00,164.0,176.51446731806328,True
552,Stacking,2025-06-07 00:10:00,159.0,169.37634804355346,True
552,Stacking,2025-06-07 00:15:00,155.0,157.49372784314332,True
552,Stacking,2025-06-07 00:20:00,154.0,156.888143033049,True
552,Stacking,2025-06-07 00:25:00,154.0,164.81903900553928,True
552,Stacking,2025-06-07 00:30:00,151.0,160.87974220908876,True
552,Stacking,2025-06-07 00:35:00,145.0,150.9737842407116,True
552,Stacking,2025-06-07 00:40:00,145.0,146.0423130579331,True
552,Stacking,2025-06-07 00:45:00,145.0,141.11518847522703,True
552,Stacking,2025-06-07 00:50:00,142.0,144.14433007622148,True
552,Stacking,2025-06-07 00:55:00,144.0,147.7631799712605,True
552,Stacking,2025-06-07 01:00:00,143.0,138.86375085204662,True
552,Stacking,2025-06-07 01:05:00,142.0,129.57633450045307,True
552,Stacking,2025-06-07 01:10:00,145.0,142.2924803493669,True
552,Stacking,2025-06-07 01:15:00,148.0,141.90226693518918,True
552,Stacking,2025-06-07 01:20:00,153.0,133.76130878797622,True
552,Stacking,2025-06-07 01:25:00,164.0,148.1164902187093,True
552,Stacking,2025-06-07 01:30:00,179.0,137.87280592315588,True
552,Stacking,2025-06-07 01:35:00,192.0,139.06088535052112,True
552,Stacking,2025-06-07 01:40:00,198.0,150.1458453480661,True
552,Stacking,2025-06-07 01:45:00,198.0,154.44194744304806,True
552,Stacking,2025-06-07 01:50:00,196.0,165.81062539833167,True
552,Stacking,2025-06-07 01:55:00,192.0,186.1164381989406,True
552,Stacking,2025-06-07 02:00:00,188.0,208.2678359523564,True
552,Stacking,2025-06-07 02:05:00,183.0,221.15784203778696,True
552,Stacking,2025-06-07 02:10:00,179.0,214.27927691584452,True
552,Stacking,2025-06-07 02:15:00,173.0,205.37066096616405,True
552,Stacking,2025-06-07 02:20:00,167.0,196.41397850513994,True
552,Stacking,2025-06-07 02:25:00,161.0,186.48293011147686,True
552,Stacking,2025-06-07 02:30:00,153.0,175.31212488249102,True
552,Stacking,2025-06-07 02:35:00,150.0,163.74091223321204,True
552,Stacking,2025-06-07 02:40:00,148.0,164.306158428742,True
552,Stacking,2025-06-07 02:45:00,147.0,152.35805392988502,True
552,Stacking,2025-06-07 02:50:00,147.0,146.01778492246265,True
552,Stacking,2025-06-07 02:55:00,146.0,138.96162412566582,True
552,Stacking,2025-06-07 03:00:00,145.0,125.21365044332275,True
552,Stacking,2025-06-07 03:05:00,145.0,135.72309109257833,True
552,Stacking,2025-06-07 03:10:00,146.0,134.35024521636188,True
552,Stacking,2025-06-07 03:15:00,147.0,135.74861892091977,True
552,Stacking,2025-06-07 03:20:00,149.0,141.70367981572355,True
552,Stacking,2025-06-07 03:25:00,150.0,137.01802034683433,True
552,Stacking,2025-06-07 03:30:00,153.0,136.90823282775196,True
552,Stacking,2025-06-07 03:35:00,155.0,141.80959861372028,True
552,Stacking,2025-06-07 03:40:00,157.0,145.18468000449295,True
552,Stacking,2025-06-07 03:45:00,160.0,148.63415292835103,True
552,Stacking,2025-06-07 03:50:00,163.0,153.73261761253795,True
552,Stacking,2025-06-07 03:55:00,167.0,153.02334419551323,True
552,Stacking,2025-06-07 04:00:00,169.0,161.0398409335093,True
552,Stacking,2025-06-07 04:05:00,170.0,159.5717954928543,True
552,Stacking,2025-06-07 04:10:00,175.0,162.42134449755656,True
552,Stacking,2025-06-07 04:15:00,180.0,169.3820810896323,True
552,Stacking,2025-06-07 04:20:00,183.0,171.3022035962102,True
552,Stacking,2025-06-07 04:25:00,186.0,179.26702458877463,True
552,Stacking,2025-06-07 04:30:00,191.0,175.09086363655354,True
552,Stacking,2025-06-07 04:35:00,194.0,174.3228942551794,True
552,Stacking,2025-06-07 04:40:00,197.0,189.59453540249845,True
552,Stacking,2025-06-07 04:45:00,202.0,192.32902258511302,True
552,Stacking,2025-06-07 04:50:00,209.0,194.65581963366589,True
552,Stacking,2025-06-07 04:55:00,213.0,197.31527696304713,True
552,Stacking,2025-06-07 05:00:00,214.0,205.82457778193552,True
552,Stacking,2025-06-07 05:05:00,216.0,203.38683354051327,True
552,Stacking,2025-06-07 05:10:00,220.0,208.67771543717691,True
552,Stacking,2025-06-07 05:15:00,224.0,215.85590512240879,True
552,Stacking,2025-06-07 05:20:00,228.0,223.96166532818737,True
552,Stacking,2025-06-07 05:25:00,230.0,225.05256129367606,True
552,Stacking,2025-06-07 05:30:00,233.0,218.21865361373756,True
552,Stacking,2025-06-07 05:35:00,237.0,221.11797366551545,True
552,Stacking,2025-06-07 05:40:00,242.0,228.83823049712518,True
552,Stacking,2025-06-07 05:45:00,246.0,232.6015891256701,True
552,Stacking,2025-06-07 05:50:00,249.0,237.5941161533193,True
552,Stacking,2025-06-07 05:55:00,252.0,235.8347405709261,True
552,Stacking,2025-06-07 06:00:00,254.0,239.27897465863293,True
552,Stacking,2025-06-07 06:05:00,256.0,243.83962287496092,True
552,Stacking,2025-06-07 06:10:00,258.0,251.2781158336734,True
552,Stacking,2025-06-07 06:15:00,263.0,252.30740712837414,True
552,Stacking,2025-06-07 06:20:00,268.0,257.0825921649412,True
552,Stacking,2025-06-07 06:25:00,270.0,260.2665679096844,True
552,Stacking,2025-06-07 06:30:00,266.0,258.17943369964706,True
552,Stacking,2025-06-07 06:35:00,266.0,261.48248406692903,True
552,Stacking,2025-06-07 06:40:00,264.0,261.96756745657564,True
552,Stacking,2025-06-07 06:45:00,264.0,270.2113153562677,True
552,Stacking,2025-06-07 06:50:00,265.0,276.4791082423254,True
552,Stacking,2025-06-07 06:55:00,263.0,273.2149012847828,True
552,Stacking,2025-06-07 07:00:00,261.0,260.1618778439484,True
552,Stacking,2025-06-07 07:05:00,260.0,267.6651988365428,True
552,Stacking,2025-06-07 07:10:00,258.0,257.9844777210609,True
552,Stacking,2025-06-07 07:15:00,257.0,264.08268860825416,True
552,Stacking,2025-06-07 07:20:00,255.0,266.89406495365824,True
552,Stacking,2025-06-07 07:25:00,253.0,257.3213575786585,True
552,Stacking,2025-06-07 07:30:00,251.0,256.1523853324484,True
552,Stacking,2025-06-07 07:35:00,249.0,258.6028399794747,True
552,Stacking,2025-06-07 07:40:00,250.0,250.74207107829628,True
552,Stacking,2025-06-07 07:45:00,249.0,254.3947523956695,True
552,Stacking,2025-06-07 07:50:00,246.0,248.13650424348546,True
552,Stacking,2025-06-07 07:55:00,245.0,246.7459066953155,True
552,Stacking,2025-06-07 08:00:00,243.0,245.38656186763208,True
552,Stacking,2025-06-07 08:05:00,240.0,240.15623638542232,True
552,Stacking,2025-06-07 08:10:00,236.0,249.1427373456971,True
552,Stacking,2025-06-07 08:15:00,233.0,245.28019673073524,True
552,Stacking,2025-06-07 08:20:00,229.0,233.97449327929453,True
552,Stacking,2025-06-07 08:25:00,225.0,240.3200484256453,True
552,Stacking,2025-06-07 08:30:00,223.0,234.24282672888904,True
552,Stacking,2025-06-07 08:35:00,222.0,225.55200368187718,True
552,Stacking,2025-06-07 08:40:00,219.0,221.3087315210515,True
552,Stacking,2025-06-07 08:45:00,215.0,217.55358587461737,True
552,Stacking,2025-06-07 08:50:00,213.0,214.04219031416488,True
552,Stacking,2025-06-07 08:55:00,211.0,208.16375185084382,True
552,Stacking,2025-06-07 09:00:00,209.0,205.5209965541254,True
552,Stacking,2025-06-07 09:05:00,207.0,211.4844081602701,True
552,Stacking,2025-06-07 09:10:00,206.0,203.1398319481096,True
552,Stacking,2025-06-07 09:15:00,202.0,197.94616165591714,True
552,Stacking,2025-06-07 09:20:00,200.0,200.56641250331347,True
552,Stacking,2025-06-07 09:25:00,200.0,199.5472832669448,True
552,Stacking,2025-06-07 09:30:00,200.0,194.6694362106394,True
552,Stacking,2025-06-07 09:35:00,200.0,194.03126058132912,True
552,Stacking,2025-06-07 09:40:00,200.0,196.7455768717379,True
552,Stacking,2025-06-07 09:45:00,200.0,187.68329278473374,True
552,Stacking,2025-06-07 09:50:00,200.0,189.79463527493348,True
552,Stacking,2025-06-07 09:55:00,200.0,193.46114955312981,True
552,Stacking,2025-06-07 11:15:00,167.0,160.8745644577225,False
552,Stacking,2025-06-07 11:20:00,167.0,160.87296925069623,False
552,Stacking,2025-06-07 11:25:00,165.0,161.9008617880947,False
552,Stacking,2025-06-07 11:30:00,170.0,162.63990574877775,False
552,Stacking,2025-06-07 11:35:00,174.0,171.1904171093782,False
552,Stacking,2025-06-07 11:40:00,178.0,175.44968005101046,False
552,Stacking,2025-06-07 11:45:00,178.0,176.4979482201914,True
552,Stacking,2025-06-07 11:50:00,182.0,177.31810043111167,True
552,Stacking,2025-06-07 11:55:00,186.0,163.06352458578368,True
552,Stacking,2025-06-07 12:00:00,184.0,181.423070619413,True
552,Stacking,2025-06-07 12:05:00,186.0,181.17544028844694,True
552,Stacking,2025-06-07 12:10:00,191.0,186.95580890465214,True
552,Stacking,2025-06-07 12:15:00,197.0,176.23978479128922,True
552,Stacking,2025-06-07 12:20:00,204.0,190.53747317880675,True
552,Stacking,2025-06-07 12:25:00,211.0,194.3560634595409,True
552,Stacking,2025-06-07 12:30:00,218.0,179.36547798648263,True
552,Stacking,2025-06-07 12:35:00,222.0,194.27777370093685,True
552,Stacking,2025-06-07 12:40:00,225.0,200.95121308137232,True
552,Stacking,2025-06-07 12:45:00,228.0,210.98561054054574,True
552,Stacking,2025-06-07 12:50:00,234.0,217.74147709663436,True
552,Stacking,2025-06-07 12:55:00,238.0,224.7641773459726,True
552,Stacking,2025-06-07 13:00:00,242.0,230.47245926463077,True
552,Stacking,2025-06-07 13:05:00,242.0,226.41550355140168,True
552,Stacking,2025-06-07 13:10:00,240.0,223.7905780602769,True
552,Stacking,2025-06-07 13:15:00,240.0,227.79421888791546,True
552,Stacking,2025-06-07 13:20:00,241.0,241.5064162198174,True
552,Stacking,2025-06-07 13:25:00,238.0,238.2569881608073,True
552,Stacking,2025-06-07 13:30:00,236.0,244.62636864727443,True
552,Stacking,2025-06-07 13:35:00,234.0,236.20244884753558,True
552,Stacking,2025-06-07 13:40:00,237.0,226.4886199775895,True
552,Stacking,2025-06-07 13:45:00,236.0,231.30014990661485,True
552,Stacking,2025-06-07 13:50:00,239.0,235.23143066563483,True
552,Stacking,2025-06-07 13:55:00,240.0,219.47565626305774,True
552,Stacking,2025-06-07 14:00:00,240.0,219.1675502222004,True
552,Stacking,2025-06-07 14:05:00,242.0,215.8235958048806,True
552,Stacking,2025-06-07 14:10:00,245.0,232.49210572795366,True
552,Stacking,2025-06-07 14:15:00,247.0,221.2539956670353,True
552,Stacking,2025-06-07 14:20:00,251.0,235.69195327749162,True
552,Stacking,2025-06-07 14:25:00,255.0,231.58821086749745,True
552,Stacking,2025-06-07 14:30:00,257.0,230.87636545066985,True
552,Stacking,2025-06-07 14:35:00,257.0,238.65360042258314,True
552,Stacking,2025-06-07 14:40:00,257.0,244.83714812365773,True
552,Stacking,2025-06-07 14:45:00,262.0,245.08512570892134,True
552,Stacking,2025-06-07 14:50:00,268.0,258.1265134884489,True
552,Stacking,2025-06-07 14:55:00,278.0,258.9345400616464,True
552,Stacking,2025-06-07 15:00:00,288.0,255.35385617826483,True
552,Stacking,2025-06-07 15:05:00,300.0,252.94106912565024,True
552,Stacking,2025-06-07 15:10:00,307.0,253.92522999254976,True
552,Stacking,2025-06-07 15:15:00,304.0,266.6158953662189,True
552,Stacking,2025-06-07 15:20:00,307.0,275.9582070279386,True
552,Stacking,2025-06-07 15:25:00,307.0,289.69729731009096,True
552,Stacking,2025-06-07 15:30:00,302.0,300.7634000751502,True
552,Stacking,2025-06-07 15:35:00,293.0,312.5412387187641,True
552,Stacking,2025-06-07 15:40:00,289.0,310.17268272851175,True
552,Stacking,2025-06-07 15:45:00,287.0,291.5834219719056,True
552,Stacking,2025-06-07 15:50:00,283.0,305.53063762509754,True
552,Stacking,2025-06-07 15:55:00,276.0,292.638374831008,True
552,Stacking,2025-06-07 16:00:00,269.0,273.57893780696304,True
552,Stacking,2025-06-07 16:05:00,261.0,257.5671594209813,True
552,Stacking,2025-06-07 16:10:00,252.0,264.06963601133833,True
552,Stacking,2025-06-07 16:15:00,244.0,266.5831506158031,True
552,Stacking,2025-06-07 16:20:00,238.0,258.55447195802606,True
552,Stacking,2025-06-07 16:25:00,233.0,241.9016987042554,True
552,Stacking,2025-06-07 16:30:00,229.0,234.50172522964098,True
552,Stacking,2025-06-07 16:35:00,224.0,224.10583527684486,True
552,Stacking,2025-06-07 16:40:00,215.0,217.03375301948142,True
