patient,model,timestamp,y_true,y_pred,in_eval_mask
544,Persistence,2027-06-24 00:00:00,139.0,161.0,True
544,Persistence,2027-06-24 00:05:00,135.0,155.0,True
544,Persistence,2027-06-24 00:10:00,133.0,150.0,True
544,Persistence,2027-06-24 00:15:00,130.0,147.0,True
544,Persistence,2027-06-24 00:20:00,125.0,144.0,True
544,Persistence,2027-06-24 00:25:00,121.0,141.0,True
544,Persistence,2027-06-24 00:30:00,117.0,139.0,True
544,Persistence,2027-06-24 00:35:00,113.0,135.0,True
544,Persistence,2027-06-24 00:40:00,110.0,133.0,True
544,Persistence,2027-06-24 00:45:00,107.0,130.0,True
544,Persistence,2027-06-24 00:50:00,105.0,125.0,True
544,Persistence,2027-06-24 00:55:00,103.0,121.0,True
544,Persistence,2027-06-24 01:00:00,100.0,117.0,True
544,Persistence,2027-06-24 01:05:00,98.0,113.0,True
544,Persistence,2027-06-24 01:10:00,96.0,110.0,True
544,Persistence,2027-06-24 01:15:00,93.0,107.0,True
544,Persistence,2027-06-24 01:20:00,91.0,105.0,True
544,Persistence,2027-06-24 01:25:00,89.0,103.0,True
544,Persistence,2027-06-24 01:30:00,88.0,100.0,True
544,Persistence,2027-06-24 01:35:00,87.0,98.0,True
544,Persistence,2027-06-24 01:40:00,85.0,96.0,True
544,Persistence,2027-06-24 01:45:00,83.0,93.0,True
544,Persistence,2027-06-24 01:50:00,81.0,91.0,True
544,Persistence,2027-06-24 01:55:00,79.0,89.0,True
544,Persistence,2027-06-24 02:00:00,77.0,88.0,True
544,Persistence,2027-06-24 02:05:00,76.0,87.0,True
544,Persistence,2027-06-24 02:10:00,75.0,85.0,True
544,Persistence,2027-06-24 02:15:00,74.0,83.0,True
544,Persistence,2027-06-24 02:20:00,75.0,81.0,True
544,Persistence,2027-06-24 02:25:00,75.0,79.0,True
544,Persistence,2027-06-24 02:30:00,75.0,77.0,True
544,Persistence,2027-06-24 02:35:00,77.0,76.0,True
544,Persistence,2027-06-24 02:40:00,81.0,75.0,True
544,Persistence,2027-06-24 02:45:00,79.0,74.0,True
544,Persistence,2027-06-24 02:50:00,76.0,75.0,True
544,Persistence,2027-06-24 02:55:00,75.0,75.0,True
544,Persistence,2027-06-24 03:00:00,73.0,75.0,True
544,Persistence,2027-06-24 03:05:00,72.0,77.0,True
544,Persistence,2027-06-24 03:10:00,72.0,81.0,True
544,Persistence,2027-06-24 03:15:00,73.0,79.0,True
544,Persistence,2027-06-24 03:20:00,73.0,76.0,True
544,Persistence,2027-06-24 03:25:00,73.0,75.0,True
544,Persistence,2027-06-24 03:30:00,75.0,73.0,True
544,Persistence,2027-06-24 03:35:00,74.0,72.0,True
544,Persistence,2027-06-24 03:40:00,74.0,72.0,True
544,Persistence,2027-06-24 03:45:00,74.0,73.0,True
544,Persistence,2027-06-24 03:50:00,72.0,73.0,True
544,Persistence,2027-06-24 03:55:00,70.0,73.0,True
544,Persistence,2027-06-24 04:00:00,69.0,75.0,True
544,Persistence,2027-06-24 04:05:00,67.0,74.0,True
544,Persistence,2027-06-24 04:10:00,70.0,74.0,True
544,Persistence,2027-06-24 04:15:00,71.0,74.0,True
544,Persistence,2027-06-24 04:20:00,71.0,72.0,True
544,Persistence,2027-06-24 04:25:00,71.0,70.0,True
544,Persistence,2027-06-24 04:30:00,70.0,69.0,True
544,Persistence,2027-06-24 04:35:00,70.0,67.0,True
544,Persistence,2027-06-24 04:40:00,72.0,70.0,True
544,Persistence,2027-06-24 04:45:00,71.0,71.0,True
544,Persistence,2027-06-24 04:50:00,71.0,71.0,True
544,Persistence,2027-06-24 04:55:00,71.0,71.0,True
544,Persistence,2027-06-24 05:00:00,71.0,70.0,True
544,Persistence,2027-06-24 05:05:00,71.0,70.0,True
544,Persistence,2027-06-24 05:10:00,73.0,72.0,True
544,Persistence,2027-06-24 05:15:00,73.0,71.0,True
544,Persistence,2027-06-24 05:20:00,72.0,71.0,True
544,Persistence,2027-06-24 05:25:00,69.0,71.0,True
544,Persistence,2027-06-24 05:30:00,69.0,71.0,True
544,Persistence,2027-06-24 05:35:00,73.0,71.0,True
544,Persistence,2027-06-24 05:40:00,76.0,73.0,True
544,Persistence,2027-06-24 05:45:00,74.0,73.0,True
544,Persistence,2027-06-24 05:50:00,72.0,72.0,True
544,Persistence,2027-06-24 05:55:00,71.0,69.0,True
544,Persistence,2027-06-24 06:00:00,73.0,69.0,True
544,Persistence,2027-06-24 06:05:00,72.0,73.0,True
544,Persistence,2027-06-24 06:10:00,71.0,76.0,True
544,Persistence,2027-06-24 06:15:00,69.0,74.0,True
544,Persistence,2027-06-24 06:20:00,67.0,72.0,True
544,Persistence,2027-06-24 06:25:00,66.0,71.0,True
544,Persistence,2027-06-24 06:30:00,65.0,73.0,True
544,Persistence,2027-06-24 06:35:00,65.0,72.0,True
544,Persistence,2027-06-24 06:40:00,66.0,71.0,True
544,Persistence,2027-06-24 06:45:00,64.0,69.0,True
544,Persistence,2027-06-24 06:50:00,65.0,67.0,True
544,Persistence,2027-06-24 06:55:00,64.0,66.0,True
544,Persistence,2027-06-24 07:00:00,63.0,65.0,True
544,Persistence,2027-06-24 07:05:00,62.0,65.0,True
544,Persistence,2027-06-24 07:10:00,62.0,66.0,True
544,Persistence,2027-06-24 07:15:00,63.0,64.0,True
544,Persistence,2027-06-24 07:20:00,62.0,65.0,True
544,Persistence,2027-06-24 07:25:00,63.0,64.0,True
544,Persistence,2027-06-24 07:30:00,63.0,63.0,True
544,Persistence,2027-06-24 07:35:00,63.0,62.0,True
544,Persistence,2027-06-24 07:40:00,63.0,62.0,True
544,Persistence,2027-06-24 07:45:00,67.0,63.0,True
544,Persistence,2027-06-24 07:50:00,69.0,62.0,True
544,Persistence,2027-06-24 07:55:00,71.0,63.0,True
544,Persistence,2027-06-24 08:00:00,75.0,63.0,True
544,Persistence,2027-06-24 08:05:00,83.0,63.0,True
544,Persistence,2027-06-24 08:10:00,89.0,63.0,True
544,Persistence,2027-06-24 08:15:00,99.0,67.0,True
544,Persistence,2027-06-24 08:20:00,109.0,69.0,True
544,Persistence,2027-06-24 08:25:00,112.0,71.0,True
544,Persistence,2027-06-24 08:30:00,119.0,75.0,True
544,Persistence,2027-06-24 08:35:00,127.0,83.0,True
544,Persistence,2027-06-24 08:40:00,132.0,89.0,True
544,Persistence,2027-06-24 08:45:00,134.0,99.0,True
544,Persistence,2027-06-24 08:50:00,143.0,109.0,True
544,Persistence,2027-06-24 08:55:00,155.0,112.0,True
544,Persistence,2027-06-24 09:00:00,166.0,119.0,True
544,Persistence,2027-06-24 09:05:00,170.0,127.0,True
544,Persistence,2027-06-24 09:10:00,168.0,132.0,True
544,Persistence,2027-06-24 09:15:00,165.0,134.0,True
544,Persistence,2027-06-24 09:20:00,163.0,143.0,True
544,Persistence,2027-06-24 09:25:00,164.0,155.0,True
544,Persistence,2027-06-24 09:30:00,164.0,166.0,True
544,Persistence,2027-06-24 09:35:00,164.0,170.0,True
544,Persistence,2027-06-24 09:40:00,165.0,168.0,True
544,Persistence,2027-06-24 09:45:00,165.0,165.0,True
544,Persistence,2027-06-24 09:50:00,168.0,163.0,True
544,Persistence,2027-06-24 09:55:00,170.0,164.0,True
544,Persistence,2027-06-24 10:00:00,170.0,164.0,True
544,Persistence,2027-06-24 10:05:00,171.0,164.0,True
544,Persistence,2027-06-24 10:10:00,168.0,165.0,True
544,Persistence,2027-06-24 10:15:00,167.0,165.0,True
544,Persistence,2027-06-24 10:20:00,166.0,168.0,True
544,Persistence,2027-06-24 10:25:00,166.0,170.0,True
544,Persistence,2027-06-24 10:30:00,165.0,170.0,True
544,Persistence,2027-06-24 10:35:00,163.0,171.0,True
544,Persistence,2027-06-24 10:40:00,165.0,168.0,True
544,Persistence,2027-06-24 10:45:00,166.0,167.0,True
544,Persistence,2027-06-24 10:50:00,166.0,166.0,True
544,Persistence,2027-06-24 10:55:00,166.0,166.0,True
544,Persistence,2027-06-24 11:00:00,156.0,165.0,True
544,Persistence,2027-06-24 11:05:00,154.0,163.0,True
544,Persistence,2027-06-24 11:10:00,156.0,165.0,True
544,Persistence,2027-06-24 11:15:00,155.0,166.0,True
544,Persistence,2027-06-24 11:20:00,155.0,166.0,True
544,Persistence,2027-06-24 11:25:00,152.0,166.0,True
544,Persistence,2027-06-24 11:30:00,149.0,156.0,True
544,Persistence,2027-06-24 11:35:00,146.0,154.0,True
544,Persistence,2027-06-24 11:40:00,140.0,156.0,True
544,Persistence,2027-06-24 11:45:00,138.0,155.0,True
544,Persistence,2027-06-24 11:50:00,137.0,155.0,True
544,Persistence,2027-06-24 11:55:00,131.0,152.0,True
544,Persistence,2027-06-24 12:00:00,127.0,149.0,True
544,Persistence,2027-06-24 12:05:00,125.0,146.0,True
544,Persistence,2027-06-24 12:10:00,129.0,140.0,True
544,Persistence,2027-06-24 12:15:00,133.0,138.0,True
544,Persistence,2027-06-24 12:20:00,136.0,137.0,True
544,Persistence,2027-06-24 12:25:00,138.0,131.0,True
544,Persistence,2027-06-24 12:30:00,147.0,127.0,True
544,Persistence,2027-06-24 12:35:00,148.0,125.0,True
544,Persistence,2027-06-24 12:40:00,153.0,129.0,True
544,Persistence,2027-06-24 12:45:00,166.0,133.0,True
544,Persistence,2027-06-24 12:50:00,174.0,136.0,True
544,Persistence,2027-06-24 12:55:00,183.0,138.0,True
544,Persistence,2027-06-24 13:00:00,190.0,147.0,True
544,Persistence,2027-06-24 13:05:00,194.0,148.0,True
544,Persistence,2027-06-24 13:10:00,200.0,153.0,True
544,Persistence,2027-06-24 13:15:00,216.0,166.0,True
544,Persistence,2027-06-24 13:20:00,220.0,174.0,True
544,Persistence,2027-06-24 13:25:00,221.0,183.0,True
544,Persistence,2027-06-24 13:30:00,225.0,190.0,True
544,Persistence,2027-06-24 13:35:00,236.0,194.0,True
544,Persistence,2027-06-24 13:40:00,245.0,200.0,True
544,Persistence,2027-06-24 13:45:00,241.0,216.0,True
544,Persistence,2027-06-24 13:50:00,243.0,220.0,True
544,Persistence,2027-06-24 13:55:00,245.0,221.0,True
544,Persistence,2027-06-24 14:00:00,250.0,225.0,True
544,Persistence,2027-06-24 14:05:00,257.0,236.0,True
544,Persistence,2027-06-24 14:10:00,273.0,245.0,True
544,Persistence,2027-06-24 14:15:00,281.0,241.0,True
544,Persistence,2027-06-24 14:20:00,288.0,243.0,True
544,Persistence,2027-06-24 14:25:00,292.0,245.0,True
544,Persistence,2027-06-24 14:30:00,295.0,250.0,True
544,Persistence,2027-06-24 14:35:00,297.0,257.0,True
544,Persistence,2027-06-24 14:40:00,297.0,273.0,True
544,Persistence,2027-06-24 14:45:00,295.0,281.0,True
544,Persistence,2027-06-24 14:50:00,290.0,288.0,True
544,Persistence,2027-06-24 14:55:00,287.0,292.0,True
544,Persistence,2027-06-24 15:00:00,280.0,295.0,True
544,Persistence,2027-06-24 15:05:00,265.0,297.0,True
544,Persistence,2027-06-24 15:10:00,262.0,297.0,True
544,Persistence,2027-06-24 15:15:00,256.0,295.0,True
544,Persistence,2027-06-24 15:20:00,243.0,290.0,True
544,Persistence,2027-06-24 15:25:00,232.0,287.0,True
544,Persistence,2027-06-24 15:30:00,224.0,280.0,True
544,Persistence,2027-06-24 15:35:00,215.0,265.0,True
544,Persistence,2027-06-24 15:40:00,209.0,262.0,True
544,Persistence,2027-06-24 15:45:00,204.0,256.0,True
544,Persistence,2027-06-24 15:50:00,197.0,243.0,True
544,Persistence,2027-06-24 15:55:00,191.0,232.0,True
544,Persistence,2027-06-24 16:00:00,183.0,224.0,True
544,Persistence,2027-06-24 16:05:00,175.0,215.0,True
544,Persistence,2027-06-24 16:10:00,171.0,209.0,True
544,Persistence,2027-06-24 16:15:00,165.0,204.0,True
544,Persistence,2027-06-24 16:20:00,159.0,197.0,True
544,Persistence,2027-06-24 16:25:00,150.0,191.0,True
544,Persistence,2027-06-24 16:30:00,144.0,183.0,True
544,Persistence,2027-06-24 16:35:00,142.0,175.0,True
544,Persistence,2027-06-24 16:40:00,135.0,171.0,True
544,Persistence,2027-06-24 16:45:00,132.0,165.0,True
544,Persistence,2027-06-24 16:50:00,127.0,159.0,True
544,Persistence,2027-06-24 16:55:00,123.0,150.0,True
544,Persistence,2027-06-24 17:00:00,122.0,144.0,True
544,Persistence,2027-06-24 17:05:00,120.0,142.0,True
544,Persistence,2027-06-24 17:10:00,114.0,135.0,True
544,Persistence,2027-06-24 17:15:00,112.0,132.0,True
544,Persistence,2027-06-24 17:20:00,107.0,127.0,True
544,Persistence,2027-06-24 17:25:00,105.0,123.0,True
544,Persistence,2027-06-24 17:30:00,103.0,122.0,True
544,Persistence,2027-06-24 17:35:00,98.0,120.0,True
544,Persistence,2027-06-24 17:40:00,87.0,114.0,True
544,Persistence,2027-06-24 17:45:00,84.0,112.0,True
544,Persistence,2027-06-24 17:50:00,90.0,107.0,True
544,Persistence,2027-06-24 17:55:00,101.0,105.0,True
544,Persistence,2027-06-24 18:00:00,112.0,103.0,True
544,Persistence,2027-06-24 18:05:00,122.0,98.0,True
544,Persistence,2027-06-24 18:10:00,133.0,87.0,True
544,Persistence,2027-06-24 18:15:00,145.0,84.0,True
544,Persistence,2027-06-24 18:20:00,153.0,90.0,True
544,Persistence,2027-06-24 18:25:00,164.0,101.0,True
544,Persistence,2027-06-24 18:30:00,172.0,112.0,True
544,Persistence,2027-06-24 18:35:00,178.0,122.0,True
544,Persistence,2027-06-24 18:40:00,182.0,133.0,True
544,Persistence,2027-06-24 18:45:00,185.0,145.0,True
544,Persistence,2027-06-24 18:50:00,188.0,153.0,True
544,Persistence,2027-06-24 18:55:00,193.0,164.0,True
544,Persistence,2027-06-24 19:00:00,197.0,172.0,True
544,Persistence,2027-06-24 19:05:00,198.0,178.0,True
544,Persistence,2027-06-24 19:10:00,193.0,182.0,True
544,Persistence,2027-06-24 19:15:00,191.0,185.0,True
544,Persistence,2027-06-24 19:20:00,189.0,188.0,True
544,Persistence,2027-06-24 19:25:00,185.0,193.0,True
544,Persistence,2027-06-24 19:30:00,181.0,197.0,True
544,Persistence,2027-06-24 19:35:00,179.0,198.0,True
544,Persistence,2027-06-24 19:40:00,175.0,193.0,True
544,Persistence,2027-06-24 19:45:00,166.0,191.0,True
544,Persistence,2027-06-24 19:50:00,158.0,189.0,True
544,Persistence,2027-06-24 19:55:00,154.0,185.0,True
544,Persistence,2027-06-24 20:00:00,149.0,181.0,True
544,Persistence,2027-06-24 20:05:00,144.0,179.0,True
544,Persistence,2027-06-24 20:10:00,142.0,175.0,True
544,Persistence,2027-06-24 20:15:00,144.0,166.0,True
544,Persistence,2027-06-24 20:20:00,147.0,158.0,True
544,Persistence,2027-06-24 20:25:00,150.0,154.0,True
544,Persistence,2027-06-24 20:30:00,154.0,149.0,True
544,Persistence,2027-06-24 20:35:00,159.0,144.0,True
544,Persistence,2027-06-24 20:40:00,162.0,142.0,True
544,Persistence,2027-06-24 20:45:00,167.0,144.0,True
544,Persistence,2027-06-24 20:50:00,170.0,147.0,True
544,Persistence,2027-06-24 20:55:00,172.0,150.0,True
544,Persistence,2027-06-24 21:00:00,172.0,154.0,True
544,Persistence,2027-06-24 21:05:00,171.0,159.0,True
544,Persistence,2027-06-24 21:10:00,170.0,162.0,True
544,Persistence,2027-06-24 21:15:00,168.0,167.0,True
544,Persistence,2027-06-24 21:20:00,166.0,170.0,True
544,Persistence,2027-06-24 21:25:00,164.0,172.0,True
544,Persistence,2027-06-24 21:30:00,164.0,172.0,True
544,Persistence,2027-06-24 21:35:00,160.0,171.0,True
544,Persistence,2027-06-24 21:40:00,156.0,170.0,True
544,Persistence,2027-06-24 21:45:00,149.0,168.0,True
544,Persistence,2027-06-24 21:50:00,142.0,166.0,True
544,Persistence,2027-06-24 21:55:00,138.0,164.0,True
544,Persistence,2027-06-24 22:00:00,139.0,164.0,True
544,Persistence,2027-06-24 22:05:00,140.0,160.0,True
544,Persistence,2027-06-24 22:10:00,137.0,156.0,True
544,Persistence,2027-06-24 22:15:00,135.0,149.0,True
544,Persistence,2027-06-24 22:20:00,131.0,142.0,True
544,Persistence,2027-06-24 22:25:00,128.0,138.0,True
544,Persistence,2027-06-24 22:30:00,125.0,139.0,True
544,Persistence,2027-06-24 22:35:00,122.0,140.0,True
544,Persistence,2027-06-24 22:40:00,123.0,137.0,True
544,Persistence,2027-06-24 22:45:00,122.0,135.0,True
544,Persistence,2027-06-24 22:50:00,120.0,131.0,True
544,Persistence,2027-06-24 22:55:00,116.0,128.0,True
544,Persistence,2027-06-24 23:00:00,110.0,125.0,True
544,Persistence,2027-06-24 23:05:00,108.0,122.0,True
544,Persistence,2027-06-24 23:10:00,106.0,123.0,True
544,Persistence,2027-06-24 23:15:00,106.0,122.0,True
544,Persistence,2027-06-24 23:20:00,106.0,120.0,True
544,Persistence,2027-06-24 23:25:00,106.0,116.0,True
544,Persistence,2027-06-24 23:30:00,107.0,110.0,True
544,Persistence,2027-06-24 23:35:00,113.0,108.0,True
544,Persistence,2027-06-24 23:40:00,113.0,106.0,True
544,Persistence,2027-06-24 23:45:00,114.0,106.0,True
544,Persistence,2027-06-24 23:50:00,117.0,106.0,True
544,Persistence,2027-06-24 23:55:00,117.0,106.0,True
544,Persistence,2027-06-25 00:00:00,117.0,107.0,True
544,Persistence,2027-06-25 00:05:00,117.0,113.0,True
544,Persistence,2027-06-25 00:10:00,117.0,113.0,True
544,Persistence,2027-06-25 00:15:00,117.0,114.0,True
544,Persistence,2027-06-25 00:20:00,118.0,117.0,True
544,Persistence,2027-06-25 00:25:00,119.0,117.0,True
544,Persistence,2027-06-25 00:30:00,120.0,117.0,True
544,Persistence,2027-06-25 00:35:00,121.0,117.0,True
544,Persistence,2027-06-25 00:40:00,123.0,117.0,True
544,Persistence,2027-06-25 00:45:00,124.0,117.0,True
544,Persistence,2027-06-25 00:50:00,126.0,118.0,True
544,Persistence,2027-06-25 00:55:00,127.0,119.0,True
544,Persistence,2027-06-25 01:00:00,128.0,120.0,True
544,Persistence,2027-06-25 01:05:00,130.0,121.0,True
544,Persistence,2027-06-25 01:10:00,132.0,123.0,True
544,Persistence,2027-06-25 01:15:00,136.0,124.0,True
544,Persistence,2027-06-25 01:20:00,138.0,126.0,True
544,Persistence,2027-06-25 01:25:00,139.0,127.0,True
544,Persistence,2027-06-25 01:30:00,139.0,128.0,True
544,Persistence,2027-06-25 01:35:00,132.0,130.0,True
544,Persistence,2027-06-25 01:40:00,130.0,132.0,True
544,Persistence,2027-06-25 01:45:00,128.0,136.0,True
544,Persistence,2027-06-25 01:50:00,127.0,138.0,True
544,Persistence,2027-06-25 01:55:00,127.0,139.0,True
544,Persistence,2027-06-25 02:00:00,128.0,139.0,True
544,Persistence,2027-06-25 02:05:00,136.0,132.0,True
544,Persistence,2027-06-25 02:10:00,137.0,130.0,True
544,Persistence,2027-06-25 02:15:00,137.0,128.0,True
544,Persistence,2027-06-25 02:20:00,137.0,127.0,True
544,Persistence,2027-06-25 02:25:00,137.0,127.0,True
544,Persistence,2027-06-25 02:30:00,137.0,128.0,True
544,Persistence,2027-06-25 02:35:00,138.0,136.0,True
544,Persistence,2027-06-25 02:40:00,138.0,137.0,True
544,Persistence,2027-06-25 02:45:00,140.0,137.0,True
544,Persistence,2027-06-25 02:50:00,141.0,137.0,True
544,Persistence,2027-06-25 02:55:00,141.0,137.0,True
544,Persistence,2027-06-25 03:00:00,140.0,137.0,True
544,Persistence,2027-06-25 03:05:00,140.0,138.0,True
544,Persistence,2027-06-25 03:10:00,140.0,138.0,True
544,Persistence,2027-06-25 03:15:00,139.0,140.0,True
544,Persistence,2027-06-25 03:20:00,138.0,141.0,True
544,Persistence,2027-06-25 03:25:00,135.0,141.0,True
544,Persistence,2027-06-25 03:30:00,132.0,140.0,True
544,Persistence,2027-06-25 03:35:00,130.0,140.0,True
544,Persistence,2027-06-25 03:40:00,129.0,140.0,True
544,Persistence,2027-06-25 03:45:00,129.0,139.0,True
544,Persistence,2027-06-25 03:50:00,129.0,138.0,True
544,Persistence,2027-06-25 03:55:00,131.0,135.0,True
544,Persistence,2027-06-25 04:00:00,131.0,132.0,True
544,Persistence,2027-06-25 04:05:00,132.0,130.0,True
544,Persistence,2027-06-25 04:10:00,134.0,129.0,True
544,Persistence,2027-06-25 04:15:00,134.0,129.0,True
544,Persistence,2027-06-25 04:20:00,133.0,129.0,True
544,Persistence,2027-06-25 04:25:00,133.0,131.0,True
544,Persistence,2027-06-25 04:30:00,132.0,131.0,True
544,Persistence,2027-06-25 04:35:00,131.0,132.0,True
544,Persistence,2027-06-25 04:40:00,131.0,134.0,True
544,Persistence,2027-06-25 04:45:00,134.0,134.0,True
544,Persistence,2027-06-25 04:50:00,133.0,133.0,True
544,Persistence,2027-06-25 04:55:00,133.0,133.0,True
544,Persistence,2027-06-25 05:00:00,131.0,132.0,True
544,Persistence,2027-06-25 05:05:00,131.0,131.0,True
544,Persistence,2027-06-25 05:10:00,130.0,131.0,True
544,Persistence,2027-06-25 05:15:00,129.0,134.0,True
544,Persistence,2027-06-25 05:20:00,126.0,133.0,True
544,Persistence,2027-06-25 05:25:00,126.0,133.0,True
544,Persistence,2027-06-25 05:30:00,126.0,131.0,True
544,Persistence,2027-06-25 05:35:00,126.0,131.0,True
544,Persistence,2027-06-25 05:40:00,126.0,130.0,True
544,Persistence,2027-06-25 05:45:00,126.0,129.0,True
544,Persistence,2027-06-25 05:50:00,126.0,126.0,True
544,Persistence,2027-06-25 05:55:00,126.0,126.0,True
544,Persistence,2027-06-25 07:35:00,133.0,,False
544,Persistence,2027-06-25 07:40:00,134.0,,False
544,Persistence,2027-06-25 07:45:00,133.0,,False
544,Persistence,2027-06-25 07:50:00,131.0,,False
544,Persistence,2027-06-25 07:55:00,136.0,,False
544,Persistence,2027-06-25 08:00:00,140.0,,False
544,Persistence,2027-06-25 08:05:00,141.0,133.0,True
544,Persistence,2027-06-25 08:10:00,149.0,134.0,True
544,Persistence,2027-06-25 08:15:00,151.0,133.0,True
544,Persistence,2027-06-25 08:20:00,151.0,131.0,True
544,Persistence,2027-06-25 08:25:00,145.0,136.0,True
544,Persistence,2027-06-25 08:30:00,148.0,140.0,True
544,Persistence,2027-06-25 08:35:00,151.0,141.0,True
544,Persistence,2027-06-25 08:40:00,155.0,149.0,True
544,Persistence,2027-06-25 08:45:00,155.0,151.0,True
544,Persistence,2027-06-25 08:50:00,159.0,151.0,True
544,Persistence,2027-06-25 08:55:00,163.0,145.0,True
544,Persistence,2027-06-25 09:00:00,169.0,148.0,True
544,Persistence,2027-06-25 09:05:00,181.0,151.0,True
544,Persistence,2027-06-25 09:10:00,182.0,155.0,True
544,Persistence,2027-06-25 09:15:00,189.0,155.0,True
544,Persistence,2027-06-25 09:20:00,197.0,159.0,True
544,Persistence,2027-06-25 09:25:00,199.0,163.0,True
544,Persistence,2027-06-25 09:30:00,202.0,169.0,True
544,Persistence,2027-06-25 09:35:00,205.0,181.0,True
544,Persistence,2027-06-25 09:40:00,200.0,182.0,True
544,Persistence,2027-06-25 09:45:00,198.0,189.0,True
544,Persistence,2027-06-25 09:50:00,197.0,197.0,True
544,Persistence,2027-06-25 09:55:00,198.0,199.0,True
544,Persistence,2027-06-25 10:00:00,205.0,202.0,True
544,Persistence,2027-06-25 10:05:00,204.0,205.0,True
544,Persistence,2027-06-25 10:10:00,197.0,200.0,True
544,Persistence,2027-06-25 10:15:00,194.0,198.0,True
544,Persistence,2027-06-25 10:20:00,189.0,197.0,True
544,Persistence,2027-06-25 10:25:00,191.0,198.0,True
544,Persistence,2027-06-25 10:30:00,190.0,205.0,True
544,Persistence,2027-06-25 10:35:00,185.0,204.0,True
544,Persistence,2027-06-25 10:40:00,184.0,197.0,True
544,Persistence,2027-06-25 10:45:00,177.0,194.0,True
544,Persistence,2027-06-25 10:50:00,172.0,189.0,True
544,Persistence,2027-06-25 10:55:00,172.0,191.0,True
544,Persistence,2027-06-25 11:00:00,168.0,190.0,True
544,Persistence,2027-06-25 11:05:00,168.0,185.0,True
544,Persistence,2027-06-25 11:10:00,168.0,184.0,True
544,Persistence,2027-06-25 11:15:00,166.0,177.0,True
544,Persistence,2027-06-25 11:20:00,165.0,172.0,True
544,Persistence,2027-06-25 11:25:00,164.0,172.0,True
544,Persistence,2027-06-25 11:30:00,162.0,168.0,True
544,Persistence,2027-06-25 11:35:00,158.0,168.0,True
544,Persistence,2027-06-25 11:40:00,160.0,168.0,True
544,Persistence,2027-06-25 11:45:00,161.0,166.0,True
544,Persistence,2027-06-25 11:50:00,160.0,165.0,True
544,Persistence,2027-06-25 11:55:00,161.0,164.0,True
544,Persistence,2027-06-25 12:00:00,158.0,162.0,True
544,Persistence,2027-06-25 12:05:00,155.0,158.0,True
544,Persistence,2027-06-25 12:10:00,153.0,160.0,True
544,Persistence,2027-06-25 12:15:00,152.0,161.0,True
544,Persistence,2027-06-25 12:20:00,150.0,160.0,True
544,Persistence,2027-06-25 12:25:00,147.0,161.0,True
544,Persistence,2027-06-25 12:30:00,148.0,158.0,True
544,Persistence,2027-06-25 12:35:00,146.0,155.0,True
544,Persistence,2027-06-25 12:40:00,144.0,153.0,True
544,Persistence,2027-06-25 12:45:00,139.0,152.0,True
544,Persistence,2027-06-25 12:50:00,137.0,150.0,True
544,Persistence,2027-06-25 12:55:00,136.0,147.0,True
544,Persistence,2027-06-25 13:00:00,135.0,148.0,True
544,Persistence,2027-06-25 13:05:00,132.0,146.0,True
544,Persistence,2027-06-25 13:10:00,131.0,144.0,True
544,Persistence,2027-06-25 13:15:00,132.0,139.0,True
544,Persistence,2027-06-25 13:20:00,132.0,137.0,True
544,Persistence,2027-06-25 13:25:00,132.0,136.0,True
544,Persistence,2027-06-25 13:30:00,130.0,135.0,True
544,Persistence,2027-06-25 13:35:00,128.0,132.0,True
544,Persistence,2027-06-25 13:40:00,131.0,131.0,True
544,Persistence,2027-06-25 13:45:00,130.0,132.0,True
544,Persistence,2027-06-25 13:50:00,128.0,132.0,True
544,Persistence,2027-06-25 13:55:00,129.0,132.0,True
544,Persistence,2027-06-25 14:00:00,138.0,130.0,True
544,Persistence,2027-06-25 14:05:00,148.0,128.0,True
544,Persistence,2027-06-25 14:10:00,159.0,131.0,True
544,Persistence,2027-06-25 14:15:00,168.0,130.0,True
544,Persistence,2027-06-25 14:20:00,181.0,128.0,True
544,Persistence,2027-06-25 14:25:00,195.0,129.0,True
544,Persistence,2027-06-25 14:30:00,209.0,138.0,True
544,Persistence,2027-06-25 14:35:00,220.0,148.0,True
544,Persistence,2027-06-25 14:40:00,227.0,159.0,True
544,Persistence,2027-06-25 14:45:00,234.0,168.0,True
544,Persistence,2027-06-25 14:50:00,235.0,181.0,True
544,Persistence,2027-06-25 14:55:00,236.0,195.0,True
544,Persistence,2027-06-25 15:00:00,234.0,209.0,True
544,Persistence,2027-06-25 15:05:00,232.0,220.0,True
544,Persistence,2027-06-25 15:10:00,227.0,227.0,True
544,Persistence,2027-06-25 15:15:00,227.0,234.0,True
544,Persistence,2027-06-25 15:20:00,238.0,235.0,True
544,Persistence,2027-06-25 15:25:00,238.0,236.0,True
544,Persistence,2027-06-25 15:30:00,235.0,234.0,True
544,Persistence,2027-06-25 15:35:00,232.0,232.0,True
544,Persistence,2027-06-25 15:40:00,234.0,227.0,True
544,Persistence,2027-06-25 15:45:00,232.0,227.0,True
544,Persistence,2027-06-25 15:50:00,230.0,238.0,True
544,Persistence,2027-06-25 15:55:00,237.0,238.0,True
544,Persistence,2027-06-25 16:00:00,232.0,235.0,True
544,Persistence,2027-06-25 16:05:00,228.0,232.0,True
544,Persistence,2027-06-25 16:10:00,225.0,234.0,True
544,Persistence,2027-06-25 16:15:00,225.0,232.0,True
544,Persistence,2027-06-25 16:20:00,223.0,230.0,True
544,Persistence,2027-06-25 16:25:00,221.0,237.0,True
544,Persistence,2027-06-25 16:30:00,220.0,232.0,True
544,Persistence,2027-06-25 16:35:00,221.0,228.0,True
544,Persistence,2027-06-25 16:40:00,223.0,225.0,True
544,Persistence,2027-06-25 16:45:00,223.0,225.0,True
544,Persistence,2027-06-25 16:50:00,222.0,223.0,True
544,Persistence,2027-06-25 16:55:00,220.0,221.0,True
544,Persistence,2027-06-25 17:00:00,220.0,220.0,True
544,Persistence,2027-06-25 17:05:00,213.0,221.0,True
544,Persistence,2027-06-25 17:10:00,211.0,223.0,True
544,Persistence,2027-06-25 17:15:00,207.0,223.0,True
544,Persistence,2027-06-25 17:20:00,210.0,222.0,True
544,Persistence,2027-06-25 17:25:00,212.0,220.0,True
544,Persistence,2027-06-25 17:30:00,213.0,220.0,True
544,Persistence,2027-06-25 17:35:00,217.0,213.0,True
544,Persistence,2027-06-25 17:40:00,216.0,211.0,True
544,Persistence,2027-06-25 17:45:00,214.0,207.0,True
544,Persistence,2027-06-25 17:50:00,214.0,210.0,True
544,Persistence,2027-06-25 17:55:00,215.0,212.0,True
544,Persistence,2027-06-25 18:00:00,215.0,213.0,True
544,Persistence,2027-06-25 18:05:00,212.0,217.0,True
544,Persistence,2027-06-25 18:10:00,208.0,216.0,True
544,Persistence,2027-06-25 18:15:00,206.0,214.0,True
544,Persistence,2027-06-25 18:20:00,203.0,214.0,True
544,Persistence,2027-06-25 18:25:00,196.0,215.0,True
544,Persistence,2027-06-25 18:30:00,191.0,215.0,True
544,Persistence,2027-06-25 18:35:00,191.0,212.0,True
544,Persistence,2027-06-25 18:40:00,194.0,208.0,True
544,Persistence,2027-06-25 18:45:00,194.0,206.0,True
544,Persistence,2027-06-25 18:50:00,192.0,203.0,True
544,Persistence,2027-06-25 18:55:00,192.0,196.0,True
544,Persistence,2027-06-25 19:00:00,197.0,191.0,True
544,Persistence,2027-06-25 19:05:00,196.0,191.0,True
544,Persistence,2027-06-25 19:10:00,197.0,194.0,True
544,Persistence,2027-06-25 19:15:00,200.0,194.0,True
544,Persistence,2027-06-25 19:20:00,205.0,192.0,True
544,Persistence,2027-06-25 19:25:00,217.0,192.0,True
544,Persistence,2027-06-25 19:30:00,229.0,197.0,True
544,Persistence,2027-06-25 19:35:00,239.0,196.0,True
544,Persistence,2027-06-25 19:40:00,248.0,197.0,True
544,Persistence,2027-06-25 19:45:00,255.0,200.0,True
544,Persistence,2027-06-25 19:50:00,260.0,205.0,True
544,Persistence,2027-06-25 19:55:00,267.0,217.0,True
544,Persistence,2027-06-25 20:00:00,277.0,229.0,True
544,Persistence,2027-06-25 20:05:00,287.0,239.0,True
544,Persistence,2027-06-25 20:10:00,296.0,248.0,True
544,Persistence,2027-06-25 20:15:00,300.0,255.0,True
544,Persistence,2027-06-25 20:20:00,307.0,260.0,True
544,Persistence,2027-06-25 20:25:00,315.0,267.0,True
544,Persistence,2027-06-25 20:30:00,320.0,277.0,True
544,Persistence,2027-06-25 20:35:00,325.0,287.0,True
544,Persistence,2027-06-25 20:40:00,332.0,296.0,True
544,Persistence,2027-06-25 20:45:00,335.0,300.0,True
544,Persistence,2027-06-25 20:50:00,327.0,307.0,True
544,Persistence,2027-06-25 20:55:00,321.0,315.0,True
544,Persistence,2027-06-25 21:00:00,319.0,320.0,True
544,Persistence,2027-06-25 21:05:00,313.0,325.0,True
544,Persistence,2027-06-25 21:10:00,308.0,332.0,True
544,Persistence,2027-06-25 21:15:00,306.0,335.0,True
544,Persistence,2027-06-25 21:20:00,300.0,327.0,True
544,Persistence,2027-06-25 21:25:00,298.0,321.0,True
544,Persistence,2027-06-25 21:30:00,297.0,319.0,True
544,Persistence,2027-06-25 21:35:00,296.0,313.0,True
544,Persistence,2027-06-25 21:40:00,297.0,308.0,True
544,Persistence,2027-06-25 21:45:00,296.0,306.0,True
544,Persistence,2027-06-25 21:50:00,288.0,300.0,True
544,Persistence,2027-06-25 21:55:00,282.0,298.0,True
544,Persistence,2027-06-25 22:00:00,282.0,297.0,True
544,Persistence,2027-06-25 22:05:00,291.0,296.0,True
544,Persistence,2027-06-25 22:10:00,284.0,297.0,True
544,Persistence,2027-06-25 22:15:00,288.0,296.0,True
544,Persistence,2027-06-25 22:20:00,285.0,288.0,True
544,Persistence,2027-06-25 22:25:00,284.0,282.0,True
544,Persistence,2027-06-25 22:30:00,285.0,282.0,True
544,Persistence,2027-06-25 22:35:00,285.0,291.0,True
544,Persistence,2027-06-25 22:40:00,285.0,284.0,True
544,Persistence,2027-06-25 22:45:00,282.0,288.0,True
544,Persistence,2027-06-25 22:50:00,278.0,285.0,True
544,Persistence,2027-06-25 22:55:00,279.0,284.0,True
544,Persistence,2027-06-25 23:00:00,273.0,285.0,True
544,Persistence,2027-06-25 23:05:00,271.0,285.0,True
544,Persistence,2027-06-25 23:10:00,272.0,285.0,True
544,Persistence,2027-06-25 23:15:00,278.0,282.0,True
544,Persistence,2027-06-25 23:20:00,281.0,278.0,True
544,Persistence,2027-06-25 23:25:00,283.0,279.0,True
544,Persistence,2027-06-25 23:30:00,288.0,273.0,True
544,Persistence,2027-06-25 23:35:00,292.0,271.0,True
544,Persistence,2027-06-25 23:40:00,288.0,272.0,True
544,Persistence,2027-06-25 23:45:00,283.0,278.0,True
544,Persistence,2027-06-25 23:50:00,280.0,281.0,True
544,Persistence,2027-06-25 23:55:00,277.0,283.0,True
544,Persistence,2027-06-26 00:00:00,270.0,288.0,True
544,Persistence,2027-06-26 00:05:00,267.0,292.0,True
544,Persistence,2027-06-26 00:10:00,261.0,288.0,True
544,Persistence,2027-06-26 00:15:00,254.0,283.0,True
544,Persistence,2027-06-26 00:20:00,244.0,280.0,True
544,Persistence,2027-06-26 00:25:00,235.0,277.0,True
544,Persistence,2027-06-26 00:30:00,230.0,270.0,True
544,Persistence,2027-06-26 00:35:00,227.0,267.0,True
544,Persistence,2027-06-26 00:40:00,224.0,261.0,True
544,Persistence,2027-06-26 00:45:00,220.0,254.0,True
544,Persistence,2027-06-26 00:50:00,214.0,244.0,True
544,Persistence,2027-06-26 00:55:00,209.0,235.0,True
544,Persistence,2027-06-26 01:00:00,206.0,230.0,True
544,Persistence,2027-06-26 01:05:00,202.0,227.0,True
544,Persistence,2027-06-26 01:10:00,199.0,224.0,True
544,Persistence,2027-06-26 01:15:00,196.0,220.0,True
544,Persistence,2027-06-26 01:20:00,193.0,214.0,True
544,Persistence,2027-06-26 01:25:00,190.0,209.0,True
544,Persistence,2027-06-26 01:30:00,192.0,206.0,True
544,Persistence,2027-06-26 01:35:00,198.0,202.0,True
544,Persistence,2027-06-26 01:40:00,195.0,199.0,True
544,Persistence,2027-06-26 01:45:00,191.0,196.0,True
544,Persistence,2027-06-26 01:50:00,188.0,193.0,True
544,Persistence,2027-06-26 01:55:00,185.0,190.0,True
544,Persistence,2027-06-26 02:00:00,182.0,192.0,True
544,Persistence,2027-06-26 02:05:00,180.0,198.0,True
544,Persistence,2027-06-26 02:10:00,177.0,195.0,True
544,Persistence,2027-06-26 02:15:00,174.0,191.0,True
544,Persistence,2027-06-26 02:20:00,173.0,188.0,True
544,Persistence,2027-06-26 02:25:00,171.0,185.0,True
544,Persistence,2027-06-26 02:30:00,164.0,182.0,True
544,Persistence,2027-06-26 02:35:00,158.0,180.0,True
544,Persistence,2027-06-26 02:40:00,155.0,177.0,True
544,Persistence,2027-06-26 02:45:00,154.0,174.0,True
544,Persistence,2027-06-26 02:50:00,152.0,173.0,True
544,Persistence,2027-06-26 02:55:00,151.0,171.0,True
544,Persistence,2027-06-26 03:00:00,150.0,164.0,True
544,Persistence,2027-06-26 03:05:00,146.0,158.0,True
544,Persistence,2027-06-26 03:10:00,144.0,155.0,True
544,Persistence,2027-06-26 03:15:00,146.0,154.0,True
544,Persistence,2027-06-26 03:20:00,150.0,152.0,True
544,Persistence,2027-06-26 03:25:00,147.0,151.0,True
544,Persistence,2027-06-26 03:30:00,146.0,150.0,True
544,Persistence,2027-06-26 03:35:00,144.0,146.0,True
544,Persistence,2027-06-26 03:40:00,140.0,144.0,True
544,Persistence,2027-06-26 03:45:00,134.0,146.0,True
544,Persistence,2027-06-26 03:50:00,131.0,150.0,True
544,Persistence,2027-06-26 03:55:00,129.0,147.0,True
544,Persistence,2027-06-26 04:00:00,127.0,146.0,True
544,Persistence,2027-06-26 04:05:00,126.0,144.0,True
544,Persistence,2027-06-26 04:10:00,125.0,140.0,True
544,Persistence,2027-06-26 04:15:00,123.0,134.0,True
544,Persistence,2027-06-26 04:20:00,118.0,131.0,True
544,Persistence,2027-06-26 04:25:00,116.0,129.0,True
544,Persistence,2027-06-26 04:30:00,122.0,127.0,True
544,Persistence,2027-06-26 04:35:00,124.0,126.0,True
544,Persistence,2027-06-26 04:40:00,122.0,125.0,True
544,Persistence,2027-06-26 04:45:00,114.0,123.0,True
544,Persistence,2027-06-26 04:50:00,111.0,118.0,True
544,Persistence,2027-06-26 04:55:00,114.0,116.0,True
544,Persistence,2027-06-26 05:00:00,121.0,122.0,True
544,Persistence,2027-06-26 05:05:00,122.0,124.0,True
544,Persistence,2027-06-26 05:10:00,123.0,122.0,True
544,Persistence,2027-06-26 05:15:00,123.0,114.0,True
544,Persistence,2027-06-26 05:20:00,122.0,111.0,True
544,Persistence,2027-06-26 05:25:00,120.0,114.0,True
544,Persistence,2027-06-26 05:30:00,117.0,121.0,True
544,Persistence,2027-06-26 05:35:00,115.0,122.0,True
544,Persistence,2027-06-26 05:40:00,113.0,123.0,True
544,Persistence,2027-06-26 05:45:00,114.0,123.0,True
544,Persistence,2027-06-26 05:50:00,115.0,122.0,True
544,Persistence,2027-06-26 05:55:00,110.0,120.0,True
544,Persistence,2027-06-26 06:00:00,109.0,117.0,True
544,Persistence,2027-06-26 06:05:00,111.0,115.0,True
544,Persistence,2027-06-26 06:10:00,114.0,113.0,True
544,Persistence,2027-06-26 06:15:00,115.0,114.0,True
544,Persistence,2027-06-26 06:20:00,115.0,115.0,True
544,Persistence,2027-06-26 06:25:00,117.0,110.0,True
544,Persistence,2027-06-26 06:30:00,119.0,109.0,True
544,Persistence,2027-06-26 06:35:00,121.0,111.0,True
544,Persistence,2027-06-26 06:40:00,124.0,114.0,True
544,Persistence,2027-06-26 06:45:00,122.0,115.0,True
544,Persistence,2027-06-26 06:50:00,124.0,115.0,True
544,Persistence,2027-06-26 06:55:00,126.0,117.0,True
544,Persistence,2027-06-26 07:00:00,129.0,119.0,True
544,Persistence,2027-06-26 07:05:00,136.0,121.0,True
544,Persistence,2027-06-26 07:10:00,145.0,124.0,True
544,Persistence,2027-06-26 07:15:00,154.0,122.0,True
544,Persistence,2027-06-26 07:20:00,160.0,124.0,True
544,Persistence,2027-06-26 07:25:00,167.0,126.0,True
544,Persistence,2027-06-26 07:30:00,172.0,129.0,True
544,Persistence,2027-06-26 07:35:00,176.0,136.0,True
544,Persistence,2027-06-26 07:40:00,142.0,145.0,True
544,Persistence,2027-06-26 07:45:00,142.0,154.0,True
544,Persistence,2027-06-26 07:50:00,147.0,160.0,True
544,Persistence,2027-06-26 07:55:00,152.0,167.0,True
544,Persistence,2027-06-26 08:00:00,158.0,172.0,True
544,Persistence,2027-06-26 08:05:00,164.0,176.0,True
544,Persistence,2027-06-26 08:10:00,166.0,142.0,True
544,Persistence,2027-06-26 08:15:00,169.0,142.0,True
544,Persistence,2027-06-26 08:20:00,177.0,147.0,True
544,Persistence,2027-06-26 08:25:00,183.0,152.0,True
544,Persistence,2027-06-26 08:30:00,187.0,158.0,True
544,Persistence,2027-06-26 08:35:00,188.0,164.0,True
544,Persistence,2027-06-26 08:40:00,189.0,166.0,True
544,Persistence,2027-06-26 08:45:00,196.0,169.0,True
544,Persistence,2027-06-26 08:50:00,197.0,177.0,True
544,Persistence,2027-06-26 08:55:00,200.0,183.0,True
544,Persistence,2027-06-26 09:00:00,194.0,187.0,True
544,Persistence,2027-06-26 09:05:00,189.0,188.0,True
544,Persistence,2027-06-26 09:10:00,191.0,189.0,True
544,Persistence,2027-06-26 09:15:00,189.0,196.0,True
544,Persistence,2027-06-26 09:20:00,186.0,197.0,True
544,Persistence,2027-06-26 09:25:00,185.0,200.0,True
544,Persistence,2027-06-26 09:30:00,178.0,194.0,True
544,Persistence,2027-06-26 09:35:00,170.0,189.0,True
544,Persistence,2027-06-26 09:40:00,168.0,191.0,True
544,Persistence,2027-06-26 09:45:00,166.0,189.0,True
544,Persistence,2027-06-26 09:50:00,164.0,186.0,True
544,Persistence,2027-06-26 09:55:00,161.0,185.0,True
544,Persistence,2027-06-26 10:00:00,160.0,178.0,True
544,Persistence,2027-06-26 10:05:00,160.0,170.0,True
544,Persistence,2027-06-26 10:10:00,160.0,168.0,True
544,Persistence,2027-06-26 10:15:00,160.0,166.0,True
544,Persistence,2027-06-26 10:20:00,160.0,164.0,True
544,Persistence,2027-06-26 10:25:00,166.0,161.0,True
544,Persistence,2027-06-26 10:30:00,165.0,160.0,True
544,Persistence,2027-06-26 10:35:00,165.0,160.0,True
544,Persistence,2027-06-26 10:40:00,162.0,160.0,True
544,Persistence,2027-06-26 10:45:00,161.0,160.0,True
544,Persistence,2027-06-26 10:50:00,161.0,160.0,True
544,Persistence,2027-06-26 10:55:00,158.0,166.0,True
544,Persistence,2027-06-26 11:00:00,156.0,165.0,True
544,Persistence,2027-06-26 11:05:00,156.0,165.0,True
544,Persistence,2027-06-26 11:10:00,159.0,162.0,True
544,Persistence,2027-06-26 11:15:00,161.0,161.0,True
544,Persistence,2027-06-26 11:20:00,163.0,161.0,True
544,Persistence,2027-06-26 11:25:00,164.0,158.0,True
544,Persistence,2027-06-26 11:30:00,159.0,156.0,True
544,Persistence,2027-06-26 11:35:00,155.0,156.0,True
544,Persistence,2027-06-26 11:40:00,148.0,159.0,True
544,Persistence,2027-06-26 11:45:00,142.0,161.0,True
544,Persistence,2027-06-26 11:50:00,141.0,163.0,True
544,Persistence,2027-06-26 11:55:00,138.0,164.0,True
544,Persistence,2027-06-26 12:00:00,136.0,159.0,True
544,Persistence,2027-06-26 12:05:00,135.0,155.0,True
544,Persistence,2027-06-26 12:10:00,134.0,148.0,True
544,Persistence,2027-06-26 12:15:00,135.0,142.0,True
544,Persistence,2027-06-26 12:20:00,141.0,141.0,True
544,Persistence,2027-06-26 12:25:00,138.0,138.0,True
544,Persistence,2027-06-26 12:30:00,139.0,136.0,True
544,Persistence,2027-06-26 12:35:00,142.0,135.0,True
544,Persistence,2027-06-26 12:40:00,143.0,134.0,True
544,Persistence,2027-06-26 12:45:00,134.0,135.0,True
544,Persistence,2027-06-26 12:50:00,132.0,141.0,True
544,Persistence,2027-06-26 12:55:00,131.0,138.0,True
544,Persistence,2027-06-26 13:00:00,135.0,139.0,True
544,Persistence,2027-06-26 13:05:00,141.0,142.0,True
544,Persistence,2027-06-26 13:10:00,140.0,143.0,True
544,Persistence,2027-06-26 13:15:00,142.0,134.0,True
544,Persistence,2027-06-26 13:20:00,145.0,132.0,True
544,Persistence,2027-06-26 13:25:00,149.0,131.0,True
544,Persistence,2027-06-26 13:30:00,151.0,135.0,True
544,Persistence,2027-06-26 13:35:00,154.0,141.0,True
544,Persistence,2027-06-26 13:40:00,159.0,140.0,True
544,Persistence,2027-06-26 13:45:00,169.0,142.0,True
544,Persistence,2027-06-26 13:50:00,175.0,145.0,True
544,Persistence,2027-06-26 13:55:00,182.0,149.0,True
544,Persistence,2027-06-26 14:00:00,188.0,151.0,True
544,Persistence,2027-06-26 14:05:00,194.0,154.0,True
544,Persistence,2027-06-26 14:10:00,197.0,159.0,True
544,Persistence,2027-06-26 14:15:00,203.0,169.0,True
544,Persistence,2027-06-26 14:20:00,205.0,175.0,True
544,Persistence,2027-06-26 14:25:00,201.0,182.0,True
544,Persistence,2027-06-26 14:30:00,200.0,188.0,True
544,Persistence,2027-06-26 14:35:00,199.0,194.0,True
544,Persistence,2027-06-26 14:40:00,200.0,197.0,True
544,Persistence,2027-06-26 14:45:00,205.0,203.0,True
544,Persistence,2027-06-26 14:50:00,204.0,205.0,True
544,Persistence,2027-06-26 14:55:00,203.0,201.0,True
544,Persistence,2027-06-26 15:00:00,210.0,200.0,True
544,Persistence,2027-06-26 15:05:00,211.0,199.0,True
544,Persistence,2027-06-26 15:10:00,212.0,200.0,True
544,Persistence,2027-06-26 15:15:00,213.0,205.0,True
544,Persistence,2027-06-26 15:20:00,214.0,204.0,True
544,Persistence,2027-06-26 15:25:00,217.0,203.0,True
544,Persistence,2027-06-26 15:30:00,220.0,210.0,True
544,Persistence,2027-06-26 15:35:00,222.0,211.0,True
544,Persistence,2027-06-26 15:40:00,223.0,212.0,True
544,Persistence,2027-06-26 15:45:00,224.0,213.0,True
544,Persistence,2027-06-26 15:50:00,222.0,214.0,True
544,Persistence,2027-06-26 15:55:00,220.0,217.0,True
544,Persistence,2027-06-26 16:00:00,216.0,220.0,True
544,Persistence,2027-06-26 16:05:00,210.0,222.0,True
544,Persistence,2027-06-26 16:10:00,206.0,223.0,True
544,Persistence,2027-06-26 16:15:00,207.0,224.0,True
544,Persistence,2027-06-26 16:20:00,211.0,222.0,True
544,Persistence,2027-06-26 16:25:00,210.0,220.0,True
544,Persistence,2027-06-26 16:30:00,208.0,216.0,True
544,Persistence,2027-06-26 16:35:00,207.0,210.0,True
544,Persistence,2027-06-26 16:40:00,207.0,206.0,True
544,Persistence,2027-06-26 16:45:00,206.0,207.0,True
544,Persistence,2027-06-26 16:50:00,205.0,211.0,True
544,Persistence,2027-06-26 16:55:00,205.0,210.0,True
544,Persistence,2027-06-26 17:00:00,205.0,208.0,True
544,Persistence,2027-06-26 17:05:00,205.0,207.0,True
544,Persistence,2027-06-26 17:10:00,204.0,207.0,True
544,Persistence,2027-06-26 17:15:00,202.0,206.0,True
544,Persistence,2027-06-26 17:20:00,201.0,205.0,True
544,Persistence,2027-06-26 17:25:00,202.0,205.0,True
544,Persistence,2027-06-26 17:30:00,202.0,205.0,True
544,Persistence,2027-06-26 17:35:00,199.0,205.0,True
544,Persistence,2027-06-26 17:40:00,193.0,204.0,True
544,Persistence,2027-06-26 17:45:00,192.0,202.0,True
544,Persistence,2027-06-26 17:50:00,218.0,201.0,True
544,Persistence,2027-06-26 17:55:00,213.0,202.0,True
544,Persistence,2027-06-26 18:00:00,213.0,202.0,True
544,Persistence,2027-06-26 18:05:00,214.0,199.0,True
544,Persistence,2027-06-26 18:10:00,213.0,193.0,True
544,Persistence,2027-06-26 18:15:00,215.0,192.0,True
544,Persistence,2027-06-26 18:20:00,222.0,218.0,True
544,Persistence,2027-06-26 18:25:00,229.0,213.0,True
544,Persistence,2027-06-26 18:30:00,236.0,213.0,True
544,Persistence,2027-06-26 18:35:00,237.0,214.0,True
544,Persistence,2027-06-26 18:40:00,233.0,213.0,True
544,Persistence,2027-06-26 18:45:00,237.0,215.0,True
544,Persistence,2027-06-26 18:50:00,242.0,222.0,True
544,Persistence,2027-06-26 18:55:00,248.0,229.0,True
544,Persistence,2027-06-26 19:00:00,255.0,236.0,True
544,Persistence,2027-06-26 19:05:00,267.0,237.0,True
544,Persistence,2027-06-26 19:10:00,267.0,233.0,True
544,Persistence,2027-06-26 19:15:00,264.0,237.0,True
544,Persistence,2027-06-26 19:20:00,264.0,242.0,True
544,Persistence,2027-06-26 19:25:00,263.0,248.0,True
544,Persistence,2027-06-26 19:30:00,259.0,255.0,True
544,Persistence,2027-06-26 19:35:00,252.0,267.0,True
544,Persistence,2027-06-26 19:40:00,249.0,267.0,True
544,Persistence,2027-06-26 19:45:00,249.0,264.0,True
544,Persistence,2027-06-26 19:50:00,245.0,264.0,True
544,Persistence,2027-06-26 19:55:00,240.0,263.0,True
544,Persistence,2027-06-26 20:00:00,236.0,259.0,True
544,Persistence,2027-06-26 20:05:00,232.0,252.0,True
544,Persistence,2027-06-26 20:10:00,229.0,249.0,True
544,Persistence,2027-06-26 20:15:00,222.0,249.0,True
544,Persistence,2027-06-26 20:20:00,215.0,245.0,True
544,Persistence,2027-06-26 20:25:00,212.0,240.0,True
544,Persistence,2027-06-26 20:30:00,211.0,236.0,True
544,Persistence,2027-06-26 20:35:00,203.0,232.0,True
544,Persistence,2027-06-26 20:40:00,207.0,229.0,True
544,Persistence,2027-06-26 20:45:00,216.0,222.0,True
544,Persistence,2027-06-26 20:50:00,211.0,215.0,True
544,Persistence,2027-06-26 20:55:00,207.0,212.0,True
544,Persistence,2027-06-26 21:00:00,208.0,211.0,True
544,Persistence,2027-06-26 21:05:00,211.0,203.0,True
544,Persistence,2027-06-26 21:10:00,215.0,207.0,True
544,Persistence,2027-06-26 21:15:00,220.0,216.0,True
544,Persistence,2027-06-26 21:20:00,216.0,211.0,True
544,Persistence,2027-06-26 21:25:00,212.0,207.0,True
544,Persistence,2027-06-26 21:30:00,214.0,208.0,True
544,Persistence,2027-06-26 21:35:00,220.0,211.0,True
544,Persistence,2027-06-26 21:40:00,226.0,215.0,True
544,Persistence,2027-06-26 21:45:00,230.0,220.0,True
544,Persistence,2027-06-26 21:50:00,235.0,216.0,True
544,Persistence,2027-06-26 21:55:00,237.0,212.0,True
544,Persistence,2027-06-26 22:00:00,233.0,214.0,True
544,Persistence,2027-06-26 22:05:00,225.0,220.0,True
544,Persistence,2027-06-26 22:10:00,217.0,226.0,True
544,Persistence,2027-06-26 22:15:00,209.0,230.0,True
544,Persistence,2027-06-26 22:20:00,193.0,235.0,True
544,Persistence,2027-06-26 22:25:00,186.0,237.0,True
544,Persistence,2027-06-26 22:30:00,181.0,233.0,True
544,Persistence,2027-06-26 22:35:00,176.0,225.0,True
544,Persistence,2027-06-26 22:40:00,172.0,217.0,True
544,Persistence,2027-06-26 22:45:00,169.0,209.0,True
544,Persistence,2027-06-26 22:50:00,170.0,193.0,True
544,Persistence,2027-06-26 22:55:00,177.0,186.0,True
544,Persistence,2027-06-26 23:00:00,171.0,181.0,True
544,Persistence,2027-06-26 23:05:00,165.0,176.0,True
544,Persistence,2027-06-26 23:10:00,163.0,172.0,True
544,Persistence,2027-06-26 23:15:00,160.0,169.0,True
544,Persistence,2027-06-26 23:20:00,156.0,170.0,True
544,Persistence,2027-06-26 23:25:00,155.0,177.0,True
544,Persistence,2027-06-26 23:30:00,153.0,171.0,True
544,Persistence,2027-06-26 23:35:00,154.0,165.0,True
544,Persistence,2027-06-26 23:40:00,154.0,163.0,True
544,Persistence,2027-06-26 23:45:00,155.0,160.0,True
544,Persistence,2027-06-26 23:50:00,155.0,156.0,True
544,Persistence,2027-06-26 23:55:00,156.0,155.0,True
544,Persistence,2027-06-27 00:00:00,155.0,153.0,True
544,Persistence,2027-06-27 00:05:00,154.0,154.0,True
544,Persistence,2027-06-27 00:10:00,156.0,154.0,True
544,Persistence,2027-06-27 00:15:00,160.0,155.0,True
544,Persistence,2027-06-27 00:20:00,160.0,155.0,True
544,Persistence,2027-06-27 00:25:00,161.0,156.0,True
544,Persistence,2027-06-27 00:30:00,161.0,155.0,True
544,Persistence,2027-06-27 00:35:00,161.0,154.0,True
544,Persistence,2027-06-27 00:40:00,162.0,156.0,True
544,Persistence,2027-06-27 00:45:00,162.0,160.0,True
544,Persistence,2027-06-27 00:50:00,163.0,160.0,True
544,Persistence,2027-06-27 00:55:00,164.0,161.0,True
544,Persistence,2027-06-27 01:00:00,165.0,161.0,True
544,Persistence,2027-06-27 01:05:00,165.0,161.0,True
544,Persistence,2027-06-27 01:10:00,165.0,162.0,True
544,Persistence,2027-06-27 01:15:00,165.0,162.0,True
544,Persistence,2027-06-27 01:20:00,165.0,163.0,True
544,Persistence,2027-06-27 01:25:00,162.0,164.0,True
544,Persistence,2027-06-27 01:30:00,160.0,165.0,True
544,Persistence,2027-06-27 01:35:00,156.0,165.0,True
544,Persistence,2027-06-27 01:40:00,150.0,165.0,True
544,Persistence,2027-06-27 01:45:00,148.0,165.0,True
544,Persistence,2027-06-27 01:50:00,146.0,165.0,True
544,Persistence,2027-06-27 01:55:00,146.0,162.0,True
544,Persistence,2027-06-27 02:00:00,147.0,160.0,True
544,Persistence,2027-06-27 02:05:00,145.0,156.0,True
544,Persistence,2027-06-27 02:10:00,144.0,150.0,True
544,Persistence,2027-06-27 02:15:00,142.0,148.0,True
544,Persistence,2027-06-27 02:20:00,141.0,146.0,True
544,Persistence,2027-06-27 02:25:00,139.0,146.0,True
544,Persistence,2027-06-27 02:30:00,138.0,147.0,True
544,Persistence,2027-06-27 02:35:00,137.0,145.0,True
544,Persistence,2027-06-27 02:40:00,136.0,144.0,True
544,Persistence,2027-06-27 02:45:00,136.0,142.0,True
544,Persistence,2027-06-27 02:50:00,135.0,141.0,True
544,Persistence,2027-06-27 02:55:00,132.0,139.0,True
544,Persistence,2027-06-27 03:00:00,130.0,138.0,True
544,Persistence,2027-06-27 03:05:00,128.0,137.0,True
544,Persistence,2027-06-27 03:10:00,127.0,136.0,True
544,Persistence,2027-06-27 03:15:00,126.0,136.0,True
544,Persistence,2027-06-27 03:20:00,130.0,135.0,True
544,Persistence,2027-06-27 03:25:00,130.0,132.0,True
544,Persistence,2027-06-27 03:30:00,128.0,130.0,True
544,Persistence,2027-06-27 03:35:00,126.0,128.0,True
544,Persistence,2027-06-27 03:40:00,126.0,127.0,True
544,Persistence,2027-06-27 03:45:00,125.0,126.0,True
544,Persistence,2027-06-27 03:50:00,122.0,130.0,True
544,Persistence,2027-06-27 03:55:00,117.0,130.0,True
544,Persistence,2027-06-27 04:00:00,116.0,128.0,True
544,Persistence,2027-06-27 04:05:00,115.0,126.0,True
544,Persistence,2027-06-27 04:10:00,114.0,126.0,True
544,Persistence,2027-06-27 04:15:00,114.0,125.0,True
544,Persistence,2027-06-27 04:20:00,117.0,122.0,True
544,Persistence,2027-06-27 04:25:00,119.0,117.0,True
544,Persistence,2027-06-27 04:30:00,120.0,116.0,True
544,Persistence,2027-06-27 04:35:00,116.0,115.0,True
544,Persistence,2027-06-27 04:40:00,109.0,114.0,True
544,Persistence,2027-06-27 04:45:00,107.0,114.0,True
544,Persistence,2027-06-27 04:50:00,106.0,117.0,True
544,Persistence,2027-06-27 04:55:00,105.0,119.0,True
544,Persistence,2027-06-27 05:00:00,104.0,120.0,True
544,Persistence,2027-06-27 05:05:00,104.0,116.0,True
544,Persistence,2027-06-27 05:10:00,103.0,109.0,True
544,Persistence,2027-06-27 05:15:00,103.0,107.0,True
544,Persistence,2027-06-27 05:20:00,103.0,106.0,True
544,Persistence,2027-06-27 05:25:00,109.0,105.0,True
544,Persistence,2027-06-27 05:30:00,110.0,104.0,True
544,Persistence,2027-06-27 05:35:00,110.0,104.0,True
544,Persistence,2027-06-27 05:40:00,110.0,103.0,True
544,Persistence,2027-06-27 05:45:00,105.0,103.0,True
544,Persistence,2027-06-27 05:50:00,100.0,103.0,True
544,Persistence,2027-06-27 05:55:00,98.0,109.0,True
544,Persistence,2027-06-27 06:00:00,97.0,110.0,True
544,Persistence,2027-06-27 06:05:00,96.0,110.0,True
544,Persistence,2027-06-27 06:10:00,99.0,110.0,True
544,Persistence,2027-06-27 06:15:00,102.0,105.0,True
544,Persistence,2027-06-27 06:20:00,104.0,100.0,True
544,Persistence,2027-06-27 06:25:00,106.0,98.0,True
544,Persistence,2027-06-27 06:30:00,107.0,97.0,True
544,Persistence,2027-06-27 06:35:00,105.0,96.0,True
544,Persistence,2027-06-27 06:40:00,107.0,99.0,True
544,Persistence,2027-06-27 06:45:00,109.0,102.0,True
544,Persistence,2027-06-27 06:50:00,108.0,104.0,True
544,Persistence,2027-06-27 06:55:00,107.0,106.0,True
544,Persistence,2027-06-27 07:00:00,106.0,107.0,True
544,Persistence,2027-06-27 07:05:00,106.0,105.0,True
544,Persistence,2027-06-27 07:10:00,104.0,107.0,True
544,Persistence,2027-06-27 07:15:00,101.0,109.0,True
544,Persistence,2027-06-27 07:20:00,101.0,108.0,True
544,Persistence,2027-06-27 07:25:00,101.0,107.0,True
544,Persistence,2027-06-27 07:30:00,101.0,106.0,True
544,Persistence,2027-06-27 07:35:00,101.0,106.0,True
544,Persistence,2027-06-27 07:40:00,102.0,104.0,True
544,Persistence,2027-06-27 07:45:00,101.0,101.0,True
544,Persistence,2027-06-27 07:50:00,101.0,101.0,True
544,Persistence,2027-06-27 07:55:00,100.0,101.0,True
544,Persistence,2027-06-27 08:00:00,100.0,101.0,True
544,Persistence,2027-06-27 08:05:00,100.0,101.0,True
544,Persistence,2027-06-27 08:10:00,104.0,102.0,True
544,Persistence,2027-06-27 08:15:00,106.0,101.0,True
544,Persistence,2027-06-27 08:20:00,110.0,101.0,True
544,Persistence,2027-06-27 08:25:00,118.0,100.0,True
544,Persistence,2027-06-27 08:30:00,126.0,100.0,True
544,Persistence,2027-06-27 08:35:00,136.0,100.0,True
544,Persistence,2027-06-27 08:40:00,140.0,104.0,True
544,Persistence,2027-06-27 08:45:00,146.0,106.0,True
544,Persistence,2027-06-27 08:50:00,149.0,110.0,True
544,Persistence,2027-06-27 08:55:00,150.0,118.0,True
544,Persistence,2027-06-27 09:00:00,154.0,126.0,True
544,Persistence,2027-06-27 09:05:00,159.0,136.0,True
544,Persistence,2027-06-27 09:10:00,167.0,140.0,True
544,Persistence,2027-06-27 09:15:00,178.0,146.0,True
544,Persistence,2027-06-27 09:20:00,191.0,149.0,True
544,Persistence,2027-06-27 09:25:00,206.0,150.0,True
544,Persistence,2027-06-27 09:30:00,212.0,154.0,True
544,Persistence,2027-06-27 09:35:00,215.0,159.0,True
544,Persistence,2027-06-27 09:40:00,216.0,167.0,True
544,Persistence,2027-06-27 09:45:00,218.0,178.0,True
544,Persistence,2027-06-27 09:50:00,218.0,191.0,True
544,Persistence,2027-06-27 09:55:00,211.0,206.0,True
544,Persistence,2027-06-27 10:00:00,202.0,212.0,True
544,Persistence,2027-06-27 10:05:00,198.0,215.0,True
544,Persistence,2027-06-27 10:10:00,196.0,216.0,True
544,Persistence,2027-06-27 10:15:00,195.0,218.0,True
544,Persistence,2027-06-27 10:20:00,197.0,218.0,True
544,Persistence,2027-06-27 10:25:00,199.0,211.0,True
544,Persistence,2027-06-27 10:30:00,199.0,202.0,True
544,Persistence,2027-06-27 10:35:00,197.0,198.0,True
544,Persistence,2027-06-27 10:40:00,193.0,196.0,True
544,Persistence,2027-06-27 10:45:00,185.0,195.0,True
544,Persistence,2027-06-27 10:50:00,180.0,197.0,True
544,Persistence,2027-06-27 10:55:00,171.0,199.0,True
544,Persistence,2027-06-27 11:00:00,173.0,199.0,True
544,Persistence,2027-06-27 11:05:00,170.0,197.0,True
544,Persistence,2027-06-27 11:10:00,166.0,193.0,True
544,Persistence,2027-06-27 11:15:00,164.0,185.0,True
544,Persistence,2027-06-27 11:20:00,158.0,180.0,True
544,Persistence,2027-06-27 11:25:00,148.0,171.0,True
544,Persistence,2027-06-27 11:30:00,144.0,173.0,True
544,Persistence,2027-06-27 11:35:00,147.0,170.0,True
544,Persistence,2027-06-27 11:40:00,145.0,166.0,True
544,Persistence,2027-06-27 11:45:00,141.0,164.0,True
544,Persistence,2027-06-27 11:50:00,140.0,158.0,True
544,Persistence,2027-06-27 11:55:00,139.0,148.0,True
544,Persistence,2027-06-27 12:00:00,142.0,144.0,True
544,Persistence,2027-06-27 12:05:00,147.0,147.0,True
544,Persistence,2027-06-27 12:10:00,150.0,145.0,True
544,Persistence,2027-06-27 12:15:00,153.0,141.0,True
544,Persistence,2027-06-27 12:20:00,159.0,140.0,True
544,Persistence,2027-06-27 12:25:00,165.0,139.0,True
544,Persistence,2027-06-27 12:30:00,168.0,142.0,True
544,Persistence,2027-06-27 12:35:00,175.0,147.0,True
544,Persistence,2027-06-27 12:40:00,180.0,150.0,True
544,Persistence,2027-06-27 12:45:00,186.0,153.0,True
544,Persistence,2027-06-27 12:50:00,199.0,159.0,True
544,Persistence,2027-06-27 12:55:00,208.0,165.0,True
544,Persistence,2027-06-27 13:00:00,216.0,168.0,True
544,Persistence,2027-06-27 13:05:00,220.0,175.0,True
544,Persistence,2027-06-27 13:10:00,220.0,180.0,True
544,Persistence,2027-06-27 13:15:00,214.0,186.0,True
544,Persistence,2027-06-27 13:20:00,211.0,199.0,True
544,Persistence,2027-06-27 13:25:00,214.0,208.0,True
544,Persistence,2027-06-27 13:30:00,211.0,216.0,True
544,Persistence,2027-06-27 13:35:00,204.0,220.0,True
544,Persistence,2027-06-27 13:40:00,199.0,220.0,True
544,Persistence,2027-06-27 13:45:00,195.0,214.0,True
544,Persistence,2027-06-27 13:50:00,196.0,211.0,True
544,Persistence,2027-06-27 13:55:00,199.0,214.0,True
544,Persistence,2027-06-27 14:00:00,203.0,211.0,True
544,Persistence,2027-06-27 14:05:00,209.0,204.0,True
544,Persistence,2027-06-27 14:10:00,214.0,199.0,True
544,Persistence,2027-06-27 14:15:00,221.0,195.0,True
544,Persistence,2027-06-27 14:20:00,226.0,196.0,True
544,Persistence,2027-06-27 14:25:00,229.0,199.0,True
544,Persistence,2027-06-27 14:30:00,227.0,203.0,True
544,Persistence,2027-06-27 14:35:00,220.0,209.0,True
544,Persistence,2027-06-27 14:40:00,212.0,214.0,True
544,Persistence,2027-06-27 14:45:00,208.0,221.0,True
544,Persistence,2027-06-27 14:50:00,205.0,226.0,True
544,Persistence,2027-06-27 14:55:00,201.0,229.0,True
544,Persistence,2027-06-27 15:00:00,203.0,227.0,True
544,Persistence,2027-06-27 15:05:00,206.0,220.0,True
544,Persistence,2027-06-27 15:10:00,203.0,212.0,True
544,Persistence,2027-06-27 15:15:00,195.0,208.0,True
544,Persistence,2027-06-27 15:20:00,198.0,205.0,True
544,Persistence,2027-06-27 15:25:00,200.0,201.0,True
544,Persistence,2027-06-27 15:30:00,198.0,203.0,True
544,Persistence,2027-06-27 15:35:00,198.0,206.0,True
544,Persistence,2027-06-27 15:40:00,205.0,203.0,True
544,Persistence,2027-06-27 15:45:00,210.0,195.0,True
544,Persistence,2027-06-27 15:50:00,212.0,198.0,True
544,Persistence,2027-06-27 15:55:00,211.0,200.0,True
544,Persistence,2027-06-27 16:00:00,208.0,198.0,True
544,Persistence,2027-06-27 16:05:00,205.0,198.0,True
544,Persistence,2027-06-27 16:10:00,201.0,205.0,True
544,Persistence,2027-06-27 16:15:00,196.0,210.0,True
544,Persistence,2027-06-27 16:20:00,189.0,212.0,True
544,Persistence,2027-06-27 16:25:00,188.0,211.0,True
544,Persistence,2027-06-27 16:30:00,193.0,208.0,True
544,Persistence,2027-06-27 16:35:00,193.0,205.0,True
544,Persistence,2027-06-27 16:40:00,189.0,201.0,True
544,Persistence,2027-06-27 16:45:00,185.0,196.0,True
544,Persistence,2027-06-27 16:50:00,183.0,189.0,True
544,Persistence,2027-06-27 16:55:00,182.0,188.0,True
544,Persistence,2027-06-27 17:00:00,181.0,193.0,True
544,Persistence,2027-06-27 17:05:00,181.0,193.0,True
544,Persistence,2027-06-27 17:10:00,181.0,189.0,True
544,Persistence,2027-06-27 17:15:00,180.0,185.0,True
544,Persistence,2027-06-27 17:20:00,179.0,183.0,True
544,Persistence,2027-06-27 17:25:00,179.0,182.0,True
544,Persistence,2027-06-27 17:30:00,177.0,181.0,True
544,Persistence,2027-06-27 17:35:00,174.0,181.0,True
544,Persistence,2027-06-27 17:40:00,170.0,181.0,True
544,Persistence,2027-06-27 17:45:00,172.0,180.0,True
544,Persistence,2027-06-27 17:50:00,172.0,179.0,True
544,Persistence,2027-06-27 17:55:00,170.0,179.0,True
544,Persistence,2027-06-27 18:00:00,167.0,177.0,True
544,Persistence,2027-06-27 18:05:00,167.0,174.0,True
544,Persistence,2027-06-27 18:10:00,169.0,170.0,True
544,Persistence,2027-06-27 18:15:00,168.0,172.0,True
544,Persistence,2027-06-27 18:20:00,165.0,172.0,True
544,Persistence,2027-06-27 18:25:00,169.0,170.0,True
544,Persistence,2027-06-27 18:30:00,169.0,167.0,True
544,Persistence,2027-06-27 18:35:00,169.0,167.0,True
544,Persistence,2027-06-27 18:40:00,169.0,169.0,True
544,Persistence,2027-06-27 18:45:00,169.0,168.0,True
544,Persistence,2027-06-27 18:50:00,169.0,165.0,True
544,Persistence,2027-06-27 18:55:00,169.0,169.0,True
544,Persistence,2027-06-27 19:00:00,169.0,169.0,True
544,Persistence,2027-06-28 23:20:00,160.0,,False
544,Persistence,2027-06-28 23:25:00,158.0,,False
544,Persistence,2027-06-28 23:30:00,156.0,,False
544,Persistence,2027-06-28 23:35:00,151.0,,False
544,Persistence,2027-06-28 23:40:00,147.0,,False
544,Persistence,2027-06-28 23:45:00,144.0,,False
544,Persistence,2027-06-28 23:50:00,143.0,160.0,True
544,Persistence,2027-06-28 23:55:00,140.0,158.0,True
544,Persistence,2027-06-29 00:00:00,136.0,156.0,True
544,Persistence,2027-06-29 00:05:00,135.0,151.0,True
544,Persistence,2027-06-29 00:10:00,139.0,147.0,True
544,Persistence,2027-06-29 00:15:00,144.0,144.0,True
544,Persistence,2027-06-29 00:20:00,141.0,143.0,True
544,Persistence,2027-06-29 00:25:00,139.0,140.0,True
544,Persistence,2027-06-29 00:30:00,137.0,136.0,True
544,Persistence,2027-06-29 00:35:00,136.0,135.0,True
544,Persistence,2027-06-29 00:40:00,136.0,139.0,True
544,Persistence,2027-06-29 00:45:00,136.0,144.0,True
544,Persistence,2027-06-29 00:50:00,136.0,141.0,True
544,Persistence,2027-06-29 00:55:00,137.0,139.0,True
544,Persistence,2027-06-29 01:00:00,137.0,137.0,True
544,Persistence,2027-06-29 01:05:00,137.0,136.0,True
544,Persistence,2027-06-29 01:10:00,136.0,136.0,True
544,Persistence,2027-06-29 01:15:00,135.0,136.0,True
544,Persistence,2027-06-29 01:20:00,134.0,136.0,True
544,Persistence,2027-06-29 01:25:00,133.0,137.0,True
544,Persistence,2027-06-29 01:30:00,133.0,137.0,True
544,Persistence,2027-06-29 01:35:00,131.0,137.0,True
544,Persistence,2027-06-29 01:40:00,130.0,136.0,True
544,Persistence,2027-06-29 01:45:00,135.0,135.0,True
544,Persistence,2027-06-29 01:50:00,139.0,134.0,True
544,Persistence,2027-06-29 01:55:00,140.0,133.0,True
544,Persistence,2027-06-29 02:00:00,150.0,133.0,True
544,Persistence,2027-06-29 02:05:00,161.0,131.0,True
544,Persistence,2027-06-29 02:10:00,156.0,130.0,True
544,Persistence,2027-06-29 02:15:00,147.0,135.0,True
544,Persistence,2027-06-29 02:20:00,137.0,139.0,True
544,Persistence,2027-06-29 02:25:00,127.0,140.0,True
544,Persistence,2027-06-29 02:30:00,118.0,150.0,True
544,Persistence,2027-06-29 02:35:00,111.0,161.0,True
544,Persistence,2027-06-29 02:40:00,105.0,156.0,True
544,Persistence,2027-06-29 02:45:00,100.0,147.0,True
544,Persistence,2027-06-29 02:50:00,99.0,137.0,True
544,Persistence,2027-06-29 02:55:00,100.0,127.0,True
544,Persistence,2027-06-29 03:00:00,99.0,118.0,True
544,Persistence,2027-06-29 03:05:00,97.0,111.0,True
544,Persistence,2027-06-29 03:10:00,99.0,105.0,True
544,Persistence,2027-06-29 03:15:00,119.0,100.0,True
544,Persistence,2027-06-29 03:20:00,144.0,99.0,True
544,Persistence,2027-06-29 03:25:00,134.0,100.0,True
544,Persistence,2027-06-29 03:30:00,132.0,99.0,True
544,Persistence,2027-06-29 03:35:00,121.0,97.0,True
544,Persistence,2027-06-29 03:40:00,118.0,99.0,True
544,Persistence,2027-06-29 03:45:00,127.0,119.0,True
544,Persistence,2027-06-29 03:50:00,127.0,144.0,True
544,Persistence,2027-06-29 03:55:00,121.0,134.0,True
544,Persistence,2027-06-29 04:00:00,113.0,132.0,True
544,Persistence,2027-06-29 04:05:00,105.0,121.0,True
544,Persistence,2027-06-29 04:10:00,100.0,118.0,True
544,Persistence,2027-06-29 04:15:00,94.0,127.0,True
544,Persistence,2027-06-29 04:20:00,87.0,127.0,True
544,Persistence,2027-06-29 04:25:00,81.0,121.0,True
544,Persistence,2027-06-29 04:30:00,77.0,113.0,True
544,Persistence,2027-06-29 04:35:00,74.0,105.0,True
544,Persistence,2027-06-29 04:40:00,73.0,100.0,True
544,Persistence,2027-06-29 04:45:00,73.0,94.0,True
544,Persistence,2027-06-29 04:50:00,73.0,87.0,True
544,Persistence,2027-06-29 04:55:00,79.0,81.0,True
544,Persistence,2027-06-29 05:00:00,81.0,77.0,True
544,Persistence,2027-06-29 05:05:00,81.0,74.0,True
544,Persistence,2027-06-29 05:10:00,80.0,73.0,True
544,Persistence,2027-06-29 05:15:00,79.0,73.0,True
544,Persistence,2027-06-29 05:20:00,72.0,73.0,True
544,Persistence,2027-06-29 05:25:00,76.0,79.0,True
544,Persistence,2027-06-29 05:30:00,85.0,81.0,True
544,Persistence,2027-06-29 05:35:00,86.0,81.0,True
544,Persistence,2027-06-29 05:40:00,83.0,80.0,True
544,Persistence,2027-06-29 05:45:00,81.0,79.0,True
544,Persistence,2027-06-29 05:50:00,80.0,72.0,True
544,Persistence,2027-06-29 05:55:00,77.0,76.0,True
544,Persistence,2027-06-29 06:00:00,74.0,85.0,True
544,Persistence,2027-06-29 06:05:00,74.0,86.0,True
544,Persistence,2027-06-29 06:10:00,79.0,83.0,True
544,Persistence,2027-06-29 06:15:00,84.0,81.0,True
544,Persistence,2027-06-29 06:20:00,90.0,80.0,True
544,Persistence,2027-06-29 06:25:00,97.0,77.0,True
544,Persistence,2027-06-29 06:30:00,98.0,74.0,True
544,Persistence,2027-06-29 06:35:00,101.0,74.0,True
544,Persistence,2027-06-29 06:40:00,105.0,79.0,True
544,Persistence,2027-06-29 06:45:00,116.0,84.0,True
544,Persistence,2027-06-29 06:50:00,116.0,90.0,True
544,Persistence,2027-06-29 06:55:00,116.0,97.0,True
544,Persistence,2027-06-29 07:00:00,116.0,98.0,True
544,Persistence,2027-06-29 07:05:00,116.0,101.0,True
544,Persistence,2027-06-29 07:10:00,143.0,105.0,True
544,Persistence,2027-06-29 07:15:00,143.0,116.0,True
544,Persistence,2027-06-29 07:20:00,148.0,116.0,True
544,Persistence,2027-06-29 07:25:00,156.0,116.0,True
544,Persistence,2027-06-29 07:30:00,166.0,116.0,True
544,Persistence,2027-06-29 07:35:00,179.0,116.0,True
544,Persistence,2027-06-29 07:40:00,190.0,143.0,True
544,Persistence,2027-06-29 07:45:00,198.0,143.0,True
544,Persistence,2027-06-29 07:50:00,205.0,148.0,True
544,Persistence,2027-06-29 07:55:00,211.0,156.0,True
544,Persistence,2027-06-29 08:00:00,219.0,166.0,True
544,Persistence,2027-06-29 08:05:00,224.0,179.0,True
544,Persistence,2027-06-29 08:10:00,230.0,190.0,True
544,Persistence,2027-06-29 08:15:00,232.0,198.0,True
544,Persistence,2027-06-29 08:20:00,226.0,205.0,True
544,Persistence,2027-06-29 08:25:00,220.0,211.0,True
544,Persistence,2027-06-29 08:30:00,222.0,219.0,True
544,Persistence,2027-06-29 08:35:00,225.0,224.0,True
544,Persistence,2027-06-29 08:40:00,225.0,230.0,True
544,Persistence,2027-06-29 08:45:00,220.0,232.0,True
544,Persistence,2027-06-29 08:50:00,218.0,226.0,True
544,Persistence,2027-06-29 08:55:00,214.0,220.0,True
544,Persistence,2027-06-29 09:00:00,211.0,222.0,True
544,Persistence,2027-06-29 09:05:00,205.0,225.0,True
544,Persistence,2027-06-29 09:10:00,198.0,225.0,True
544,Persistence,2027-06-29 09:15:00,191.0,220.0,True
544,Persistence,2027-06-29 09:20:00,187.0,218.0,True
544,Persistence,2027-06-29 09:25:00,181.0,214.0,True
544,Persistence,2027-06-29 09:30:00,180.0,211.0,True
544,Persistence,2027-06-29 09:35:00,178.0,205.0,True
544,Persistence,2027-06-29 09:40:00,174.0,198.0,True
544,Persistence,2027-06-29 09:45:00,170.0,191.0,True
544,Persistence,2027-06-29 09:50:00,167.0,187.0,True
544,Persistence,2027-06-29 09:55:00,168.0,181.0,True
544,Persistence,2027-06-29 10:00:00,168.0,180.0,True
544,Persistence,2027-06-29 10:05:00,164.0,178.0,True
544,Persistence,2027-06-29 10:10:00,158.0,174.0,True
544,Persistence,2027-06-29 10:15:00,151.0,170.0,True
544,Persistence,2027-06-29 10:20:00,147.0,167.0,True
544,Persistence,2027-06-29 10:25:00,145.0,168.0,True
544,Persistence,2027-06-29 10:30:00,146.0,168.0,True
544,Persistence,2027-06-29 10:35:00,147.0,164.0,True
544,Persistence,2027-06-29 10:40:00,144.0,158.0,True
544,Persistence,2027-06-29 10:45:00,143.0,151.0,True
544,Persistence,2027-06-29 10:50:00,145.0,147.0,True
544,Persistence,2027-06-29 10:55:00,151.0,145.0,True
544,Persistence,2027-06-29 11:00:00,156.0,146.0,True
544,Persistence,2027-06-29 11:05:00,153.0,147.0,True
544,Persistence,2027-06-29 11:10:00,160.0,144.0,True
544,Persistence,2027-06-29 11:15:00,167.0,143.0,True
544,Persistence,2027-06-29 11:20:00,166.0,145.0,True
544,Persistence,2027-06-29 11:25:00,156.0,151.0,True
544,Persistence,2027-06-29 11:30:00,149.0,156.0,True
544,Persistence,2027-06-29 11:35:00,144.0,153.0,True
544,Persistence,2027-06-29 11:40:00,141.0,160.0,True
544,Persistence,2027-06-29 11:45:00,140.0,167.0,True
544,Persistence,2027-06-29 11:50:00,134.0,166.0,True
544,Persistence,2027-06-29 11:55:00,130.0,156.0,True
544,Persistence,2027-06-29 12:00:00,126.0,149.0,True
544,Persistence,2027-06-29 12:05:00,123.0,144.0,True
544,Persistence,2027-06-29 12:10:00,124.0,141.0,True
544,Persistence,2027-06-29 12:15:00,124.0,140.0,True
544,Persistence,2027-06-29 12:20:00,125.0,134.0,True
544,Persistence,2027-06-29 12:25:00,124.0,130.0,True
544,Persistence,2027-06-29 12:30:00,120.0,126.0,True
544,Persistence,2027-06-29 12:35:00,117.0,123.0,True
544,Persistence,2027-06-29 12:40:00,116.0,124.0,True
544,Persistence,2027-06-29 12:45:00,117.0,124.0,True
544,Persistence,2027-06-29 12:50:00,120.0,125.0,True
544,Persistence,2027-06-29 12:55:00,122.0,124.0,True
544,Persistence,2027-06-29 13:00:00,126.0,120.0,True
544,Persistence,2027-06-29 13:05:00,131.0,117.0,True
544,Persistence,2027-06-29 13:10:00,137.0,116.0,True
544,Persistence,2027-06-29 13:15:00,153.0,117.0,True
544,Persistence,2027-06-29 13:20:00,163.0,120.0,True
544,Persistence,2027-06-29 13:25:00,169.0,122.0,True
544,Persistence,2027-06-29 13:30:00,175.0,126.0,True
544,Persistence,2027-06-29 13:35:00,182.0,131.0,True
544,Persistence,2027-06-29 13:40:00,185.0,137.0,True
544,Persistence,2027-06-29 13:45:00,187.0,153.0,True
544,Persistence,2027-06-29 13:50:00,183.0,163.0,True
544,Persistence,2027-06-29 13:55:00,182.0,169.0,True
544,Persistence,2027-06-29 14:00:00,188.0,175.0,True
544,Persistence,2027-06-29 14:05:00,191.0,182.0,True
544,Persistence,2027-06-29 14:10:00,190.0,185.0,True
544,Persistence,2027-06-29 14:15:00,188.0,187.0,True
544,Persistence,2027-06-29 14:20:00,185.0,183.0,True
544,Persistence,2027-06-29 14:25:00,182.0,182.0,True
544,Persistence,2027-06-29 14:30:00,180.0,188.0,True
544,Persistence,2027-06-29 14:35:00,178.0,191.0,True
544,Persistence,2027-06-29 14:40:00,177.0,190.0,True
544,Persistence,2027-06-29 14:45:00,177.0,188.0,True
544,Persistence,2027-06-29 14:50:00,178.0,185.0,True
544,Persistence,2027-06-29 14:55:00,177.0,182.0,True
544,Persistence,2027-06-29 15:00:00,183.0,180.0,True
544,Persistence,2027-06-29 15:05:00,185.0,178.0,True
544,Persistence,2027-06-29 15:10:00,186.0,177.0,True
544,Persistence,2027-06-29 15:15:00,184.0,177.0,True
544,Persistence,2027-06-29 15:20:00,182.0,178.0,True
544,Persistence,2027-06-29 15:25:00,181.0,177.0,True
544,Persistence,2027-06-29 15:30:00,179.0,183.0,True
544,Persistence,2027-06-29 15:35:00,174.0,185.0,True
544,Persistence,2027-06-29 15:40:00,170.0,186.0,True
544,Persistence,2027-06-29 15:45:00,167.0,184.0,True
544,Persistence,2027-06-29 15:50:00,163.0,182.0,True
544,Persistence,2027-06-29 15:55:00,160.0,181.0,True
544,Persistence,2027-06-29 16:00:00,158.0,179.0,True
544,Persistence,2027-06-29 16:05:00,151.0,174.0,True
544,Persistence,2027-06-29 16:10:00,146.0,170.0,True
544,Persistence,2027-06-29 16:15:00,140.0,167.0,True
544,Persistence,2027-06-29 16:20:00,132.0,163.0,True
544,Persistence,2027-06-29 16:25:00,130.0,160.0,True
544,Persistence,2027-06-29 16:30:00,124.0,158.0,True
544,Persistence,2027-06-29 16:35:00,118.0,151.0,True
544,Persistence,2027-06-29 16:40:00,114.0,146.0,True
544,Persistence,2027-06-29 16:45:00,108.0,140.0,True
544,Persistence,2027-06-29 16:50:00,102.0,132.0,True
544,Persistence,2027-06-29 16:55:00,98.0,130.0,True
544,Persistence,2027-06-29 17:00:00,95.0,124.0,True
544,Persistence,2027-06-29 17:05:00,93.0,118.0,True
544,Persistence,2027-06-29 17:10:00,94.0,114.0,True
544,Persistence,2027-06-29 17:15:00,94.0,108.0,True
544,Persistence,2027-06-29 17:20:00,100.0,102.0,True
544,Persistence,2027-06-29 17:25:00,105.0,98.0,True
544,Persistence,2027-06-29 17:30:00,116.0,95.0,True
544,Persistence,2027-06-29 17:35:00,128.0,93.0,True
544,Persistence,2027-06-29 17:40:00,141.0,94.0,True
544,Persistence,2027-06-29 17:45:00,150.0,94.0,True
544,Persistence,2027-06-29 17:50:00,158.0,100.0,True
544,Persistence,2027-06-29 17:55:00,163.0,105.0,True
544,Persistence,2027-06-29 18:00:00,164.0,116.0,True
544,Persistence,2027-06-29 18:05:00,174.0,128.0,True
544,Persistence,2027-06-29 18:10:00,183.0,141.0,True
544,Persistence,2027-06-29 18:15:00,187.0,150.0,True
544,Persistence,2027-06-29 18:20:00,189.0,158.0,True
544,Persistence,2027-06-29 18:25:00,191.0,163.0,True
544,Persistence,2027-06-29 18:30:00,192.0,164.0,True
544,Persistence,2027-06-29 18:35:00,198.0,174.0,True
544,Persistence,2027-06-29 18:40:00,199.0,183.0,True
544,Persistence,2027-06-29 18:45:00,192.0,187.0,True
544,Persistence,2027-06-29 18:50:00,186.0,189.0,True
544,Persistence,2027-06-29 18:55:00,187.0,191.0,True
544,Persistence,2027-06-29 19:00:00,191.0,192.0,True
544,Persistence,2027-06-29 19:05:00,184.0,198.0,True
544,Persistence,2027-06-29 19:10:00,176.0,199.0,True
544,Persistence,2027-06-29 19:15:00,173.0,192.0,True
544,Persistence,2027-06-29 19:20:00,173.0,186.0,True
544,Persistence,2027-06-29 19:25:00,172.0,187.0,True
544,Persistence,2027-06-29 19:30:00,172.0,191.0,True
544,Persistence,2027-06-29 19:35:00,171.0,184.0,True
544,Persistence,2027-06-29 19:40:00,169.0,176.0,True
544,Persistence,2027-06-29 19:45:00,167.0,173.0,True
544,Persistence,2027-06-29 19:50:00,168.0,173.0,True
544,Persistence,2027-06-29 19:55:00,167.0,172.0,True
544,Persistence,2027-06-29 20:00:00,169.0,172.0,True
544,Persistence,2027-06-29 20:05:00,165.0,171.0,True
544,Persistence,2027-06-29 20:10:00,159.0,169.0,True
544,Persistence,2027-06-29 20:15:00,156.0,167.0,True
544,Persistence,2027-06-29 20:20:00,152.0,168.0,True
544,Persistence,2027-06-29 20:25:00,148.0,167.0,True
544,Persistence,2027-06-29 20:30:00,147.0,169.0,True
544,Persistence,2027-06-29 20:35:00,145.0,165.0,True
544,Persistence,2027-06-29 20:40:00,141.0,159.0,True
544,Persistence,2027-06-29 20:45:00,141.0,156.0,True
544,Persistence,2027-06-29 20:50:00,145.0,152.0,True
544,Persistence,2027-06-29 20:55:00,151.0,148.0,True
544,Persistence,2027-06-29 21:00:00,159.0,147.0,True
544,Persistence,2027-06-29 21:05:00,169.0,145.0,True
544,Persistence,2027-06-29 21:10:00,180.0,141.0,True
544,Persistence,2027-06-29 21:15:00,196.0,141.0,True
544,Persistence,2027-06-29 21:20:00,195.0,145.0,True
544,Persistence,2027-06-29 21:25:00,192.0,151.0,True
544,Persistence,2027-06-29 21:30:00,198.0,159.0,True
544,Persistence,2027-06-29 21:35:00,209.0,169.0,True
544,Persistence,2027-06-29 21:40:00,218.0,180.0,True
544,Persistence,2027-06-29 21:45:00,218.0,196.0,True
544,Persistence,2027-06-29 21:50:00,214.0,195.0,True
544,Persistence,2027-06-29 21:55:00,211.0,192.0,True
544,Persistence,2027-06-29 22:00:00,208.0,198.0,True
544,Persistence,2027-06-29 22:05:00,204.0,209.0,True
544,Persistence,2027-06-29 22:10:00,200.0,218.0,True
544,Persistence,2027-06-29 22:15:00,197.0,218.0,True
544,Persistence,2027-06-29 22:20:00,194.0,214.0,True
544,Persistence,2027-06-29 22:25:00,187.0,211.0,True
544,Persistence,2027-06-29 22:30:00,181.0,208.0,True
544,Persistence,2027-06-29 22:35:00,175.0,204.0,True
544,Persistence,2027-06-29 22:40:00,171.0,200.0,True
544,Persistence,2027-06-29 22:45:00,166.0,197.0,True
544,Persistence,2027-06-29 22:50:00,162.0,194.0,True
544,Persistence,2027-06-29 22:55:00,158.0,187.0,True
544,Persistence,2027-06-29 23:00:00,155.0,181.0,True
544,Persistence,2027-06-29 23:05:00,152.0,175.0,True
544,Persistence,2027-06-29 23:10:00,151.0,171.0,True
544,Persistence,2027-06-29 23:15:00,153.0,166.0,True
544,Persistence,2027-06-29 23:20:00,152.0,162.0,True
544,Persistence,2027-06-29 23:25:00,151.0,158.0,True
544,Persistence,2027-06-29 23:30:00,150.0,155.0,True
544,Persistence,2027-06-29 23:35:00,147.0,152.0,True
544,Persistence,2027-06-29 23:40:00,144.0,151.0,True
544,Persistence,2027-06-29 23:45:00,141.0,153.0,True
544,Persistence,2027-06-29 23:50:00,140.0,152.0,True
544,Persistence,2027-06-29 23:55:00,138.0,151.0,True
544,Persistence,2027-06-30 00:00:00,136.0,150.0,True
544,Persistence,2027-06-30 00:05:00,134.0,147.0,True
544,Persistence,2027-06-30 00:10:00,132.0,144.0,True
544,Persistence,2027-06-30 00:15:00,131.0,141.0,True
544,Persistence,2027-06-30 00:20:00,129.0,140.0,True
544,Persistence,2027-06-30 00:25:00,128.0,138.0,True
544,Persistence,2027-06-30 00:30:00,126.0,136.0,True
544,Persistence,2027-06-30 00:35:00,125.0,134.0,True
544,Persistence,2027-06-30 00:40:00,123.0,132.0,True
544,Persistence,2027-06-30 00:45:00,121.0,131.0,True
544,Persistence,2027-06-30 00:50:00,116.0,129.0,True
544,Persistence,2027-06-30 00:55:00,113.0,128.0,True
544,Persistence,2027-06-30 01:00:00,112.0,126.0,True
544,Persistence,2027-06-30 01:05:00,108.0,125.0,True
544,Persistence,2027-06-30 01:10:00,103.0,123.0,True
544,Persistence,2027-06-30 01:15:00,108.0,121.0,True
544,Persistence,2027-06-30 01:20:00,111.0,116.0,True
544,Persistence,2027-06-30 01:25:00,110.0,113.0,True
544,Persistence,2027-06-30 01:30:00,109.0,112.0,True
544,Persistence,2027-06-30 01:35:00,107.0,108.0,True
544,Persistence,2027-06-30 01:40:00,104.0,103.0,True
544,Persistence,2027-06-30 01:45:00,100.0,108.0,True
544,Persistence,2027-06-30 01:50:00,99.0,111.0,True
544,Persistence,2027-06-30 01:55:00,96.0,110.0,True
544,Persistence,2027-06-30 02:00:00,93.0,109.0,True
544,Persistence,2027-06-30 02:05:00,95.0,107.0,True
544,Persistence,2027-06-30 02:10:00,98.0,104.0,True
544,Persistence,2027-06-30 02:15:00,96.0,100.0,True
544,Persistence,2027-06-30 02:20:00,95.0,99.0,True
544,Persistence,2027-06-30 02:25:00,93.0,96.0,True
544,Persistence,2027-06-30 02:30:00,91.0,93.0,True
544,Persistence,2027-06-30 02:35:00,86.0,95.0,True
544,Persistence,2027-06-30 02:40:00,85.0,98.0,True
544,Persistence,2027-06-30 02:45:00,84.0,96.0,True
544,Persistence,2027-06-30 02:50:00,83.0,95.0,True
544,Persistence,2027-06-30 02:55:00,83.0,93.0,True
544,Persistence,2027-06-30 03:00:00,87.0,91.0,True
544,Persistence,2027-06-30 03:05:00,87.0,86.0,True
544,Persistence,2027-06-30 03:10:00,84.0,85.0,True
544,Persistence,2027-06-30 03:15:00,82.0,84.0,True
544,Persistence,2027-06-30 03:20:00,82.0,83.0,True
544,Persistence,2027-06-30 03:25:00,81.0,83.0,True
544,Persistence,2027-06-30 03:30:00,80.0,87.0,True
544,Persistence,2027-06-30 03:35:00,80.0,87.0,True
544,Persistence,2027-06-30 03:40:00,80.0,84.0,True
544,Persistence,2027-06-30 03:45:00,79.0,82.0,True
544,Persistence,2027-06-30 03:50:00,79.0,82.0,True
544,Persistence,2027-06-30 03:55:00,79.0,81.0,True
544,Persistence,2027-06-30 04:00:00,78.0,80.0,True
544,Persistence,2027-06-30 04:05:00,79.0,80.0,True
544,Persistence,2027-06-30 04:10:00,80.0,80.0,True
544,Persistence,2027-06-30 04:15:00,82.0,79.0,True
544,Persistence,2027-06-30 04:20:00,81.0,79.0,True
544,Persistence,2027-06-30 04:25:00,79.0,79.0,True
544,Persistence,2027-06-30 04:30:00,78.0,78.0,True
544,Persistence,2027-06-30 04:35:00,77.0,79.0,True
544,Persistence,2027-06-30 04:40:00,76.0,80.0,True
544,Persistence,2027-06-30 04:45:00,76.0,82.0,True
544,Persistence,2027-06-30 04:50:00,77.0,81.0,True
544,Persistence,2027-06-30 04:55:00,80.0,79.0,True
544,Persistence,2027-06-30 05:00:00,83.0,78.0,True
544,Persistence,2027-06-30 05:05:00,87.0,77.0,True
544,Persistence,2027-06-30 05:10:00,86.0,76.0,True
544,Persistence,2027-06-30 05:15:00,87.0,76.0,True
544,Persistence,2027-06-30 05:20:00,88.0,77.0,True
544,Persistence,2027-06-30 05:25:00,88.0,80.0,True
544,Persistence,2027-06-30 05:30:00,87.0,83.0,True
544,Persistence,2027-06-30 05:35:00,85.0,87.0,True
544,Persistence,2027-06-30 05:40:00,91.0,86.0,True
544,Persistence,2027-06-30 05:45:00,97.0,87.0,True
544,Persistence,2027-06-30 05:50:00,98.0,88.0,True
544,Persistence,2027-06-30 05:55:00,97.0,88.0,True
544,Persistence,2027-06-30 06:00:00,96.0,87.0,True
544,Persistence,2027-06-30 06:05:00,95.0,85.0,True
544,Persistence,2027-06-30 06:10:00,95.0,91.0,True
544,Persistence,2027-06-30 06:15:00,95.0,97.0,True
544,Persistence,2027-06-30 06:20:00,101.0,98.0,True
544,Persistence,2027-06-30 06:25:00,104.0,97.0,True
544,Persistence,2027-06-30 06:30:00,108.0,96.0,True
544,Persistence,2027-06-30 06:35:00,116.0,95.0,True
544,Persistence,2027-06-30 06:40:00,117.0,95.0,True
544,Persistence,2027-06-30 06:45:00,117.0,95.0,True
544,Persistence,2027-06-30 06:50:00,124.0,101.0,True
544,Persistence,2027-06-30 06:55:00,128.0,104.0,True
544,Persistence,2027-06-30 07:00:00,130.0,108.0,True
544,Persistence,2027-06-30 07:05:00,132.0,116.0,True
544,Persistence,2027-06-30 07:10:00,133.0,117.0,True
544,Persistence,2027-06-30 07:15:00,135.0,117.0,True
544,Persistence,2027-06-30 07:20:00,116.0,124.0,True
544,Persistence,2027-06-30 07:25:00,118.0,128.0,True
544,Persistence,2027-06-30 07:30:00,125.0,130.0,True
544,Persistence,2027-06-30 07:35:00,136.0,132.0,True
544,Persistence,2027-06-30 07:40:00,149.0,133.0,True
544,Persistence,2027-06-30 07:45:00,163.0,135.0,True
544,Persistence,2027-06-30 07:50:00,183.0,116.0,True
544,Persistence,2027-06-30 07:55:00,202.0,118.0,True
544,Persistence,2027-06-30 08:00:00,211.0,125.0,True
544,Persistence,2027-06-30 08:05:00,215.0,136.0,True
544,Persistence,2027-06-30 08:10:00,216.0,149.0,True
544,Persistence,2027-06-30 08:15:00,215.0,163.0,True
544,Persistence,2027-06-30 08:20:00,213.0,183.0,True
544,Persistence,2027-06-30 08:25:00,215.0,202.0,True
544,Persistence,2027-06-30 08:30:00,212.0,211.0,True
544,Persistence,2027-06-30 08:35:00,205.0,215.0,True
544,Persistence,2027-06-30 08:40:00,199.0,216.0,True
544,Persistence,2027-06-30 08:45:00,194.0,215.0,True
544,Persistence,2027-06-30 08:50:00,190.0,213.0,True
544,Persistence,2027-06-30 08:55:00,187.0,215.0,True
544,Persistence,2027-06-30 09:00:00,184.0,212.0,True
544,Persistence,2027-06-30 09:05:00,181.0,205.0,True
544,Persistence,2027-06-30 09:10:00,179.0,199.0,True
544,Persistence,2027-06-30 09:15:00,177.0,194.0,True
544,Persistence,2027-06-30 09:20:00,176.0,190.0,True
544,Persistence,2027-06-30 09:25:00,172.0,187.0,True
544,Persistence,2027-06-30 09:30:00,171.0,184.0,True
544,Persistence,2027-06-30 09:35:00,173.0,181.0,True
544,Persistence,2027-06-30 09:40:00,169.0,179.0,True
544,Persistence,2027-06-30 09:45:00,166.0,177.0,True
544,Persistence,2027-06-30 09:50:00,164.0,176.0,True
544,Persistence,2027-06-30 09:55:00,162.0,172.0,True
544,Persistence,2027-06-30 10:00:00,160.0,171.0,True
544,Persistence,2027-06-30 10:05:00,159.0,173.0,True
544,Persistence,2027-06-30 10:10:00,161.0,169.0,True
544,Persistence,2027-06-30 10:15:00,160.0,166.0,True
544,Persistence,2027-06-30 10:20:00,158.0,164.0,True
544,Persistence,2027-06-30 10:25:00,155.0,162.0,True
544,Persistence,2027-06-30 10:30:00,153.0,160.0,True
544,Persistence,2027-06-30 10:35:00,150.0,159.0,True
544,Persistence,2027-06-30 10:40:00,147.0,161.0,True
544,Persistence,2027-06-30 10:45:00,145.0,160.0,True
544,Persistence,2027-06-30 10:50:00,141.0,158.0,True
544,Persistence,2027-06-30 10:55:00,138.0,155.0,True
544,Persistence,2027-06-30 11:00:00,134.0,153.0,True
544,Persistence,2027-06-30 11:05:00,131.0,150.0,True
544,Persistence,2027-06-30 11:10:00,128.0,147.0,True
544,Persistence,2027-06-30 11:15:00,125.0,145.0,True
544,Persistence,2027-06-30 11:20:00,122.0,141.0,True
544,Persistence,2027-06-30 11:25:00,120.0,138.0,True
544,Persistence,2027-06-30 11:30:00,118.0,134.0,True
544,Persistence,2027-06-30 11:35:00,115.0,131.0,True
544,Persistence,2027-06-30 11:40:00,112.0,128.0,True
544,Persistence,2027-06-30 11:45:00,109.0,125.0,True
544,Persistence,2027-06-30 11:50:00,108.0,122.0,True
544,Persistence,2027-06-30 11:55:00,105.0,120.0,True
544,Persistence,2027-06-30 12:00:00,104.0,118.0,True
544,Persistence,2027-06-30 12:05:00,105.0,115.0,True
544,Persistence,2027-06-30 12:10:00,105.0,112.0,True
544,Persistence,2027-06-30 12:15:00,103.0,109.0,True
544,Persistence,2027-06-30 12:20:00,100.0,108.0,True
544,Persistence,2027-06-30 12:25:00,99.0,105.0,True
544,Persistence,2027-06-30 12:30:00,99.0,104.0,True
544,Persistence,2027-06-30 12:35:00,82.0,105.0,True
544,Persistence,2027-06-30 12:40:00,82.0,105.0,True
544,Persistence,2027-06-30 12:45:00,82.0,103.0,True
544,Persistence,2027-06-30 12:50:00,85.0,100.0,True
544,Persistence,2027-06-30 12:55:00,94.0,99.0,True
544,Persistence,2027-06-30 13:00:00,106.0,99.0,True
544,Persistence,2027-06-30 13:05:00,113.0,82.0,True
544,Persistence,2027-06-30 13:10:00,122.0,82.0,True
544,Persistence,2027-06-30 13:15:00,133.0,82.0,True
544,Persistence,2027-06-30 13:20:00,144.0,85.0,True
544,Persistence,2027-06-30 13:25:00,152.0,94.0,True
544,Persistence,2027-06-30 13:30:00,159.0,106.0,True
544,Persistence,2027-06-30 13:35:00,169.0,113.0,True
544,Persistence,2027-06-30 13:40:00,184.0,122.0,True
544,Persistence,2027-06-30 13:45:00,194.0,133.0,True
544,Persistence,2027-06-30 13:50:00,202.0,144.0,True
544,Persistence,2027-06-30 13:55:00,207.0,152.0,True
544,Persistence,2027-06-30 14:00:00,210.0,159.0,True
544,Persistence,2027-06-30 14:05:00,211.0,169.0,True
544,Persistence,2027-06-30 14:10:00,210.0,184.0,True
544,Persistence,2027-06-30 14:15:00,209.0,194.0,True
544,Persistence,2027-06-30 14:20:00,209.0,202.0,True
544,Persistence,2027-06-30 14:25:00,213.0,207.0,True
544,Persistence,2027-06-30 14:30:00,220.0,210.0,True
544,Persistence,2027-06-30 14:35:00,224.0,211.0,True
544,Persistence,2027-06-30 14:40:00,227.0,210.0,True
544,Persistence,2027-06-30 14:45:00,230.0,209.0,True
544,Persistence,2027-06-30 14:50:00,232.0,209.0,True
544,Persistence,2027-06-30 14:55:00,236.0,213.0,True
544,Persistence,2027-06-30 15:00:00,237.0,220.0,True
544,Persistence,2027-06-30 15:05:00,236.0,224.0,True
544,Persistence,2027-06-30 15:10:00,234.0,227.0,True
544,Persistence,2027-06-30 15:15:00,232.0,230.0,True
544,Persistence,2027-06-30 15:20:00,230.0,232.0,True
544,Persistence,2027-06-30 15:25:00,227.0,236.0,True
544,Persistence,2027-06-30 15:30:00,226.0,237.0,True
544,Persistence,2027-06-30 15:35:00,224.0,236.0,True
544,Persistence,2027-06-30 15:40:00,219.0,234.0,True
544,Persistence,2027-06-30 15:45:00,209.0,232.0,True
544,Persistence,2027-06-30 15:50:00,200.0,230.0,True
544,Persistence,2027-06-30 15:55:00,194.0,227.0,True
544,Persistence,2027-06-30 16:00:00,188.0,226.0,True
544,Persistence,2027-06-30 16:05:00,181.0,224.0,True
544,Persistence,2027-06-30 16:10:00,175.0,219.0,True
544,Persistence,2027-06-30 16:15:00,169.0,209.0,True
544,Persistence,2027-06-30 16:20:00,161.0,200.0,True
544,Persistence,2027-06-30 16:25:00,151.0,194.0,True
544,Persistence,2027-06-30 16:30:00,143.0,188.0,True
544,Persistence,2027-06-30 16:35:00,137.0,181.0,True
544,Persistence,2027-06-30 16:40:00,130.0,175.0,True
544,Persistence,2027-06-30 16:45:00,125.0,169.0,True
544,Persistence,2027-06-30 16:50:00,121.0,161.0,True
544,Persistence,2027-06-30 16:55:00,119.0,151.0,True
544,Persistence,2027-06-30 17:00:00,117.0,143.0,True
544,Persistence,2027-06-30 17:05:00,115.0,137.0,True
544,Persistence,2027-06-30 17:10:00,115.0,130.0,True
544,Persistence,2027-06-30 17:15:00,114.0,125.0,True
544,Persistence,2027-06-30 17:20:00,112.0,121.0,True
544,Persistence,2027-06-30 17:25:00,111.0,119.0,True
544,Persistence,2027-06-30 17:30:00,110.0,117.0,True
544,Persistence,2027-06-30 17:35:00,109.0,115.0,True
544,Persistence,2027-06-30 17:40:00,109.0,115.0,True
544,Persistence,2027-06-30 17:45:00,108.0,114.0,True
544,Persistence,2027-06-30 17:50:00,106.0,112.0,True
544,Persistence,2027-06-30 17:55:00,103.0,111.0,True
544,Persistence,2027-06-30 18:00:00,101.0,110.0,True
544,Persistence,2027-06-30 18:05:00,99.0,109.0,True
544,Persistence,2027-06-30 18:10:00,97.0,109.0,True
544,Persistence,2027-06-30 18:15:00,95.0,108.0,True
544,Persistence,2027-06-30 18:20:00,93.0,106.0,True
544,Persistence,2027-06-30 18:25:00,90.0,103.0,True
544,Persistence,2027-06-30 18:30:00,89.0,101.0,True
544,Persistence,2027-06-30 18:35:00,88.0,99.0,True
544,Persistence,2027-06-30 18:40:00,88.0,97.0,True
544,Persistence,2027-06-30 18:45:00,89.0,95.0,True
544,Persistence,2027-06-30 18:50:00,88.0,93.0,True
544,Persistence,2027-06-30 18:55:00,88.0,90.0,True
544,Persistence,2027-06-30 19:00:00,88.0,89.0,True
544,Persistence,2027-06-30 19:05:00,93.0,88.0,True
544,Persistence,2027-06-30 19:10:00,93.0,88.0,True
544,Persistence,2027-06-30 19:15:00,94.0,89.0,True
544,Persistence,2027-06-30 19:20:00,95.0,88.0,True
544,Persistence,2027-06-30 19:25:00,98.0,88.0,True
544,Persistence,2027-06-30 19:30:00,104.0,88.0,True
544,Persistence,2027-06-30 19:35:00,109.0,93.0,True
544,Persistence,2027-06-30 19:40:00,114.0,93.0,True
544,Persistence,2027-06-30 19:45:00,117.0,94.0,True
544,Persistence,2027-06-30 19:50:00,119.0,95.0,True
544,Persistence,2027-06-30 19:55:00,125.0,98.0,True
544,Persistence,2027-06-30 20:00:00,134.0,104.0,True
544,Persistence,2027-06-30 20:05:00,142.0,109.0,True
544,Persistence,2027-06-30 20:10:00,149.0,114.0,True
544,Persistence,2027-06-30 20:15:00,155.0,117.0,True
544,Persistence,2027-06-30 20:20:00,160.0,119.0,True
544,Persistence,2027-06-30 20:25:00,164.0,125.0,True
544,Persistence,2027-06-30 20:30:00,168.0,134.0,True
544,Persistence,2027-06-30 20:35:00,171.0,142.0,True
544,Persistence,2027-06-30 20:40:00,174.0,149.0,True
544,Persistence,2027-06-30 20:45:00,179.0,155.0,True
544,Persistence,2027-06-30 20:50:00,182.0,160.0,True
544,Persistence,2027-06-30 20:55:00,184.0,164.0,True
544,Persistence,2027-06-30 21:00:00,187.0,168.0,True
544,Persistence,2027-06-30 21:05:00,188.0,171.0,True
544,Persistence,2027-06-30 21:10:00,189.0,174.0,True
544,Persistence,2027-06-30 21:15:00,189.0,179.0,True
544,Persistence,2027-06-30 21:20:00,190.0,182.0,True
544,Persistence,2027-06-30 21:25:00,190.0,184.0,True
544,Persistence,2027-06-30 21:30:00,191.0,187.0,True
544,Persistence,2027-06-30 21:35:00,197.0,188.0,True
544,Persistence,2027-06-30 21:40:00,194.0,189.0,True
544,Persistence,2027-06-30 21:45:00,193.0,189.0,True
544,Persistence,2027-06-30 21:50:00,195.0,190.0,True
544,Persistence,2027-06-30 21:55:00,198.0,190.0,True
544,Persistence,2027-06-30 22:00:00,203.0,191.0,True
544,Persistence,2027-06-30 22:05:00,209.0,197.0,True
544,Persistence,2027-06-30 22:10:00,211.0,194.0,True
544,Persistence,2027-06-30 22:15:00,211.0,193.0,True
544,Persistence,2027-06-30 22:20:00,218.0,195.0,True
544,Persistence,2027-06-30 22:25:00,226.0,198.0,True
544,Persistence,2027-06-30 22:30:00,229.0,203.0,True
544,Persistence,2027-06-30 22:35:00,232.0,209.0,True
544,Persistence,2027-06-30 22:40:00,233.0,211.0,True
544,Persistence,2027-06-30 22:45:00,232.0,211.0,True
544,Persistence,2027-06-30 22:50:00,229.0,218.0,True
544,Persistence,2027-06-30 22:55:00,222.0,226.0,True
544,Persistence,2027-06-30 23:00:00,220.0,229.0,True
544,Persistence,2027-06-30 23:05:00,220.0,232.0,True
544,Persistence,2027-06-30 23:10:00,219.0,233.0,True
544,Persistence,2027-06-30 23:15:00,220.0,232.0,True
544,Persistence,2027-06-30 23:20:00,220.0,229.0,True
544,Persistence,2027-06-30 23:25:00,220.0,222.0,True
544,Persistence,2027-06-30 23:30:00,218.0,220.0,True
544,Persistence,2027-06-30 23:35:00,214.0,220.0,True
544,Persistence,2027-06-30 23:40:00,210.0,219.0,True
544,Persistence,2027-06-30 23:45:00,204.0,220.0,True
544,Persistence,2027-06-30 23:50:00,197.0,220.0,True
544,Persistence,2027-06-30 23:55:00,193.0,220.0,True
544,Persistence,2027-07-01 00:00:00,189.0,218.0,True
544,Persistence,2027-07-01 00:05:00,185.0,214.0,True
544,Persistence,2027-07-01 00:10:00,181.0,210.0,True
544,Persistence,2027-07-01 00:15:00,178.0,204.0,True
544,Persistence,2027-07-01 00:20:00,175.0,197.0,True
544,Persistence,2027-07-01 00:25:00,174.0,193.0,True
544,Persistence,2027-07-01 00:30:00,174.0,189.0,True
544,Persistence,2027-07-01 00:35:00,172.0,185.0,True
544,Persistence,2027-07-01 00:40:00,168.0,181.0,True
544,Persistence,2027-07-01 00:45:00,166.0,178.0,True
544,Persistence,2027-07-01 00:50:00,164.0,175.0,True
544,Persistence,2027-07-01 00:55:00,162.0,174.0,True
544,Persistence,2027-07-01 01:00:00,160.0,174.0,True
544,Persistence,2027-07-01 01:05:00,158.0,172.0,True
544,Persistence,2027-07-01 01:10:00,157.0,168.0,True
544,Persistence,2027-07-01 01:15:00,156.0,166.0,True
544,Persistence,2027-07-01 01:20:00,155.0,164.0,True
544,Persistence,2027-07-01 01:25:00,154.0,162.0,True
544,Persistence,2027-07-01 01:30:00,151.0,160.0,True
544,Persistence,2027-07-01 01:35:00,149.0,158.0,True
544,Persistence,2027-07-01 01:40:00,147.0,157.0,True
544,Persistence,2027-07-01 01:45:00,145.0,156.0,True
544,Persistence,2027-07-01 01:50:00,143.0,155.0,True
544,Persistence,2027-07-01 01:55:00,141.0,154.0,True
544,Persistence,2027-07-01 02:00:00,140.0,151.0,True
544,Persistence,2027-07-01 02:05:00,139.0,149.0,True
544,Persistence,2027-07-01 02:10:00,138.0,147.0,True
544,Persistence,2027-07-01 02:15:00,137.0,145.0,True
544,Persistence,2027-07-01 02:20:00,136.0,143.0,True
544,Persistence,2027-07-01 02:25:00,135.0,141.0,True
544,Persistence,2027-07-01 02:30:00,136.0,140.0,True
544,Persistence,2027-07-01 02:35:00,135.0,139.0,True
544,Persistence,2027-07-01 02:40:00,135.0,138.0,True
544,Persistence,2027-07-01 02:45:00,134.0,137.0,True
544,Persistence,2027-07-01 02:50:00,133.0,136.0,True
544,Persistence,2027-07-01 02:55:00,131.0,135.0,True
544,Persistence,2027-07-01 03:00:00,129.0,136.0,True
544,Persistence,2027-07-01 03:05:00,126.0,135.0,True
544,Persistence,2027-07-01 03:10:00,124.0,135.0,True
544,Persistence,2027-07-01 03:15:00,122.0,134.0,True
544,Persistence,2027-07-01 03:20:00,121.0,133.0,True
544,Persistence,2027-07-01 03:25:00,121.0,131.0,True
544,Persistence,2027-07-01 03:30:00,120.0,129.0,True
544,Persistence,2027-07-01 03:35:00,120.0,126.0,True
544,Persistence,2027-07-01 03:40:00,119.0,124.0,True
544,Persistence,2027-07-01 03:45:00,118.0,122.0,True
544,Persistence,2027-07-01 03:50:00,118.0,121.0,True
544,Persistence,2027-07-01 03:55:00,118.0,121.0,True
544,Persistence,2027-07-01 04:00:00,117.0,120.0,True
544,Persistence,2027-07-01 04:05:00,116.0,120.0,True
544,Persistence,2027-07-01 04:10:00,115.0,119.0,True
544,Persistence,2027-07-01 04:15:00,114.0,118.0,True
544,Persistence,2027-07-01 04:20:00,113.0,118.0,True
544,Persistence,2027-07-01 04:25:00,114.0,118.0,True
544,Persistence,2027-07-01 04:30:00,114.0,117.0,True
544,Persistence,2027-07-01 04:35:00,113.0,116.0,True
544,Persistence,2027-07-01 04:40:00,111.0,115.0,True
544,Persistence,2027-07-01 04:45:00,110.0,114.0,True
544,Persistence,2027-07-01 04:50:00,109.0,113.0,True
544,Persistence,2027-07-01 04:55:00,109.0,114.0,True
544,Persistence,2027-07-01 05:00:00,110.0,114.0,True
544,Persistence,2027-07-01 05:05:00,110.0,113.0,True
544,Persistence,2027-07-01 05:10:00,109.0,111.0,True
544,Persistence,2027-07-01 05:15:00,109.0,110.0,True
544,Persistence,2027-07-01 05:20:00,108.0,109.0,True
544,Persistence,2027-07-01 05:25:00,107.0,109.0,True
544,Persistence,2027-07-01 05:30:00,107.0,110.0,True
544,Persistence,2027-07-01 05:35:00,107.0,110.0,True
544,Persistence,2027-07-01 05:40:00,107.0,109.0,True
544,Persistence,2027-07-01 05:45:00,108.0,109.0,True
544,Persistence,2027-07-01 05:50:00,108.0,108.0,True
544,Persistence,2027-07-01 05:55:00,108.0,107.0,True
544,Persistence,2027-07-01 06:00:00,108.0,107.0,True
544,Persistence,2027-07-01 06:05:00,107.0,107.0,True
544,Persistence,2027-07-01 06:10:00,105.0,107.0,True
544,Persistence,2027-07-01 06:15:00,103.0,108.0,True
544,Persistence,2027-07-01 06:20:00,105.0,108.0,True
544,Persistence,2027-07-01 06:25:00,106.0,108.0,True
544,Persistence,2027-07-01 06:30:00,106.0,108.0,True
544,Persistence,2027-07-01 06:35:00,108.0,107.0,True
544,Persistence,2027-07-01 06:40:00,114.0,105.0,True
544,Persistence,2027-07-01 06:45:00,118.0,103.0,True
544,Persistence,2027-07-01 06:50:00,120.0,105.0,True
544,Persistence,2027-07-01 06:55:00,123.0,106.0,True
544,Persistence,2027-07-01 07:00:00,125.0,106.0,True
544,Persistence,2027-07-01 07:05:00,128.0,108.0,True
544,Persistence,2027-07-01 07:10:00,130.0,114.0,True
544,Persistence,2027-07-01 07:15:00,132.0,118.0,True
544,Persistence,2027-07-01 07:20:00,137.0,120.0,True
544,Persistence,2027-07-01 07:25:00,147.0,123.0,True
544,Persistence,2027-07-01 07:30:00,158.0,125.0,True
544,Persistence,2027-07-01 07:35:00,165.0,128.0,True
544,Persistence,2027-07-01 07:40:00,173.0,130.0,True
544,Persistence,2027-07-01 07:45:00,180.0,132.0,True
544,Persistence,2027-07-01 07:50:00,185.0,137.0,True
544,Persistence,2027-07-01 07:55:00,190.0,147.0,True
544,Persistence,2027-07-01 08:00:00,193.0,158.0,True
544,Persistence,2027-07-01 08:05:00,193.0,165.0,True
544,Persistence,2027-07-01 08:10:00,192.0,173.0,True
544,Persistence,2027-07-01 08:15:00,190.0,180.0,True
544,Persistence,2027-07-01 08:20:00,190.0,185.0,True
544,Persistence,2027-07-01 08:25:00,187.0,190.0,True
544,Persistence,2027-07-01 08:30:00,185.0,193.0,True
544,Persistence,2027-07-01 08:35:00,183.0,193.0,True
544,Persistence,2027-07-01 08:40:00,180.0,192.0,True
544,Persistence,2027-07-01 08:45:00,177.0,190.0,True
544,Persistence,2027-07-01 08:50:00,173.0,190.0,True
544,Persistence,2027-07-01 08:55:00,169.0,187.0,True
544,Persistence,2027-07-01 09:00:00,167.0,185.0,True
544,Persistence,2027-07-01 09:05:00,165.0,183.0,True
544,Persistence,2027-07-01 09:10:00,164.0,180.0,True
544,Persistence,2027-07-01 09:15:00,163.0,177.0,True
544,Persistence,2027-07-01 09:20:00,163.0,173.0,True
544,Persistence,2027-07-01 09:25:00,166.0,169.0,True
544,Persistence,2027-07-01 09:30:00,162.0,167.0,True
544,Persistence,2027-07-01 09:35:00,159.0,165.0,True
544,Persistence,2027-07-01 09:40:00,155.0,164.0,True
544,Persistence,2027-07-01 09:45:00,153.0,163.0,True
544,Persistence,2027-07-01 09:50:00,152.0,163.0,True
544,Persistence,2027-07-01 09:55:00,153.0,166.0,True
544,Persistence,2027-07-01 10:00:00,150.0,162.0,True
544,Persistence,2027-07-01 10:05:00,148.0,159.0,True
544,Persistence,2027-07-01 10:10:00,146.0,155.0,True
544,Persistence,2027-07-01 10:15:00,142.0,153.0,True
544,Persistence,2027-07-01 10:20:00,139.0,152.0,True
544,Persistence,2027-07-01 10:25:00,137.0,153.0,True
544,Persistence,2027-07-01 10:30:00,134.0,150.0,True
544,Persistence,2027-07-01 10:35:00,132.0,148.0,True
544,Persistence,2027-07-01 10:40:00,130.0,146.0,True
544,Persistence,2027-07-01 10:45:00,130.0,142.0,True
544,Persistence,2027-07-01 10:50:00,128.0,139.0,True
544,Persistence,2027-07-01 10:55:00,126.0,137.0,True
544,Persistence,2027-07-01 11:00:00,124.0,134.0,True
544,Persistence,2027-07-01 11:05:00,124.0,132.0,True
544,Persistence,2027-07-01 11:10:00,121.0,130.0,True
544,Persistence,2027-07-01 11:15:00,119.0,130.0,True
544,Persistence,2027-07-01 11:20:00,120.0,128.0,True
544,Persistence,2027-07-01 11:25:00,123.0,126.0,True
544,Persistence,2027-07-01 11:30:00,122.0,124.0,True
544,Persistence,2027-07-01 11:35:00,124.0,124.0,True
544,Persistence,2027-07-01 11:40:00,127.0,121.0,True
544,Persistence,2027-07-01 11:45:00,132.0,119.0,True
544,Persistence,2027-07-01 11:50:00,137.0,120.0,True
544,Persistence,2027-07-01 11:55:00,137.0,123.0,True
544,Persistence,2027-07-01 12:00:00,141.0,122.0,True
544,Persistence,2027-07-01 12:05:00,150.0,124.0,True
544,Persistence,2027-07-01 12:10:00,160.0,127.0,True
544,Persistence,2027-07-01 12:15:00,164.0,132.0,True
544,Persistence,2027-07-01 12:20:00,169.0,137.0,True
544,Persistence,2027-07-01 12:25:00,173.0,137.0,True
544,Persistence,2027-07-01 12:30:00,170.0,141.0,True
544,Persistence,2027-07-01 12:35:00,175.0,150.0,True
544,Persistence,2027-07-01 12:40:00,181.0,160.0,True
544,Persistence,2027-07-01 12:45:00,178.0,164.0,True
544,Persistence,2027-07-01 12:50:00,176.0,169.0,True
544,Persistence,2027-07-01 12:55:00,184.0,173.0,True
544,Persistence,2027-07-01 13:00:00,185.0,170.0,True
544,Persistence,2027-07-01 13:05:00,186.0,175.0,True
544,Persistence,2027-07-01 13:10:00,194.0,181.0,True
544,Persistence,2027-07-01 13:15:00,200.0,178.0,True
544,Persistence,2027-07-01 13:20:00,206.0,176.0,True
544,Persistence,2027-07-01 13:25:00,208.0,184.0,True
544,Persistence,2027-07-01 13:30:00,208.0,185.0,True
544,Persistence,2027-07-01 13:35:00,208.0,186.0,True
544,Persistence,2027-07-01 13:40:00,204.0,194.0,True
544,Persistence,2027-07-01 13:45:00,199.0,200.0,True
544,Persistence,2027-07-01 13:50:00,195.0,206.0,True
544,Persistence,2027-07-01 13:55:00,190.0,208.0,True
544,Persistence,2027-07-01 14:00:00,184.0,208.0,True
544,Persistence,2027-07-01 14:05:00,179.0,208.0,True
544,Persistence,2027-07-01 14:10:00,173.0,204.0,True
544,Persistence,2027-07-01 14:15:00,167.0,199.0,True
544,Persistence,2027-07-01 14:20:00,162.0,195.0,True
544,Persistence,2027-07-01 14:25:00,156.0,190.0,True
544,Persistence,2027-07-01 14:30:00,152.0,184.0,True
544,Persistence,2027-07-01 14:35:00,147.0,179.0,True
544,Persistence,2027-07-01 14:40:00,142.0,173.0,True
544,Persistence,2027-07-01 14:45:00,137.0,167.0,True
544,Persistence,2027-07-01 14:50:00,132.0,162.0,True
544,Persistence,2027-07-01 14:55:00,126.0,156.0,True
544,Persistence,2027-07-01 15:00:00,124.0,152.0,True
544,Persistence,2027-07-01 15:05:00,119.0,147.0,True
544,Persistence,2027-07-01 15:10:00,116.0,142.0,True
544,Persistence,2027-07-01 15:15:00,117.0,137.0,True
544,Persistence,2027-07-01 15:20:00,117.0,132.0,True
544,Persistence,2027-07-01 15:25:00,115.0,126.0,True
544,Persistence,2027-07-01 15:30:00,113.0,124.0,True
544,Persistence,2027-07-01 15:35:00,111.0,119.0,True
544,Persistence,2027-07-01 15:40:00,109.0,116.0,True
544,Persistence,2027-07-01 15:45:00,108.0,117.0,True
544,Persistence,2027-07-01 15:50:00,107.0,117.0,True
544,Persistence,2027-07-01 15:55:00,104.0,115.0,True
544,Persistence,2027-07-01 16:00:00,103.0,113.0,True
544,Persistence,2027-07-01 16:05:00,99.0,111.0,True
544,Persistence,2027-07-01 16:10:00,97.0,109.0,True
544,Persistence,2027-07-01 16:15:00,93.0,108.0,True
544,Persistence,2027-07-01 16:20:00,91.0,107.0,True
544,Persistence,2027-07-01 16:25:00,90.0,104.0,True
544,Persistence,2027-07-01 16:30:00,93.0,103.0,True
544,Persistence,2027-07-01 16:35:00,88.0,99.0,True
544,Persistence,2027-07-01 16:40:00,88.0,97.0,True
544,Persistence,2027-07-01 16:45:00,90.0,93.0,True
544,Persistence,2027-07-01 16:50:00,90.0,91.0,True
544,Persistence,2027-07-01 16:55:00,91.0,90.0,True
544,Persistence,2027-07-01 17:00:00,95.0,93.0,True
544,Persistence,2027-07-01 17:05:00,95.0,88.0,True
544,Persistence,2027-07-01 17:10:00,95.0,88.0,True
544,Persistence,2027-07-01 17:15:00,97.0,90.0,True
544,Persistence,2027-07-01 17:20:00,100.0,90.0,True
544,Persistence,2027-07-01 17:25:00,101.0,91.0,True
544,Persistence,2027-07-01 17:30:00,102.0,95.0,True
544,Persistence,2027-07-01 17:35:00,101.0,95.0,True
544,Persistence,2027-07-01 17:40:00,102.0,95.0,True
544,Persistence,2027-07-01 17:45:00,104.0,97.0,True
544,Persistence,2027-07-01 17:50:00,108.0,100.0,True
544,Persistence,2027-07-01 17:55:00,107.0,101.0,True
544,Persistence,2027-07-01 18:00:00,110.0,102.0,True
544,Persistence,2027-07-01 18:05:00,119.0,101.0,True
544,Persistence,2027-07-01 18:10:00,127.0,102.0,True
544,Persistence,2027-07-01 18:15:00,135.0,104.0,True
544,Persistence,2027-07-01 18:20:00,137.0,108.0,True
544,Persistence,2027-07-01 18:25:00,143.0,107.0,True
544,Persistence,2027-07-01 18:30:00,149.0,110.0,True
544,Persistence,2027-07-01 18:35:00,152.0,119.0,True
544,Persistence,2027-07-01 18:40:00,158.0,127.0,True
544,Persistence,2027-07-01 18:45:00,165.0,135.0,True
544,Persistence,2027-07-01 18:50:00,165.0,137.0,True
544,Persistence,2027-07-01 18:55:00,163.0,143.0,True
544,Persistence,2027-07-01 19:00:00,165.0,149.0,True
544,Persistence,2027-07-01 19:05:00,171.0,152.0,True
544,Persistence,2027-07-01 19:10:00,172.0,158.0,True
544,Persistence,2027-07-01 19:15:00,172.0,165.0,True
544,Persistence,2027-07-01 19:20:00,173.0,165.0,True
544,Persistence,2027-07-01 19:25:00,172.0,163.0,True
544,Persistence,2027-07-01 19:30:00,171.0,165.0,True
544,Persistence,2027-07-01 19:35:00,176.0,171.0,True
544,Persistence,2027-07-01 19:40:00,181.0,172.0,True
544,Persistence,2027-07-01 19:45:00,180.0,172.0,True
544,Persistence,2027-07-01 19:50:00,180.0,173.0,True
544,Persistence,2027-07-01 19:55:00,179.0,172.0,True
544,Persistence,2027-07-01 20:00:00,176.0,171.0,True
544,Persistence,2027-07-01 20:05:00,176.0,176.0,True
544,Persistence,2027-07-01 20:10:00,176.0,181.0,True
544,Persistence,2027-07-01 20:15:00,179.0,180.0,True
544,Persistence,2027-07-01 20:20:00,182.0,180.0,True
544,Persistence,2027-07-01 20:25:00,182.0,179.0,True
544,Persistence,2027-07-01 20:30:00,180.0,176.0,True
544,Persistence,2027-07-01 20:35:00,178.0,176.0,True
544,Persistence,2027-07-01 20:40:00,176.0,176.0,True
544,Persistence,2027-07-01 20:45:00,174.0,179.0,True
544,Persistence,2027-07-01 20:50:00,172.0,182.0,True
544,Persistence,2027-07-01 20:55:00,169.0,182.0,True
544,Persistence,2027-07-01 21:00:00,167.0,180.0,True
544,Persistence,2027-07-01 21:05:00,165.0,178.0,True
544,Persistence,2027-07-01 21:10:00,164.0,176.0,True
544,Persistence,2027-07-01 21:15:00,164.0,174.0,True
544,Persistence,2027-07-01 21:20:00,165.0,172.0,True
544,Persistence,2027-07-01 21:25:00,171.0,169.0,True
544,Persistence,2027-07-01 21:30:00,180.0,167.0,True
544,Persistence,2027-07-01 21:35:00,185.0,165.0,True
544,Persistence,2027-07-01 21:40:00,186.0,164.0,True
544,Persistence,2027-07-01 21:45:00,193.0,164.0,True
544,Persistence,2027-07-01 21:50:00,210.0,165.0,True
544,Persistence,2027-07-01 21:55:00,217.0,171.0,True
544,Persistence,2027-07-01 22:00:00,212.0,180.0,True
544,Persistence,2027-07-01 22:05:00,214.0,185.0,True
544,Persistence,2027-07-01 22:10:00,217.0,186.0,True
544,Persistence,2027-07-01 22:15:00,222.0,193.0,True
544,Persistence,2027-07-01 22:20:00,228.0,210.0,True
544,Persistence,2027-07-01 22:25:00,232.0,217.0,True
544,Persistence,2027-07-01 22:30:00,233.0,212.0,True
544,Persistence,2027-07-01 22:35:00,230.0,214.0,True
544,Persistence,2027-07-01 22:40:00,226.0,217.0,True
544,Persistence,2027-07-01 22:45:00,215.0,222.0,True
544,Persistence,2027-07-01 22:50:00,210.0,228.0,True
544,Persistence,2027-07-01 22:55:00,205.0,232.0,True
544,Persistence,2027-07-01 23:00:00,199.0,233.0,True
544,Persistence,2027-07-01 23:05:00,193.0,230.0,True
544,Persistence,2027-07-01 23:10:00,187.0,226.0,True
544,Persistence,2027-07-01 23:15:00,181.0,215.0,True
544,Persistence,2027-07-01 23:20:00,176.0,210.0,True
544,Persistence,2027-07-01 23:25:00,170.0,205.0,True
544,Persistence,2027-07-01 23:30:00,166.0,199.0,True
544,Persistence,2027-07-01 23:35:00,167.0,193.0,True
544,Persistence,2027-07-01 23:40:00,167.0,187.0,True
544,Persistence,2027-07-01 23:45:00,159.0,181.0,True
544,Persistence,2027-07-01 23:50:00,154.0,176.0,True
544,Persistence,2027-07-01 23:55:00,150.0,170.0,True
544,Persistence,2027-07-02 00:00:00,147.0,166.0,True
544,Persistence,2027-07-02 00:05:00,144.0,167.0,True
544,Persistence,2027-07-02 00:10:00,141.0,167.0,True
544,Persistence,2027-07-02 00:15:00,138.0,159.0,True
544,Persistence,2027-07-02 00:20:00,135.0,154.0,True
544,Persistence,2027-07-02 00:25:00,132.0,150.0,True
544,Persistence,2027-07-02 00:30:00,129.0,147.0,True
544,Persistence,2027-07-02 00:35:00,127.0,144.0,True
544,Persistence,2027-07-02 00:40:00,124.0,141.0,True
544,Persistence,2027-07-02 00:45:00,122.0,138.0,True
544,Persistence,2027-07-02 00:50:00,120.0,135.0,True
544,Persistence,2027-07-02 00:55:00,117.0,132.0,True
544,Persistence,2027-07-02 01:00:00,115.0,129.0,True
544,Persistence,2027-07-02 01:05:00,114.0,127.0,True
544,Persistence,2027-07-02 01:10:00,113.0,124.0,True
544,Persistence,2027-07-02 01:15:00,111.0,122.0,True
544,Persistence,2027-07-02 01:20:00,109.0,120.0,True
544,Persistence,2027-07-02 01:25:00,107.0,117.0,True
544,Persistence,2027-07-02 01:30:00,105.0,115.0,True
544,Persistence,2027-07-02 01:35:00,103.0,114.0,True
544,Persistence,2027-07-02 01:40:00,101.0,113.0,True
544,Persistence,2027-07-02 01:45:00,99.0,111.0,True
544,Persistence,2027-07-02 01:50:00,98.0,109.0,True
544,Persistence,2027-07-02 01:55:00,97.0,107.0,True
544,Persistence,2027-07-02 02:00:00,96.0,105.0,True
544,Persistence,2027-07-02 02:05:00,94.0,103.0,True
544,Persistence,2027-07-02 02:10:00,91.0,101.0,True
544,Persistence,2027-07-02 02:15:00,90.0,99.0,True
544,Persistence,2027-07-02 02:20:00,89.0,98.0,True
544,Persistence,2027-07-02 02:25:00,88.0,97.0,True
544,Persistence,2027-07-02 02:30:00,87.0,96.0,True
544,Persistence,2027-07-02 02:35:00,87.0,94.0,True
544,Persistence,2027-07-02 02:40:00,86.0,91.0,True
544,Persistence,2027-07-02 02:45:00,85.0,90.0,True
544,Persistence,2027-07-02 02:50:00,85.0,89.0,True
544,Persistence,2027-07-02 02:55:00,85.0,88.0,True
544,Persistence,2027-07-02 03:00:00,85.0,87.0,True
544,Persistence,2027-07-02 03:05:00,84.0,87.0,True
544,Persistence,2027-07-02 03:10:00,84.0,86.0,True
544,Persistence,2027-07-02 03:15:00,83.0,85.0,True
544,Persistence,2027-07-02 03:20:00,83.0,85.0,True
544,Persistence,2027-07-02 03:25:00,83.0,85.0,True
544,Persistence,2027-07-02 03:30:00,83.0,85.0,True
544,Persistence,2027-07-02 03:35:00,83.0,84.0,True
544,Persistence,2027-07-02 03:40:00,81.0,84.0,True
544,Persistence,2027-07-02 03:45:00,81.0,83.0,True
544,Persistence,2027-07-02 03:50:00,80.0,83.0,True
544,Persistence,2027-07-02 03:55:00,79.0,83.0,True
544,Persistence,2027-07-02 04:00:00,79.0,83.0,True
544,Persistence,2027-07-02 04:05:00,79.0,83.0,True
544,Persistence,2027-07-02 04:10:00,78.0,81.0,True
544,Persistence,2027-07-02 04:15:00,79.0,81.0,True
544,Persistence,2027-07-02 04:20:00,79.0,80.0,True
544,Persistence,2027-07-02 04:25:00,79.0,79.0,True
544,Persistence,2027-07-02 04:30:00,79.0,79.0,True
544,Persistence,2027-07-02 04:35:00,79.0,79.0,True
544,Persistence,2027-07-02 04:40:00,79.0,78.0,True
544,Persistence,2027-07-02 04:45:00,79.0,79.0,True
544,Persistence,2027-07-02 04:50:00,78.0,79.0,True
544,Persistence,2027-07-02 04:55:00,78.0,79.0,True
544,Persistence,2027-07-02 05:00:00,78.0,79.0,True
544,Persistence,2027-07-02 05:05:00,77.0,79.0,True
544,Persistence,2027-07-02 05:10:00,77.0,79.0,True
544,Persistence,2027-07-02 05:15:00,77.0,79.0,True
544,Persistence,2027-07-02 05:20:00,78.0,78.0,True
544,Persistence,2027-07-02 05:25:00,78.0,78.0,True
544,Persistence,2027-07-02 05:30:00,78.0,78.0,True
544,Persistence,2027-07-02 05:35:00,77.0,77.0,True
544,Persistence,2027-07-02 05:40:00,76.0,77.0,True
544,Persistence,2027-07-02 05:45:00,75.0,77.0,True
544,Persistence,2027-07-02 05:50:00,73.0,78.0,True
544,Persistence,2027-07-02 05:55:00,72.0,78.0,True
544,Persistence,2027-07-02 06:00:00,72.0,78.0,True
544,Persistence,2027-07-02 06:05:00,73.0,77.0,True
544,Persistence,2027-07-02 06:10:00,75.0,76.0,True
544,Persistence,2027-07-02 06:15:00,76.0,75.0,True
544,Persistence,2027-07-02 06:20:00,77.0,73.0,True
544,Persistence,2027-07-02 06:25:00,77.0,72.0,True
544,Persistence,2027-07-02 06:30:00,77.0,72.0,True
544,Persistence,2027-07-02 06:35:00,79.0,73.0,True
544,Persistence,2027-07-02 06:40:00,82.0,75.0,True
544,Persistence,2027-07-02 06:45:00,82.0,76.0,True
544,Persistence,2027-07-02 06:50:00,84.0,77.0,True
544,Persistence,2027-07-02 06:55:00,87.0,77.0,True
544,Persistence,2027-07-02 07:00:00,91.0,77.0,True
544,Persistence,2027-07-02 07:05:00,94.0,79.0,True
544,Persistence,2027-07-02 07:10:00,96.0,82.0,True
544,Persistence,2027-07-02 07:15:00,97.0,82.0,True
544,Persistence,2027-07-02 07:20:00,99.0,84.0,True
544,Persistence,2027-07-02 07:25:00,99.0,87.0,True
544,Persistence,2027-07-02 07:30:00,99.0,91.0,True
544,Persistence,2027-07-02 07:35:00,105.0,94.0,True
544,Persistence,2027-07-02 07:40:00,112.0,96.0,True
544,Persistence,2027-07-02 07:45:00,115.0,97.0,True
544,Persistence,2027-07-02 07:50:00,118.0,99.0,True
544,Persistence,2027-07-02 07:55:00,129.0,99.0,True
544,Persistence,2027-07-02 08:00:00,132.0,99.0,True
544,Persistence,2027-07-02 08:05:00,143.0,105.0,True
544,Persistence,2027-07-02 08:10:00,158.0,112.0,True
544,Persistence,2027-07-02 08:15:00,167.0,115.0,True
544,Persistence,2027-07-02 08:20:00,174.0,118.0,True
544,Persistence,2027-07-02 08:25:00,179.0,129.0,True
544,Persistence,2027-07-02 08:30:00,181.0,132.0,True
544,Persistence,2027-07-02 08:35:00,185.0,143.0,True
544,Persistence,2027-07-02 08:40:00,188.0,158.0,True
544,Persistence,2027-07-02 08:45:00,190.0,167.0,True
544,Persistence,2027-07-02 08:50:00,194.0,174.0,True
544,Persistence,2027-07-02 08:55:00,195.0,179.0,True
544,Persistence,2027-07-02 09:00:00,196.0,181.0,True
544,Persistence,2027-07-02 09:05:00,198.0,185.0,True
544,Persistence,2027-07-02 09:10:00,199.0,188.0,True
544,Persistence,2027-07-02 09:15:00,197.0,190.0,True
544,Persistence,2027-07-02 09:20:00,195.0,194.0,True
544,Persistence,2027-07-02 09:25:00,192.0,195.0,True
544,Persistence,2027-07-02 09:30:00,186.0,196.0,True
544,Persistence,2027-07-02 09:35:00,182.0,198.0,True
544,Persistence,2027-07-02 09:40:00,177.0,199.0,True
544,Persistence,2027-07-02 09:45:00,175.0,197.0,True
544,Persistence,2027-07-02 09:50:00,169.0,195.0,True
544,Persistence,2027-07-02 09:55:00,165.0,192.0,True
544,Persistence,2027-07-02 10:00:00,160.0,186.0,True
544,Persistence,2027-07-02 10:05:00,155.0,182.0,True
544,Persistence,2027-07-02 10:10:00,151.0,177.0,True
544,Persistence,2027-07-02 10:15:00,147.0,175.0,True
544,Persistence,2027-07-02 10:20:00,143.0,169.0,True
544,Persistence,2027-07-02 10:25:00,139.0,165.0,True
544,Persistence,2027-07-02 10:30:00,136.0,160.0,True
544,Persistence,2027-07-02 10:35:00,133.0,155.0,True
544,Persistence,2027-07-02 10:40:00,130.0,151.0,True
544,Persistence,2027-07-02 10:45:00,127.0,147.0,True
544,Persistence,2027-07-02 10:50:00,123.0,143.0,True
544,Persistence,2027-07-02 10:55:00,121.0,139.0,True
544,Persistence,2027-07-02 11:00:00,119.0,136.0,True
544,Persistence,2027-07-02 11:05:00,116.0,133.0,True
544,Persistence,2027-07-02 11:10:00,114.0,130.0,True
544,Persistence,2027-07-02 11:15:00,108.0,127.0,True
544,Persistence,2027-07-02 11:20:00,105.0,123.0,True
544,Persistence,2027-07-02 11:25:00,104.0,121.0,True
544,Persistence,2027-07-02 11:30:00,102.0,119.0,True
544,Persistence,2027-07-02 11:35:00,85.0,116.0,True
544,Persistence,2027-07-02 11:40:00,85.0,114.0,True
544,Persistence,2027-07-02 11:45:00,85.0,108.0,True
544,Persistence,2027-07-02 11:50:00,90.0,105.0,True
544,Persistence,2027-07-02 11:55:00,96.0,104.0,True
544,Persistence,2027-07-02 12:00:00,99.0,102.0,True
544,Persistence,2027-07-02 12:05:00,107.0,85.0,True
544,Persistence,2027-07-02 12:10:00,120.0,85.0,True
544,Persistence,2027-07-02 12:15:00,134.0,85.0,True
544,Persistence,2027-07-02 12:20:00,145.0,90.0,True
544,Persistence,2027-07-02 12:25:00,152.0,96.0,True
544,Persistence,2027-07-02 12:30:00,153.0,99.0,True
544,Persistence,2027-07-02 12:35:00,153.0,107.0,True
544,Persistence,2027-07-02 12:40:00,161.0,120.0,True
544,Persistence,2027-07-02 12:45:00,166.0,134.0,True
544,Persistence,2027-07-02 12:50:00,171.0,145.0,True
544,Persistence,2027-07-02 12:55:00,177.0,152.0,True
544,Persistence,2027-07-02 13:00:00,183.0,153.0,True
544,Persistence,2027-07-02 13:05:00,186.0,153.0,True
544,Persistence,2027-07-02 13:10:00,188.0,161.0,True
544,Persistence,2027-07-02 13:15:00,190.0,166.0,True
544,Persistence,2027-07-02 13:20:00,189.0,171.0,True
544,Persistence,2027-07-02 13:25:00,187.0,177.0,True
544,Persistence,2027-07-02 13:30:00,190.0,183.0,True
544,Persistence,2027-07-02 13:35:00,192.0,186.0,True
544,Persistence,2027-07-02 13:40:00,191.0,188.0,True
544,Persistence,2027-07-02 13:45:00,188.0,190.0,True
544,Persistence,2027-07-02 13:50:00,187.0,189.0,True
544,Persistence,2027-07-02 13:55:00,189.0,187.0,True
544,Persistence,2027-07-02 14:00:00,192.0,190.0,True
544,Persistence,2027-07-02 14:05:00,196.0,192.0,True
544,Persistence,2027-07-02 14:10:00,199.0,191.0,True
544,Persistence,2027-07-02 14:15:00,202.0,188.0,True
544,Persistence,2027-07-02 14:20:00,202.0,187.0,True
544,Persistence,2027-07-02 14:25:00,203.0,189.0,True
544,Persistence,2027-07-02 14:30:00,205.0,192.0,True
544,Persistence,2027-07-02 14:35:00,205.0,196.0,True
544,Persistence,2027-07-02 14:40:00,204.0,199.0,True
544,Persistence,2027-07-02 14:45:00,204.0,202.0,True
544,Persistence,2027-07-02 14:50:00,205.0,202.0,True
544,Persistence,2027-07-02 14:55:00,203.0,203.0,True
544,Persistence,2027-07-02 15:00:00,202.0,205.0,True
544,Persistence,2027-07-02 15:05:00,202.0,205.0,True
544,Persistence,2027-07-02 15:10:00,198.0,204.0,True
544,Persistence,2027-07-02 15:15:00,193.0,204.0,True
544,Persistence,2027-07-02 15:20:00,185.0,205.0,True
544,Persistence,2027-07-02 15:25:00,178.0,203.0,True
544,Persistence,2027-07-02 15:30:00,170.0,202.0,True
544,Persistence,2027-07-02 15:35:00,167.0,202.0,True
544,Persistence,2027-07-02 15:40:00,165.0,198.0,True
544,Persistence,2027-07-02 15:45:00,159.0,193.0,True
544,Persistence,2027-07-02 15:50:00,154.0,185.0,True
544,Persistence,2027-07-02 15:55:00,152.0,178.0,True
544,Persistence,2027-07-02 16:00:00,149.0,170.0,True
544,Persistence,2027-07-02 16:05:00,147.0,167.0,True
544,Persistence,2027-07-02 16:10:00,143.0,165.0,True
544,Persistence,2027-07-02 16:15:00,137.0,159.0,True
544,Persistence,2027-07-02 16:20:00,130.0,154.0,True
544,Persistence,2027-07-02 16:25:00,122.0,152.0,True
544,Persistence,2027-07-02 16:30:00,114.0,149.0,True
544,Persistence,2027-07-02 16:35:00,108.0,147.0,True
544,Persistence,2027-07-02 16:40:00,103.0,143.0,True
544,Persistence,2027-07-02 16:45:00,99.0,137.0,True
544,Persistence,2027-07-02 16:50:00,97.0,130.0,True
544,Persistence,2027-07-02 16:55:00,94.0,122.0,True
544,Persistence,2027-07-02 17:00:00,89.0,114.0,True
544,Persistence,2027-07-02 17:05:00,85.0,108.0,True
544,Persistence,2027-07-02 17:10:00,80.0,103.0,True
544,Persistence,2027-07-02 17:15:00,76.0,99.0,True
544,Persistence,2027-07-02 17:20:00,73.0,97.0,True
544,Persistence,2027-07-02 17:25:00,70.0,94.0,True
544,Persistence,2027-07-02 17:30:00,66.0,89.0,True
544,Persistence,2027-07-02 17:35:00,65.0,85.0,True
544,Persistence,2027-07-02 17:40:00,65.0,80.0,True
544,Persistence,2027-07-02 17:45:00,64.0,76.0,True
544,Persistence,2027-07-02 17:50:00,65.0,73.0,True
544,Persistence,2027-07-02 17:55:00,74.0,70.0,True
544,Persistence,2027-07-02 18:00:00,83.0,66.0,True
544,Persistence,2027-07-02 18:05:00,103.0,65.0,True
544,Persistence,2027-07-02 18:10:00,106.0,65.0,True
544,Persistence,2027-07-02 18:15:00,125.0,64.0,True
544,Persistence,2027-07-02 18:20:00,142.0,65.0,True
544,Persistence,2027-07-02 18:25:00,158.0,74.0,True
544,Persistence,2027-07-02 18:30:00,187.0,83.0,True
544,Persistence,2027-07-02 18:35:00,200.0,103.0,True
544,Persistence,2027-07-02 18:40:00,207.0,106.0,True
544,Persistence,2027-07-02 18:45:00,215.0,125.0,True
544,Persistence,2027-07-02 18:50:00,221.0,142.0,True
544,Persistence,2027-07-02 18:55:00,224.0,158.0,True
544,Persistence,2027-07-02 19:00:00,227.0,187.0,True
544,Persistence,2027-07-02 19:05:00,230.0,200.0,True
544,Persistence,2027-07-02 19:10:00,231.0,207.0,True
544,Persistence,2027-07-02 19:15:00,231.0,215.0,True
544,Persistence,2027-07-02 19:20:00,229.0,221.0,True
544,Persistence,2027-07-02 19:25:00,224.0,224.0,True
544,Persistence,2027-07-02 19:30:00,215.0,227.0,True
544,Persistence,2027-07-02 19:35:00,207.0,230.0,True
544,Persistence,2027-07-02 19:40:00,198.0,231.0,True
544,Persistence,2027-07-02 19:45:00,190.0,231.0,True
544,Persistence,2027-07-02 19:50:00,187.0,229.0,True
544,Persistence,2027-07-02 19:55:00,180.0,224.0,True
544,Persistence,2027-07-02 20:00:00,172.0,215.0,True
544,Persistence,2027-07-02 20:05:00,168.0,207.0,True
544,Persistence,2027-07-02 20:10:00,166.0,198.0,True
544,Persistence,2027-07-02 20:15:00,163.0,190.0,True
544,Persistence,2027-07-02 20:20:00,164.0,187.0,True
544,Persistence,2027-07-02 20:25:00,160.0,180.0,True
544,Persistence,2027-07-02 20:30:00,156.0,172.0,True
544,Persistence,2027-07-02 20:35:00,157.0,168.0,True
544,Persistence,2027-07-02 20:40:00,150.0,166.0,True
544,Persistence,2027-07-02 20:45:00,151.0,163.0,True
544,Persistence,2027-07-02 20:50:00,152.0,164.0,True
544,Persistence,2027-07-02 20:55:00,151.0,160.0,True
544,Persistence,2027-07-02 21:00:00,151.0,156.0,True
544,Persistence,2027-07-02 21:05:00,152.0,157.0,True
544,Persistence,2027-07-02 21:10:00,148.0,150.0,True
544,Persistence,2027-07-02 21:15:00,142.0,151.0,True
544,Persistence,2027-07-02 21:20:00,132.0,152.0,True
544,Persistence,2027-07-02 21:25:00,123.0,151.0,True
544,Persistence,2027-07-02 21:30:00,118.0,151.0,True
544,Persistence,2027-07-02 21:35:00,110.0,152.0,True
544,Persistence,2027-07-02 21:40:00,105.0,148.0,True
544,Persistence,2027-07-02 21:45:00,102.0,142.0,True
544,Persistence,2027-07-02 21:50:00,97.0,132.0,True
544,Persistence,2027-07-02 21:55:00,93.0,123.0,True
544,Persistence,2027-07-02 22:00:00,90.0,118.0,True
544,Persistence,2027-07-02 22:05:00,90.0,110.0,True
544,Persistence,2027-07-02 22:10:00,89.0,105.0,True
544,Persistence,2027-07-02 22:15:00,93.0,102.0,True
544,Persistence,2027-07-02 22:20:00,102.0,97.0,True
544,Persistence,2027-07-02 22:25:00,116.0,93.0,True
544,Persistence,2027-07-02 22:30:00,128.0,90.0,True
544,Persistence,2027-07-02 22:35:00,138.0,90.0,True
544,Persistence,2027-07-02 22:40:00,148.0,89.0,True
544,Persistence,2027-07-02 22:45:00,153.0,93.0,True
544,Persistence,2027-07-02 22:50:00,164.0,102.0,True
544,Persistence,2027-07-02 22:55:00,178.0,116.0,True
544,Persistence,2027-07-02 23:00:00,188.0,128.0,True
544,Persistence,2027-07-02 23:05:00,193.0,138.0,True
544,Persistence,2027-07-02 23:10:00,195.0,148.0,True
544,Persistence,2027-07-02 23:15:00,197.0,153.0,True
544,Persistence,2027-07-02 23:20:00,195.0,164.0,True
544,Persistence,2027-07-02 23:25:00,191.0,178.0,True
544,Persistence,2027-07-02 23:30:00,185.0,188.0,True
544,Persistence,2027-07-02 23:35:00,178.0,193.0,True
544,Persistence,2027-07-02 23:40:00,167.0,195.0,True
544,Persistence,2027-07-02 23:45:00,164.0,197.0,True
544,Persistence,2027-07-02 23:50:00,162.0,195.0,True
544,Persistence,2027-07-02 23:55:00,160.0,191.0,True
544,Persistence,2027-07-03 00:00:00,157.0,185.0,True
544,Persistence,2027-07-03 00:05:00,153.0,178.0,True
544,Persistence,2027-07-03 00:10:00,150.0,167.0,True
544,Persistence,2027-07-03 00:15:00,148.0,164.0,True
544,Persistence,2027-07-03 00:20:00,147.0,162.0,True
544,Persistence,2027-07-03 00:25:00,145.0,160.0,True
544,Persistence,2027-07-03 00:30:00,143.0,157.0,True
544,Persistence,2027-07-03 00:35:00,143.0,153.0,True
544,Persistence,2027-07-03 00:40:00,144.0,150.0,True
544,Persistence,2027-07-03 00:45:00,145.0,148.0,True
544,Persistence,2027-07-03 00:50:00,146.0,147.0,True
544,Persistence,2027-07-03 00:55:00,147.0,145.0,True
544,Persistence,2027-07-03 01:00:00,147.0,143.0,True
544,Persistence,2027-07-03 01:05:00,148.0,143.0,True
544,Persistence,2027-07-03 01:10:00,148.0,144.0,True
544,Persistence,2027-07-03 01:15:00,149.0,145.0,True
544,Persistence,2027-07-03 01:20:00,149.0,146.0,True
544,Persistence,2027-07-03 01:25:00,150.0,147.0,True
544,Persistence,2027-07-03 01:30:00,152.0,147.0,True
544,Persistence,2027-07-03 01:35:00,153.0,148.0,True
544,Persistence,2027-07-03 01:40:00,152.0,148.0,True
544,Persistence,2027-07-03 01:45:00,153.0,149.0,True
544,Persistence,2027-07-03 01:50:00,153.0,149.0,True
544,Persistence,2027-07-03 01:55:00,153.0,150.0,True
544,Persistence,2027-07-03 02:00:00,152.0,152.0,True
544,Persistence,2027-07-03 02:05:00,151.0,153.0,True
544,Persistence,2027-07-03 02:10:00,150.0,152.0,True
544,Persistence,2027-07-03 02:15:00,149.0,153.0,True
544,Persistence,2027-07-03 02:20:00,148.0,153.0,True
544,Persistence,2027-07-03 02:25:00,147.0,153.0,True
544,Persistence,2027-07-03 02:30:00,146.0,152.0,True
544,Persistence,2027-07-03 02:35:00,145.0,151.0,True
544,Persistence,2027-07-03 02:40:00,145.0,150.0,True
544,Persistence,2027-07-03 02:45:00,144.0,149.0,True
544,Persistence,2027-07-03 02:50:00,143.0,148.0,True
544,Persistence,2027-07-03 02:55:00,143.0,147.0,True
544,Persistence,2027-07-03 03:00:00,142.0,146.0,True
544,Persistence,2027-07-03 03:05:00,142.0,145.0,True
544,Persistence,2027-07-03 03:10:00,141.0,145.0,True
544,Persistence,2027-07-03 03:15:00,140.0,144.0,True
544,Persistence,2027-07-03 03:20:00,139.0,143.0,True
544,Persistence,2027-07-03 03:25:00,137.0,143.0,True
544,Persistence,2027-07-03 03:30:00,135.0,142.0,True
544,Persistence,2027-07-03 03:35:00,134.0,142.0,True
544,Persistence,2027-07-03 03:40:00,132.0,141.0,True
544,Persistence,2027-07-03 03:45:00,131.0,140.0,True
544,Persistence,2027-07-03 03:50:00,130.0,139.0,True
544,Persistence,2027-07-03 03:55:00,130.0,137.0,True
544,Persistence,2027-07-03 04:00:00,129.0,135.0,True
544,Persistence,2027-07-03 04:05:00,127.0,134.0,True
544,Persistence,2027-07-03 04:10:00,126.0,132.0,True
544,Persistence,2027-07-03 04:15:00,125.0,131.0,True
544,Persistence,2027-07-03 04:20:00,123.0,130.0,True
544,Persistence,2027-07-03 04:25:00,122.0,130.0,True
544,Persistence,2027-07-03 04:30:00,122.0,129.0,True
544,Persistence,2027-07-03 04:35:00,121.0,127.0,True
544,Persistence,2027-07-03 04:40:00,120.0,126.0,True
544,Persistence,2027-07-03 04:45:00,118.0,125.0,True
544,Persistence,2027-07-03 04:50:00,115.0,123.0,True
544,Persistence,2027-07-03 04:55:00,115.0,122.0,True
544,Persistence,2027-07-03 05:00:00,113.0,122.0,True
544,Persistence,2027-07-03 05:05:00,112.0,121.0,True
544,Persistence,2027-07-03 05:10:00,111.0,120.0,True
544,Persistence,2027-07-03 05:15:00,109.0,118.0,True
544,Persistence,2027-07-03 05:20:00,108.0,115.0,True
544,Persistence,2027-07-03 05:25:00,108.0,115.0,True
544,Persistence,2027-07-03 05:30:00,107.0,113.0,True
544,Persistence,2027-07-03 05:35:00,106.0,112.0,True
544,Persistence,2027-07-03 05:40:00,106.0,111.0,True
544,Persistence,2027-07-03 05:45:00,105.0,109.0,True
544,Persistence,2027-07-03 05:50:00,104.0,108.0,True
544,Persistence,2027-07-03 05:55:00,103.0,108.0,True
544,Persistence,2027-07-03 06:00:00,101.0,107.0,True
544,Persistence,2027-07-03 06:05:00,101.0,106.0,True
544,Persistence,2027-07-03 06:10:00,100.0,106.0,True
544,Persistence,2027-07-03 06:15:00,100.0,105.0,True
544,Persistence,2027-07-03 06:20:00,100.0,104.0,True
544,Persistence,2027-07-03 06:25:00,100.0,103.0,True
544,Persistence,2027-07-03 06:30:00,98.0,101.0,True
544,Persistence,2027-07-03 06:35:00,96.0,101.0,True
544,Persistence,2027-07-03 06:40:00,94.0,100.0,True
544,Persistence,2027-07-03 06:45:00,94.0,100.0,True
544,Persistence,2027-07-03 06:50:00,93.0,100.0,True
544,Persistence,2027-07-03 06:55:00,91.0,100.0,True
544,Persistence,2027-07-03 07:00:00,91.0,98.0,True
544,Persistence,2027-07-03 07:05:00,89.0,96.0,True
544,Persistence,2027-07-03 07:10:00,89.0,94.0,True
544,Persistence,2027-07-03 07:15:00,89.0,94.0,True
544,Persistence,2027-07-03 07:20:00,90.0,93.0,True
544,Persistence,2027-07-03 07:25:00,91.0,91.0,True
544,Persistence,2027-07-03 07:30:00,93.0,91.0,True
544,Persistence,2027-07-03 07:35:00,96.0,89.0,True
544,Persistence,2027-07-03 07:40:00,98.0,89.0,True
544,Persistence,2027-07-03 07:45:00,100.0,89.0,True
544,Persistence,2027-07-03 07:50:00,104.0,90.0,True
544,Persistence,2027-07-03 07:55:00,107.0,91.0,True
544,Persistence,2027-07-03 08:00:00,109.0,93.0,True
544,Persistence,2027-07-03 08:05:00,112.0,96.0,True
544,Persistence,2027-07-03 08:10:00,114.0,98.0,True
544,Persistence,2027-07-03 08:15:00,115.0,100.0,True
544,Persistence,2027-07-03 08:20:00,118.0,104.0,True
544,Persistence,2027-07-03 08:25:00,120.0,107.0,True
544,Persistence,2027-07-03 08:30:00,119.0,109.0,True
544,Persistence,2027-07-03 08:35:00,144.0,112.0,True
544,Persistence,2027-07-03 08:40:00,147.0,114.0,True
544,Persistence,2027-07-03 08:45:00,148.0,115.0,True
544,Persistence,2027-07-03 08:50:00,148.0,118.0,True
544,Persistence,2027-07-03 08:55:00,152.0,120.0,True
544,Persistence,2027-07-03 09:00:00,159.0,119.0,True
544,Persistence,2027-07-03 09:05:00,164.0,144.0,True
544,Persistence,2027-07-03 09:10:00,170.0,147.0,True
544,Persistence,2027-07-03 09:15:00,178.0,148.0,True
544,Persistence,2027-07-03 09:20:00,190.0,148.0,True
544,Persistence,2027-07-03 09:25:00,201.0,152.0,True
544,Persistence,2027-07-03 09:30:00,219.0,159.0,True
544,Persistence,2027-07-03 09:35:00,233.0,164.0,True
544,Persistence,2027-07-03 09:40:00,229.0,170.0,True
544,Persistence,2027-07-03 09:45:00,232.0,178.0,True
544,Persistence,2027-07-03 09:50:00,238.0,190.0,True
544,Persistence,2027-07-03 09:55:00,248.0,201.0,True
544,Persistence,2027-07-03 10:00:00,257.0,219.0,True
544,Persistence,2027-07-03 10:05:00,256.0,233.0,True
544,Persistence,2027-07-03 10:10:00,247.0,229.0,True
544,Persistence,2027-07-03 10:15:00,235.0,232.0,True
544,Persistence,2027-07-03 10:20:00,226.0,238.0,True
544,Persistence,2027-07-03 10:25:00,214.0,248.0,True
544,Persistence,2027-07-03 10:30:00,204.0,257.0,True
544,Persistence,2027-07-03 10:35:00,195.0,256.0,True
544,Persistence,2027-07-03 10:40:00,186.0,247.0,True
544,Persistence,2027-07-03 10:45:00,173.0,235.0,True
544,Persistence,2027-07-03 10:50:00,169.0,226.0,True
544,Persistence,2027-07-03 10:55:00,172.0,214.0,True
544,Persistence,2027-07-03 11:00:00,171.0,204.0,True
544,Persistence,2027-07-03 11:05:00,167.0,195.0,True
544,Persistence,2027-07-03 11:10:00,161.0,186.0,True
544,Persistence,2027-07-03 11:15:00,159.0,173.0,True
544,Persistence,2027-07-03 11:20:00,157.0,169.0,True
544,Persistence,2027-07-03 11:25:00,157.0,172.0,True
544,Persistence,2027-07-03 11:30:00,155.0,171.0,True
544,Persistence,2027-07-03 11:35:00,150.0,167.0,True
544,Persistence,2027-07-03 11:40:00,147.0,161.0,True
544,Persistence,2027-07-03 11:45:00,143.0,159.0,True
544,Persistence,2027-07-03 11:50:00,139.0,157.0,True
544,Persistence,2027-07-03 11:55:00,131.0,157.0,True
544,Persistence,2027-07-03 12:00:00,125.0,155.0,True
544,Persistence,2027-07-03 12:05:00,116.0,150.0,True
544,Persistence,2027-07-03 12:10:00,112.0,147.0,True
544,Persistence,2027-07-03 12:15:00,115.0,143.0,True
544,Persistence,2027-07-03 12:20:00,116.0,139.0,True
544,Persistence,2027-07-03 12:25:00,121.0,131.0,True
544,Persistence,2027-07-03 12:30:00,124.0,125.0,True
544,Persistence,2027-07-03 12:35:00,125.0,116.0,True
544,Persistence,2027-07-03 12:40:00,122.0,112.0,True
544,Persistence,2027-07-03 12:45:00,120.0,115.0,True
544,Persistence,2027-07-03 12:50:00,117.0,116.0,True
544,Persistence,2027-07-03 12:55:00,115.0,121.0,True
544,Persistence,2027-07-03 13:00:00,112.0,124.0,True
544,Persistence,2027-07-03 13:05:00,99.0,125.0,True
544,Persistence,2027-07-03 13:10:00,96.0,122.0,True
544,Persistence,2027-07-03 13:15:00,98.0,120.0,True
544,Persistence,2027-07-03 13:20:00,102.0,117.0,True
544,Persistence,2027-07-03 13:25:00,106.0,115.0,True
544,Persistence,2027-07-03 13:30:00,115.0,112.0,True
544,Persistence,2027-07-03 13:35:00,123.0,99.0,True
544,Persistence,2027-07-03 13:40:00,130.0,96.0,True
544,Persistence,2027-07-03 13:45:00,137.0,98.0,True
544,Persistence,2027-07-03 13:50:00,144.0,102.0,True
544,Persistence,2027-07-03 13:55:00,151.0,106.0,True
544,Persistence,2027-07-03 14:00:00,155.0,115.0,True
544,Persistence,2027-07-03 14:05:00,158.0,123.0,True
544,Persistence,2027-07-03 14:10:00,158.0,130.0,True
544,Persistence,2027-07-03 14:15:00,158.0,137.0,True
544,Persistence,2027-07-03 14:20:00,154.0,144.0,True
544,Persistence,2027-07-03 14:25:00,151.0,151.0,True
544,Persistence,2027-07-03 14:30:00,149.0,155.0,True
544,Persistence,2027-07-03 14:35:00,148.0,158.0,True
544,Persistence,2027-07-03 14:40:00,147.0,158.0,True
544,Persistence,2027-07-03 14:45:00,149.0,158.0,True
544,Persistence,2027-07-03 14:50:00,151.0,154.0,True
544,Persistence,2027-07-03 14:55:00,150.0,151.0,True
544,Persistence,2027-07-03 15:00:00,146.0,149.0,True
544,Persistence,2027-07-03 15:05:00,144.0,148.0,True
544,Persistence,2027-07-03 15:10:00,144.0,147.0,True
544,Persistence,2027-07-03 15:15:00,142.0,149.0,True
544,Persistence,2027-07-03 15:20:00,140.0,151.0,True
544,Persistence,2027-07-03 15:25:00,138.0,150.0,True
544,Persistence,2027-07-03 15:30:00,130.0,146.0,True
544,Persistence,2027-07-03 15:35:00,124.0,144.0,True
544,Persistence,2027-07-03 15:40:00,119.0,144.0,True
544,Persistence,2027-07-03 15:45:00,113.0,142.0,True
544,Persistence,2027-07-03 15:50:00,113.0,140.0,True
544,Persistence,2027-07-03 15:55:00,110.0,138.0,True
544,Persistence,2027-07-03 16:00:00,105.0,130.0,True
544,Persistence,2027-07-03 16:05:00,103.0,124.0,True
544,Persistence,2027-07-03 16:10:00,103.0,119.0,True
544,Persistence,2027-07-03 16:15:00,105.0,113.0,True
544,Persistence,2027-07-03 16:20:00,102.0,113.0,True
544,Persistence,2027-07-03 16:25:00,98.0,110.0,True
544,Persistence,2027-07-03 16:30:00,97.0,105.0,True
544,Persistence,2027-07-03 16:35:00,97.0,103.0,True
544,Persistence,2027-07-03 16:40:00,95.0,103.0,True
544,Persistence,2027-07-03 16:45:00,94.0,105.0,True
544,Persistence,2027-07-03 16:50:00,91.0,102.0,True
544,Persistence,2027-07-03 16:55:00,87.0,98.0,True
544,Persistence,2027-07-03 17:00:00,83.0,97.0,True
544,Persistence,2027-07-03 17:05:00,81.0,97.0,True
544,Persistence,2027-07-03 17:10:00,81.0,95.0,True
544,Persistence,2027-07-03 17:15:00,80.0,94.0,True
544,Persistence,2027-07-03 17:20:00,80.0,91.0,True
544,Persistence,2027-07-03 17:25:00,81.0,87.0,True
544,Persistence,2027-07-03 17:30:00,81.0,83.0,True
544,Persistence,2027-07-03 17:35:00,78.0,81.0,True
544,Persistence,2027-07-03 17:40:00,76.0,81.0,True
544,Persistence,2027-07-03 17:45:00,76.0,80.0,True
544,Persistence,2027-07-03 17:50:00,76.0,80.0,True
544,Persistence,2027-07-03 17:55:00,79.0,81.0,True
544,Persistence,2027-07-03 18:00:00,81.0,81.0,True
544,Persistence,2027-07-03 18:05:00,81.0,78.0,True
544,Persistence,2027-07-03 18:10:00,80.0,76.0,True
544,Persistence,2027-07-03 18:15:00,79.0,76.0,True
544,Persistence,2027-07-03 18:20:00,77.0,76.0,True
544,Persistence,2027-07-03 18:25:00,76.0,79.0,True
544,Persistence,2027-07-03 18:30:00,77.0,81.0,True
544,Persistence,2027-07-03 18:35:00,77.0,81.0,True
544,Persistence,2027-07-03 18:40:00,77.0,80.0,True
544,Persistence,2027-07-03 18:45:00,76.0,79.0,True
544,Persistence,2027-07-03 18:50:00,75.0,77.0,True
544,Persistence,2027-07-03 18:55:00,76.0,76.0,True
544,Persistence,2027-07-03 19:00:00,75.0,77.0,True
544,Persistence,2027-07-03 19:05:00,76.0,77.0,True
544,Persistence,2027-07-03 19:10:00,82.0,77.0,True
544,Persistence,2027-07-03 19:15:00,82.0,76.0,True
544,Persistence,2027-07-03 19:20:00,82.0,75.0,True
544,Persistence,2027-07-03 19:25:00,85.0,76.0,True
544,Persistence,2027-07-03 19:30:00,89.0,75.0,True
544,Persistence,2027-07-03 19:35:00,94.0,76.0,True
544,Persistence,2027-07-03 19:40:00,100.0,82.0,True
544,Persistence,2027-07-03 19:45:00,105.0,82.0,True
544,Persistence,2027-07-03 19:50:00,111.0,82.0,True
544,Persistence,2027-07-03 19:55:00,116.0,85.0,True
544,Persistence,2027-07-03 20:00:00,118.0,89.0,True
544,Persistence,2027-07-03 20:05:00,120.0,94.0,True
544,Persistence,2027-07-03 20:10:00,124.0,100.0,True
544,Persistence,2027-07-03 20:15:00,125.0,105.0,True
544,Persistence,2027-07-03 20:20:00,126.0,111.0,True
544,Persistence,2027-07-03 20:25:00,129.0,116.0,True
544,Persistence,2027-07-03 20:30:00,132.0,118.0,True
544,Persistence,2027-07-03 20:35:00,135.0,120.0,True
544,Persistence,2027-07-03 20:40:00,137.0,124.0,True
544,Persistence,2027-07-03 20:45:00,141.0,125.0,True
544,Persistence,2027-07-03 20:50:00,142.0,126.0,True
544,Persistence,2027-07-03 20:55:00,143.0,129.0,True
544,Persistence,2027-07-03 21:00:00,143.0,132.0,True
544,Persistence,2027-07-03 21:05:00,139.0,135.0,True
544,Persistence,2027-07-03 21:10:00,134.0,137.0,True
544,Persistence,2027-07-03 21:15:00,127.0,141.0,True
544,Persistence,2027-07-03 21:20:00,122.0,142.0,True
544,Persistence,2027-07-03 21:25:00,124.0,143.0,True
544,Persistence,2027-07-03 21:30:00,125.0,143.0,True
544,Persistence,2027-07-03 21:35:00,126.0,139.0,True
544,Persistence,2027-07-03 21:40:00,128.0,134.0,True
544,Persistence,2027-07-03 21:45:00,133.0,127.0,True
544,Persistence,2027-07-03 21:50:00,138.0,122.0,True
544,Persistence,2027-07-03 21:55:00,140.0,124.0,True
544,Persistence,2027-07-03 22:00:00,137.0,125.0,True
544,Persistence,2027-07-03 22:05:00,144.0,126.0,True
544,Persistence,2027-07-03 22:10:00,161.0,128.0,True
544,Persistence,2027-07-03 22:15:00,174.0,133.0,True
544,Persistence,2027-07-03 22:20:00,184.0,138.0,True
544,Persistence,2027-07-03 22:25:00,194.0,140.0,True
544,Persistence,2027-07-03 22:30:00,204.0,137.0,True
544,Persistence,2027-07-03 22:35:00,213.0,144.0,True
544,Persistence,2027-07-03 22:40:00,217.0,161.0,True
544,Persistence,2027-07-03 22:45:00,222.0,174.0,True
544,Persistence,2027-07-03 22:50:00,225.0,184.0,True
544,Persistence,2027-07-03 22:55:00,228.0,194.0,True
544,Persistence,2027-07-03 23:00:00,229.0,204.0,True
544,Persistence,2027-07-03 23:05:00,231.0,213.0,True
544,Persistence,2027-07-03 23:10:00,234.0,217.0,True
544,Persistence,2027-07-03 23:15:00,235.0,222.0,True
544,Persistence,2027-07-03 23:20:00,239.0,225.0,True
544,Persistence,2027-07-03 23:25:00,242.0,228.0,True
544,Persistence,2027-07-03 23:30:00,246.0,229.0,True
544,Persistence,2027-07-03 23:35:00,249.0,231.0,True
544,Persistence,2027-07-03 23:40:00,253.0,234.0,True
544,Persistence,2027-07-03 23:45:00,257.0,235.0,True
544,Persistence,2027-07-03 23:50:00,261.0,239.0,True
544,Persistence,2027-07-03 23:55:00,267.0,242.0,True
544,Persistence,2027-07-04 00:00:00,272.0,246.0,True
544,Persistence,2027-07-04 00:05:00,279.0,249.0,True
544,Persistence,2027-07-04 00:10:00,286.0,253.0,True
544,Persistence,2027-07-04 00:15:00,291.0,257.0,True
544,Persistence,2027-07-04 00:20:00,298.0,261.0,True
544,Persistence,2027-07-04 00:25:00,303.0,267.0,True
544,Persistence,2027-07-04 00:30:00,306.0,272.0,True
544,Persistence,2027-07-04 00:35:00,305.0,279.0,True
544,Persistence,2027-07-04 00:40:00,299.0,286.0,True
544,Persistence,2027-07-04 00:45:00,292.0,291.0,True
544,Persistence,2027-07-04 00:50:00,285.0,298.0,True
544,Persistence,2027-07-04 00:55:00,280.0,303.0,True
544,Persistence,2027-07-04 01:00:00,278.0,306.0,True
544,Persistence,2027-07-04 01:05:00,278.0,305.0,True
544,Persistence,2027-07-04 01:10:00,280.0,299.0,True
544,Persistence,2027-07-04 01:15:00,281.0,292.0,True
544,Persistence,2027-07-04 01:20:00,281.0,285.0,True
544,Persistence,2027-07-04 01:25:00,275.0,280.0,True
544,Persistence,2027-07-04 01:30:00,266.0,278.0,True
544,Persistence,2027-07-04 01:35:00,260.0,278.0,True
544,Persistence,2027-07-04 01:40:00,252.0,280.0,True
544,Persistence,2027-07-04 01:45:00,247.0,281.0,True
544,Persistence,2027-07-04 01:50:00,240.0,281.0,True
544,Persistence,2027-07-04 01:55:00,237.0,275.0,True
544,Persistence,2027-07-04 02:00:00,233.0,266.0,True
544,Persistence,2027-07-04 02:05:00,228.0,260.0,True
544,Persistence,2027-07-04 02:10:00,226.0,252.0,True
544,Persistence,2027-07-04 02:15:00,227.0,247.0,True
544,Persistence,2027-07-04 02:20:00,227.0,240.0,True
544,Persistence,2027-07-04 02:25:00,227.0,237.0,True
544,Persistence,2027-07-04 02:30:00,226.0,233.0,True
544,Persistence,2027-07-04 02:35:00,227.0,228.0,True
544,Persistence,2027-07-04 02:40:00,229.0,226.0,True
544,Persistence,2027-07-04 02:45:00,231.0,227.0,True
544,Persistence,2027-07-04 02:50:00,238.0,227.0,True
544,Persistence,2027-07-04 02:55:00,240.0,227.0,True
544,Persistence,2027-07-04 03:00:00,240.0,226.0,True
544,Persistence,2027-07-04 03:05:00,241.0,227.0,True
544,Persistence,2027-07-04 03:10:00,239.0,229.0,True
544,Persistence,2027-07-04 03:15:00,234.0,231.0,True
544,Persistence,2027-07-04 03:20:00,232.0,238.0,True
544,Persistence,2027-07-04 03:25:00,230.0,240.0,True
544,Persistence,2027-07-04 03:30:00,228.0,240.0,True
544,Persistence,2027-07-04 03:35:00,225.0,241.0,True
544,Persistence,2027-07-04 03:40:00,223.0,239.0,True
544,Persistence,2027-07-04 03:45:00,221.0,234.0,True
544,Persistence,2027-07-04 03:50:00,223.0,232.0,True
544,Persistence,2027-07-04 03:55:00,225.0,230.0,True
544,Persistence,2027-07-04 04:00:00,223.0,228.0,True
544,Persistence,2027-07-04 04:05:00,221.0,225.0,True
544,Persistence,2027-07-04 04:10:00,218.0,223.0,True
544,Persistence,2027-07-04 04:15:00,216.0,221.0,True
544,Persistence,2027-07-04 04:20:00,214.0,223.0,True
544,Persistence,2027-07-04 04:25:00,213.0,225.0,True
544,Persistence,2027-07-04 04:30:00,211.0,223.0,True
544,Persistence,2027-07-04 04:35:00,209.0,221.0,True
544,Persistence,2027-07-04 04:40:00,207.0,218.0,True
544,Persistence,2027-07-04 04:45:00,205.0,216.0,True
544,Persistence,2027-07-04 04:50:00,202.0,214.0,True
544,Persistence,2027-07-04 04:55:00,200.0,213.0,True
544,Persistence,2027-07-04 05:00:00,200.0,211.0,True
544,Persistence,2027-07-04 05:05:00,200.0,209.0,True
544,Persistence,2027-07-04 05:10:00,198.0,207.0,True
544,Persistence,2027-07-04 05:15:00,195.0,205.0,True
544,Persistence,2027-07-04 05:20:00,191.0,202.0,True
544,Persistence,2027-07-04 05:25:00,188.0,200.0,True
544,Persistence,2027-07-04 05:30:00,185.0,200.0,True
544,Persistence,2027-07-04 05:35:00,183.0,200.0,True
544,Persistence,2027-07-04 05:40:00,180.0,198.0,True
544,Persistence,2027-07-04 05:45:00,175.0,195.0,True
544,Persistence,2027-07-04 05:50:00,173.0,191.0,True
544,Persistence,2027-07-04 05:55:00,174.0,188.0,True
544,Persistence,2027-07-04 06:00:00,171.0,185.0,True
544,Persistence,2027-07-04 06:05:00,170.0,183.0,True
544,Persistence,2027-07-04 06:10:00,168.0,180.0,True
544,Persistence,2027-07-04 06:15:00,163.0,175.0,True
544,Persistence,2027-07-04 06:20:00,159.0,173.0,True
544,Persistence,2027-07-04 06:25:00,156.0,174.0,True
544,Persistence,2027-07-04 06:30:00,154.0,171.0,True
544,Persistence,2027-07-04 06:35:00,151.0,170.0,True
544,Persistence,2027-07-04 06:40:00,149.0,168.0,True
544,Persistence,2027-07-04 06:45:00,147.0,163.0,True
544,Persistence,2027-07-04 06:50:00,145.0,159.0,True
544,Persistence,2027-07-04 06:55:00,144.0,156.0,True
544,Persistence,2027-07-04 07:00:00,144.0,154.0,True
544,Persistence,2027-07-04 07:05:00,144.0,151.0,True
544,Persistence,2027-07-04 07:10:00,144.0,149.0,True
544,Persistence,2027-07-04 07:15:00,144.0,147.0,True
544,Persistence,2027-07-04 07:20:00,144.0,145.0,True
544,Persistence,2027-07-04 07:25:00,144.0,144.0,True
544,Persistence,2027-07-04 10:15:00,126.0,,False
544,Persistence,2027-07-04 10:20:00,123.0,,False
544,Persistence,2027-07-04 10:25:00,118.0,,False
544,Persistence,2027-07-04 10:30:00,119.0,,False
544,Persistence,2027-07-04 10:35:00,122.0,,False
544,Persistence,2027-07-04 10:40:00,125.0,,False
544,Persistence,2027-07-04 10:45:00,120.0,126.0,True
544,Persistence,2027-07-04 10:50:00,111.0,123.0,True
544,Persistence,2027-07-04 10:55:00,104.0,118.0,True
544,Persistence,2027-07-04 11:00:00,100.0,119.0,True
544,Persistence,2027-07-04 11:05:00,105.0,122.0,True
544,Persistence,2027-07-04 11:10:00,119.0,125.0,True
544,Persistence,2027-07-04 11:15:00,127.0,120.0,True
544,Persistence,2027-07-04 11:20:00,132.0,111.0,True
544,Persistence,2027-07-04 11:25:00,133.0,104.0,True
544,Persistence,2027-07-04 11:30:00,132.0,100.0,True
544,Persistence,2027-07-04 11:35:00,131.0,105.0,True
544,Persistence,2027-07-04 11:40:00,131.0,119.0,True
544,Persistence,2027-07-04 11:45:00,131.0,127.0,True
544,Persistence,2027-07-04 11:50:00,131.0,132.0,True
544,Persistence,2027-07-04 11:55:00,130.0,133.0,True
544,Persistence,2027-07-04 12:00:00,132.0,132.0,True
544,Persistence,2027-07-04 12:05:00,145.0,131.0,True
544,Persistence,2027-07-04 12:10:00,150.0,131.0,True
544,Persistence,2027-07-04 12:15:00,146.0,131.0,True
544,Persistence,2027-07-04 12:20:00,144.0,131.0,True
544,Persistence,2027-07-04 12:25:00,140.0,130.0,True
544,Persistence,2027-07-04 12:30:00,136.0,132.0,True
544,Persistence,2027-07-04 12:35:00,133.0,145.0,True
544,Persistence,2027-07-04 12:40:00,129.0,150.0,True
544,Persistence,2027-07-04 12:45:00,122.0,146.0,True
544,Persistence,2027-07-04 12:50:00,105.0,144.0,True
544,Persistence,2027-07-04 12:55:00,97.0,140.0,True
544,Persistence,2027-07-04 13:00:00,91.0,136.0,True
544,Persistence,2027-07-04 13:05:00,81.0,133.0,True
544,Persistence,2027-07-04 13:10:00,77.0,129.0,True
544,Persistence,2027-07-04 13:15:00,81.0,122.0,True
544,Persistence,2027-07-04 13:20:00,86.0,105.0,True
544,Persistence,2027-07-04 13:25:00,89.0,97.0,True
544,Persistence,2027-07-04 13:30:00,94.0,91.0,True
544,Persistence,2027-07-04 13:35:00,98.0,81.0,True
544,Persistence,2027-07-04 13:40:00,99.0,77.0,True
544,Persistence,2027-07-04 13:45:00,102.0,81.0,True
544,Persistence,2027-07-04 13:50:00,107.0,86.0,True
544,Persistence,2027-07-04 13:55:00,112.0,89.0,True
544,Persistence,2027-07-04 14:00:00,118.0,94.0,True
544,Persistence,2027-07-04 14:05:00,123.0,98.0,True
544,Persistence,2027-07-04 14:10:00,120.0,99.0,True
544,Persistence,2027-07-04 14:15:00,112.0,102.0,True
544,Persistence,2027-07-04 14:20:00,103.0,107.0,True
544,Persistence,2027-07-04 14:25:00,94.0,112.0,True
544,Persistence,2027-07-04 14:30:00,85.0,118.0,True
544,Persistence,2027-07-04 14:35:00,76.0,123.0,True
544,Persistence,2027-07-04 14:40:00,73.0,120.0,True
544,Persistence,2027-07-04 14:45:00,72.0,112.0,True
544,Persistence,2027-07-04 14:50:00,71.0,103.0,True
544,Persistence,2027-07-04 14:55:00,67.0,94.0,True
544,Persistence,2027-07-04 15:00:00,65.0,85.0,True
544,Persistence,2027-07-04 15:05:00,74.0,76.0,True
544,Persistence,2027-07-04 15:10:00,89.0,73.0,True
544,Persistence,2027-07-04 15:15:00,94.0,72.0,True
544,Persistence,2027-07-04 15:20:00,107.0,71.0,True
544,Persistence,2027-07-04 15:25:00,120.0,67.0,True
544,Persistence,2027-07-04 15:30:00,135.0,65.0,True
544,Persistence,2027-07-04 15:35:00,147.0,74.0,True
544,Persistence,2027-07-04 15:40:00,155.0,89.0,True
544,Persistence,2027-07-04 15:45:00,152.0,94.0,True
544,Persistence,2027-07-04 15:50:00,146.0,107.0,True
544,Persistence,2027-07-04 15:55:00,144.0,120.0,True
544,Persistence,2027-07-04 16:00:00,148.0,135.0,True
544,Persistence,2027-07-04 16:05:00,148.0,147.0,True
544,Persistence,2027-07-04 16:10:00,148.0,155.0,True
544,Persistence,2027-07-04 16:15:00,148.0,152.0,True
544,Persistence,2027-07-04 16:20:00,246.0,146.0,True
544,Persistence,2027-07-04 16:25:00,262.0,144.0,True
544,Persistence,2027-07-04 16:30:00,271.0,148.0,True
544,Persistence,2027-07-04 16:35:00,277.0,148.0,True
544,Persistence,2027-07-04 16:40:00,280.0,148.0,True
544,Persistence,2027-07-04 16:45:00,279.0,148.0,True
544,Persistence,2027-07-04 16:50:00,278.0,246.0,True
544,Persistence,2027-07-04 16:55:00,273.0,262.0,True
544,Persistence,2027-07-04 17:00:00,267.0,271.0,True
544,Persistence,2027-07-04 17:05:00,266.0,277.0,True
544,Persistence,2027-07-04 17:10:00,267.0,280.0,True
544,Persistence,2027-07-04 17:15:00,268.0,279.0,True
544,Persistence,2027-07-04 17:20:00,265.0,278.0,True
544,Persistence,2027-07-04 17:25:00,266.0,273.0,True
544,Persistence,2027-07-04 17:30:00,274.0,267.0,True
544,Persistence,2027-07-04 17:35:00,279.0,266.0,True
544,Persistence,2027-07-04 17:40:00,274.0,267.0,True
544,Persistence,2027-07-04 17:45:00,275.0,268.0,True
544,Persistence,2027-07-04 17:50:00,280.0,265.0,True
544,Persistence,2027-07-04 17:55:00,280.0,266.0,True
544,Persistence,2027-07-04 18:00:00,274.0,274.0,True
544,Persistence,2027-07-04 18:05:00,270.0,279.0,True
544,Persistence,2027-07-04 18:10:00,268.0,274.0,True
544,Persistence,2027-07-04 18:15:00,270.0,275.0,True
544,Persistence,2027-07-04 18:20:00,272.0,280.0,True
544,Persistence,2027-07-04 18:25:00,289.0,280.0,True
544,Persistence,2027-07-04 18:30:00,307.0,274.0,True
544,Persistence,2027-07-04 18:35:00,313.0,270.0,True
544,Persistence,2027-07-04 18:40:00,313.0,268.0,True
544,Persistence,2027-07-04 18:45:00,314.0,270.0,True
544,Persistence,2027-07-04 18:50:00,316.0,272.0,True
544,Persistence,2027-07-04 18:55:00,312.0,289.0,True
544,Persistence,2027-07-04 19:00:00,304.0,307.0,True
544,Persistence,2027-07-04 19:05:00,298.0,313.0,True
544,Persistence,2027-07-04 19:10:00,304.0,313.0,True
544,Persistence,2027-07-04 19:15:00,311.0,314.0,True
544,Persistence,2027-07-04 19:20:00,313.0,316.0,True
544,Persistence,2027-07-04 19:25:00,320.0,312.0,True
544,Persistence,2027-07-04 19:30:00,321.0,304.0,True
544,Persistence,2027-07-04 19:35:00,314.0,298.0,True
544,Persistence,2027-07-04 19:40:00,312.0,304.0,True
544,Persistence,2027-07-04 19:45:00,310.0,311.0,True
544,Persistence,2027-07-04 19:50:00,301.0,313.0,True
544,Persistence,2027-07-04 19:55:00,293.0,320.0,True
544,Persistence,2027-07-04 20:00:00,293.0,321.0,True
544,Persistence,2027-07-04 20:05:00,301.0,314.0,True
544,Persistence,2027-07-04 20:10:00,307.0,312.0,True
544,Persistence,2027-07-04 20:15:00,306.0,310.0,True
544,Persistence,2027-07-04 20:20:00,300.0,301.0,True
544,Persistence,2027-07-04 20:25:00,296.0,293.0,True
544,Persistence,2027-07-04 20:30:00,296.0,293.0,True
544,Persistence,2027-07-04 20:35:00,292.0,301.0,True
544,Persistence,2027-07-04 20:40:00,284.0,307.0,True
544,Persistence,2027-07-04 20:45:00,273.0,306.0,True
544,Persistence,2027-07-04 20:50:00,262.0,300.0,True
544,Ridge,2027-06-24 00:00:00,139.0,153.87642901988153,True
544,Ridge,2027-06-24 00:05:00,135.0,144.92161662986732,True
544,Ridge,2027-06-24 00:10:00,133.0,141.44572483756897,True
544,Ridge,2027-06-24 00:15:00,130.0,141.08762784727978,True
544,Ridge,2027-06-24 00:20:00,125.0,138.49744202677292,True
544,Ridge,2027-06-24 00:25:00,121.0,135.9886198500118,True
544,Ridge,2027-06-24 00:30:00,117.0,135.81081439990345,True
544,Ridge,2027-06-24 00:35:00,113.0,129.48163770607098,True
544,Ridge,2027-06-24 00:40:00,110.0,130.70752279895083,True
544,Ridge,2027-06-24 00:45:00,107.0,126.57213539559032,True
544,Ridge,2027-06-24 00:50:00,105.0,119.3290457144725,True
544,Ridge,2027-06-24 00:55:00,103.0,116.77410556897962,True
544,Ridge,2027-06-24 01:00:00,100.0,112.86018321538447,True
544,Ridge,2027-06-24 01:05:00,98.0,109.10686819133997,True
544,Ridge,2027-06-24 01:10:00,96.0,107.83764984557945,True
544,Ridge,2027-06-24 01:15:00,93.0,105.30328148756968,True
544,Ridge,2027-06-24 01:20:00,91.0,105.16987573596917,True
544,Ridge,2027-06-24 01:25:00,89.0,103.59627815386823,True
544,Ridge,2027-06-24 01:30:00,88.0,99.76241206622868,True
544,Ridge,2027-06-24 01:35:00,87.0,99.51415470596937,True
544,Ridge,2027-06-24 01:40:00,85.0,97.83719407644233,True
544,Ridge,2027-06-24 01:45:00,83.0,93.80523320225086,True
544,Ridge,2027-06-24 01:50:00,81.0,93.4331138638706,True
544,Ridge,2027-06-24 01:55:00,79.0,91.67766968560886,True
544,Ridge,2027-06-24 02:00:00,77.0,92.41133381754912,True
544,Ridge,2027-06-24 02:05:00,76.0,91.69990932583194,True
544,Ridge,2027-06-24 02:10:00,75.0,88.7697016527452,True
544,Ridge,2027-06-24 02:15:00,74.0,87.0503645340057,True
544,Ridge,2027-06-24 02:20:00,75.0,85.1903520986249,True
544,Ridge,2027-06-24 02:25:00,75.0,83.33490740750368,True
544,Ridge,2027-06-24 02:30:00,75.0,81.47484219670693,True
544,Ridge,2027-06-24 02:35:00,77.0,82.07688211408299,True
544,Ridge,2027-06-24 02:40:00,81.0,81.25967941623506,True
544,Ridge,2027-06-24 02:45:00,79.0,80.54354846173082,True
544,Ridge,2027-06-24 02:50:00,76.0,84.56464861406779,True
544,Ridge,2027-06-24 02:55:00,75.0,83.45250360428618,True
544,Ridge,2027-06-24 03:00:00,73.0,83.89340454414081,True
544,Ridge,2027-06-24 03:05:00,72.0,88.67065799207646,True
544,Ridge,2027-06-24 03:10:00,72.0,95.3924007934703,True
544,Ridge,2027-06-24 03:15:00,73.0,85.46897806766029,True
544,Ridge,2027-06-24 03:20:00,73.0,81.44360682207254,True
544,Ridge,2027-06-24 03:25:00,73.0,82.68001485482098,True
544,Ridge,2027-06-24 03:30:00,75.0,79.07294999629026,True
544,Ridge,2027-06-24 03:35:00,74.0,79.4609535420701,True
544,Ridge,2027-06-24 03:40:00,74.0,80.75821628002461,True
544,Ridge,2027-06-24 03:45:00,74.0,83.35578012996282,True
544,Ridge,2027-06-24 03:50:00,72.0,82.1516880803682,True
544,Ridge,2027-06-24 03:55:00,70.0,82.33524173467583,True
544,Ridge,2027-06-24 04:00:00,69.0,87.11199881252824,True
544,Ridge,2027-06-24 04:05:00,67.0,82.18453777660612,True
544,Ridge,2027-06-24 04:10:00,70.0,83.80099890245751,True
544,Ridge,2027-06-24 04:15:00,71.0,83.36419839542255,True
544,Ridge,2027-06-24 04:20:00,71.0,78.71967277096267,True
544,Ridge,2027-06-24 04:25:00,71.0,76.68658360763779,True
544,Ridge,2027-06-24 04:30:00,70.0,76.79853921753376,True
544,Ridge,2027-06-24 04:35:00,70.0,73.4111549023672,True
544,Ridge,2027-06-24 04:40:00,72.0,83.37739107982837,True
544,Ridge,2027-06-24 04:45:00,71.0,81.62553046744378,True
544,Ridge,2027-06-24 04:50:00,71.0,80.83283357617007,True
544,Ridge,2027-06-24 04:55:00,71.0,80.80954421964279,True
544,Ridge,2027-06-24 05:00:00,71.0,78.48458819602094,True
544,Ridge,2027-06-24 05:05:00,71.0,79.8691820923414,True
544,Ridge,2027-06-24 05:10:00,73.0,84.51623097542054,True
544,Ridge,2027-06-24 05:15:00,73.0,79.50166796603298,True
544,Ridge,2027-06-24 05:20:00,72.0,81.01753268065028,True
544,Ridge,2027-06-24 05:25:00,69.0,80.74738598927206,True
544,Ridge,2027-06-24 05:30:00,69.0,80.84501598402242,True
544,Ridge,2027-06-24 05:35:00,73.0,80.86370564992052,True
544,Ridge,2027-06-24 05:40:00,76.0,85.7101855825899,True
544,Ridge,2027-06-24 05:45:00,74.0,82.87942034363965,True
544,Ridge,2027-06-24 05:50:00,72.0,80.66939503998488,True
544,Ridge,2027-06-24 05:55:00,71.0,74.72039271580425,True
544,Ridge,2027-06-24 06:00:00,73.0,78.6863792414492,True
544,Ridge,2027-06-24 06:05:00,72.0,87.9171892124617,True
544,Ridge,2027-06-24 06:10:00,71.0,89.72280362258971,True
544,Ridge,2027-06-24 06:15:00,69.0,81.25809796313827,True
544,Ridge,2027-06-24 06:20:00,67.0,79.35738453041427,True
544,Ridge,2027-06-24 06:25:00,66.0,79.28995501007455,True
544,Ridge,2027-06-24 06:30:00,65.0,85.29411390836762,True
544,Ridge,2027-06-24 06:35:00,65.0,80.2144136265521,True
544,Ridge,2027-06-24 06:40:00,66.0,79.64689030900036,True
544,Ridge,2027-06-24 06:45:00,64.0,75.93240863994399,True
544,Ridge,2027-06-24 06:50:00,65.0,73.7545260794093,True
544,Ridge,2027-06-24 06:55:00,64.0,73.91987377118456,True
544,Ridge,2027-06-24 07:00:00,63.0,73.11431523311649,True
544,Ridge,2027-06-24 07:05:00,62.0,74.79354511747798,True
544,Ridge,2027-06-24 07:10:00,62.0,77.1664723482825,True
544,Ridge,2027-06-24 07:15:00,63.0,71.13311805165591,True
544,Ridge,2027-06-24 07:20:00,62.0,76.53060494858133,True
544,Ridge,2027-06-24 07:25:00,63.0,72.71157247703934,True
544,Ridge,2027-06-24 07:30:00,63.0,72.1329533267071,True
544,Ridge,2027-06-24 07:35:00,63.0,70.89839688432691,True
544,Ridge,2027-06-24 07:40:00,63.0,72.3505397823309,True
544,Ridge,2027-06-24 07:45:00,67.0,74.72486317110973,True
544,Ridge,2027-06-24 07:50:00,69.0,71.15769418535936,True
544,Ridge,2027-06-24 07:55:00,71.0,75.15596586334937,True
544,Ridge,2027-06-24 08:00:00,75.0,73.36332312053584,True
544,Ridge,2027-06-24 08:05:00,83.0,73.96806570967516,True
544,Ridge,2027-06-24 08:10:00,89.0,73.91237388953652,True
544,Ridge,2027-06-24 08:15:00,99.0,83.2839445899842,True
544,Ridge,2027-06-24 08:20:00,109.0,82.5513201105887,True
544,Ridge,2027-06-24 08:25:00,112.0,84.82740592891744,True
544,Ridge,2027-06-24 08:30:00,119.0,91.3585629103008,True
544,Ridge,2027-06-24 08:35:00,127.0,104.66166546753183,True
544,Ridge,2027-06-24 08:40:00,132.0,107.93157158673098,True
544,Ridge,2027-06-24 08:45:00,134.0,123.52200505585343,True
544,Ridge,2027-06-24 08:50:00,143.0,133.0286569084465,True
544,Ridge,2027-06-24 08:55:00,155.0,126.67624132835867,True
544,Ridge,2027-06-24 09:00:00,166.0,138.88484360346106,True
544,Ridge,2027-06-24 09:05:00,170.0,147.16756850895305,True
544,Ridge,2027-06-24 09:10:00,168.0,147.99297113628296,True
544,Ridge,2027-06-24 09:15:00,165.0,145.5424970431975,True
544,Ridge,2027-06-24 09:20:00,163.0,163.12649656265964,True
544,Ridge,2027-06-24 09:25:00,164.0,178.0916042083441,True
544,Ridge,2027-06-24 09:30:00,164.0,187.50990222960837,True
544,Ridge,2027-06-24 09:35:00,164.0,181.71588743880778,True
544,Ridge,2027-06-24 09:40:00,165.0,171.12042003101692,True
544,Ridge,2027-06-24 09:45:00,165.0,165.87363466934943,True
544,Ridge,2027-06-24 09:50:00,168.0,163.97266054948898,True
544,Ridge,2027-06-24 09:55:00,170.0,168.0810484846033,True
544,Ridge,2027-06-24 10:00:00,170.0,166.1923670888673,True
544,Ridge,2027-06-24 10:05:00,171.0,165.97561721196746,True
544,Ridge,2027-06-24 10:10:00,168.0,167.76248679427985,True
544,Ridge,2027-06-24 10:15:00,167.0,166.13120503162378,True
544,Ridge,2027-06-24 10:20:00,166.0,173.42557182580433,True
544,Ridge,2027-06-24 10:25:00,166.0,173.93960434411076,True
544,Ridge,2027-06-24 10:30:00,165.0,171.35914299542378,True
544,Ridge,2027-06-24 10:35:00,163.0,173.33135973743893,True
544,Ridge,2027-06-24 10:40:00,165.0,164.47729545238457,True
544,Ridge,2027-06-24 10:45:00,166.0,166.28180120224076,True
544,Ridge,2027-06-24 10:50:00,166.0,164.8251120128679,True
544,Ridge,2027-06-24 10:55:00,166.0,166.34917003251178,True
544,Ridge,2027-06-24 11:00:00,156.0,163.84871886970336,True
544,Ridge,2027-06-24 11:05:00,154.0,160.61094975544682,True
544,Ridge,2027-06-24 11:10:00,156.0,168.066249678242,True
544,Ridge,2027-06-24 11:15:00,155.0,167.6159583109843,True
544,Ridge,2027-06-24 11:20:00,155.0,166.78652619722544,True
544,Ridge,2027-06-24 11:25:00,152.0,166.7745495345155,True
544,Ridge,2027-06-24 11:30:00,149.0,142.8994631686811,True
544,Ridge,2027-06-24 11:35:00,146.0,151.76616072842674,True
544,Ridge,2027-06-24 11:40:00,140.0,158.05088350566368,True
544,Ridge,2027-06-24 11:45:00,138.0,153.71454957061047,True
544,Ridge,2027-06-24 11:50:00,137.0,155.6695426406168,True
544,Ridge,2027-06-24 11:55:00,131.0,148.80065414941475,True
544,Ridge,2027-06-24 12:00:00,127.0,145.9947380577986,True
544,Ridge,2027-06-24 12:05:00,125.0,142.69502935916358,True
544,Ridge,2027-06-24 12:10:00,129.0,132.76774515722556,True
544,Ridge,2027-06-24 12:15:00,133.0,136.3374825690866,True
544,Ridge,2027-06-24 12:20:00,136.0,136.5036168324066,True
544,Ridge,2027-06-24 12:25:00,138.0,124.01848506168285,True
544,Ridge,2027-06-24 12:30:00,147.0,122.914356858693,True
544,Ridge,2027-06-24 12:35:00,148.0,123.85652287310106,True
544,Ridge,2027-06-24 12:40:00,153.0,136.61901934626619,True
544,Ridge,2027-06-24 12:45:00,166.0,160.1356705975184,True
544,Ridge,2027-06-24 12:50:00,174.0,160.6633410999937,True
544,Ridge,2027-06-24 12:55:00,183.0,158.91326847252145,True
544,Ridge,2027-06-24 13:00:00,190.0,170.8241806615373,True
544,Ridge,2027-06-24 13:05:00,194.0,155.611897051213,True
544,Ridge,2027-06-24 13:10:00,200.0,162.68495008466914,True
544,Ridge,2027-06-24 13:15:00,216.0,181.23372392150156,True
544,Ridge,2027-06-24 13:20:00,220.0,179.84454056801698,True
544,Ridge,2027-06-24 13:25:00,221.0,189.29717802069138,True
544,Ridge,2027-06-24 13:30:00,225.0,193.18578367818753,True
544,Ridge,2027-06-24 13:35:00,236.0,193.04864454360705,True
544,Ridge,2027-06-24 13:40:00,245.0,201.59093452019442,True
544,Ridge,2027-06-24 13:45:00,241.0,232.50395213400748,True
544,Ridge,2027-06-24 13:50:00,243.0,220.05334207961863,True
544,Ridge,2027-06-24 13:55:00,245.0,217.92517004056944,True
544,Ridge,2027-06-24 14:00:00,250.0,230.61506178936366,True
544,Ridge,2027-06-24 14:05:00,257.0,249.7008498597533,True
544,Ridge,2027-06-24 14:10:00,273.0,255.10155368902224,True
544,Ridge,2027-06-24 14:15:00,281.0,231.91392940992566,True
544,Ridge,2027-06-24 14:20:00,288.0,240.2619491930854,True
544,Ridge,2027-06-24 14:25:00,292.0,239.47891264847436,True
544,Ridge,2027-06-24 14:30:00,295.0,247.20686780863218,True
544,Ridge,2027-06-24 14:35:00,297.0,255.64995995187178,True
544,Ridge,2027-06-24 14:40:00,297.0,283.581828142447,True
544,Ridge,2027-06-24 14:45:00,295.0,280.61141033944756,True
544,Ridge,2027-06-24 14:50:00,290.0,286.34460026602704,True
544,Ridge,2027-06-24 14:55:00,287.0,285.55152464208845,True
544,Ridge,2027-06-24 15:00:00,280.0,287.97613662932224,True
544,Ridge,2027-06-24 15:05:00,265.0,288.47597815877145,True
544,Ridge,2027-06-24 15:10:00,262.0,285.114172812776,True
544,Ridge,2027-06-24 15:15:00,256.0,279.7229354322434,True
544,Ridge,2027-06-24 15:20:00,243.0,270.1548111696808,True
544,Ridge,2027-06-24 15:25:00,232.0,269.16639968525965,True
544,Ridge,2027-06-24 15:30:00,224.0,255.95652675683317,True
544,Ridge,2027-06-24 15:35:00,215.0,229.8446769856542,True
544,Ridge,2027-06-24 15:40:00,209.0,242.88190617602015,True
544,Ridge,2027-06-24 15:45:00,204.0,231.62425100606777,True
544,Ridge,2027-06-24 15:50:00,197.0,210.1471671526678,True
544,Ridge,2027-06-24 15:55:00,191.0,201.96507549265766,True
544,Ridge,2027-06-24 16:00:00,183.0,198.0714625684278,True
544,Ridge,2027-06-24 16:05:00,175.0,188.23877858539797,True
544,Ridge,2027-06-24 16:10:00,171.0,187.23401824774461,True
544,Ridge,2027-06-24 16:15:00,165.0,184.64605485306166,True
544,Ridge,2027-06-24 16:20:00,159.0,176.28287911334704,True
544,Ridge,2027-06-24 16:25:00,150.0,172.7576971594775,True
544,Ridge,2027-06-24 16:30:00,144.0,162.61153164897914,True
544,Ridge,2027-06-24 16:35:00,142.0,155.56801835120902,True
544,Ridge,2027-06-24 16:40:00,135.0,158.05396086921377,True
544,Ridge,2027-06-24 16:45:00,132.0,147.62826574174505,True
544,Ridge,2027-06-24 16:50:00,127.0,144.6548650202405,True
544,Ridge,2027-06-24 16:55:00,123.0,132.34663403881513,True
544,Ridge,2027-06-24 17:00:00,122.0,131.4329686332549,True
544,Ridge,2027-06-24 17:05:00,120.0,135.39214851298962,True
544,Ridge,2027-06-24 17:10:00,114.0,122.70868122646228,True
544,Ridge,2027-06-24 17:15:00,112.0,126.53126433277873,True
544,Ridge,2027-06-24 17:20:00,107.0,119.16401691886381,True
544,Ridge,2027-06-24 17:25:00,105.0,117.62403716554527,True
544,Ridge,2027-06-24 17:30:00,103.0,121.09419877213104,True
544,Ridge,2027-06-24 17:35:00,98.0,118.64875856350247,True
544,Ridge,2027-06-24 17:40:00,87.0,108.19052563065455,True
544,Ridge,2027-06-24 17:45:00,84.0,112.04620869783051,True
544,Ridge,2027-06-24 17:50:00,90.0,102.9359400410182,True
544,Ridge,2027-06-24 17:55:00,101.0,144.301080460463,True
544,Ridge,2027-06-24 18:00:00,112.0,137.52968559612458,True
544,Ridge,2027-06-24 18:05:00,122.0,124.33765941088211,True
544,Ridge,2027-06-24 18:10:00,133.0,91.71634946096805,True
544,Ridge,2027-06-24 18:15:00,145.0,89.18197103525732,True
544,Ridge,2027-06-24 18:20:00,153.0,98.79467409524665,True
544,Ridge,2027-06-24 18:25:00,164.0,108.43929624578777,True
544,Ridge,2027-06-24 18:30:00,172.0,115.67255919400219,True
544,Ridge,2027-06-24 18:35:00,178.0,122.74775888511428,True
544,Ridge,2027-06-24 18:40:00,182.0,135.9909623977458,True
544,Ridge,2027-06-24 18:45:00,185.0,149.337966583171,True
544,Ridge,2027-06-24 18:50:00,188.0,152.51763655124068,True
544,Ridge,2027-06-24 18:55:00,193.0,172.51877939993818,True
544,Ridge,2027-06-24 19:00:00,197.0,176.67773557914578,True
544,Ridge,2027-06-24 19:05:00,198.0,180.4383029813475,True
544,Ridge,2027-06-24 19:10:00,193.0,181.59255086554379,True
544,Ridge,2027-06-24 19:15:00,191.0,183.56244147092983,True
544,Ridge,2027-06-24 19:20:00,189.0,186.73526772938087,True
544,Ridge,2027-06-24 19:25:00,185.0,194.30433277901813,True
544,Ridge,2027-06-24 19:30:00,181.0,196.69163781261352,True
544,Ridge,2027-06-24 19:35:00,179.0,193.63576636729826,True
544,Ridge,2027-06-24 19:40:00,175.0,180.42471768457426,True
544,Ridge,2027-06-24 19:45:00,166.0,182.2701525616385,True
544,Ridge,2027-06-24 19:50:00,158.0,179.48962870723938,True
544,Ridge,2027-06-24 19:55:00,154.0,172.88287904946907,True
544,Ridge,2027-06-24 20:00:00,149.0,168.7609010314509,True
544,Ridge,2027-06-24 20:05:00,144.0,169.44801377438523,True
544,Ridge,2027-06-24 20:10:00,142.0,162.8008210561967,True
544,Ridge,2027-06-24 20:15:00,144.0,147.29273187091115,True
544,Ridge,2027-06-24 20:20:00,147.0,140.87404691453884,True
544,Ridge,2027-06-24 20:25:00,150.0,142.30701353846663,True
544,Ridge,2027-06-24 20:30:00,154.0,136.26458803320392,True
544,Ridge,2027-06-24 20:35:00,159.0,132.02326267048738,True
544,Ridge,2027-06-24 20:40:00,162.0,134.78889397838154,True
544,Ridge,2027-06-24 20:45:00,167.0,143.25442547852919,True
544,Ridge,2027-06-24 20:50:00,170.0,148.64620803597276,True
544,Ridge,2027-06-24 20:55:00,172.0,152.82033679839734,True
544,Ridge,2027-06-24 21:00:00,172.0,159.06531700347495,True
544,Ridge,2027-06-24 21:05:00,171.0,165.9777615540677,True
544,Ridge,2027-06-24 21:10:00,170.0,166.5852294370724,True
544,Ridge,2027-06-24 21:15:00,168.0,174.57011393730656,True
544,Ridge,2027-06-24 21:20:00,166.0,174.93195392915632,True
544,Ridge,2027-06-24 21:25:00,164.0,175.92510165516114,True
544,Ridge,2027-06-24 21:30:00,164.0,172.92929807707986,True
544,Ridge,2027-06-24 21:35:00,160.0,170.41763520200098,True
544,Ridge,2027-06-24 21:40:00,156.0,169.2285438026473,True
544,Ridge,2027-06-24 21:45:00,149.0,165.5741657858928,True
544,Ridge,2027-06-24 21:50:00,142.0,163.24484834880425,True
544,Ridge,2027-06-24 21:55:00,138.0,156.23133026306883,True
544,Ridge,2027-06-24 22:00:00,139.0,162.8637837901175,True
544,Ridge,2027-06-24 22:05:00,140.0,153.36386920175903,True
544,Ridge,2027-06-24 22:10:00,137.0,149.75686035538254,True
544,Ridge,2027-06-24 22:15:00,135.0,138.46586134855337,True
544,Ridge,2027-06-24 22:20:00,131.0,131.46662010289518,True
544,Ridge,2027-06-24 22:25:00,128.0,131.36954735585775,True
544,Ridge,2027-06-24 22:30:00,125.0,139.42499481192058,True
544,Ridge,2027-06-24 22:35:00,122.0,141.1138295570187,True
544,Ridge,2027-06-24 22:40:00,123.0,133.70030074038272,True
544,Ridge,2027-06-24 22:45:00,122.0,133.7415674514736,True
544,Ridge,2027-06-24 22:50:00,120.0,127.01929125780899,True
544,Ridge,2027-06-24 22:55:00,116.0,125.64727055321504,True
544,Ridge,2027-06-24 23:00:00,110.0,122.65612413686954,True
544,Ridge,2027-06-24 23:05:00,108.0,119.89713290514685,True
544,Ridge,2027-06-24 23:10:00,106.0,126.59370477343879,True
544,Ridge,2027-06-24 23:15:00,106.0,123.02550023447795,True
544,Ridge,2027-06-24 23:20:00,106.0,120.433906690747,True
544,Ridge,2027-06-24 23:25:00,106.0,113.9911811834441,True
544,Ridge,2027-06-24 23:30:00,107.0,105.47163968558208,True
544,Ridge,2027-06-24 23:35:00,113.0,108.75573947966956,True
544,Ridge,2027-06-24 23:40:00,113.0,106.52207313923961,True
544,Ridge,2027-06-24 23:45:00,114.0,109.88534521534811,True
544,Ridge,2027-06-24 23:50:00,117.0,110.20261272134886,True
544,Ridge,2027-06-24 23:55:00,117.0,110.88972101039259,True
544,Ridge,2027-06-25 00:00:00,117.0,113.60554010358652,True
544,Ridge,2027-06-25 00:05:00,117.0,126.62138683252215,True
544,Ridge,2027-06-25 00:10:00,117.0,118.80260252239435,True
544,Ridge,2027-06-25 00:15:00,117.0,121.7976631200658,True
544,Ridge,2027-06-25 00:20:00,118.0,127.03939685229975,True
544,Ridge,2027-06-25 00:25:00,119.0,122.96578227511972,True
544,Ridge,2027-06-25 00:30:00,120.0,123.17015243500276,True
544,Ridge,2027-06-25 00:35:00,121.0,122.9622354412634,True
544,Ridge,2027-06-25 00:40:00,123.0,122.91846014543113,True
544,Ridge,2027-06-25 00:45:00,124.0,122.81651478982121,True
544,Ridge,2027-06-25 00:50:00,126.0,124.97825774731277,True
544,Ridge,2027-06-25 00:55:00,127.0,125.86624372380724,True
544,Ridge,2027-06-25 01:00:00,128.0,126.92961987893506,True
544,Ridge,2027-06-25 01:05:00,130.0,127.900560479787,True
544,Ridge,2027-06-25 01:10:00,132.0,131.00340521910647,True
544,Ridge,2027-06-25 01:15:00,136.0,130.6375204387672,True
544,Ridge,2027-06-25 01:20:00,138.0,134.04317965704738,True
544,Ridge,2027-06-25 01:25:00,139.0,133.4140354323405,True
544,Ridge,2027-06-25 01:30:00,139.0,134.44077529591493,True
544,Ridge,2027-06-25 01:35:00,132.0,137.60354839959842,True
544,Ridge,2027-06-25 01:40:00,130.0,139.44988548143567,True
544,Ridge,2027-06-25 01:45:00,128.0,146.09867123901228,True
544,Ridge,2027-06-25 01:50:00,127.0,145.20658430770595,True
544,Ridge,2027-06-25 01:55:00,127.0,144.92108345283245,True
544,Ridge,2027-06-25 02:00:00,128.0,143.2793217670796,True
544,Ridge,2027-06-25 02:05:00,136.0,126.48906783432842,True
544,Ridge,2027-06-25 02:10:00,137.0,131.00610260190922,True
544,Ridge,2027-06-25 02:15:00,137.0,127.93197057778367,True
544,Ridge,2027-06-25 02:20:00,137.0,128.48368138702645,True
544,Ridge,2027-06-25 02:25:00,137.0,129.71425913182964,True
544,Ridge,2027-06-25 02:30:00,137.0,132.41345534619214,True
544,Ridge,2027-06-25 02:35:00,138.0,150.08345941367332,True
544,Ridge,2027-06-25 02:40:00,138.0,141.61026587555804,True
544,Ridge,2027-06-25 02:45:00,140.0,141.20503849592043,True
544,Ridge,2027-06-25 02:50:00,141.0,140.72965327655226,True
544,Ridge,2027-06-25 02:55:00,141.0,140.68274378356668,True
544,Ridge,2027-06-25 03:00:00,140.0,140.59613692308366,True
544,Ridge,2027-06-25 03:05:00,140.0,142.68727792062003,True
544,Ridge,2027-06-25 03:10:00,140.0,141.41591447446282,True
544,Ridge,2027-06-25 03:15:00,139.0,146.04133788653797,True
544,Ridge,2027-06-25 03:20:00,138.0,145.44080018812485,True
544,Ridge,2027-06-25 03:25:00,135.0,144.25025193372915,True
544,Ridge,2027-06-25 03:30:00,132.0,141.91842696509894,True
544,Ridge,2027-06-25 03:35:00,130.0,143.2697557634421,True
544,Ridge,2027-06-25 03:40:00,129.0,142.85098944678953,True
544,Ridge,2027-06-25 03:45:00,129.0,140.42905574955097,True
544,Ridge,2027-06-25 03:50:00,129.0,139.3761858816885,True
544,Ridge,2027-06-25 03:55:00,131.0,133.4500442109359,True
544,Ridge,2027-06-25 04:00:00,131.0,130.336106163644,True
544,Ridge,2027-06-25 04:05:00,132.0,129.43004510302325,True
544,Ridge,2027-06-25 04:10:00,134.0,129.77456504242488,True
544,Ridge,2027-06-25 04:15:00,134.0,131.354697711355,True
544,Ridge,2027-06-25 04:20:00,133.0,131.59117507462878,True
544,Ridge,2027-06-25 04:25:00,133.0,136.63019005555117,True
544,Ridge,2027-06-25 04:30:00,132.0,134.0732758865562,True
544,Ridge,2027-06-25 04:35:00,131.0,136.8408287234339,True
544,Ridge,2027-06-25 04:40:00,131.0,140.13352977456466,True
544,Ridge,2027-06-25 04:45:00,134.0,137.56674580011176,True
544,Ridge,2027-06-25 04:50:00,133.0,135.37475331300885,True
544,Ridge,2027-06-25 04:55:00,133.0,136.53744830046588,True
544,Ridge,2027-06-25 05:00:00,131.0,134.07451407450822,True
544,Ridge,2027-06-25 05:05:00,131.0,133.10086303525017,True
544,Ridge,2027-06-25 05:10:00,130.0,134.3589911908026,True
544,Ridge,2027-06-25 05:15:00,129.0,141.45439317515445,True
544,Ridge,2027-06-25 05:20:00,126.0,135.05006850813288,True
544,Ridge,2027-06-25 05:25:00,126.0,136.78193420947184,True
544,Ridge,2027-06-25 05:30:00,126.0,131.68118131711014,True
544,Ridge,2027-06-25 05:35:00,126.0,134.56506603902565,True
544,Ridge,2027-06-25 05:40:00,126.0,131.92396847015144,True
544,Ridge,2027-06-25 05:45:00,126.0,131.02939407263736,True
544,Ridge,2027-06-25 05:50:00,126.0,125.1740229525725,True
544,Ridge,2027-06-25 05:55:00,126.0,129.3074533243383,True
544,Ridge,2027-06-25 07:35:00,133.0,159.38115205807622,False
544,Ridge,2027-06-25 07:40:00,134.0,159.39060403585933,False
544,Ridge,2027-06-25 07:45:00,133.0,159.40021021661562,False
544,Ridge,2027-06-25 07:50:00,131.0,159.4099660283234,False
544,Ridge,2027-06-25 07:55:00,136.0,159.4198668277446,False
544,Ridge,2027-06-25 08:00:00,140.0,159.42990790263497,False
544,Ridge,2027-06-25 08:05:00,141.0,136.83829502127645,True
544,Ridge,2027-06-25 08:10:00,149.0,139.863072085083,True
544,Ridge,2027-06-25 08:15:00,151.0,135.71923452504439,True
544,Ridge,2027-06-25 08:20:00,151.0,132.25156368444465,True
544,Ridge,2027-06-25 08:25:00,145.0,146.44964941650858,True
544,Ridge,2027-06-25 08:30:00,148.0,149.81155667483992,True
544,Ridge,2027-06-25 08:35:00,151.0,146.53170589106702,True
544,Ridge,2027-06-25 08:40:00,155.0,163.53190504041376,True
544,Ridge,2027-06-25 08:45:00,155.0,157.5461390256331,True
544,Ridge,2027-06-25 08:50:00,159.0,155.48221029515943,True
544,Ridge,2027-06-25 08:55:00,163.0,140.72794334965764,True
544,Ridge,2027-06-25 09:00:00,169.0,171.0314119775196,True
544,Ridge,2027-06-25 09:05:00,181.0,171.19761462619502,True
544,Ridge,2027-06-25 09:10:00,182.0,174.7724720507257,True
544,Ridge,2027-06-25 09:15:00,189.0,163.72012291850484,True
544,Ridge,2027-06-25 09:20:00,197.0,169.04329177756566,True
544,Ridge,2027-06-25 09:25:00,199.0,169.33846840841522,True
544,Ridge,2027-06-25 09:30:00,202.0,174.382894419828,True
544,Ridge,2027-06-25 09:35:00,205.0,192.2875163083134,True
544,Ridge,2027-06-25 09:40:00,200.0,177.46368165644105,True
544,Ridge,2027-06-25 09:45:00,198.0,193.1203388908056,True
544,Ridge,2027-06-25 09:50:00,197.0,200.90935861294028,True
544,Ridge,2027-06-25 09:55:00,198.0,195.12820783929,True
544,Ridge,2027-06-25 10:00:00,205.0,201.53073482716124,True
544,Ridge,2027-06-25 10:05:00,204.0,204.01298360572463,True
544,Ridge,2027-06-25 10:10:00,197.0,188.21910041780012,True
544,Ridge,2027-06-25 10:15:00,194.0,190.13484476375882,True
544,Ridge,2027-06-25 10:20:00,189.0,189.66113428019165,True
544,Ridge,2027-06-25 10:25:00,191.0,193.47628225990962,True
544,Ridge,2027-06-25 10:30:00,190.0,208.67693166877297,True
544,Ridge,2027-06-25 10:35:00,185.0,197.02907285282043,True
544,Ridge,2027-06-25 10:40:00,184.0,182.40892051760656,True
544,Ridge,2027-06-25 10:45:00,177.0,184.53704252246956,True
544,Ridge,2027-06-25 10:50:00,172.0,176.1275751913284,True
544,Ridge,2027-06-25 10:55:00,172.0,187.84371988915603,True
544,Ridge,2027-06-25 11:00:00,168.0,182.7680955305791,True
544,Ridge,2027-06-25 11:05:00,168.0,173.31182955899754,True
544,Ridge,2027-06-25 11:10:00,168.0,177.63290373296468,True
544,Ridge,2027-06-25 11:15:00,166.0,162.3183103497953,True
544,Ridge,2027-06-25 11:20:00,165.0,160.66889070373543,True
544,Ridge,2027-06-25 11:25:00,164.0,167.39272761649633,True
544,Ridge,2027-06-25 11:30:00,162.0,158.54757860347775,True
544,Ridge,2027-06-25 11:35:00,158.0,164.53513072468044,True
544,Ridge,2027-06-25 11:40:00,160.0,164.61597034304597,True
544,Ridge,2027-06-25 11:45:00,161.0,160.9479553596786,True
544,Ridge,2027-06-25 11:50:00,160.0,161.77676341088326,True
544,Ridge,2027-06-25 11:55:00,161.0,161.2437285245473,True
544,Ridge,2027-06-25 12:00:00,158.0,158.1427218835525,True
544,Ridge,2027-06-25 12:05:00,155.0,151.52292677734764,True
544,Ridge,2027-06-25 12:10:00,153.0,161.9807433823697,True
544,Ridge,2027-06-25 12:15:00,152.0,161.46340849380104,True
544,Ridge,2027-06-25 12:20:00,150.0,158.66451069903454,True
544,Ridge,2027-06-25 12:25:00,147.0,162.74257647730414,True
544,Ridge,2027-06-25 12:30:00,148.0,154.27016121661333,True
544,Ridge,2027-06-25 12:35:00,146.0,151.67865998845159,True
544,Ridge,2027-06-25 12:40:00,144.0,150.64706496063795,True
544,Ridge,2027-06-25 12:45:00,139.0,151.04734542920545,True
544,Ridge,2027-06-25 12:50:00,137.0,147.83576954127935,True
544,Ridge,2027-06-25 12:55:00,136.0,143.67012786863344,True
544,Ridge,2027-06-25 13:00:00,135.0,148.37483330860456,True
544,Ridge,2027-06-25 13:05:00,132.0,143.93850671924324,True
544,Ridge,2027-06-25 13:10:00,131.0,142.72399759763934,True
544,Ridge,2027-06-25 13:15:00,132.0,133.55680220088004,True
544,Ridge,2027-06-25 13:20:00,132.0,135.89115870864535,True
544,Ridge,2027-06-25 13:25:00,132.0,136.10122722501558,True
544,Ridge,2027-06-25 13:30:00,130.0,135.48230484354838,True
544,Ridge,2027-06-25 13:35:00,128.0,130.1926258405959,True
544,Ridge,2027-06-25 13:40:00,131.0,132.3545147294811,True
544,Ridge,2027-06-25 13:45:00,130.0,136.16122045200765,True
544,Ridge,2027-06-25 13:50:00,128.0,135.14314666053107,True
544,Ridge,2027-06-25 13:55:00,129.0,156.1820545600969,True
544,Ridge,2027-06-25 14:00:00,138.0,149.48132139942408,True
544,Ridge,2027-06-25 14:05:00,148.0,144.6068297540527,True
544,Ridge,2027-06-25 14:10:00,159.0,147.08235294681896,True
544,Ridge,2027-06-25 14:15:00,168.0,134.96720939746913,True
544,Ridge,2027-06-25 14:20:00,181.0,142.9163980920243,True
544,Ridge,2027-06-25 14:25:00,195.0,140.18173008933283,True
544,Ridge,2027-06-25 14:30:00,209.0,155.66202019834893,True
544,Ridge,2027-06-25 14:35:00,220.0,160.5675395720425,True
544,Ridge,2027-06-25 14:40:00,227.0,169.89724419182926,True
544,Ridge,2027-06-25 14:45:00,234.0,173.08596945580095,True
544,Ridge,2027-06-25 14:50:00,235.0,188.27277603025053,True
544,Ridge,2027-06-25 14:55:00,236.0,203.75076840183786,True
544,Ridge,2027-06-25 15:00:00,234.0,217.32198900931363,True
544,Ridge,2027-06-25 15:05:00,232.0,224.72427651722495,True
544,Ridge,2027-06-25 15:10:00,227.0,226.2826861768899,True
544,Ridge,2027-06-25 15:15:00,227.0,232.8444679484777,True
544,Ridge,2027-06-25 15:20:00,238.0,226.73566106982202,True
544,Ridge,2027-06-25 15:25:00,238.0,227.982974127222,True
544,Ridge,2027-06-25 15:30:00,235.0,221.45146683085483,True
544,Ridge,2027-06-25 15:35:00,232.0,219.2161893415227,True
544,Ridge,2027-06-25 15:40:00,234.0,209.35873649504705,True
544,Ridge,2027-06-25 15:45:00,232.0,215.84019118132125,True
544,Ridge,2027-06-25 15:50:00,230.0,241.53427756545508,True
544,Ridge,2027-06-25 15:55:00,237.0,226.94697034226303,True
544,Ridge,2027-06-25 16:00:00,232.0,221.26409052132138,True
544,Ridge,2027-06-25 16:05:00,228.0,217.62545454229428,True
544,Ridge,2027-06-25 16:10:00,225.0,226.41216377646802,True
544,Ridge,2027-06-25 16:15:00,225.0,218.9811978934394,True
544,Ridge,2027-06-25 16:20:00,223.0,217.5486698860771,True
544,Ridge,2027-06-25 16:25:00,221.0,236.88671350534094,True
544,Ridge,2027-06-25 16:30:00,220.0,215.5182617690658,True
544,Ridge,2027-06-25 16:35:00,221.0,213.89332909286878,True
544,Ridge,2027-06-25 16:40:00,223.0,211.40066139101248,True
544,Ridge,2027-06-25 16:45:00,223.0,216.13485511828486,True
544,Ridge,2027-06-25 16:50:00,222.0,211.64756175113982,True
544,Ridge,2027-06-25 16:55:00,220.0,209.8624064367679,True
544,Ridge,2027-06-25 17:00:00,220.0,210.43815540417043,True
544,Ridge,2027-06-25 17:05:00,213.0,214.52035789254214,True
544,Ridge,2027-06-25 17:10:00,211.0,218.32933657946182,True
544,Ridge,2027-06-25 17:15:00,207.0,216.0475735508148,True
544,Ridge,2027-06-25 17:20:00,210.0,214.331571041339,True
544,Ridge,2027-06-25 17:25:00,212.0,211.15274924933544,True
544,Ridge,2027-06-25 17:30:00,213.0,213.56881442985727,True
544,Ridge,2027-06-25 17:35:00,217.0,196.90445162580127,True
544,Ridge,2027-06-25 17:40:00,216.0,202.08918919552573,True
544,Ridge,2027-06-25 17:45:00,214.0,194.74900533442664,True
544,Ridge,2027-06-25 17:50:00,214.0,207.80058125892418,True
544,Ridge,2027-06-25 17:55:00,215.0,205.92474778597045,True
544,Ridge,2027-06-25 18:00:00,215.0,208.86419709834533,True
544,Ridge,2027-06-25 18:05:00,212.0,217.30479555931046,True
544,Ridge,2027-06-25 18:10:00,208.0,209.73844304169586,True
544,Ridge,2027-06-25 18:15:00,206.0,207.0130874507291,True
544,Ridge,2027-06-25 18:20:00,203.0,207.762592465929,True
544,Ridge,2027-06-25 18:25:00,196.0,211.71112156945452,True
544,Ridge,2027-06-25 18:30:00,191.0,210.5132788225435,True
544,Ridge,2027-06-25 18:35:00,191.0,203.43405644821263,True
544,Ridge,2027-06-25 18:40:00,194.0,198.15918968901627,True
544,Ridge,2027-06-25 18:45:00,194.0,198.57016764698196,True
544,Ridge,2027-06-25 18:50:00,192.0,194.1886878193632,True
544,Ridge,2027-06-25 18:55:00,192.0,181.72882055756395,True
544,Ridge,2027-06-25 19:00:00,197.0,179.4444142756904,True
544,Ridge,2027-06-25 19:05:00,196.0,186.0171200720689,True
544,Ridge,2027-06-25 19:10:00,197.0,193.2414618761325,True
544,Ridge,2027-06-25 19:15:00,200.0,220.50322404219054,True
544,Ridge,2027-06-25 19:20:00,205.0,213.17291927914226,True
544,Ridge,2027-06-25 19:25:00,217.0,211.82214000632865,True
544,Ridge,2027-06-25 19:30:00,229.0,212.88986167570258,True
544,Ridge,2027-06-25 19:35:00,239.0,195.5518578728092,True
544,Ridge,2027-06-25 19:40:00,248.0,193.4345823050709,True
544,Ridge,2027-06-25 19:45:00,255.0,191.49949501416245,True
544,Ridge,2027-06-25 19:50:00,260.0,195.25807744036504,True
544,Ridge,2027-06-25 19:55:00,267.0,214.68480682143442,True
544,Ridge,2027-06-25 20:00:00,277.0,227.1470952162975,True
544,Ridge,2027-06-25 20:05:00,287.0,235.00500875303894,True
544,Ridge,2027-06-25 20:10:00,296.0,242.90999464024304,True
544,Ridge,2027-06-25 20:15:00,300.0,250.4579521789036,True
544,Ridge,2027-06-25 20:20:00,307.0,253.25126510796454,True
544,Ridge,2027-06-25 20:25:00,315.0,263.289128410026,True
544,Ridge,2027-06-25 20:30:00,320.0,277.29038359623473,True
544,Ridge,2027-06-25 20:35:00,325.0,287.0460756322892,True
544,Ridge,2027-06-25 20:40:00,332.0,294.74228393821414,True
544,Ridge,2027-06-25 20:45:00,335.0,291.8384063579523,True
544,Ridge,2027-06-25 20:50:00,327.0,302.86650751158777,True
544,Ridge,2027-06-25 20:55:00,321.0,311.6597403484877,True
544,Ridge,2027-06-25 21:00:00,319.0,312.4356880357732,True
544,Ridge,2027-06-25 21:05:00,313.0,317.12633018346423,True
544,Ridge,2027-06-25 21:10:00,308.0,326.1059386345987,True
544,Ridge,2027-06-25 21:15:00,306.0,323.1330593330971,True
544,Ridge,2027-06-25 21:20:00,300.0,300.00254233592113,True
544,Ridge,2027-06-25 21:25:00,298.0,296.2690120482017,True
544,Ridge,2027-06-25 21:30:00,297.0,298.28773932186266,True
544,Ridge,2027-06-25 21:35:00,296.0,286.1816196059808,True
544,Ridge,2027-06-25 21:40:00,297.0,282.3727392803913,True
544,Ridge,2027-06-25 21:45:00,296.0,284.10625120153287,True
544,Ridge,2027-06-25 21:50:00,288.0,272.91943787750864,True
544,Ridge,2027-06-25 21:55:00,282.0,276.8046676213895,True
544,Ridge,2027-06-25 22:00:00,282.0,277.20066844516765,True
544,Ridge,2027-06-25 22:05:00,291.0,277.24276985830113,True
544,Ridge,2027-06-25 22:10:00,284.0,281.6565375053698,True
544,Ridge,2027-06-25 22:15:00,288.0,278.3255344182992,True
544,Ridge,2027-06-25 22:20:00,285.0,272.0162737020272,True
544,Ridge,2027-06-25 22:25:00,284.0,267.70845420353845,True
544,Ridge,2027-06-25 22:30:00,285.0,274.02030533372545,True
544,Ridge,2027-06-25 22:35:00,285.0,291.73831025241213,True
544,Ridge,2027-06-25 22:40:00,285.0,260.78571898697896,True
544,Ridge,2027-06-25 22:45:00,282.0,279.0847678467578,True
544,Ridge,2027-06-25 22:50:00,278.0,262.72528804725573,True
544,Ridge,2027-06-25 22:55:00,279.0,264.4257853736583,True
544,Ridge,2027-06-25 23:00:00,273.0,267.0111820475587,True
544,Ridge,2027-06-25 23:05:00,271.0,266.39983682245577,True
544,Ridge,2027-06-25 23:10:00,272.0,266.7708635797161,True
544,Ridge,2027-06-25 23:15:00,278.0,255.90599130442172,True
544,Ridge,2027-06-25 23:20:00,281.0,254.92093947690333,True
544,Ridge,2027-06-25 23:25:00,283.0,263.06116419886604,True
544,Ridge,2027-06-25 23:30:00,288.0,248.0956925823385,True
544,Ridge,2027-06-25 23:35:00,292.0,252.56571908732866,True
544,Ridge,2027-06-25 23:40:00,288.0,257.16921553305895,True
544,Ridge,2027-06-25 23:45:00,283.0,271.1576359744355,True
544,Ridge,2027-06-25 23:50:00,280.0,270.477570638595,True
544,Ridge,2027-06-25 23:55:00,277.0,272.2099960823339,True
544,Ridge,2027-06-26 00:00:00,270.0,281.5238751176845,True
544,Ridge,2027-06-26 00:05:00,267.0,284.2424643330372,True
544,Ridge,2027-06-26 00:10:00,261.0,269.84320856377855,True
544,Ridge,2027-06-26 00:15:00,254.0,263.4927852117153,True
544,Ridge,2027-06-26 00:20:00,244.0,262.50437611826993,True
544,Ridge,2027-06-26 00:25:00,235.0,259.065181974484,True
544,Ridge,2027-06-26 00:30:00,230.0,246.17911669109137,True
544,Ridge,2027-06-26 00:35:00,227.0,248.84173993478677,True
544,Ridge,2027-06-26 00:40:00,224.0,238.5322887862602,True
544,Ridge,2027-06-26 00:45:00,220.0,230.5967165741664,True
544,Ridge,2027-06-26 00:50:00,214.0,216.1650163184043,True
544,Ridge,2027-06-26 00:55:00,209.0,208.7332074990089,True
544,Ridge,2027-06-26 01:00:00,206.0,209.27209685818355,True
544,Ridge,2027-06-26 01:05:00,202.0,209.36118332376748,True
544,Ridge,2027-06-26 01:10:00,199.0,207.20280835340077,True
544,Ridge,2027-06-26 01:15:00,196.0,202.98762255043528,True
544,Ridge,2027-06-26 01:20:00,193.0,195.199819337269,True
544,Ridge,2027-06-26 01:25:00,190.0,192.09222403734537,True
544,Ridge,2027-06-26 01:30:00,192.0,192.17772201875619,True
544,Ridge,2027-06-26 01:35:00,198.0,187.59174481165462,True
544,Ridge,2027-06-26 01:40:00,195.0,186.67114849348837,True
544,Ridge,2027-06-26 01:45:00,191.0,184.1398712693129,True
544,Ridge,2027-06-26 01:50:00,188.0,181.70950983452096,True
544,Ridge,2027-06-26 01:55:00,185.0,179.28956924652255,True
544,Ridge,2027-06-26 02:00:00,182.0,188.85639423428316,True
544,Ridge,2027-06-26 02:05:00,180.0,200.87024852583704,True
544,Ridge,2027-06-26 02:10:00,177.0,186.46841017993447,True
544,Ridge,2027-06-26 02:15:00,174.0,181.9494137554919,True
544,Ridge,2027-06-26 02:20:00,173.0,178.45999537197977,True
544,Ridge,2027-06-26 02:25:00,171.0,176.5915834766143,True
544,Ridge,2027-06-26 02:30:00,164.0,173.64170735277443,True
544,Ridge,2027-06-26 02:35:00,158.0,173.22209571778168,True
544,Ridge,2027-06-26 02:40:00,155.0,169.14456197035767,True
544,Ridge,2027-06-26 02:45:00,154.0,166.35525769226695,True
544,Ridge,2027-06-26 02:50:00,152.0,168.2289099017172,True
544,Ridge,2027-06-26 02:55:00,151.0,165.23935931763668,True
544,Ridge,2027-06-26 03:00:00,150.0,152.02026478753967,True
544,Ridge,2027-06-26 03:05:00,146.0,147.47686077994314,True
544,Ridge,2027-06-26 03:10:00,144.0,147.96384042986335,True
544,Ridge,2027-06-26 03:15:00,146.0,149.91590064377598,True
544,Ridge,2027-06-26 03:20:00,150.0,147.1402562451865,True
544,Ridge,2027-06-26 03:25:00,147.0,148.29811173811171,True
544,Ridge,2027-06-26 03:30:00,146.0,147.77642910835564,True
544,Ridge,2027-06-26 03:35:00,144.0,140.1067690048516,True
544,Ridge,2027-06-26 03:40:00,140.0,141.13557899656348,True
544,Ridge,2027-06-26 03:45:00,134.0,148.72571515913674,True
544,Ridge,2027-06-26 03:50:00,131.0,155.9529226218771,True
544,Ridge,2027-06-26 03:55:00,129.0,143.91282247363998,True
544,Ridge,2027-06-26 04:00:00,127.0,146.09766656548894,True
544,Ridge,2027-06-26 04:05:00,126.0,142.3760444312598,True
544,Ridge,2027-06-26 04:10:00,125.0,135.9118128508568,True
544,Ridge,2027-06-26 04:15:00,123.0,126.98591202912493,True
544,Ridge,2027-06-26 04:20:00,118.0,127.92599931696041,True
544,Ridge,2027-06-26 04:25:00,116.0,127.11199152608432,True
544,Ridge,2027-06-26 04:30:00,122.0,125.34581092590255,True
544,Ridge,2027-06-26 04:35:00,124.0,126.02964523607123,True
544,Ridge,2027-06-26 04:40:00,122.0,125.59750610730684,True
544,Ridge,2027-06-26 04:45:00,114.0,122.80679407239765,True
544,Ridge,2027-06-26 04:50:00,111.0,113.88135497971666,True
544,Ridge,2027-06-26 04:55:00,114.0,115.97432807635798,True
544,Ridge,2027-06-26 05:00:00,121.0,132.93926516969853,True
544,Ridge,2027-06-26 05:05:00,122.0,129.84339118539546,True
544,Ridge,2027-06-26 05:10:00,123.0,123.3855302275723,True
544,Ridge,2027-06-26 05:15:00,123.0,107.15825594986661,True
544,Ridge,2027-06-26 05:20:00,122.0,110.87826579808628,True
544,Ridge,2027-06-26 05:25:00,120.0,121.39975843411048,True
544,Ridge,2027-06-26 05:30:00,117.0,134.2616307081558,True
544,Ridge,2027-06-26 05:35:00,115.0,127.8696745964058,True
544,Ridge,2027-06-26 05:40:00,113.0,129.5584637129199,True
544,Ridge,2027-06-26 05:45:00,114.0,127.73405976275433,True
544,Ridge,2027-06-26 05:50:00,115.0,125.43362561741365,True
544,Ridge,2027-06-26 05:55:00,110.0,122.33275168000574,True
544,Ridge,2027-06-26 06:00:00,109.0,117.99787618191237,True
544,Ridge,2027-06-26 06:05:00,111.0,116.90727921721768,True
544,Ridge,2027-06-26 06:10:00,114.0,114.33612242187874,True
544,Ridge,2027-06-26 06:15:00,115.0,119.33957567504905,True
544,Ridge,2027-06-26 06:20:00,115.0,120.6782296060517,True
544,Ridge,2027-06-26 06:25:00,117.0,108.12750456104845,True
544,Ridge,2027-06-26 06:30:00,119.0,112.79871891288425,True
544,Ridge,2027-06-26 06:35:00,121.0,118.24127240747254,True
544,Ridge,2027-06-26 06:40:00,124.0,123.00242036104726,True
544,Ridge,2027-06-26 06:45:00,122.0,121.61750481556423,True
544,Ridge,2027-06-26 06:50:00,124.0,120.58849692850872,True
544,Ridge,2027-06-26 06:55:00,126.0,125.2497944613908,True
544,Ridge,2027-06-26 07:00:00,129.0,127.1250065714915,True
544,Ridge,2027-06-26 07:05:00,136.0,129.35446212438916,True
544,Ridge,2027-06-26 07:10:00,145.0,133.75845141237008,True
544,Ridge,2027-06-26 07:15:00,154.0,125.01909775197753,True
544,Ridge,2027-06-26 07:20:00,160.0,132.436824425716,True
544,Ridge,2027-06-26 07:25:00,167.0,133.67193136907807,True
544,Ridge,2027-06-26 07:30:00,172.0,138.41105558930028,True
544,Ridge,2027-06-26 07:35:00,176.0,150.6855880434027,True
544,Ridge,2027-06-26 07:40:00,142.0,162.1482992579926,True
544,Ridge,2027-06-26 07:45:00,142.0,171.12694103210262,True
544,Ridge,2027-06-26 07:50:00,147.0,172.98496199186195,True
544,Ridge,2027-06-26 07:55:00,152.0,190.2986356614329,True
544,Ridge,2027-06-26 08:00:00,158.0,191.06270175970633,True
544,Ridge,2027-06-26 08:05:00,164.0,192.19975961228474,True
544,Ridge,2027-06-26 08:10:00,166.0,102.30640216514426,True
544,Ridge,2027-06-26 08:15:00,169.0,145.5619412878384,True
544,Ridge,2027-06-26 08:20:00,177.0,150.7695765772265,True
544,Ridge,2027-06-26 08:25:00,183.0,155.75107225660466,True
544,Ridge,2027-06-26 08:30:00,187.0,162.40797813754529,True
544,Ridge,2027-06-26 08:35:00,188.0,168.8689199383365,True
544,Ridge,2027-06-26 08:40:00,189.0,165.95128498800435,True
544,Ridge,2027-06-26 08:45:00,196.0,170.19656657517027,True
544,Ridge,2027-06-26 08:50:00,197.0,185.0352827218179,True
544,Ridge,2027-06-26 08:55:00,200.0,189.6301832536899,True
544,Ridge,2027-06-26 09:00:00,194.0,191.3286576584212,True
544,Ridge,2027-06-26 09:05:00,189.0,187.48546510549204,True
544,Ridge,2027-06-26 09:10:00,191.0,187.6526710331958,True
544,Ridge,2027-06-26 09:15:00,189.0,203.61240828279347,True
544,Ridge,2027-06-26 09:20:00,186.0,196.23329705473824,True
544,Ridge,2027-06-26 09:25:00,185.0,202.343537339338,True
544,Ridge,2027-06-26 09:30:00,178.0,183.3581152398424,True
544,Ridge,2027-06-26 09:35:00,170.0,179.64529965462665,True
544,Ridge,2027-06-26 09:40:00,168.0,189.9006991843499,True
544,Ridge,2027-06-26 09:45:00,166.0,182.2507808171277,True
544,Ridge,2027-06-26 09:50:00,164.0,178.54982930015169,True
544,Ridge,2027-06-26 09:55:00,161.0,179.97536558075547,True
544,Ridge,2027-06-26 10:00:00,160.0,164.56837737283635,True
544,Ridge,2027-06-26 10:05:00,160.0,155.1311466370195,True
544,Ridge,2027-06-26 10:10:00,160.0,160.96557132261344,True
544,Ridge,2027-06-26 10:15:00,160.0,159.18628871123653,True
544,Ridge,2027-06-26 10:20:00,160.0,157.82964732646096,True
544,Ridge,2027-06-26 10:25:00,166.0,153.95473960968837,True
544,Ridge,2027-06-26 10:30:00,165.0,156.09239736728966,True
544,Ridge,2027-06-26 10:35:00,165.0,157.94751849743423,True
544,Ridge,2027-06-26 10:40:00,162.0,158.7562837391497,True
544,Ridge,2027-06-26 10:45:00,161.0,159.26543283083078,True
544,Ridge,2027-06-26 10:50:00,161.0,159.78638766486316,True
544,Ridge,2027-06-26 10:55:00,158.0,174.12251341586386,True
544,Ridge,2027-06-26 11:00:00,156.0,163.51547828845392,True
544,Ridge,2027-06-26 11:05:00,156.0,165.80966575610927,True
544,Ridge,2027-06-26 11:10:00,159.0,158.48047294963263,True
544,Ridge,2027-06-26 11:15:00,161.0,160.3684497005926,True
544,Ridge,2027-06-26 11:20:00,163.0,161.328388541608,True
544,Ridge,2027-06-26 11:25:00,164.0,154.32269781572094,True
544,Ridge,2027-06-26 11:30:00,159.0,153.89480401702698,True
544,Ridge,2027-06-26 11:35:00,155.0,156.39054728930856,True
544,Ridge,2027-06-26 11:40:00,148.0,163.59330184758653,True
544,Ridge,2027-06-26 11:45:00,142.0,164.4552930196689,True
544,Ridge,2027-06-26 11:50:00,141.0,167.0064897442049,True
544,Ridge,2027-06-26 11:55:00,138.0,165.73467499337295,True
544,Ridge,2027-06-26 12:00:00,136.0,153.40537615180577,True
544,Ridge,2027-06-26 12:05:00,135.0,150.74980400507513,True
544,Ridge,2027-06-26 12:10:00,134.0,138.85665398888918,True
544,Ridge,2027-06-26 12:15:00,135.0,134.16207070971697,True
544,Ridge,2027-06-26 12:20:00,141.0,139.5480986822529,True
544,Ridge,2027-06-26 12:25:00,138.0,133.89257467288445,True
544,Ridge,2027-06-26 12:30:00,139.0,134.06807293644738,True
544,Ridge,2027-06-26 12:35:00,142.0,134.80512407193225,True
544,Ridge,2027-06-26 12:40:00,143.0,134.45359076380106,True
544,Ridge,2027-06-26 12:45:00,134.0,138.64079665771754,True
544,Ridge,2027-06-26 12:50:00,132.0,151.83307959724863,True
544,Ridge,2027-06-26 12:55:00,131.0,136.96516497114226,True
544,Ridge,2027-06-26 13:00:00,135.0,160.3469416716001,True
544,Ridge,2027-06-26 13:05:00,141.0,163.65059894868992,True
544,Ridge,2027-06-26 13:10:00,140.0,159.98995031181005,True
544,Ridge,2027-06-26 13:15:00,142.0,131.91768477183263,True
544,Ridge,2027-06-26 13:20:00,145.0,135.02378892424406,True
544,Ridge,2027-06-26 13:25:00,149.0,130.68797774942087,True
544,Ridge,2027-06-26 13:30:00,151.0,138.00244136842417,True
544,Ridge,2027-06-26 13:35:00,154.0,144.67869363989865,True
544,Ridge,2027-06-26 13:40:00,159.0,133.92030330344815,True
544,Ridge,2027-06-26 13:45:00,169.0,140.8297632120213,True
544,Ridge,2027-06-26 13:50:00,175.0,144.52710164009943,True
544,Ridge,2027-06-26 13:55:00,182.0,150.2116100446657,True
544,Ridge,2027-06-26 14:00:00,188.0,151.78714950201194,True
544,Ridge,2027-06-26 14:05:00,194.0,156.7394231418752,True
544,Ridge,2027-06-26 14:10:00,197.0,164.36097514468776,True
544,Ridge,2027-06-26 14:15:00,203.0,181.03282959551277,True
544,Ridge,2027-06-26 14:20:00,205.0,182.0211158008367,True
544,Ridge,2027-06-26 14:25:00,201.0,191.0808841058885,True
544,Ridge,2027-06-26 14:30:00,200.0,195.60145059131446,True
544,Ridge,2027-06-26 14:35:00,199.0,201.59195670267152,True
544,Ridge,2027-06-26 14:40:00,200.0,200.1249401440482,True
544,Ridge,2027-06-26 14:45:00,205.0,210.15703567152264,True
544,Ridge,2027-06-26 14:50:00,204.0,206.21005905534906,True
544,Ridge,2027-06-26 14:55:00,203.0,194.03111268034115,True
544,Ridge,2027-06-26 15:00:00,210.0,196.4578414044699,True
544,Ridge,2027-06-26 15:05:00,211.0,194.55158970144026,True
544,Ridge,2027-06-26 15:10:00,212.0,198.24025144882285,True
544,Ridge,2027-06-26 15:15:00,213.0,208.40660362977087,True
544,Ridge,2027-06-26 15:20:00,214.0,199.17427192669075,True
544,Ridge,2027-06-26 15:25:00,217.0,198.58899387255576,True
544,Ridge,2027-06-26 15:30:00,220.0,215.81372675512628,True
544,Ridge,2027-06-26 15:35:00,222.0,208.50499727117864,True
544,Ridge,2027-06-26 15:40:00,223.0,210.28126824216716,True
544,Ridge,2027-06-26 15:45:00,224.0,210.8571853721154,True
544,Ridge,2027-06-26 15:50:00,222.0,211.68673491528975,True
544,Ridge,2027-06-26 15:55:00,220.0,217.17239938401434,True
544,Ridge,2027-06-26 16:00:00,216.0,220.07807078124145,True
544,Ridge,2027-06-26 16:05:00,210.0,220.8871286781764,True
544,Ridge,2027-06-26 16:10:00,206.0,220.5405621254608,True
544,Ridge,2027-06-26 16:15:00,207.0,221.37715267133717,True
544,Ridge,2027-06-26 16:20:00,211.0,214.93041068734075,True
544,Ridge,2027-06-26 16:25:00,210.0,212.97068156399712,True
544,Ridge,2027-06-26 16:30:00,208.0,205.86440357461956,True
544,Ridge,2027-06-26 16:35:00,207.0,196.56982205530517,True
544,Ridge,2027-06-26 16:40:00,207.0,194.8208386605538,True
544,Ridge,2027-06-26 16:45:00,206.0,202.35548910143638,True
544,Ridge,2027-06-26 16:50:00,205.0,210.71972920484694,True
544,Ridge,2027-06-26 16:55:00,205.0,203.6800432915573,True
544,Ridge,2027-06-26 17:00:00,205.0,199.11174931664826,True
544,Ridge,2027-06-26 17:05:00,205.0,201.00735103251657,True
544,Ridge,2027-06-26 17:10:00,204.0,202.45792622100882,True
544,Ridge,2027-06-26 17:15:00,202.0,200.33143293603132,True
544,Ridge,2027-06-26 17:20:00,201.0,199.62656827164182,True
544,Ridge,2027-06-26 17:25:00,202.0,201.14003502671488,True
544,Ridge,2027-06-26 17:30:00,202.0,201.15645675369183,True
544,Ridge,2027-06-26 17:35:00,199.0,201.31009055482232,True
544,Ridge,2027-06-26 17:40:00,193.0,199.2438372239896,True
544,Ridge,2027-06-26 17:45:00,192.0,196.16019374417723,True
544,Ridge,2027-06-26 17:50:00,218.0,196.4615685462988,True
544,Ridge,2027-06-26 17:55:00,213.0,199.92609938718425,True
544,Ridge,2027-06-26 18:00:00,213.0,198.6432494922966,True
544,Ridge,2027-06-26 18:05:00,214.0,207.0700737786442,True
544,Ridge,2027-06-26 18:10:00,213.0,194.44267070228653,True
544,Ridge,2027-06-26 18:15:00,215.0,198.1399286658922,True
544,Ridge,2027-06-26 18:20:00,222.0,255.180543200391,True
544,Ridge,2027-06-26 18:25:00,229.0,204.03777592642228,True
544,Ridge,2027-06-26 18:30:00,236.0,210.71332408691907,True
544,Ridge,2027-06-26 18:35:00,237.0,207.01558593875478,True
544,Ridge,2027-06-26 18:40:00,233.0,201.79429870901893,True
544,Ridge,2027-06-26 18:45:00,237.0,207.03890038868548,True
544,Ridge,2027-06-26 18:50:00,242.0,220.70990783077588,True
544,Ridge,2027-06-26 18:55:00,248.0,227.78332311693987,True
544,Ridge,2027-06-26 19:00:00,255.0,234.7453938275901,True
544,Ridge,2027-06-26 19:05:00,267.0,228.99372050533543,True
544,Ridge,2027-06-26 19:10:00,267.0,218.7016668542111,True
544,Ridge,2027-06-26 19:15:00,264.0,233.97841012724,True
544,Ridge,2027-06-26 19:20:00,264.0,240.2036854377456,True
544,Ridge,2027-06-26 19:25:00,263.0,247.13809894291623,True
544,Ridge,2027-06-26 19:30:00,259.0,255.61339312775974,True
544,Ridge,2027-06-26 19:35:00,252.0,274.3194828344394,True
544,Ridge,2027-06-26 19:40:00,249.0,257.90897873616154,True
544,Ridge,2027-06-26 19:45:00,249.0,251.60884391400657,True
544,Ridge,2027-06-26 19:50:00,245.0,254.90716337962633,True
544,Ridge,2027-06-26 19:55:00,240.0,252.08209705672837,True
544,Ridge,2027-06-26 20:00:00,236.0,243.71753811226228,True
544,Ridge,2027-06-26 20:05:00,232.0,231.77954807749208,True
544,Ridge,2027-06-26 20:10:00,229.0,233.6900280507112,True
544,Ridge,2027-06-26 20:15:00,222.0,237.42297886254602,True
544,Ridge,2027-06-26 20:20:00,215.0,228.20589735713472,True
544,Ridge,2027-06-26 20:25:00,212.0,222.44583758775678,True
544,Ridge,2027-06-26 20:30:00,211.0,219.92133802749728,True
544,Ridge,2027-06-26 20:35:00,203.0,215.973453356548,True
544,Ridge,2027-06-26 20:40:00,207.0,214.18197906027163,True
544,Ridge,2027-06-26 20:45:00,216.0,202.06226137240088,True
544,Ridge,2027-06-26 20:50:00,211.0,195.68339812104165,True
544,Ridge,2027-06-26 20:55:00,207.0,198.03892822438183,True
544,Ridge,2027-06-26 21:00:00,208.0,210.14256533385694,True
544,Ridge,2027-06-26 21:05:00,211.0,191.58396355277017,True
544,Ridge,2027-06-26 21:10:00,215.0,212.08793061066265,True
544,Ridge,2027-06-26 21:15:00,220.0,224.45993605219033,True
544,Ridge,2027-06-26 21:20:00,216.0,199.07045483001824,True
544,Ridge,2027-06-26 21:25:00,212.0,195.46657157487957,True
544,Ridge,2027-06-26 21:30:00,214.0,200.29788171012106,True
544,Ridge,2027-06-26 21:35:00,220.0,205.06360794163828,True
544,Ridge,2027-06-26 21:40:00,226.0,210.1806864003285,True
544,Ridge,2027-06-26 21:45:00,230.0,216.98019439946685,True
544,Ridge,2027-06-26 21:50:00,235.0,201.1079509243836,True
544,Ridge,2027-06-26 21:55:00,237.0,197.58155234819918,True
544,Ridge,2027-06-26 22:00:00,233.0,208.0928249437507,True
544,Ridge,2027-06-26 22:05:00,225.0,217.85415599003633,True
544,Ridge,2027-06-26 22:10:00,217.0,226.37682091144688,True
544,Ridge,2027-06-26 22:15:00,209.0,228.1238642266823,True
544,Ridge,2027-06-26 22:20:00,193.0,234.33493886213432,True
544,Ridge,2027-06-26 22:25:00,186.0,232.3626118387922,True
544,Ridge,2027-06-26 22:30:00,181.0,220.7252699523046,True
544,Ridge,2027-06-26 22:35:00,176.0,207.2710656607743,True
544,Ridge,2027-06-26 22:40:00,172.0,198.48391097380048,True
544,Ridge,2027-06-26 22:45:00,169.0,189.3842429742528,True
544,Ridge,2027-06-26 22:50:00,170.0,161.44242403984373,True
544,Ridge,2027-06-26 22:55:00,177.0,166.6729811814709,True
544,Ridge,2027-06-26 23:00:00,171.0,163.9601435556146,True
544,Ridge,2027-06-26 23:05:00,165.0,160.19384759890715,True
544,Ridge,2027-06-26 23:10:00,163.0,158.45933097121068,True
544,Ridge,2027-06-26 23:15:00,160.0,157.982113081515,True
544,Ridge,2027-06-26 23:20:00,156.0,165.567540230005,True
544,Ridge,2027-06-26 23:25:00,155.0,181.57075450637748,True
544,Ridge,2027-06-26 23:30:00,153.0,158.91325651495998,True
544,Ridge,2027-06-26 23:35:00,154.0,154.30423528999899,True
544,Ridge,2027-06-26 23:40:00,154.0,157.14291926074563,True
544,Ridge,2027-06-26 23:45:00,155.0,152.82410093516035,True
544,Ridge,2027-06-26 23:50:00,155.0,147.76624714456383,True
544,Ridge,2027-06-26 23:55:00,156.0,151.5724422304843,True
544,Ridge,2027-06-27 00:00:00,155.0,148.58612593286676,True
544,Ridge,2027-06-27 00:05:00,154.0,154.17420861013275,True
544,Ridge,2027-06-27 00:10:00,156.0,153.1004017815071,True
544,Ridge,2027-06-27 00:15:00,160.0,156.36721682415495,True
544,Ridge,2027-06-27 00:20:00,160.0,155.47128428276392,True
544,Ridge,2027-06-27 00:25:00,161.0,158.16187438486836,True
544,Ridge,2027-06-27 00:30:00,161.0,154.1337200995385,True
544,Ridge,2027-06-27 00:35:00,161.0,153.4668662498902,True
544,Ridge,2027-06-27 00:40:00,162.0,159.59520925800314,True
544,Ridge,2027-06-27 00:45:00,162.0,166.1811977234831,True
544,Ridge,2027-06-27 00:50:00,163.0,160.97861205984677,True
544,Ridge,2027-06-27 00:55:00,164.0,163.68126144988517,True
544,Ridge,2027-06-27 01:00:00,165.0,160.82608898708813,True
544,Ridge,2027-06-27 01:05:00,165.0,162.01815603130044,True
544,Ridge,2027-06-27 01:10:00,165.0,164.2508842729341,True
544,Ridge,2027-06-27 01:15:00,165.0,162.89470420622277,True
544,Ridge,2027-06-27 01:20:00,165.0,165.3128616235417,True
544,Ridge,2027-06-27 01:25:00,162.0,166.1072972424017,True
544,Ridge,2027-06-27 01:30:00,160.0,167.0755700599536,True
544,Ridge,2027-06-27 01:35:00,156.0,165.72960570631594,True
544,Ridge,2027-06-27 01:40:00,150.0,165.8378985131357,True
544,Ridge,2027-06-27 01:45:00,148.0,165.71134065064817,True
544,Ridge,2027-06-27 01:50:00,146.0,165.53034658571167,True
544,Ridge,2027-06-27 01:55:00,146.0,158.31616741066838,True
544,Ridge,2027-06-27 02:00:00,147.0,157.5248400538243,True
544,Ridge,2027-06-27 02:05:00,145.0,150.34082543685233,True
544,Ridge,2027-06-27 02:10:00,144.0,141.4884187073289,True
544,Ridge,2027-06-27 02:15:00,142.0,144.64450039492397,True
544,Ridge,2027-06-27 02:20:00,141.0,142.48349127523792,True
544,Ridge,2027-06-27 02:25:00,139.0,145.71780520965046,True
544,Ridge,2027-06-27 02:30:00,138.0,148.37830156516648,True
544,Ridge,2027-06-27 02:35:00,137.0,142.88806427932633,True
544,Ridge,2027-06-27 02:40:00,136.0,143.7041450530303,True
544,Ridge,2027-06-27 02:45:00,136.0,140.2897471285744,True
544,Ridge,2027-06-27 02:50:00,135.0,140.9047518017227,True
544,Ridge,2027-06-27 02:55:00,132.0,137.47861368259535,True
544,Ridge,2027-06-27 03:00:00,130.0,138.12289219439995,True
544,Ridge,2027-06-27 03:05:00,128.0,137.07369788067615,True
544,Ridge,2027-06-27 03:10:00,127.0,136.29192969258335,True
544,Ridge,2027-06-27 03:15:00,126.0,137.95186644065558,True
544,Ridge,2027-06-27 03:20:00,130.0,135.78792851116557,True
544,Ridge,2027-06-27 03:25:00,130.0,130.34189715761693,True
544,Ridge,2027-06-27 03:30:00,128.0,129.69395092245188,True
544,Ridge,2027-06-27 03:35:00,126.0,127.47488741661988,True
544,Ridge,2027-06-27 03:40:00,126.0,128.00314646230166,True
544,Ridge,2027-06-27 03:45:00,125.0,127.09624109497635,True
544,Ridge,2027-06-27 03:50:00,122.0,138.2776191586801,True
544,Ridge,2027-06-27 03:55:00,117.0,132.95449719378672,True
544,Ridge,2027-06-27 04:00:00,116.0,128.94644418907484,True
544,Ridge,2027-06-27 04:05:00,115.0,126.78705332292078,True
544,Ridge,2027-06-27 04:10:00,114.0,129.45245299181204,True
544,Ridge,2027-06-27 04:15:00,114.0,127.05767945039811,True
544,Ridge,2027-06-27 04:20:00,117.0,121.43628081225906,True
544,Ridge,2027-06-27 04:25:00,119.0,113.60248526915092,True
544,Ridge,2027-06-27 04:30:00,120.0,117.91133240755448,True
544,Ridge,2027-06-27 04:35:00,116.0,116.65266663058227,True
544,Ridge,2027-06-27 04:40:00,109.0,116.14843322998497,True
544,Ridge,2027-06-27 04:45:00,107.0,117.89405139158467,True
544,Ridge,2027-06-27 04:50:00,106.0,125.43474044769846,True
544,Ridge,2027-06-27 04:55:00,105.0,126.11113291921427,True
544,Ridge,2027-06-27 05:00:00,104.0,126.13382725669886,True
544,Ridge,2027-06-27 05:05:00,104.0,115.53087566848856,True
544,Ridge,2027-06-27 05:10:00,103.0,104.47739912741298,True
544,Ridge,2027-06-27 05:15:00,103.0,108.6655296370804,True
544,Ridge,2027-06-27 05:20:00,103.0,108.43748367288015,True
544,Ridge,2027-06-27 05:25:00,109.0,107.84196197956166,True
544,Ridge,2027-06-27 05:30:00,110.0,107.28373887922508,True
544,Ridge,2027-06-27 05:35:00,110.0,109.01052339754654,True
544,Ridge,2027-06-27 05:40:00,110.0,106.83316918393737,True
544,Ridge,2027-06-27 05:45:00,105.0,108.57237242676382,True
544,Ridge,2027-06-27 05:50:00,100.0,108.84311720665085,True
544,Ridge,2027-06-27 05:55:00,98.0,123.18684935231954,True
544,Ridge,2027-06-27 06:00:00,97.0,117.28100254413563,True
544,Ridge,2027-06-27 06:05:00,96.0,116.44143133784405,True
544,Ridge,2027-06-27 06:10:00,99.0,116.14699575082682,True
544,Ridge,2027-06-27 06:15:00,102.0,104.45675590920267,True
544,Ridge,2027-06-27 06:20:00,104.0,99.32006267361493,True
544,Ridge,2027-06-27 06:25:00,106.0,100.71819449051205,True
544,Ridge,2027-06-27 06:30:00,107.0,100.93013496856878,True
544,Ridge,2027-06-27 06:35:00,105.0,100.11760934034743,True
544,Ridge,2027-06-27 06:40:00,107.0,108.87264126037203,True
544,Ridge,2027-06-27 06:45:00,109.0,112.1474307779133,True
544,Ridge,2027-06-27 06:50:00,108.0,113.36846753290236,True
544,Ridge,2027-06-27 06:55:00,107.0,115.67893206990448,True
544,Ridge,2027-06-27 07:00:00,106.0,115.26951586917815,True
544,Ridge,2027-06-27 07:05:00,106.0,109.33864566809379,True
544,Ridge,2027-06-27 07:10:00,104.0,116.70344810502192,True
544,Ridge,2027-06-27 07:15:00,101.0,118.1833265733433,True
544,Ridge,2027-06-27 07:20:00,101.0,113.41050692634852,True
544,Ridge,2027-06-27 07:25:00,101.0,112.45110441859174,True
544,Ridge,2027-06-27 07:30:00,101.0,111.12649901410431,True
544,Ridge,2027-06-27 07:35:00,101.0,112.41983323533364,True
544,Ridge,2027-06-27 07:40:00,102.0,107.6109466761022,True
544,Ridge,2027-06-27 07:45:00,101.0,103.25910422324199,True
544,Ridge,2027-06-27 07:50:00,101.0,107.13052513774586,True
544,Ridge,2027-06-27 07:55:00,100.0,106.95428210531516,True
544,Ridge,2027-06-27 08:00:00,100.0,107.18086926694862,True
544,Ridge,2027-06-27 08:05:00,100.0,107.3372573363425,True
544,Ridge,2027-06-27 08:10:00,104.0,110.05982691968401,True
544,Ridge,2027-06-27 08:15:00,106.0,106.36561403753646,True
544,Ridge,2027-06-27 08:20:00,110.0,107.82908168928448,True
544,Ridge,2027-06-27 08:25:00,118.0,105.3759242988973,True
544,Ridge,2027-06-27 08:30:00,126.0,106.90954824586942,True
544,Ridge,2027-06-27 08:35:00,136.0,106.82019188261955,True
544,Ridge,2027-06-27 08:40:00,140.0,116.27557718237486,True
544,Ridge,2027-06-27 08:45:00,146.0,115.50899366979276,True
544,Ridge,2027-06-27 08:50:00,149.0,122.67899280687251,True
544,Ridge,2027-06-27 08:55:00,150.0,146.14182220045905,True
544,Ridge,2027-06-27 09:00:00,154.0,152.34902193585268,True
544,Ridge,2027-06-27 09:05:00,159.0,164.1692174957245,True
544,Ridge,2027-06-27 09:10:00,167.0,156.36347757840727,True
544,Ridge,2027-06-27 09:15:00,178.0,162.43015977553523,True
544,Ridge,2027-06-27 09:20:00,191.0,158.39416169197065,True
544,Ridge,2027-06-27 09:25:00,206.0,154.12930138206173,True
544,Ridge,2027-06-27 09:30:00,212.0,160.28801030892544,True
544,Ridge,2027-06-27 09:35:00,215.0,165.27755441750207,True
544,Ridge,2027-06-27 09:40:00,216.0,177.17484011706716,True
544,Ridge,2027-06-27 09:45:00,218.0,191.45094823374907,True
544,Ridge,2027-06-27 09:50:00,218.0,206.99819272121462,True
544,Ridge,2027-06-27 09:55:00,211.0,225.69943693398176,True
544,Ridge,2027-06-27 10:00:00,202.0,219.43112225852906,True
544,Ridge,2027-06-27 10:05:00,198.0,218.5391918404663,True
544,Ridge,2027-06-27 10:10:00,196.0,215.73657709256827,True
544,Ridge,2027-06-27 10:15:00,195.0,218.53862311596734,True
544,Ridge,2027-06-27 10:20:00,197.0,215.01013787641324,True
544,Ridge,2027-06-27 10:25:00,199.0,197.88641471859023,True
544,Ridge,2027-06-27 10:30:00,199.0,185.25954849526664,True
544,Ridge,2027-06-27 10:35:00,197.0,186.66999636199048,True
544,Ridge,2027-06-27 10:40:00,193.0,186.643500040374,True
544,Ridge,2027-06-27 10:45:00,185.0,187.33800521461413,True
544,Ridge,2027-06-27 10:50:00,180.0,194.05861818844838,True
544,Ridge,2027-06-27 10:55:00,171.0,196.63154830211172,True
544,Ridge,2027-06-27 11:00:00,173.0,194.2474166733548,True
544,Ridge,2027-06-27 11:05:00,170.0,189.8559606980269,True
544,Ridge,2027-06-27 11:10:00,166.0,183.33607903474012,True
544,Ridge,2027-06-27 11:15:00,164.0,169.79368092484512,True
544,Ridge,2027-06-27 11:20:00,158.0,168.5159195009348,True
544,Ridge,2027-06-27 11:25:00,148.0,153.29711213001536,True
544,Ridge,2027-06-27 11:30:00,144.0,170.77709449362536,True
544,Ridge,2027-06-27 11:35:00,147.0,160.97293215998482,True
544,Ridge,2027-06-27 11:40:00,145.0,157.2430898561844,True
544,Ridge,2027-06-27 11:45:00,141.0,158.19107034866212,True
544,Ridge,2027-06-27 11:50:00,140.0,147.22760713380643,True
544,Ridge,2027-06-27 11:55:00,139.0,132.11594103522708,True
544,Ridge,2027-06-27 12:00:00,142.0,158.7068200265265,True
544,Ridge,2027-06-27 12:05:00,147.0,168.81693543382863,True
544,Ridge,2027-06-27 12:10:00,150.0,157.5810599294957,True
544,Ridge,2027-06-27 12:15:00,153.0,144.19290171240544,True
544,Ridge,2027-06-27 12:20:00,159.0,141.54355628648588,True
544,Ridge,2027-06-27 12:25:00,165.0,135.93531014890254,True
544,Ridge,2027-06-27 12:30:00,168.0,139.8195608696094,True
544,Ridge,2027-06-27 12:35:00,175.0,144.8377160209709,True
544,Ridge,2027-06-27 12:40:00,180.0,144.4939884550005,True
544,Ridge,2027-06-27 12:45:00,186.0,148.2823030263921,True
544,Ridge,2027-06-27 12:50:00,199.0,158.04221473464335,True
544,Ridge,2027-06-27 12:55:00,208.0,163.17580961799317,True
544,Ridge,2027-06-27 13:00:00,216.0,166.53970722832088,True
544,Ridge,2027-06-27 13:05:00,220.0,179.76857460487759,True
544,Ridge,2027-06-27 13:10:00,220.0,182.0158646157706,True
544,Ridge,2027-06-27 13:15:00,214.0,190.03295069918298,True
544,Ridge,2027-06-27 13:20:00,211.0,212.53229370605172,True
544,Ridge,2027-06-27 13:25:00,214.0,216.1768230406559,True
544,Ridge,2027-06-27 13:30:00,211.0,223.62809925948505,True
544,Ridge,2027-06-27 13:35:00,204.0,221.81897414531122,True
544,Ridge,2027-06-27 13:40:00,199.0,216.25355213059314,True
544,Ridge,2027-06-27 13:45:00,195.0,201.7167395474899,True
544,Ridge,2027-06-27 13:50:00,196.0,202.26566421895762,True
544,Ridge,2027-06-27 13:55:00,199.0,212.33120525320575,True
544,Ridge,2027-06-27 14:00:00,203.0,200.71533716700728,True
544,Ridge,2027-06-27 14:05:00,209.0,188.5528170259583,True
544,Ridge,2027-06-27 14:10:00,214.0,185.59505810918156,True
544,Ridge,2027-06-27 14:15:00,221.0,182.55598475584554,True
544,Ridge,2027-06-27 14:20:00,226.0,190.6385760844021,True
544,Ridge,2027-06-27 14:25:00,229.0,196.6549232599617,True
544,Ridge,2027-06-27 14:30:00,227.0,203.05500292661074,True
544,Ridge,2027-06-27 14:35:00,220.0,212.1568457384897,True
544,Ridge,2027-06-27 14:40:00,212.0,215.96270363864213,True
544,Ridge,2027-06-27 14:45:00,208.0,226.08000793030328,True
544,Ridge,2027-06-27 14:50:00,205.0,228.72612814938765,True
544,Ridge,2027-06-27 14:55:00,201.0,229.50942691508646,True
544,Ridge,2027-06-27 15:00:00,203.0,220.38229826996857,True
544,Ridge,2027-06-27 15:05:00,206.0,206.27729208608923,True
544,Ridge,2027-06-27 15:10:00,203.0,196.14763614437294,True
544,Ridge,2027-06-27 15:15:00,195.0,196.5860641300775,True
544,Ridge,2027-06-27 15:20:00,198.0,194.447899750733,True
544,Ridge,2027-06-27 15:25:00,200.0,189.2567225085103,True
544,Ridge,2027-06-27 15:30:00,198.0,199.80937734153633,True
544,Ridge,2027-06-27 15:35:00,198.0,204.4775508348567,True
544,Ridge,2027-06-27 15:40:00,205.0,194.2004713894846,True
544,Ridge,2027-06-27 15:45:00,210.0,179.888886220863,True
544,Ridge,2027-06-27 15:50:00,212.0,197.76302975243468,True
544,Ridge,2027-06-27 15:55:00,211.0,197.9156165186559,True
544,Ridge,2027-06-27 16:00:00,208.0,188.65004346695181,True
544,Ridge,2027-06-27 16:05:00,205.0,193.97358999317572,True
544,Ridge,2027-06-27 16:10:00,201.0,210.56196608345002,True
544,Ridge,2027-06-27 16:15:00,196.0,213.1980036187535,True
544,Ridge,2027-06-27 16:20:00,189.0,211.90071897796537,True
544,Ridge,2027-06-27 16:25:00,188.0,207.11179702768158,True
544,Ridge,2027-06-27 16:30:00,193.0,201.62799727245417,True
544,Ridge,2027-06-27 16:35:00,193.0,198.25023799957955,True
544,Ridge,2027-06-27 16:40:00,189.0,192.09091435050865,True
544,Ridge,2027-06-27 16:45:00,185.0,185.42366035448285,True
544,Ridge,2027-06-27 16:50:00,183.0,175.62680678452887,True
544,Ridge,2027-06-27 16:55:00,182.0,182.45858019860728,True
544,Ridge,2027-06-27 17:00:00,181.0,195.3230368491651,True
544,Ridge,2027-06-27 17:05:00,181.0,189.43330592084732,True
544,Ridge,2027-06-27 17:10:00,181.0,181.23062499661572,True
544,Ridge,2027-06-27 17:15:00,180.0,177.1225136730612,True
544,Ridge,2027-06-27 17:20:00,179.0,177.5095808208646,True
544,Ridge,2027-06-27 17:25:00,179.0,177.73598784183474,True
544,Ridge,2027-06-27 17:30:00,177.0,177.05528888932136,True
544,Ridge,2027-06-27 17:35:00,174.0,178.89982494783675,True
544,Ridge,2027-06-27 17:40:00,170.0,179.12660606553752,True
544,Ridge,2027-06-27 17:45:00,172.0,176.96744723182027,True
544,Ridge,2027-06-27 17:50:00,172.0,176.2061375568053,True
544,Ridge,2027-06-27 17:55:00,170.0,177.98341949438338,True
544,Ridge,2027-06-27 18:00:00,167.0,173.44842217693437,True
544,Ridge,2027-06-27 18:05:00,167.0,168.97251648336135,True
544,Ridge,2027-06-27 18:10:00,169.0,187.76830074681266,True
544,Ridge,2027-06-27 18:15:00,168.0,195.11730725752687,True
544,Ridge,2027-06-27 18:20:00,165.0,188.91662468737061,True
544,Ridge,2027-06-27 18:25:00,169.0,176.4091937476,True
544,Ridge,2027-06-27 18:30:00,169.0,165.4213920496427,True
544,Ridge,2027-06-27 18:35:00,169.0,164.2573194302659,True
544,Ridge,2027-06-27 18:40:00,169.0,163.04525173809526,True
544,Ridge,2027-06-27 18:45:00,169.0,155.12034487367686,True
544,Ridge,2027-06-27 18:50:00,169.0,148.37185772692615,True
544,Ridge,2027-06-27 18:55:00,169.0,162.250401081913,True
544,Ridge,2027-06-27 19:00:00,169.0,156.4149662768141,True
544,Ridge,2027-06-28 23:20:00,160.0,157.0349363721903,False
544,Ridge,2027-06-28 23:25:00,158.0,158.92755056658876,False
544,Ridge,2027-06-28 23:30:00,156.0,158.98814118210134,False
544,Ridge,2027-06-28 23:35:00,151.0,159.11572105318956,False
544,Ridge,2027-06-28 23:40:00,147.0,159.21666738031905,False
544,Ridge,2027-06-28 23:45:00,144.0,159.29695680814993,False
544,Ridge,2027-06-28 23:50:00,143.0,160.82392873628683,True
544,Ridge,2027-06-28 23:55:00,140.0,155.9757303136431,True
544,Ridge,2027-06-29 00:00:00,136.0,153.55219209740284,True
544,Ridge,2027-06-29 00:05:00,135.0,144.00490199850967,True
544,Ridge,2027-06-29 00:10:00,139.0,141.43892525796917,True
544,Ridge,2027-06-29 00:15:00,144.0,139.81322878335618,True
544,Ridge,2027-06-29 00:20:00,141.0,141.65898976534515,True
544,Ridge,2027-06-29 00:25:00,139.0,136.14051112240625,True
544,Ridge,2027-06-29 00:30:00,137.0,131.17186533139608,True
544,Ridge,2027-06-29 00:35:00,136.0,134.38254759424416,True
544,Ridge,2027-06-29 00:40:00,136.0,145.3931251160709,True
544,Ridge,2027-06-29 00:45:00,136.0,152.2577742552628,True
544,Ridge,2027-06-29 00:50:00,136.0,139.15800701920242,True
544,Ridge,2027-06-29 00:55:00,137.0,139.0298793990365,True
544,Ridge,2027-06-29 01:00:00,137.0,136.4660868854328,True
544,Ridge,2027-06-29 01:05:00,137.0,136.83543941207998,True
544,Ridge,2027-06-29 01:10:00,136.0,138.18885059524592,True
544,Ridge,2027-06-29 01:15:00,135.0,138.5047074967907,True
544,Ridge,2027-06-29 01:20:00,134.0,138.74959578342202,True
544,Ridge,2027-06-29 01:25:00,133.0,141.06032333594155,True
544,Ridge,2027-06-29 01:30:00,133.0,139.76230032855744,True
544,Ridge,2027-06-29 01:35:00,131.0,140.1353001177916,True
544,Ridge,2027-06-29 01:40:00,130.0,137.9279215487081,True
544,Ridge,2027-06-29 01:45:00,135.0,136.85287853323595,True
544,Ridge,2027-06-29 01:50:00,139.0,135.46831996722364,True
544,Ridge,2027-06-29 01:55:00,140.0,134.46630122692636,True
544,Ridge,2027-06-29 02:00:00,150.0,135.8466389136778,True
544,Ridge,2027-06-29 02:05:00,161.0,131.15373335337645,True
544,Ridge,2027-06-29 02:10:00,156.0,131.68071891053287,True
544,Ridge,2027-06-29 02:15:00,147.0,144.720303994128,True
544,Ridge,2027-06-29 02:20:00,137.0,147.36951067196236,True
544,Ridge,2027-06-29 02:25:00,127.0,144.8917482086781,True
544,Ridge,2027-06-29 02:30:00,118.0,167.03339300330526,True
544,Ridge,2027-06-29 02:35:00,111.0,178.86938532984743,True
544,Ridge,2027-06-29 02:40:00,105.0,152.82678449455236,True
544,Ridge,2027-06-29 02:45:00,100.0,138.69906650179317,True
544,Ridge,2027-06-29 02:50:00,99.0,125.72165008698445,True
544,Ridge,2027-06-29 02:55:00,100.0,114.51378287179787,True
544,Ridge,2027-06-29 03:00:00,99.0,105.73437538101601,True
544,Ridge,2027-06-29 03:05:00,97.0,101.06999815883728,True
544,Ridge,2027-06-29 03:10:00,99.0,96.68033941797928,True
544,Ridge,2027-06-29 03:15:00,119.0,93.56342925918239,True
544,Ridge,2027-06-29 03:20:00,144.0,98.59059356546504,True
544,Ridge,2027-06-29 03:25:00,134.0,103.31427578564328,True
544,Ridge,2027-06-29 03:30:00,132.0,101.20466709028648,True
544,Ridge,2027-06-29 03:35:00,121.0,98.75903031793105,True
544,Ridge,2027-06-29 03:40:00,118.0,106.31218298416593,True
544,Ridge,2027-06-29 03:45:00,127.0,150.69890317494873,True
544,Ridge,2027-06-29 03:50:00,127.0,182.4497184950278,True
544,Ridge,2027-06-29 03:55:00,121.0,126.74396059975356,True
544,Ridge,2027-06-29 04:00:00,113.0,137.13030577124815,True
544,Ridge,2027-06-29 04:05:00,105.0,110.90481455870577,True
544,Ridge,2027-06-29 04:10:00,100.0,119.19553438241697,True
544,Ridge,2027-06-29 04:15:00,94.0,142.8610579430027,True
544,Ridge,2027-06-29 04:20:00,87.0,131.2311910712465,True
544,Ridge,2027-06-29 04:25:00,81.0,118.0699630162798,True
544,Ridge,2027-06-29 04:30:00,77.0,106.09660582474325,True
544,Ridge,2027-06-29 04:35:00,74.0,97.22533385355798,True
544,Ridge,2027-06-29 04:40:00,73.0,96.103528680631,True
544,Ridge,2027-06-29 04:45:00,73.0,89.24737102182344,True
544,Ridge,2027-06-29 04:50:00,73.0,81.0209019742161,True
544,Ridge,2027-06-29 04:55:00,79.0,75.53001244907779,True
544,Ridge,2027-06-29 05:00:00,81.0,74.6644640344438,True
544,Ridge,2027-06-29 05:05:00,81.0,73.44121903695421,True
544,Ridge,2027-06-29 05:10:00,80.0,76.53698518940979,True
544,Ridge,2027-06-29 05:15:00,79.0,79.08800672368699,True
544,Ridge,2027-06-29 05:20:00,72.0,79.67247798439115,True
544,Ridge,2027-06-29 05:25:00,76.0,94.3910694623066,True
544,Ridge,2027-06-29 05:30:00,85.0,91.32730797493868,True
544,Ridge,2027-06-29 05:35:00,86.0,89.70863964911028,True
544,Ridge,2027-06-29 05:40:00,83.0,87.49071331816353,True
544,Ridge,2027-06-29 05:45:00,81.0,86.52320006789354,True
544,Ridge,2027-06-29 05:50:00,80.0,71.16196463547217,True
544,Ridge,2027-06-29 05:55:00,77.0,90.19925545162738,True
544,Ridge,2027-06-29 06:00:00,74.0,105.34203525584988,True
544,Ridge,2027-06-29 06:05:00,74.0,96.30511107075175,True
544,Ridge,2027-06-29 06:10:00,79.0,88.52230944895649,True
544,Ridge,2027-06-29 06:15:00,84.0,87.41629392570361,True
544,Ridge,2027-06-29 06:20:00,90.0,87.53631376687402,True
544,Ridge,2027-06-29 06:25:00,97.0,81.73385145121735,True
544,Ridge,2027-06-29 06:30:00,98.0,78.55265997021043,True
544,Ridge,2027-06-29 06:35:00,101.0,82.44807673428242,True
544,Ridge,2027-06-29 06:40:00,105.0,94.1359915663709,True
544,Ridge,2027-06-29 06:45:00,116.0,99.16770356625042,True
544,Ridge,2027-06-29 06:50:00,116.0,107.00437971015772,True
544,Ridge,2027-06-29 06:55:00,116.0,115.89175328136656,True
544,Ridge,2027-06-29 07:00:00,116.0,108.92795782644222,True
544,Ridge,2027-06-29 07:05:00,116.0,114.54991882547856,True
544,Ridge,2027-06-29 07:10:00,143.0,119.22033198082559,True
544,Ridge,2027-06-29 07:15:00,143.0,139.68669205528795,True
544,Ridge,2027-06-29 07:20:00,148.0,124.36173985360227,True
544,Ridge,2027-06-29 07:25:00,156.0,133.32363171863508,True
544,Ridge,2027-06-29 07:30:00,166.0,131.16347433979232,True
544,Ridge,2027-06-29 07:35:00,179.0,129.7284197290532,True
544,Ridge,2027-06-29 07:40:00,190.0,189.7085838453958,True
544,Ridge,2027-06-29 07:45:00,198.0,149.70631333123399,True
544,Ridge,2027-06-29 07:50:00,205.0,162.21143510770716,True
544,Ridge,2027-06-29 07:55:00,211.0,169.4283982635819,True
544,Ridge,2027-06-29 08:00:00,219.0,180.8720795764289,True
544,Ridge,2027-06-29 08:05:00,224.0,197.21541676009477,True
544,Ridge,2027-06-29 08:10:00,230.0,205.19652391892012,True
544,Ridge,2027-06-29 08:15:00,232.0,209.05216086625518,True
544,Ridge,2027-06-29 08:20:00,226.0,213.47979598954709,True
544,Ridge,2027-06-29 08:25:00,220.0,218.18181984512947,True
544,Ridge,2027-06-29 08:30:00,222.0,228.39223787566846,True
544,Ridge,2027-06-29 08:35:00,225.0,229.01617897862315,True
544,Ridge,2027-06-29 08:40:00,225.0,236.37448039882764,True
544,Ridge,2027-06-29 08:45:00,220.0,231.1386773946311,True
544,Ridge,2027-06-29 08:50:00,218.0,214.03488027288589,True
544,Ridge,2027-06-29 08:55:00,214.0,207.31448278308764,True
544,Ridge,2027-06-29 09:00:00,211.0,218.9391179474304,True
544,Ridge,2027-06-29 09:05:00,205.0,222.62585423073176,True
544,Ridge,2027-06-29 09:10:00,198.0,218.72133918714923,True
544,Ridge,2027-06-29 09:15:00,191.0,206.9431365435089,True
544,Ridge,2027-06-29 09:20:00,187.0,208.79245823435855,True
544,Ridge,2027-06-29 09:25:00,181.0,201.37054381253643,True
544,Ridge,2027-06-29 09:30:00,180.0,199.91278045688904,True
544,Ridge,2027-06-29 09:35:00,178.0,189.6269342751553,True
544,Ridge,2027-06-29 09:40:00,174.0,181.47917685725136,True
544,Ridge,2027-06-29 09:45:00,170.0,173.95077722214072,True
544,Ridge,2027-06-29 09:50:00,167.0,173.81997362139407,True
544,Ridge,2027-06-29 09:55:00,168.0,165.48510910213187,True
544,Ridge,2027-06-29 10:00:00,168.0,172.42470973049447,True
544,Ridge,2027-06-29 10:05:00,164.0,169.49068351527595,True
544,Ridge,2027-06-29 10:10:00,158.0,163.724204182527,True
544,Ridge,2027-06-29 10:15:00,151.0,160.16181953072686,True
544,Ridge,2027-06-29 10:20:00,147.0,159.04553915287156,True
544,Ridge,2027-06-29 10:25:00,145.0,165.9804266215096,True
544,Ridge,2027-06-29 10:30:00,146.0,165.18154278987814,True
544,Ridge,2027-06-29 10:35:00,147.0,156.5715896107803,True
544,Ridge,2027-06-29 10:40:00,144.0,148.17066928628898,True
544,Ridge,2027-06-29 10:45:00,143.0,139.66160700166586,True
544,Ridge,2027-06-29 10:50:00,145.0,139.70750230816122,True
544,Ridge,2027-06-29 10:55:00,151.0,140.4865273336921,True
544,Ridge,2027-06-29 11:00:00,156.0,146.41691935138118,True
544,Ridge,2027-06-29 11:05:00,153.0,148.08509991048402,True
544,Ridge,2027-06-29 11:10:00,160.0,140.44066995935802,True
544,Ridge,2027-06-29 11:15:00,167.0,142.73996779220232,True
544,Ridge,2027-06-29 11:20:00,166.0,148.96324608922507,True
544,Ridge,2027-06-29 11:25:00,156.0,159.88139217177203,True
544,Ridge,2027-06-29 11:30:00,149.0,164.6869166088377,True
544,Ridge,2027-06-29 11:35:00,144.0,151.31000854989296,True
544,Ridge,2027-06-29 11:40:00,141.0,172.08916141860203,True
544,Ridge,2027-06-29 11:45:00,140.0,178.25276898027306,True
544,Ridge,2027-06-29 11:50:00,134.0,167.37171726078378,True
544,Ridge,2027-06-29 11:55:00,130.0,145.32428015853677,True
544,Ridge,2027-06-29 12:00:00,126.0,141.70044734355014,True
544,Ridge,2027-06-29 12:05:00,123.0,137.91232905813888,True
544,Ridge,2027-06-29 12:10:00,124.0,137.05631310241196,True
544,Ridge,2027-06-29 12:15:00,124.0,138.96783823229498,True
544,Ridge,2027-06-29 12:20:00,125.0,126.7534443687221,True
544,Ridge,2027-06-29 12:25:00,124.0,125.98146864010957,True
544,Ridge,2027-06-29 12:30:00,120.0,121.50078726928402,True
544,Ridge,2027-06-29 12:35:00,117.0,130.6690188349916,True
544,Ridge,2027-06-29 12:40:00,116.0,136.75720806018825,True
544,Ridge,2027-06-29 12:45:00,117.0,134.44929557966907,True
544,Ridge,2027-06-29 12:50:00,120.0,133.72614122008505,True
544,Ridge,2027-06-29 12:55:00,122.0,127.32140334016952,True
544,Ridge,2027-06-29 13:00:00,126.0,117.5792086357709,True
544,Ridge,2027-06-29 13:05:00,131.0,113.57875101582705,True
544,Ridge,2027-06-29 13:10:00,137.0,113.89522801876947,True
544,Ridge,2027-06-29 13:15:00,153.0,117.17755101978534,True
544,Ridge,2027-06-29 13:20:00,163.0,123.29623209434985,True
544,Ridge,2027-06-29 13:25:00,169.0,124.39497568601752,True
544,Ridge,2027-06-29 13:30:00,175.0,131.6045951361522,True
544,Ridge,2027-06-29 13:35:00,182.0,139.3122026803722,True
544,Ridge,2027-06-29 13:40:00,185.0,147.30267232328754,True
544,Ridge,2027-06-29 13:45:00,187.0,177.0740464793694,True
544,Ridge,2027-06-29 13:50:00,183.0,178.92508812209212,True
544,Ridge,2027-06-29 13:55:00,182.0,180.43038604585803,True
544,Ridge,2027-06-29 14:00:00,188.0,185.92206409041648,True
544,Ridge,2027-06-29 14:05:00,191.0,193.90391244824968,True
544,Ridge,2027-06-29 14:10:00,190.0,191.28776767873703,True
544,Ridge,2027-06-29 14:15:00,188.0,191.72181544964164,True
544,Ridge,2027-06-29 14:20:00,185.0,178.8627282573714,True
544,Ridge,2027-06-29 14:25:00,182.0,181.36158310828736,True
544,Ridge,2027-06-29 14:30:00,180.0,195.7199286848615,True
544,Ridge,2027-06-29 14:35:00,178.0,194.21932647858722,True
544,Ridge,2027-06-29 14:40:00,177.0,188.23888313028226,True
544,Ridge,2027-06-29 14:45:00,177.0,184.69770298655422,True
544,Ridge,2027-06-29 14:50:00,178.0,179.54956350136928,True
544,Ridge,2027-06-29 14:55:00,177.0,176.0361191061182,True
544,Ridge,2027-06-29 15:00:00,183.0,175.08488724123816,True
544,Ridge,2027-06-29 15:05:00,185.0,173.0332858783528,True
544,Ridge,2027-06-29 15:10:00,186.0,173.3582090528616,True
544,Ridge,2027-06-29 15:15:00,184.0,174.6972221220377,True
544,Ridge,2027-06-29 15:20:00,182.0,177.24625347138908,True
544,Ridge,2027-06-29 15:25:00,181.0,174.10288991416988,True
544,Ridge,2027-06-29 15:30:00,179.0,190.12928474604882,True
544,Ridge,2027-06-29 15:35:00,174.0,186.4114806566238,True
544,Ridge,2027-06-29 15:40:00,170.0,186.74959092775214,True
544,Ridge,2027-06-29 15:45:00,167.0,180.4751153874055,True
544,Ridge,2027-06-29 15:50:00,163.0,178.51866435516845,True
544,Ridge,2027-06-29 15:55:00,160.0,178.61873592697987,True
544,Ridge,2027-06-29 16:00:00,158.0,175.0653986791602,True
544,Ridge,2027-06-29 16:05:00,151.0,165.91403954199717,True
544,Ridge,2027-06-29 16:10:00,146.0,163.1146586470768,True
544,Ridge,2027-06-29 16:15:00,140.0,161.1134933833012,True
544,Ridge,2027-06-29 16:20:00,132.0,155.73829160668674,True
544,Ridge,2027-06-29 16:25:00,130.0,154.33969321719044,True
544,Ridge,2027-06-29 16:30:00,124.0,154.0699667939269,True
544,Ridge,2027-06-29 16:35:00,118.0,139.12182315555614,True
544,Ridge,2027-06-29 16:40:00,114.0,138.19517340345337,True
544,Ridge,2027-06-29 16:45:00,108.0,130.53119395594047,True
544,Ridge,2027-06-29 16:50:00,102.0,136.09110316128837,True
544,Ridge,2027-06-29 16:55:00,98.0,140.77941883033017,True
544,Ridge,2027-06-29 17:00:00,95.0,127.24866481245664,True
544,Ridge,2027-06-29 17:05:00,93.0,116.71668694578239,True
544,Ridge,2027-06-29 17:10:00,94.0,111.34082879065099,True
544,Ridge,2027-06-29 17:15:00,94.0,99.75127371859818,True
544,Ridge,2027-06-29 17:20:00,100.0,90.56487939438158,True
544,Ridge,2027-06-29 17:25:00,105.0,87.6692169532776,True
544,Ridge,2027-06-29 17:30:00,116.0,85.65189125673515,True
544,Ridge,2027-06-29 17:35:00,128.0,85.87551354323428,True
544,Ridge,2027-06-29 17:40:00,141.0,91.78771154003077,True
544,Ridge,2027-06-29 17:45:00,150.0,91.4360583611339,True
544,Ridge,2027-06-29 17:50:00,158.0,108.53533943100061,True
544,Ridge,2027-06-29 17:55:00,163.0,113.0204198912023,True
544,Ridge,2027-06-29 18:00:00,164.0,133.26145151429074,True
544,Ridge,2027-06-29 18:05:00,174.0,146.99779220727336,True
544,Ridge,2027-06-29 18:10:00,183.0,162.28492886820058,True
544,Ridge,2027-06-29 18:15:00,187.0,166.16440340691224,True
544,Ridge,2027-06-29 18:20:00,189.0,173.14489594261713,True
544,Ridge,2027-06-29 18:25:00,191.0,173.85816274564348,True
544,Ridge,2027-06-29 18:30:00,192.0,169.23249102393814,True
544,Ridge,2027-06-29 18:35:00,198.0,190.91895639236108,True
544,Ridge,2027-06-29 18:40:00,199.0,197.44823796642933,True
544,Ridge,2027-06-29 18:45:00,192.0,194.76741412353923,True
544,Ridge,2027-06-29 18:50:00,186.0,193.5626898242042,True
544,Ridge,2027-06-29 18:55:00,187.0,194.6788595707643,True
544,Ridge,2027-06-29 19:00:00,191.0,193.87145750269372,True
544,Ridge,2027-06-29 19:05:00,184.0,206.13123993361694,True
544,Ridge,2027-06-29 19:10:00,176.0,199.66866274698876,True
544,Ridge,2027-06-29 19:15:00,173.0,181.73361009536765,True
544,Ridge,2027-06-29 19:20:00,173.0,176.14020202377836,True
544,Ridge,2027-06-29 19:25:00,172.0,185.32225706573118,True
544,Ridge,2027-06-29 19:30:00,172.0,193.02387523497444,True
544,Ridge,2027-06-29 19:35:00,171.0,171.69746157747412,True
544,Ridge,2027-06-29 19:40:00,169.0,162.71019279516509,True
544,Ridge,2027-06-29 19:45:00,167.0,165.36486418106048,True
544,Ridge,2027-06-29 19:50:00,168.0,169.09305097275342,True
544,Ridge,2027-06-29 19:55:00,167.0,167.18765429720466,True
544,Ridge,2027-06-29 20:00:00,169.0,169.52682721350246,True
544,Ridge,2027-06-29 20:05:00,165.0,167.83385761165883,True
544,Ridge,2027-06-29 20:10:00,159.0,164.54010459197585,True
544,Ridge,2027-06-29 20:15:00,156.0,162.4315301648778,True
544,Ridge,2027-06-29 20:20:00,152.0,167.95470413853678,True
544,Ridge,2027-06-29 20:25:00,148.0,164.74639768920966,True
544,Ridge,2027-06-29 20:30:00,147.0,171.27965479275116,True
544,Ridge,2027-06-29 20:35:00,145.0,158.70150636584424,True
544,Ridge,2027-06-29 20:40:00,141.0,150.38739320707248,True
544,Ridge,2027-06-29 20:45:00,141.0,160.79721275501953,True
544,Ridge,2027-06-29 20:50:00,145.0,152.2207031889161,True
544,Ridge,2027-06-29 20:55:00,151.0,148.7045680294536,True
544,Ridge,2027-06-29 21:00:00,159.0,148.58572056063684,True
544,Ridge,2027-06-29 21:05:00,169.0,142.93024761195824,True
544,Ridge,2027-06-29 21:10:00,180.0,134.6649982795663,True
544,Ridge,2027-06-29 21:15:00,196.0,138.21210385348508,True
544,Ridge,2027-06-29 21:20:00,195.0,146.8059590294715,True
544,Ridge,2027-06-29 21:25:00,192.0,155.55114998975745,True
544,Ridge,2027-06-29 21:30:00,198.0,166.95464892657685,True
544,Ridge,2027-06-29 21:35:00,209.0,179.73565928148372,True
544,Ridge,2027-06-29 21:40:00,218.0,192.4438732684031,True
544,Ridge,2027-06-29 21:45:00,218.0,216.57221285158764,True
544,Ridge,2027-06-29 21:50:00,214.0,192.66907015117752,True
544,Ridge,2027-06-29 21:55:00,211.0,187.9101892146823,True
544,Ridge,2027-06-29 22:00:00,208.0,204.72718746905062,True
544,Ridge,2027-06-29 22:05:00,204.0,221.6915916728147,True
544,Ridge,2027-06-29 22:10:00,200.0,227.93475852841624,True
544,Ridge,2027-06-29 22:15:00,197.0,215.8164373765638,True
544,Ridge,2027-06-29 22:20:00,194.0,206.20348532075602,True
544,Ridge,2027-06-29 22:25:00,187.0,203.44898397483877,True
544,Ridge,2027-06-29 22:30:00,181.0,199.60891128554908,True
544,Ridge,2027-06-29 22:35:00,175.0,193.78564452844182,True
544,Ridge,2027-06-29 22:40:00,171.0,189.48615515527823,True
544,Ridge,2027-06-29 22:45:00,166.0,187.37612438348927,True
544,Ridge,2027-06-29 22:50:00,162.0,183.5479475643199,True
544,Ridge,2027-06-29 22:55:00,158.0,171.2076444623933,True
544,Ridge,2027-06-29 23:00:00,155.0,167.142366202277,True
544,Ridge,2027-06-29 23:05:00,152.0,161.08019173886896,True
544,Ridge,2027-06-29 23:10:00,151.0,159.90147828780334,True
544,Ridge,2027-06-29 23:15:00,153.0,153.50210202833222,True
544,Ridge,2027-06-29 23:20:00,152.0,151.52709736107983,True
544,Ridge,2027-06-29 23:25:00,151.0,148.06574196272405,True
544,Ridge,2027-06-29 23:30:00,150.0,147.08678674207704,True
544,Ridge,2027-06-29 23:35:00,147.0,144.63982386064419,True
544,Ridge,2027-06-29 23:40:00,144.0,147.14875064842468,True
544,Ridge,2027-06-29 23:45:00,141.0,153.94835842558243,True
544,Ridge,2027-06-29 23:50:00,140.0,149.5823884914009,True
544,Ridge,2027-06-29 23:55:00,138.0,149.35951024722053,True
544,Ridge,2027-06-30 00:00:00,136.0,148.61846067781758,True
544,Ridge,2027-06-30 00:05:00,134.0,143.17674727438808,True
544,Ridge,2027-06-30 00:10:00,132.0,140.35171463458815,True
544,Ridge,2027-06-30 00:15:00,131.0,137.2636721229267,True
544,Ridge,2027-06-30 00:20:00,129.0,139.15469116124072,True
544,Ridge,2027-06-30 00:25:00,128.0,135.87298649118114,True
544,Ridge,2027-06-30 00:30:00,126.0,134.28686496326523,True
544,Ridge,2027-06-30 00:35:00,125.0,132.46815481721293,True
544,Ridge,2027-06-30 00:40:00,123.0,130.78698435687286,True
544,Ridge,2027-06-30 00:45:00,121.0,130.23073234568804,True
544,Ridge,2027-06-30 00:50:00,116.0,127.98715021485495,True
544,Ridge,2027-06-30 00:55:00,113.0,128.74410620542852,True
544,Ridge,2027-06-30 01:00:00,112.0,125.53245472574402,True
544,Ridge,2027-06-30 01:05:00,108.0,126.19227677355967,True
544,Ridge,2027-06-30 01:10:00,103.0,122.94727412741665,True
544,Ridge,2027-06-30 01:15:00,108.0,121.30332770764302,True
544,Ridge,2027-06-30 01:20:00,111.0,112.27784294661012,True
544,Ridge,2027-06-30 01:25:00,110.0,112.0982828901569,True
544,Ridge,2027-06-30 01:30:00,109.0,113.64809446775902,True
544,Ridge,2027-06-30 01:35:00,107.0,105.83347033296546,True
544,Ridge,2027-06-30 01:40:00,104.0,99.85468097924812,True
544,Ridge,2027-06-30 01:45:00,100.0,118.61373781693442,True
544,Ridge,2027-06-30 01:50:00,99.0,118.98011170719462,True
544,Ridge,2027-06-30 01:55:00,96.0,113.75656901898387,True
544,Ridge,2027-06-30 02:00:00,93.0,113.03841851530244,True
544,Ridge,2027-06-30 02:05:00,95.0,109.67780224234446,True
544,Ridge,2027-06-30 02:10:00,98.0,105.35507971820178,True
544,Ridge,2027-06-30 02:15:00,96.0,99.73371291956059,True
544,Ridge,2027-06-30 02:20:00,95.0,102.76793137787053,True
544,Ridge,2027-06-30 02:25:00,93.0,97.00647600341698,True
544,Ridge,2027-06-30 02:30:00,91.0,94.28750117835101,True
544,Ridge,2027-06-30 02:35:00,86.0,103.01144074728076,True
544,Ridge,2027-06-30 02:40:00,85.0,107.73491079123642,True
544,Ridge,2027-06-30 02:45:00,84.0,99.88706127200476,True
544,Ridge,2027-06-30 02:50:00,83.0,100.56291612608932,True
544,Ridge,2027-06-30 02:55:00,83.0,96.85594236328369,True
544,Ridge,2027-06-30 03:00:00,87.0,94.98553556131742,True
544,Ridge,2027-06-30 03:05:00,87.0,85.63821235032644,True
544,Ridge,2027-06-30 03:10:00,84.0,90.16779069715153,True
544,Ridge,2027-06-30 03:15:00,82.0,88.93459687053218,True
544,Ridge,2027-06-30 03:20:00,82.0,88.4185590205947,True
544,Ridge,2027-06-30 03:25:00,81.0,89.93225235356135,True
544,Ridge,2027-06-30 03:30:00,80.0,99.80001667296916,True
544,Ridge,2027-06-30 03:35:00,80.0,94.76434295271596,True
544,Ridge,2027-06-30 03:40:00,80.0,88.21146630225212,True
544,Ridge,2027-06-30 03:45:00,79.0,87.29698541304631,True
544,Ridge,2027-06-30 03:50:00,79.0,89.8464742133948,True
544,Ridge,2027-06-30 03:55:00,79.0,87.44301020816948,True
544,Ridge,2027-06-30 04:00:00,78.0,86.61602620286791,True
544,Ridge,2027-06-30 04:05:00,79.0,88.04257651475832,True
544,Ridge,2027-06-30 04:10:00,80.0,88.24373117476888,True
544,Ridge,2027-06-30 04:15:00,82.0,85.9721901176608,True
544,Ridge,2027-06-30 04:20:00,81.0,87.48306148034615,True
544,Ridge,2027-06-30 04:25:00,79.0,87.61424244338124,True
544,Ridge,2027-06-30 04:30:00,78.0,85.44959565811175,True
544,Ridge,2027-06-30 04:35:00,77.0,89.06783222591167,True
544,Ridge,2027-06-30 04:40:00,76.0,89.95810954070586,True
544,Ridge,2027-06-30 04:45:00,76.0,93.5804771062515,True
544,Ridge,2027-06-30 04:50:00,77.0,88.57085353715843,True
544,Ridge,2027-06-30 04:55:00,80.0,85.35925450625138,True
544,Ridge,2027-06-30 05:00:00,83.0,85.48408985884002,True
544,Ridge,2027-06-30 05:05:00,87.0,84.31919907320038,True
544,Ridge,2027-06-30 05:10:00,86.0,83.29773981364501,True
544,Ridge,2027-06-30 05:15:00,87.0,84.66347107747471,True
544,Ridge,2027-06-30 05:20:00,88.0,87.13903463997339,True
544,Ridge,2027-06-30 05:25:00,88.0,92.93275409230445,True
544,Ridge,2027-06-30 05:30:00,87.0,95.98539401596626,True
544,Ridge,2027-06-30 05:35:00,85.0,101.61908791252179,True
544,Ridge,2027-06-30 05:40:00,91.0,93.90089974949554,True
544,Ridge,2027-06-30 05:45:00,97.0,97.82932646344928,True
544,Ridge,2027-06-30 05:50:00,98.0,98.25809983440254,True
544,Ridge,2027-06-30 05:55:00,97.0,96.99929804678345,True
544,Ridge,2027-06-30 06:00:00,96.0,94.59095799846193,True
544,Ridge,2027-06-30 06:05:00,95.0,90.97746485869041,True
544,Ridge,2027-06-30 06:10:00,95.0,107.6136447827306,True
544,Ridge,2027-06-30 06:15:00,95.0,113.14433409699953,True
544,Ridge,2027-06-30 06:20:00,101.0,107.98176170252317,True
544,Ridge,2027-06-30 06:25:00,104.0,104.41962990119568,True
544,Ridge,2027-06-30 06:30:00,108.0,103.0362671897384,True
544,Ridge,2027-06-30 06:35:00,116.0,101.76283107189766,True
544,Ridge,2027-06-30 06:40:00,117.0,102.80456784598621,True
544,Ridge,2027-06-30 06:45:00,117.0,102.73686023930321,True
544,Ridge,2027-06-30 06:50:00,124.0,116.81011709645539,True
544,Ridge,2027-06-30 06:55:00,128.0,115.35401634545812,True
544,Ridge,2027-06-30 07:00:00,130.0,121.09265479846826,True
544,Ridge,2027-06-30 07:05:00,132.0,134.24908581235496,True
544,Ridge,2027-06-30 07:10:00,133.0,125.98431121118259,True
544,Ridge,2027-06-30 07:15:00,135.0,124.96216161741042,True
544,Ridge,2027-06-30 07:20:00,116.0,140.52977058294977,True
544,Ridge,2027-06-30 07:25:00,118.0,139.97829902880753,True
544,Ridge,2027-06-30 07:30:00,125.0,139.58089827813336,True
544,Ridge,2027-06-30 07:35:00,136.0,141.0442022394419,True
544,Ridge,2027-06-30 07:40:00,149.0,147.5513775516556,True
544,Ridge,2027-06-30 07:45:00,163.0,149.8857433799397,True
544,Ridge,2027-06-30 07:50:00,183.0,100.58224091582987,True
544,Ridge,2027-06-30 07:55:00,202.0,128.49587384946943,True
544,Ridge,2027-06-30 08:00:00,211.0,137.86820163152694,True
544,Ridge,2027-06-30 08:05:00,215.0,154.1609786228724,True
544,Ridge,2027-06-30 08:10:00,216.0,168.06409967113655,True
544,Ridge,2027-06-30 08:15:00,215.0,182.98961174592884,True
544,Ridge,2027-06-30 08:20:00,213.0,210.9841890765794,True
544,Ridge,2027-06-30 08:25:00,215.0,228.2271626453658,True
544,Ridge,2027-06-30 08:30:00,212.0,224.0357857614606,True
544,Ridge,2027-06-30 08:35:00,205.0,221.26639714428924,True
544,Ridge,2027-06-30 08:40:00,199.0,217.79846611675626,True
544,Ridge,2027-06-30 08:45:00,194.0,212.83889564712825,True
544,Ridge,2027-06-30 08:50:00,190.0,208.09139465047105,True
544,Ridge,2027-06-30 08:55:00,187.0,215.2414766800916,True
544,Ridge,2027-06-30 09:00:00,184.0,204.45938775166525,True
544,Ridge,2027-06-30 09:05:00,181.0,191.45783077518996,True
544,Ridge,2027-06-30 09:10:00,179.0,185.68413564177087,True
544,Ridge,2027-06-30 09:15:00,177.0,181.25435463936486,True
544,Ridge,2027-06-30 09:20:00,176.0,178.49832247747466,True
544,Ridge,2027-06-30 09:25:00,172.0,176.77375113672875,True
544,Ridge,2027-06-30 09:30:00,171.0,173.85064342091775,True
544,Ridge,2027-06-30 09:35:00,173.0,171.18429865747018,True
544,Ridge,2027-06-30 09:40:00,169.0,170.9132967840611,True
544,Ridge,2027-06-30 09:45:00,166.0,169.39592891689855,True
544,Ridge,2027-06-30 09:50:00,164.0,170.4711988375521,True
544,Ridge,2027-06-30 09:55:00,162.0,162.93110557493642,True
544,Ridge,2027-06-30 10:00:00,160.0,166.40195977681398,True
544,Ridge,2027-06-30 10:05:00,159.0,172.5416565930278,True
544,Ridge,2027-06-30 10:10:00,161.0,161.01402685829163,True
544,Ridge,2027-06-30 10:15:00,160.0,160.09306802646438,True
544,Ridge,2027-06-30 10:20:00,158.0,159.28929096525036,True
544,Ridge,2027-06-30 10:25:00,155.0,157.5775086171366,True
544,Ridge,2027-06-30 10:30:00,153.0,155.77212338167095,True
544,Ridge,2027-06-30 10:35:00,150.0,156.49718709710103,True
544,Ridge,2027-06-30 10:40:00,147.0,162.99801664144164,True
544,Ridge,2027-06-30 10:45:00,145.0,158.23725093674315,True
544,Ridge,2027-06-30 10:50:00,141.0,155.44936727121515,True
544,Ridge,2027-06-30 10:55:00,138.0,151.01472725294934,True
544,Ridge,2027-06-30 11:00:00,134.0,150.5711956648079,True
544,Ridge,2027-06-30 11:05:00,131.0,146.1123478320805,True
544,Ridge,2027-06-30 11:10:00,128.0,143.1059805967962,True
544,Ridge,2027-06-30 11:15:00,125.0,142.60395432840824,True
544,Ridge,2027-06-30 11:20:00,122.0,136.0183518457225,True
544,Ridge,2027-06-30 11:25:00,120.0,134.6241688585867,True
544,Ridge,2027-06-30 11:30:00,118.0,129.27333156627185,True
544,Ridge,2027-06-30 11:35:00,115.0,128.05059309010278,True
544,Ridge,2027-06-30 11:40:00,112.0,124.3620789358723,True
544,Ridge,2027-06-30 11:45:00,109.0,122.40934159629882,True
544,Ridge,2027-06-30 11:50:00,108.0,119.72589425050745,True
544,Ridge,2027-06-30 11:55:00,105.0,119.49464949154326,True
544,Ridge,2027-06-30 12:00:00,104.0,117.91924059081691,True
544,Ridge,2027-06-30 12:05:00,105.0,114.00759417695761,True
544,Ridge,2027-06-30 12:10:00,105.0,111.42855915657319,True
544,Ridge,2027-06-30 12:15:00,103.0,108.68058133052483,True
544,Ridge,2027-06-30 12:20:00,100.0,110.6703081736441,True
544,Ridge,2027-06-30 12:25:00,99.0,105.22936300751904,True
544,Ridge,2027-06-30 12:30:00,99.0,107.50511853307557,True
544,Ridge,2027-06-30 12:35:00,82.0,111.46050482571776,True
544,Ridge,2027-06-30 12:40:00,82.0,110.60451562054774,True
544,Ridge,2027-06-30 12:45:00,82.0,130.1003595218327,True
544,Ridge,2027-06-30 12:50:00,85.0,121.64261036756771,True
544,Ridge,2027-06-30 12:55:00,94.0,121.10022825709717,True
544,Ridge,2027-06-30 13:00:00,106.0,114.38205345941765,True
544,Ridge,2027-06-30 13:05:00,113.0,67.74013095751349,True
544,Ridge,2027-06-30 13:10:00,122.0,86.28060648911003,True
544,Ridge,2027-06-30 13:15:00,133.0,79.15379851687378,True
544,Ridge,2027-06-30 13:20:00,144.0,84.93522045027865,True
544,Ridge,2027-06-30 13:25:00,152.0,101.02258143451299,True
544,Ridge,2027-06-30 13:30:00,159.0,118.28476185492497,True
544,Ridge,2027-06-30 13:35:00,169.0,119.22202736742676,True
544,Ridge,2027-06-30 13:40:00,184.0,131.6367342811754,True
544,Ridge,2027-06-30 13:45:00,194.0,147.94001918728742,True
544,Ridge,2027-06-30 13:50:00,202.0,159.76909038477507,True
544,Ridge,2027-06-30 13:55:00,207.0,164.27322612823465,True
544,Ridge,2027-06-30 14:00:00,210.0,169.90075128851907,True
544,Ridge,2027-06-30 14:05:00,211.0,183.40219254646553,True
544,Ridge,2027-06-30 14:10:00,210.0,205.22294768454074,True
544,Ridge,2027-06-30 14:15:00,209.0,208.13284273806119,True
544,Ridge,2027-06-30 14:20:00,209.0,213.6573232242435,True
544,Ridge,2027-06-30 14:25:00,213.0,213.96880559443042,True
544,Ridge,2027-06-30 14:30:00,220.0,213.6320951593252,True
544,Ridge,2027-06-30 14:35:00,224.0,211.01034365768572,True
544,Ridge,2027-06-30 14:40:00,227.0,206.69235274441644,True
544,Ridge,2027-06-30 14:45:00,230.0,205.06822476687196,True
544,Ridge,2027-06-30 14:50:00,232.0,205.56541096386417,True
544,Ridge,2027-06-30 14:55:00,236.0,214.25815678247534,True
544,Ridge,2027-06-30 15:00:00,237.0,224.82888484395394,True
544,Ridge,2027-06-30 15:05:00,236.0,224.9174215220937,True
544,Ridge,2027-06-30 15:10:00,234.0,226.82477752948193,True
544,Ridge,2027-06-30 15:15:00,232.0,229.3531292302896,True
544,Ridge,2027-06-30 15:20:00,230.0,229.80401912295764,True
544,Ridge,2027-06-30 15:25:00,227.0,236.35533643627642,True
544,Ridge,2027-06-30 15:30:00,226.0,232.9645378707075,True
544,Ridge,2027-06-30 15:35:00,224.0,229.2548137303978,True
544,Ridge,2027-06-30 15:40:00,219.0,225.3976851049617,True
544,Ridge,2027-06-30 15:45:00,209.0,222.98550239313803,True
544,Ridge,2027-06-30 15:50:00,200.0,220.65554816711565,True
544,Ridge,2027-06-30 15:55:00,194.0,216.16331757321282,True
544,Ridge,2027-06-30 16:00:00,188.0,217.8277461798937,True
544,Ridge,2027-06-30 16:05:00,181.0,214.1824097427128,True
544,Ridge,2027-06-30 16:10:00,175.0,205.20995126810328,True
544,Ridge,2027-06-30 16:15:00,169.0,188.21372951797767,True
544,Ridge,2027-06-30 16:20:00,161.0,180.27489859634377,True
544,Ridge,2027-06-30 16:25:00,151.0,177.86636579723847,True
544,Ridge,2027-06-30 16:30:00,143.0,171.85633613801812,True
544,Ridge,2027-06-30 16:35:00,137.0,164.03299085961518,True
544,Ridge,2027-06-30 16:40:00,130.0,160.0000802991651,True
544,Ridge,2027-06-30 16:45:00,125.0,151.76208450234012,True
544,Ridge,2027-06-30 16:50:00,121.0,144.03044874910321,True
544,Ridge,2027-06-30 16:55:00,119.0,131.96414690156152,True
544,Ridge,2027-06-30 17:00:00,117.0,127.3907135658371,True
544,Ridge,2027-06-30 17:05:00,115.0,124.582808013478,True
544,Ridge,2027-06-30 17:10:00,115.0,116.94974088134444,True
544,Ridge,2027-06-30 17:15:00,114.0,115.68484436515558,True
544,Ridge,2027-06-30 17:20:00,112.0,114.0626288394692,True
544,Ridge,2027-06-30 17:25:00,111.0,116.02842687188908,True
544,Ridge,2027-06-30 17:30:00,110.0,114.99255478437755,True
544,Ridge,2027-06-30 17:35:00,109.0,114.13810404939383,True
544,Ridge,2027-06-30 17:40:00,109.0,117.7986147141058,True
544,Ridge,2027-06-30 17:45:00,108.0,116.06387680450786,True
544,Ridge,2027-06-30 17:50:00,106.0,113.36487122236377,True
544,Ridge,2027-06-30 17:55:00,103.0,114.11006928359949,True
544,Ridge,2027-06-30 18:00:00,101.0,113.48759062107032,True
544,Ridge,2027-06-30 18:05:00,99.0,112.86415427555644,True
544,Ridge,2027-06-30 18:10:00,97.0,114.46119069530704,True
544,Ridge,2027-06-30 18:15:00,95.0,112.41222714449083,True
544,Ridge,2027-06-30 18:20:00,93.0,109.34415621373302,True
544,Ridge,2027-06-30 18:25:00,90.0,105.0164173577599,True
544,Ridge,2027-06-30 18:30:00,89.0,104.34934307000756,True
544,Ridge,2027-06-30 18:35:00,88.0,102.30057778794776,True
544,Ridge,2027-06-30 18:40:00,88.0,100.49915410424882,True
544,Ridge,2027-06-30 18:45:00,89.0,98.5834514184769,True
544,Ridge,2027-06-30 18:50:00,88.0,96.73269517777845,True
544,Ridge,2027-06-30 18:55:00,88.0,92.52878789264675,True
544,Ridge,2027-06-30 19:00:00,88.0,94.44090196712216,True
544,Ridge,2027-06-30 19:05:00,93.0,93.56589814538412,True
544,Ridge,2027-06-30 19:10:00,93.0,95.38254060606681,True
544,Ridge,2027-06-30 19:15:00,94.0,97.98221299743574,True
544,Ridge,2027-06-30 19:20:00,95.0,94.60183915946007,True
544,Ridge,2027-06-30 19:25:00,98.0,95.87081581194776,True
544,Ridge,2027-06-30 19:30:00,104.0,108.91846221029088,True
544,Ridge,2027-06-30 19:35:00,109.0,119.06448552878801,True
544,Ridge,2027-06-30 19:40:00,114.0,110.52256470683402,True
544,Ridge,2027-06-30 19:45:00,117.0,109.20152932862784,True
544,Ridge,2027-06-30 19:50:00,119.0,106.44659480295503,True
544,Ridge,2027-06-30 19:55:00,125.0,109.56929970114848,True
544,Ridge,2027-06-30 20:00:00,134.0,116.60572860557679,True
544,Ridge,2027-06-30 20:05:00,142.0,118.62592557810275,True
544,Ridge,2027-06-30 20:10:00,149.0,123.08675371474948,True
544,Ridge,2027-06-30 20:15:00,155.0,123.3016198984596,True
544,Ridge,2027-06-30 20:20:00,160.0,123.72613638205006,True
544,Ridge,2027-06-30 20:25:00,164.0,134.98510627943116,True
544,Ridge,2027-06-30 20:30:00,168.0,149.12087110272236,True
544,Ridge,2027-06-30 20:35:00,171.0,156.0506297493773,True
544,Ridge,2027-06-30 20:40:00,174.0,161.6825008216974,True
544,Ridge,2027-06-30 20:45:00,179.0,166.1830036080955,True
544,Ridge,2027-06-30 20:50:00,182.0,169.64461051258837,True
544,Ridge,2027-06-30 20:55:00,184.0,172.11566742450492,True
544,Ridge,2027-06-30 21:00:00,187.0,175.8653665801249,True
544,Ridge,2027-06-30 21:05:00,188.0,177.04918505799037,True
544,Ridge,2027-06-30 21:10:00,189.0,179.60124275124616,True
544,Ridge,2027-06-30 21:15:00,189.0,186.67142422243887,True
544,Ridge,2027-06-30 21:20:00,190.0,186.50657153620674,True
544,Ridge,2027-06-30 21:25:00,190.0,187.14769405795352,True
544,Ridge,2027-06-30 21:30:00,191.0,191.08365428406537,True
544,Ridge,2027-06-30 21:35:00,197.0,188.91611589898568,True
544,Ridge,2027-06-30 21:40:00,194.0,189.71464981944516,True
544,Ridge,2027-06-30 21:45:00,193.0,197.3783360131855,True
544,Ridge,2027-06-30 21:50:00,195.0,198.4162355567359,True
544,Ridge,2027-06-30 21:55:00,198.0,195.3553929329129,True
544,Ridge,2027-06-30 22:00:00,203.0,194.25948484270128,True
544,Ridge,2027-06-30 22:05:00,209.0,204.0574144417569,True
544,Ridge,2027-06-30 22:10:00,211.0,186.66961884936322,True
544,Ridge,2027-06-30 22:15:00,211.0,186.65308593499253,True
544,Ridge,2027-06-30 22:20:00,218.0,190.55554641228989,True
544,Ridge,2027-06-30 22:25:00,226.0,194.35846304331665,True
544,Ridge,2027-06-30 22:30:00,229.0,202.28243031105185,True
544,Ridge,2027-06-30 22:35:00,232.0,209.47212154820042,True
544,Ridge,2027-06-30 22:40:00,233.0,206.30389887189986,True
544,Ridge,2027-06-30 22:45:00,232.0,204.81464456282833,True
544,Ridge,2027-06-30 22:50:00,229.0,221.20061086035838,True
544,Ridge,2027-06-30 22:55:00,222.0,230.30696616489539,True
544,Ridge,2027-06-30 23:00:00,220.0,227.16948714981515,True
544,Ridge,2027-06-30 23:05:00,220.0,230.3233958298716,True
544,Ridge,2027-06-30 23:10:00,219.0,227.8822382352486,True
544,Ridge,2027-06-30 23:15:00,220.0,224.21820513609543,True
544,Ridge,2027-06-30 23:20:00,220.0,218.28796546626793,True
544,Ridge,2027-06-30 23:25:00,220.0,205.37410520629993,True
544,Ridge,2027-06-30 23:30:00,218.0,208.2509404689728,True
544,Ridge,2027-06-30 23:35:00,214.0,211.4196850546046,True
544,Ridge,2027-06-30 23:40:00,210.0,209.22385525101674,True
544,Ridge,2027-06-30 23:45:00,204.0,213.4647064256294,True
544,Ridge,2027-06-30 23:50:00,197.0,212.72828087888084,True
544,Ridge,2027-06-30 23:55:00,193.0,213.19143764109253,True
544,Ridge,2027-07-01 00:00:00,189.0,208.4472669928425,True
544,Ridge,2027-07-01 00:05:00,185.0,201.91983958673273,True
544,Ridge,2027-07-01 00:10:00,181.0,197.75448750340067,True
544,Ridge,2027-07-01 00:15:00,178.0,188.67699404325114,True
544,Ridge,2027-07-01 00:20:00,175.0,180.11810549884655,True
544,Ridge,2027-07-01 00:25:00,174.0,180.023256410435,True
544,Ridge,2027-07-01 00:30:00,174.0,176.2350904236369,True
544,Ridge,2027-07-01 00:35:00,172.0,172.8139673829518,True
544,Ridge,2027-07-01 00:40:00,168.0,169.24393955511786,True
544,Ridge,2027-07-01 00:45:00,166.0,168.20537035624355,True
544,Ridge,2027-07-01 00:50:00,164.0,165.64731917093275,True
544,Ridge,2027-07-01 00:55:00,162.0,167.9831022786646,True
544,Ridge,2027-07-01 01:00:00,160.0,169.8667631449348,True
544,Ridge,2027-07-01 01:05:00,158.0,165.8401254066185,True
544,Ridge,2027-07-01 01:10:00,157.0,159.65232755286166,True
544,Ridge,2027-07-01 01:15:00,156.0,160.52718767042296,True
544,Ridge,2027-07-01 01:20:00,155.0,158.6120663530885,True
544,Ridge,2027-07-01 01:25:00,154.0,157.10562880697407,True
544,Ridge,2027-07-01 01:30:00,151.0,155.39427453065653,True
544,Ridge,2027-07-01 01:35:00,149.0,153.7173775193392,True
544,Ridge,2027-07-01 01:40:00,147.0,154.33272209010227,True
544,Ridge,2027-07-01 01:45:00,145.0,152.45012463762453,True
544,Ridge,2027-07-01 01:50:00,143.0,152.85205068222172,True
544,Ridge,2027-07-01 01:55:00,141.0,152.2429363644723,True
544,Ridge,2027-07-01 02:00:00,140.0,146.76981302156202,True
544,Ridge,2027-07-01 02:05:00,139.0,146.24815740580667,True
544,Ridge,2027-07-01 02:10:00,138.0,144.186103404077,True
544,Ridge,2027-07-01 02:15:00,137.0,142.50766601777124,True
544,Ridge,2027-07-01 02:20:00,136.0,140.66695723963755,True
544,Ridge,2027-07-01 02:25:00,135.0,138.8712200023937,True
544,Ridge,2027-07-01 02:30:00,136.0,139.4277444475365,True
544,Ridge,2027-07-01 02:35:00,135.0,138.63307894285467,True
544,Ridge,2027-07-01 02:40:00,135.0,137.9971836286281,True
544,Ridge,2027-07-01 02:45:00,134.0,137.22994516566885,True
544,Ridge,2027-07-01 02:50:00,133.0,136.45319339529482,True
544,Ridge,2027-07-01 02:55:00,131.0,135.5986135408629,True
544,Ridge,2027-07-01 03:00:00,129.0,139.47032131313145,True
544,Ridge,2027-07-01 03:05:00,126.0,135.93753092976945,True
544,Ridge,2027-07-01 03:10:00,124.0,137.67581534693207,True
544,Ridge,2027-07-01 03:15:00,122.0,135.2554429731711,True
544,Ridge,2027-07-01 03:20:00,121.0,134.43504073071583,True
544,Ridge,2027-07-01 03:25:00,121.0,130.99817081977528,True
544,Ridge,2027-07-01 03:30:00,120.0,129.05345677511104,True
544,Ridge,2027-07-01 03:35:00,120.0,124.57695967741171,True
544,Ridge,2027-07-01 03:40:00,119.0,123.93533488078646,True
544,Ridge,2027-07-01 03:45:00,118.0,121.86372006840084,True
544,Ridge,2027-07-01 03:50:00,118.0,122.42651106583446,True
544,Ridge,2027-07-01 03:55:00,118.0,123.99820992721877,True
544,Ridge,2027-07-01 04:00:00,117.0,121.99230785207989,True
544,Ridge,2027-07-01 04:05:00,116.0,123.66343770059959,True
544,Ridge,2027-07-01 04:10:00,115.0,121.45429256056471,True
544,Ridge,2027-07-01 04:15:00,114.0,120.7017154262945,True
544,Ridge,2027-07-01 04:20:00,113.0,122.111141764333,True
544,Ridge,2027-07-01 04:25:00,114.0,122.22086083493215,True
544,Ridge,2027-07-01 04:30:00,114.0,120.04196641489511,True
544,Ridge,2027-07-01 04:35:00,113.0,119.13219738881796,True
544,Ridge,2027-07-01 04:40:00,111.0,118.14990984859298,True
544,Ridge,2027-07-01 04:45:00,110.0,117.18597481016158,True
544,Ridge,2027-07-01 04:50:00,109.0,116.25948301834634,True
544,Ridge,2027-07-01 04:55:00,109.0,120.10711664829763,True
544,Ridge,2027-07-01 05:00:00,110.0,118.81060853123076,True
544,Ridge,2027-07-01 05:05:00,110.0,116.75316777884035,True
544,Ridge,2027-07-01 05:10:00,109.0,113.34375600254462,True
544,Ridge,2027-07-01 05:15:00,109.0,113.69146749835988,True
544,Ridge,2027-07-01 05:20:00,108.0,112.61495073171402,True
544,Ridge,2027-07-01 05:25:00,107.0,114.0876695282674,True
544,Ridge,2027-07-01 05:30:00,107.0,116.53646441629868,True
544,Ridge,2027-07-01 05:35:00,107.0,115.40206993189597,True
544,Ridge,2027-07-01 05:40:00,107.0,113.24454353597488,True
544,Ridge,2027-07-01 05:45:00,108.0,114.62771781695889,True
544,Ridge,2027-07-01 05:50:00,108.0,112.2534651442153,True
544,Ridge,2027-07-01 05:55:00,108.0,111.41020430640708,True
544,Ridge,2027-07-01 06:00:00,108.0,112.67180328908901,True
544,Ridge,2027-07-01 06:05:00,107.0,112.6776861579684,True
544,Ridge,2027-07-01 06:10:00,105.0,112.78799706723547,True
544,Ridge,2027-07-01 06:15:00,103.0,115.25878004417376,True
544,Ridge,2027-07-01 06:20:00,105.0,113.97803373105972,True
544,Ridge,2027-07-01 06:25:00,106.0,114.17946557532044,True
544,Ridge,2027-07-01 06:30:00,106.0,114.1521493853597,True
544,Ridge,2027-07-01 06:35:00,108.0,111.77393060930414,True
544,Ridge,2027-07-01 06:40:00,114.0,108.3537462159865,True
544,Ridge,2027-07-01 06:45:00,118.0,106.21950636765827,True
544,Ridge,2027-07-01 06:50:00,120.0,113.54729741862303,True
544,Ridge,2027-07-01 06:55:00,123.0,113.15879089555254,True
544,Ridge,2027-07-01 07:00:00,125.0,112.27276946879778,True
544,Ridge,2027-07-01 07:05:00,128.0,117.01997561438026,True
544,Ridge,2027-07-01 07:10:00,130.0,128.33458291436799,True
544,Ridge,2027-07-01 07:15:00,132.0,129.69912933893593,True
544,Ridge,2027-07-01 07:20:00,137.0,129.3312266201756,True
544,Ridge,2027-07-01 07:25:00,147.0,141.6208739460222,True
544,Ridge,2027-07-01 07:30:00,158.0,140.59894764957744,True
544,Ridge,2027-07-01 07:35:00,165.0,144.05044031307256,True
544,Ridge,2027-07-01 07:40:00,173.0,141.648936070957,True
544,Ridge,2027-07-01 07:45:00,180.0,141.4894178496914,True
544,Ridge,2027-07-01 07:50:00,185.0,148.5983240118512,True
544,Ridge,2027-07-01 07:55:00,190.0,162.97116047582966,True
544,Ridge,2027-07-01 08:00:00,193.0,174.0513150966594,True
544,Ridge,2027-07-01 08:05:00,193.0,175.33772863358075,True
544,Ridge,2027-07-01 08:10:00,192.0,184.78624926652788,True
544,Ridge,2027-07-01 08:15:00,190.0,189.62419812762815,True
544,Ridge,2027-07-01 08:20:00,190.0,191.67733637009164,True
544,Ridge,2027-07-01 08:25:00,187.0,197.13669089431727,True
544,Ridge,2027-07-01 08:30:00,185.0,196.91893034394894,True
544,Ridge,2027-07-01 08:35:00,183.0,192.49816292248704,True
544,Ridge,2027-07-01 08:40:00,180.0,189.49349623104874,True
544,Ridge,2027-07-01 08:45:00,177.0,185.47675607348128,True
544,Ridge,2027-07-01 08:50:00,173.0,187.84545624602376,True
544,Ridge,2027-07-01 08:55:00,169.0,180.27235848059948,True
544,Ridge,2027-07-01 09:00:00,167.0,179.44899122415262,True
544,Ridge,2027-07-01 09:05:00,165.0,176.83813250569227,True
544,Ridge,2027-07-01 09:10:00,164.0,172.454199970329,True
544,Ridge,2027-07-01 09:15:00,163.0,169.35712198743542,True
544,Ridge,2027-07-01 09:20:00,163.0,163.93346881095917,True
544,Ridge,2027-07-01 09:25:00,166.0,160.05195795826376,True
544,Ridge,2027-07-01 09:30:00,162.0,160.76274574042242,True
544,Ridge,2027-07-01 09:35:00,159.0,158.9272711018452,True
544,Ridge,2027-07-01 09:40:00,155.0,159.82748758067186,True
544,Ridge,2027-07-01 09:45:00,153.0,159.29087478069258,True
544,Ridge,2027-07-01 09:50:00,152.0,161.26628627064053,True
544,Ridge,2027-07-01 09:55:00,153.0,168.70390672529064,True
544,Ridge,2027-07-01 10:00:00,150.0,155.62678827933814,True
544,Ridge,2027-07-01 10:05:00,148.0,154.61200623022236,True
544,Ridge,2027-07-01 10:10:00,146.0,148.72444718190212,True
544,Ridge,2027-07-01 10:15:00,142.0,149.59049680653501,True
544,Ridge,2027-07-01 10:20:00,139.0,149.84273492656155,True
544,Ridge,2027-07-01 10:25:00,137.0,154.06411724125968,True
544,Ridge,2027-07-01 10:30:00,134.0,146.0561664385087,True
544,Ridge,2027-07-01 10:35:00,132.0,145.90786090306176,True
544,Ridge,2027-07-01 10:40:00,130.0,143.7728415855365,True
544,Ridge,2027-07-01 10:45:00,130.0,137.26679721100516,True
544,Ridge,2027-07-01 10:50:00,128.0,135.83878852839305,True
544,Ridge,2027-07-01 10:55:00,126.0,135.21332597361334,True
544,Ridge,2027-07-01 11:00:00,124.0,130.89878199720368,True
544,Ridge,2027-07-01 11:05:00,124.0,130.58627937303,True
544,Ridge,2027-07-01 11:10:00,121.0,128.80242987349402,True
544,Ridge,2027-07-01 11:15:00,119.0,132.05445368754243,True
544,Ridge,2027-07-01 11:20:00,120.0,127.67053912627333,True
544,Ridge,2027-07-01 11:25:00,123.0,125.28410221932347,True
544,Ridge,2027-07-01 11:30:00,122.0,124.09307748341342,True
544,Ridge,2027-07-01 11:35:00,124.0,127.13792777831222,True
544,Ridge,2027-07-01 11:40:00,127.0,120.21901606777271,True
544,Ridge,2027-07-01 11:45:00,132.0,120.00871292309851,True
544,Ridge,2027-07-01 11:50:00,137.0,125.17383203159403,True
544,Ridge,2027-07-01 11:55:00,137.0,131.23121767643383,True
544,Ridge,2027-07-01 12:00:00,141.0,125.22227427372036,True
544,Ridge,2027-07-01 12:05:00,150.0,150.76252253194002,True
544,Ridge,2027-07-01 12:10:00,160.0,152.85211038204392,True
544,Ridge,2027-07-01 12:15:00,164.0,158.18014089618413,True
544,Ridge,2027-07-01 12:20:00,169.0,156.4916491145721,True
544,Ridge,2027-07-01 12:25:00,173.0,144.70542644199168,True
544,Ridge,2027-07-01 12:30:00,170.0,150.1466096062319,True
544,Ridge,2027-07-01 12:35:00,175.0,160.6788748412929,True
544,Ridge,2027-07-01 12:40:00,181.0,169.42004154639403,True
544,Ridge,2027-07-01 12:45:00,178.0,164.3246536385229,True
544,Ridge,2027-07-01 12:50:00,176.0,171.06952850605296,True
544,Ridge,2027-07-01 12:55:00,184.0,172.84959282169726,True
544,Ridge,2027-07-01 13:00:00,185.0,160.25815291360792,True
544,Ridge,2027-07-01 13:05:00,186.0,178.26620913575078,True
544,Ridge,2027-07-01 13:10:00,194.0,185.00501386510842,True
544,Ridge,2027-07-01 13:15:00,200.0,170.505345925228,True
544,Ridge,2027-07-01 13:20:00,206.0,169.9511063743869,True
544,Ridge,2027-07-01 13:25:00,208.0,190.6614909223491,True
544,Ridge,2027-07-01 13:30:00,208.0,182.30414462816194,True
544,Ridge,2027-07-01 13:35:00,208.0,184.4072257844155,True
544,Ridge,2027-07-01 13:40:00,204.0,201.3647263234011,True
544,Ridge,2027-07-01 13:45:00,199.0,204.44381892914583,True
544,Ridge,2027-07-01 13:50:00,195.0,211.01954151806876,True
544,Ridge,2027-07-01 13:55:00,190.0,207.30902860742455,True
544,Ridge,2027-07-01 14:00:00,184.0,204.7680785414678,True
544,Ridge,2027-07-01 14:05:00,179.0,204.73621262661277,True
544,Ridge,2027-07-01 14:10:00,173.0,194.84164410454662,True
544,Ridge,2027-07-01 14:15:00,167.0,187.9540001887782,True
544,Ridge,2027-07-01 14:20:00,162.0,184.7401288179399,True
544,Ridge,2027-07-01 14:25:00,156.0,178.0940153446807,True
544,Ridge,2027-07-01 14:30:00,152.0,170.2861135503137,True
544,Ridge,2027-07-01 14:35:00,147.0,166.66341405050235,True
544,Ridge,2027-07-01 14:40:00,142.0,159.54032055827778,True
544,Ridge,2027-07-01 14:45:00,137.0,153.76404411513067,True
544,Ridge,2027-07-01 14:50:00,132.0,150.34449121657212,True
544,Ridge,2027-07-01 14:55:00,126.0,143.3057804183951,True
544,Ridge,2027-07-01 15:00:00,124.0,142.6343049964347,True
544,Ridge,2027-07-01 15:05:00,119.0,136.72247429406224,True
544,Ridge,2027-07-01 15:10:00,116.0,132.43234365883112,True
544,Ridge,2027-07-01 15:15:00,117.0,127.97231909106321,True
544,Ridge,2027-07-01 15:20:00,117.0,123.63109186873778,True
544,Ridge,2027-07-01 15:25:00,115.0,116.78634216461134,True
544,Ridge,2027-07-01 15:30:00,113.0,120.8697535260822,True
544,Ridge,2027-07-01 15:35:00,111.0,112.28806342387384,True
544,Ridge,2027-07-01 15:40:00,109.0,113.01132196161123,True
544,Ridge,2027-07-01 15:45:00,108.0,119.90907001177624,True
544,Ridge,2027-07-01 15:50:00,107.0,119.43016185892452,True
544,Ridge,2027-07-01 15:55:00,104.0,115.68778069454817,True
544,Ridge,2027-07-01 16:00:00,103.0,114.310745801141,True
544,Ridge,2027-07-01 16:05:00,99.0,110.27409113050234,True
544,Ridge,2027-07-01 16:10:00,97.0,110.47450324300593,True
544,Ridge,2027-07-01 16:15:00,93.0,111.12351804077261,True
544,Ridge,2027-07-01 16:20:00,91.0,110.53163156821752,True
544,Ridge,2027-07-01 16:25:00,90.0,105.22810418410057,True
544,Ridge,2027-07-01 16:30:00,93.0,107.32047938706896,True
544,Ridge,2027-07-01 16:35:00,88.0,99.16967428303963,True
544,Ridge,2027-07-01 16:40:00,88.0,100.41320534275692,True
544,Ridge,2027-07-01 16:45:00,90.0,93.63222792027346,True
544,Ridge,2027-07-01 16:50:00,90.0,107.13426795379438,True
544,Ridge,2027-07-01 16:55:00,91.0,106.04131235576494,True
544,Ridge,2027-07-01 17:00:00,95.0,113.22230613578678,True
544,Ridge,2027-07-01 17:05:00,95.0,93.23627272072318,True
544,Ridge,2027-07-01 17:10:00,95.0,97.43407606274262,True
544,Ridge,2027-07-01 17:15:00,97.0,99.00478507450575,True
544,Ridge,2027-07-01 17:20:00,100.0,93.84514403537005,True
544,Ridge,2027-07-01 17:25:00,101.0,94.91522543510794,True
544,Ridge,2027-07-01 17:30:00,102.0,102.28600065577854,True
544,Ridge,2027-07-01 17:35:00,101.0,97.16377489845317,True
544,Ridge,2027-07-01 17:40:00,102.0,97.50006451777789,True
544,Ridge,2027-07-01 17:45:00,104.0,102.07140066188268,True
544,Ridge,2027-07-01 17:50:00,108.0,108.05821879753928,True
544,Ridge,2027-07-01 17:55:00,107.0,106.85445750854248,True
544,Ridge,2027-07-01 18:00:00,110.0,108.21993756052805,True
544,Ridge,2027-07-01 18:05:00,119.0,104.41299385805752,True
544,Ridge,2027-07-01 18:10:00,127.0,108.53588643414375,True
544,Ridge,2027-07-01 18:15:00,135.0,111.82524733942071,True
544,Ridge,2027-07-01 18:20:00,137.0,118.69270484201802,True
544,Ridge,2027-07-01 18:25:00,143.0,111.13042444476883,True
544,Ridge,2027-07-01 18:30:00,149.0,119.92899172126869,True
544,Ridge,2027-07-01 18:35:00,152.0,136.40962187780707,True
544,Ridge,2027-07-01 18:40:00,158.0,143.22334348257027,True
544,Ridge,2027-07-01 18:45:00,165.0,151.75767074247867,True
544,Ridge,2027-07-01 18:50:00,165.0,145.54411617420473,True
544,Ridge,2027-07-01 18:55:00,163.0,157.00146244026857,True
544,Ridge,2027-07-01 19:00:00,165.0,162.17934552013094,True
544,Ridge,2027-07-01 19:05:00,171.0,161.14096265916146,True
544,Ridge,2027-07-01 19:10:00,172.0,171.0229846329041,True
544,Ridge,2027-07-01 19:15:00,172.0,178.64868664468923,True
544,Ridge,2027-07-01 19:20:00,173.0,168.89954706991088,True
544,Ridge,2027-07-01 19:25:00,172.0,163.82110836454754,True
544,Ridge,2027-07-01 19:30:00,171.0,170.54838746096908,True
544,Ridge,2027-07-01 19:35:00,176.0,181.4842765123533,True
544,Ridge,2027-07-01 19:40:00,181.0,175.39052678691036,True
544,Ridge,2027-07-01 19:45:00,180.0,174.00648965246094,True
544,Ridge,2027-07-01 19:50:00,180.0,175.5872564963474,True
544,Ridge,2027-07-01 19:55:00,179.0,171.6268312139398,True
544,Ridge,2027-07-01 20:00:00,176.0,170.47622157179254,True
544,Ridge,2027-07-01 20:05:00,176.0,183.19363610271603,True
544,Ridge,2027-07-01 20:10:00,176.0,187.99742669267278,True
544,Ridge,2027-07-01 20:15:00,179.0,179.08036085426406,True
544,Ridge,2027-07-01 20:20:00,182.0,180.18918262230505,True
544,Ridge,2027-07-01 20:25:00,182.0,177.29121352432588,True
544,Ridge,2027-07-01 20:30:00,180.0,171.75769685238112,True
544,Ridge,2027-07-01 20:35:00,178.0,175.5932266907873,True
544,Ridge,2027-07-01 20:40:00,176.0,175.10811242435256,True
544,Ridge,2027-07-01 20:45:00,174.0,182.363755977824,True
544,Ridge,2027-07-01 20:50:00,172.0,183.6882316992951,True
544,Ridge,2027-07-01 20:55:00,169.0,181.11729049876988,True
544,Ridge,2027-07-01 21:00:00,167.0,176.63880807560585,True
544,Ridge,2027-07-01 21:05:00,165.0,174.69154363465384,True
544,Ridge,2027-07-01 21:10:00,164.0,172.39876599269675,True
544,Ridge,2027-07-01 21:15:00,164.0,170.07477183318258,True
544,Ridge,2027-07-01 21:20:00,165.0,168.05154443385064,True
544,Ridge,2027-07-01 21:25:00,171.0,163.60543682651755,True
544,Ridge,2027-07-01 21:30:00,180.0,173.42185997102266,True
544,Ridge,2027-07-01 21:35:00,185.0,170.22604634956298,True
544,Ridge,2027-07-01 21:40:00,186.0,169.3714314546786,True
544,Ridge,2027-07-01 21:45:00,193.0,167.37575167602176,True
544,Ridge,2027-07-01 21:50:00,210.0,167.160733809474,True
544,Ridge,2027-07-01 21:55:00,217.0,177.83798952362136,True
544,Ridge,2027-07-01 22:00:00,212.0,188.38165335566697,True
544,Ridge,2027-07-01 22:05:00,214.0,187.06787525626692,True
544,Ridge,2027-07-01 22:10:00,217.0,182.47190639572136,True
544,Ridge,2027-07-01 22:15:00,222.0,197.58766191448524,True
544,Ridge,2027-07-01 22:20:00,228.0,227.43649106122518,True
544,Ridge,2027-07-01 22:25:00,232.0,220.95559547435494,True
544,Ridge,2027-07-01 22:30:00,233.0,201.7836085201526,True
544,Ridge,2027-07-01 22:35:00,230.0,212.72883191461216,True
544,Ridge,2027-07-01 22:40:00,226.0,215.8246353414171,True
544,Ridge,2027-07-01 22:45:00,215.0,223.82762958958546,True
544,Ridge,2027-07-01 22:50:00,210.0,230.85349671986432,True
544,Ridge,2027-07-01 22:55:00,205.0,232.25161301385165,True
544,Ridge,2027-07-01 23:00:00,199.0,228.969144521685,True
544,Ridge,2027-07-01 23:05:00,193.0,219.8590411454644,True
544,Ridge,2027-07-01 23:10:00,187.0,214.13899165072792,True
544,Ridge,2027-07-01 23:15:00,181.0,193.10997815491507,True
544,Ridge,2027-07-01 23:20:00,176.0,195.84973392344503,True
544,Ridge,2027-07-01 23:25:00,170.0,189.17496126808717,True
544,Ridge,2027-07-01 23:30:00,166.0,181.8623226403317,True
544,Ridge,2027-07-01 23:35:00,167.0,176.21235059581923,True
544,Ridge,2027-07-01 23:40:00,167.0,170.57716346355437,True
544,Ridge,2027-07-01 23:45:00,159.0,165.01688393256708,True
544,Ridge,2027-07-01 23:50:00,154.0,161.81767234122808,True
544,Ridge,2027-07-01 23:55:00,150.0,154.96361487281814,True
544,Ridge,2027-07-02 00:00:00,147.0,154.33676837578392,True
544,Ridge,2027-07-02 00:05:00,144.0,162.67769688768743,True
544,Ridge,2027-07-02 00:10:00,141.0,162.14124158268046,True
544,Ridge,2027-07-02 00:15:00,138.0,144.29531574107762,True
544,Ridge,2027-07-02 00:20:00,135.0,144.25395889600276,True
544,Ridge,2027-07-02 00:25:00,132.0,141.3036827031106,True
544,Ridge,2027-07-02 00:30:00,129.0,140.15364742732663,True
544,Ridge,2027-07-02 00:35:00,127.0,137.60846333745255,True
544,Ridge,2027-07-02 00:40:00,124.0,135.3566612084319,True
544,Ridge,2027-07-02 00:45:00,122.0,132.87157156033095,True
544,Ridge,2027-07-02 00:50:00,120.0,130.24615873717465,True
544,Ridge,2027-07-02 00:55:00,117.0,127.66691457099593,True
544,Ridge,2027-07-02 01:00:00,115.0,125.2542014490557,True
544,Ridge,2027-07-02 01:05:00,114.0,125.17435345140672,True
544,Ridge,2027-07-02 01:10:00,113.0,121.00279262523114,True
544,Ridge,2027-07-02 01:15:00,111.0,120.62705267509588,True
544,Ridge,2027-07-02 01:20:00,109.0,119.02607872539615,True
544,Ridge,2027-07-02 01:25:00,107.0,115.13405152240107,True
544,Ridge,2027-07-02 01:30:00,105.0,113.59295394064661,True
544,Ridge,2027-07-02 01:35:00,103.0,115.27615139841241,True
544,Ridge,2027-07-02 01:40:00,101.0,114.69876517935654,True
544,Ridge,2027-07-02 01:45:00,99.0,111.79001879427722,True
544,Ridge,2027-07-02 01:50:00,98.0,110.16547029706466,True
544,Ridge,2027-07-02 01:55:00,97.0,108.35355387993454,True
544,Ridge,2027-07-02 02:00:00,96.0,106.57882383191236,True
544,Ridge,2027-07-02 02:05:00,94.0,104.79543751606153,True
544,Ridge,2027-07-02 02:10:00,91.0,102.99401748617942,True
544,Ridge,2027-07-02 02:15:00,90.0,101.2128226398628,True
544,Ridge,2027-07-02 02:20:00,89.0,101.75531658324786,True
544,Ridge,2027-07-02 02:25:00,88.0,100.94643743600327,True
544,Ridge,2027-07-02 02:30:00,87.0,100.30601922030714,True
544,Ridge,2027-07-02 02:35:00,87.0,97.19533178056885,True
544,Ridge,2027-07-02 02:40:00,86.0,92.98646575291966,True
544,Ridge,2027-07-02 02:45:00,85.0,94.74405825241828,True
544,Ridge,2027-07-02 02:50:00,85.0,93.77274434087948,True
544,Ridge,2027-07-02 02:55:00,85.0,93.12298152354593,True
544,Ridge,2027-07-02 03:00:00,85.0,92.34575455146094,True
544,Ridge,2027-07-02 03:05:00,84.0,93.96318679572036,True
544,Ridge,2027-07-02 03:10:00,84.0,91.75651928847134,True
544,Ridge,2027-07-02 03:15:00,83.0,91.02709983205125,True
544,Ridge,2027-07-02 03:20:00,83.0,92.51966014987467,True
544,Ridge,2027-07-02 03:25:00,83.0,92.65861994712263,True
544,Ridge,2027-07-02 03:30:00,83.0,92.8416086722545,True
544,Ridge,2027-07-02 03:35:00,83.0,90.55198182491685,True
544,Ridge,2027-07-02 03:40:00,81.0,92.04234720763846,True
544,Ridge,2027-07-02 03:45:00,81.0,89.6782894418755,True
544,Ridge,2027-07-02 03:50:00,80.0,91.17501784346003,True
544,Ridge,2027-07-02 03:55:00,79.0,91.13178404641135,True
544,Ridge,2027-07-02 04:00:00,79.0,91.31059101679979,True
544,Ridge,2027-07-02 04:05:00,79.0,91.37628272594308,True
544,Ridge,2027-07-02 04:10:00,78.0,86.6265090745967,True
544,Ridge,2027-07-02 04:15:00,79.0,89.41983758867346,True
544,Ridge,2027-07-02 04:20:00,79.0,86.8794771478963,True
544,Ridge,2027-07-02 04:25:00,79.0,86.06506123621412,True
544,Ridge,2027-07-02 04:30:00,79.0,87.36208735777394,True
544,Ridge,2027-07-02 04:35:00,79.0,87.42768654937191,True
544,Ridge,2027-07-02 04:40:00,79.0,85.21543098138982,True
544,Ridge,2027-07-02 04:45:00,79.0,89.02299601801151,True
544,Ridge,2027-07-02 04:50:00,78.0,87.68770047236265,True
544,Ridge,2027-07-02 04:55:00,78.0,87.94020003360419,True
544,Ridge,2027-07-02 05:00:00,78.0,87.90847277742236,True
544,Ridge,2027-07-02 05:05:00,77.0,87.94492373464335,True
544,Ridge,2027-07-02 05:10:00,77.0,87.96152415313092,True
544,Ridge,2027-07-02 05:15:00,77.0,88.02049389351637,True
544,Ridge,2027-07-02 05:20:00,78.0,85.61908389083356,True
544,Ridge,2027-07-02 05:25:00,78.0,87.00545097850636,True
544,Ridge,2027-07-02 05:30:00,78.0,86.92579688167174,True
544,Ridge,2027-07-02 05:35:00,77.0,84.61716882189783,True
544,Ridge,2027-07-02 05:40:00,76.0,86.00247639546777,True
544,Ridge,2027-07-02 05:45:00,75.0,85.9929283750166,True
544,Ridge,2027-07-02 05:50:00,73.0,88.43034959962347,True
544,Ridge,2027-07-02 05:55:00,72.0,87.0799085342386,True
544,Ridge,2027-07-02 06:00:00,72.0,87.24295485001417,True
544,Ridge,2027-07-02 06:05:00,73.0,84.83290637469895,True
544,Ridge,2027-07-02 06:10:00,75.0,83.83005849498441,True
544,Ridge,2027-07-02 06:15:00,76.0,82.68616444210932,True
544,Ridge,2027-07-02 06:20:00,77.0,79.24858589127764,True
544,Ridge,2027-07-02 06:25:00,77.0,79.63072273669057,True
544,Ridge,2027-07-02 06:30:00,77.0,80.89804205290791,True
544,Ridge,2027-07-02 06:35:00,79.0,83.39426721468271,True
544,Ridge,2027-07-02 06:40:00,82.0,86.96852331153785,True
544,Ridge,2027-07-02 06:45:00,82.0,86.80982229142907,True
544,Ridge,2027-07-02 06:50:00,84.0,88.02939597423098,True
544,Ridge,2027-07-02 06:55:00,87.0,86.63557045696561,True
544,Ridge,2027-07-02 07:00:00,91.0,86.71411489157227,True
544,Ridge,2027-07-02 07:05:00,94.0,91.33867543283604,True
544,Ridge,2027-07-02 07:10:00,96.0,95.59569540673158,True
544,Ridge,2027-07-02 07:15:00,97.0,91.60447041436626,True
544,Ridge,2027-07-02 07:20:00,99.0,96.37530013503242,True
544,Ridge,2027-07-02 07:25:00,99.0,100.4104301615404,True
544,Ridge,2027-07-02 07:30:00,99.0,105.8402034358602,True
544,Ridge,2027-07-02 07:35:00,105.0,107.451477721376,True
544,Ridge,2027-07-02 07:40:00,112.0,108.11372343707193,True
544,Ridge,2027-07-02 07:45:00,115.0,107.5568237920535,True
544,Ridge,2027-07-02 07:50:00,118.0,110.6584178443751,True
544,Ridge,2027-07-02 07:55:00,129.0,107.6412066544766,True
544,Ridge,2027-07-02 08:00:00,132.0,107.61653105536513,True
544,Ridge,2027-07-02 08:05:00,143.0,121.39141487374144,True
544,Ridge,2027-07-02 08:10:00,158.0,136.83314189815775,True
544,Ridge,2027-07-02 08:15:00,167.0,133.70971081575172,True
544,Ridge,2027-07-02 08:20:00,174.0,135.69426803066509,True
544,Ridge,2027-07-02 08:25:00,179.0,154.38973803981756,True
544,Ridge,2027-07-02 08:30:00,181.0,144.0572451376609,True
544,Ridge,2027-07-02 08:35:00,185.0,164.6781010442761,True
544,Ridge,2027-07-02 08:40:00,188.0,181.98032419508277,True
544,Ridge,2027-07-02 08:45:00,190.0,181.9894460776173,True
544,Ridge,2027-07-02 08:50:00,194.0,185.7315803435277,True
544,Ridge,2027-07-02 08:55:00,195.0,187.10108800244583,True
544,Ridge,2027-07-02 09:00:00,196.0,184.53680139430028,True
544,Ridge,2027-07-02 09:05:00,198.0,190.74953548257503,True
544,Ridge,2027-07-02 09:10:00,199.0,192.24943566499678,True
544,Ridge,2027-07-02 09:15:00,197.0,192.42595204169092,True
544,Ridge,2027-07-02 09:20:00,195.0,198.55299840607816,True
544,Ridge,2027-07-02 09:25:00,192.0,194.94456567016817,True
544,Ridge,2027-07-02 09:30:00,186.0,195.62240515303893,True
544,Ridge,2027-07-02 09:35:00,182.0,198.71375361988248,True
544,Ridge,2027-07-02 09:40:00,177.0,198.1232838755232,True
544,Ridge,2027-07-02 09:45:00,175.0,191.721431217581,True
544,Ridge,2027-07-02 09:50:00,169.0,189.38761448402616,True
544,Ridge,2027-07-02 09:55:00,165.0,184.432199246535,True
544,Ridge,2027-07-02 10:00:00,160.0,173.92724234084451,True
544,Ridge,2027-07-02 10:05:00,155.0,172.400442793527,True
544,Ridge,2027-07-02 10:10:00,151.0,165.59301017114004,True
544,Ridge,2027-07-02 10:15:00,147.0,167.9023291266417,True
544,Ridge,2027-07-02 10:20:00,143.0,156.45811561457145,True
544,Ridge,2027-07-02 10:25:00,139.0,155.7258920261926,True
544,Ridge,2027-07-02 10:30:00,136.0,149.33406517453128,True
544,Ridge,2027-07-02 10:35:00,133.0,144.8842030253582,True
544,Ridge,2027-07-02 10:40:00,130.0,142.47190026823665,True
544,Ridge,2027-07-02 10:45:00,127.0,138.8869971057,True
544,Ridge,2027-07-02 10:50:00,123.0,135.48928477379073,True
544,Ridge,2027-07-02 10:55:00,121.0,131.93039756530396,True
544,Ridge,2027-07-02 11:00:00,119.0,130.79766362290962,True
544,Ridge,2027-07-02 11:05:00,116.0,128.38867876324218,True
544,Ridge,2027-07-02 11:10:00,114.0,126.03099636120507,True
544,Ridge,2027-07-02 11:15:00,108.0,123.6106321228196,True
544,Ridge,2027-07-02 11:20:00,105.0,118.62578154955925,True
544,Ridge,2027-07-02 11:25:00,104.0,119.86559556771907,True
544,Ridge,2027-07-02 11:30:00,102.0,118.15821796965396,True
544,Ridge,2027-07-02 11:35:00,85.0,114.41682759839628,True
544,Ridge,2027-07-02 11:40:00,85.0,114.25568409834678,True
544,Ridge,2027-07-02 11:45:00,85.0,102.05196595933228,True
544,Ridge,2027-07-02 11:50:00,90.0,129.23171338289757,True
544,Ridge,2027-07-02 11:55:00,96.0,127.36148713941094,True
544,Ridge,2027-07-02 12:00:00,99.0,121.24140158247405,True
544,Ridge,2027-07-02 12:05:00,107.0,75.62625865904664,True
544,Ridge,2027-07-02 12:10:00,120.0,91.71916995268273,True
544,Ridge,2027-07-02 12:15:00,134.0,86.04658937672681,True
544,Ridge,2027-07-02 12:20:00,145.0,93.98942801831278,True
544,Ridge,2027-07-02 12:25:00,152.0,98.94608975403682,True
544,Ridge,2027-07-02 12:30:00,153.0,97.72102003548213,True
544,Ridge,2027-07-02 12:35:00,153.0,113.44416500808083,True
544,Ridge,2027-07-02 12:40:00,161.0,132.89936906851676,True
544,Ridge,2027-07-02 12:45:00,166.0,149.03830972103748,True
544,Ridge,2027-07-02 12:50:00,171.0,159.520628251884,True
544,Ridge,2027-07-02 12:55:00,177.0,161.8760862250023,True
544,Ridge,2027-07-02 13:00:00,183.0,154.72728346315503,True
544,Ridge,2027-07-02 13:05:00,186.0,153.1107998467981,True
544,Ridge,2027-07-02 13:10:00,188.0,172.02291851300902,True
544,Ridge,2027-07-02 13:15:00,190.0,172.5049299427249,True
544,Ridge,2027-07-02 13:20:00,189.0,177.96497531421292,True
544,Ridge,2027-07-02 13:25:00,187.0,184.6098519769635,True
544,Ridge,2027-07-02 13:30:00,190.0,190.23144540535895,True
544,Ridge,2027-07-02 13:35:00,192.0,189.2198301401183,True
544,Ridge,2027-07-02 13:40:00,191.0,189.89894695769414,True
544,Ridge,2027-07-02 13:45:00,188.0,191.56385999809132,True
544,Ridge,2027-07-02 13:50:00,187.0,186.06030663154246,True
544,Ridge,2027-07-02 13:55:00,189.0,182.30418042424898,True
544,Ridge,2027-07-02 14:00:00,192.0,191.44432388823958,True
544,Ridge,2027-07-02 14:05:00,196.0,191.79095245472195,True
544,Ridge,2027-07-02 14:10:00,199.0,187.18757996434593,True
544,Ridge,2027-07-02 14:15:00,202.0,181.2424025849209,True
544,Ridge,2027-07-02 14:20:00,202.0,182.73975327890838,True
544,Ridge,2027-07-02 14:25:00,203.0,188.60617293394242,True
544,Ridge,2027-07-02 14:30:00,205.0,193.02748861850242,True
544,Ridge,2027-07-02 14:35:00,205.0,198.6274158396737,True
544,Ridge,2027-07-02 14:40:00,204.0,200.4225895166167,True
544,Ridge,2027-07-02 14:45:00,204.0,203.5532448825125,True
544,Ridge,2027-07-02 14:50:00,205.0,199.37719779424827,True
544,Ridge,2027-07-02 14:55:00,203.0,201.94708335482954,True
544,Ridge,2027-07-02 15:00:00,202.0,205.22360289470902,True
544,Ridge,2027-07-02 15:05:00,202.0,202.42412544641925,True
544,Ridge,2027-07-02 15:10:00,198.0,199.94514665067078,True
544,Ridge,2027-07-02 15:15:00,193.0,200.98538543300495,True
544,Ridge,2027-07-02 15:20:00,185.0,203.23586367575447,True
544,Ridge,2027-07-02 15:25:00,178.0,197.1628875216516,True
544,Ridge,2027-07-02 15:30:00,170.0,197.59577686520583,True
544,Ridge,2027-07-02 15:35:00,167.0,198.67384765822476,True
544,Ridge,2027-07-02 15:40:00,165.0,189.11420668446914,True
544,Ridge,2027-07-02 15:45:00,159.0,182.66204577522026,True
544,Ridge,2027-07-02 15:50:00,154.0,167.1087244084335,True
544,Ridge,2027-07-02 15:55:00,152.0,163.77487574479247,True
544,Ridge,2027-07-02 16:00:00,149.0,153.98898065288606,True
544,Ridge,2027-07-02 16:05:00,147.0,158.08781811243804,True
544,Ridge,2027-07-02 16:10:00,143.0,157.782860521066,True
544,Ridge,2027-07-02 16:15:00,137.0,147.41907810490122,True
544,Ridge,2027-07-02 16:20:00,130.0,144.60620832506714,True
544,Ridge,2027-07-02 16:25:00,122.0,146.9620346341182,True
544,Ridge,2027-07-02 16:30:00,114.0,143.27142058626532,True
544,Ridge,2027-07-02 16:35:00,108.0,143.44801539469182,True
544,Ridge,2027-07-02 16:40:00,103.0,137.17153274334993,True
544,Ridge,2027-07-02 16:45:00,99.0,128.9782025989368,True
544,Ridge,2027-07-02 16:50:00,97.0,120.56258094754546,True
544,Ridge,2027-07-02 16:55:00,94.0,111.24129478534533,True
544,Ridge,2027-07-02 17:00:00,89.0,103.39500776452307,True
544,Ridge,2027-07-02 17:05:00,85.0,100.47299805401532,True
544,Ridge,2027-07-02 17:10:00,80.0,97.19118680100796,True
544,Ridge,2027-07-02 17:15:00,76.0,95.1689861444151,True
544,Ridge,2027-07-02 17:20:00,73.0,96.79395353554422,True
544,Ridge,2027-07-02 17:25:00,70.0,93.3898113826257,True
544,Ridge,2027-07-02 17:30:00,66.0,86.55934400266575,True
544,Ridge,2027-07-02 17:35:00,65.0,84.51507998649794,True
544,Ridge,2027-07-02 17:40:00,65.0,78.40308310616507,True
544,Ridge,2027-07-02 17:45:00,64.0,76.22686019413186,True
544,Ridge,2027-07-02 17:50:00,65.0,74.9081014167619,True
544,Ridge,2027-07-02 17:55:00,74.0,72.4768451635633,True
544,Ridge,2027-07-02 18:00:00,83.0,66.85737335400306,True
544,Ridge,2027-07-02 18:05:00,103.0,71.38365809451128,True
544,Ridge,2027-07-02 18:10:00,106.0,97.24991463314304,True
544,Ridge,2027-07-02 18:15:00,125.0,92.27446746883203,True
544,Ridge,2027-07-02 18:20:00,142.0,93.38545312715665,True
544,Ridge,2027-07-02 18:25:00,158.0,105.29620187883467,True
544,Ridge,2027-07-02 18:30:00,187.0,108.02414295004886,True
544,Ridge,2027-07-02 18:35:00,200.0,138.53339740515835,True
544,Ridge,2027-07-02 18:40:00,207.0,112.77012044538483,True
544,Ridge,2027-07-02 18:45:00,215.0,151.7602802384152,True
544,Ridge,2027-07-02 18:50:00,221.0,162.65112563513844,True
544,Ridge,2027-07-02 18:55:00,224.0,178.58397066547644,True
544,Ridge,2027-07-02 19:00:00,227.0,224.24170990117352,True
544,Ridge,2027-07-02 19:05:00,230.0,214.7486086833221,True
544,Ridge,2027-07-02 19:10:00,231.0,217.09243244681514,True
544,Ridge,2027-07-02 19:15:00,231.0,224.68848477798235,True
544,Ridge,2027-07-02 19:20:00,229.0,227.13263822376038,True
544,Ridge,2027-07-02 19:25:00,224.0,225.7144114835014,True
544,Ridge,2027-07-02 19:30:00,215.0,227.68729098123276,True
544,Ridge,2027-07-02 19:35:00,207.0,229.6312953541604,True
544,Ridge,2027-07-02 19:40:00,198.0,226.60412728122014,True
544,Ridge,2027-07-02 19:45:00,190.0,224.944212835688,True
544,Ridge,2027-07-02 19:50:00,187.0,219.45770922754036,True
544,Ridge,2027-07-02 19:55:00,180.0,210.00154664374475,True
544,Ridge,2027-07-02 20:00:00,172.0,194.92010927149596,True
544,Ridge,2027-07-02 20:05:00,168.0,186.91623490785693,True
544,Ridge,2027-07-02 20:10:00,166.0,175.65595105351804,True
544,Ridge,2027-07-02 20:15:00,163.0,168.98755295796016,True
544,Ridge,2027-07-02 20:20:00,164.0,172.8560603268691,True
544,Ridge,2027-07-02 20:25:00,160.0,160.88764494540675,True
544,Ridge,2027-07-02 20:30:00,156.0,152.68003191673384,True
544,Ridge,2027-07-02 20:35:00,157.0,154.58726842162883,True
544,Ridge,2027-07-02 20:40:00,150.0,156.00558421629887,True
544,Ridge,2027-07-02 20:45:00,151.0,152.76629776240156,True
544,Ridge,2027-07-02 20:50:00,152.0,160.38955163961322,True
544,Ridge,2027-07-02 20:55:00,151.0,150.3582999813222,True
544,Ridge,2027-07-02 21:00:00,151.0,147.39267888747938,True
544,Ridge,2027-07-02 21:05:00,152.0,155.43568645336956,True
544,Ridge,2027-07-02 21:10:00,148.0,137.94508942537786,True
544,Ridge,2027-07-02 21:15:00,142.0,150.9603006098604,True
544,Ridge,2027-07-02 21:20:00,132.0,151.7712002656459,True
544,Ridge,2027-07-02 21:25:00,123.0,149.08328160349762,True
544,Ridge,2027-07-02 21:30:00,118.0,150.84766248130896,True
544,Ridge,2027-07-02 21:35:00,110.0,153.70366288533467,True
544,Ridge,2027-07-02 21:40:00,105.0,143.26484245967225,True
544,Ridge,2027-07-02 21:45:00,102.0,134.66856651244507,True
544,Ridge,2027-07-02 21:50:00,97.0,118.73977754385064,True
544,Ridge,2027-07-02 21:55:00,93.0,110.58870466210601,True
544,Ridge,2027-07-02 22:00:00,90.0,110.55711896059954,True
544,Ridge,2027-07-02 22:05:00,90.0,98.58158439150202,True
544,Ridge,2027-07-02 22:10:00,89.0,95.46825633152807,True
544,Ridge,2027-07-02 22:15:00,93.0,98.1814502874708,True
544,Ridge,2027-07-02 22:20:00,102.0,91.37133277476626,True
544,Ridge,2027-07-02 22:25:00,116.0,89.69777921030554,True
544,Ridge,2027-07-02 22:30:00,128.0,88.86580295084575,True
544,Ridge,2027-07-02 22:35:00,138.0,93.88811222443223,True
544,Ridge,2027-07-02 22:40:00,148.0,92.17569636317731,True
544,Ridge,2027-07-02 22:45:00,153.0,104.00710187150133,True
544,Ridge,2027-07-02 22:50:00,164.0,120.10908205686209,True
544,Ridge,2027-07-02 22:55:00,178.0,141.5498626987117,True
544,Ridge,2027-07-02 23:00:00,188.0,151.429040390556,True
544,Ridge,2027-07-02 23:05:00,193.0,159.29633720656076,True
544,Ridge,2027-07-02 23:10:00,195.0,169.3348223555473,True
544,Ridge,2027-07-02 23:15:00,197.0,167.29307996454804,True
544,Ridge,2027-07-02 23:20:00,195.0,186.1319924974454,True
544,Ridge,2027-07-02 23:25:00,191.0,203.05994885339015,True
544,Ridge,2027-07-02 23:30:00,185.0,207.32134933412152,True
544,Ridge,2027-07-02 23:35:00,178.0,205.02261429873846,True
544,Ridge,2027-07-02 23:40:00,167.0,201.8650303564346,True
544,Ridge,2027-07-02 23:45:00,164.0,202.91418030949956,True
544,Ridge,2027-07-02 23:50:00,162.0,194.56623057178248,True
544,Ridge,2027-07-02 23:55:00,160.0,187.15593044733916,True
544,Ridge,2027-07-03 00:00:00,157.0,176.93341471122673,True
544,Ridge,2027-07-03 00:05:00,153.0,167.18709996036335,True
544,Ridge,2027-07-03 00:10:00,150.0,149.38056486692022,True
544,Ridge,2027-07-03 00:15:00,148.0,156.56924328197195,True
544,Ridge,2027-07-03 00:20:00,147.0,155.55027739947496,True
544,Ridge,2027-07-03 00:25:00,145.0,154.435806802699,True
544,Ridge,2027-07-03 00:30:00,143.0,150.42605534849082,True
544,Ridge,2027-07-03 00:35:00,143.0,145.54251513519839,True
544,Ridge,2027-07-03 00:40:00,144.0,144.1806497181996,True
544,Ridge,2027-07-03 00:45:00,145.0,143.7856624068545,True
544,Ridge,2027-07-03 00:50:00,146.0,144.59087566987338,True
544,Ridge,2027-07-03 00:55:00,147.0,141.7286260591349,True
544,Ridge,2027-07-03 01:00:00,147.0,140.20430544594197,True
544,Ridge,2027-07-03 01:05:00,148.0,143.14999392272082,True
544,Ridge,2027-07-03 01:10:00,148.0,145.84369185695604,True
544,Ridge,2027-07-03 01:15:00,149.0,147.62820199978802,True
544,Ridge,2027-07-03 01:20:00,149.0,149.0580957013884,True
544,Ridge,2027-07-03 01:25:00,150.0,150.2632141818208,True
544,Ridge,2027-07-03 01:30:00,152.0,149.00331896432584,True
544,Ridge,2027-07-03 01:35:00,153.0,151.462655532842,True
544,Ridge,2027-07-03 01:40:00,152.0,150.12633788520296,True
544,Ridge,2027-07-03 01:45:00,153.0,152.6516059923829,True
544,Ridge,2027-07-03 01:50:00,153.0,151.1696717903352,True
544,Ridge,2027-07-03 01:55:00,153.0,153.53746901343564,True
544,Ridge,2027-07-03 02:00:00,152.0,156.7389726653121,True
544,Ridge,2027-07-03 02:05:00,151.0,156.44206757548864,True
544,Ridge,2027-07-03 02:10:00,150.0,152.81000206916914,True
544,Ridge,2027-07-03 02:15:00,149.0,156.41957940283072,True
544,Ridge,2027-07-03 02:20:00,148.0,154.80013473599018,True
544,Ridge,2027-07-03 02:25:00,147.0,154.89722845586493,True
544,Ridge,2027-07-03 02:30:00,146.0,152.33854925854422,True
544,Ridge,2027-07-03 02:35:00,145.0,151.2918459016303,True
544,Ridge,2027-07-03 02:40:00,145.0,150.05342481685716,True
544,Ridge,2027-07-03 02:45:00,144.0,148.94977172085885,True
544,Ridge,2027-07-03 02:50:00,143.0,147.88549779917875,True
544,Ridge,2027-07-03 02:55:00,143.0,146.93043790980832,True
544,Ridge,2027-07-03 03:00:00,142.0,145.9597163626263,True
544,Ridge,2027-07-03 03:05:00,142.0,144.92805381557196,True
544,Ridge,2027-07-03 03:10:00,141.0,146.33940688251738,True
544,Ridge,2027-07-03 03:15:00,140.0,144.1115487357644,True
544,Ridge,2027-07-03 03:20:00,139.0,143.27616519315936,True
544,Ridge,2027-07-03 03:25:00,137.0,144.64975506727657,True
544,Ridge,2027-07-03 03:30:00,135.0,142.33217612304082,True
544,Ridge,2027-07-03 03:35:00,134.0,143.88101732274782,True
544,Ridge,2027-07-03 03:40:00,132.0,141.51563190203373,True
544,Ridge,2027-07-03 03:45:00,131.0,140.69936621074834,True
544,Ridge,2027-07-03 03:50:00,130.0,139.64529816588228,True
544,Ridge,2027-07-03 03:55:00,130.0,136.3046501802405,True
544,Ridge,2027-07-03 04:00:00,129.0,134.32609295716483,True
544,Ridge,2027-07-03 04:05:00,127.0,134.6525682329153,True
544,Ridge,2027-07-03 04:10:00,126.0,131.3395726955213,True
544,Ridge,2027-07-03 04:15:00,125.0,131.84989406053865,True
544,Ridge,2027-07-03 04:20:00,123.0,130.90623956481002,True
544,Ridge,2027-07-03 04:25:00,122.0,132.55330389632306,True
544,Ridge,2027-07-03 04:30:00,122.0,130.31718371072196,True
544,Ridge,2027-07-03 04:35:00,121.0,127.23886696800568,True
544,Ridge,2027-07-03 04:40:00,120.0,127.63661041199974,True
544,Ridge,2027-07-03 04:45:00,118.0,126.64037842216284,True
544,Ridge,2027-07-03 04:50:00,115.0,123.42073748417604,True
544,Ridge,2027-07-03 04:55:00,115.0,123.88188082994184,True
544,Ridge,2027-07-03 05:00:00,113.0,125.32749045397296,True
544,Ridge,2027-07-03 05:05:00,112.0,123.18023053365476,True
544,Ridge,2027-07-03 05:10:00,111.0,122.39600389237951,True
544,Ridge,2027-07-03 05:15:00,109.0,119.12838635999276,True
544,Ridge,2027-07-03 05:20:00,108.0,114.84671535241364,True
544,Ridge,2027-07-03 05:25:00,108.0,118.93587183244486,True
544,Ridge,2027-07-03 05:30:00,107.0,114.12054683457274,True
544,Ridge,2027-07-03 05:35:00,106.0,114.89316812750582,True
544,Ridge,2027-07-03 05:40:00,106.0,113.9116786173118,True
544,Ridge,2027-07-03 05:45:00,105.0,110.78879712845804,True
544,Ridge,2027-07-03 05:50:00,104.0,111.25867398413175,True
544,Ridge,2027-07-03 05:55:00,103.0,112.75163718509539,True
544,Ridge,2027-07-03 06:00:00,101.0,110.67089883550767,True
544,Ridge,2027-07-03 06:05:00,101.0,109.89990320593006,True
544,Ridge,2027-07-03 06:10:00,100.0,111.35978301331664,True
544,Ridge,2027-07-03 06:15:00,100.0,109.07858147059893,True
544,Ridge,2027-07-03 06:20:00,100.0,108.2864489318177,True
544,Ridge,2027-07-03 06:25:00,100.0,107.38565263991049,True
544,Ridge,2027-07-03 06:30:00,98.0,104.04671341366779,True
544,Ridge,2027-07-03 06:35:00,96.0,106.87841691536383,True
544,Ridge,2027-07-03 06:40:00,94.0,104.4696390833376,True
544,Ridge,2027-07-03 06:45:00,94.0,106.13418692324322,True
544,Ridge,2027-07-03 06:50:00,93.0,106.22275350518144,True
544,Ridge,2027-07-03 06:55:00,91.0,106.49567031752352,True
544,Ridge,2027-07-03 07:00:00,91.0,101.8057543912293,True
544,Ridge,2027-07-03 07:05:00,89.0,99.88907285231028,True
544,Ridge,2027-07-03 07:10:00,89.0,97.74561076162368,True
544,Ridge,2027-07-03 07:15:00,89.0,100.45938836219395,True
544,Ridge,2027-07-03 07:20:00,90.0,98.1244663168832,True
544,Ridge,2027-07-03 07:25:00,91.0,95.05685451791786,True
544,Ridge,2027-07-03 07:30:00,93.0,97.86601638107959,True
544,Ridge,2027-07-03 07:35:00,96.0,93.17854253823397,True
544,Ridge,2027-07-03 07:40:00,98.0,96.19051898399157,True
544,Ridge,2027-07-03 07:45:00,100.0,96.18991333421219,True
544,Ridge,2027-07-03 07:50:00,104.0,98.94383846704747,True
544,Ridge,2027-07-03 07:55:00,107.0,100.0309283153359,True
544,Ridge,2027-07-03 08:00:00,109.0,103.5176529579801,True
544,Ridge,2027-07-03 08:05:00,112.0,107.94138228536085,True
544,Ridge,2027-07-03 08:10:00,114.0,108.7263926534342,True
544,Ridge,2027-07-03 08:15:00,115.0,110.92197995573994,True
544,Ridge,2027-07-03 08:20:00,118.0,117.48746545755981,True
544,Ridge,2027-07-03 08:25:00,120.0,119.02820290863123,True
544,Ridge,2027-07-03 08:30:00,119.0,119.79019419183388,True
544,Ridge,2027-07-03 08:35:00,144.0,123.91054535451897,True
544,Ridge,2027-07-03 08:40:00,147.0,124.36197664615442,True
544,Ridge,2027-07-03 08:45:00,148.0,123.92209964509608,True
544,Ridge,2027-07-03 08:50:00,148.0,129.36236788380447,True
544,Ridge,2027-07-03 08:55:00,152.0,158.79205230096977,True
544,Ridge,2027-07-03 09:00:00,159.0,148.54296341377048,True
544,Ridge,2027-07-03 09:05:00,164.0,205.21369423595942,True
544,Ridge,2027-07-03 09:10:00,170.0,167.34948617885146,True
544,Ridge,2027-07-03 09:15:00,178.0,160.32540411730113,True
544,Ridge,2027-07-03 09:20:00,190.0,150.91617696332705,True
544,Ridge,2027-07-03 09:25:00,201.0,153.1935035861728,True
544,Ridge,2027-07-03 09:30:00,219.0,160.12708754563002,True
544,Ridge,2027-07-03 09:35:00,233.0,160.29609724180466,True
544,Ridge,2027-07-03 09:40:00,229.0,167.99732507104306,True
544,Ridge,2027-07-03 09:45:00,232.0,177.76368189276752,True
544,Ridge,2027-07-03 09:50:00,238.0,194.99678201750118,True
544,Ridge,2027-07-03 09:55:00,248.0,207.6436794253994,True
544,Ridge,2027-07-03 10:00:00,257.0,236.08985060644656,True
544,Ridge,2027-07-03 10:05:00,256.0,245.13337597265826,True
544,Ridge,2027-07-03 10:10:00,247.0,216.75382983376744,True
544,Ridge,2027-07-03 10:15:00,235.0,229.3038627404559,True
544,Ridge,2027-07-03 10:20:00,226.0,237.69079537623355,True
544,Ridge,2027-07-03 10:25:00,214.0,253.5116598832602,True
544,Ridge,2027-07-03 10:30:00,204.0,260.71799901922947,True
544,Ridge,2027-07-03 10:35:00,195.0,246.0601654174612,True
544,Ridge,2027-07-03 10:40:00,186.0,226.040506422678,True
544,Ridge,2027-07-03 10:45:00,173.0,208.6770290370486,True
544,Ridge,2027-07-03 10:50:00,169.0,202.38804590412087,True
544,Ridge,2027-07-03 10:55:00,172.0,185.19561246532226,True
544,Ridge,2027-07-03 11:00:00,171.0,177.9472194753019,True
544,Ridge,2027-07-03 11:05:00,167.0,169.65077601161406,True
544,Ridge,2027-07-03 11:10:00,161.0,160.67494480285274,True
544,Ridge,2027-07-03 11:15:00,159.0,143.10151414552448,True
544,Ridge,2027-07-03 11:20:00,157.0,152.5695809443857,True
544,Ridge,2027-07-03 11:25:00,157.0,166.0744368151059,True
544,Ridge,2027-07-03 11:30:00,155.0,161.5355047751182,True
544,Ridge,2027-07-03 11:35:00,150.0,155.2031899641854,True
544,Ridge,2027-07-03 11:40:00,147.0,147.35172811676674,True
544,Ridge,2027-07-03 11:45:00,143.0,151.47777247319718,True
544,Ridge,2027-07-03 11:50:00,139.0,149.92721022978785,True
544,Ridge,2027-07-03 11:55:00,131.0,153.71782328082804,True
544,Ridge,2027-07-03 12:00:00,125.0,149.8884673872181,True
544,Ridge,2027-07-03 12:05:00,116.0,141.60593644287576,True
544,Ridge,2027-07-03 12:10:00,112.0,141.46497635120886,True
544,Ridge,2027-07-03 12:15:00,115.0,136.10076792562418,True
544,Ridge,2027-07-03 12:20:00,116.0,132.96895831821908,True
544,Ridge,2027-07-03 12:25:00,121.0,119.79399158427874,True
544,Ridge,2027-07-03 12:30:00,124.0,116.6429584887228,True
544,Ridge,2027-07-03 12:35:00,125.0,103.17916947754975,True
544,Ridge,2027-07-03 12:40:00,122.0,106.46833471503652,True
544,Ridge,2027-07-03 12:45:00,120.0,119.38565152830526,True
544,Ridge,2027-07-03 12:50:00,117.0,118.85175197470755,True
544,Ridge,2027-07-03 12:55:00,115.0,127.4635003410394,True
544,Ridge,2027-07-03 13:00:00,112.0,131.1007333145568,True
544,Ridge,2027-07-03 13:05:00,99.0,130.38108944054156,True
544,Ridge,2027-07-03 13:10:00,96.0,122.5350661919642,True
544,Ridge,2027-07-03 13:15:00,98.0,122.26884871649096,True
544,Ridge,2027-07-03 13:20:00,102.0,133.95321207958878,True
544,Ridge,2027-07-03 13:25:00,106.0,131.53049084407647,True
544,Ridge,2027-07-03 13:30:00,115.0,124.72255570047184,True
544,Ridge,2027-07-03 13:35:00,123.0,92.20574971584503,True
544,Ridge,2027-07-03 13:40:00,130.0,98.50801006437035,True
544,Ridge,2027-07-03 13:45:00,137.0,102.99926438631263,True
544,Ridge,2027-07-03 13:50:00,144.0,106.85710139480325,True
544,Ridge,2027-07-03 13:55:00,151.0,109.70097217950155,True
544,Ridge,2027-07-03 14:00:00,155.0,125.1565360793312,True
544,Ridge,2027-07-03 14:05:00,158.0,132.13880462412817,True
544,Ridge,2027-07-03 14:10:00,158.0,138.22300617941326,True
544,Ridge,2027-07-03 14:15:00,158.0,145.65088321783338,True
544,Ridge,2027-07-03 14:20:00,154.0,154.711322384339,True
544,Ridge,2027-07-03 14:25:00,151.0,162.05601553562641,True
544,Ridge,2027-07-03 14:30:00,149.0,161.8834744439502,True
544,Ridge,2027-07-03 14:35:00,148.0,163.4238855373078,True
544,Ridge,2027-07-03 14:40:00,147.0,159.41362166024723,True
544,Ridge,2027-07-03 14:45:00,149.0,159.34198901008574,True
544,Ridge,2027-07-03 14:50:00,151.0,149.42056910079515,True
544,Ridge,2027-07-03 14:55:00,150.0,147.49461129041325,True
544,Ridge,2027-07-03 15:00:00,146.0,146.2055397802706,True
544,Ridge,2027-07-03 15:05:00,144.0,146.30158499424218,True
544,Ridge,2027-07-03 15:10:00,144.0,145.25924845491855,True
544,Ridge,2027-07-03 15:15:00,142.0,151.6530593377101,True
544,Ridge,2027-07-03 15:20:00,140.0,153.90688632964128,True
544,Ridge,2027-07-03 15:25:00,138.0,149.31089276815604,True
544,Ridge,2027-07-03 15:30:00,130.0,141.4201458555296,True
544,Ridge,2027-07-03 15:35:00,124.0,142.07167944565782,True
544,Ridge,2027-07-03 15:40:00,119.0,144.5404217619681,True
544,Ridge,2027-07-03 15:45:00,113.0,139.9756730158816,True
544,Ridge,2027-07-03 15:50:00,113.0,138.26724562337048,True
544,Ridge,2027-07-03 15:55:00,110.0,136.40922171954264,True
544,Ridge,2027-07-03 16:00:00,105.0,120.25664584410572,True
544,Ridge,2027-07-03 16:05:00,103.0,117.02815702015106,True
544,Ridge,2027-07-03 16:10:00,103.0,112.94940962790669,True
544,Ridge,2027-07-03 16:15:00,105.0,105.9545679089053,True
544,Ridge,2027-07-03 16:20:00,102.0,114.47192489208436,True
544,Ridge,2027-07-03 16:25:00,98.0,107.63695450642572,True
544,Ridge,2027-07-03 16:30:00,97.0,100.9785975829351,True
544,Ridge,2027-07-03 16:35:00,97.0,103.4767113474682,True
544,Ridge,2027-07-03 16:40:00,95.0,106.64154088699959,True
544,Ridge,2027-07-03 16:45:00,94.0,112.07269288619747,True
544,Ridge,2027-07-03 16:50:00,91.0,102.97971700335016,True
544,Ridge,2027-07-03 16:55:00,87.0,98.3238214794357,True
544,Ridge,2027-07-03 17:00:00,83.0,101.1440533814004,True
544,Ridge,2027-07-03 17:05:00,81.0,102.65510879060898,True
544,Ridge,2027-07-03 17:10:00,81.0,98.38750688041793,True
544,Ridge,2027-07-03 17:15:00,80.0,99.27631922682409,True
544,Ridge,2027-07-03 17:20:00,80.0,91.82260802477509,True
544,Ridge,2027-07-03 17:25:00,81.0,88.15570928587078,True
544,Ridge,2027-07-03 17:30:00,81.0,84.02424336517811,True
544,Ridge,2027-07-03 17:35:00,78.0,85.04984985674945,True
544,Ridge,2027-07-03 17:40:00,76.0,88.12064323330942,True
544,Ridge,2027-07-03 17:45:00,76.0,86.22600869055097,True
544,Ridge,2027-07-03 17:50:00,76.0,88.06928554034354,True
544,Ridge,2027-07-03 17:55:00,79.0,90.81335078636899,True
544,Ridge,2027-07-03 18:00:00,81.0,89.97582834262366,True
544,Ridge,2027-07-03 18:05:00,81.0,83.17198547191103,True
544,Ridge,2027-07-03 18:10:00,80.0,82.59888916302978,True
544,Ridge,2027-07-03 18:15:00,79.0,85.16177107926178,True
544,Ridge,2027-07-03 18:20:00,77.0,85.14296062400848,True
544,Ridge,2027-07-03 18:25:00,76.0,92.48233752056326,True
544,Ridge,2027-07-03 18:30:00,77.0,93.27091199334276,True
544,Ridge,2027-07-03 18:35:00,77.0,91.0240639146425,True
544,Ridge,2027-07-03 18:40:00,77.0,88.72512851199737,True
544,Ridge,2027-07-03 18:45:00,76.0,87.61828805008497,True
544,Ridge,2027-07-03 18:50:00,75.0,84.20487757255114,True
544,Ridge,2027-07-03 18:55:00,76.0,84.465606608357,True
544,Ridge,2027-07-03 19:00:00,75.0,87.96764102847789,True
544,Ridge,2027-07-03 19:05:00,76.0,86.57560769565389,True
544,Ridge,2027-07-03 19:10:00,82.0,86.85062457483656,True
544,Ridge,2027-07-03 19:15:00,82.0,83.6242842641755,True
544,Ridge,2027-07-03 19:20:00,82.0,83.62368887294994,True
544,Ridge,2027-07-03 19:25:00,85.0,114.51517804035669,True
544,Ridge,2027-07-03 19:30:00,89.0,106.84500940845632,True
544,Ridge,2027-07-03 19:35:00,94.0,107.02903120067,True
544,Ridge,2027-07-03 19:40:00,100.0,110.3328140162741,True
544,Ridge,2027-07-03 19:45:00,105.0,95.03065178655407,True
544,Ridge,2027-07-03 19:50:00,111.0,89.86452421406955,True
544,Ridge,2027-07-03 19:55:00,116.0,90.19779047008191,True
544,Ridge,2027-07-03 20:00:00,118.0,92.10607876616834,True
544,Ridge,2027-07-03 20:05:00,120.0,96.8886742357895,True
544,Ridge,2027-07-03 20:10:00,124.0,104.52884832150175,True
544,Ridge,2027-07-03 20:15:00,125.0,108.00573311619269,True
544,Ridge,2027-07-03 20:20:00,126.0,115.61937299063705,True
544,Ridge,2027-07-03 20:25:00,129.0,122.21230578304454,True
544,Ridge,2027-07-03 20:30:00,132.0,120.76969741870937,True
544,Ridge,2027-07-03 20:35:00,135.0,123.32041248934902,True
544,Ridge,2027-07-03 20:40:00,137.0,130.12538455092863,True
544,Ridge,2027-07-03 20:45:00,141.0,126.99462783188594,True
544,Ridge,2027-07-03 20:50:00,142.0,128.37272517371682,True
544,Ridge,2027-07-03 20:55:00,143.0,134.0192892202236,True
544,Ridge,2027-07-03 21:00:00,143.0,137.06835612332608,True
544,Ridge,2027-07-03 21:05:00,139.0,140.28286955791174,True
544,Ridge,2027-07-03 21:10:00,134.0,140.99383633497814,True
544,Ridge,2027-07-03 21:15:00,127.0,147.80718874942582,True
544,Ridge,2027-07-03 21:20:00,122.0,144.68890130298,True
544,Ridge,2027-07-03 21:25:00,124.0,145.8915994648559,True
544,Ridge,2027-07-03 21:30:00,125.0,144.2626949530092,True
544,Ridge,2027-07-03 21:35:00,126.0,134.88722251051732,True
544,Ridge,2027-07-03 21:40:00,128.0,128.31634283040094,True
544,Ridge,2027-07-03 21:45:00,133.0,117.82129044899881,True
544,Ridge,2027-07-03 21:50:00,138.0,115.26607431290995,True
544,Ridge,2027-07-03 21:55:00,140.0,126.64314259833368,True
544,Ridge,2027-07-03 22:00:00,137.0,126.64259964755612,True
544,Ridge,2027-07-03 22:05:00,144.0,128.77455851777285,True
544,Ridge,2027-07-03 22:10:00,161.0,132.65802642134813,True
544,Ridge,2027-07-03 22:15:00,174.0,142.13315263554807,True
544,Ridge,2027-07-03 22:20:00,184.0,147.35888723865642,True
544,Ridge,2027-07-03 22:25:00,194.0,145.83082544008286,True
544,Ridge,2027-07-03 22:30:00,204.0,136.33169800239494,True
544,Ridge,2027-07-03 22:35:00,213.0,156.72994784556832,True
544,Ridge,2027-07-03 22:40:00,217.0,186.3569955546336,True
544,Ridge,2027-07-03 22:45:00,222.0,194.1978385345192,True
544,Ridge,2027-07-03 22:50:00,225.0,200.98812732516544,True
544,Ridge,2027-07-03 22:55:00,228.0,210.73684230637218,True
544,Ridge,2027-07-03 23:00:00,229.0,220.1464832951732,True
544,Ridge,2027-07-03 23:05:00,231.0,227.3036515886198,True
544,Ridge,2027-07-03 23:10:00,234.0,224.08028565775277,True
544,Ridge,2027-07-03 23:15:00,235.0,229.93028714094964,True
544,Ridge,2027-07-03 23:20:00,239.0,228.84909738918373,True
544,Ridge,2027-07-03 23:25:00,242.0,227.6785103168856,True
544,Ridge,2027-07-03 23:30:00,246.0,227.64864331570928,True
544,Ridge,2027-07-03 23:35:00,249.0,230.7958525740296,True
544,Ridge,2027-07-03 23:40:00,253.0,234.63389898315233,True
544,Ridge,2027-07-03 23:45:00,257.0,232.22027911855514,True
544,Ridge,2027-07-03 23:50:00,261.0,239.8619088563596,True
544,Ridge,2027-07-03 23:55:00,267.0,240.9402419715401,True
544,Ridge,2027-07-04 00:00:00,272.0,246.236476586609,True
544,Ridge,2027-07-04 00:05:00,279.0,247.36069519453565,True
544,Ridge,2027-07-04 00:10:00,286.0,252.39768860257652,True
544,Ridge,2027-07-04 00:15:00,291.0,256.05200408044317,True
544,Ridge,2027-07-04 00:20:00,298.0,259.7621555876355,True
544,Ridge,2027-07-04 00:25:00,303.0,268.0842409541917,True
544,Ridge,2027-07-04 00:30:00,306.0,271.2857852091875,True
544,Ridge,2027-07-04 00:35:00,305.0,280.85311306500466,True
544,Ridge,2027-07-04 00:40:00,299.0,287.3093418409555,True
544,Ridge,2027-07-04 00:45:00,292.0,289.33973366724047,True
544,Ridge,2027-07-04 00:50:00,285.0,298.7378719185671,True
544,Ridge,2027-07-04 00:55:00,280.0,300.32196299643067,True
544,Ridge,2027-07-04 01:00:00,278.0,300.36250816621157,True
544,Ridge,2027-07-04 01:05:00,278.0,293.28143204600775,True
544,Ridge,2027-07-04 01:10:00,280.0,279.9014298232138,True
544,Ridge,2027-07-04 01:15:00,281.0,270.52744163761304,True
544,Ridge,2027-07-04 01:20:00,281.0,262.1434846655413,True
544,Ridge,2027-07-04 01:25:00,275.0,259.0195188280558,True
544,Ridge,2027-07-04 01:30:00,266.0,260.63414520964864,True
544,Ridge,2027-07-04 01:35:00,260.0,263.56150775391694,True
544,Ridge,2027-07-04 01:40:00,252.0,268.8094875197645,True
544,Ridge,2027-07-04 01:45:00,247.0,269.0523574435393,True
544,Ridge,2027-07-04 01:50:00,240.0,268.41444559258144,True
544,Ridge,2027-07-04 01:55:00,237.0,254.3887681570913,True
544,Ridge,2027-07-04 02:00:00,233.0,241.20187654049147,True
544,Ridge,2027-07-04 02:05:00,228.0,238.51379492876654,True
544,Ridge,2027-07-04 02:10:00,226.0,227.12762127368813,True
544,Ridge,2027-07-04 02:15:00,227.0,226.43373342372163,True
544,Ridge,2027-07-04 02:20:00,227.0,216.7213910241776,True
544,Ridge,2027-07-04 02:25:00,227.0,220.01265965439313,True
544,Ridge,2027-07-04 02:30:00,226.0,215.0016295622487,True
544,Ridge,2027-07-04 02:35:00,227.0,209.68910276459366,True
544,Ridge,2027-07-04 02:40:00,229.0,212.44892064365982,True
544,Ridge,2027-07-04 02:45:00,231.0,218.13549648255938,True
544,Ridge,2027-07-04 02:50:00,238.0,217.5735064186518,True
544,Ridge,2027-07-04 02:55:00,240.0,218.33169230301215,True
544,Ridge,2027-07-04 03:00:00,240.0,216.56570403017588,True
544,Ridge,2027-07-04 03:05:00,241.0,220.84543033925678,True
544,Ridge,2027-07-04 03:10:00,239.0,224.33281722937522,True
544,Ridge,2027-07-04 03:15:00,234.0,226.77726619538694,True
544,Ridge,2027-07-04 03:20:00,232.0,240.73847721467746,True
544,Ridge,2027-07-04 03:25:00,230.0,236.03132760471112,True
544,Ridge,2027-07-04 03:30:00,228.0,233.82560788105684,True
544,Ridge,2027-07-04 03:35:00,225.0,235.8192832916152,True
544,Ridge,2027-07-04 03:40:00,223.0,229.66904213944082,True
544,Ridge,2027-07-04 03:45:00,221.0,220.58326940257797,True
544,Ridge,2027-07-04 03:50:00,223.0,222.04032347163712,True
544,Ridge,2027-07-04 03:55:00,225.0,219.43488262071233,True
544,Ridge,2027-07-04 04:00:00,223.0,217.4002328826705,True
544,Ridge,2027-07-04 04:05:00,221.0,213.00883172597068,True
544,Ridge,2027-07-04 04:10:00,218.0,212.5325438566257,True
544,Ridge,2027-07-04 04:15:00,216.0,210.5762006342935,True
544,Ridge,2027-07-04 04:20:00,214.0,218.37319258738776,True
544,Ridge,2027-07-04 04:25:00,213.0,220.43242047573602,True
544,Ridge,2027-07-04 04:30:00,211.0,213.63569743273018,True
544,Ridge,2027-07-04 04:35:00,209.0,211.93682637477193,True
544,Ridge,2027-07-04 04:40:00,207.0,207.2013047160732,True
544,Ridge,2027-07-04 04:45:00,205.0,206.53972101890793,True
544,Ridge,2027-07-04 04:50:00,202.0,204.52182045119903,True
544,Ridge,2027-07-04 04:55:00,200.0,205.10617834726634,True
544,Ridge,2027-07-04 05:00:00,200.0,201.84688617852626,True
544,Ridge,2027-07-04 05:05:00,200.0,200.04946463258335,True
544,Ridge,2027-07-04 05:10:00,198.0,198.1359839933624,True
544,Ridge,2027-07-04 05:15:00,195.0,196.3557659458786,True
544,Ridge,2027-07-04 05:20:00,191.0,192.25713430771452,True
544,Ridge,2027-07-04 05:25:00,188.0,191.73636128940487,True
544,Ridge,2027-07-04 05:30:00,185.0,194.4539538854621,True
544,Ridge,2027-07-04 05:35:00,183.0,194.75486649871672,True
544,Ridge,2027-07-04 05:40:00,180.0,190.45737456498316,True
544,Ridge,2027-07-04 05:45:00,175.0,186.4068517551531,True
544,Ridge,2027-07-04 05:50:00,173.0,181.0113973551175,True
544,Ridge,2027-07-04 05:55:00,174.0,179.34864858655465,True
544,Ridge,2027-07-04 06:00:00,171.0,176.2684449693976,True
544,Ridge,2027-07-04 06:05:00,170.0,175.8946432197781,True
544,Ridge,2027-07-04 06:10:00,168.0,171.73713922453268,True
544,Ridge,2027-07-04 06:15:00,163.0,164.28974061546788,True
544,Ridge,2027-07-04 06:20:00,159.0,166.53012043621516,True
544,Ridge,2027-07-04 06:25:00,156.0,171.78922711495653,True
544,Ridge,2027-07-04 06:30:00,154.0,163.95268566877553,True
544,Ridge,2027-07-04 06:35:00,151.0,166.37761878012049,True
544,Ridge,2027-07-04 06:40:00,149.0,162.99027105956256,True
544,Ridge,2027-07-04 06:45:00,147.0,154.22268411594052,True
544,Ridge,2027-07-04 06:50:00,145.0,151.59924796093924,True
544,Ridge,2027-07-04 06:55:00,144.0,149.92209259977022,True
544,Ridge,2027-07-04 07:00:00,144.0,149.57316558664732,True
544,Ridge,2027-07-04 07:05:00,144.0,145.49651180822877,True
544,Ridge,2027-07-04 07:10:00,144.0,145.26467224409308,True
544,Ridge,2027-07-04 07:15:00,144.0,143.5134759712854,True
544,Ridge,2027-07-04 07:20:00,144.0,142.05576685422105,True
544,Ridge,2027-07-04 07:25:00,144.0,142.7962039078393,True
544,Ridge,2027-07-04 10:15:00,126.0,159.73533291035238,False
544,Ridge,2027-07-04 10:20:00,123.0,159.74718349829536,False
544,Ridge,2027-07-04 10:25:00,118.0,159.7590185766997,False
544,Ridge,2027-07-04 10:30:00,119.0,166.80694863759197,False
544,Ridge,2027-07-04 10:35:00,122.0,165.81684733061613,False
544,Ridge,2027-07-04 10:40:00,125.0,164.86347395542268,False
544,Ridge,2027-07-04 10:45:00,120.0,133.65649996399736,True
544,Ridge,2027-07-04 10:50:00,111.0,125.34359196563821,True
544,Ridge,2027-07-04 10:55:00,104.0,114.55100214581255,True
544,Ridge,2027-07-04 11:00:00,100.0,121.95766390958332,True
544,Ridge,2027-07-04 11:05:00,105.0,126.6516780886885,True
544,Ridge,2027-07-04 11:10:00,119.0,131.45619247260322,True
544,Ridge,2027-07-04 11:15:00,127.0,115.02577186919063,True
544,Ridge,2027-07-04 11:20:00,132.0,100.15982002450937,True
544,Ridge,2027-07-04 11:25:00,133.0,95.80080465052094,True
544,Ridge,2027-07-04 11:30:00,132.0,96.04050862657733,True
544,Ridge,2027-07-04 11:35:00,131.0,113.65057414104379,True
544,Ridge,2027-07-04 11:40:00,131.0,140.4373270594466,True
544,Ridge,2027-07-04 11:45:00,131.0,167.63635635678742,True
544,Ridge,2027-07-04 11:50:00,131.0,165.95554941594463,True
544,Ridge,2027-07-04 11:55:00,130.0,157.95555989821895,True
544,Ridge,2027-07-04 12:00:00,132.0,145.79077728494556,True
544,Ridge,2027-07-04 12:05:00,145.0,137.79305482509156,True
544,Ridge,2027-07-04 12:10:00,150.0,133.31731344262917,True
544,Ridge,2027-07-04 12:15:00,146.0,126.65370996871678,True
544,Ridge,2027-07-04 12:20:00,144.0,122.95659085904043,True
544,Ridge,2027-07-04 12:25:00,140.0,118.87454853545495,True
544,Ridge,2027-07-04 12:30:00,136.0,125.45803243062538,True
544,Ridge,2027-07-04 12:35:00,133.0,153.26389147950624,True
544,Ridge,2027-07-04 12:40:00,129.0,147.87027654519744,True
544,Ridge,2027-07-04 12:45:00,122.0,135.73692599719328,True
544,Ridge,2027-07-04 12:50:00,105.0,136.6451242498224,True
544,Ridge,2027-07-04 12:55:00,97.0,129.6442180740901,True
544,Ridge,2027-07-04 13:00:00,91.0,126.08964853524652,True
544,Ridge,2027-07-04 13:05:00,81.0,124.46457536475033,True
544,Ridge,2027-07-04 13:10:00,77.0,119.57999724630282,True
544,Ridge,2027-07-04 13:15:00,81.0,108.81116728718979,True
544,Ridge,2027-07-04 13:20:00,86.0,78.07613658313758,True
544,Ridge,2027-07-04 13:25:00,89.0,82.4867298795369,True
544,Ridge,2027-07-04 13:30:00,94.0,78.88509166106641,True
544,Ridge,2027-07-04 13:35:00,98.0,64.95592321974802,True
544,Ridge,2027-07-04 13:40:00,99.0,69.92888848719835,True
544,Ridge,2027-07-04 13:45:00,102.0,85.6678004816733,True
544,Ridge,2027-07-04 13:50:00,107.0,93.85816795722953,True
544,Ridge,2027-07-04 13:55:00,112.0,96.03378103526832,True
544,Ridge,2027-07-04 14:00:00,118.0,105.2038428258306,True
544,Ridge,2027-07-04 14:05:00,123.0,108.68180341416982,True
544,Ridge,2027-07-04 14:10:00,120.0,106.43259189617025,True
544,Ridge,2027-07-04 14:15:00,112.0,112.4303749702409,True
544,Ridge,2027-07-04 14:20:00,103.0,120.05866077991351,True
544,Ridge,2027-07-04 14:25:00,94.0,125.61734877879931,True
544,Ridge,2027-07-04 14:30:00,85.0,132.1831372962053,True
544,Ridge,2027-07-04 14:35:00,76.0,136.3438999429598,True
544,Ridge,2027-07-04 14:40:00,73.0,122.82598282650088,True
544,Ridge,2027-07-04 14:45:00,72.0,108.18241217951885,True
544,Ridge,2027-07-04 14:50:00,71.0,96.72002427852644,True
544,Ridge,2027-07-04 14:55:00,67.0,86.49986658238834,True
544,Ridge,2027-07-04 15:00:00,65.0,76.72405964543908,True
544,Ridge,2027-07-04 15:05:00,74.0,67.28170174044094,True
544,Ridge,2027-07-04 15:10:00,89.0,72.51030549738074,True
544,Ridge,2027-07-04 15:15:00,94.0,74.66771073666236,True
544,Ridge,2027-07-04 15:20:00,107.0,74.95971978498471,True
544,Ridge,2027-07-04 15:25:00,120.0,68.0155046762675,True
544,Ridge,2027-07-04 15:30:00,135.0,69.76207391598861,True
544,Ridge,2027-07-04 15:35:00,147.0,94.06913075159872,True
544,Ridge,2027-07-04 15:40:00,155.0,117.26324649171323,True
544,Ridge,2027-07-04 15:45:00,152.0,106.74778982288959,True
544,Ridge,2027-07-04 15:50:00,146.0,134.34947000571722,True
544,Ridge,2027-07-04 15:55:00,144.0,146.6404967779551,True
544,Ridge,2027-07-04 16:00:00,148.0,165.14132953509267,True
544,Ridge,2027-07-04 16:05:00,148.0,172.98736640152788,True
544,Ridge,2027-07-04 16:10:00,148.0,175.8127740856558,True
544,Ridge,2027-07-04 16:15:00,148.0,157.44464103459833,True
544,Ridge,2027-07-04 16:20:00,246.0,146.44864885574768,True
544,Ridge,2027-07-04 16:25:00,262.0,148.10219602901918,True
544,Ridge,2027-07-04 16:30:00,271.0,159.11893421645138,True
544,Ridge,2027-07-04 16:35:00,277.0,153.26367657105692,True
544,Ridge,2027-07-04 16:40:00,280.0,153.19714490853067,True
544,Ridge,2027-07-04 16:45:00,279.0,152.161834780104,True
544,Ridge,2027-07-04 16:50:00,278.0,381.1259461196352,True
544,Ridge,2027-07-04 16:55:00,273.0,283.135151110384,True
544,Ridge,2027-07-04 17:00:00,267.0,292.43802835044744,True
544,Ridge,2027-07-04 17:05:00,266.0,287.595403720111,True
544,Ridge,2027-07-04 17:10:00,267.0,285.46543073254776,True
544,Ridge,2027-07-04 17:15:00,268.0,278.0504935458756,True
544,Ridge,2027-07-04 17:20:00,265.0,274.9631430597432,True
544,Ridge,2027-07-04 17:25:00,266.0,263.30574774654013,True
544,Ridge,2027-07-04 17:30:00,274.0,253.3616030663738,True
544,Ridge,2027-07-04 17:35:00,279.0,256.3267903148006,True
544,Ridge,2027-07-04 17:40:00,274.0,258.7804100415389,True
544,Ridge,2027-07-04 17:45:00,275.0,297.00541714950435,True
544,Ridge,2027-07-04 17:50:00,280.0,286.05376986191095,True
544,Ridge,2027-07-04 17:55:00,280.0,284.61050513551163,True
544,Ridge,2027-07-04 18:00:00,274.0,288.91999481697604,True
544,Ridge,2027-07-04 18:05:00,270.0,280.1210130432339,True
544,Ridge,2027-07-04 18:10:00,268.0,254.48017334834856,True
544,Ridge,2027-07-04 18:15:00,270.0,255.06906738101512,True
544,Ridge,2027-07-04 18:20:00,272.0,259.9021029873927,True
544,Ridge,2027-07-04 18:25:00,289.0,251.1220077060949,True
544,Ridge,2027-07-04 18:30:00,307.0,237.8283783378584,True
544,Ridge,2027-07-04 18:35:00,313.0,236.22549004839905,True
544,Ridge,2027-07-04 18:40:00,313.0,236.63141770304713,True
544,Ridge,2027-07-04 18:45:00,314.0,248.1921752683475,True
544,Ridge,2027-07-04 18:50:00,316.0,251.3129519960329,True
544,Ridge,2027-07-04 18:55:00,312.0,290.3285720817428,True
544,Ridge,2027-07-04 19:00:00,304.0,310.24271200025106,True
544,Ridge,2027-07-04 19:05:00,298.0,301.6967977113631,True
544,Ridge,2027-07-04 19:10:00,304.0,294.5535296614269,True
544,Ridge,2027-07-04 19:15:00,311.0,297.11830685255825,True
544,Ridge,2027-07-04 19:20:00,313.0,300.5716804914616,True
544,Ridge,2027-07-04 19:25:00,320.0,288.4207242273382,True
544,Ridge,2027-07-04 19:30:00,321.0,274.7628666562395,True
544,Ridge,2027-07-04 19:35:00,314.0,270.72611694556264,True
544,Ridge,2027-07-04 19:40:00,312.0,292.45558243196956,True
544,Ridge,2027-07-04 19:45:00,310.0,300.8238405459365,True
544,Ridge,2027-07-04 19:50:00,301.0,297.63080147790174,True
544,Ridge,2027-07-04 19:55:00,293.0,312.56253648009044,True
544,Ridge,2027-07-04 20:00:00,293.0,305.1096889899254,True
544,Ridge,2027-07-04 20:05:00,301.0,287.64895664069434,True
544,Ridge,2027-07-04 20:10:00,307.0,292.1895798250574,True
544,Ridge,2027-07-04 20:15:00,306.0,289.6304538052633,True
544,Ridge,2027-07-04 20:20:00,300.0,271.1524783661687,True
544,Ridge,2027-07-04 20:25:00,296.0,264.0191333378966,True
544,Ridge,2027-07-04 20:30:00,296.0,274.35478032306094,True
544,Ridge,2027-07-04 20:35:00,292.0,293.709890414642,True
544,Ridge,2027-07-04 20:40:00,284.0,298.30161343212933,True
544,Ridge,2027-07-04 20:45:00,273.0,289.1500767231326,True
544,Ridge,2027-07-04 20:50:00,262.0,276.84273148554894,True
544,RandomForest,2027-06-24 00:00:00,139.0,150.87789358328365,True
544,RandomForest,2027-06-24 00:05:00,135.0,145.152930777321,True
544,RandomForest,2027-06-24 00:10:00,133.0,139.6140565955732,True
544,RandomForest,2027-06-24 00:15:00,130.0,136.30109437623776,True
544,RandomForest,2027-06-24 00:20:00,125.0,133.1270726978636,True
544,RandomForest,2027-06-24 00:25:00,121.0,130.6648906511693,True
544,RandomForest,2027-06-24 00:30:00,117.0,133.0556763381332,True
544,RandomForest,2027-06-24 00:35:00,113.0,124.73895879143754,True
544,RandomForest,2027-06-24 00:40:00,110.0,127.96107326891186,True
544,RandomForest,2027-06-24 00:45:00,107.0,121.24909486067462,True
544,RandomForest,2027-06-24 00:50:00,105.0,113.89825001108453,True
544,RandomForest,2027-06-24 00:55:00,103.0,108.08565581098446,True
544,RandomForest,2027-06-24 01:00:00,100.0,105.12487759683754,True
544,RandomForest,2027-06-24 01:05:00,98.0,98.30009378604497,True
544,RandomForest,2027-06-24 01:10:00,96.0,99.58332412335999,True
544,RandomForest,2027-06-24 01:15:00,93.0,97.57318474210399,True
544,RandomForest,2027-06-24 01:20:00,91.0,95.72514254424624,True
544,RandomForest,2027-06-24 01:25:00,89.0,94.42155876805099,True
544,RandomForest,2027-06-24 01:30:00,88.0,91.19132745477943,True
544,RandomForest,2027-06-24 01:35:00,87.0,90.17895609183114,True
544,RandomForest,2027-06-24 01:40:00,85.0,87.24544442740788,True
544,RandomForest,2027-06-24 01:45:00,83.0,86.68322910747949,True
544,RandomForest,2027-06-24 01:50:00,81.0,86.3279127683705,True
544,RandomForest,2027-06-24 01:55:00,79.0,84.00290055817318,True
544,RandomForest,2027-06-24 02:00:00,77.0,84.41579862482837,True
544,RandomForest,2027-06-24 02:05:00,76.0,83.4128673667436,True
544,RandomForest,2027-06-24 02:10:00,75.0,82.5234901557303,True
544,RandomForest,2027-06-24 02:15:00,74.0,81.3564916196886,True
544,RandomForest,2027-06-24 02:20:00,75.0,77.82041253778581,True
544,RandomForest,2027-06-24 02:25:00,75.0,77.69347643123348,True
544,RandomForest,2027-06-24 02:30:00,75.0,72.97469919522108,True
544,RandomForest,2027-06-24 02:35:00,77.0,72.69093081894133,True
544,RandomForest,2027-06-24 02:40:00,81.0,72.17798838860917,True
544,RandomForest,2027-06-24 02:45:00,79.0,72.11609904987773,True
544,RandomForest,2027-06-24 02:50:00,76.0,79.26153024105794,True
544,RandomForest,2027-06-24 02:55:00,75.0,77.03994423058931,True
544,RandomForest,2027-06-24 03:00:00,73.0,77.39188808549487,True
544,RandomForest,2027-06-24 03:05:00,72.0,83.6015173378396,True
544,RandomForest,2027-06-24 03:10:00,72.0,96.26043174379649,True
544,RandomForest,2027-06-24 03:15:00,73.0,78.48453546550525,True
544,RandomForest,2027-06-24 03:20:00,73.0,73.22652049217372,True
544,RandomForest,2027-06-24 03:25:00,73.0,74.64379695452647,True
544,RandomForest,2027-06-24 03:30:00,75.0,73.36720772473954,True
544,RandomForest,2027-06-24 03:35:00,74.0,73.63671292873211,True
544,RandomForest,2027-06-24 03:40:00,74.0,78.28106236837702,True
544,RandomForest,2027-06-24 03:45:00,74.0,79.106127792729,True
544,RandomForest,2027-06-24 03:50:00,72.0,79.166893229764,True
544,RandomForest,2027-06-24 03:55:00,70.0,78.71040333937148,True
544,RandomForest,2027-06-24 04:00:00,69.0,86.81613858608229,True
544,RandomForest,2027-06-24 04:05:00,67.0,77.5594842457341,True
544,RandomForest,2027-06-24 04:10:00,70.0,78.3203346771504,True
544,RandomForest,2027-06-24 04:15:00,71.0,77.95124975868747,True
544,RandomForest,2027-06-24 04:20:00,71.0,74.84934556056717,True
544,RandomForest,2027-06-24 04:25:00,71.0,71.49163041489868,True
544,RandomForest,2027-06-24 04:30:00,70.0,72.95134164628944,True
544,RandomForest,2027-06-24 04:35:00,70.0,71.37196212201974,True
544,RandomForest,2027-06-24 04:40:00,72.0,88.84798508415258,True
544,RandomForest,2027-06-24 04:45:00,71.0,78.28781708309785,True
544,RandomForest,2027-06-24 04:50:00,71.0,77.45539430788534,True
544,RandomForest,2027-06-24 04:55:00,71.0,77.65291122505913,True
544,RandomForest,2027-06-24 05:00:00,71.0,74.45417231445467,True
544,RandomForest,2027-06-24 05:05:00,71.0,73.62887705224279,True
544,RandomForest,2027-06-24 05:10:00,73.0,84.77024633668381,True
544,RandomForest,2027-06-24 05:15:00,73.0,75.20184086298012,True
544,RandomForest,2027-06-24 05:20:00,72.0,76.50623163859433,True
544,RandomForest,2027-06-24 05:25:00,69.0,76.22024478712851,True
544,RandomForest,2027-06-24 05:30:00,69.0,76.4189607815295,True
544,RandomForest,2027-06-24 05:35:00,73.0,76.83319995881904,True
544,RandomForest,2027-06-24 05:40:00,76.0,84.7037907107213,True
544,RandomForest,2027-06-24 05:45:00,74.0,79.12821003255092,True
544,RandomForest,2027-06-24 05:50:00,72.0,76.51728745198005,True
544,RandomForest,2027-06-24 05:55:00,71.0,74.92116071050597,True
544,RandomForest,2027-06-24 06:00:00,73.0,76.2438607237408,True
544,RandomForest,2027-06-24 06:05:00,72.0,89.54563276980713,True
544,RandomForest,2027-06-24 06:10:00,71.0,87.53613194235042,True
544,RandomForest,2027-06-24 06:15:00,69.0,79.16440204122627,True
544,RandomForest,2027-06-24 06:20:00,67.0,76.90533336390158,True
544,RandomForest,2027-06-24 06:25:00,66.0,77.88652164112922,True
544,RandomForest,2027-06-24 06:30:00,65.0,86.18454592777078,True
544,RandomForest,2027-06-24 06:35:00,65.0,78.78948884665606,True
544,RandomForest,2027-06-24 06:40:00,66.0,76.556146626213,True
544,RandomForest,2027-06-24 06:45:00,64.0,74.80919393056628,True
544,RandomForest,2027-06-24 06:50:00,65.0,76.49251634955773,True
544,RandomForest,2027-06-24 06:55:00,64.0,75.6309273155181,True
544,RandomForest,2027-06-24 07:00:00,63.0,74.38197176576088,True
544,RandomForest,2027-06-24 07:05:00,62.0,78.64866680345307,True
544,RandomForest,2027-06-24 07:10:00,62.0,81.18541111247177,True
544,RandomForest,2027-06-24 07:15:00,63.0,77.48536350878913,True
544,RandomForest,2027-06-24 07:20:00,62.0,84.50144650967488,True
544,RandomForest,2027-06-24 07:25:00,63.0,78.27667825379372,True
544,RandomForest,2027-06-24 07:30:00,63.0,79.21884783138879,True
544,RandomForest,2027-06-24 07:35:00,63.0,76.27883136790655,True
544,RandomForest,2027-06-24 07:40:00,63.0,79.40958499121898,True
544,RandomForest,2027-06-24 07:45:00,67.0,77.39204655675184,True
544,RandomForest,2027-06-24 07:50:00,69.0,73.56212908339023,True
544,RandomForest,2027-06-24 07:55:00,71.0,77.10776554700308,True
544,RandomForest,2027-06-24 08:00:00,75.0,78.37027207305611,True
544,RandomForest,2027-06-24 08:05:00,83.0,75.77993593523993,True
544,RandomForest,2027-06-24 08:10:00,89.0,76.3313593096211,True
544,RandomForest,2027-06-24 08:15:00,99.0,91.31648578633101,True
544,RandomForest,2027-06-24 08:20:00,109.0,91.02375915628423,True
544,RandomForest,2027-06-24 08:25:00,112.0,92.66481780772762,True
544,RandomForest,2027-06-24 08:30:00,119.0,102.67379303535175,True
544,RandomForest,2027-06-24 08:35:00,127.0,126.15188173029283,True
544,RandomForest,2027-06-24 08:40:00,132.0,118.60089503123545,True
544,RandomForest,2027-06-24 08:45:00,134.0,155.43509253714984,True
544,RandomForest,2027-06-24 08:50:00,143.0,152.34674273483049,True
544,RandomForest,2027-06-24 08:55:00,155.0,131.18098820013827,True
544,RandomForest,2027-06-24 09:00:00,166.0,150.29304896039014,True
544,RandomForest,2027-06-24 09:05:00,170.0,156.46474991601258,True
544,RandomForest,2027-06-24 09:10:00,168.0,148.21824773703608,True
544,RandomForest,2027-06-24 09:15:00,165.0,147.00162514896053,True
544,RandomForest,2027-06-24 09:20:00,163.0,171.97942866229877,True
544,RandomForest,2027-06-24 09:25:00,164.0,186.43637838689403,True
544,RandomForest,2027-06-24 09:30:00,164.0,196.88739971868256,True
544,RandomForest,2027-06-24 09:35:00,164.0,175.92180863216942,True
544,RandomForest,2027-06-24 09:40:00,165.0,167.46727186056486,True
544,RandomForest,2027-06-24 09:45:00,165.0,161.6261585579535,True
544,RandomForest,2027-06-24 09:50:00,168.0,156.87412297538435,True
544,RandomForest,2027-06-24 09:55:00,170.0,164.7618888821776,True
544,RandomForest,2027-06-24 10:00:00,170.0,166.31086292632378,True
544,RandomForest,2027-06-24 10:05:00,171.0,167.34001213979928,True
544,RandomForest,2027-06-24 10:10:00,168.0,166.77563424358013,True
544,RandomForest,2027-06-24 10:15:00,167.0,166.06439503810958,True
544,RandomForest,2027-06-24 10:20:00,166.0,178.4027044968053,True
544,RandomForest,2027-06-24 10:25:00,166.0,176.83854097399052,True
544,RandomForest,2027-06-24 10:30:00,165.0,172.57426861069027,True
544,RandomForest,2027-06-24 10:35:00,163.0,173.42626364283373,True
544,RandomForest,2027-06-24 10:40:00,165.0,165.89906744968147,True
544,RandomForest,2027-06-24 10:45:00,166.0,164.12876411881956,True
544,RandomForest,2027-06-24 10:50:00,166.0,162.51470963016862,True
544,RandomForest,2027-06-24 10:55:00,166.0,165.26057387273184,True
544,RandomForest,2027-06-24 11:00:00,156.0,160.01507935288092,True
544,RandomForest,2027-06-24 11:05:00,154.0,156.26111187676617,True
544,RandomForest,2027-06-24 11:10:00,156.0,168.3037641933845,True
544,RandomForest,2027-06-24 11:15:00,155.0,165.12254016457234,True
544,RandomForest,2027-06-24 11:20:00,155.0,164.38003807406562,True
544,RandomForest,2027-06-24 11:25:00,152.0,165.5821482220491,True
544,RandomForest,2027-06-24 11:30:00,149.0,149.56121266235115,True
544,RandomForest,2027-06-24 11:35:00,146.0,149.48372313566603,True
544,RandomForest,2027-06-24 11:40:00,140.0,161.09253303967458,True
544,RandomForest,2027-06-24 11:45:00,138.0,152.4534310343994,True
544,RandomForest,2027-06-24 11:50:00,137.0,165.45538971347705,True
544,RandomForest,2027-06-24 11:55:00,131.0,143.8061254007169,True
544,RandomForest,2027-06-24 12:00:00,127.0,144.579379151942,True
544,RandomForest,2027-06-24 12:05:00,125.0,143.31321699162038,True
544,RandomForest,2027-06-24 12:10:00,129.0,134.48852618331657,True
544,RandomForest,2027-06-24 12:15:00,133.0,135.8228653273521,True
544,RandomForest,2027-06-24 12:20:00,136.0,137.21714890483244,True
544,RandomForest,2027-06-24 12:25:00,138.0,119.68663118846356,True
544,RandomForest,2027-06-24 12:30:00,147.0,116.16582518132958,True
544,RandomForest,2027-06-24 12:35:00,148.0,119.78985890148189,True
544,RandomForest,2027-06-24 12:40:00,153.0,136.88894222619015,True
544,RandomForest,2027-06-24 12:45:00,166.0,162.6240261835137,True
544,RandomForest,2027-06-24 12:50:00,174.0,161.25204136157643,True
544,RandomForest,2027-06-24 12:55:00,183.0,160.92958735287982,True
544,RandomForest,2027-06-24 13:00:00,190.0,176.41160721403065,True
544,RandomForest,2027-06-24 13:05:00,194.0,165.0490218418676,True
544,RandomForest,2027-06-24 13:10:00,200.0,167.00510899118214,True
544,RandomForest,2027-06-24 13:15:00,216.0,180.28035231000845,True
544,RandomForest,2027-06-24 13:20:00,220.0,189.2820522726281,True
544,RandomForest,2027-06-24 13:25:00,221.0,196.27939118144306,True
544,RandomForest,2027-06-24 13:30:00,225.0,195.9723789456561,True
544,RandomForest,2027-06-24 13:35:00,236.0,193.76369129706416,True
544,RandomForest,2027-06-24 13:40:00,245.0,209.7704771632118,True
544,RandomForest,2027-06-24 13:45:00,241.0,231.2470892186588,True
544,RandomForest,2027-06-24 13:50:00,243.0,225.53844008042245,True
544,RandomForest,2027-06-24 13:55:00,245.0,216.8994604630182,True
544,RandomForest,2027-06-24 14:00:00,250.0,231.21327926297144,True
544,RandomForest,2027-06-24 14:05:00,257.0,246.49754197427134,True
544,RandomForest,2027-06-24 14:10:00,273.0,262.86525681050546,True
544,RandomForest,2027-06-24 14:15:00,281.0,223.16638063510433,True
544,RandomForest,2027-06-24 14:20:00,288.0,243.3586374960703,True
544,RandomForest,2027-06-24 14:25:00,292.0,236.1385123730124,True
544,RandomForest,2027-06-24 14:30:00,295.0,253.60095374954372,True
544,RandomForest,2027-06-24 14:35:00,297.0,269.537105224721,True
544,RandomForest,2027-06-24 14:40:00,297.0,286.02982193564947,True
544,RandomForest,2027-06-24 14:45:00,295.0,293.78110466946174,True
544,RandomForest,2027-06-24 14:50:00,290.0,296.35596981858384,True
544,RandomForest,2027-06-24 14:55:00,287.0,288.87824107365884,True
544,RandomForest,2027-06-24 15:00:00,280.0,292.4848057593792,True
544,RandomForest,2027-06-24 15:05:00,265.0,287.16483220075037,True
544,RandomForest,2027-06-24 15:10:00,262.0,279.49249398406045,True
544,RandomForest,2027-06-24 15:15:00,256.0,270.6508564975375,True
544,RandomForest,2027-06-24 15:20:00,243.0,258.4473930680784,True
544,RandomForest,2027-06-24 15:25:00,232.0,264.3811718570668,True
544,RandomForest,2027-06-24 15:30:00,224.0,244.94709859593166,True
544,RandomForest,2027-06-24 15:35:00,215.0,229.0532605361807,True
544,RandomForest,2027-06-24 15:40:00,209.0,228.48524274241075,True
544,RandomForest,2027-06-24 15:45:00,204.0,222.01201111498463,True
544,RandomForest,2027-06-24 15:50:00,197.0,207.13193632567115,True
544,RandomForest,2027-06-24 15:55:00,191.0,188.13095463340372,True
544,RandomForest,2027-06-24 16:00:00,183.0,189.15601064560286,True
544,RandomForest,2027-06-24 16:05:00,175.0,179.36092060536646,True
544,RandomForest,2027-06-24 16:10:00,171.0,179.8876392543641,True
544,RandomForest,2027-06-24 16:15:00,165.0,175.63891520571383,True
544,RandomForest,2027-06-24 16:20:00,159.0,168.81063861833474,True
544,RandomForest,2027-06-24 16:25:00,150.0,171.74116800799186,True
544,RandomForest,2027-06-24 16:30:00,144.0,153.17143044179505,True
544,RandomForest,2027-06-24 16:35:00,142.0,150.06697215774247,True
544,RandomForest,2027-06-24 16:40:00,135.0,153.56461429788095,True
544,RandomForest,2027-06-24 16:45:00,132.0,142.00871602202602,True
544,RandomForest,2027-06-24 16:50:00,127.0,136.1707146634049,True
544,RandomForest,2027-06-24 16:55:00,123.0,124.6990339845137,True
544,RandomForest,2027-06-24 17:00:00,122.0,124.10057379867605,True
544,RandomForest,2027-06-24 17:05:00,120.0,136.87067220064802,True
544,RandomForest,2027-06-24 17:10:00,114.0,114.53799240404499,True
544,RandomForest,2027-06-24 17:15:00,112.0,120.1555059184736,True
544,RandomForest,2027-06-24 17:20:00,107.0,111.70393830414869,True
544,RandomForest,2027-06-24 17:25:00,105.0,108.54704423058134,True
544,RandomForest,2027-06-24 17:30:00,103.0,110.50296620769522,True
544,RandomForest,2027-06-24 17:35:00,98.0,109.25157578520299,True
544,RandomForest,2027-06-24 17:40:00,87.0,102.35782333640094,True
544,RandomForest,2027-06-24 17:45:00,84.0,103.90562572013681,True
544,RandomForest,2027-06-24 17:50:00,90.0,97.50726418180278,True
544,RandomForest,2027-06-24 17:55:00,101.0,108.25432469720745,True
544,RandomForest,2027-06-24 18:00:00,112.0,111.05329277728478,True
544,RandomForest,2027-06-24 18:05:00,122.0,103.12675425444513,True
544,RandomForest,2027-06-24 18:10:00,133.0,92.36608894712253,True
544,RandomForest,2027-06-24 18:15:00,145.0,96.45123679486629,True
544,RandomForest,2027-06-24 18:20:00,153.0,108.37232192739509,True
544,RandomForest,2027-06-24 18:25:00,164.0,134.7190756465756,True
544,RandomForest,2027-06-24 18:30:00,172.0,141.97250936840936,True
544,RandomForest,2027-06-24 18:35:00,178.0,142.25963042746622,True
544,RandomForest,2027-06-24 18:40:00,182.0,149.81172428448576,True
544,RandomForest,2027-06-24 18:45:00,185.0,164.2957538959055,True
544,RandomForest,2027-06-24 18:50:00,188.0,156.46227302493912,True
544,RandomForest,2027-06-24 18:55:00,193.0,179.10129754537334,True
544,RandomForest,2027-06-24 19:00:00,197.0,178.6848870147925,True
544,RandomForest,2027-06-24 19:05:00,198.0,183.35172456322493,True
544,RandomForest,2027-06-24 19:10:00,193.0,177.70546155338923,True
544,RandomForest,2027-06-24 19:15:00,191.0,178.81893213964028,True
544,RandomForest,2027-06-24 19:20:00,189.0,181.75258125582016,True
544,RandomForest,2027-06-24 19:25:00,185.0,197.3078178132697,True
544,RandomForest,2027-06-24 19:30:00,181.0,200.4971063161026,True
544,RandomForest,2027-06-24 19:35:00,179.0,200.12986854917597,True
544,RandomForest,2027-06-24 19:40:00,175.0,175.98607770449783,True
544,RandomForest,2027-06-24 19:45:00,166.0,182.5069997723812,True
544,RandomForest,2027-06-24 19:50:00,158.0,176.19671630087424,True
544,RandomForest,2027-06-24 19:55:00,154.0,166.93309917813826,True
544,RandomForest,2027-06-24 20:00:00,149.0,162.09432540745664,True
544,RandomForest,2027-06-24 20:05:00,144.0,165.0528679045671,True
544,RandomForest,2027-06-24 20:10:00,142.0,157.9724313234597,True
544,RandomForest,2027-06-24 20:15:00,144.0,140.55308001439263,True
544,RandomForest,2027-06-24 20:20:00,147.0,132.86286914666118,True
544,RandomForest,2027-06-24 20:25:00,150.0,138.50677548963426,True
544,RandomForest,2027-06-24 20:30:00,154.0,131.96107277637282,True
544,RandomForest,2027-06-24 20:35:00,159.0,127.08106121194609,True
544,RandomForest,2027-06-24 20:40:00,162.0,132.0186989482138,True
544,RandomForest,2027-06-24 20:45:00,167.0,143.94567127601943,True
544,RandomForest,2027-06-24 20:50:00,170.0,151.9064973582055,True
544,RandomForest,2027-06-24 20:55:00,172.0,153.79868357278616,True
544,RandomForest,2027-06-24 21:00:00,172.0,164.18561219912345,True
544,RandomForest,2027-06-24 21:05:00,171.0,175.8251131975842,True
544,RandomForest,2027-06-24 21:10:00,170.0,167.66840518063913,True
544,RandomForest,2027-06-24 21:15:00,168.0,181.49531081291363,True
544,RandomForest,2027-06-24 21:20:00,166.0,174.29228976679457,True
544,RandomForest,2027-06-24 21:25:00,164.0,172.32258244088186,True
544,RandomForest,2027-06-24 21:30:00,164.0,170.2384519540328,True
544,RandomForest,2027-06-24 21:35:00,160.0,168.09685231462439,True
544,RandomForest,2027-06-24 21:40:00,156.0,167.9823287949854,True
544,RandomForest,2027-06-24 21:45:00,149.0,161.087424011787,True
544,RandomForest,2027-06-24 21:50:00,142.0,157.2998313384952,True
544,RandomForest,2027-06-24 21:55:00,138.0,154.60219908235226,True
544,RandomForest,2027-06-24 22:00:00,139.0,164.75808745111763,True
544,RandomForest,2027-06-24 22:05:00,140.0,149.79608214771724,True
544,RandomForest,2027-06-24 22:10:00,137.0,147.24003702798697,True
544,RandomForest,2027-06-24 22:15:00,135.0,134.7596923717272,True
544,RandomForest,2027-06-24 22:20:00,131.0,123.68202055415189,True
544,RandomForest,2027-06-24 22:25:00,128.0,134.6897487426903,True
544,RandomForest,2027-06-24 22:30:00,125.0,138.3166912630913,True
544,RandomForest,2027-06-24 22:35:00,122.0,141.93480131404158,True
544,RandomForest,2027-06-24 22:40:00,123.0,134.50949404841865,True
544,RandomForest,2027-06-24 22:45:00,122.0,129.33881888584648,True
544,RandomForest,2027-06-24 22:50:00,120.0,123.58102238253774,True
544,RandomForest,2027-06-24 22:55:00,116.0,119.58581636358565,True
544,RandomForest,2027-06-24 23:00:00,110.0,117.7431974611662,True
544,RandomForest,2027-06-24 23:05:00,108.0,112.13227775437419,True
544,RandomForest,2027-06-24 23:10:00,106.0,126.32344100007742,True
544,RandomForest,2027-06-24 23:15:00,106.0,117.52872197223955,True
544,RandomForest,2027-06-24 23:20:00,106.0,114.35717930966841,True
544,RandomForest,2027-06-24 23:25:00,106.0,107.65381427501589,True
544,RandomForest,2027-06-24 23:30:00,107.0,103.93085217736395,True
544,RandomForest,2027-06-24 23:35:00,113.0,102.65130516654511,True
544,RandomForest,2027-06-24 23:40:00,113.0,98.63766752409569,True
544,RandomForest,2027-06-24 23:45:00,114.0,103.92250696079952,True
544,RandomForest,2027-06-24 23:50:00,117.0,102.47820987909512,True
544,RandomForest,2027-06-24 23:55:00,117.0,103.93358690651922,True
544,RandomForest,2027-06-25 00:00:00,117.0,106.60866408399274,True
544,RandomForest,2027-06-25 00:05:00,117.0,126.40270769275804,True
544,RandomForest,2027-06-25 00:10:00,117.0,114.20178213198506,True
544,RandomForest,2027-06-25 00:15:00,117.0,117.65662752311022,True
544,RandomForest,2027-06-25 00:20:00,118.0,123.46496506059152,True
544,RandomForest,2027-06-25 00:25:00,119.0,119.55977414029296,True
544,RandomForest,2027-06-25 00:30:00,120.0,119.50276319107186,True
544,RandomForest,2027-06-25 00:35:00,121.0,119.7704028442491,True
544,RandomForest,2027-06-25 00:40:00,123.0,120.14455690581059,True
544,RandomForest,2027-06-25 00:45:00,124.0,120.02283961359133,True
544,RandomForest,2027-06-25 00:50:00,126.0,120.51823824979823,True
544,RandomForest,2027-06-25 00:55:00,127.0,121.62331603323955,True
544,RandomForest,2027-06-25 01:00:00,128.0,120.94521810374643,True
544,RandomForest,2027-06-25 01:05:00,130.0,123.67995037132494,True
544,RandomForest,2027-06-25 01:10:00,132.0,128.68536562823698,True
544,RandomForest,2027-06-25 01:15:00,136.0,127.72815110391706,True
544,RandomForest,2027-06-25 01:20:00,138.0,132.95550190451385,True
544,RandomForest,2027-06-25 01:25:00,139.0,132.1079660898847,True
544,RandomForest,2027-06-25 01:30:00,139.0,133.9683702125408,True
544,RandomForest,2027-06-25 01:35:00,132.0,136.37926712121282,True
544,RandomForest,2027-06-25 01:40:00,130.0,137.87730720498905,True
544,RandomForest,2027-06-25 01:45:00,128.0,145.88713526183793,True
544,RandomForest,2027-06-25 01:50:00,127.0,146.26992980594085,True
544,RandomForest,2027-06-25 01:55:00,127.0,142.87262008334577,True
544,RandomForest,2027-06-25 02:00:00,128.0,139.21971663624038,True
544,RandomForest,2027-06-25 02:05:00,136.0,129.02648622481007,True
544,RandomForest,2027-06-25 02:10:00,137.0,131.29461657210268,True
544,RandomForest,2027-06-25 02:15:00,137.0,128.79202922968332,True
544,RandomForest,2027-06-25 02:20:00,137.0,125.7145660357418,True
544,RandomForest,2027-06-25 02:25:00,137.0,129.0823635852129,True
544,RandomForest,2027-06-25 02:30:00,137.0,131.28140135533636,True
544,RandomForest,2027-06-25 02:35:00,138.0,149.3303492912337,True
544,RandomForest,2027-06-25 02:40:00,138.0,138.88337835834804,True
544,RandomForest,2027-06-25 02:45:00,140.0,138.0136389237891,True
544,RandomForest,2027-06-25 02:50:00,141.0,137.82118600462832,True
544,RandomForest,2027-06-25 02:55:00,141.0,136.21534182552085,True
544,RandomForest,2027-06-25 03:00:00,140.0,137.86891501718588,True
544,RandomForest,2027-06-25 03:05:00,140.0,142.17243449346205,True
544,RandomForest,2027-06-25 03:10:00,140.0,138.27201914174213,True
544,RandomForest,2027-06-25 03:15:00,139.0,147.8669996452472,True
544,RandomForest,2027-06-25 03:20:00,138.0,143.77029381345795,True
544,RandomForest,2027-06-25 03:25:00,135.0,142.03978494537625,True
544,RandomForest,2027-06-25 03:30:00,132.0,138.74431739884568,True
544,RandomForest,2027-06-25 03:35:00,130.0,138.96703652373526,True
544,RandomForest,2027-06-25 03:40:00,129.0,139.43085615360968,True
544,RandomForest,2027-06-25 03:45:00,129.0,138.10094934211833,True
544,RandomForest,2027-06-25 03:50:00,129.0,137.57295874892307,True
544,RandomForest,2027-06-25 03:55:00,131.0,131.50718383169013,True
544,RandomForest,2027-06-25 04:00:00,131.0,127.30310490714476,True
544,RandomForest,2027-06-25 04:05:00,132.0,126.6654570418189,True
544,RandomForest,2027-06-25 04:10:00,134.0,125.75336189700337,True
544,RandomForest,2027-06-25 04:15:00,134.0,129.03952995390793,True
544,RandomForest,2027-06-25 04:20:00,133.0,129.43405119870243,True
544,RandomForest,2027-06-25 04:25:00,133.0,133.37192188215647,True
544,RandomForest,2027-06-25 04:30:00,132.0,130.26554801238606,True
544,RandomForest,2027-06-25 04:35:00,131.0,131.9398052149104,True
544,RandomForest,2027-06-25 04:40:00,131.0,141.83153648004765,True
544,RandomForest,2027-06-25 04:45:00,134.0,134.2435182039976,True
544,RandomForest,2027-06-25 04:50:00,133.0,131.60229732634963,True
544,RandomForest,2027-06-25 04:55:00,133.0,133.98735479675622,True
544,RandomForest,2027-06-25 05:00:00,131.0,128.82154545509343,True
544,RandomForest,2027-06-25 05:05:00,131.0,128.16623941186646,True
544,RandomForest,2027-06-25 05:10:00,130.0,132.4839012471192,True
544,RandomForest,2027-06-25 05:15:00,129.0,141.31720540978134,True
544,RandomForest,2027-06-25 05:20:00,126.0,132.59061468652524,True
544,RandomForest,2027-06-25 05:25:00,126.0,133.70070478376735,True
544,RandomForest,2027-06-25 05:30:00,126.0,129.00072114374242,True
544,RandomForest,2027-06-25 05:35:00,126.0,131.16713154014465,True
544,RandomForest,2027-06-25 05:40:00,126.0,125.79108378860819,True
544,RandomForest,2027-06-25 05:45:00,126.0,126.00348515746013,True
544,RandomForest,2027-06-25 05:50:00,126.0,123.03353322531538,True
544,RandomForest,2027-06-25 05:55:00,126.0,126.24954827806334,True
544,RandomForest,2027-06-25 07:35:00,133.0,161.0828559712895,False
544,RandomForest,2027-06-25 07:40:00,134.0,161.0828559712895,False
544,RandomForest,2027-06-25 07:45:00,133.0,161.0828559712895,False
544,RandomForest,2027-06-25 07:50:00,131.0,161.50905936112,False
544,RandomForest,2027-06-25 07:55:00,136.0,161.50905936112,False
544,RandomForest,2027-06-25 08:00:00,140.0,161.50905936112,False
544,RandomForest,2027-06-25 08:05:00,141.0,135.23937804050897,True
544,RandomForest,2027-06-25 08:10:00,149.0,137.56772517357027,True
544,RandomForest,2027-06-25 08:15:00,151.0,134.30985125920054,True
544,RandomForest,2027-06-25 08:20:00,151.0,129.01339900779212,True
544,RandomForest,2027-06-25 08:25:00,145.0,149.62251168636695,True
544,RandomForest,2027-06-25 08:30:00,148.0,154.3345127857475,True
544,RandomForest,2027-06-25 08:35:00,151.0,148.28811509768238,True
544,RandomForest,2027-06-25 08:40:00,155.0,169.60643613968895,True
544,RandomForest,2027-06-25 08:45:00,155.0,157.39170618817494,True
544,RandomForest,2027-06-25 08:50:00,159.0,154.98716491192536,True
544,RandomForest,2027-06-25 08:55:00,163.0,141.56822401010498,True
544,RandomForest,2027-06-25 09:00:00,169.0,179.2473322100775,True
544,RandomForest,2027-06-25 09:05:00,181.0,176.44775103889566,True
544,RandomForest,2027-06-25 09:10:00,182.0,174.91594110810505,True
544,RandomForest,2027-06-25 09:15:00,189.0,165.35052729345082,True
544,RandomForest,2027-06-25 09:20:00,197.0,172.761196616941,True
544,RandomForest,2027-06-25 09:25:00,199.0,171.8715155046145,True
544,RandomForest,2027-06-25 09:30:00,202.0,179.10366711363508,True
544,RandomForest,2027-06-25 09:35:00,205.0,205.81031555022972,True
544,RandomForest,2027-06-25 09:40:00,200.0,174.51136854997623,True
544,RandomForest,2027-06-25 09:45:00,198.0,198.6403378892898,True
544,RandomForest,2027-06-25 09:50:00,197.0,213.4869246850411,True
544,RandomForest,2027-06-25 09:55:00,198.0,200.60827347656956,True
544,RandomForest,2027-06-25 10:00:00,205.0,208.80177138922932,True
544,RandomForest,2027-06-25 10:05:00,204.0,213.21336986870236,True
544,RandomForest,2027-06-25 10:10:00,197.0,183.01096540728264,True
544,RandomForest,2027-06-25 10:15:00,194.0,188.41409822638187,True
544,RandomForest,2027-06-25 10:20:00,189.0,192.90563893061807,True
544,RandomForest,2027-06-25 10:25:00,191.0,197.3495833215826,True
544,RandomForest,2027-06-25 10:30:00,190.0,216.93617546397954,True
544,RandomForest,2027-06-25 10:35:00,185.0,201.4153610719632,True
544,RandomForest,2027-06-25 10:40:00,184.0,178.37980241619277,True
544,RandomForest,2027-06-25 10:45:00,177.0,186.52477813932418,True
544,RandomForest,2027-06-25 10:50:00,172.0,169.3668166178558,True
544,RandomForest,2027-06-25 10:55:00,172.0,186.97995600317256,True
544,RandomForest,2027-06-25 11:00:00,168.0,178.37214001087293,True
544,RandomForest,2027-06-25 11:05:00,168.0,168.16226939313296,True
544,RandomForest,2027-06-25 11:10:00,168.0,179.0393376290943,True
544,RandomForest,2027-06-25 11:15:00,166.0,156.43103106548216,True
544,RandomForest,2027-06-25 11:20:00,165.0,147.7017596485118,True
544,RandomForest,2027-06-25 11:25:00,164.0,164.205820026276,True
544,RandomForest,2027-06-25 11:30:00,162.0,151.05554468730818,True
544,RandomForest,2027-06-25 11:35:00,158.0,163.09487468716935,True
544,RandomForest,2027-06-25 11:40:00,160.0,163.20446409844305,True
544,RandomForest,2027-06-25 11:45:00,161.0,155.33887189925312,True
544,RandomForest,2027-06-25 11:50:00,160.0,158.2186760565847,True
544,RandomForest,2027-06-25 11:55:00,161.0,156.95793846559482,True
544,RandomForest,2027-06-25 12:00:00,158.0,153.50200261908807,True
544,RandomForest,2027-06-25 12:05:00,155.0,146.59453479836628,True
544,RandomForest,2027-06-25 12:10:00,153.0,163.15486657072657,True
544,RandomForest,2027-06-25 12:15:00,152.0,161.15854584512175,True
544,RandomForest,2027-06-25 12:20:00,150.0,156.15409365552193,True
544,RandomForest,2027-06-25 12:25:00,147.0,161.10090960500216,True
544,RandomForest,2027-06-25 12:30:00,148.0,150.35168004928207,True
544,RandomForest,2027-06-25 12:35:00,146.0,144.82271330013594,True
544,RandomForest,2027-06-25 12:40:00,144.0,143.44627343425788,True
544,RandomForest,2027-06-25 12:45:00,139.0,140.3533354170383,True
544,RandomForest,2027-06-25 12:50:00,137.0,138.88494181277034,True
544,RandomForest,2027-06-25 12:55:00,136.0,136.45717572078752,True
544,RandomForest,2027-06-25 13:00:00,135.0,147.04893908542007,True
544,RandomForest,2027-06-25 13:05:00,132.0,140.73634297021638,True
544,RandomForest,2027-06-25 13:10:00,131.0,138.19657964110942,True
544,RandomForest,2027-06-25 13:15:00,132.0,131.50921654635724,True
544,RandomForest,2027-06-25 13:20:00,132.0,133.26090088477403,True
544,RandomForest,2027-06-25 13:25:00,132.0,133.78359342758938,True
544,RandomForest,2027-06-25 13:30:00,130.0,130.90369289585215,True
544,RandomForest,2027-06-25 13:35:00,128.0,125.21905864144597,True
544,RandomForest,2027-06-25 13:40:00,131.0,127.00560918892539,True
544,RandomForest,2027-06-25 13:45:00,130.0,131.38276460818577,True
544,RandomForest,2027-06-25 13:50:00,128.0,130.30864357917596,True
544,RandomForest,2027-06-25 13:55:00,129.0,144.57644134719246,True
544,RandomForest,2027-06-25 14:00:00,138.0,143.03568268676182,True
544,RandomForest,2027-06-25 14:05:00,148.0,144.15496445275053,True
544,RandomForest,2027-06-25 14:10:00,159.0,152.67417721981144,True
544,RandomForest,2027-06-25 14:15:00,168.0,133.8244475194976,True
544,RandomForest,2027-06-25 14:20:00,181.0,133.54449143739853,True
544,RandomForest,2027-06-25 14:25:00,195.0,139.85507201869459,True
544,RandomForest,2027-06-25 14:30:00,209.0,163.61127040859137,True
544,RandomForest,2027-06-25 14:35:00,220.0,169.4150356132368,True
544,RandomForest,2027-06-25 14:40:00,227.0,180.7689913727442,True
544,RandomForest,2027-06-25 14:45:00,234.0,186.35941826410578,True
544,RandomForest,2027-06-25 14:50:00,235.0,201.54409539816396,True
544,RandomForest,2027-06-25 14:55:00,236.0,217.8149021919482,True
544,RandomForest,2027-06-25 15:00:00,234.0,226.18383660490858,True
544,RandomForest,2027-06-25 15:05:00,232.0,230.82607751322223,True
544,RandomForest,2027-06-25 15:10:00,227.0,237.31614822562773,True
544,RandomForest,2027-06-25 15:15:00,227.0,235.91690264024768,True
544,RandomForest,2027-06-25 15:20:00,238.0,223.03095784296355,True
544,RandomForest,2027-06-25 15:25:00,238.0,227.40744957656318,True
544,RandomForest,2027-06-25 15:30:00,235.0,209.4727265298519,True
544,RandomForest,2027-06-25 15:35:00,232.0,215.36758640963,True
544,RandomForest,2027-06-25 15:40:00,234.0,201.59309509575579,True
544,RandomForest,2027-06-25 15:45:00,232.0,220.59197250423105,True
544,RandomForest,2027-06-25 15:50:00,230.0,249.34690734483115,True
544,RandomForest,2027-06-25 15:55:00,237.0,230.38804009427932,True
544,RandomForest,2027-06-25 16:00:00,232.0,217.35964114175033,True
544,RandomForest,2027-06-25 16:05:00,228.0,214.7000434184161,True
544,RandomForest,2027-06-25 16:10:00,225.0,231.27599484710325,True
544,RandomForest,2027-06-25 16:15:00,225.0,220.55649281146114,True
544,RandomForest,2027-06-25 16:20:00,223.0,215.16065904008298,True
544,RandomForest,2027-06-25 16:25:00,221.0,237.93503118079917,True
544,RandomForest,2027-06-25 16:30:00,220.0,210.94388618421803,True
544,RandomForest,2027-06-25 16:35:00,221.0,210.48949559037348,True
544,RandomForest,2027-06-25 16:40:00,223.0,205.3214230898815,True
544,RandomForest,2027-06-25 16:45:00,223.0,219.89971146041404,True
544,RandomForest,2027-06-25 16:50:00,222.0,200.95004130461876,True
544,RandomForest,2027-06-25 16:55:00,220.0,202.17868392368163,True
544,RandomForest,2027-06-25 17:00:00,220.0,213.29238409790335,True
544,RandomForest,2027-06-25 17:05:00,213.0,213.78518168581388,True
544,RandomForest,2027-06-25 17:10:00,211.0,215.40963672215415,True
544,RandomForest,2027-06-25 17:15:00,207.0,214.16479321782887,True
544,RandomForest,2027-06-25 17:20:00,210.0,214.69737680039495,True
544,RandomForest,2027-06-25 17:25:00,212.0,204.42638566402198,True
544,RandomForest,2027-06-25 17:30:00,213.0,212.02342818954207,True
544,RandomForest,2027-06-25 17:35:00,217.0,197.21168349778304,True
544,RandomForest,2027-06-25 17:40:00,216.0,200.0014644489737,True
544,RandomForest,2027-06-25 17:45:00,214.0,192.83766992707035,True
544,RandomForest,2027-06-25 17:50:00,214.0,207.85609464672595,True
544,RandomForest,2027-06-25 17:55:00,215.0,208.07586406436715,True
544,RandomForest,2027-06-25 18:00:00,215.0,209.38399855694982,True
544,RandomForest,2027-06-25 18:05:00,212.0,224.71320070931893,True
544,RandomForest,2027-06-25 18:10:00,208.0,212.36693337563645,True
544,RandomForest,2027-06-25 18:15:00,206.0,204.3615240072515,True
544,RandomForest,2027-06-25 18:20:00,203.0,212.06637779344183,True
544,RandomForest,2027-06-25 18:25:00,196.0,215.6089685793926,True
544,RandomForest,2027-06-25 18:30:00,191.0,215.34782507924692,True
544,RandomForest,2027-06-25 18:35:00,191.0,206.58980481672788,True
544,RandomForest,2027-06-25 18:40:00,194.0,199.31946268362313,True
544,RandomForest,2027-06-25 18:45:00,194.0,199.96368453878495,True
544,RandomForest,2027-06-25 18:50:00,192.0,192.9404161117245,True
544,RandomForest,2027-06-25 18:55:00,192.0,190.65766657682977,True
544,RandomForest,2027-06-25 19:00:00,197.0,187.8882076647529,True
544,RandomForest,2027-06-25 19:05:00,196.0,190.21732227403655,True
544,RandomForest,2027-06-25 19:10:00,197.0,195.13345037264918,True
544,RandomForest,2027-06-25 19:15:00,200.0,196.240262513722,True
544,RandomForest,2027-06-25 19:20:00,205.0,191.17795101524655,True
544,RandomForest,2027-06-25 19:25:00,217.0,194.73162677006712,True
544,RandomForest,2027-06-25 19:30:00,229.0,209.53965947759588,True
544,RandomForest,2027-06-25 19:35:00,239.0,189.00491881489893,True
544,RandomForest,2027-06-25 19:40:00,248.0,194.45102709139937,True
544,RandomForest,2027-06-25 19:45:00,255.0,206.22662245964975,True
544,RandomForest,2027-06-25 19:50:00,260.0,217.45080362740774,True
544,RandomForest,2027-06-25 19:55:00,267.0,228.5014965111235,True
544,RandomForest,2027-06-25 20:00:00,277.0,235.73009729061346,True
544,RandomForest,2027-06-25 20:05:00,287.0,240.10026849459263,True
544,RandomForest,2027-06-25 20:10:00,296.0,252.71406807704224,True
544,RandomForest,2027-06-25 20:15:00,300.0,260.6851649430131,True
544,RandomForest,2027-06-25 20:20:00,307.0,261.7148378740338,True
544,RandomForest,2027-06-25 20:25:00,315.0,276.73911763075995,True
544,RandomForest,2027-06-25 20:30:00,320.0,291.1816740673258,True
544,RandomForest,2027-06-25 20:35:00,325.0,303.86351517309805,True
544,RandomForest,2027-06-25 20:40:00,332.0,308.3240897760844,True
544,RandomForest,2027-06-25 20:45:00,335.0,302.94558997108584,True
544,RandomForest,2027-06-25 20:50:00,327.0,314.2445337150938,True
544,RandomForest,2027-06-25 20:55:00,321.0,318.11767730426874,True
544,RandomForest,2027-06-25 21:00:00,319.0,314.6699853657725,True
544,RandomForest,2027-06-25 21:05:00,313.0,314.7409099692771,True
544,RandomForest,2027-06-25 21:10:00,308.0,311.7044313504872,True
544,RandomForest,2027-06-25 21:15:00,306.0,332.294799793718,True
544,RandomForest,2027-06-25 21:20:00,300.0,293.4410550970745,True
544,RandomForest,2027-06-25 21:25:00,298.0,285.06840233153946,True
544,RandomForest,2027-06-25 21:30:00,297.0,290.9855089997273,True
544,RandomForest,2027-06-25 21:35:00,296.0,277.33384170004564,True
544,RandomForest,2027-06-25 21:40:00,297.0,274.83834468809187,True
544,RandomForest,2027-06-25 21:45:00,296.0,287.26150188958496,True
544,RandomForest,2027-06-25 21:50:00,288.0,264.68843147482056,True
544,RandomForest,2027-06-25 21:55:00,282.0,279.62636718048185,True
544,RandomForest,2027-06-25 22:00:00,282.0,279.2499773735094,True
544,RandomForest,2027-06-25 22:05:00,291.0,278.84908857715743,True
544,RandomForest,2027-06-25 22:10:00,284.0,284.7365093037656,True
544,RandomForest,2027-06-25 22:15:00,288.0,279.3198007184643,True
544,RandomForest,2027-06-25 22:20:00,285.0,270.5961558912804,True
544,RandomForest,2027-06-25 22:25:00,284.0,264.5492572342108,True
544,RandomForest,2027-06-25 22:30:00,285.0,274.2044171552059,True
544,RandomForest,2027-06-25 22:35:00,285.0,281.564514990049,True
544,RandomForest,2027-06-25 22:40:00,285.0,273.44720182889927,True
544,RandomForest,2027-06-25 22:45:00,282.0,275.63338296543884,True
544,RandomForest,2027-06-25 22:50:00,278.0,264.77118289908054,True
544,RandomForest,2027-06-25 22:55:00,279.0,270.8455167519656,True
544,RandomForest,2027-06-25 23:00:00,273.0,279.70216194993515,True
544,RandomForest,2027-06-25 23:05:00,271.0,276.19192214869344,True
544,RandomForest,2027-06-25 23:10:00,272.0,281.42719503675886,True
544,RandomForest,2027-06-25 23:15:00,278.0,262.2788780317623,True
544,RandomForest,2027-06-25 23:20:00,281.0,259.65022555171447,True
544,RandomForest,2027-06-25 23:25:00,283.0,276.93308616817137,True
544,RandomForest,2027-06-25 23:30:00,288.0,247.3295149815582,True
544,RandomForest,2027-06-25 23:35:00,292.0,249.0078541733281,True
544,RandomForest,2027-06-25 23:40:00,288.0,256.0730170108068,True
544,RandomForest,2027-06-25 23:45:00,283.0,278.1846600196865,True
544,RandomForest,2027-06-25 23:50:00,280.0,279.70156657335804,True
544,RandomForest,2027-06-25 23:55:00,277.0,279.9052925707411,True
544,RandomForest,2027-06-26 00:00:00,270.0,286.3973881082412,True
544,RandomForest,2027-06-26 00:05:00,267.0,289.3332373823021,True
544,RandomForest,2027-06-26 00:10:00,261.0,271.7417633848653,True
544,RandomForest,2027-06-26 00:15:00,254.0,257.0476756348605,True
544,RandomForest,2027-06-26 00:20:00,244.0,266.4253928749917,True
544,RandomForest,2027-06-26 00:25:00,235.0,260.8731678110787,True
544,RandomForest,2027-06-26 00:30:00,230.0,243.02557358996307,True
544,RandomForest,2027-06-26 00:35:00,227.0,249.7376964720206,True
544,RandomForest,2027-06-26 00:40:00,224.0,230.9411591622142,True
544,RandomForest,2027-06-26 00:45:00,220.0,226.29680200744076,True
544,RandomForest,2027-06-26 00:50:00,214.0,213.61925697675568,True
544,RandomForest,2027-06-26 00:55:00,209.0,212.6246461419071,True
544,RandomForest,2027-06-26 01:00:00,206.0,211.462160043322,True
544,RandomForest,2027-06-26 01:05:00,202.0,208.88309753075956,True
544,RandomForest,2027-06-26 01:10:00,199.0,207.78752371284713,True
544,RandomForest,2027-06-26 01:15:00,196.0,204.95508334098145,True
544,RandomForest,2027-06-26 01:20:00,193.0,199.8492168885928,True
544,RandomForest,2027-06-26 01:25:00,190.0,191.93659924985306,True
544,RandomForest,2027-06-26 01:30:00,192.0,189.5628180853564,True
544,RandomForest,2027-06-26 01:35:00,198.0,180.46178849991065,True
544,RandomForest,2027-06-26 01:40:00,195.0,179.0306208377428,True
544,RandomForest,2027-06-26 01:45:00,191.0,175.86005718376947,True
544,RandomForest,2027-06-26 01:50:00,188.0,175.27107506960462,True
544,RandomForest,2027-06-26 01:55:00,185.0,174.80352260528835,True
544,RandomForest,2027-06-26 02:00:00,182.0,186.83242066409596,True
544,RandomForest,2027-06-26 02:05:00,180.0,196.88416404458025,True
544,RandomForest,2027-06-26 02:10:00,177.0,182.96848276200356,True
544,RandomForest,2027-06-26 02:15:00,174.0,185.69927593902426,True
544,RandomForest,2027-06-26 02:20:00,173.0,177.0688843185286,True
544,RandomForest,2027-06-26 02:25:00,171.0,172.16356796024095,True
544,RandomForest,2027-06-26 02:30:00,164.0,170.6362550776278,True
544,RandomForest,2027-06-26 02:35:00,158.0,170.99322317894564,True
544,RandomForest,2027-06-26 02:40:00,155.0,167.64778211390458,True
544,RandomForest,2027-06-26 02:45:00,154.0,169.00995769844562,True
544,RandomForest,2027-06-26 02:50:00,152.0,170.10334076152415,True
544,RandomForest,2027-06-26 02:55:00,151.0,162.45273261842956,True
544,RandomForest,2027-06-26 03:00:00,150.0,154.33115690977664,True
544,RandomForest,2027-06-26 03:05:00,146.0,150.2004834414603,True
544,RandomForest,2027-06-26 03:10:00,144.0,148.45618777010353,True
544,RandomForest,2027-06-26 03:15:00,146.0,150.96045530721017,True
544,RandomForest,2027-06-26 03:20:00,150.0,146.23559667354587,True
544,RandomForest,2027-06-26 03:25:00,147.0,146.20667351937794,True
544,RandomForest,2027-06-26 03:30:00,146.0,145.72825798895113,True
544,RandomForest,2027-06-26 03:35:00,144.0,140.70003670139928,True
544,RandomForest,2027-06-26 03:40:00,140.0,141.5300811987455,True
544,RandomForest,2027-06-26 03:45:00,134.0,149.9052101791763,True
544,RandomForest,2027-06-26 03:50:00,131.0,155.8541257218404,True
544,RandomForest,2027-06-26 03:55:00,129.0,146.1205978164496,True
544,RandomForest,2027-06-26 04:00:00,127.0,144.0913440133434,True
544,RandomForest,2027-06-26 04:05:00,126.0,141.41599965156115,True
544,RandomForest,2027-06-26 04:10:00,125.0,136.31981698384482,True
544,RandomForest,2027-06-26 04:15:00,123.0,122.52525991640852,True
544,RandomForest,2027-06-26 04:20:00,118.0,125.06843264241725,True
544,RandomForest,2027-06-26 04:25:00,116.0,124.68884201716308,True
544,RandomForest,2027-06-26 04:30:00,122.0,122.36776397690598,True
544,RandomForest,2027-06-26 04:35:00,124.0,122.13488494655283,True
544,RandomForest,2027-06-26 04:40:00,122.0,121.27294695531738,True
544,RandomForest,2027-06-26 04:45:00,114.0,118.86114207118902,True
544,RandomForest,2027-06-26 04:50:00,111.0,110.45733518983988,True
544,RandomForest,2027-06-26 04:55:00,114.0,111.62612480513204,True
544,RandomForest,2027-06-26 05:00:00,121.0,131.93664195706063,True
544,RandomForest,2027-06-26 05:05:00,122.0,126.82712851015957,True
544,RandomForest,2027-06-26 05:10:00,123.0,121.86718939073542,True
544,RandomForest,2027-06-26 05:15:00,123.0,112.85593496387554,True
544,RandomForest,2027-06-26 05:20:00,122.0,108.84682401356208,True
544,RandomForest,2027-06-26 05:25:00,120.0,120.18715246800534,True
544,RandomForest,2027-06-26 05:30:00,117.0,138.64839219091525,True
544,RandomForest,2027-06-26 05:35:00,115.0,128.08511215516535,True
544,RandomForest,2027-06-26 05:40:00,113.0,126.98909219019228,True
544,RandomForest,2027-06-26 05:45:00,114.0,122.58252075279285,True
544,RandomForest,2027-06-26 05:50:00,115.0,120.78295559361672,True
544,RandomForest,2027-06-26 05:55:00,110.0,116.67203247085328,True
544,RandomForest,2027-06-26 06:00:00,109.0,115.29414840854216,True
544,RandomForest,2027-06-26 06:05:00,111.0,116.32928830725834,True
544,RandomForest,2027-06-26 06:10:00,114.0,113.81406299458482,True
544,RandomForest,2027-06-26 06:15:00,115.0,115.7556819067313,True
544,RandomForest,2027-06-26 06:20:00,115.0,116.84510627656877,True
544,RandomForest,2027-06-26 06:25:00,117.0,110.86703043107077,True
544,RandomForest,2027-06-26 06:30:00,119.0,108.00715949380857,True
544,RandomForest,2027-06-26 06:35:00,121.0,116.36549792970129,True
544,RandomForest,2027-06-26 06:40:00,124.0,121.01466548275535,True
544,RandomForest,2027-06-26 06:45:00,122.0,118.94962971673391,True
544,RandomForest,2027-06-26 06:50:00,124.0,116.0971250006165,True
544,RandomForest,2027-06-26 06:55:00,126.0,122.56584101880455,True
544,RandomForest,2027-06-26 07:00:00,129.0,124.08674550282056,True
544,RandomForest,2027-06-26 07:05:00,136.0,126.6766718476837,True
544,RandomForest,2027-06-26 07:10:00,145.0,133.61402615775415,True
544,RandomForest,2027-06-26 07:15:00,154.0,121.89955282793619,True
544,RandomForest,2027-06-26 07:20:00,160.0,130.69746943191106,True
544,RandomForest,2027-06-26 07:25:00,167.0,132.18585587022042,True
544,RandomForest,2027-06-26 07:30:00,172.0,140.14298420965076,True
544,RandomForest,2027-06-26 07:35:00,176.0,156.34037013431308,True
544,RandomForest,2027-06-26 07:40:00,142.0,174.03044750580742,True
544,RandomForest,2027-06-26 07:45:00,142.0,181.37588582117482,True
544,RandomForest,2027-06-26 07:50:00,147.0,175.9992282703357,True
544,RandomForest,2027-06-26 07:55:00,152.0,192.0100713378338,True
544,RandomForest,2027-06-26 08:00:00,158.0,187.45386267214147,True
544,RandomForest,2027-06-26 08:05:00,164.0,185.17388819624657,True
544,RandomForest,2027-06-26 08:10:00,166.0,154.4118699105737,True
544,RandomForest,2027-06-26 08:15:00,169.0,158.52386757722326,True
544,RandomForest,2027-06-26 08:20:00,177.0,160.71330351882014,True
544,RandomForest,2027-06-26 08:25:00,183.0,165.51671504868497,True
544,RandomForest,2027-06-26 08:30:00,187.0,166.47500577638107,True
544,RandomForest,2027-06-26 08:35:00,188.0,175.47912269647685,True
544,RandomForest,2027-06-26 08:40:00,189.0,168.32470833029535,True
544,RandomForest,2027-06-26 08:45:00,196.0,172.18282830696234,True
544,RandomForest,2027-06-26 08:50:00,197.0,194.46117734541502,True
544,RandomForest,2027-06-26 08:55:00,200.0,197.89163438038824,True
544,RandomForest,2027-06-26 09:00:00,194.0,191.54451663621705,True
544,RandomForest,2027-06-26 09:05:00,189.0,188.26103172855605,True
544,RandomForest,2027-06-26 09:10:00,191.0,191.46461641076573,True
544,RandomForest,2027-06-26 09:15:00,189.0,208.51854915437906,True
544,RandomForest,2027-06-26 09:20:00,186.0,199.97305821589117,True
544,RandomForest,2027-06-26 09:25:00,185.0,205.48019471575756,True
544,RandomForest,2027-06-26 09:30:00,178.0,178.2962996902208,True
544,RandomForest,2027-06-26 09:35:00,170.0,167.04474398567226,True
544,RandomForest,2027-06-26 09:40:00,168.0,193.97742817370568,True
544,RandomForest,2027-06-26 09:45:00,166.0,176.21151178895028,True
544,RandomForest,2027-06-26 09:50:00,164.0,169.81614761260687,True
544,RandomForest,2027-06-26 09:55:00,161.0,176.66233090679637,True
544,RandomForest,2027-06-26 10:00:00,160.0,155.37964140148677,True
544,RandomForest,2027-06-26 10:05:00,160.0,143.6609098173617,True
544,RandomForest,2027-06-26 10:10:00,160.0,156.82219848671986,True
544,RandomForest,2027-06-26 10:15:00,160.0,154.56603934438186,True
544,RandomForest,2027-06-26 10:20:00,160.0,150.16894567081422,True
544,RandomForest,2027-06-26 10:25:00,166.0,146.04331636541053,True
544,RandomForest,2027-06-26 10:30:00,165.0,149.1664046714857,True
544,RandomForest,2027-06-26 10:35:00,165.0,157.99078551787062,True
544,RandomForest,2027-06-26 10:40:00,162.0,159.8385391034384,True
544,RandomForest,2027-06-26 10:45:00,161.0,159.88210503637032,True
544,RandomForest,2027-06-26 10:50:00,161.0,156.36200948921905,True
544,RandomForest,2027-06-26 10:55:00,158.0,172.63836942555764,True
544,RandomForest,2027-06-26 11:00:00,156.0,158.4460945306334,True
544,RandomForest,2027-06-26 11:05:00,156.0,164.02704803764325,True
544,RandomForest,2027-06-26 11:10:00,159.0,151.72545235739514,True
544,RandomForest,2027-06-26 11:15:00,161.0,154.5912561493975,True
544,RandomForest,2027-06-26 11:20:00,163.0,159.95294284491393,True
544,RandomForest,2027-06-26 11:25:00,164.0,148.6693266922983,True
544,RandomForest,2027-06-26 11:30:00,159.0,146.26028451194827,True
544,RandomForest,2027-06-26 11:35:00,155.0,152.31317409716715,True
544,RandomForest,2027-06-26 11:40:00,148.0,162.4666941633532,True
544,RandomForest,2027-06-26 11:45:00,142.0,163.63663390970294,True
544,RandomForest,2027-06-26 11:50:00,141.0,164.78622313882119,True
544,RandomForest,2027-06-26 11:55:00,138.0,163.1810979271917,True
544,RandomForest,2027-06-26 12:00:00,136.0,150.48799406928867,True
544,RandomForest,2027-06-26 12:05:00,135.0,148.97639492294127,True
544,RandomForest,2027-06-26 12:10:00,134.0,137.8828408338503,True
544,RandomForest,2027-06-26 12:15:00,135.0,135.1612654357527,True
544,RandomForest,2027-06-26 12:20:00,141.0,141.59169390162143,True
544,RandomForest,2027-06-26 12:25:00,138.0,134.28343938190568,True
544,RandomForest,2027-06-26 12:30:00,139.0,136.10952133511068,True
544,RandomForest,2027-06-26 12:35:00,142.0,132.31618680481623,True
544,RandomForest,2027-06-26 12:40:00,143.0,129.95159864245343,True
544,RandomForest,2027-06-26 12:45:00,134.0,136.70382417446183,True
544,RandomForest,2027-06-26 12:50:00,132.0,163.03139531820358,True
544,RandomForest,2027-06-26 12:55:00,131.0,135.75831129303893,True
544,RandomForest,2027-06-26 13:00:00,135.0,161.260896019183,True
544,RandomForest,2027-06-26 13:05:00,141.0,164.17450215680046,True
544,RandomForest,2027-06-26 13:10:00,140.0,165.7358972687319,True
544,RandomForest,2027-06-26 13:15:00,142.0,154.69224824561098,True
544,RandomForest,2027-06-26 13:20:00,145.0,141.76795526705268,True
544,RandomForest,2027-06-26 13:25:00,149.0,136.7914513595284,True
544,RandomForest,2027-06-26 13:30:00,151.0,152.26009074962676,True
544,RandomForest,2027-06-26 13:35:00,154.0,164.5343806176648,True
544,RandomForest,2027-06-26 13:40:00,159.0,140.83304375225435,True
544,RandomForest,2027-06-26 13:45:00,169.0,151.87973565858513,True
544,RandomForest,2027-06-26 13:50:00,175.0,153.37852239017374,True
544,RandomForest,2027-06-26 13:55:00,182.0,162.20792854407208,True
544,RandomForest,2027-06-26 14:00:00,188.0,156.07230365079914,True
544,RandomForest,2027-06-26 14:05:00,194.0,161.8508501096128,True
544,RandomForest,2027-06-26 14:10:00,197.0,169.76580486088355,True
544,RandomForest,2027-06-26 14:15:00,203.0,184.93959106996422,True
544,RandomForest,2027-06-26 14:20:00,205.0,193.74810628480307,True
544,RandomForest,2027-06-26 14:25:00,201.0,201.68518768346678,True
544,RandomForest,2027-06-26 14:30:00,200.0,202.68147330657797,True
544,RandomForest,2027-06-26 14:35:00,199.0,212.33099678196223,True
544,RandomForest,2027-06-26 14:40:00,200.0,206.75669347785058,True
544,RandomForest,2027-06-26 14:45:00,205.0,217.42806739439425,True
544,RandomForest,2027-06-26 14:50:00,204.0,205.4282473554397,True
544,RandomForest,2027-06-26 14:55:00,203.0,184.65222887188273,True
544,RandomForest,2027-06-26 15:00:00,210.0,191.68468161749735,True
544,RandomForest,2027-06-26 15:05:00,211.0,190.60583586669094,True
544,RandomForest,2027-06-26 15:10:00,212.0,199.552315500689,True
544,RandomForest,2027-06-26 15:15:00,213.0,210.4029687957509,True
544,RandomForest,2027-06-26 15:20:00,214.0,197.97307130088623,True
544,RandomForest,2027-06-26 15:25:00,217.0,196.32594174381717,True
544,RandomForest,2027-06-26 15:30:00,220.0,216.55208427525483,True
544,RandomForest,2027-06-26 15:35:00,222.0,208.85430201019022,True
544,RandomForest,2027-06-26 15:40:00,223.0,210.7023491737908,True
544,RandomForest,2027-06-26 15:45:00,224.0,211.27473652999416,True
544,RandomForest,2027-06-26 15:50:00,222.0,211.79020105848755,True
544,RandomForest,2027-06-26 15:55:00,220.0,220.2786921772652,True
544,RandomForest,2027-06-26 16:00:00,216.0,222.77170979012172,True
544,RandomForest,2027-06-26 16:05:00,210.0,220.1642619233999,True
544,RandomForest,2027-06-26 16:10:00,206.0,223.3754026651872,True
544,RandomForest,2027-06-26 16:15:00,207.0,227.85547046749616,True
544,RandomForest,2027-06-26 16:20:00,211.0,215.01784521069337,True
544,RandomForest,2027-06-26 16:25:00,210.0,213.8365761493864,True
544,RandomForest,2027-06-26 16:30:00,208.0,207.92247626852944,True
544,RandomForest,2027-06-26 16:35:00,207.0,202.3737231032205,True
544,RandomForest,2027-06-26 16:40:00,207.0,194.51177354398476,True
544,RandomForest,2027-06-26 16:45:00,206.0,200.17941663274772,True
544,RandomForest,2027-06-26 16:50:00,205.0,218.040857853492,True
544,RandomForest,2027-06-26 16:55:00,205.0,203.3784503369423,True
544,RandomForest,2027-06-26 17:00:00,205.0,196.77690299624336,True
544,RandomForest,2027-06-26 17:05:00,205.0,199.65117328911973,True
544,RandomForest,2027-06-26 17:10:00,204.0,198.26126053080358,True
544,RandomForest,2027-06-26 17:15:00,202.0,201.32826404161275,True
544,RandomForest,2027-06-26 17:20:00,201.0,198.28216960694328,True
544,RandomForest,2027-06-26 17:25:00,202.0,200.3332436123861,True
544,RandomForest,2027-06-26 17:30:00,202.0,200.75643352776177,True
544,RandomForest,2027-06-26 17:35:00,199.0,201.91148598751744,True
544,RandomForest,2027-06-26 17:40:00,193.0,198.6117790538901,True
544,RandomForest,2027-06-26 17:45:00,192.0,197.94280785385143,True
544,RandomForest,2027-06-26 17:50:00,218.0,198.759522037137,True
544,RandomForest,2027-06-26 17:55:00,213.0,202.59714174848557,True
544,RandomForest,2027-06-26 18:00:00,213.0,202.54800030010003,True
544,RandomForest,2027-06-26 18:05:00,214.0,205.38482473209802,True
544,RandomForest,2027-06-26 18:10:00,213.0,198.4796904235359,True
544,RandomForest,2027-06-26 18:15:00,215.0,192.42555641016736,True
544,RandomForest,2027-06-26 18:20:00,222.0,238.75588283684036,True
544,RandomForest,2027-06-26 18:25:00,229.0,222.5702743566982,True
544,RandomForest,2027-06-26 18:30:00,236.0,204.05178721853693,True
544,RandomForest,2027-06-26 18:35:00,237.0,206.6457825097783,True
544,RandomForest,2027-06-26 18:40:00,233.0,203.64943269491724,True
544,RandomForest,2027-06-26 18:45:00,237.0,209.87352365681753,True
544,RandomForest,2027-06-26 18:50:00,242.0,221.797265302559,True
544,RandomForest,2027-06-26 18:55:00,248.0,236.01086803698826,True
544,RandomForest,2027-06-26 19:00:00,255.0,238.2716957858338,True
544,RandomForest,2027-06-26 19:05:00,267.0,230.85868154729346,True
544,RandomForest,2027-06-26 19:10:00,267.0,212.6260409476604,True
544,RandomForest,2027-06-26 19:15:00,264.0,238.4100241417365,True
544,RandomForest,2027-06-26 19:20:00,264.0,241.3350279969787,True
544,RandomForest,2027-06-26 19:25:00,263.0,249.28516142806336,True
544,RandomForest,2027-06-26 19:30:00,259.0,265.60726052008863,True
544,RandomForest,2027-06-26 19:35:00,252.0,288.4474164902654,True
544,RandomForest,2027-06-26 19:40:00,249.0,252.75064240768998,True
544,RandomForest,2027-06-26 19:45:00,249.0,237.19998291942494,True
544,RandomForest,2027-06-26 19:50:00,245.0,259.74908467828214,True
544,RandomForest,2027-06-26 19:55:00,240.0,257.8895983532058,True
544,RandomForest,2027-06-26 20:00:00,236.0,237.66168092180496,True
544,RandomForest,2027-06-26 20:05:00,232.0,229.61574784536774,True
544,RandomForest,2027-06-26 20:10:00,229.0,231.3730357736215,True
544,RandomForest,2027-06-26 20:15:00,222.0,242.77227766952717,True
544,RandomForest,2027-06-26 20:20:00,215.0,223.49322642662955,True
544,RandomForest,2027-06-26 20:25:00,212.0,216.98331827167607,True
544,RandomForest,2027-06-26 20:30:00,211.0,213.9252360880185,True
544,RandomForest,2027-06-26 20:35:00,203.0,209.1437689467532,True
544,RandomForest,2027-06-26 20:40:00,207.0,209.47646024638095,True
544,RandomForest,2027-06-26 20:45:00,216.0,203.3442781651846,True
544,RandomForest,2027-06-26 20:50:00,211.0,199.5204578596991,True
544,RandomForest,2027-06-26 20:55:00,207.0,196.57816095424394,True
544,RandomForest,2027-06-26 21:00:00,208.0,204.28851761134857,True
544,RandomForest,2027-06-26 21:05:00,211.0,179.61767518070428,True
544,RandomForest,2027-06-26 21:10:00,215.0,205.98403054237377,True
544,RandomForest,2027-06-26 21:15:00,220.0,219.2922895490309,True
544,RandomForest,2027-06-26 21:20:00,216.0,211.08835148913437,True
544,RandomForest,2027-06-26 21:25:00,212.0,196.845771413218,True
544,RandomForest,2027-06-26 21:30:00,214.0,203.61683107388396,True
544,RandomForest,2027-06-26 21:35:00,220.0,212.92357851754267,True
544,RandomForest,2027-06-26 21:40:00,226.0,221.29943465595792,True
544,RandomForest,2027-06-26 21:45:00,230.0,226.60192373001345,True
544,RandomForest,2027-06-26 21:50:00,235.0,199.16645838763634,True
544,RandomForest,2027-06-26 21:55:00,237.0,197.8774075511631,True
544,RandomForest,2027-06-26 22:00:00,233.0,207.59514436533559,True
544,RandomForest,2027-06-26 22:05:00,225.0,225.52644554379435,True
544,RandomForest,2027-06-26 22:10:00,217.0,237.74955502666202,True
544,RandomForest,2027-06-26 22:15:00,209.0,233.72677324907673,True
544,RandomForest,2027-06-26 22:20:00,193.0,242.6373644121507,True
544,RandomForest,2027-06-26 22:25:00,186.0,241.3196788105206,True
544,RandomForest,2027-06-26 22:30:00,181.0,218.91363873727633,True
544,RandomForest,2027-06-26 22:35:00,176.0,206.0528405555409,True
544,RandomForest,2027-06-26 22:40:00,172.0,182.24047057961113,True
544,RandomForest,2027-06-26 22:45:00,169.0,180.0723200462432,True
544,RandomForest,2027-06-26 22:50:00,170.0,148.94546904712797,True
544,RandomForest,2027-06-26 22:55:00,177.0,158.91160884100702,True
544,RandomForest,2027-06-26 23:00:00,171.0,161.26041423547144,True
544,RandomForest,2027-06-26 23:05:00,165.0,160.50382597803952,True
544,RandomForest,2027-06-26 23:10:00,163.0,151.79361358794657,True
544,RandomForest,2027-06-26 23:15:00,160.0,153.40435278744542,True
544,RandomForest,2027-06-26 23:20:00,156.0,169.04837486602588,True
544,RandomForest,2027-06-26 23:25:00,155.0,193.66785075494434,True
544,RandomForest,2027-06-26 23:30:00,153.0,154.81421349879957,True
544,RandomForest,2027-06-26 23:35:00,154.0,150.95727157174878,True
544,RandomForest,2027-06-26 23:40:00,154.0,152.7407849324609,True
544,RandomForest,2027-06-26 23:45:00,155.0,149.19873484991507,True
544,RandomForest,2027-06-26 23:50:00,155.0,144.50165777068102,True
544,RandomForest,2027-06-26 23:55:00,156.0,147.26782840056723,True
544,RandomForest,2027-06-27 00:00:00,155.0,141.1022898861931,True
544,RandomForest,2027-06-27 00:05:00,154.0,153.57638988676044,True
544,RandomForest,2027-06-27 00:10:00,156.0,150.02950750542936,True
544,RandomForest,2027-06-27 00:15:00,160.0,152.12248955982486,True
544,RandomForest,2027-06-27 00:20:00,160.0,152.16935280188628,True
544,RandomForest,2027-06-27 00:25:00,161.0,155.87002813974527,True
544,RandomForest,2027-06-27 00:30:00,161.0,149.18875519762395,True
544,RandomForest,2027-06-27 00:35:00,161.0,147.7427332751406,True
544,RandomForest,2027-06-27 00:40:00,162.0,159.48681535938942,True
544,RandomForest,2027-06-27 00:45:00,162.0,167.23743869187027,True
544,RandomForest,2027-06-27 00:50:00,163.0,164.7279880443987,True
544,RandomForest,2027-06-27 00:55:00,164.0,165.9993952171788,True
544,RandomForest,2027-06-27 01:00:00,165.0,165.32450126211202,True
544,RandomForest,2027-06-27 01:05:00,165.0,165.0697110105632,True
544,RandomForest,2027-06-27 01:10:00,165.0,165.830856359114,True
544,RandomForest,2027-06-27 01:15:00,165.0,164.87948816851755,True
544,RandomForest,2027-06-27 01:20:00,165.0,165.99201320845737,True
544,RandomForest,2027-06-27 01:25:00,162.0,167.81736750828367,True
544,RandomForest,2027-06-27 01:30:00,160.0,169.0308333468148,True
544,RandomForest,2027-06-27 01:35:00,156.0,168.3453537577613,True
544,RandomForest,2027-06-27 01:40:00,150.0,167.96666470302992,True
544,RandomForest,2027-06-27 01:45:00,148.0,167.63560417234763,True
544,RandomForest,2027-06-27 01:50:00,146.0,167.611983809535,True
544,RandomForest,2027-06-27 01:55:00,146.0,162.787952499155,True
544,RandomForest,2027-06-27 02:00:00,147.0,161.43098881401272,True
544,RandomForest,2027-06-27 02:05:00,145.0,153.6292893560441,True
544,RandomForest,2027-06-27 02:10:00,144.0,150.30491350176672,True
544,RandomForest,2027-06-27 02:15:00,142.0,149.8119407389895,True
544,RandomForest,2027-06-27 02:20:00,141.0,145.2230993394356,True
544,RandomForest,2027-06-27 02:25:00,139.0,147.21861098792152,True
544,RandomForest,2027-06-27 02:30:00,138.0,149.5925912976988,True
544,RandomForest,2027-06-27 02:35:00,137.0,141.27618501659515,True
544,RandomForest,2027-06-27 02:40:00,136.0,141.19894333538744,True
544,RandomForest,2027-06-27 02:45:00,136.0,137.00848847437433,True
544,RandomForest,2027-06-27 02:50:00,135.0,136.90605159152605,True
544,RandomForest,2027-06-27 02:55:00,132.0,134.2250190303949,True
544,RandomForest,2027-06-27 03:00:00,130.0,135.86678466629547,True
544,RandomForest,2027-06-27 03:05:00,128.0,134.04867086778458,True
544,RandomForest,2027-06-27 03:10:00,127.0,134.66107451467488,True
544,RandomForest,2027-06-27 03:15:00,126.0,136.3159027409064,True
544,RandomForest,2027-06-27 03:20:00,130.0,131.90903843421654,True
544,RandomForest,2027-06-27 03:25:00,130.0,127.11256398528967,True
544,RandomForest,2027-06-27 03:30:00,128.0,125.58033893732164,True
544,RandomForest,2027-06-27 03:35:00,126.0,123.56465202289583,True
544,RandomForest,2027-06-27 03:40:00,126.0,122.75521578900454,True
544,RandomForest,2027-06-27 03:45:00,125.0,122.0432413289451,True
544,RandomForest,2027-06-27 03:50:00,122.0,138.13355897129293,True
544,RandomForest,2027-06-27 03:55:00,117.0,128.98584111089716,True
544,RandomForest,2027-06-27 04:00:00,116.0,124.67739720777259,True
544,RandomForest,2027-06-27 04:05:00,115.0,123.0872757763817,True
544,RandomForest,2027-06-27 04:10:00,114.0,126.50959857985255,True
544,RandomForest,2027-06-27 04:15:00,114.0,121.60320067235308,True
544,RandomForest,2027-06-27 04:20:00,117.0,118.40747786534516,True
544,RandomForest,2027-06-27 04:25:00,119.0,113.00636629874258,True
544,RandomForest,2027-06-27 04:30:00,120.0,114.36533633573814,True
544,RandomForest,2027-06-27 04:35:00,116.0,113.12559864803117,True
544,RandomForest,2027-06-27 04:40:00,109.0,112.42698271869942,True
544,RandomForest,2027-06-27 04:45:00,107.0,113.53646804387587,True
544,RandomForest,2027-06-27 04:50:00,106.0,124.05488462202383,True
544,RandomForest,2027-06-27 04:55:00,105.0,124.65391123730252,True
544,RandomForest,2027-06-27 05:00:00,104.0,123.05564099674173,True
544,RandomForest,2027-06-27 05:05:00,104.0,114.4190631612268,True
544,RandomForest,2027-06-27 05:10:00,103.0,106.54716116506118,True
544,RandomForest,2027-06-27 05:15:00,103.0,103.86728112151646,True
544,RandomForest,2027-06-27 05:20:00,103.0,103.55442296461182,True
544,RandomForest,2027-06-27 05:25:00,109.0,101.76537356675415,True
544,RandomForest,2027-06-27 05:30:00,110.0,102.51919420718592,True
544,RandomForest,2027-06-27 05:35:00,110.0,104.03567956822299,True
544,RandomForest,2027-06-27 05:40:00,110.0,100.99953833630816,True
544,RandomForest,2027-06-27 05:45:00,105.0,104.81029562965612,True
544,RandomForest,2027-06-27 05:50:00,100.0,104.78155875212069,True
544,RandomForest,2027-06-27 05:55:00,98.0,123.55805518505835,True
544,RandomForest,2027-06-27 06:00:00,97.0,114.22489519663674,True
544,RandomForest,2027-06-27 06:05:00,96.0,113.45248079850086,True
544,RandomForest,2027-06-27 06:10:00,99.0,113.49082496792738,True
544,RandomForest,2027-06-27 06:15:00,102.0,105.65612141240231,True
544,RandomForest,2027-06-27 06:20:00,104.0,99.11756446386613,True
544,RandomForest,2027-06-27 06:25:00,106.0,98.03463980295706,True
544,RandomForest,2027-06-27 06:30:00,107.0,95.9907853561566,True
544,RandomForest,2027-06-27 06:35:00,105.0,93.78126695701823,True
544,RandomForest,2027-06-27 06:40:00,107.0,107.22963993916237,True
544,RandomForest,2027-06-27 06:45:00,109.0,110.54279938052397,True
544,RandomForest,2027-06-27 06:50:00,108.0,112.82427009344462,True
544,RandomForest,2027-06-27 06:55:00,107.0,112.36938245043238,True
544,RandomForest,2027-06-27 07:00:00,106.0,109.87796161309409,True
544,RandomForest,2027-06-27 07:05:00,106.0,105.93423404633761,True
544,RandomForest,2027-06-27 07:10:00,104.0,114.94646128939087,True
544,RandomForest,2027-06-27 07:15:00,101.0,114.55631014515114,True
544,RandomForest,2027-06-27 07:20:00,101.0,108.56843399785905,True
544,RandomForest,2027-06-27 07:25:00,101.0,107.63283478897294,True
544,RandomForest,2027-06-27 07:30:00,101.0,104.89084469026596,True
544,RandomForest,2027-06-27 07:35:00,101.0,105.79189064530388,True
544,RandomForest,2027-06-27 07:40:00,102.0,101.76901790078891,True
544,RandomForest,2027-06-27 07:45:00,101.0,99.50548438841089,True
544,RandomForest,2027-06-27 07:50:00,101.0,102.1398987033661,True
544,RandomForest,2027-06-27 07:55:00,100.0,102.07638462144659,True
544,RandomForest,2027-06-27 08:00:00,100.0,102.16705462775312,True
544,RandomForest,2027-06-27 08:05:00,100.0,101.654960100759,True
544,RandomForest,2027-06-27 08:10:00,104.0,107.11497532898551,True
544,RandomForest,2027-06-27 08:15:00,106.0,101.15381511810743,True
544,RandomForest,2027-06-27 08:20:00,110.0,101.57445217215073,True
544,RandomForest,2027-06-27 08:25:00,118.0,99.62180508738356,True
544,RandomForest,2027-06-27 08:30:00,126.0,101.4514194005219,True
544,RandomForest,2027-06-27 08:35:00,136.0,100.29297117627462,True
544,RandomForest,2027-06-27 08:40:00,140.0,116.64927199578614,True
544,RandomForest,2027-06-27 08:45:00,146.0,112.91632377944754,True
544,RandomForest,2027-06-27 08:50:00,149.0,125.93113238147485,True
544,RandomForest,2027-06-27 08:55:00,150.0,153.56693675915204,True
544,RandomForest,2027-06-27 09:00:00,154.0,160.11115919891245,True
544,RandomForest,2027-06-27 09:05:00,159.0,175.16114503992355,True
544,RandomForest,2027-06-27 09:10:00,167.0,161.93562407742252,True
544,RandomForest,2027-06-27 09:15:00,178.0,167.49680126870314,True
544,RandomForest,2027-06-27 09:20:00,191.0,154.97660905897027,True
544,RandomForest,2027-06-27 09:25:00,206.0,154.88216767386837,True
544,RandomForest,2027-06-27 09:30:00,212.0,163.5709040240541,True
544,RandomForest,2027-06-27 09:35:00,215.0,168.45398037868546,True
544,RandomForest,2027-06-27 09:40:00,216.0,183.3686447642484,True
544,RandomForest,2027-06-27 09:45:00,218.0,206.25616014777378,True
544,RandomForest,2027-06-27 09:50:00,218.0,218.54405979677773,True
544,RandomForest,2027-06-27 09:55:00,211.0,230.5446446563535,True
544,RandomForest,2027-06-27 10:00:00,202.0,225.62932325805392,True
544,RandomForest,2027-06-27 10:05:00,198.0,214.83000562613904,True
544,RandomForest,2027-06-27 10:10:00,196.0,217.8936503968041,True
544,RandomForest,2027-06-27 10:15:00,195.0,217.0142076764438,True
544,RandomForest,2027-06-27 10:20:00,197.0,209.25048253093345,True
544,RandomForest,2027-06-27 10:25:00,199.0,178.36437331898077,True
544,RandomForest,2027-06-27 10:30:00,199.0,173.61738059237854,True
544,RandomForest,2027-06-27 10:35:00,197.0,179.4852323779125,True
544,RandomForest,2027-06-27 10:40:00,193.0,183.0331844610107,True
544,RandomForest,2027-06-27 10:45:00,185.0,184.8883530837815,True
544,RandomForest,2027-06-27 10:50:00,180.0,193.15083512099474,True
544,RandomForest,2027-06-27 10:55:00,171.0,198.0715447103573,True
544,RandomForest,2027-06-27 11:00:00,173.0,196.14889841768505,True
544,RandomForest,2027-06-27 11:05:00,170.0,186.749023034816,True
544,RandomForest,2027-06-27 11:10:00,166.0,181.72025834727773,True
544,RandomForest,2027-06-27 11:15:00,164.0,161.17112541016462,True
544,RandomForest,2027-06-27 11:20:00,158.0,160.2027072556685,True
544,RandomForest,2027-06-27 11:25:00,148.0,140.99035175892462,True
544,RandomForest,2027-06-27 11:30:00,144.0,169.80967153574755,True
544,RandomForest,2027-06-27 11:35:00,147.0,154.44076628351257,True
544,RandomForest,2027-06-27 11:40:00,145.0,150.99645626261926,True
544,RandomForest,2027-06-27 11:45:00,141.0,153.81352734636462,True
544,RandomForest,2027-06-27 11:50:00,140.0,139.2840938158505,True
544,RandomForest,2027-06-27 11:55:00,139.0,129.70169134017738,True
544,RandomForest,2027-06-27 12:00:00,142.0,141.85198627089412,True
544,RandomForest,2027-06-27 12:05:00,147.0,164.72927339709364,True
544,RandomForest,2027-06-27 12:10:00,150.0,148.45566594224493,True
544,RandomForest,2027-06-27 12:15:00,153.0,143.27563548596038,True
544,RandomForest,2027-06-27 12:20:00,159.0,148.25547447026275,True
544,RandomForest,2027-06-27 12:25:00,165.0,140.66221160511648,True
544,RandomForest,2027-06-27 12:30:00,168.0,160.63450176383097,True
544,RandomForest,2027-06-27 12:35:00,175.0,162.91518040198773,True
544,RandomForest,2027-06-27 12:40:00,180.0,154.33906360029906,True
544,RandomForest,2027-06-27 12:45:00,186.0,157.48180237698799,True
544,RandomForest,2027-06-27 12:50:00,199.0,170.7841864202452,True
544,RandomForest,2027-06-27 12:55:00,208.0,177.10383089641232,True
544,RandomForest,2027-06-27 13:00:00,216.0,166.2153439882343,True
544,RandomForest,2027-06-27 13:05:00,220.0,202.79516709086818,True
544,RandomForest,2027-06-27 13:10:00,220.0,192.11674543279568,True
544,RandomForest,2027-06-27 13:15:00,214.0,196.70112278075416,True
544,RandomForest,2027-06-27 13:20:00,211.0,222.3087377369828,True
544,RandomForest,2027-06-27 13:25:00,214.0,224.9319157322943,True
544,RandomForest,2027-06-27 13:30:00,211.0,229.75276646443098,True
544,RandomForest,2027-06-27 13:35:00,204.0,225.93411960412902,True
544,RandomForest,2027-06-27 13:40:00,199.0,220.96319802604393,True
544,RandomForest,2027-06-27 13:45:00,195.0,188.35460502119022,True
544,RandomForest,2027-06-27 13:50:00,196.0,193.86172026575437,True
544,RandomForest,2027-06-27 13:55:00,199.0,214.63137385520417,True
544,RandomForest,2027-06-27 14:00:00,203.0,190.32783546384184,True
544,RandomForest,2027-06-27 14:05:00,209.0,173.16029899488385,True
544,RandomForest,2027-06-27 14:10:00,214.0,173.64295487584388,True
544,RandomForest,2027-06-27 14:15:00,221.0,175.64904077048743,True
544,RandomForest,2027-06-27 14:20:00,226.0,191.136358354987,True
544,RandomForest,2027-06-27 14:25:00,229.0,194.7890568635596,True
544,RandomForest,2027-06-27 14:30:00,227.0,199.6092498533536,True
544,RandomForest,2027-06-27 14:35:00,220.0,215.2950835628334,True
544,RandomForest,2027-06-27 14:40:00,212.0,223.08257936811154,True
544,RandomForest,2027-06-27 14:45:00,208.0,228.6113281549973,True
544,RandomForest,2027-06-27 14:50:00,205.0,236.94182133365837,True
544,RandomForest,2027-06-27 14:55:00,201.0,236.78292030739075,True
544,RandomForest,2027-06-27 15:00:00,203.0,216.41171344318676,True
544,RandomForest,2027-06-27 15:05:00,206.0,204.93531882254487,True
544,RandomForest,2027-06-27 15:10:00,203.0,196.95105677022246,True
544,RandomForest,2027-06-27 15:15:00,195.0,197.85771059410274,True
544,RandomForest,2027-06-27 15:20:00,198.0,189.58990220261114,True
544,RandomForest,2027-06-27 15:25:00,200.0,182.957815583092,True
544,RandomForest,2027-06-27 15:30:00,198.0,197.23062313228493,True
544,RandomForest,2027-06-27 15:35:00,198.0,200.34277898201645,True
544,RandomForest,2027-06-27 15:40:00,205.0,193.33045897067285,True
544,RandomForest,2027-06-27 15:45:00,210.0,180.36667748603918,True
544,RandomForest,2027-06-27 15:50:00,212.0,193.11271730206087,True
544,RandomForest,2027-06-27 15:55:00,211.0,199.1927366592239,True
544,RandomForest,2027-06-27 16:00:00,208.0,187.704051334193,True
544,RandomForest,2027-06-27 16:05:00,205.0,196.1415399806536,True
544,RandomForest,2027-06-27 16:10:00,201.0,209.95027668508334,True
544,RandomForest,2027-06-27 16:15:00,196.0,218.12304929695955,True
544,RandomForest,2027-06-27 16:20:00,189.0,213.16918626809937,True
544,RandomForest,2027-06-27 16:25:00,188.0,211.60147609145497,True
544,RandomForest,2027-06-27 16:30:00,193.0,201.06082807860764,True
544,RandomForest,2027-06-27 16:35:00,193.0,196.64593812952947,True
544,RandomForest,2027-06-27 16:40:00,189.0,193.7238634840035,True
544,RandomForest,2027-06-27 16:45:00,185.0,189.35318421077892,True
544,RandomForest,2027-06-27 16:50:00,183.0,183.73776707907075,True
544,RandomForest,2027-06-27 16:55:00,182.0,193.88642727956423,True
544,RandomForest,2027-06-27 17:00:00,181.0,198.12990660814611,True
544,RandomForest,2027-06-27 17:05:00,181.0,190.1110886196476,True
544,RandomForest,2027-06-27 17:10:00,181.0,182.72545962447617,True
544,RandomForest,2027-06-27 17:15:00,180.0,178.2396598655298,True
544,RandomForest,2027-06-27 17:20:00,179.0,177.75474748383024,True
544,RandomForest,2027-06-27 17:25:00,179.0,177.22923498854792,True
544,RandomForest,2027-06-27 17:30:00,177.0,173.5558653152045,True
544,RandomForest,2027-06-27 17:35:00,174.0,174.74949587982542,True
544,RandomForest,2027-06-27 17:40:00,170.0,174.82664055938966,True
544,RandomForest,2027-06-27 17:45:00,172.0,174.1157968212154,True
544,RandomForest,2027-06-27 17:50:00,172.0,173.7503003729293,True
544,RandomForest,2027-06-27 17:55:00,170.0,175.1027316117862,True
544,RandomForest,2027-06-27 18:00:00,167.0,172.53194407758775,True
544,RandomForest,2027-06-27 18:05:00,167.0,170.61986948447446,True
544,RandomForest,2027-06-27 18:10:00,169.0,168.96081532536272,True
544,RandomForest,2027-06-27 18:15:00,168.0,182.11469168474872,True
544,RandomForest,2027-06-27 18:20:00,165.0,181.5208757927322,True
544,RandomForest,2027-06-27 18:25:00,169.0,167.16454229359198,True
544,RandomForest,2027-06-27 18:30:00,169.0,162.38090919667312,True
544,RandomForest,2027-06-27 18:35:00,169.0,181.1140945830067,True
544,RandomForest,2027-06-27 18:40:00,169.0,178.8555234998712,True
544,RandomForest,2027-06-27 18:45:00,169.0,161.98889819775906,True
544,RandomForest,2027-06-27 18:50:00,169.0,141.73514402376762,True
544,RandomForest,2027-06-27 18:55:00,169.0,169.69031371211295,True
544,RandomForest,2027-06-27 19:00:00,169.0,167.1038350375394,True
544,RandomForest,2027-06-28 23:20:00,160.0,157.93683453598874,False
544,RandomForest,2027-06-28 23:25:00,158.0,158.73801694679827,False
544,RandomForest,2027-06-28 23:30:00,156.0,160.0707036974527,False
544,RandomForest,2027-06-28 23:35:00,151.0,160.95158358300412,False
544,RandomForest,2027-06-28 23:40:00,147.0,161.59171789313842,False
544,RandomForest,2027-06-28 23:45:00,144.0,162.0580548894754,False
544,RandomForest,2027-06-28 23:50:00,143.0,163.89778878571906,True
544,RandomForest,2027-06-28 23:55:00,140.0,153.00228619719508,True
544,RandomForest,2027-06-29 00:00:00,136.0,151.31389350987837,True
544,RandomForest,2027-06-29 00:05:00,135.0,146.12448828484304,True
544,RandomForest,2027-06-29 00:10:00,139.0,141.881447162479,True
544,RandomForest,2027-06-29 00:15:00,144.0,137.90369153470573,True
544,RandomForest,2027-06-29 00:20:00,141.0,140.09520169189778,True
544,RandomForest,2027-06-29 00:25:00,139.0,133.46424769331253,True
544,RandomForest,2027-06-29 00:30:00,137.0,130.1559072992752,True
544,RandomForest,2027-06-29 00:35:00,136.0,131.77705675509844,True
544,RandomForest,2027-06-29 00:40:00,136.0,151.0997267332358,True
544,RandomForest,2027-06-29 00:45:00,136.0,158.42087396139075,True
544,RandomForest,2027-06-29 00:50:00,136.0,138.09855868986043,True
544,RandomForest,2027-06-29 00:55:00,137.0,135.3642784538804,True
544,RandomForest,2027-06-29 01:00:00,137.0,132.72285250876104,True
544,RandomForest,2027-06-29 01:05:00,137.0,134.5759839529065,True
544,RandomForest,2027-06-29 01:10:00,136.0,137.27264396371157,True
544,RandomForest,2027-06-29 01:15:00,135.0,136.58465674161226,True
544,RandomForest,2027-06-29 01:20:00,134.0,136.53730868092126,True
544,RandomForest,2027-06-29 01:25:00,133.0,140.44142635927386,True
544,RandomForest,2027-06-29 01:30:00,133.0,138.5031839658673,True
544,RandomForest,2027-06-29 01:35:00,131.0,138.13088655007817,True
544,RandomForest,2027-06-29 01:40:00,130.0,136.8613428765344,True
544,RandomForest,2027-06-29 01:45:00,135.0,132.45952595709815,True
544,RandomForest,2027-06-29 01:50:00,139.0,131.32176678718713,True
544,RandomForest,2027-06-29 01:55:00,140.0,131.03464982521024,True
544,RandomForest,2027-06-29 02:00:00,150.0,132.97767824553824,True
544,RandomForest,2027-06-29 02:05:00,161.0,127.86632937525346,True
544,RandomForest,2027-06-29 02:10:00,156.0,126.45816304028202,True
544,RandomForest,2027-06-29 02:15:00,147.0,142.18709296855343,True
544,RandomForest,2027-06-29 02:20:00,137.0,147.17362321505684,True
544,RandomForest,2027-06-29 02:25:00,127.0,142.79688400029744,True
544,RandomForest,2027-06-29 02:30:00,118.0,176.78030806705502,True
544,RandomForest,2027-06-29 02:35:00,111.0,188.00457649509323,True
544,RandomForest,2027-06-29 02:40:00,105.0,153.3600152179066,True
544,RandomForest,2027-06-29 02:45:00,100.0,145.19069093490629,True
544,RandomForest,2027-06-29 02:50:00,99.0,135.47336188722818,True
544,RandomForest,2027-06-29 02:55:00,100.0,118.4211711660885,True
544,RandomForest,2027-06-29 03:00:00,99.0,116.75625885815789,True
544,RandomForest,2027-06-29 03:05:00,97.0,109.18511065033553,True
544,RandomForest,2027-06-29 03:10:00,99.0,94.45734785415061,True
544,RandomForest,2027-06-29 03:15:00,119.0,90.76899923137515,True
544,RandomForest,2027-06-29 03:20:00,144.0,96.19300188838211,True
544,RandomForest,2027-06-29 03:25:00,134.0,106.66785348264341,True
544,RandomForest,2027-06-29 03:30:00,132.0,98.68568737609729,True
544,RandomForest,2027-06-29 03:35:00,121.0,93.55047261632984,True
544,RandomForest,2027-06-29 03:40:00,118.0,105.79642159945233,True
544,RandomForest,2027-06-29 03:45:00,127.0,140.0230565134383,True
544,RandomForest,2027-06-29 03:50:00,127.0,171.70913332245098,True
544,RandomForest,2027-06-29 03:55:00,121.0,122.45004870512112,True
544,RandomForest,2027-06-29 04:00:00,113.0,127.74874137602065,True
544,RandomForest,2027-06-29 04:05:00,105.0,122.48165718129778,True
544,RandomForest,2027-06-29 04:10:00,100.0,117.1174100323337,True
544,RandomForest,2027-06-29 04:15:00,94.0,142.41682753327964,True
544,RandomForest,2027-06-29 04:20:00,87.0,130.63311335298647,True
544,RandomForest,2027-06-29 04:25:00,81.0,121.29151871124813,True
544,RandomForest,2027-06-29 04:30:00,77.0,110.57448726061106,True
544,RandomForest,2027-06-29 04:35:00,74.0,105.10047883898986,True
544,RandomForest,2027-06-29 04:40:00,73.0,100.84218037208392,True
544,RandomForest,2027-06-29 04:45:00,73.0,90.57573663392428,True
544,RandomForest,2027-06-29 04:50:00,73.0,83.55134317906888,True
544,RandomForest,2027-06-29 04:55:00,79.0,78.54192331263334,True
544,RandomForest,2027-06-29 05:00:00,81.0,81.14836961224051,True
544,RandomForest,2027-06-29 05:05:00,81.0,81.474674488947,True
544,RandomForest,2027-06-29 05:10:00,80.0,79.48026849963392,True
544,RandomForest,2027-06-29 05:15:00,79.0,86.02787021166719,True
544,RandomForest,2027-06-29 05:20:00,72.0,85.66580055465717,True
544,RandomForest,2027-06-29 05:25:00,76.0,102.78976946076799,True
544,RandomForest,2027-06-29 05:30:00,85.0,89.68315227612494,True
544,RandomForest,2027-06-29 05:35:00,86.0,87.10030499283552,True
544,RandomForest,2027-06-29 05:40:00,83.0,79.31919899199383,True
544,RandomForest,2027-06-29 05:45:00,81.0,78.37567622325614,True
544,RandomForest,2027-06-29 05:50:00,80.0,75.27196173453824,True
544,RandomForest,2027-06-29 05:55:00,77.0,92.00719704117373,True
544,RandomForest,2027-06-29 06:00:00,74.0,115.43089208905221,True
544,RandomForest,2027-06-29 06:05:00,74.0,98.8634292594763,True
544,RandomForest,2027-06-29 06:10:00,79.0,84.84481426190605,True
544,RandomForest,2027-06-29 06:15:00,84.0,80.32155482166364,True
544,RandomForest,2027-06-29 06:20:00,90.0,80.90188504693039,True
544,RandomForest,2027-06-29 06:25:00,97.0,78.53132555876438,True
544,RandomForest,2027-06-29 06:30:00,98.0,77.7465313309689,True
544,RandomForest,2027-06-29 06:35:00,101.0,81.85599256434993,True
544,RandomForest,2027-06-29 06:40:00,105.0,99.81269328115326,True
544,RandomForest,2027-06-29 06:45:00,116.0,102.07466649522401,True
544,RandomForest,2027-06-29 06:50:00,116.0,114.03786134657628,True
544,RandomForest,2027-06-29 06:55:00,116.0,121.02601486258988,True
544,RandomForest,2027-06-29 07:00:00,116.0,102.2053702865603,True
544,RandomForest,2027-06-29 07:05:00,116.0,113.48304383168924,True
544,RandomForest,2027-06-29 07:10:00,143.0,121.44004756046712,True
544,RandomForest,2027-06-29 07:15:00,143.0,152.51543042354604,True
544,RandomForest,2027-06-29 07:20:00,148.0,117.47530713422898,True
544,RandomForest,2027-06-29 07:25:00,156.0,130.84646299195768,True
544,RandomForest,2027-06-29 07:30:00,166.0,133.47785929138408,True
544,RandomForest,2027-06-29 07:35:00,179.0,133.77641120704055,True
544,RandomForest,2027-06-29 07:40:00,190.0,166.58150086025088,True
544,RandomForest,2027-06-29 07:45:00,198.0,158.31160693581882,True
544,RandomForest,2027-06-29 07:50:00,205.0,160.64288115915525,True
544,RandomForest,2027-06-29 07:55:00,211.0,170.54574421902424,True
544,RandomForest,2027-06-29 08:00:00,219.0,186.90689248829312,True
544,RandomForest,2027-06-29 08:05:00,224.0,206.6974774702662,True
544,RandomForest,2027-06-29 08:10:00,230.0,213.93146654226564,True
544,RandomForest,2027-06-29 08:15:00,232.0,210.54713600204178,True
544,RandomForest,2027-06-29 08:20:00,226.0,218.78128899186896,True
544,RandomForest,2027-06-29 08:25:00,220.0,223.1927110456791,True
544,RandomForest,2027-06-29 08:30:00,222.0,227.47090942178372,True
544,RandomForest,2027-06-29 08:35:00,225.0,226.62608166302144,True
544,RandomForest,2027-06-29 08:40:00,225.0,242.23003921230702,True
544,RandomForest,2027-06-29 08:45:00,220.0,226.58593554757695,True
544,RandomForest,2027-06-29 08:50:00,218.0,205.93622781546932,True
544,RandomForest,2027-06-29 08:55:00,214.0,189.78423668807383,True
544,RandomForest,2027-06-29 09:00:00,211.0,215.7748995110466,True
544,RandomForest,2027-06-29 09:05:00,205.0,229.58954676648145,True
544,RandomForest,2027-06-29 09:10:00,198.0,220.80219591572117,True
544,RandomForest,2027-06-29 09:15:00,191.0,203.03575680686717,True
544,RandomForest,2027-06-29 09:20:00,187.0,206.6905854945984,True
544,RandomForest,2027-06-29 09:25:00,181.0,197.68802282358558,True
544,RandomForest,2027-06-29 09:30:00,180.0,192.3313205609966,True
544,RandomForest,2027-06-29 09:35:00,178.0,181.72450915651575,True
544,RandomForest,2027-06-29 09:40:00,174.0,173.21158271590537,True
544,RandomForest,2027-06-29 09:45:00,170.0,169.0550315907832,True
544,RandomForest,2027-06-29 09:50:00,167.0,173.42512952487695,True
544,RandomForest,2027-06-29 09:55:00,168.0,157.19286571918457,True
544,RandomForest,2027-06-29 10:00:00,168.0,167.5124340721651,True
544,RandomForest,2027-06-29 10:05:00,164.0,163.58693221400495,True
544,RandomForest,2027-06-29 10:10:00,158.0,159.50124142430985,True
544,RandomForest,2027-06-29 10:15:00,151.0,154.893647420967,True
544,RandomForest,2027-06-29 10:20:00,147.0,154.26027286572446,True
544,RandomForest,2027-06-29 10:25:00,145.0,162.3043873967968,True
544,RandomForest,2027-06-29 10:30:00,146.0,161.30039637457722,True
544,RandomForest,2027-06-29 10:35:00,147.0,150.14893040973755,True
544,RandomForest,2027-06-29 10:40:00,144.0,144.6785824518469,True
544,RandomForest,2027-06-29 10:45:00,143.0,136.3617746630805,True
544,RandomForest,2027-06-29 10:50:00,145.0,133.57362276546658,True
544,RandomForest,2027-06-29 10:55:00,151.0,136.70571573503045,True
544,RandomForest,2027-06-29 11:00:00,156.0,143.64683832089966,True
544,RandomForest,2027-06-29 11:05:00,153.0,143.19758287126288,True
544,RandomForest,2027-06-29 11:10:00,160.0,135.9144917157389,True
544,RandomForest,2027-06-29 11:15:00,167.0,139.61799127486518,True
544,RandomForest,2027-06-29 11:20:00,166.0,151.3898441995736,True
544,RandomForest,2027-06-29 11:25:00,156.0,162.02379118175378,True
544,RandomForest,2027-06-29 11:30:00,149.0,168.45245289615417,True
544,RandomForest,2027-06-29 11:35:00,144.0,142.1699782595809,True
544,RandomForest,2027-06-29 11:40:00,141.0,176.29198674776478,True
544,RandomForest,2027-06-29 11:45:00,140.0,176.68774074192467,True
544,RandomForest,2027-06-29 11:50:00,134.0,167.51941675222307,True
544,RandomForest,2027-06-29 11:55:00,130.0,148.72914621404547,True
544,RandomForest,2027-06-29 12:00:00,126.0,145.90095411149764,True
544,RandomForest,2027-06-29 12:05:00,123.0,144.8745531846959,True
544,RandomForest,2027-06-29 12:10:00,124.0,144.72357039057124,True
544,RandomForest,2027-06-29 12:15:00,124.0,141.88975394995828,True
544,RandomForest,2027-06-29 12:20:00,125.0,124.07676571828668,True
544,RandomForest,2027-06-29 12:25:00,124.0,119.4279497289021,True
544,RandomForest,2027-06-29 12:30:00,120.0,117.1598792875411,True
544,RandomForest,2027-06-29 12:35:00,117.0,135.28601331889314,True
544,RandomForest,2027-06-29 12:40:00,116.0,145.23642012081484,True
544,RandomForest,2027-06-29 12:45:00,117.0,146.71861117975592,True
544,RandomForest,2027-06-29 12:50:00,120.0,145.74928062142536,True
544,RandomForest,2027-06-29 12:55:00,122.0,137.68905349029095,True
544,RandomForest,2027-06-29 13:00:00,126.0,115.55991766044788,True
544,RandomForest,2027-06-29 13:05:00,131.0,109.84239788103785,True
544,RandomForest,2027-06-29 13:10:00,137.0,116.12538547003777,True
544,RandomForest,2027-06-29 13:15:00,153.0,123.30197337062855,True
544,RandomForest,2027-06-29 13:20:00,163.0,127.39668674742641,True
544,RandomForest,2027-06-29 13:25:00,169.0,134.23411082799316,True
544,RandomForest,2027-06-29 13:30:00,175.0,138.96144909679086,True
544,RandomForest,2027-06-29 13:35:00,182.0,140.74029167322587,True
544,RandomForest,2027-06-29 13:40:00,185.0,150.85976926453483,True
544,RandomForest,2027-06-29 13:45:00,187.0,174.51563920853252,True
544,RandomForest,2027-06-29 13:50:00,183.0,173.9667949063612,True
544,RandomForest,2027-06-29 13:55:00,182.0,174.36799997813975,True
544,RandomForest,2027-06-29 14:00:00,188.0,190.6933369463351,True
544,RandomForest,2027-06-29 14:05:00,191.0,200.5490172045008,True
544,RandomForest,2027-06-29 14:10:00,190.0,191.55044898903463,True
544,RandomForest,2027-06-29 14:15:00,188.0,191.25127255853903,True
544,RandomForest,2027-06-29 14:20:00,185.0,165.8201739762673,True
544,RandomForest,2027-06-29 14:25:00,182.0,173.30143147045533,True
544,RandomForest,2027-06-29 14:30:00,180.0,196.2600450994825,True
544,RandomForest,2027-06-29 14:35:00,178.0,201.90602627149838,True
544,RandomForest,2027-06-29 14:40:00,177.0,183.06892288502686,True
544,RandomForest,2027-06-29 14:45:00,177.0,178.21430721805248,True
544,RandomForest,2027-06-29 14:50:00,178.0,170.3710238539969,True
544,RandomForest,2027-06-29 14:55:00,177.0,169.0911989442549,True
544,RandomForest,2027-06-29 15:00:00,183.0,168.71822528074262,True
544,RandomForest,2027-06-29 15:05:00,185.0,167.12889302064823,True
544,RandomForest,2027-06-29 15:10:00,186.0,170.54676211037182,True
544,RandomForest,2027-06-29 15:15:00,184.0,175.23600209033611,True
544,RandomForest,2027-06-29 15:20:00,182.0,177.83151049891848,True
544,RandomForest,2027-06-29 15:25:00,181.0,170.7445228062519,True
544,RandomForest,2027-06-29 15:30:00,179.0,195.36123778816338,True
544,RandomForest,2027-06-29 15:35:00,174.0,190.35310902406323,True
544,RandomForest,2027-06-29 15:40:00,170.0,190.5314098359045,True
544,RandomForest,2027-06-29 15:45:00,167.0,179.26419354247085,True
544,RandomForest,2027-06-29 15:50:00,163.0,174.41649075496431,True
544,RandomForest,2027-06-29 15:55:00,160.0,174.49752730741082,True
544,RandomForest,2027-06-29 16:00:00,158.0,169.66144792014722,True
544,RandomForest,2027-06-29 16:05:00,151.0,164.9125269097833,True
544,RandomForest,2027-06-29 16:10:00,146.0,158.08236608268,True
544,RandomForest,2027-06-29 16:15:00,140.0,154.43865525348627,True
544,RandomForest,2027-06-29 16:20:00,132.0,148.73498002001895,True
544,RandomForest,2027-06-29 16:25:00,130.0,147.23330528664061,True
544,RandomForest,2027-06-29 16:30:00,124.0,147.37384467011836,True
544,RandomForest,2027-06-29 16:35:00,118.0,137.85488601287977,True
544,RandomForest,2027-06-29 16:40:00,114.0,133.00764627853061,True
544,RandomForest,2027-06-29 16:45:00,108.0,126.8101728957876,True
544,RandomForest,2027-06-29 16:50:00,102.0,128.834130426991,True
544,RandomForest,2027-06-29 16:55:00,98.0,133.547085671541,True
544,RandomForest,2027-06-29 17:00:00,95.0,136.8732516589534,True
544,RandomForest,2027-06-29 17:05:00,93.0,115.67889308926969,True
544,RandomForest,2027-06-29 17:10:00,94.0,117.02560692697075,True
544,RandomForest,2027-06-29 17:15:00,94.0,100.4017569181119,True
544,RandomForest,2027-06-29 17:20:00,100.0,99.07871274871448,True
544,RandomForest,2027-06-29 17:25:00,105.0,98.44372955858225,True
544,RandomForest,2027-06-29 17:30:00,116.0,90.59246280288099,True
544,RandomForest,2027-06-29 17:35:00,128.0,95.23978004404653,True
544,RandomForest,2027-06-29 17:40:00,141.0,99.66740875209399,True
544,RandomForest,2027-06-29 17:45:00,150.0,95.93395776767271,True
544,RandomForest,2027-06-29 17:50:00,158.0,116.49606230607462,True
544,RandomForest,2027-06-29 17:55:00,163.0,115.59895397416977,True
544,RandomForest,2027-06-29 18:00:00,164.0,145.6112181889941,True
544,RandomForest,2027-06-29 18:05:00,174.0,168.79293510711756,True
544,RandomForest,2027-06-29 18:10:00,183.0,168.0387656768744,True
544,RandomForest,2027-06-29 18:15:00,187.0,170.01194760691703,True
544,RandomForest,2027-06-29 18:20:00,189.0,171.9076021583254,True
544,RandomForest,2027-06-29 18:25:00,191.0,169.07393596445488,True
544,RandomForest,2027-06-29 18:30:00,192.0,158.71867717418547,True
544,RandomForest,2027-06-29 18:35:00,198.0,200.21653616251817,True
544,RandomForest,2027-06-29 18:40:00,199.0,189.48317219224805,True
544,RandomForest,2027-06-29 18:45:00,192.0,190.156417073241,True
544,RandomForest,2027-06-29 18:50:00,186.0,189.0267888249725,True
544,RandomForest,2027-06-29 18:55:00,187.0,198.2011126238263,True
544,RandomForest,2027-06-29 19:00:00,191.0,201.26271743312066,True
544,RandomForest,2027-06-29 19:05:00,184.0,206.88866212564037,True
544,RandomForest,2027-06-29 19:10:00,176.0,201.04029970989865,True
544,RandomForest,2027-06-29 19:15:00,173.0,179.39934749657692,True
544,RandomForest,2027-06-29 19:20:00,173.0,170.18251306107416,True
544,RandomForest,2027-06-29 19:25:00,172.0,190.02281352396207,True
544,RandomForest,2027-06-29 19:30:00,172.0,195.79729931072015,True
544,RandomForest,2027-06-29 19:35:00,171.0,168.9491475796259,True
544,RandomForest,2027-06-29 19:40:00,169.0,159.05265929478261,True
544,RandomForest,2027-06-29 19:45:00,167.0,160.71067434636294,True
544,RandomForest,2027-06-29 19:50:00,168.0,171.97187616554962,True
544,RandomForest,2027-06-29 19:55:00,167.0,167.0093378496218,True
544,RandomForest,2027-06-29 20:00:00,169.0,169.82276974059099,True
544,RandomForest,2027-06-29 20:05:00,165.0,166.39210411166053,True
544,RandomForest,2027-06-29 20:10:00,159.0,163.85122719797124,True
544,RandomForest,2027-06-29 20:15:00,156.0,160.5197211291147,True
544,RandomForest,2027-06-29 20:20:00,152.0,170.49150487473432,True
544,RandomForest,2027-06-29 20:25:00,148.0,164.38128207548885,True
544,RandomForest,2027-06-29 20:30:00,147.0,171.83070589394993,True
544,RandomForest,2027-06-29 20:35:00,145.0,155.17531068019645,True
544,RandomForest,2027-06-29 20:40:00,141.0,148.93549480673485,True
544,RandomForest,2027-06-29 20:45:00,141.0,155.31444595109213,True
544,RandomForest,2027-06-29 20:50:00,145.0,152.2494861735267,True
544,RandomForest,2027-06-29 20:55:00,151.0,144.97916422377412,True
544,RandomForest,2027-06-29 21:00:00,159.0,142.50650559959368,True
544,RandomForest,2027-06-29 21:05:00,169.0,141.8201784536827,True
544,RandomForest,2027-06-29 21:10:00,180.0,141.43799623750502,True
544,RandomForest,2027-06-29 21:15:00,196.0,147.73865419986183,True
544,RandomForest,2027-06-29 21:20:00,195.0,164.36626675689283,True
544,RandomForest,2027-06-29 21:25:00,192.0,165.3050767201787,True
544,RandomForest,2027-06-29 21:30:00,198.0,173.21681212985027,True
544,RandomForest,2027-06-29 21:35:00,209.0,189.23473893436548,True
544,RandomForest,2027-06-29 21:40:00,218.0,200.18183307279403,True
544,RandomForest,2027-06-29 21:45:00,218.0,223.77337278412367,True
544,RandomForest,2027-06-29 21:50:00,214.0,185.7370850451573,True
544,RandomForest,2027-06-29 21:55:00,211.0,179.7114993073801,True
544,RandomForest,2027-06-29 22:00:00,208.0,203.00271406201517,True
544,RandomForest,2027-06-29 22:05:00,204.0,218.82578833100197,True
544,RandomForest,2027-06-29 22:10:00,200.0,224.96124048978484,True
544,RandomForest,2027-06-29 22:15:00,197.0,204.74597857196036,True
544,RandomForest,2027-06-29 22:20:00,194.0,197.7229427989964,True
544,RandomForest,2027-06-29 22:25:00,187.0,194.0969460915527,True
544,RandomForest,2027-06-29 22:30:00,181.0,188.3327129990443,True
544,RandomForest,2027-06-29 22:35:00,175.0,184.63244388224783,True
544,RandomForest,2027-06-29 22:40:00,171.0,178.43236177090594,True
544,RandomForest,2027-06-29 22:45:00,166.0,179.86476590098792,True
544,RandomForest,2027-06-29 22:50:00,162.0,178.83305844526657,True
544,RandomForest,2027-06-29 22:55:00,158.0,162.64210726630657,True
544,RandomForest,2027-06-29 23:00:00,155.0,159.34302579779987,True
544,RandomForest,2027-06-29 23:05:00,152.0,155.65979076683507,True
544,RandomForest,2027-06-29 23:10:00,151.0,154.1913125728653,True
544,RandomForest,2027-06-29 23:15:00,153.0,146.7630726122569,True
544,RandomForest,2027-06-29 23:20:00,152.0,145.8320148797987,True
544,RandomForest,2027-06-29 23:25:00,151.0,141.67456775408127,True
544,RandomForest,2027-06-29 23:30:00,150.0,141.2631195998965,True
544,RandomForest,2027-06-29 23:35:00,147.0,136.87541683867335,True
544,RandomForest,2027-06-29 23:40:00,144.0,141.14561119017702,True
544,RandomForest,2027-06-29 23:45:00,141.0,154.20502713255456,True
544,RandomForest,2027-06-29 23:50:00,140.0,142.72249746835487,True
544,RandomForest,2027-06-29 23:55:00,138.0,143.1387715908706,True
544,RandomForest,2027-06-30 00:00:00,136.0,143.30868222912363,True
544,RandomForest,2027-06-30 00:05:00,134.0,135.770686435847,True
544,RandomForest,2027-06-30 00:10:00,132.0,133.80017352685002,True
544,RandomForest,2027-06-30 00:15:00,131.0,132.29340084961322,True
544,RandomForest,2027-06-30 00:20:00,129.0,135.22531551922052,True
544,RandomForest,2027-06-30 00:25:00,128.0,131.53684769783263,True
544,RandomForest,2027-06-30 00:30:00,126.0,129.8652892551945,True
544,RandomForest,2027-06-30 00:35:00,125.0,127.43488549495797,True
544,RandomForest,2027-06-30 00:40:00,123.0,125.96802566422964,True
544,RandomForest,2027-06-30 00:45:00,121.0,125.40428182084584,True
544,RandomForest,2027-06-30 00:50:00,116.0,123.68271698445272,True
544,RandomForest,2027-06-30 00:55:00,113.0,123.86924682259716,True
544,RandomForest,2027-06-30 01:00:00,112.0,122.07068924815214,True
544,RandomForest,2027-06-30 01:05:00,108.0,121.15075456185085,True
544,RandomForest,2027-06-30 01:10:00,103.0,118.57725881138126,True
544,RandomForest,2027-06-30 01:15:00,108.0,116.62274750908182,True
544,RandomForest,2027-06-30 01:20:00,111.0,108.83247954341174,True
544,RandomForest,2027-06-30 01:25:00,110.0,106.91911212484521,True
544,RandomForest,2027-06-30 01:30:00,109.0,108.40791817154927,True
544,RandomForest,2027-06-30 01:35:00,107.0,101.18459640956642,True
544,RandomForest,2027-06-30 01:40:00,104.0,94.28709991335349,True
544,RandomForest,2027-06-30 01:45:00,100.0,113.11287799398919,True
544,RandomForest,2027-06-30 01:50:00,99.0,113.85756309757795,True
544,RandomForest,2027-06-30 01:55:00,96.0,109.04112237789761,True
544,RandomForest,2027-06-30 02:00:00,93.0,106.19384761507277,True
544,RandomForest,2027-06-30 02:05:00,95.0,102.09867106763046,True
544,RandomForest,2027-06-30 02:10:00,98.0,99.40966221427126,True
544,RandomForest,2027-06-30 02:15:00,96.0,94.72592845033216,True
544,RandomForest,2027-06-30 02:20:00,95.0,98.04615022214038,True
544,RandomForest,2027-06-30 02:25:00,93.0,90.53679101688832,True
544,RandomForest,2027-06-30 02:30:00,91.0,90.45556420655714,True
544,RandomForest,2027-06-30 02:35:00,86.0,98.58578285015918,True
544,RandomForest,2027-06-30 02:40:00,85.0,106.89303711826304,True
544,RandomForest,2027-06-30 02:45:00,84.0,91.46574200114966,True
544,RandomForest,2027-06-30 02:50:00,83.0,91.99262982638858,True
544,RandomForest,2027-06-30 02:55:00,83.0,90.55261848949156,True
544,RandomForest,2027-06-30 03:00:00,87.0,89.42494309348648,True
544,RandomForest,2027-06-30 03:05:00,87.0,83.10942636239832,True
544,RandomForest,2027-06-30 03:10:00,84.0,84.31274581885937,True
544,RandomForest,2027-06-30 03:15:00,82.0,83.49649362502532,True
544,RandomForest,2027-06-30 03:20:00,82.0,82.19127736259775,True
544,RandomForest,2027-06-30 03:25:00,81.0,87.0819715377753,True
544,RandomForest,2027-06-30 03:30:00,80.0,100.73743560215838,True
544,RandomForest,2027-06-30 03:35:00,80.0,86.89332876204362,True
544,RandomForest,2027-06-30 03:40:00,80.0,84.0317574070092,True
544,RandomForest,2027-06-30 03:45:00,79.0,80.90682499709885,True
544,RandomForest,2027-06-30 03:50:00,79.0,86.7021607519021,True
544,RandomForest,2027-06-30 03:55:00,79.0,78.08918678657727,True
544,RandomForest,2027-06-30 04:00:00,78.0,79.42244338460681,True
544,RandomForest,2027-06-30 04:05:00,79.0,83.71154920339039,True
544,RandomForest,2027-06-30 04:10:00,80.0,83.33374896764285,True
544,RandomForest,2027-06-30 04:15:00,82.0,79.53281227404064,True
544,RandomForest,2027-06-30 04:20:00,81.0,81.63354682196496,True
544,RandomForest,2027-06-30 04:25:00,79.0,81.69130451697728,True
544,RandomForest,2027-06-30 04:30:00,78.0,78.52383298645016,True
544,RandomForest,2027-06-30 04:35:00,77.0,81.84430538172629,True
544,RandomForest,2027-06-30 04:40:00,76.0,82.93268909668073,True
544,RandomForest,2027-06-30 04:45:00,76.0,91.77405501767653,True
544,RandomForest,2027-06-30 04:50:00,77.0,80.30342217034735,True
544,RandomForest,2027-06-30 04:55:00,80.0,79.29579042359416,True
544,RandomForest,2027-06-30 05:00:00,83.0,77.45278157615348,True
544,RandomForest,2027-06-30 05:05:00,87.0,76.53802029089032,True
544,RandomForest,2027-06-30 05:10:00,86.0,76.31632641194125,True
544,RandomForest,2027-06-30 05:15:00,87.0,78.13921360860785,True
544,RandomForest,2027-06-30 05:20:00,88.0,79.24731467291444,True
544,RandomForest,2027-06-30 05:25:00,88.0,90.38463845642158,True
544,RandomForest,2027-06-30 05:30:00,87.0,94.32053830218696,True
544,RandomForest,2027-06-30 05:35:00,85.0,103.46469903734001,True
544,RandomForest,2027-06-30 05:40:00,91.0,87.20690395717202,True
544,RandomForest,2027-06-30 05:45:00,97.0,96.44970311419338,True
544,RandomForest,2027-06-30 05:50:00,98.0,94.36588575502986,True
544,RandomForest,2027-06-30 05:55:00,97.0,94.5237220448649,True
544,RandomForest,2027-06-30 06:00:00,96.0,86.70075100349719,True
544,RandomForest,2027-06-30 06:05:00,95.0,85.29808355713409,True
544,RandomForest,2027-06-30 06:10:00,95.0,112.14016513695813,True
544,RandomForest,2027-06-30 06:15:00,95.0,122.01984302988915,True
544,RandomForest,2027-06-30 06:20:00,101.0,100.85432107937369,True
544,RandomForest,2027-06-30 06:25:00,104.0,97.60043611754034,True
544,RandomForest,2027-06-30 06:30:00,108.0,95.67222952769941,True
544,RandomForest,2027-06-30 06:35:00,116.0,93.81157932484317,True
544,RandomForest,2027-06-30 06:40:00,117.0,96.95510430478161,True
544,RandomForest,2027-06-30 06:45:00,117.0,94.92459587297355,True
544,RandomForest,2027-06-30 06:50:00,124.0,119.36109370656094,True
544,RandomForest,2027-06-30 06:55:00,128.0,114.70648628584814,True
544,RandomForest,2027-06-30 07:00:00,130.0,120.5403243555601,True
544,RandomForest,2027-06-30 07:05:00,132.0,134.70800022653327,True
544,RandomForest,2027-06-30 07:10:00,133.0,123.30529156971593,True
544,RandomForest,2027-06-30 07:15:00,135.0,119.3066088656357,True
544,RandomForest,2027-06-30 07:20:00,116.0,143.1821414736368,True
544,RandomForest,2027-06-30 07:25:00,118.0,143.0911474004859,True
544,RandomForest,2027-06-30 07:30:00,125.0,140.51334704985086,True
544,RandomForest,2027-06-30 07:35:00,136.0,142.57972629100814,True
544,RandomForest,2027-06-30 07:40:00,149.0,156.39456296494544,True
544,RandomForest,2027-06-30 07:45:00,163.0,157.42746836756353,True
544,RandomForest,2027-06-30 07:50:00,183.0,125.46739967514146,True
544,RandomForest,2027-06-30 07:55:00,202.0,140.26207729761907,True
544,RandomForest,2027-06-30 08:00:00,211.0,156.05178716356147,True
544,RandomForest,2027-06-30 08:05:00,215.0,166.17136409182837,True
544,RandomForest,2027-06-30 08:10:00,216.0,175.90254770614777,True
544,RandomForest,2027-06-30 08:15:00,215.0,194.00838981489008,True
544,RandomForest,2027-06-30 08:20:00,213.0,207.45191875338972,True
544,RandomForest,2027-06-30 08:25:00,215.0,223.2799359153721,True
544,RandomForest,2027-06-30 08:30:00,212.0,208.96669265797104,True
544,RandomForest,2027-06-30 08:35:00,205.0,208.30246253543032,True
544,RandomForest,2027-06-30 08:40:00,199.0,200.28838795735805,True
544,RandomForest,2027-06-30 08:45:00,194.0,201.98644665095134,True
544,RandomForest,2027-06-30 08:50:00,190.0,181.40439620596078,True
544,RandomForest,2027-06-30 08:55:00,187.0,201.85277854630448,True
544,RandomForest,2027-06-30 09:00:00,184.0,185.7638239910613,True
544,RandomForest,2027-06-30 09:05:00,181.0,173.25771721470844,True
544,RandomForest,2027-06-30 09:10:00,179.0,170.04189470174242,True
544,RandomForest,2027-06-30 09:15:00,177.0,171.96533783926995,True
544,RandomForest,2027-06-30 09:20:00,176.0,174.63146666087573,True
544,RandomForest,2027-06-30 09:25:00,172.0,167.6402965999211,True
544,RandomForest,2027-06-30 09:30:00,171.0,167.39220695847803,True
544,RandomForest,2027-06-30 09:35:00,173.0,162.97426807874558,True
544,RandomForest,2027-06-30 09:40:00,169.0,163.35786332734838,True
544,RandomForest,2027-06-30 09:45:00,166.0,165.03379325028766,True
544,RandomForest,2027-06-30 09:50:00,164.0,166.52544095276644,True
544,RandomForest,2027-06-30 09:55:00,162.0,154.75828602762468,True
544,RandomForest,2027-06-30 10:00:00,160.0,164.70828028377292,True
544,RandomForest,2027-06-30 10:05:00,159.0,168.4799423059558,True
544,RandomForest,2027-06-30 10:10:00,161.0,156.63072230466577,True
544,RandomForest,2027-06-30 10:15:00,160.0,157.50012568349166,True
544,RandomForest,2027-06-30 10:20:00,158.0,153.08317799172232,True
544,RandomForest,2027-06-30 10:25:00,155.0,152.6374221599661,True
544,RandomForest,2027-06-30 10:30:00,153.0,151.8005291678767,True
544,RandomForest,2027-06-30 10:35:00,150.0,148.82938271948336,True
544,RandomForest,2027-06-30 10:40:00,147.0,163.1083214707974,True
544,RandomForest,2027-06-30 10:45:00,145.0,154.8211689626983,True
544,RandomForest,2027-06-30 10:50:00,141.0,151.65016466122313,True
544,RandomForest,2027-06-30 10:55:00,138.0,144.32556307880398,True
544,RandomForest,2027-06-30 11:00:00,134.0,142.99608960868343,True
544,RandomForest,2027-06-30 11:05:00,131.0,140.32293907232665,True
544,RandomForest,2027-06-30 11:10:00,128.0,137.16117440950367,True
544,RandomForest,2027-06-30 11:15:00,125.0,138.65142148698814,True
544,RandomForest,2027-06-30 11:20:00,122.0,133.65171331661983,True
544,RandomForest,2027-06-30 11:25:00,120.0,131.0445756343287,True
544,RandomForest,2027-06-30 11:30:00,118.0,121.18777208543321,True
544,RandomForest,2027-06-30 11:35:00,115.0,122.4126494057094,True
544,RandomForest,2027-06-30 11:40:00,112.0,119.29223632839003,True
544,RandomForest,2027-06-30 11:45:00,109.0,117.1924604997452,True
544,RandomForest,2027-06-30 11:50:00,108.0,114.97325889048265,True
544,RandomForest,2027-06-30 11:55:00,105.0,111.04428763962383,True
544,RandomForest,2027-06-30 12:00:00,104.0,109.53199375858358,True
544,RandomForest,2027-06-30 12:05:00,105.0,106.82017562738486,True
544,RandomForest,2027-06-30 12:10:00,105.0,102.60040240734179,True
544,RandomForest,2027-06-30 12:15:00,103.0,100.75489437230429,True
544,RandomForest,2027-06-30 12:20:00,100.0,103.88520878357403,True
544,RandomForest,2027-06-30 12:25:00,99.0,97.8666442081834,True
544,RandomForest,2027-06-30 12:30:00,99.0,99.71824844268792,True
544,RandomForest,2027-06-30 12:35:00,82.0,104.63473072809207,True
544,RandomForest,2027-06-30 12:40:00,82.0,104.11091054157572,True
544,RandomForest,2027-06-30 12:45:00,82.0,112.56057133600547,True
544,RandomForest,2027-06-30 12:50:00,85.0,120.52076138321395,True
544,RandomForest,2027-06-30 12:55:00,94.0,124.70790823140372,True
544,RandomForest,2027-06-30 13:00:00,106.0,130.48615342106459,True
544,RandomForest,2027-06-30 13:05:00,113.0,101.63243071411176,True
544,RandomForest,2027-06-30 13:10:00,122.0,107.7704304030104,True
544,RandomForest,2027-06-30 13:15:00,133.0,108.2287754336787,True
544,RandomForest,2027-06-30 13:20:00,144.0,103.95755602680276,True
544,RandomForest,2027-06-30 13:25:00,152.0,130.15926600066604,True
544,RandomForest,2027-06-30 13:30:00,159.0,144.23906471241173,True
544,RandomForest,2027-06-30 13:35:00,169.0,139.29802854914223,True
544,RandomForest,2027-06-30 13:40:00,184.0,145.61594119190994,True
544,RandomForest,2027-06-30 13:45:00,194.0,155.4897661703775,True
544,RandomForest,2027-06-30 13:50:00,202.0,167.41228502808357,True
544,RandomForest,2027-06-30 13:55:00,207.0,160.64987946604697,True
544,RandomForest,2027-06-30 14:00:00,210.0,162.04189158404634,True
544,RandomForest,2027-06-30 14:05:00,211.0,175.94449922425255,True
544,RandomForest,2027-06-30 14:10:00,210.0,203.46624510842253,True
544,RandomForest,2027-06-30 14:15:00,209.0,209.96268168039617,True
544,RandomForest,2027-06-30 14:20:00,209.0,212.61854892822493,True
544,RandomForest,2027-06-30 14:25:00,213.0,212.20472993634957,True
544,RandomForest,2027-06-30 14:30:00,220.0,212.31985512324613,True
544,RandomForest,2027-06-30 14:35:00,224.0,203.6994505582714,True
544,RandomForest,2027-06-30 14:40:00,227.0,198.1329997941868,True
544,RandomForest,2027-06-30 14:45:00,230.0,195.98266666035602,True
544,RandomForest,2027-06-30 14:50:00,232.0,197.99920574251848,True
544,RandomForest,2027-06-30 14:55:00,236.0,219.28152747328167,True
544,RandomForest,2027-06-30 15:00:00,237.0,224.13635691056948,True
544,RandomForest,2027-06-30 15:05:00,236.0,230.10571091371045,True
544,RandomForest,2027-06-30 15:10:00,234.0,230.32687752695824,True
544,RandomForest,2027-06-30 15:15:00,232.0,231.20471124172545,True
544,RandomForest,2027-06-30 15:20:00,230.0,237.54440270432823,True
544,RandomForest,2027-06-30 15:25:00,227.0,244.95266421635029,True
544,RandomForest,2027-06-30 15:30:00,226.0,235.9525972776988,True
544,RandomForest,2027-06-30 15:35:00,224.0,230.9806678500202,True
544,RandomForest,2027-06-30 15:40:00,219.0,222.98524102464305,True
544,RandomForest,2027-06-30 15:45:00,209.0,221.44138533572502,True
544,RandomForest,2027-06-30 15:50:00,200.0,216.43743655790686,True
544,RandomForest,2027-06-30 15:55:00,194.0,214.33492886558778,True
544,RandomForest,2027-06-30 16:00:00,188.0,222.66489038387473,True
544,RandomForest,2027-06-30 16:05:00,181.0,208.29753511665547,True
544,RandomForest,2027-06-30 16:10:00,175.0,204.82277217705072,True
544,RandomForest,2027-06-30 16:15:00,169.0,186.6277965694209,True
544,RandomForest,2027-06-30 16:20:00,161.0,177.5245134120952,True
544,RandomForest,2027-06-30 16:25:00,151.0,173.94403460451562,True
544,RandomForest,2027-06-30 16:30:00,143.0,168.48517301601726,True
544,RandomForest,2027-06-30 16:35:00,137.0,154.70785931919332,True
544,RandomForest,2027-06-30 16:40:00,130.0,155.9651080190667,True
544,RandomForest,2027-06-30 16:45:00,125.0,143.92843890971128,True
544,RandomForest,2027-06-30 16:50:00,121.0,141.29960338812074,True
544,RandomForest,2027-06-30 16:55:00,119.0,132.26487555177698,True
544,RandomForest,2027-06-30 17:00:00,117.0,118.41243978229609,True
544,RandomForest,2027-06-30 17:05:00,115.0,118.85578115711509,True
544,RandomForest,2027-06-30 17:10:00,115.0,113.14570363873516,True
544,RandomForest,2027-06-30 17:15:00,114.0,110.3370890880552,True
544,RandomForest,2027-06-30 17:20:00,112.0,110.14912318112266,True
544,RandomForest,2027-06-30 17:25:00,111.0,108.6418734739635,True
544,RandomForest,2027-06-30 17:30:00,110.0,107.27571753047518,True
544,RandomForest,2027-06-30 17:35:00,109.0,110.12859391728055,True
544,RandomForest,2027-06-30 17:40:00,109.0,110.95432539765055,True
544,RandomForest,2027-06-30 17:45:00,108.0,108.90784621051736,True
544,RandomForest,2027-06-30 17:50:00,106.0,107.45590982038343,True
544,RandomForest,2027-06-30 17:55:00,103.0,108.51274460857572,True
544,RandomForest,2027-06-30 18:00:00,101.0,106.97179523620702,True
544,RandomForest,2027-06-30 18:05:00,99.0,106.34787905989637,True
544,RandomForest,2027-06-30 18:10:00,97.0,109.92515924521163,True
544,RandomForest,2027-06-30 18:15:00,95.0,104.28637437435253,True
544,RandomForest,2027-06-30 18:20:00,93.0,102.29114897540259,True
544,RandomForest,2027-06-30 18:25:00,90.0,98.97109823623619,True
544,RandomForest,2027-06-30 18:30:00,89.0,98.09152621691261,True
544,RandomForest,2027-06-30 18:35:00,88.0,94.01027871976677,True
544,RandomForest,2027-06-30 18:40:00,88.0,90.1008808317092,True
544,RandomForest,2027-06-30 18:45:00,89.0,88.913704913351,True
544,RandomForest,2027-06-30 18:50:00,88.0,88.67491053872611,True
544,RandomForest,2027-06-30 18:55:00,88.0,86.84815922624168,True
544,RandomForest,2027-06-30 19:00:00,88.0,86.99144155920736,True
544,RandomForest,2027-06-30 19:05:00,93.0,85.10987877471001,True
544,RandomForest,2027-06-30 19:10:00,93.0,88.83767928569272,True
544,RandomForest,2027-06-30 19:15:00,94.0,92.19359483755075,True
544,RandomForest,2027-06-30 19:20:00,95.0,85.52954107715802,True
544,RandomForest,2027-06-30 19:25:00,98.0,89.25824227135705,True
544,RandomForest,2027-06-30 19:30:00,104.0,101.1880653856002,True
544,RandomForest,2027-06-30 19:35:00,109.0,114.83154586171831,True
544,RandomForest,2027-06-30 19:40:00,114.0,104.26586340234681,True
544,RandomForest,2027-06-30 19:45:00,117.0,109.6224997347744,True
544,RandomForest,2027-06-30 19:50:00,119.0,108.05986155682358,True
544,RandomForest,2027-06-30 19:55:00,125.0,116.72301841756664,True
544,RandomForest,2027-06-30 20:00:00,134.0,130.94483814988934,True
544,RandomForest,2027-06-30 20:05:00,142.0,132.61353516881377,True
544,RandomForest,2027-06-30 20:10:00,149.0,139.4953294194135,True
544,RandomForest,2027-06-30 20:15:00,155.0,130.74661345442885,True
544,RandomForest,2027-06-30 20:20:00,160.0,123.31140903673514,True
544,RandomForest,2027-06-30 20:25:00,164.0,141.09590258721985,True
544,RandomForest,2027-06-30 20:30:00,168.0,155.83550030802564,True
544,RandomForest,2027-06-30 20:35:00,171.0,161.668079262509,True
544,RandomForest,2027-06-30 20:40:00,174.0,170.4239381429544,True
544,RandomForest,2027-06-30 20:45:00,179.0,169.54819021648396,True
544,RandomForest,2027-06-30 20:50:00,182.0,174.12206620376324,True
544,RandomForest,2027-06-30 20:55:00,184.0,175.67287288089284,True
544,RandomForest,2027-06-30 21:00:00,187.0,179.68764026582835,True
544,RandomForest,2027-06-30 21:05:00,188.0,176.32947955201692,True
544,RandomForest,2027-06-30 21:10:00,189.0,185.6684666388293,True
544,RandomForest,2027-06-30 21:15:00,189.0,192.81005206311937,True
544,RandomForest,2027-06-30 21:20:00,190.0,189.54336799916965,True
544,RandomForest,2027-06-30 21:25:00,190.0,190.63254339940278,True
544,RandomForest,2027-06-30 21:30:00,191.0,193.6385138932752,True
544,RandomForest,2027-06-30 21:35:00,197.0,190.32163686587757,True
544,RandomForest,2027-06-30 21:40:00,194.0,190.90112533715367,True
544,RandomForest,2027-06-30 21:45:00,193.0,188.35294763368998,True
544,RandomForest,2027-06-30 21:50:00,195.0,193.62968773945363,True
544,RandomForest,2027-06-30 21:55:00,198.0,186.90585066794358,True
544,RandomForest,2027-06-30 22:00:00,203.0,187.87464244929757,True
544,RandomForest,2027-06-30 22:05:00,209.0,203.5340416312598,True
544,RandomForest,2027-06-30 22:10:00,211.0,178.64162906635755,True
544,RandomForest,2027-06-30 22:15:00,211.0,181.66300249276503,True
544,RandomForest,2027-06-30 22:20:00,218.0,196.32777516717812,True
544,RandomForest,2027-06-30 22:25:00,226.0,201.90260774817864,True
544,RandomForest,2027-06-30 22:30:00,229.0,212.51132086706224,True
544,RandomForest,2027-06-30 22:35:00,232.0,220.17994573906802,True
544,RandomForest,2027-06-30 22:40:00,233.0,212.27114425705386,True
544,RandomForest,2027-06-30 22:45:00,232.0,207.46761348429357,True
544,RandomForest,2027-06-30 22:50:00,229.0,227.2888155326669,True
544,RandomForest,2027-06-30 22:55:00,222.0,235.8907929679413,True
544,RandomForest,2027-06-30 23:00:00,220.0,228.92328350458018,True
544,RandomForest,2027-06-30 23:05:00,220.0,231.5200908353605,True
544,RandomForest,2027-06-30 23:10:00,219.0,228.66770391235886,True
544,RandomForest,2027-06-30 23:15:00,220.0,220.3916581409777,True
544,RandomForest,2027-06-30 23:20:00,220.0,211.23113096700547,True
544,RandomForest,2027-06-30 23:25:00,220.0,191.7269776751886,True
544,RandomForest,2027-06-30 23:30:00,218.0,204.9599201290288,True
544,RandomForest,2027-06-30 23:35:00,214.0,214.31846142485662,True
544,RandomForest,2027-06-30 23:40:00,210.0,211.75968557675662,True
544,RandomForest,2027-06-30 23:45:00,204.0,215.70856954181536,True
544,RandomForest,2027-06-30 23:50:00,197.0,211.86062076130128,True
544,RandomForest,2027-06-30 23:55:00,193.0,210.8985720323277,True
544,RandomForest,2027-07-01 00:00:00,189.0,206.00197853834968,True
544,RandomForest,2027-07-01 00:05:00,185.0,201.2348041233514,True
544,RandomForest,2027-07-01 00:10:00,181.0,196.31703376049063,True
544,RandomForest,2027-07-01 00:15:00,178.0,183.3333850997142,True
544,RandomForest,2027-07-01 00:20:00,175.0,178.2208429357699,True
544,RandomForest,2027-07-01 00:25:00,174.0,180.701520082493,True
544,RandomForest,2027-07-01 00:30:00,174.0,178.8322310746201,True
544,RandomForest,2027-07-01 00:35:00,172.0,170.83534266124755,True
544,RandomForest,2027-07-01 00:40:00,168.0,165.10894875342927,True
544,RandomForest,2027-07-01 00:45:00,166.0,163.26844338834914,True
544,RandomForest,2027-07-01 00:50:00,164.0,164.4107237729939,True
544,RandomForest,2027-07-01 00:55:00,162.0,167.49167568178288,True
544,RandomForest,2027-07-01 01:00:00,160.0,169.00863966464033,True
544,RandomForest,2027-07-01 01:05:00,158.0,160.99090346802257,True
544,RandomForest,2027-07-01 01:10:00,157.0,157.55275804142107,True
544,RandomForest,2027-07-01 01:15:00,156.0,157.43692799066338,True
544,RandomForest,2027-07-01 01:20:00,155.0,154.97738419676824,True
544,RandomForest,2027-07-01 01:25:00,154.0,152.70399515888192,True
544,RandomForest,2027-07-01 01:30:00,151.0,151.86388470491096,True
544,RandomForest,2027-07-01 01:35:00,149.0,148.7692737996127,True
544,RandomForest,2027-07-01 01:40:00,147.0,150.19957550057833,True
544,RandomForest,2027-07-01 01:45:00,145.0,148.38776727256763,True
544,RandomForest,2027-07-01 01:50:00,143.0,147.64128986852117,True
544,RandomForest,2027-07-01 01:55:00,141.0,148.43138047541194,True
544,RandomForest,2027-07-01 02:00:00,140.0,142.69557146477615,True
544,RandomForest,2027-07-01 02:05:00,139.0,142.12519732766046,True
544,RandomForest,2027-07-01 02:10:00,138.0,140.17886021876507,True
544,RandomForest,2027-07-01 02:15:00,137.0,138.17974182368312,True
544,RandomForest,2027-07-01 02:20:00,136.0,137.6340264416306,True
544,RandomForest,2027-07-01 02:25:00,135.0,135.31516155284396,True
544,RandomForest,2027-07-01 02:30:00,136.0,135.82272397730165,True
544,RandomForest,2027-07-01 02:35:00,135.0,135.4246299179998,True
544,RandomForest,2027-07-01 02:40:00,135.0,135.3047599897707,True
544,RandomForest,2027-07-01 02:45:00,134.0,134.66506210996073,True
544,RandomForest,2027-07-01 02:50:00,133.0,133.9293522146249,True
544,RandomForest,2027-07-01 02:55:00,131.0,131.21464393608113,True
544,RandomForest,2027-07-01 03:00:00,129.0,138.5807976708029,True
544,RandomForest,2027-07-01 03:05:00,126.0,131.6569356166493,True
544,RandomForest,2027-07-01 03:10:00,124.0,133.92117668651247,True
544,RandomForest,2027-07-01 03:15:00,122.0,131.55029005522204,True
544,RandomForest,2027-07-01 03:20:00,121.0,131.31174850447576,True
544,RandomForest,2027-07-01 03:25:00,121.0,127.55760408632757,True
544,RandomForest,2027-07-01 03:30:00,120.0,125.27930437212521,True
544,RandomForest,2027-07-01 03:35:00,120.0,122.04106043082474,True
544,RandomForest,2027-07-01 03:40:00,119.0,121.65237224909035,True
544,RandomForest,2027-07-01 03:45:00,118.0,117.92656048620361,True
544,RandomForest,2027-07-01 03:50:00,118.0,117.86480700962063,True
544,RandomForest,2027-07-01 03:55:00,118.0,121.56777976045734,True
544,RandomForest,2027-07-01 04:00:00,117.0,117.20835254193352,True
544,RandomForest,2027-07-01 04:05:00,116.0,120.31898452936275,True
544,RandomForest,2027-07-01 04:10:00,115.0,116.31848504439002,True
544,RandomForest,2027-07-01 04:15:00,114.0,115.34025291816884,True
544,RandomForest,2027-07-01 04:20:00,113.0,118.7487737911,True
544,RandomForest,2027-07-01 04:25:00,114.0,119.29304181552743,True
544,RandomForest,2027-07-01 04:30:00,114.0,115.89470958879843,True
544,RandomForest,2027-07-01 04:35:00,113.0,113.86195953747608,True
544,RandomForest,2027-07-01 04:40:00,111.0,112.40366791627143,True
544,RandomForest,2027-07-01 04:45:00,110.0,112.25931861544214,True
544,RandomForest,2027-07-01 04:50:00,109.0,110.66744197499246,True
544,RandomForest,2027-07-01 04:55:00,109.0,116.31229777052314,True
544,RandomForest,2027-07-01 05:00:00,110.0,115.31104970940076,True
544,RandomForest,2027-07-01 05:05:00,110.0,111.50687711706227,True
544,RandomForest,2027-07-01 05:10:00,109.0,109.02126785958312,True
544,RandomForest,2027-07-01 05:15:00,109.0,109.3286501375612,True
544,RandomForest,2027-07-01 05:20:00,108.0,108.6371304002687,True
544,RandomForest,2027-07-01 05:25:00,107.0,111.47382683180592,True
544,RandomForest,2027-07-01 05:30:00,107.0,113.9680184006772,True
544,RandomForest,2027-07-01 05:35:00,107.0,113.40842533426003,True
544,RandomForest,2027-07-01 05:40:00,107.0,109.41460970575885,True
544,RandomForest,2027-07-01 05:45:00,108.0,111.86266483238524,True
544,RandomForest,2027-07-01 05:50:00,108.0,106.58149707875918,True
544,RandomForest,2027-07-01 05:55:00,108.0,104.34844561365563,True
544,RandomForest,2027-07-01 06:00:00,108.0,106.59271841207125,True
544,RandomForest,2027-07-01 06:05:00,107.0,106.83663010688542,True
544,RandomForest,2027-07-01 06:10:00,105.0,106.58596543788734,True
544,RandomForest,2027-07-01 06:15:00,103.0,110.14039380861979,True
544,RandomForest,2027-07-01 06:20:00,105.0,109.44108739791324,True
544,RandomForest,2027-07-01 06:25:00,106.0,109.00283348634767,True
544,RandomForest,2027-07-01 06:30:00,106.0,109.83190769001088,True
544,RandomForest,2027-07-01 06:35:00,108.0,105.77429556034485,True
544,RandomForest,2027-07-01 06:40:00,114.0,103.55465016597027,True
544,RandomForest,2027-07-01 06:45:00,118.0,99.90838370401033,True
544,RandomForest,2027-07-01 06:50:00,120.0,112.104665363892,True
544,RandomForest,2027-07-01 06:55:00,123.0,107.60670647098576,True
544,RandomForest,2027-07-01 07:00:00,125.0,105.88393713937057,True
544,RandomForest,2027-07-01 07:05:00,128.0,113.9366602445338,True
544,RandomForest,2027-07-01 07:10:00,130.0,128.84682410960562,True
544,RandomForest,2027-07-01 07:15:00,132.0,128.69170478760807,True
544,RandomForest,2027-07-01 07:20:00,137.0,124.71834471909246,True
544,RandomForest,2027-07-01 07:25:00,147.0,152.6146249967096,True
544,RandomForest,2027-07-01 07:30:00,158.0,144.679664888469,True
544,RandomForest,2027-07-01 07:35:00,165.0,153.00945207321396,True
544,RandomForest,2027-07-01 07:40:00,173.0,150.47942926117187,True
544,RandomForest,2027-07-01 07:45:00,180.0,149.94278387812676,True
544,RandomForest,2027-07-01 07:50:00,185.0,156.03239482262606,True
544,RandomForest,2027-07-01 07:55:00,190.0,179.51940579935956,True
544,RandomForest,2027-07-01 08:00:00,193.0,182.09485724711718,True
544,RandomForest,2027-07-01 08:05:00,193.0,184.30837415182057,True
544,RandomForest,2027-07-01 08:10:00,192.0,193.78961458577666,True
544,RandomForest,2027-07-01 08:15:00,190.0,201.40627868265386,True
544,RandomForest,2027-07-01 08:20:00,190.0,194.9931552097426,True
544,RandomForest,2027-07-01 08:25:00,187.0,200.28327593266516,True
544,RandomForest,2027-07-01 08:30:00,185.0,202.3732174048058,True
544,RandomForest,2027-07-01 08:35:00,183.0,192.94014875114578,True
544,RandomForest,2027-07-01 08:40:00,180.0,187.17360989333304,True
544,RandomForest,2027-07-01 08:45:00,177.0,175.93121987556617,True
544,RandomForest,2027-07-01 08:50:00,173.0,190.50676325674627,True
544,RandomForest,2027-07-01 08:55:00,169.0,170.2207274506031,True
544,RandomForest,2027-07-01 09:00:00,167.0,173.6604555820311,True
544,RandomForest,2027-07-01 09:05:00,165.0,171.78260014022206,True
544,RandomForest,2027-07-01 09:10:00,164.0,165.55109898994175,True
544,RandomForest,2027-07-01 09:15:00,163.0,160.36807668372654,True
544,RandomForest,2027-07-01 09:20:00,163.0,156.06787621994536,True
544,RandomForest,2027-07-01 09:25:00,166.0,152.43274577134991,True
544,RandomForest,2027-07-01 09:30:00,162.0,156.7870645821664,True
544,RandomForest,2027-07-01 09:35:00,159.0,151.33582602360258,True
544,RandomForest,2027-07-01 09:40:00,155.0,154.67680495417198,True
544,RandomForest,2027-07-01 09:45:00,153.0,155.1143115432046,True
544,RandomForest,2027-07-01 09:50:00,152.0,161.51223421427082,True
544,RandomForest,2027-07-01 09:55:00,153.0,168.26318259590144,True
544,RandomForest,2027-07-01 10:00:00,150.0,152.00335102997553,True
544,RandomForest,2027-07-01 10:05:00,148.0,150.34636852417722,True
544,RandomForest,2027-07-01 10:10:00,146.0,143.10349815279238,True
544,RandomForest,2027-07-01 10:15:00,142.0,142.2364227947347,True
544,RandomForest,2027-07-01 10:20:00,139.0,143.26687610336054,True
544,RandomForest,2027-07-01 10:25:00,137.0,151.95825273101266,True
544,RandomForest,2027-07-01 10:30:00,134.0,140.31581791234564,True
544,RandomForest,2027-07-01 10:35:00,132.0,139.58631954584465,True
544,RandomForest,2027-07-01 10:40:00,130.0,140.25244890217405,True
544,RandomForest,2027-07-01 10:45:00,130.0,132.54886451884798,True
544,RandomForest,2027-07-01 10:50:00,128.0,132.05026479562318,True
544,RandomForest,2027-07-01 10:55:00,126.0,132.08810867800597,True
544,RandomForest,2027-07-01 11:00:00,124.0,123.92967065912605,True
544,RandomForest,2027-07-01 11:05:00,124.0,126.83849687795693,True
544,RandomForest,2027-07-01 11:10:00,121.0,124.7804120319315,True
544,RandomForest,2027-07-01 11:15:00,119.0,128.59822745981432,True
544,RandomForest,2027-07-01 11:20:00,120.0,123.81987849312931,True
544,RandomForest,2027-07-01 11:25:00,123.0,121.67060895672367,True
544,RandomForest,2027-07-01 11:30:00,122.0,118.06306743920607,True
544,RandomForest,2027-07-01 11:35:00,124.0,127.93730670633516,True
544,RandomForest,2027-07-01 11:40:00,127.0,116.55391441562422,True
544,RandomForest,2027-07-01 11:45:00,132.0,112.58012512382722,True
544,RandomForest,2027-07-01 11:50:00,137.0,120.49313412794801,True
544,RandomForest,2027-07-01 11:55:00,137.0,129.8231770059159,True
544,RandomForest,2027-07-01 12:00:00,141.0,121.67246149298722,True
544,RandomForest,2027-07-01 12:05:00,150.0,148.88963667297483,True
544,RandomForest,2027-07-01 12:10:00,160.0,157.1811431394541,True
544,RandomForest,2027-07-01 12:15:00,164.0,159.13592554884187,True
544,RandomForest,2027-07-01 12:20:00,169.0,159.46257021546666,True
544,RandomForest,2027-07-01 12:25:00,173.0,153.14536804567118,True
544,RandomForest,2027-07-01 12:30:00,170.0,153.84915727828746,True
544,RandomForest,2027-07-01 12:35:00,175.0,171.25515571253217,True
544,RandomForest,2027-07-01 12:40:00,181.0,179.98236494890884,True
544,RandomForest,2027-07-01 12:45:00,178.0,168.16371990425145,True
544,RandomForest,2027-07-01 12:50:00,176.0,176.42821505061636,True
544,RandomForest,2027-07-01 12:55:00,184.0,175.06918655652876,True
544,RandomForest,2027-07-01 13:00:00,185.0,155.5100899916889,True
544,RandomForest,2027-07-01 13:05:00,186.0,188.24352244533347,True
544,RandomForest,2027-07-01 13:10:00,194.0,195.84383871926954,True
544,RandomForest,2027-07-01 13:15:00,200.0,164.29120790148568,True
544,RandomForest,2027-07-01 13:20:00,206.0,164.46573975268254,True
544,RandomForest,2027-07-01 13:25:00,208.0,195.20064044232754,True
544,RandomForest,2027-07-01 13:30:00,208.0,189.41531014921125,True
544,RandomForest,2027-07-01 13:35:00,208.0,189.99286504402664,True
544,RandomForest,2027-07-01 13:40:00,204.0,210.25156300057114,True
544,RandomForest,2027-07-01 13:45:00,199.0,205.81204584776117,True
544,RandomForest,2027-07-01 13:50:00,195.0,218.5771812617614,True
544,RandomForest,2027-07-01 13:55:00,190.0,212.53926557053845,True
544,RandomForest,2027-07-01 14:00:00,184.0,208.07090622395438,True
544,RandomForest,2027-07-01 14:05:00,179.0,208.49933662114552,True
544,RandomForest,2027-07-01 14:10:00,173.0,187.83358350393937,True
544,RandomForest,2027-07-01 14:15:00,167.0,178.5001904006044,True
544,RandomForest,2027-07-01 14:20:00,162.0,176.91682981044568,True
544,RandomForest,2027-07-01 14:25:00,156.0,170.17764544305103,True
544,RandomForest,2027-07-01 14:30:00,152.0,157.16238523978092,True
544,RandomForest,2027-07-01 14:35:00,147.0,159.29427764067322,True
544,RandomForest,2027-07-01 14:40:00,142.0,148.12953588960508,True
544,RandomForest,2027-07-01 14:45:00,137.0,142.0707706931379,True
544,RandomForest,2027-07-01 14:50:00,132.0,142.90547101859534,True
544,RandomForest,2027-07-01 14:55:00,126.0,131.1286298957013,True
544,RandomForest,2027-07-01 15:00:00,124.0,134.4363930592337,True
544,RandomForest,2027-07-01 15:05:00,119.0,129.1053320856272,True
544,RandomForest,2027-07-01 15:10:00,116.0,125.1207802652228,True
544,RandomForest,2027-07-01 15:15:00,117.0,121.67927147609518,True
544,RandomForest,2027-07-01 15:20:00,117.0,114.60481767788191,True
544,RandomForest,2027-07-01 15:25:00,115.0,106.09261380155995,True
544,RandomForest,2027-07-01 15:30:00,113.0,112.35255954628576,True
544,RandomForest,2027-07-01 15:35:00,111.0,99.0750900207163,True
544,RandomForest,2027-07-01 15:40:00,109.0,102.6577724865048,True
544,RandomForest,2027-07-01 15:45:00,108.0,113.8538453137345,True
544,RandomForest,2027-07-01 15:50:00,107.0,114.18355513589236,True
544,RandomForest,2027-07-01 15:55:00,104.0,109.30965101566335,True
544,RandomForest,2027-07-01 16:00:00,103.0,108.76022260259342,True
544,RandomForest,2027-07-01 16:05:00,99.0,105.76030679613156,True
544,RandomForest,2027-07-01 16:10:00,97.0,104.34266927045122,True
544,RandomForest,2027-07-01 16:15:00,93.0,103.8285782679127,True
544,RandomForest,2027-07-01 16:20:00,91.0,102.34409189078193,True
544,RandomForest,2027-07-01 16:25:00,90.0,98.80966542395987,True
544,RandomForest,2027-07-01 16:30:00,93.0,99.58103874814209,True
544,RandomForest,2027-07-01 16:35:00,88.0,94.94295059169555,True
544,RandomForest,2027-07-01 16:40:00,88.0,94.76822104487862,True
544,RandomForest,2027-07-01 16:45:00,90.0,88.10379244813315,True
544,RandomForest,2027-07-01 16:50:00,90.0,99.70027195254255,True
544,RandomForest,2027-07-01 16:55:00,91.0,99.28810980286706,True
544,RandomForest,2027-07-01 17:00:00,95.0,108.70294053526122,True
544,RandomForest,2027-07-01 17:05:00,95.0,93.61754510716575,True
544,RandomForest,2027-07-01 17:10:00,95.0,107.27690151845992,True
544,RandomForest,2027-07-01 17:15:00,97.0,104.95113162580023,True
544,RandomForest,2027-07-01 17:20:00,100.0,105.68659849436537,True
544,RandomForest,2027-07-01 17:25:00,101.0,102.95555505919071,True
544,RandomForest,2027-07-01 17:30:00,102.0,113.03300992876062,True
544,RandomForest,2027-07-01 17:35:00,101.0,101.85772760845248,True
544,RandomForest,2027-07-01 17:40:00,102.0,101.32828894287724,True
544,RandomForest,2027-07-01 17:45:00,104.0,103.1088456472624,True
544,RandomForest,2027-07-01 17:50:00,108.0,109.21742816486807,True
544,RandomForest,2027-07-01 17:55:00,107.0,107.42666845121778,True
544,RandomForest,2027-07-01 18:00:00,110.0,111.80080617604955,True
544,RandomForest,2027-07-01 18:05:00,119.0,103.4576033423305,True
544,RandomForest,2027-07-01 18:10:00,127.0,116.79897184937094,True
544,RandomForest,2027-07-01 18:15:00,135.0,115.2282509046265,True
544,RandomForest,2027-07-01 18:20:00,137.0,122.51153307619161,True
544,RandomForest,2027-07-01 18:25:00,143.0,108.51009422855643,True
544,RandomForest,2027-07-01 18:30:00,149.0,125.35947932249621,True
544,RandomForest,2027-07-01 18:35:00,152.0,138.34632858548255,True
544,RandomForest,2027-07-01 18:40:00,158.0,156.6153312161373,True
544,RandomForest,2027-07-01 18:45:00,165.0,167.0571734180538,True
544,RandomForest,2027-07-01 18:50:00,165.0,143.89884683116202,True
544,RandomForest,2027-07-01 18:55:00,163.0,164.65940322269955,True
544,RandomForest,2027-07-01 19:00:00,165.0,169.9493136794031,True
544,RandomForest,2027-07-01 19:05:00,171.0,160.94573151971215,True
544,RandomForest,2027-07-01 19:10:00,172.0,175.50883926751646,True
544,RandomForest,2027-07-01 19:15:00,172.0,188.28791026618134,True
544,RandomForest,2027-07-01 19:20:00,173.0,167.0710794023878,True
544,RandomForest,2027-07-01 19:25:00,172.0,159.9995619264034,True
544,RandomForest,2027-07-01 19:30:00,171.0,170.64312719693183,True
544,RandomForest,2027-07-01 19:35:00,176.0,181.5535171044794,True
544,RandomForest,2027-07-01 19:40:00,181.0,171.65517687692238,True
544,RandomForest,2027-07-01 19:45:00,180.0,172.17484349704517,True
544,RandomForest,2027-07-01 19:50:00,180.0,174.41356643120457,True
544,RandomForest,2027-07-01 19:55:00,179.0,167.98583975936106,True
544,RandomForest,2027-07-01 20:00:00,176.0,167.42711162303013,True
544,RandomForest,2027-07-01 20:05:00,176.0,183.34391343547594,True
544,RandomForest,2027-07-01 20:10:00,176.0,189.04603492019172,True
544,RandomForest,2027-07-01 20:15:00,179.0,174.32995061140304,True
544,RandomForest,2027-07-01 20:20:00,182.0,178.0530558226466,True
544,RandomForest,2027-07-01 20:25:00,182.0,171.94782474329827,True
544,RandomForest,2027-07-01 20:30:00,180.0,167.12429874351486,True
544,RandomForest,2027-07-01 20:35:00,178.0,173.03956552991937,True
544,RandomForest,2027-07-01 20:40:00,176.0,171.74667885282642,True
544,RandomForest,2027-07-01 20:45:00,174.0,187.03971065796276,True
544,RandomForest,2027-07-01 20:50:00,172.0,189.66309715298277,True
544,RandomForest,2027-07-01 20:55:00,169.0,182.18764454857373,True
544,RandomForest,2027-07-01 21:00:00,167.0,171.36083350829452,True
544,RandomForest,2027-07-01 21:05:00,165.0,171.80387963926808,True
544,RandomForest,2027-07-01 21:10:00,164.0,171.45537463859833,True
544,RandomForest,2027-07-01 21:15:00,164.0,170.05180677301053,True
544,RandomForest,2027-07-01 21:20:00,165.0,163.86459652546245,True
544,RandomForest,2027-07-01 21:25:00,171.0,163.1565874982113,True
544,RandomForest,2027-07-01 21:30:00,180.0,164.79587934935458,True
544,RandomForest,2027-07-01 21:35:00,185.0,162.9118047973707,True
544,RandomForest,2027-07-01 21:40:00,186.0,168.68417387157118,True
544,RandomForest,2027-07-01 21:45:00,193.0,171.97004508341382,True
544,RandomForest,2027-07-01 21:50:00,210.0,171.16862526859725,True
544,RandomForest,2027-07-01 21:55:00,217.0,183.32101456815403,True
544,RandomForest,2027-07-01 22:00:00,212.0,199.9166339356899,True
544,RandomForest,2027-07-01 22:05:00,214.0,193.70187833724657,True
544,RandomForest,2027-07-01 22:10:00,217.0,192.1698521754502,True
544,RandomForest,2027-07-01 22:15:00,222.0,206.4027195177332,True
544,RandomForest,2027-07-01 22:20:00,228.0,232.06482405255775,True
544,RandomForest,2027-07-01 22:25:00,232.0,224.7810169701137,True
544,RandomForest,2027-07-01 22:30:00,233.0,196.08665531064187,True
544,RandomForest,2027-07-01 22:35:00,230.0,210.09467734455072,True
544,RandomForest,2027-07-01 22:40:00,226.0,215.76496412876313,True
544,RandomForest,2027-07-01 22:45:00,215.0,227.18716089597194,True
544,RandomForest,2027-07-01 22:50:00,210.0,238.2079166091792,True
544,RandomForest,2027-07-01 22:55:00,205.0,238.60022308654987,True
544,RandomForest,2027-07-01 23:00:00,199.0,223.7105309550221,True
544,RandomForest,2027-07-01 23:05:00,193.0,211.24162711579498,True
544,RandomForest,2027-07-01 23:10:00,187.0,211.31139046459688,True
544,RandomForest,2027-07-01 23:15:00,181.0,171.93831296828543,True
544,RandomForest,2027-07-01 23:20:00,176.0,193.30268584396177,True
544,RandomForest,2027-07-01 23:25:00,170.0,180.92132117789566,True
544,RandomForest,2027-07-01 23:30:00,166.0,177.57471181895357,True
544,RandomForest,2027-07-01 23:35:00,167.0,168.5223221516133,True
544,RandomForest,2027-07-01 23:40:00,167.0,163.06296712749852,True
544,RandomForest,2027-07-01 23:45:00,159.0,156.73538025071483,True
544,RandomForest,2027-07-01 23:50:00,154.0,159.0768984000199,True
544,RandomForest,2027-07-01 23:55:00,150.0,145.0566085609938,True
544,RandomForest,2027-07-02 00:00:00,147.0,148.13993174132392,True
544,RandomForest,2027-07-02 00:05:00,144.0,159.91211230624288,True
544,RandomForest,2027-07-02 00:10:00,141.0,160.01861845827318,True
544,RandomForest,2027-07-02 00:15:00,138.0,131.7339566281099,True
544,RandomForest,2027-07-02 00:20:00,135.0,137.3057442749884,True
544,RandomForest,2027-07-02 00:25:00,132.0,134.42694280942465,True
544,RandomForest,2027-07-02 00:30:00,129.0,130.48732935550606,True
544,RandomForest,2027-07-02 00:35:00,127.0,127.71604319544095,True
544,RandomForest,2027-07-02 00:40:00,124.0,127.8524621139929,True
544,RandomForest,2027-07-02 00:45:00,122.0,126.74687334584773,True
544,RandomForest,2027-07-02 00:50:00,120.0,123.08284271449409,True
544,RandomForest,2027-07-02 00:55:00,117.0,122.7588478870195,True
544,RandomForest,2027-07-02 01:00:00,115.0,117.93682264112684,True
544,RandomForest,2027-07-02 01:05:00,114.0,117.47373910435999,True
544,RandomForest,2027-07-02 01:10:00,113.0,113.60681840812939,True
544,RandomForest,2027-07-02 01:15:00,111.0,115.76940965694548,True
544,RandomForest,2027-07-02 01:20:00,109.0,112.26700330469566,True
544,RandomForest,2027-07-02 01:25:00,107.0,109.23743004516965,True
544,RandomForest,2027-07-02 01:30:00,105.0,109.2718467690702,True
544,RandomForest,2027-07-02 01:35:00,103.0,110.48079258134068,True
544,RandomForest,2027-07-02 01:40:00,101.0,109.44158036167984,True
544,RandomForest,2027-07-02 01:45:00,99.0,105.2118128403516,True
544,RandomForest,2027-07-02 01:50:00,98.0,103.89050414327117,True
544,RandomForest,2027-07-02 01:55:00,97.0,101.77024577293709,True
544,RandomForest,2027-07-02 02:00:00,96.0,100.27153924400169,True
544,RandomForest,2027-07-02 02:05:00,94.0,97.76390003241555,True
544,RandomForest,2027-07-02 02:10:00,91.0,96.5131533633831,True
544,RandomForest,2027-07-02 02:15:00,90.0,92.6571468524599,True
544,RandomForest,2027-07-02 02:20:00,89.0,94.36879331037261,True
544,RandomForest,2027-07-02 02:25:00,88.0,93.39767198792896,True
544,RandomForest,2027-07-02 02:30:00,87.0,92.54261636585535,True
544,RandomForest,2027-07-02 02:35:00,87.0,90.14845367131262,True
544,RandomForest,2027-07-02 02:40:00,86.0,88.62455030647514,True
544,RandomForest,2027-07-02 02:45:00,85.0,88.63650216104459,True
544,RandomForest,2027-07-02 02:50:00,85.0,86.6933236979204,True
544,RandomForest,2027-07-02 02:55:00,85.0,85.39676771626631,True
544,RandomForest,2027-07-02 03:00:00,85.0,84.08099102854636,True
544,RandomForest,2027-07-02 03:05:00,84.0,88.13824797703897,True
544,RandomForest,2027-07-02 03:10:00,84.0,84.51065771313654,True
544,RandomForest,2027-07-02 03:15:00,83.0,83.91231116458083,True
544,RandomForest,2027-07-02 03:20:00,83.0,87.89617263368272,True
544,RandomForest,2027-07-02 03:25:00,83.0,86.65744486189551,True
544,RandomForest,2027-07-02 03:30:00,83.0,86.42734551893078,True
544,RandomForest,2027-07-02 03:35:00,83.0,83.85078977447341,True
544,RandomForest,2027-07-02 03:40:00,81.0,86.84403106199096,True
544,RandomForest,2027-07-02 03:45:00,81.0,82.58992433203804,True
544,RandomForest,2027-07-02 03:50:00,80.0,84.7761346481074,True
544,RandomForest,2027-07-02 03:55:00,79.0,84.7761346481074,True
544,RandomForest,2027-07-02 04:00:00,79.0,84.8566364402221,True
544,RandomForest,2027-07-02 04:05:00,79.0,84.8475311699808,True
544,RandomForest,2027-07-02 04:10:00,78.0,78.93806832546964,True
544,RandomForest,2027-07-02 04:15:00,79.0,83.45055385933048,True
544,RandomForest,2027-07-02 04:20:00,79.0,78.9374534314618,True
544,RandomForest,2027-07-02 04:25:00,79.0,79.11648586234698,True
544,RandomForest,2027-07-02 04:30:00,79.0,81.82764460126458,True
544,RandomForest,2027-07-02 04:35:00,79.0,81.70018684055282,True
544,RandomForest,2027-07-02 04:40:00,79.0,77.45361137473485,True
544,RandomForest,2027-07-02 04:45:00,79.0,82.46617954941337,True
544,RandomForest,2027-07-02 04:50:00,78.0,81.94281506402086,True
544,RandomForest,2027-07-02 04:55:00,78.0,82.10417176196421,True
544,RandomForest,2027-07-02 05:00:00,78.0,81.68441334103186,True
544,RandomForest,2027-07-02 05:05:00,77.0,81.81496388650633,True
544,RandomForest,2027-07-02 05:10:00,77.0,81.85753617022208,True
544,RandomForest,2027-07-02 05:15:00,77.0,81.98831847215584,True
544,RandomForest,2027-07-02 05:20:00,78.0,77.7989865832135,True
544,RandomForest,2027-07-02 05:25:00,78.0,79.92171314880899,True
544,RandomForest,2027-07-02 05:30:00,78.0,79.87688179518027,True
544,RandomForest,2027-07-02 05:35:00,77.0,76.73806625681085,True
544,RandomForest,2027-07-02 05:40:00,76.0,79.00411994056869,True
544,RandomForest,2027-07-02 05:45:00,75.0,79.4478816509929,True
544,RandomForest,2027-07-02 05:50:00,73.0,80.00525938233973,True
544,RandomForest,2027-07-02 05:55:00,72.0,80.21617174424787,True
544,RandomForest,2027-07-02 06:00:00,72.0,80.12936900521248,True
544,RandomForest,2027-07-02 06:05:00,73.0,78.62252877713011,True
544,RandomForest,2027-07-02 06:10:00,75.0,77.66319294913838,True
544,RandomForest,2027-07-02 06:15:00,76.0,77.15738614900906,True
544,RandomForest,2027-07-02 06:20:00,77.0,76.57992273839525,True
544,RandomForest,2027-07-02 06:25:00,77.0,77.93098802112279,True
544,RandomForest,2027-07-02 06:30:00,77.0,80.74758965365743,True
544,RandomForest,2027-07-02 06:35:00,79.0,81.07478550588463,True
544,RandomForest,2027-07-02 06:40:00,82.0,86.55318652750537,True
544,RandomForest,2027-07-02 06:45:00,82.0,82.13618557440039,True
544,RandomForest,2027-07-02 06:50:00,84.0,82.5643406494286,True
544,RandomForest,2027-07-02 06:55:00,87.0,82.36869647311336,True
544,RandomForest,2027-07-02 07:00:00,91.0,82.6006087212729,True
544,RandomForest,2027-07-02 07:05:00,94.0,88.24156107747655,True
544,RandomForest,2027-07-02 07:10:00,96.0,96.17967655291177,True
544,RandomForest,2027-07-02 07:15:00,97.0,86.45910957713218,True
544,RandomForest,2027-07-02 07:20:00,99.0,100.34100508649169,True
544,RandomForest,2027-07-02 07:25:00,99.0,102.28574725235777,True
544,RandomForest,2027-07-02 07:30:00,99.0,110.50156193855896,True
544,RandomForest,2027-07-02 07:35:00,105.0,109.0656515220123,True
544,RandomForest,2027-07-02 07:40:00,112.0,106.44929699233697,True
544,RandomForest,2027-07-02 07:45:00,115.0,100.84770325760007,True
544,RandomForest,2027-07-02 07:50:00,118.0,108.85021140838917,True
544,RandomForest,2027-07-02 07:55:00,129.0,103.27023441946908,True
544,RandomForest,2027-07-02 08:00:00,132.0,103.46584805437959,True
544,RandomForest,2027-07-02 08:05:00,143.0,127.12468655050168,True
544,RandomForest,2027-07-02 08:10:00,158.0,152.74608731623903,True
544,RandomForest,2027-07-02 08:15:00,167.0,145.18869961776545,True
544,RandomForest,2027-07-02 08:20:00,174.0,147.7052319240057,True
544,RandomForest,2027-07-02 08:25:00,179.0,162.2528851861901,True
544,RandomForest,2027-07-02 08:30:00,181.0,150.98484074718294,True
544,RandomForest,2027-07-02 08:35:00,185.0,172.3311215175514,True
544,RandomForest,2027-07-02 08:40:00,188.0,184.6310940505894,True
544,RandomForest,2027-07-02 08:45:00,190.0,175.08659958275936,True
544,RandomForest,2027-07-02 08:50:00,194.0,194.98582674113152,True
544,RandomForest,2027-07-02 08:55:00,195.0,190.34790878346564,True
544,RandomForest,2027-07-02 09:00:00,196.0,176.2356185743518,True
544,RandomForest,2027-07-02 09:05:00,198.0,190.9756630998815,True
544,RandomForest,2027-07-02 09:10:00,199.0,189.2857420991093,True
544,RandomForest,2027-07-02 09:15:00,197.0,194.7378837460473,True
544,RandomForest,2027-07-02 09:20:00,195.0,206.01821098093671,True
544,RandomForest,2027-07-02 09:25:00,192.0,198.53256563337848,True
544,RandomForest,2027-07-02 09:30:00,186.0,197.15796271357846,True
544,RandomForest,2027-07-02 09:35:00,182.0,198.58699430673562,True
544,RandomForest,2027-07-02 09:40:00,177.0,198.56035058080076,True
544,RandomForest,2027-07-02 09:45:00,175.0,182.26116836709866,True
544,RandomForest,2027-07-02 09:50:00,169.0,185.10033578782438,True
544,RandomForest,2027-07-02 09:55:00,165.0,178.63123605276644,True
544,RandomForest,2027-07-02 10:00:00,160.0,164.9007191957773,True
544,RandomForest,2027-07-02 10:05:00,155.0,162.38255219549387,True
544,RandomForest,2027-07-02 10:10:00,151.0,156.24847327247,True
544,RandomForest,2027-07-02 10:15:00,147.0,163.25507440667647,True
544,RandomForest,2027-07-02 10:20:00,143.0,142.97457425828208,True
544,RandomForest,2027-07-02 10:25:00,139.0,149.38453471220336,True
544,RandomForest,2027-07-02 10:30:00,136.0,142.7132140412997,True
544,RandomForest,2027-07-02 10:35:00,133.0,135.80742666628845,True
544,RandomForest,2027-07-02 10:40:00,130.0,132.42733964168713,True
544,RandomForest,2027-07-02 10:45:00,127.0,128.85570137498044,True
544,RandomForest,2027-07-02 10:50:00,123.0,124.60523670723614,True
544,RandomForest,2027-07-02 10:55:00,121.0,121.52908582765174,True
544,RandomForest,2027-07-02 11:00:00,119.0,123.52818806850304,True
544,RandomForest,2027-07-02 11:05:00,116.0,120.5062974607576,True
544,RandomForest,2027-07-02 11:10:00,114.0,117.00742642538191,True
544,RandomForest,2027-07-02 11:15:00,108.0,114.5695178933166,True
544,RandomForest,2027-07-02 11:20:00,105.0,109.12453496011032,True
544,RandomForest,2027-07-02 11:25:00,104.0,111.92680203299751,True
544,RandomForest,2027-07-02 11:30:00,102.0,108.90299454996028,True
544,RandomForest,2027-07-02 11:35:00,85.0,105.06301706908769,True
544,RandomForest,2027-07-02 11:40:00,85.0,105.65481078417068,True
544,RandomForest,2027-07-02 11:45:00,85.0,97.32469987622342,True
544,RandomForest,2027-07-02 11:50:00,90.0,108.0297670669575,True
544,RandomForest,2027-07-02 11:55:00,96.0,117.12501509553617,True
544,RandomForest,2027-07-02 12:00:00,99.0,108.2788039248255,True
544,RandomForest,2027-07-02 12:05:00,107.0,101.9930898272502,True
544,RandomForest,2027-07-02 12:10:00,120.0,115.02226879407141,True
544,RandomForest,2027-07-02 12:15:00,134.0,111.8181312706901,True
544,RandomForest,2027-07-02 12:20:00,145.0,117.2341250612401,True
544,RandomForest,2027-07-02 12:25:00,152.0,116.35788061938064,True
544,RandomForest,2027-07-02 12:30:00,153.0,113.42757559775534,True
544,RandomForest,2027-07-02 12:35:00,153.0,140.5023994077262,True
544,RandomForest,2027-07-02 12:40:00,161.0,153.9792662955301,True
544,RandomForest,2027-07-02 12:45:00,166.0,166.30985043763195,True
544,RandomForest,2027-07-02 12:50:00,171.0,162.0332256347692,True
544,RandomForest,2027-07-02 12:55:00,177.0,156.1432610985648,True
544,RandomForest,2027-07-02 13:00:00,183.0,149.88420406579854,True
544,RandomForest,2027-07-02 13:05:00,186.0,142.64059853043963,True
544,RandomForest,2027-07-02 13:10:00,188.0,177.04166476780517,True
544,RandomForest,2027-07-02 13:15:00,190.0,173.8598766928868,True
544,RandomForest,2027-07-02 13:20:00,189.0,176.22889694746425,True
544,RandomForest,2027-07-02 13:25:00,187.0,192.97707714970286,True
544,RandomForest,2027-07-02 13:30:00,190.0,199.67258793454843,True
544,RandomForest,2027-07-02 13:35:00,192.0,194.7722049181006,True
544,RandomForest,2027-07-02 13:40:00,191.0,191.82723408707602,True
544,RandomForest,2027-07-02 13:45:00,188.0,194.55604762259009,True
544,RandomForest,2027-07-02 13:50:00,187.0,182.94006597930954,True
544,RandomForest,2027-07-02 13:55:00,189.0,174.59877157962887,True
544,RandomForest,2027-07-02 14:00:00,192.0,197.68820441253212,True
544,RandomForest,2027-07-02 14:05:00,196.0,199.13010225123654,True
544,RandomForest,2027-07-02 14:10:00,199.0,185.69985602048578,True
544,RandomForest,2027-07-02 14:15:00,202.0,174.30422194528848,True
544,RandomForest,2027-07-02 14:20:00,202.0,182.10070297782815,True
544,RandomForest,2027-07-02 14:25:00,203.0,190.51514399223032,True
544,RandomForest,2027-07-02 14:30:00,205.0,199.8568462406483,True
544,RandomForest,2027-07-02 14:35:00,205.0,204.25685119078503,True
544,RandomForest,2027-07-02 14:40:00,204.0,205.89780453138064,True
544,RandomForest,2027-07-02 14:45:00,204.0,207.8981542847515,True
544,RandomForest,2027-07-02 14:50:00,205.0,202.55228830233816,True
544,RandomForest,2027-07-02 14:55:00,203.0,202.8927555882844,True
544,RandomForest,2027-07-02 15:00:00,202.0,206.69579428237392,True
544,RandomForest,2027-07-02 15:05:00,202.0,204.44753995518852,True
544,RandomForest,2027-07-02 15:10:00,198.0,200.29783328349043,True
544,RandomForest,2027-07-02 15:15:00,193.0,201.99246846664946,True
544,RandomForest,2027-07-02 15:20:00,185.0,204.48652352574538,True
544,RandomForest,2027-07-02 15:25:00,178.0,192.75900746814045,True
544,RandomForest,2027-07-02 15:30:00,170.0,197.36927211919644,True
544,RandomForest,2027-07-02 15:35:00,167.0,200.37912750611474,True
544,RandomForest,2027-07-02 15:40:00,165.0,190.15600359537314,True
544,RandomForest,2027-07-02 15:45:00,159.0,180.7611735162304,True
544,RandomForest,2027-07-02 15:50:00,154.0,162.19374441830786,True
544,RandomForest,2027-07-02 15:55:00,152.0,157.07397384950184,True
544,RandomForest,2027-07-02 16:00:00,149.0,147.78187323538535,True
544,RandomForest,2027-07-02 16:05:00,147.0,151.8984564897845,True
544,RandomForest,2027-07-02 16:10:00,143.0,153.08183436882334,True
544,RandomForest,2027-07-02 16:15:00,137.0,143.46244643778402,True
544,RandomForest,2027-07-02 16:20:00,130.0,137.5730588035691,True
544,RandomForest,2027-07-02 16:25:00,122.0,139.00622399282744,True
544,RandomForest,2027-07-02 16:30:00,114.0,137.59297045887126,True
544,RandomForest,2027-07-02 16:35:00,108.0,138.4499468779897,True
544,RandomForest,2027-07-02 16:40:00,103.0,133.12849716916938,True
544,RandomForest,2027-07-02 16:45:00,99.0,130.95528513131757,True
544,RandomForest,2027-07-02 16:50:00,97.0,117.2756331075803,True
544,RandomForest,2027-07-02 16:55:00,94.0,108.80074330169215,True
544,RandomForest,2027-07-02 17:00:00,89.0,102.47948947157847,True
544,RandomForest,2027-07-02 17:05:00,85.0,98.0643427218702,True
544,RandomForest,2027-07-02 17:10:00,80.0,93.32401377464666,True
544,RandomForest,2027-07-02 17:15:00,76.0,88.70895234993205,True
544,RandomForest,2027-07-02 17:20:00,73.0,90.80906172268368,True
544,RandomForest,2027-07-02 17:25:00,70.0,84.11158724292268,True
544,RandomForest,2027-07-02 17:30:00,66.0,80.08185574666187,True
544,RandomForest,2027-07-02 17:35:00,65.0,79.31860531556543,True
544,RandomForest,2027-07-02 17:40:00,65.0,79.29700221660386,True
544,RandomForest,2027-07-02 17:45:00,64.0,79.46066689512304,True
544,RandomForest,2027-07-02 17:50:00,65.0,79.94395928691588,True
544,RandomForest,2027-07-02 17:55:00,74.0,75.99400765579264,True
544,RandomForest,2027-07-02 18:00:00,83.0,78.62289853248268,True
544,RandomForest,2027-07-02 18:05:00,103.0,76.83984661066268,True
544,RandomForest,2027-07-02 18:10:00,106.0,82.60835227033171,True
544,RandomForest,2027-07-02 18:15:00,125.0,76.3733467305484,True
544,RandomForest,2027-07-02 18:20:00,142.0,85.82455736069343,True
544,RandomForest,2027-07-02 18:25:00,158.0,106.73130133842315,True
544,RandomForest,2027-07-02 18:30:00,187.0,119.84580797897553,True
544,RandomForest,2027-07-02 18:35:00,200.0,138.44459596636432,True
544,RandomForest,2027-07-02 18:40:00,207.0,135.5366020531193,True
544,RandomForest,2027-07-02 18:45:00,215.0,162.48658251232055,True
544,RandomForest,2027-07-02 18:50:00,221.0,160.97458779831047,True
544,RandomForest,2027-07-02 18:55:00,224.0,169.98883693664482,True
544,RandomForest,2027-07-02 19:00:00,227.0,214.42588848945422,True
544,RandomForest,2027-07-02 19:05:00,230.0,199.53842535242532,True
544,RandomForest,2027-07-02 19:10:00,231.0,206.30538467302367,True
544,RandomForest,2027-07-02 19:15:00,231.0,220.85487231417756,True
544,RandomForest,2027-07-02 19:20:00,229.0,225.3221945598491,True
544,RandomForest,2027-07-02 19:25:00,224.0,215.97313604057632,True
544,RandomForest,2027-07-02 19:30:00,215.0,225.4057644414601,True
544,RandomForest,2027-07-02 19:35:00,207.0,236.75113126518445,True
544,RandomForest,2027-07-02 19:40:00,198.0,230.6370457325438,True
544,RandomForest,2027-07-02 19:45:00,190.0,222.89420490850026,True
544,RandomForest,2027-07-02 19:50:00,187.0,208.7464756845898,True
544,RandomForest,2027-07-02 19:55:00,180.0,203.99970490779066,True
544,RandomForest,2027-07-02 20:00:00,172.0,182.57215634068368,True
544,RandomForest,2027-07-02 20:05:00,168.0,183.173538606773,True
544,RandomForest,2027-07-02 20:10:00,166.0,162.7959468345755,True
544,RandomForest,2027-07-02 20:15:00,163.0,162.8227217358235,True
544,RandomForest,2027-07-02 20:20:00,164.0,170.3257106644299,True
544,RandomForest,2027-07-02 20:25:00,160.0,154.17466651334686,True
544,RandomForest,2027-07-02 20:30:00,156.0,144.88547438139952,True
544,RandomForest,2027-07-02 20:35:00,157.0,154.79253936211305,True
544,RandomForest,2027-07-02 20:40:00,150.0,154.46757324736473,True
544,RandomForest,2027-07-02 20:45:00,151.0,144.73621998883652,True
544,RandomForest,2027-07-02 20:50:00,152.0,161.5304764919734,True
544,RandomForest,2027-07-02 20:55:00,151.0,147.84143157453425,True
544,RandomForest,2027-07-02 21:00:00,151.0,142.990312486105,True
544,RandomForest,2027-07-02 21:05:00,152.0,153.67807924308738,True
544,RandomForest,2027-07-02 21:10:00,148.0,131.13379614681347,True
544,RandomForest,2027-07-02 21:15:00,142.0,147.84881026264503,True
544,RandomForest,2027-07-02 21:20:00,132.0,149.1494711982781,True
544,RandomForest,2027-07-02 21:25:00,123.0,142.21295391507874,True
544,RandomForest,2027-07-02 21:30:00,118.0,149.55056693009078,True
544,RandomForest,2027-07-02 21:35:00,110.0,151.3081113125484,True
544,RandomForest,2027-07-02 21:40:00,105.0,138.41369220475065,True
544,RandomForest,2027-07-02 21:45:00,102.0,127.16965106815782,True
544,RandomForest,2027-07-02 21:50:00,97.0,115.21785242258892,True
544,RandomForest,2027-07-02 21:55:00,93.0,106.36048067456638,True
544,RandomForest,2027-07-02 22:00:00,90.0,103.17824283515573,True
544,RandomForest,2027-07-02 22:05:00,90.0,94.47019087734489,True
544,RandomForest,2027-07-02 22:10:00,89.0,93.3365896230359,True
544,RandomForest,2027-07-02 22:15:00,93.0,91.07676166478582,True
544,RandomForest,2027-07-02 22:20:00,102.0,84.88476749376169,True
544,RandomForest,2027-07-02 22:25:00,116.0,84.73394445165253,True
544,RandomForest,2027-07-02 22:30:00,128.0,83.48516398925833,True
544,RandomForest,2027-07-02 22:35:00,138.0,92.14978875822412,True
544,RandomForest,2027-07-02 22:40:00,148.0,84.35668806920955,True
544,RandomForest,2027-07-02 22:45:00,153.0,107.11827188678711,True
544,RandomForest,2027-07-02 22:50:00,164.0,114.8361028399391,True
544,RandomForest,2027-07-02 22:55:00,178.0,140.97401146569848,True
544,RandomForest,2027-07-02 23:00:00,188.0,157.9122984878598,True
544,RandomForest,2027-07-02 23:05:00,193.0,157.6836032404201,True
544,RandomForest,2027-07-02 23:10:00,195.0,179.6227663882336,True
544,RandomForest,2027-07-02 23:15:00,197.0,164.83181548631467,True
544,RandomForest,2027-07-02 23:20:00,195.0,192.7802931937997,True
544,RandomForest,2027-07-02 23:25:00,191.0,211.0627306718477,True
544,RandomForest,2027-07-02 23:30:00,185.0,205.04002590210115,True
544,RandomForest,2027-07-02 23:35:00,178.0,207.48677678778353,True
544,RandomForest,2027-07-02 23:40:00,167.0,212.67334185417803,True
544,RandomForest,2027-07-02 23:45:00,164.0,215.1626926503899,True
544,RandomForest,2027-07-02 23:50:00,162.0,192.9428643246352,True
544,RandomForest,2027-07-02 23:55:00,160.0,194.47075106245006,True
544,RandomForest,2027-07-03 00:00:00,157.0,184.04794796977046,True
544,RandomForest,2027-07-03 00:05:00,153.0,172.49695129636112,True
544,RandomForest,2027-07-03 00:10:00,150.0,159.88315873034412,True
544,RandomForest,2027-07-03 00:15:00,148.0,165.5225006858662,True
544,RandomForest,2027-07-03 00:20:00,147.0,161.40722455272112,True
544,RandomForest,2027-07-03 00:25:00,145.0,154.75154696368736,True
544,RandomForest,2027-07-03 00:30:00,143.0,149.28753534501368,True
544,RandomForest,2027-07-03 00:35:00,143.0,145.14640621824284,True
544,RandomForest,2027-07-03 00:40:00,144.0,143.08414830635266,True
544,RandomForest,2027-07-03 00:45:00,145.0,137.87392545976618,True
544,RandomForest,2027-07-03 00:50:00,146.0,141.99102808473756,True
544,RandomForest,2027-07-03 00:55:00,147.0,139.2857364025844,True
544,RandomForest,2027-07-03 01:00:00,147.0,142.23711950447003,True
544,RandomForest,2027-07-03 01:05:00,148.0,147.89932059815388,True
544,RandomForest,2027-07-03 01:10:00,148.0,147.68293672782764,True
544,RandomForest,2027-07-03 01:15:00,149.0,145.8859958732799,True
544,RandomForest,2027-07-03 01:20:00,149.0,147.79007824597826,True
544,RandomForest,2027-07-03 01:25:00,150.0,149.9224751030105,True
544,RandomForest,2027-07-03 01:30:00,152.0,147.72428986409298,True
544,RandomForest,2027-07-03 01:35:00,153.0,151.98634034522786,True
544,RandomForest,2027-07-03 01:40:00,152.0,149.6562741286195,True
544,RandomForest,2027-07-03 01:45:00,153.0,153.98149653892813,True
544,RandomForest,2027-07-03 01:50:00,153.0,151.30705922931918,True
544,RandomForest,2027-07-03 01:55:00,153.0,155.10766989139464,True
544,RandomForest,2027-07-03 02:00:00,152.0,157.17607420101822,True
544,RandomForest,2027-07-03 02:05:00,151.0,157.35475849467082,True
544,RandomForest,2027-07-03 02:10:00,150.0,151.3993910415152,True
544,RandomForest,2027-07-03 02:15:00,149.0,157.05878186887475,True
544,RandomForest,2027-07-03 02:20:00,148.0,154.5081905401073,True
544,RandomForest,2027-07-03 02:25:00,147.0,153.1607928247282,True
544,RandomForest,2027-07-03 02:30:00,146.0,149.79458934298552,True
544,RandomForest,2027-07-03 02:35:00,145.0,149.6367240226744,True
544,RandomForest,2027-07-03 02:40:00,145.0,149.35004793986872,True
544,RandomForest,2027-07-03 02:45:00,144.0,148.19470213366813,True
544,RandomForest,2027-07-03 02:50:00,143.0,148.2640271536808,True
544,RandomForest,2027-07-03 02:55:00,143.0,148.2359966434691,True
544,RandomForest,2027-07-03 03:00:00,142.0,145.57869633734677,True
544,RandomForest,2027-07-03 03:05:00,142.0,141.62211425643505,True
544,RandomForest,2027-07-03 03:10:00,141.0,144.0837434265988,True
544,RandomForest,2027-07-03 03:15:00,140.0,141.4340812134879,True
544,RandomForest,2027-07-03 03:20:00,139.0,141.14338252364044,True
544,RandomForest,2027-07-03 03:25:00,137.0,142.8116022736463,True
544,RandomForest,2027-07-03 03:30:00,135.0,139.06168075792004,True
544,RandomForest,2027-07-03 03:35:00,134.0,142.26350715472253,True
544,RandomForest,2027-07-03 03:40:00,132.0,138.16953511770257,True
544,RandomForest,2027-07-03 03:45:00,131.0,136.96939273086423,True
544,RandomForest,2027-07-03 03:50:00,130.0,136.41271498918886,True
544,RandomForest,2027-07-03 03:55:00,130.0,133.80730613254028,True
544,RandomForest,2027-07-03 04:00:00,129.0,130.74350552555686,True
544,RandomForest,2027-07-03 04:05:00,127.0,130.53931027713136,True
544,RandomForest,2027-07-03 04:10:00,126.0,127.54710826646767,True
544,RandomForest,2027-07-03 04:15:00,125.0,126.66352170482905,True
544,RandomForest,2027-07-03 04:20:00,123.0,125.03368912623272,True
544,RandomForest,2027-07-03 04:25:00,122.0,129.10425587780813,True
544,RandomForest,2027-07-03 04:30:00,122.0,124.85643133695922,True
544,RandomForest,2027-07-03 04:35:00,121.0,123.43845927947906,True
544,RandomForest,2027-07-03 04:40:00,120.0,122.30205538885428,True
544,RandomForest,2027-07-03 04:45:00,118.0,121.24843912928199,True
544,RandomForest,2027-07-03 04:50:00,115.0,119.8798004277693,True
544,RandomForest,2027-07-03 04:55:00,115.0,118.61068128037536,True
544,RandomForest,2027-07-03 05:00:00,113.0,122.86533172170752,True
544,RandomForest,2027-07-03 05:05:00,112.0,118.80222630745229,True
544,RandomForest,2027-07-03 05:10:00,111.0,116.43482962674022,True
544,RandomForest,2027-07-03 05:15:00,109.0,113.92211539610298,True
544,RandomForest,2027-07-03 05:20:00,108.0,112.31121208683427,True
544,RandomForest,2027-07-03 05:25:00,108.0,113.95481691010723,True
544,RandomForest,2027-07-03 05:30:00,107.0,110.62346060176802,True
544,RandomForest,2027-07-03 05:35:00,106.0,108.9504363987583,True
544,RandomForest,2027-07-03 05:40:00,106.0,108.4513181729993,True
544,RandomForest,2027-07-03 05:45:00,105.0,105.50386243569169,True
544,RandomForest,2027-07-03 05:50:00,104.0,104.85815872619717,True
544,RandomForest,2027-07-03 05:55:00,103.0,107.87104504676059,True
544,RandomForest,2027-07-03 06:00:00,101.0,103.60256407447568,True
544,RandomForest,2027-07-03 06:05:00,101.0,102.68674362213287,True
544,RandomForest,2027-07-03 06:10:00,100.0,104.84874369764633,True
544,RandomForest,2027-07-03 06:15:00,100.0,101.41871704449089,True
544,RandomForest,2027-07-03 06:20:00,100.0,100.7718132663546,True
544,RandomForest,2027-07-03 06:25:00,100.0,101.03313856351251,True
544,RandomForest,2027-07-03 06:30:00,98.0,98.89957306302962,True
544,RandomForest,2027-07-03 06:35:00,96.0,101.40326808690304,True
544,RandomForest,2027-07-03 06:40:00,94.0,98.75311883308478,True
544,RandomForest,2027-07-03 06:45:00,94.0,99.38138673386898,True
544,RandomForest,2027-07-03 06:50:00,93.0,99.09325340246465,True
544,RandomForest,2027-07-03 06:55:00,91.0,99.72220025693507,True
544,RandomForest,2027-07-03 07:00:00,91.0,95.2812945533566,True
544,RandomForest,2027-07-03 07:05:00,89.0,92.63151240785153,True
544,RandomForest,2027-07-03 07:10:00,89.0,91.89185015424437,True
544,RandomForest,2027-07-03 07:15:00,89.0,93.59562455523752,True
544,RandomForest,2027-07-03 07:20:00,90.0,92.9598460208121,True
544,RandomForest,2027-07-03 07:25:00,91.0,90.39495827500697,True
544,RandomForest,2027-07-03 07:30:00,93.0,91.76544333319758,True
544,RandomForest,2027-07-03 07:35:00,96.0,87.83191441125945,True
544,RandomForest,2027-07-03 07:40:00,98.0,91.09151322520931,True
544,RandomForest,2027-07-03 07:45:00,100.0,90.38652686242685,True
544,RandomForest,2027-07-03 07:50:00,104.0,93.37852817854757,True
544,RandomForest,2027-07-03 07:55:00,107.0,94.39112429484321,True
544,RandomForest,2027-07-03 08:00:00,109.0,104.03074547293753,True
544,RandomForest,2027-07-03 08:05:00,112.0,108.85212982043609,True
544,RandomForest,2027-07-03 08:10:00,114.0,109.21081088174299,True
544,RandomForest,2027-07-03 08:15:00,115.0,109.92506500108875,True
544,RandomForest,2027-07-03 08:20:00,118.0,117.90090399288415,True
544,RandomForest,2027-07-03 08:25:00,120.0,119.75003074867746,True
544,RandomForest,2027-07-03 08:30:00,119.0,118.25639767105348,True
544,RandomForest,2027-07-03 08:35:00,144.0,124.21315155035526,True
544,RandomForest,2027-07-03 08:40:00,147.0,124.59203574803801,True
544,RandomForest,2027-07-03 08:45:00,148.0,121.6932994726238,True
544,RandomForest,2027-07-03 08:50:00,148.0,128.47897131294772,True
544,RandomForest,2027-07-03 08:55:00,152.0,139.56731671809703,True
544,RandomForest,2027-07-03 09:00:00,159.0,139.53827393176874,True
544,RandomForest,2027-07-03 09:05:00,164.0,179.44545740370737,True
544,RandomForest,2027-07-03 09:10:00,170.0,169.49633338429507,True
544,RandomForest,2027-07-03 09:15:00,178.0,168.277696254095,True
544,RandomForest,2027-07-03 09:20:00,190.0,166.36833523341787,True
544,RandomForest,2027-07-03 09:25:00,201.0,166.34263560295346,True
544,RandomForest,2027-07-03 09:30:00,219.0,179.85212352096485,True
544,RandomForest,2027-07-03 09:35:00,233.0,178.39558222170362,True
544,RandomForest,2027-07-03 09:40:00,229.0,181.37153087840292,True
544,RandomForest,2027-07-03 09:45:00,232.0,192.78931684150757,True
544,RandomForest,2027-07-03 09:50:00,238.0,214.88250204116824,True
544,RandomForest,2027-07-03 09:55:00,248.0,227.62184830703768,True
544,RandomForest,2027-07-03 10:00:00,257.0,240.0956111403502,True
544,RandomForest,2027-07-03 10:05:00,256.0,249.95253408587917,True
544,RandomForest,2027-07-03 10:10:00,247.0,213.02758080808076,True
544,RandomForest,2027-07-03 10:15:00,235.0,224.6190937124828,True
544,RandomForest,2027-07-03 10:20:00,226.0,240.68922925255004,True
544,RandomForest,2027-07-03 10:25:00,214.0,262.7647204787885,True
544,RandomForest,2027-07-03 10:30:00,204.0,266.2266496041609,True
544,RandomForest,2027-07-03 10:35:00,195.0,242.17664450711206,True
544,RandomForest,2027-07-03 10:40:00,186.0,208.0874799050215,True
544,RandomForest,2027-07-03 10:45:00,173.0,197.093208631238,True
544,RandomForest,2027-07-03 10:50:00,169.0,196.0341118113248,True
544,RandomForest,2027-07-03 10:55:00,172.0,168.26802156476722,True
544,RandomForest,2027-07-03 11:00:00,171.0,164.68332260878387,True
544,RandomForest,2027-07-03 11:05:00,167.0,160.18400913897094,True
544,RandomForest,2027-07-03 11:10:00,161.0,149.65296278532537,True
544,RandomForest,2027-07-03 11:15:00,159.0,128.46141310789162,True
544,RandomForest,2027-07-03 11:20:00,157.0,143.38246777542716,True
544,RandomForest,2027-07-03 11:25:00,157.0,171.05325506092026,True
544,RandomForest,2027-07-03 11:30:00,155.0,163.37089728375113,True
544,RandomForest,2027-07-03 11:35:00,150.0,151.16109359694886,True
544,RandomForest,2027-07-03 11:40:00,147.0,137.18202300058888,True
544,RandomForest,2027-07-03 11:45:00,143.0,147.33940544489877,True
544,RandomForest,2027-07-03 11:50:00,139.0,144.9417512464412,True
544,RandomForest,2027-07-03 11:55:00,131.0,153.34105290627414,True
544,RandomForest,2027-07-03 12:00:00,125.0,143.3131619233108,True
544,RandomForest,2027-07-03 12:05:00,116.0,135.32789514720568,True
544,RandomForest,2027-07-03 12:10:00,112.0,131.72618806421062,True
544,RandomForest,2027-07-03 12:15:00,115.0,123.82745111527836,True
544,RandomForest,2027-07-03 12:20:00,116.0,122.66073497118069,True
544,RandomForest,2027-07-03 12:25:00,121.0,107.92306258879023,True
544,RandomForest,2027-07-03 12:30:00,124.0,109.71566380838449,True
544,RandomForest,2027-07-03 12:35:00,125.0,95.02304203263695,True
544,RandomForest,2027-07-03 12:40:00,122.0,99.76949193414103,True
544,RandomForest,2027-07-03 12:45:00,120.0,120.81458075398042,True
544,RandomForest,2027-07-03 12:50:00,117.0,114.60714455128604,True
544,RandomForest,2027-07-03 12:55:00,115.0,129.94923234734512,True
544,RandomForest,2027-07-03 13:00:00,112.0,132.61303139410055,True
544,RandomForest,2027-07-03 13:05:00,99.0,127.95671366174703,True
544,RandomForest,2027-07-03 13:10:00,96.0,118.58566004259526,True
544,RandomForest,2027-07-03 13:15:00,98.0,114.4965631188543,True
544,RandomForest,2027-07-03 13:20:00,102.0,120.0499432131587,True
544,RandomForest,2027-07-03 13:25:00,106.0,125.95047654653362,True
544,RandomForest,2027-07-03 13:30:00,115.0,120.75047606805998,True
544,RandomForest,2027-07-03 13:35:00,123.0,104.37986504052526,True
544,RandomForest,2027-07-03 13:40:00,130.0,108.77222840528246,True
544,RandomForest,2027-07-03 13:45:00,137.0,118.36407386788675,True
544,RandomForest,2027-07-03 13:50:00,144.0,125.55046028301767,True
544,RandomForest,2027-07-03 13:55:00,151.0,131.81783208180707,True
544,RandomForest,2027-07-03 14:00:00,155.0,144.96787104769874,True
544,RandomForest,2027-07-03 14:05:00,158.0,148.32364180544977,True
544,RandomForest,2027-07-03 14:10:00,158.0,149.72543160850753,True
544,RandomForest,2027-07-03 14:15:00,158.0,148.433645918008,True
544,RandomForest,2027-07-03 14:20:00,154.0,156.99852195779388,True
544,RandomForest,2027-07-03 14:25:00,151.0,161.6832206847364,True
544,RandomForest,2027-07-03 14:30:00,149.0,159.43930112884388,True
544,RandomForest,2027-07-03 14:35:00,148.0,158.10999646836297,True
544,RandomForest,2027-07-03 14:40:00,147.0,153.7685074354755,True
544,RandomForest,2027-07-03 14:45:00,149.0,162.99702257350964,True
544,RandomForest,2027-07-03 14:50:00,151.0,140.2577832304381,True
544,RandomForest,2027-07-03 14:55:00,150.0,137.99003327986853,True
544,RandomForest,2027-07-03 15:00:00,146.0,139.98673609328466,True
544,RandomForest,2027-07-03 15:05:00,144.0,141.05599286189846,True
544,RandomForest,2027-07-03 15:10:00,144.0,140.50451574753757,True
544,RandomForest,2027-07-03 15:15:00,142.0,152.30317648012021,True
544,RandomForest,2027-07-03 15:20:00,140.0,151.82022283473637,True
544,RandomForest,2027-07-03 15:25:00,138.0,142.51866472831597,True
544,RandomForest,2027-07-03 15:30:00,130.0,135.1478197577256,True
544,RandomForest,2027-07-03 15:35:00,124.0,136.57480043983986,True
544,RandomForest,2027-07-03 15:40:00,119.0,141.70445980844784,True
544,RandomForest,2027-07-03 15:45:00,113.0,133.96168453599697,True
544,RandomForest,2027-07-03 15:50:00,113.0,133.7035136042146,True
544,RandomForest,2027-07-03 15:55:00,110.0,132.45616012845392,True
544,RandomForest,2027-07-03 16:00:00,105.0,114.01818482633942,True
544,RandomForest,2027-07-03 16:05:00,103.0,109.40685506310845,True
544,RandomForest,2027-07-03 16:10:00,103.0,104.60688878846297,True
544,RandomForest,2027-07-03 16:15:00,105.0,95.7183311077556,True
544,RandomForest,2027-07-03 16:20:00,102.0,111.19915282522021,True
544,RandomForest,2027-07-03 16:25:00,98.0,99.86315137181744,True
544,RandomForest,2027-07-03 16:30:00,97.0,92.06850030332942,True
544,RandomForest,2027-07-03 16:35:00,97.0,93.39745350575957,True
544,RandomForest,2027-07-03 16:40:00,95.0,99.65955447843682,True
544,RandomForest,2027-07-03 16:45:00,94.0,109.00508188875716,True
544,RandomForest,2027-07-03 16:50:00,91.0,94.90743225446268,True
544,RandomForest,2027-07-03 16:55:00,87.0,90.94068423098797,True
544,RandomForest,2027-07-03 17:00:00,83.0,94.27262380140293,True
544,RandomForest,2027-07-03 17:05:00,81.0,96.44059496104106,True
544,RandomForest,2027-07-03 17:10:00,81.0,90.22977977351576,True
544,RandomForest,2027-07-03 17:15:00,80.0,93.55445733232975,True
544,RandomForest,2027-07-03 17:20:00,80.0,90.74678172120781,True
544,RandomForest,2027-07-03 17:25:00,81.0,85.16401008199729,True
544,RandomForest,2027-07-03 17:30:00,81.0,82.49139707625481,True
544,RandomForest,2027-07-03 17:35:00,78.0,78.98222977747156,True
544,RandomForest,2027-07-03 17:40:00,76.0,89.32868017343019,True
544,RandomForest,2027-07-03 17:45:00,76.0,83.20633683186473,True
544,RandomForest,2027-07-03 17:50:00,76.0,89.94766673145438,True
544,RandomForest,2027-07-03 17:55:00,79.0,88.93796147381208,True
544,RandomForest,2027-07-03 18:00:00,81.0,89.89956049287795,True
544,RandomForest,2027-07-03 18:05:00,81.0,83.49373066336666,True
544,RandomForest,2027-07-03 18:10:00,80.0,81.2663541933704,True
544,RandomForest,2027-07-03 18:15:00,79.0,85.97985910114063,True
544,RandomForest,2027-07-03 18:20:00,77.0,85.2428448724178,True
544,RandomForest,2027-07-03 18:25:00,76.0,98.71841848904602,True
544,RandomForest,2027-07-03 18:30:00,77.0,93.24589355660926,True
544,RandomForest,2027-07-03 18:35:00,77.0,89.45746581633195,True
544,RandomForest,2027-07-03 18:40:00,77.0,81.83124177003792,True
544,RandomForest,2027-07-03 18:45:00,76.0,82.8958278746226,True
544,RandomForest,2027-07-03 18:50:00,75.0,80.56842842269002,True
544,RandomForest,2027-07-03 18:55:00,76.0,80.66784771518394,True
544,RandomForest,2027-07-03 19:00:00,75.0,85.45877467185355,True
544,RandomForest,2027-07-03 19:05:00,76.0,85.76487321420656,True
544,RandomForest,2027-07-03 19:10:00,82.0,85.04276322382954,True
544,RandomForest,2027-07-03 19:15:00,82.0,82.87239754623619,True
544,RandomForest,2027-07-03 19:20:00,82.0,80.55219754630598,True
544,RandomForest,2027-07-03 19:25:00,85.0,92.3173292903332,True
544,RandomForest,2027-07-03 19:30:00,89.0,87.36965722361278,True
544,RandomForest,2027-07-03 19:35:00,94.0,92.19920796901661,True
544,RandomForest,2027-07-03 19:40:00,100.0,112.15083020821059,True
544,RandomForest,2027-07-03 19:45:00,105.0,103.32928833534176,True
544,RandomForest,2027-07-03 19:50:00,111.0,102.56755903950385,True
544,RandomForest,2027-07-03 19:55:00,116.0,98.27999655434422,True
544,RandomForest,2027-07-03 20:00:00,118.0,105.10086406261165,True
544,RandomForest,2027-07-03 20:05:00,120.0,114.30996621530151,True
544,RandomForest,2027-07-03 20:10:00,124.0,118.40702129836386,True
544,RandomForest,2027-07-03 20:15:00,125.0,116.35544616213579,True
544,RandomForest,2027-07-03 20:20:00,126.0,137.30062773949194,True
544,RandomForest,2027-07-03 20:25:00,129.0,133.2822240117606,True
544,RandomForest,2027-07-03 20:30:00,132.0,125.51373565606347,True
544,RandomForest,2027-07-03 20:35:00,135.0,127.19805957601419,True
544,RandomForest,2027-07-03 20:40:00,137.0,140.99625720436268,True
544,RandomForest,2027-07-03 20:45:00,141.0,130.5410299341703,True
544,RandomForest,2027-07-03 20:50:00,142.0,131.78518343584102,True
544,RandomForest,2027-07-03 20:55:00,143.0,144.40192356538319,True
544,RandomForest,2027-07-03 21:00:00,143.0,141.26668335522592,True
544,RandomForest,2027-07-03 21:05:00,139.0,144.08977982485737,True
544,RandomForest,2027-07-03 21:10:00,134.0,141.36333834582567,True
544,RandomForest,2027-07-03 21:15:00,127.0,151.6205451432604,True
544,RandomForest,2027-07-03 21:20:00,122.0,143.38598554717615,True
544,RandomForest,2027-07-03 21:25:00,124.0,146.62824417419196,True
544,RandomForest,2027-07-03 21:30:00,125.0,142.47535094226652,True
544,RandomForest,2027-07-03 21:35:00,126.0,126.63641216098014,True
544,RandomForest,2027-07-03 21:40:00,128.0,122.28705270369599,True
544,RandomForest,2027-07-03 21:45:00,133.0,107.6824988447911,True
544,RandomForest,2027-07-03 21:50:00,138.0,107.77440986445245,True
544,RandomForest,2027-07-03 21:55:00,140.0,126.21429077138836,True
544,RandomForest,2027-07-03 22:00:00,137.0,127.85190358079475,True
544,RandomForest,2027-07-03 22:05:00,144.0,129.11091514427054,True
544,RandomForest,2027-07-03 22:10:00,161.0,132.48482958017456,True
544,RandomForest,2027-07-03 22:15:00,174.0,143.47232102222236,True
544,RandomForest,2027-07-03 22:20:00,184.0,149.2375397361374,True
544,RandomForest,2027-07-03 22:25:00,194.0,144.97760773041148,True
544,RandomForest,2027-07-03 22:30:00,204.0,128.5016153354541,True
544,RandomForest,2027-07-03 22:35:00,213.0,156.40958054058626,True
544,RandomForest,2027-07-03 22:40:00,217.0,179.0163962494935,True
544,RandomForest,2027-07-03 22:45:00,222.0,203.93085216717012,True
544,RandomForest,2027-07-03 22:50:00,225.0,204.2606464053573,True
544,RandomForest,2027-07-03 22:55:00,228.0,228.5136470540775,True
544,RandomForest,2027-07-03 23:00:00,229.0,232.56203597610966,True
544,RandomForest,2027-07-03 23:05:00,231.0,239.9435944328404,True
544,RandomForest,2027-07-03 23:10:00,234.0,231.90617106589482,True
544,RandomForest,2027-07-03 23:15:00,235.0,240.5111405953486,True
544,RandomForest,2027-07-03 23:20:00,239.0,229.34837606817058,True
544,RandomForest,2027-07-03 23:25:00,242.0,231.24751302221625,True
544,RandomForest,2027-07-03 23:30:00,246.0,231.7252292213659,True
544,RandomForest,2027-07-03 23:35:00,249.0,241.6572537124773,True
544,RandomForest,2027-07-03 23:40:00,253.0,242.523265242085,True
544,RandomForest,2027-07-03 23:45:00,257.0,237.16797040570415,True
544,RandomForest,2027-07-03 23:50:00,261.0,245.67971546183645,True
544,RandomForest,2027-07-03 23:55:00,267.0,249.46023544733032,True
544,RandomForest,2027-07-04 00:00:00,272.0,254.83109097492652,True
544,RandomForest,2027-07-04 00:05:00,279.0,258.95757719991656,True
544,RandomForest,2027-07-04 00:10:00,286.0,263.0727872868189,True
544,RandomForest,2027-07-04 00:15:00,291.0,266.5560960049053,True
544,RandomForest,2027-07-04 00:20:00,298.0,269.2279561447698,True
544,RandomForest,2027-07-04 00:25:00,303.0,277.92985394246455,True
544,RandomForest,2027-07-04 00:30:00,306.0,278.8816214188567,True
544,RandomForest,2027-07-04 00:35:00,305.0,292.4173111191261,True
544,RandomForest,2027-07-04 00:40:00,299.0,299.9724244390662,True
544,RandomForest,2027-07-04 00:45:00,292.0,300.4911755358235,True
544,RandomForest,2027-07-04 00:50:00,285.0,304.7619148384041,True
544,RandomForest,2027-07-04 00:55:00,280.0,302.1523452589357,True
544,RandomForest,2027-07-04 01:00:00,278.0,293.23654709364104,True
544,RandomForest,2027-07-04 01:05:00,278.0,304.5200814209146,True
544,RandomForest,2027-07-04 01:10:00,280.0,279.8367338058826,True
544,RandomForest,2027-07-04 01:15:00,281.0,277.0269418489625,True
544,RandomForest,2027-07-04 01:20:00,281.0,271.14280229777296,True
544,RandomForest,2027-07-04 01:25:00,275.0,272.25730346002695,True
544,RandomForest,2027-07-04 01:30:00,266.0,270.0269716615705,True
544,RandomForest,2027-07-04 01:35:00,260.0,271.7628218755175,True
544,RandomForest,2027-07-04 01:40:00,252.0,276.63639249128306,True
544,RandomForest,2027-07-04 01:45:00,247.0,274.3827622641943,True
544,RandomForest,2027-07-04 01:50:00,240.0,270.5885591380298,True
544,RandomForest,2027-07-04 01:55:00,237.0,265.69852266861335,True
544,RandomForest,2027-07-04 02:00:00,233.0,261.4497673212456,True
544,RandomForest,2027-07-04 02:05:00,228.0,242.97855651149618,True
544,RandomForest,2027-07-04 02:10:00,226.0,239.53253737490067,True
544,RandomForest,2027-07-04 02:15:00,227.0,233.03589518609056,True
544,RandomForest,2027-07-04 02:20:00,227.0,216.1057051068606,True
544,RandomForest,2027-07-04 02:25:00,227.0,222.67800850493418,True
544,RandomForest,2027-07-04 02:30:00,226.0,218.82701963452342,True
544,RandomForest,2027-07-04 02:35:00,227.0,213.6923893188558,True
544,RandomForest,2027-07-04 02:40:00,229.0,212.95544984455927,True
544,RandomForest,2027-07-04 02:45:00,231.0,221.14733063511866,True
544,RandomForest,2027-07-04 02:50:00,238.0,223.5348075276526,True
544,RandomForest,2027-07-04 02:55:00,240.0,221.97901481783134,True
544,RandomForest,2027-07-04 03:00:00,240.0,221.06368346752635,True
544,RandomForest,2027-07-04 03:05:00,241.0,225.18391429254336,True
544,RandomForest,2027-07-04 03:10:00,239.0,229.23359372084337,True
544,RandomForest,2027-07-04 03:15:00,234.0,233.5966128980941,True
544,RandomForest,2027-07-04 03:20:00,232.0,241.8972826644306,True
544,RandomForest,2027-07-04 03:25:00,230.0,240.59917928951901,True
544,RandomForest,2027-07-04 03:30:00,228.0,240.3558908668297,True
544,RandomForest,2027-07-04 03:35:00,225.0,241.59015564747943,True
544,RandomForest,2027-07-04 03:40:00,223.0,231.6166142206427,True
544,RandomForest,2027-07-04 03:45:00,221.0,229.17396990351466,True
544,RandomForest,2027-07-04 03:50:00,223.0,228.3709380779965,True
544,RandomForest,2027-07-04 03:55:00,225.0,226.18781496540237,True
544,RandomForest,2027-07-04 04:00:00,223.0,220.76173078146513,True
544,RandomForest,2027-07-04 04:05:00,221.0,220.55938365912363,True
544,RandomForest,2027-07-04 04:10:00,218.0,214.52128714448926,True
544,RandomForest,2027-07-04 04:15:00,216.0,212.4192015605474,True
544,RandomForest,2027-07-04 04:20:00,214.0,213.61067562357476,True
544,RandomForest,2027-07-04 04:25:00,213.0,222.01794489399578,True
544,RandomForest,2027-07-04 04:30:00,211.0,213.22640217117015,True
544,RandomForest,2027-07-04 04:35:00,209.0,214.29936915830498,True
544,RandomForest,2027-07-04 04:40:00,207.0,210.0779861197884,True
544,RandomForest,2027-07-04 04:45:00,205.0,210.39249012932217,True
544,RandomForest,2027-07-04 04:50:00,202.0,210.70331325824725,True
544,RandomForest,2027-07-04 04:55:00,200.0,213.8446100872733,True
544,RandomForest,2027-07-04 05:00:00,200.0,206.36493304904613,True
544,RandomForest,2027-07-04 05:05:00,200.0,202.7109025388827,True
544,RandomForest,2027-07-04 05:10:00,198.0,202.29480651887852,True
544,RandomForest,2027-07-04 05:15:00,195.0,200.21106455599624,True
544,RandomForest,2027-07-04 05:20:00,191.0,195.8558394725678,True
544,RandomForest,2027-07-04 05:25:00,188.0,194.4603236061204,True
544,RandomForest,2027-07-04 05:30:00,185.0,197.59477406723397,True
544,RandomForest,2027-07-04 05:35:00,183.0,197.25902397854006,True
544,RandomForest,2027-07-04 05:40:00,180.0,193.68541770180676,True
544,RandomForest,2027-07-04 05:45:00,175.0,192.88657256193082,True
544,RandomForest,2027-07-04 05:50:00,173.0,189.04305035693255,True
544,RandomForest,2027-07-04 05:55:00,174.0,183.10324119481166,True
544,RandomForest,2027-07-04 06:00:00,171.0,179.57444927405376,True
544,RandomForest,2027-07-04 06:05:00,170.0,173.27691180398432,True
544,RandomForest,2027-07-04 06:10:00,168.0,167.94149760281533,True
544,RandomForest,2027-07-04 06:15:00,163.0,164.57026130080752,True
544,RandomForest,2027-07-04 06:20:00,159.0,168.59468953691768,True
544,RandomForest,2027-07-04 06:25:00,156.0,177.85417938646862,True
544,RandomForest,2027-07-04 06:30:00,154.0,159.96403035710074,True
544,RandomForest,2027-07-04 06:35:00,151.0,164.93437268036882,True
544,RandomForest,2027-07-04 06:40:00,149.0,164.28356364626757,True
544,RandomForest,2027-07-04 06:45:00,147.0,160.53481953813332,True
544,RandomForest,2027-07-04 06:50:00,145.0,154.57473305446817,True
544,RandomForest,2027-07-04 06:55:00,144.0,152.03561168026079,True
544,RandomForest,2027-07-04 07:00:00,144.0,146.35429009813055,True
544,RandomForest,2027-07-04 07:05:00,144.0,147.77722154789777,True
544,RandomForest,2027-07-04 07:10:00,144.0,144.3341483585694,True
544,RandomForest,2027-07-04 07:15:00,144.0,142.9341359701402,True
544,RandomForest,2027-07-04 07:20:00,144.0,140.40359200203167,True
544,RandomForest,2027-07-04 07:25:00,144.0,140.61129908713139,True
544,RandomForest,2027-07-04 10:15:00,126.0,159.40544715098827,False
544,RandomForest,2027-07-04 10:20:00,123.0,157.69180587206037,False
544,RandomForest,2027-07-04 10:25:00,118.0,159.73383338989038,False
544,RandomForest,2027-07-04 10:30:00,119.0,196.7014789334871,False
544,RandomForest,2027-07-04 10:35:00,122.0,185.37028083394281,False
544,RandomForest,2027-07-04 10:40:00,125.0,185.37028083394281,False
544,RandomForest,2027-07-04 10:45:00,120.0,134.9818056071325,True
544,RandomForest,2027-07-04 10:50:00,111.0,129.52584948449783,True
544,RandomForest,2027-07-04 10:55:00,104.0,116.68400017566137,True
544,RandomForest,2027-07-04 11:00:00,100.0,130.24641405493333,True
544,RandomForest,2027-07-04 11:05:00,105.0,140.0074335941862,True
544,RandomForest,2027-07-04 11:10:00,119.0,138.4662734492729,True
544,RandomForest,2027-07-04 11:15:00,127.0,107.16995561314923,True
544,RandomForest,2027-07-04 11:20:00,132.0,95.22698335550956,True
544,RandomForest,2027-07-04 11:25:00,133.0,93.58873679378229,True
544,RandomForest,2027-07-04 11:30:00,132.0,92.79428463933799,True
544,RandomForest,2027-07-04 11:35:00,131.0,109.31619141759154,True
544,RandomForest,2027-07-04 11:40:00,131.0,140.7117224438151,True
544,RandomForest,2027-07-04 11:45:00,131.0,155.35149732472698,True
544,RandomForest,2027-07-04 11:50:00,131.0,149.06886879690512,True
544,RandomForest,2027-07-04 11:55:00,130.0,146.633681833384,True
544,RandomForest,2027-07-04 12:00:00,132.0,134.34517972921637,True
544,RandomForest,2027-07-04 12:05:00,145.0,129.61204481290045,True
544,RandomForest,2027-07-04 12:10:00,150.0,145.2288901899318,True
544,RandomForest,2027-07-04 12:15:00,146.0,141.06000760215397,True
544,RandomForest,2027-07-04 12:20:00,144.0,136.5387067274124,True
544,RandomForest,2027-07-04 12:25:00,140.0,124.89528596856714,True
544,RandomForest,2027-07-04 12:30:00,136.0,140.47700138087401,True
544,RandomForest,2027-07-04 12:35:00,133.0,159.1455805469471,True
544,RandomForest,2027-07-04 12:40:00,129.0,161.9773378927066,True
544,RandomForest,2027-07-04 12:45:00,122.0,130.94082914843963,True
544,RandomForest,2027-07-04 12:50:00,105.0,131.512169710201,True
544,RandomForest,2027-07-04 12:55:00,97.0,124.61780740815759,True
544,RandomForest,2027-07-04 13:00:00,91.0,125.2935689774175,True
544,RandomForest,2027-07-04 13:05:00,81.0,127.44368198867501,True
544,RandomForest,2027-07-04 13:10:00,77.0,113.55223207331606,True
544,RandomForest,2027-07-04 13:15:00,81.0,103.30137313988442,True
544,RandomForest,2027-07-04 13:20:00,86.0,89.70832038169664,True
544,RandomForest,2027-07-04 13:25:00,89.0,86.13086632037079,True
544,RandomForest,2027-07-04 13:30:00,94.0,77.42206523138273,True
544,RandomForest,2027-07-04 13:35:00,98.0,71.66544446568597,True
544,RandomForest,2027-07-04 13:40:00,99.0,74.83209040983607,True
544,RandomForest,2027-07-04 13:45:00,102.0,102.96962425001895,True
544,RandomForest,2027-07-04 13:50:00,107.0,102.98906127520277,True
544,RandomForest,2027-07-04 13:55:00,112.0,100.95440145550062,True
544,RandomForest,2027-07-04 14:00:00,118.0,114.64484577989111,True
544,RandomForest,2027-07-04 14:05:00,123.0,116.2769078738169,True
544,RandomForest,2027-07-04 14:10:00,120.0,100.1221840601816,True
544,RandomForest,2027-07-04 14:15:00,112.0,114.29861686910581,True
544,RandomForest,2027-07-04 14:20:00,103.0,123.53099759022875,True
544,RandomForest,2027-07-04 14:25:00,94.0,129.70440576042753,True
544,RandomForest,2027-07-04 14:30:00,85.0,139.34258127471324,True
544,RandomForest,2027-07-04 14:35:00,76.0,143.6128482040136,True
544,RandomForest,2027-07-04 14:40:00,73.0,111.51567483332254,True
544,RandomForest,2027-07-04 14:45:00,72.0,97.44222855967455,True
544,RandomForest,2027-07-04 14:50:00,71.0,96.65840625171226,True
544,RandomForest,2027-07-04 14:55:00,67.0,88.08037435783564,True
544,RandomForest,2027-07-04 15:00:00,65.0,80.492059603095,True
544,RandomForest,2027-07-04 15:05:00,74.0,66.38994876267772,True
544,RandomForest,2027-07-04 15:10:00,89.0,76.86593590593512,True
544,RandomForest,2027-07-04 15:15:00,94.0,78.960132894532,True
544,RandomForest,2027-07-04 15:20:00,107.0,83.64252804995662,True
544,RandomForest,2027-07-04 15:25:00,120.0,77.92538922509976,True
544,RandomForest,2027-07-04 15:30:00,135.0,83.48841981669581,True
544,RandomForest,2027-07-04 15:35:00,147.0,104.8814759559437,True
544,RandomForest,2027-07-04 15:40:00,155.0,137.6932368546486,True
544,RandomForest,2027-07-04 15:45:00,152.0,121.86524420334406,True
544,RandomForest,2027-07-04 15:50:00,146.0,142.2439968618749,True
544,RandomForest,2027-07-04 15:55:00,144.0,150.78807689103812,True
544,RandomForest,2027-07-04 16:00:00,148.0,171.151254830383,True
544,RandomForest,2027-07-04 16:05:00,148.0,180.99036139350846,True
544,RandomForest,2027-07-04 16:10:00,148.0,168.07652583432585,True
544,RandomForest,2027-07-04 16:15:00,148.0,151.57107502348686,True
544,RandomForest,2027-07-04 16:20:00,246.0,144.79585626377258,True
544,RandomForest,2027-07-04 16:25:00,262.0,138.24124240156746,True
544,RandomForest,2027-07-04 16:30:00,271.0,153.03407216817877,True
544,RandomForest,2027-07-04 16:35:00,277.0,152.7937355163623,True
544,RandomForest,2027-07-04 16:40:00,280.0,152.36061357858725,True
544,RandomForest,2027-07-04 16:45:00,279.0,151.98116463993549,True
544,RandomForest,2027-07-04 16:50:00,278.0,273.9809161505161,True
544,RandomForest,2027-07-04 16:55:00,273.0,278.22851465201467,True
544,RandomForest,2027-07-04 17:00:00,267.0,280.2078407760111,True
544,RandomForest,2027-07-04 17:05:00,266.0,278.4805122394345,True
544,RandomForest,2027-07-04 17:10:00,267.0,272.16322086203706,True
544,RandomForest,2027-07-04 17:15:00,268.0,276.02723679757423,True
544,RandomForest,2027-07-04 17:20:00,265.0,276.53758361742103,True
544,RandomForest,2027-07-04 17:25:00,266.0,266.41527440750156,True
544,RandomForest,2027-07-04 17:30:00,274.0,250.22503940916656,True
544,RandomForest,2027-07-04 17:35:00,279.0,270.1321301030896,True
544,RandomForest,2027-07-04 17:40:00,274.0,274.0490889937542,True
544,RandomForest,2027-07-04 17:45:00,275.0,267.8881991028295,True
544,RandomForest,2027-07-04 17:50:00,280.0,249.74572429813372,True
544,RandomForest,2027-07-04 17:55:00,280.0,248.6381101659846,True
544,RandomForest,2027-07-04 18:00:00,274.0,260.04600958046643,True
544,RandomForest,2027-07-04 18:05:00,270.0,266.85651101770594,True
544,RandomForest,2027-07-04 18:10:00,268.0,251.2541481479632,True
544,RandomForest,2027-07-04 18:15:00,270.0,251.92465577697163,True
544,RandomForest,2027-07-04 18:20:00,272.0,264.7290440585741,True
544,RandomForest,2027-07-04 18:25:00,289.0,251.9941229092545,True
544,RandomForest,2027-07-04 18:30:00,307.0,252.10683722789972,True
544,RandomForest,2027-07-04 18:35:00,313.0,237.68144890077238,True
544,RandomForest,2027-07-04 18:40:00,313.0,239.64914635364627,True
544,RandomForest,2027-07-04 18:45:00,314.0,248.09622067847067,True
544,RandomForest,2027-07-04 18:50:00,316.0,251.18750380234084,True
544,RandomForest,2027-07-04 18:55:00,312.0,291.1206296344936,True
544,RandomForest,2027-07-04 19:00:00,304.0,307.33846891996893,True
544,RandomForest,2027-07-04 19:05:00,298.0,295.93351957004126,True
544,RandomForest,2027-07-04 19:10:00,304.0,285.49700439972213,True
544,RandomForest,2027-07-04 19:15:00,311.0,302.02963876123874,True
544,RandomForest,2027-07-04 19:20:00,313.0,313.8358721789239,True
544,RandomForest,2027-07-04 19:25:00,320.0,274.140386037692,True
544,RandomForest,2027-07-04 19:30:00,321.0,262.72024077774074,True
544,RandomForest,2027-07-04 19:35:00,314.0,258.99439362312086,True
544,RandomForest,2027-07-04 19:40:00,312.0,293.36217898129325,True
544,RandomForest,2027-07-04 19:45:00,310.0,300.4860971658251,True
544,RandomForest,2027-07-04 19:50:00,301.0,294.81034597260526,True
544,RandomForest,2027-07-04 19:55:00,293.0,307.7608383610709,True
544,RandomForest,2027-07-04 20:00:00,293.0,297.87736921952796,True
544,RandomForest,2027-07-04 20:05:00,301.0,271.0374635814849,True
544,RandomForest,2027-07-04 20:10:00,307.0,282.4992070486272,True
544,RandomForest,2027-07-04 20:15:00,306.0,283.44177387166127,True
544,RandomForest,2027-07-04 20:20:00,300.0,259.1364881894704,True
544,RandomForest,2027-07-04 20:25:00,296.0,259.04563848552397,True
544,RandomForest,2027-07-04 20:30:00,296.0,278.3669522432975,True
544,RandomForest,2027-07-04 20:35:00,292.0,294.2588759055468,True
544,RandomForest,2027-07-04 20:40:00,284.0,300.4823575267252,True
544,RandomForest,2027-07-04 20:45:00,273.0,283.839475333371,True
544,RandomForest,2027-07-04 20:50:00,262.0,272.6660626988629,True
544,MLP,2027-06-24 00:00:00,139.0,152.52381209336045,True
544,MLP,2027-06-24 00:05:00,135.0,138.23591635348876,True
544,MLP,2027-06-24 00:10:00,133.0,139.27881330197272,True
544,MLP,2027-06-24 00:15:00,130.0,139.24523969896978,True
544,MLP,2027-06-24 00:20:00,125.0,136.03008999253177,True
544,MLP,2027-06-24 00:25:00,121.0,132.5933705889196,True
544,MLP,2027-06-24 00:30:00,117.0,130.36967391825897,True
544,MLP,2027-06-24 00:35:00,113.0,121.40437712556418,True
544,MLP,2027-06-24 00:40:00,110.0,123.48964760989715,True
544,MLP,2027-06-24 00:45:00,107.0,116.90405619865838,True
544,MLP,2027-06-24 00:50:00,105.0,110.50948470806786,True
544,MLP,2027-06-24 00:55:00,103.0,109.08337870756816,True
544,MLP,2027-06-24 01:00:00,100.0,103.47074021054185,True
544,MLP,2027-06-24 01:05:00,98.0,99.80396316510176,True
544,MLP,2027-06-24 01:10:00,96.0,99.6886535188144,True
544,MLP,2027-06-24 01:15:00,93.0,94.9579872920775,True
544,MLP,2027-06-24 01:20:00,91.0,96.71699052232655,True
544,MLP,2027-06-24 01:25:00,89.0,92.77559451190984,True
544,MLP,2027-06-24 01:30:00,88.0,88.63160425936441,True
544,MLP,2027-06-24 01:35:00,87.0,90.00325185259929,True
544,MLP,2027-06-24 01:40:00,85.0,87.06877229142289,True
544,MLP,2027-06-24 01:45:00,83.0,81.97991184549484,True
544,MLP,2027-06-24 01:50:00,81.0,82.67117188449059,True
544,MLP,2027-06-24 01:55:00,79.0,79.66064865029384,True
544,MLP,2027-06-24 02:00:00,77.0,81.72414812331711,True
544,MLP,2027-06-24 02:05:00,76.0,79.80124538577759,True
544,MLP,2027-06-24 02:10:00,75.0,77.25519824549157,True
544,MLP,2027-06-24 02:15:00,74.0,75.99977479910036,True
544,MLP,2027-06-24 02:20:00,75.0,73.88889493756552,True
544,MLP,2027-06-24 02:25:00,75.0,71.60802124924253,True
544,MLP,2027-06-24 02:30:00,75.0,69.3696949065584,True
544,MLP,2027-06-24 02:35:00,77.0,71.31220248922178,True
544,MLP,2027-06-24 02:40:00,81.0,69.71245184350973,True
544,MLP,2027-06-24 02:45:00,79.0,69.22874614634331,True
544,MLP,2027-06-24 02:50:00,76.0,77.86902158439189,True
544,MLP,2027-06-24 02:55:00,75.0,75.36820758930207,True
544,MLP,2027-06-24 03:00:00,73.0,75.95355545797982,True
544,MLP,2027-06-24 03:05:00,72.0,84.60594718082409,True
544,MLP,2027-06-24 03:10:00,72.0,92.47316271329568,True
544,MLP,2027-06-24 03:15:00,73.0,79.39075267391188,True
544,MLP,2027-06-24 03:20:00,73.0,76.14861335877085,True
544,MLP,2027-06-24 03:25:00,73.0,77.95049764561985,True
544,MLP,2027-06-24 03:30:00,75.0,70.26452780578113,True
544,MLP,2027-06-24 03:35:00,74.0,72.04153997181935,True
544,MLP,2027-06-24 03:40:00,74.0,73.76653777931146,True
544,MLP,2027-06-24 03:45:00,74.0,78.67300368362814,True
544,MLP,2027-06-24 03:50:00,72.0,77.152098044879,True
544,MLP,2027-06-24 03:55:00,70.0,76.63514823771072,True
544,MLP,2027-06-24 04:00:00,69.0,84.0869579996938,True
544,MLP,2027-06-24 04:05:00,67.0,76.16269837376402,True
544,MLP,2027-06-24 04:10:00,70.0,78.04808333483686,True
544,MLP,2027-06-24 04:15:00,71.0,75.57366804897273,True
544,MLP,2027-06-24 04:20:00,71.0,69.98032546215143,True
544,MLP,2027-06-24 04:25:00,71.0,67.30184313837631,True
544,MLP,2027-06-24 04:30:00,70.0,68.3993537172967,True
544,MLP,2027-06-24 04:35:00,70.0,64.0287453591661,True
544,MLP,2027-06-24 04:40:00,72.0,82.81109953879508,True
544,MLP,2027-06-24 04:45:00,71.0,79.17047299861481,True
544,MLP,2027-06-24 04:50:00,71.0,76.5051776671624,True
544,MLP,2027-06-24 04:55:00,71.0,74.62065442503365,True
544,MLP,2027-06-24 05:00:00,71.0,70.52639973000561,True
544,MLP,2027-06-24 05:05:00,71.0,73.80863052155796,True
544,MLP,2027-06-24 05:10:00,73.0,82.06302695656602,True
544,MLP,2027-06-24 05:15:00,73.0,74.35830477480567,True
544,MLP,2027-06-24 05:20:00,72.0,73.59780154573771,True
544,MLP,2027-06-24 05:25:00,69.0,72.78538690657861,True
544,MLP,2027-06-24 05:30:00,69.0,73.81276080753965,True
544,MLP,2027-06-24 05:35:00,73.0,75.74789070513512,True
544,MLP,2027-06-24 05:40:00,76.0,85.55015575090151,True
544,MLP,2027-06-24 05:45:00,74.0,78.92096078570091,True
544,MLP,2027-06-24 05:50:00,72.0,74.21231059382065,True
544,MLP,2027-06-24 05:55:00,71.0,70.63094760135594,True
544,MLP,2027-06-24 06:00:00,73.0,76.39354120341623,True
544,MLP,2027-06-24 06:05:00,72.0,89.4420815561606,True
544,MLP,2027-06-24 06:10:00,71.0,90.89711056629505,True
544,MLP,2027-06-24 06:15:00,69.0,79.88585453348153,True
544,MLP,2027-06-24 06:20:00,67.0,74.65675218305729,True
544,MLP,2027-06-24 06:25:00,66.0,75.35334090091895,True
544,MLP,2027-06-24 06:30:00,65.0,85.39778895688548,True
544,MLP,2027-06-24 06:35:00,65.0,78.13002269056035,True
544,MLP,2027-06-24 06:40:00,66.0,75.82988476468928,True
544,MLP,2027-06-24 06:45:00,64.0,72.17086814419228,True
544,MLP,2027-06-24 06:50:00,65.0,70.89643469988263,True
544,MLP,2027-06-24 06:55:00,64.0,72.33479147484253,True
544,MLP,2027-06-24 07:00:00,63.0,73.38785460035096,True
544,MLP,2027-06-24 07:05:00,62.0,75.46743953807821,True
544,MLP,2027-06-24 07:10:00,62.0,77.30516690091581,True
544,MLP,2027-06-24 07:15:00,63.0,71.52939733880537,True
544,MLP,2027-06-24 07:20:00,62.0,79.35165675048266,True
544,MLP,2027-06-24 07:25:00,63.0,72.45171250330266,True
544,MLP,2027-06-24 07:30:00,63.0,73.2397861007084,True
544,MLP,2027-06-24 07:35:00,63.0,70.41481404868243,True
544,MLP,2027-06-24 07:40:00,63.0,73.37953912532538,True
544,MLP,2027-06-24 07:45:00,67.0,76.75905944759981,True
544,MLP,2027-06-24 07:50:00,69.0,73.21638207986827,True
544,MLP,2027-06-24 07:55:00,71.0,79.71221200945546,True
544,MLP,2027-06-24 08:00:00,75.0,86.57035554370044,True
544,MLP,2027-06-24 08:05:00,83.0,77.32076482259204,True
544,MLP,2027-06-24 08:10:00,89.0,77.12933974036339,True
544,MLP,2027-06-24 08:15:00,99.0,93.68214650665111,True
544,MLP,2027-06-24 08:20:00,109.0,88.23800095501518,True
544,MLP,2027-06-24 08:25:00,112.0,91.26331585009113,True
544,MLP,2027-06-24 08:30:00,119.0,103.38756116032148,True
544,MLP,2027-06-24 08:35:00,127.0,122.3116456041769,True
544,MLP,2027-06-24 08:40:00,132.0,118.13326995569075,True
544,MLP,2027-06-24 08:45:00,134.0,143.4061853092037,True
544,MLP,2027-06-24 08:50:00,143.0,151.00630284253558,True
544,MLP,2027-06-24 08:55:00,155.0,128.4375298312771,True
544,MLP,2027-06-24 09:00:00,166.0,152.73337544732996,True
544,MLP,2027-06-24 09:05:00,170.0,161.78400846364318,True
544,MLP,2027-06-24 09:10:00,168.0,152.7389463168403,True
544,MLP,2027-06-24 09:15:00,165.0,145.39809940876714,True
544,MLP,2027-06-24 09:20:00,163.0,177.27280399383042,True
544,MLP,2027-06-24 09:25:00,164.0,186.6467871482414,True
544,MLP,2027-06-24 09:30:00,164.0,201.042453243386,True
544,MLP,2027-06-24 09:35:00,164.0,185.77793115022322,True
544,MLP,2027-06-24 09:40:00,165.0,167.03675010355616,True
544,MLP,2027-06-24 09:45:00,165.0,156.6095039191246,True
544,MLP,2027-06-24 09:50:00,168.0,156.0282071359965,True
544,MLP,2027-06-24 09:55:00,170.0,163.31450758211545,True
544,MLP,2027-06-24 10:00:00,170.0,154.99493227001292,True
544,MLP,2027-06-24 10:05:00,171.0,156.34377610586276,True
544,MLP,2027-06-24 10:10:00,168.0,162.6633315943543,True
544,MLP,2027-06-24 10:15:00,167.0,161.29366743780426,True
544,MLP,2027-06-24 10:20:00,166.0,176.0609338232164,True
544,MLP,2027-06-24 10:25:00,166.0,177.42506383759567,True
544,MLP,2027-06-24 10:30:00,165.0,175.15885467306614,True
544,MLP,2027-06-24 10:35:00,163.0,177.55731025305968,True
544,MLP,2027-06-24 10:40:00,165.0,163.3352722536927,True
544,MLP,2027-06-24 10:45:00,166.0,166.11911027297333,True
544,MLP,2027-06-24 10:50:00,166.0,162.12209286311275,True
544,MLP,2027-06-24 10:55:00,166.0,165.16038991982424,True
544,MLP,2027-06-24 11:00:00,156.0,162.0623021630648,True
544,MLP,2027-06-24 11:05:00,154.0,158.4009826772676,True
544,MLP,2027-06-24 11:10:00,156.0,168.49394931823448,True
544,MLP,2027-06-24 11:15:00,155.0,166.55033290048357,True
544,MLP,2027-06-24 11:20:00,155.0,168.27906710506707,True
544,MLP,2027-06-24 11:25:00,152.0,167.81753714147663,True
544,MLP,2027-06-24 11:30:00,149.0,151.22964808488928,True
544,MLP,2027-06-24 11:35:00,146.0,154.7186648570569,True
544,MLP,2027-06-24 11:40:00,140.0,154.61582617535365,True
544,MLP,2027-06-24 11:45:00,138.0,153.29432188560082,True
544,MLP,2027-06-24 11:50:00,137.0,155.0050547227205,True
544,MLP,2027-06-24 11:55:00,131.0,144.76942591521743,True
544,MLP,2027-06-24 12:00:00,127.0,144.31452173849624,True
544,MLP,2027-06-24 12:05:00,125.0,138.8994230584885,True
544,MLP,2027-06-24 12:10:00,129.0,126.50336753732923,True
544,MLP,2027-06-24 12:15:00,133.0,135.60538479046866,True
544,MLP,2027-06-24 12:20:00,136.0,131.4884756690041,True
544,MLP,2027-06-24 12:25:00,138.0,117.73361074903802,True
544,MLP,2027-06-24 12:30:00,147.0,116.64409339048593,True
544,MLP,2027-06-24 12:35:00,148.0,120.05621561284454,True
544,MLP,2027-06-24 12:40:00,153.0,139.1584823400714,True
544,MLP,2027-06-24 12:45:00,166.0,162.82650549647735,True
544,MLP,2027-06-24 12:50:00,174.0,168.49621287499247,True
544,MLP,2027-06-24 12:55:00,183.0,159.1595759348259,True
544,MLP,2027-06-24 13:00:00,190.0,178.5335154946411,True
544,MLP,2027-06-24 13:05:00,194.0,156.47694045520203,True
544,MLP,2027-06-24 13:10:00,200.0,170.9013208937064,True
544,MLP,2027-06-24 13:15:00,216.0,187.3442586845272,True
544,MLP,2027-06-24 13:20:00,220.0,176.88340745917273,True
544,MLP,2027-06-24 13:25:00,221.0,193.5324332402857,True
544,MLP,2027-06-24 13:30:00,225.0,194.6452054532177,True
544,MLP,2027-06-24 13:35:00,236.0,191.077418059839,True
544,MLP,2027-06-24 13:40:00,245.0,212.70210730254468,True
544,MLP,2027-06-24 13:45:00,241.0,253.1687492818907,True
544,MLP,2027-06-24 13:50:00,243.0,226.99900873735183,True
544,MLP,2027-06-24 13:55:00,245.0,224.47462166002103,True
544,MLP,2027-06-24 14:00:00,250.0,212.00273871269576,True
544,MLP,2027-06-24 14:05:00,257.0,249.0367360501957,True
544,MLP,2027-06-24 14:10:00,273.0,260.82345623583774,True
544,MLP,2027-06-24 14:15:00,281.0,234.52087885260713,True
544,MLP,2027-06-24 14:20:00,288.0,245.0240825930848,True
544,MLP,2027-06-24 14:25:00,292.0,235.1775734709279,True
544,MLP,2027-06-24 14:30:00,295.0,252.4969072656172,True
544,MLP,2027-06-24 14:35:00,297.0,261.20954494806347,True
544,MLP,2027-06-24 14:40:00,297.0,292.9211084306875,True
544,MLP,2027-06-24 14:45:00,295.0,286.8894441202028,True
544,MLP,2027-06-24 14:50:00,290.0,297.406331865326,True
544,MLP,2027-06-24 14:55:00,287.0,294.9522062766394,True
544,MLP,2027-06-24 15:00:00,280.0,298.2509849292056,True
544,MLP,2027-06-24 15:05:00,265.0,294.68803739597996,True
544,MLP,2027-06-24 15:10:00,262.0,283.80474471329416,True
544,MLP,2027-06-24 15:15:00,256.0,270.405754504196,True
544,MLP,2027-06-24 15:20:00,243.0,255.5528848457909,True
544,MLP,2027-06-24 15:25:00,232.0,262.16127328818675,True
544,MLP,2027-06-24 15:30:00,224.0,243.32191287737206,True
544,MLP,2027-06-24 15:35:00,215.0,220.48073372743517,True
544,MLP,2027-06-24 15:40:00,209.0,247.86193122369625,True
544,MLP,2027-06-24 15:45:00,204.0,222.03900054394347,True
544,MLP,2027-06-24 15:50:00,197.0,199.50731993904347,True
544,MLP,2027-06-24 15:55:00,191.0,193.47446091588816,True
544,MLP,2027-06-24 16:00:00,183.0,194.6668261150139,True
544,MLP,2027-06-24 16:05:00,175.0,175.1426872160176,True
544,MLP,2027-06-24 16:10:00,171.0,180.8889676976572,True
544,MLP,2027-06-24 16:15:00,165.0,180.13266180103844,True
544,MLP,2027-06-24 16:20:00,159.0,167.11990934415886,True
544,MLP,2027-06-24 16:25:00,150.0,161.6469317048085,True
544,MLP,2027-06-24 16:30:00,144.0,147.43704411985144,True
544,MLP,2027-06-24 16:35:00,142.0,141.1824656152793,True
544,MLP,2027-06-24 16:40:00,135.0,151.68835973479347,True
544,MLP,2027-06-24 16:45:00,132.0,139.1199564674585,True
544,MLP,2027-06-24 16:50:00,127.0,133.27103379654346,True
544,MLP,2027-06-24 16:55:00,123.0,117.21568188054862,True
544,MLP,2027-06-24 17:00:00,122.0,122.09881781129485,True
544,MLP,2027-06-24 17:05:00,120.0,130.75596960925063,True
544,MLP,2027-06-24 17:10:00,114.0,106.7350963214359,True
544,MLP,2027-06-24 17:15:00,112.0,120.0308021806552,True
544,MLP,2027-06-24 17:20:00,107.0,103.93556180871765,True
544,MLP,2027-06-24 17:25:00,105.0,105.48939804980205,True
544,MLP,2027-06-24 17:30:00,103.0,113.8387042339296,True
544,MLP,2027-06-24 17:35:00,98.0,105.35581196568324,True
544,MLP,2027-06-24 17:40:00,87.0,95.55935451276211,True
544,MLP,2027-06-24 17:45:00,84.0,105.9430736078295,True
544,MLP,2027-06-24 17:50:00,90.0,87.04757179164899,True
544,MLP,2027-06-24 17:55:00,101.0,172.56718727006924,True
544,MLP,2027-06-24 18:00:00,112.0,158.6079307896446,True
544,MLP,2027-06-24 18:05:00,122.0,133.67775134722072,True
544,MLP,2027-06-24 18:10:00,133.0,113.14967491664716,True
544,MLP,2027-06-24 18:15:00,145.0,83.98191976255082,True
544,MLP,2027-06-24 18:20:00,153.0,127.71536241470228,True
544,MLP,2027-06-24 18:25:00,164.0,140.49319409471596,True
544,MLP,2027-06-24 18:30:00,172.0,132.17713099134767,True
544,MLP,2027-06-24 18:35:00,178.0,122.46190025608588,True
544,MLP,2027-06-24 18:40:00,182.0,139.72129218182346,True
544,MLP,2027-06-24 18:45:00,185.0,153.41538623161296,True
544,MLP,2027-06-24 18:50:00,188.0,152.79488268088872,True
544,MLP,2027-06-24 18:55:00,193.0,199.38344244009946,True
544,MLP,2027-06-24 19:00:00,197.0,186.55010830036642,True
544,MLP,2027-06-24 19:05:00,198.0,181.56285310153203,True
544,MLP,2027-06-24 19:10:00,193.0,181.72753881176976,True
544,MLP,2027-06-24 19:15:00,191.0,184.44412837303247,True
544,MLP,2027-06-24 19:20:00,189.0,189.85454463789114,True
544,MLP,2027-06-24 19:25:00,185.0,203.81623806603287,True
544,MLP,2027-06-24 19:30:00,181.0,205.87142455990664,True
544,MLP,2027-06-24 19:35:00,179.0,198.71550212073055,True
544,MLP,2027-06-24 19:40:00,175.0,180.28850253686272,True
544,MLP,2027-06-24 19:45:00,166.0,185.49485400796598,True
544,MLP,2027-06-24 19:50:00,158.0,179.15723255468527,True
544,MLP,2027-06-24 19:55:00,154.0,170.88721015605728,True
544,MLP,2027-06-24 20:00:00,149.0,166.95167898213282,True
544,MLP,2027-06-24 20:05:00,144.0,173.92156549027615,True
544,MLP,2027-06-24 20:10:00,142.0,162.020972072503,True
544,MLP,2027-06-24 20:15:00,144.0,146.49573320079608,True
544,MLP,2027-06-24 20:20:00,147.0,139.09650286120691,True
544,MLP,2027-06-24 20:25:00,150.0,142.96137806271918,True
544,MLP,2027-06-24 20:30:00,154.0,133.25759443137062,True
544,MLP,2027-06-24 20:35:00,159.0,130.5546738850003,True
544,MLP,2027-06-24 20:40:00,162.0,136.23709411782278,True
544,MLP,2027-06-24 20:45:00,167.0,149.88013099434565,True
544,MLP,2027-06-24 20:50:00,170.0,156.20921680581122,True
544,MLP,2027-06-24 20:55:00,172.0,160.76698641061154,True
544,MLP,2027-06-24 21:00:00,172.0,168.7217527100431,True
544,MLP,2027-06-24 21:05:00,171.0,174.76570327815713,True
544,MLP,2027-06-24 21:10:00,170.0,167.2281738620774,True
544,MLP,2027-06-24 21:15:00,168.0,183.17656925790365,True
544,MLP,2027-06-24 21:20:00,166.0,178.5799237636276,True
544,MLP,2027-06-24 21:25:00,164.0,180.0555087739573,True
544,MLP,2027-06-24 21:30:00,164.0,171.85674795109006,True
544,MLP,2027-06-24 21:35:00,160.0,167.98410509296443,True
544,MLP,2027-06-24 21:40:00,156.0,168.2169964581278,True
544,MLP,2027-06-24 21:45:00,149.0,163.69087803174418,True
544,MLP,2027-06-24 21:50:00,142.0,161.6716254496092,True
544,MLP,2027-06-24 21:55:00,138.0,158.2568507917199,True
544,MLP,2027-06-24 22:00:00,139.0,162.81781519982727,True
544,MLP,2027-06-24 22:05:00,140.0,150.1809338350688,True
544,MLP,2027-06-24 22:10:00,137.0,149.22066025107262,True
544,MLP,2027-06-24 22:15:00,135.0,132.56858701152376,True
544,MLP,2027-06-24 22:20:00,131.0,125.3276198251462,True
544,MLP,2027-06-24 22:25:00,128.0,127.23339298742671,True
544,MLP,2027-06-24 22:30:00,125.0,141.1374171691356,True
544,MLP,2027-06-24 22:35:00,122.0,143.54553404093883,True
544,MLP,2027-06-24 22:40:00,123.0,131.50988205376194,True
544,MLP,2027-06-24 22:45:00,122.0,131.52689435945425,True
544,MLP,2027-06-24 22:50:00,120.0,120.43013997305275,True
544,MLP,2027-06-24 22:55:00,116.0,116.928784486245,True
544,MLP,2027-06-24 23:00:00,110.0,112.13609122196091,True
544,MLP,2027-06-24 23:05:00,108.0,110.4243819965149,True
544,MLP,2027-06-24 23:10:00,106.0,121.64949378941475,True
544,MLP,2027-06-24 23:15:00,106.0,116.12017447218497,True
544,MLP,2027-06-24 23:20:00,106.0,112.56119108733112,True
544,MLP,2027-06-24 23:25:00,106.0,105.2284859078186,True
544,MLP,2027-06-24 23:30:00,107.0,96.26295223282735,True
544,MLP,2027-06-24 23:35:00,113.0,101.59230219376875,True
544,MLP,2027-06-24 23:40:00,113.0,96.43432291101347,True
544,MLP,2027-06-24 23:45:00,114.0,101.00998975494828,True
544,MLP,2027-06-24 23:50:00,117.0,103.07574251532513,True
544,MLP,2027-06-24 23:55:00,117.0,103.48009134891997,True
544,MLP,2027-06-25 00:00:00,117.0,108.99579264891595,True
544,MLP,2027-06-25 00:05:00,117.0,125.5907667221953,True
544,MLP,2027-06-25 00:10:00,117.0,111.24546972423217,True
544,MLP,2027-06-25 00:15:00,117.0,116.01529552443164,True
544,MLP,2027-06-25 00:20:00,118.0,125.5221629695447,True
544,MLP,2027-06-25 00:25:00,119.0,115.32974163417246,True
544,MLP,2027-06-25 00:30:00,120.0,119.21143178006244,True
544,MLP,2027-06-25 00:35:00,121.0,119.26587055115813,True
544,MLP,2027-06-25 00:40:00,123.0,119.02302882604111,True
544,MLP,2027-06-25 00:45:00,124.0,119.94383101884696,True
544,MLP,2027-06-25 00:50:00,126.0,122.69525317724982,True
544,MLP,2027-06-25 00:55:00,127.0,124.83134021708655,True
544,MLP,2027-06-25 01:00:00,128.0,126.00332030903932,True
544,MLP,2027-06-25 01:05:00,130.0,126.03147138110407,True
544,MLP,2027-06-25 01:10:00,132.0,131.41820994901943,True
544,MLP,2027-06-25 01:15:00,136.0,127.95571237925287,True
544,MLP,2027-06-25 01:20:00,138.0,133.68408146903803,True
544,MLP,2027-06-25 01:25:00,139.0,130.5373863237,True
544,MLP,2027-06-25 01:30:00,139.0,132.4058471684098,True
544,MLP,2027-06-25 01:35:00,132.0,137.39315137094437,True
544,MLP,2027-06-25 01:40:00,130.0,138.08874496321548,True
544,MLP,2027-06-25 01:45:00,128.0,144.68352236472683,True
544,MLP,2027-06-25 01:50:00,127.0,142.82628640946604,True
544,MLP,2027-06-25 01:55:00,127.0,142.46636646909587,True
544,MLP,2027-06-25 02:00:00,128.0,140.60796045337483,True
544,MLP,2027-06-25 02:05:00,136.0,126.25766834073676,True
544,MLP,2027-06-25 02:10:00,137.0,133.68642488605826,True
544,MLP,2027-06-25 02:15:00,137.0,125.59446418045461,True
544,MLP,2027-06-25 02:20:00,137.0,127.43689640133312,True
544,MLP,2027-06-25 02:25:00,137.0,129.3821446155709,True
544,MLP,2027-06-25 02:30:00,137.0,129.56243853979714,True
544,MLP,2027-06-25 02:35:00,138.0,142.9418646547019,True
544,MLP,2027-06-25 02:40:00,138.0,138.39902891206273,True
544,MLP,2027-06-25 02:45:00,140.0,135.14033204148106,True
544,MLP,2027-06-25 02:50:00,141.0,139.05155886967427,True
544,MLP,2027-06-25 02:55:00,141.0,137.91907252527844,True
544,MLP,2027-06-25 03:00:00,140.0,140.96452724209698,True
544,MLP,2027-06-25 03:05:00,140.0,144.97431055477526,True
544,MLP,2027-06-25 03:10:00,140.0,140.83146373653008,True
544,MLP,2027-06-25 03:15:00,139.0,147.45869070576612,True
544,MLP,2027-06-25 03:20:00,138.0,143.99380614357077,True
544,MLP,2027-06-25 03:25:00,135.0,143.26639976515256,True
544,MLP,2027-06-25 03:30:00,132.0,141.22640900050638,True
544,MLP,2027-06-25 03:35:00,130.0,142.7007641554181,True
544,MLP,2027-06-25 03:40:00,129.0,141.21865753220843,True
544,MLP,2027-06-25 03:45:00,129.0,137.9850520749487,True
544,MLP,2027-06-25 03:50:00,129.0,136.7484068778773,True
544,MLP,2027-06-25 03:55:00,131.0,131.6307046057556,True
544,MLP,2027-06-25 04:00:00,131.0,128.2826013220878,True
544,MLP,2027-06-25 04:05:00,132.0,128.51965910786285,True
544,MLP,2027-06-25 04:10:00,134.0,127.94033910219137,True
544,MLP,2027-06-25 04:15:00,134.0,128.8834792983547,True
544,MLP,2027-06-25 04:20:00,133.0,127.7622542223716,True
544,MLP,2027-06-25 04:25:00,133.0,132.26332910334932,True
544,MLP,2027-06-25 04:30:00,132.0,129.7838797210984,True
544,MLP,2027-06-25 04:35:00,131.0,134.41324172382045,True
544,MLP,2027-06-25 04:40:00,131.0,140.02539866384893,True
544,MLP,2027-06-25 04:45:00,134.0,133.12502655301606,True
544,MLP,2027-06-25 04:50:00,133.0,131.15577900137026,True
544,MLP,2027-06-25 04:55:00,133.0,134.83562824328814,True
544,MLP,2027-06-25 05:00:00,131.0,130.06463573443511,True
544,MLP,2027-06-25 05:05:00,131.0,130.5215235531251,True
544,MLP,2027-06-25 05:10:00,130.0,130.53992407817765,True
544,MLP,2027-06-25 05:15:00,129.0,138.00070780444597,True
544,MLP,2027-06-25 05:20:00,126.0,134.220064496599,True
544,MLP,2027-06-25 05:25:00,126.0,135.25769434393598,True
544,MLP,2027-06-25 05:30:00,126.0,127.73877081326278,True
544,MLP,2027-06-25 05:35:00,126.0,133.09540694745274,True
544,MLP,2027-06-25 05:40:00,126.0,127.7784655501069,True
544,MLP,2027-06-25 05:45:00,126.0,126.88857853805007,True
544,MLP,2027-06-25 05:50:00,126.0,120.6872129102564,True
544,MLP,2027-06-25 05:55:00,126.0,125.99246815035653,True
544,MLP,2027-06-25 07:35:00,133.0,160.80042873036896,False
544,MLP,2027-06-25 07:40:00,134.0,160.8811621441939,False
544,MLP,2027-06-25 07:45:00,133.0,160.94763637031545,False
544,MLP,2027-06-25 07:50:00,131.0,160.99900251580263,False
544,MLP,2027-06-25 07:55:00,136.0,161.03523613315198,False
544,MLP,2027-06-25 08:00:00,140.0,161.05631997712416,False
544,MLP,2027-06-25 08:05:00,141.0,138.80574961590733,True
544,MLP,2027-06-25 08:10:00,149.0,141.97815109350356,True
544,MLP,2027-06-25 08:15:00,151.0,137.53798970577802,True
544,MLP,2027-06-25 08:20:00,151.0,133.23747483153866,True
544,MLP,2027-06-25 08:25:00,145.0,151.7785635065046,True
544,MLP,2027-06-25 08:30:00,148.0,156.05675807490763,True
544,MLP,2027-06-25 08:35:00,151.0,150.71159642215153,True
544,MLP,2027-06-25 08:40:00,155.0,177.59465988153735,True
544,MLP,2027-06-25 08:45:00,155.0,158.1942652358027,True
544,MLP,2027-06-25 08:50:00,159.0,156.3320790512191,True
544,MLP,2027-06-25 08:55:00,163.0,143.3445722651251,True
544,MLP,2027-06-25 09:00:00,169.0,178.5826160359246,True
544,MLP,2027-06-25 09:05:00,181.0,186.36691451043134,True
544,MLP,2027-06-25 09:10:00,182.0,188.58624165190628,True
544,MLP,2027-06-25 09:15:00,189.0,177.10041588763096,True
544,MLP,2027-06-25 09:20:00,197.0,179.88181428744718,True
544,MLP,2027-06-25 09:25:00,199.0,178.26024468227413,True
544,MLP,2027-06-25 09:30:00,202.0,190.29798269543926,True
544,MLP,2027-06-25 09:35:00,205.0,210.19100733689675,True
544,MLP,2027-06-25 09:40:00,200.0,180.79306685265692,True
544,MLP,2027-06-25 09:45:00,198.0,205.29270654177404,True
544,MLP,2027-06-25 09:50:00,197.0,207.50734284234406,True
544,MLP,2027-06-25 09:55:00,198.0,192.67648511332925,True
544,MLP,2027-06-25 10:00:00,205.0,214.16837633055655,True
544,MLP,2027-06-25 10:05:00,204.0,214.04843339576345,True
544,MLP,2027-06-25 10:10:00,197.0,186.88381298332226,True
544,MLP,2027-06-25 10:15:00,194.0,192.4726868025693,True
544,MLP,2027-06-25 10:20:00,189.0,189.84184617568346,True
544,MLP,2027-06-25 10:25:00,191.0,194.97408147681233,True
544,MLP,2027-06-25 10:30:00,190.0,215.60677801789214,True
544,MLP,2027-06-25 10:35:00,185.0,201.6054181130773,True
544,MLP,2027-06-25 10:40:00,184.0,183.40446071524283,True
544,MLP,2027-06-25 10:45:00,177.0,180.05165891292887,True
544,MLP,2027-06-25 10:50:00,172.0,169.96351547438846,True
544,MLP,2027-06-25 10:55:00,172.0,187.3941333204576,True
544,MLP,2027-06-25 11:00:00,168.0,178.02631890241216,True
544,MLP,2027-06-25 11:05:00,168.0,170.73937566386786,True
544,MLP,2027-06-25 11:10:00,168.0,169.4278732108987,True
544,MLP,2027-06-25 11:15:00,166.0,152.78697009806697,True
544,MLP,2027-06-25 11:20:00,165.0,154.42283172338747,True
544,MLP,2027-06-25 11:25:00,164.0,159.38603058999624,True
544,MLP,2027-06-25 11:30:00,162.0,147.68770531884454,True
544,MLP,2027-06-25 11:35:00,158.0,157.67769216299118,True
544,MLP,2027-06-25 11:40:00,160.0,152.2081854551503,True
544,MLP,2027-06-25 11:45:00,161.0,151.09027249489182,True
544,MLP,2027-06-25 11:50:00,160.0,150.30628475542528,True
544,MLP,2027-06-25 11:55:00,161.0,152.60500995084587,True
544,MLP,2027-06-25 12:00:00,158.0,149.56694938271315,True
544,MLP,2027-06-25 12:05:00,155.0,141.01241983479164,True
544,MLP,2027-06-25 12:10:00,153.0,156.5018611344208,True
544,MLP,2027-06-25 12:15:00,152.0,154.66765364736156,True
544,MLP,2027-06-25 12:20:00,150.0,152.44102794559794,True
544,MLP,2027-06-25 12:25:00,147.0,160.55055497942857,True
544,MLP,2027-06-25 12:30:00,148.0,148.59691902753758,True
544,MLP,2027-06-25 12:35:00,146.0,148.1875410902684,True
544,MLP,2027-06-25 12:40:00,144.0,145.27302326237916,True
544,MLP,2027-06-25 12:45:00,139.0,145.7171453378269,True
544,MLP,2027-06-25 12:50:00,137.0,143.33646260820552,True
544,MLP,2027-06-25 12:55:00,136.0,137.5523435403143,True
544,MLP,2027-06-25 13:00:00,135.0,146.8852455946974,True
544,MLP,2027-06-25 13:05:00,132.0,138.26424441242867,True
544,MLP,2027-06-25 13:10:00,131.0,139.32302064539647,True
544,MLP,2027-06-25 13:15:00,132.0,127.4895647298845,True
544,MLP,2027-06-25 13:20:00,132.0,132.8548281101773,True
544,MLP,2027-06-25 13:25:00,132.0,132.207014200283,True
544,MLP,2027-06-25 13:30:00,130.0,131.16365824000022,True
544,MLP,2027-06-25 13:35:00,128.0,124.62593777453108,True
544,MLP,2027-06-25 13:40:00,131.0,129.7208380204574,True
544,MLP,2027-06-25 13:45:00,130.0,134.90616237520518,True
544,MLP,2027-06-25 13:50:00,128.0,132.56371334465248,True
544,MLP,2027-06-25 13:55:00,129.0,154.78897578207153,True
544,MLP,2027-06-25 14:00:00,138.0,155.34238899571866,True
544,MLP,2027-06-25 14:05:00,148.0,147.88991357175146,True
544,MLP,2027-06-25 14:10:00,159.0,155.11629219088175,True
544,MLP,2027-06-25 14:15:00,168.0,133.48298563926397,True
544,MLP,2027-06-25 14:20:00,181.0,140.2106475155447,True
544,MLP,2027-06-25 14:25:00,195.0,144.10887463562105,True
544,MLP,2027-06-25 14:30:00,209.0,157.64986446043346,True
544,MLP,2027-06-25 14:35:00,220.0,159.69682300954432,True
544,MLP,2027-06-25 14:40:00,227.0,165.92295321192753,True
544,MLP,2027-06-25 14:45:00,234.0,158.76796231793432,True
544,MLP,2027-06-25 14:50:00,235.0,187.1861863856262,True
544,MLP,2027-06-25 14:55:00,236.0,214.48449375174354,True
544,MLP,2027-06-25 15:00:00,234.0,230.2343298164814,True
544,MLP,2027-06-25 15:05:00,232.0,239.34604130809035,True
544,MLP,2027-06-25 15:10:00,227.0,233.5614629084771,True
544,MLP,2027-06-25 15:15:00,227.0,246.14902882960257,True
544,MLP,2027-06-25 15:20:00,238.0,230.97266849244417,True
544,MLP,2027-06-25 15:25:00,238.0,239.48812869561064,True
544,MLP,2027-06-25 15:30:00,235.0,225.60641058262482,True
544,MLP,2027-06-25 15:35:00,232.0,224.9507354079326,True
544,MLP,2027-06-25 15:40:00,234.0,208.71652306608843,True
544,MLP,2027-06-25 15:45:00,232.0,228.62061488406746,True
544,MLP,2027-06-25 15:50:00,230.0,255.9077650772014,True
544,MLP,2027-06-25 15:55:00,237.0,239.01659925058127,True
544,MLP,2027-06-25 16:00:00,232.0,229.31241000311667,True
544,MLP,2027-06-25 16:05:00,228.0,222.35906352624994,True
544,MLP,2027-06-25 16:10:00,225.0,236.92698638765998,True
544,MLP,2027-06-25 16:15:00,225.0,216.97100184936633,True
544,MLP,2027-06-25 16:20:00,223.0,216.61758981382025,True
544,MLP,2027-06-25 16:25:00,221.0,244.3162042731339,True
544,MLP,2027-06-25 16:30:00,220.0,213.2819863331613,True
544,MLP,2027-06-25 16:35:00,221.0,210.58489262133398,True
544,MLP,2027-06-25 16:40:00,223.0,204.83887012019514,True
544,MLP,2027-06-25 16:45:00,223.0,217.2276312000033,True
544,MLP,2027-06-25 16:50:00,222.0,212.3032170280438,True
544,MLP,2027-06-25 16:55:00,220.0,206.49548707050616,True
544,MLP,2027-06-25 17:00:00,220.0,210.5827672825094,True
544,MLP,2027-06-25 17:05:00,213.0,214.43823156085512,True
544,MLP,2027-06-25 17:10:00,211.0,222.05764635034458,True
544,MLP,2027-06-25 17:15:00,207.0,216.88081801695046,True
544,MLP,2027-06-25 17:20:00,210.0,217.17459007473497,True
544,MLP,2027-06-25 17:25:00,212.0,215.26104500958752,True
544,MLP,2027-06-25 17:30:00,213.0,214.67547964969725,True
544,MLP,2027-06-25 17:35:00,217.0,197.19053047559777,True
544,MLP,2027-06-25 17:40:00,216.0,203.3032319893164,True
544,MLP,2027-06-25 17:45:00,214.0,191.74446615064605,True
544,MLP,2027-06-25 17:50:00,214.0,214.59870559726878,True
544,MLP,2027-06-25 17:55:00,215.0,207.96664903295522,True
544,MLP,2027-06-25 18:00:00,215.0,209.72591878012074,True
544,MLP,2027-06-25 18:05:00,212.0,226.21328961691322,True
544,MLP,2027-06-25 18:10:00,208.0,209.99155959836,True
544,MLP,2027-06-25 18:15:00,206.0,211.63564846597606,True
544,MLP,2027-06-25 18:20:00,203.0,211.12383964369704,True
544,MLP,2027-06-25 18:25:00,196.0,212.72810601638204,True
544,MLP,2027-06-25 18:30:00,191.0,214.24854746350044,True
544,MLP,2027-06-25 18:35:00,191.0,205.5700977956216,True
544,MLP,2027-06-25 18:40:00,194.0,200.13480277218466,True
544,MLP,2027-06-25 18:45:00,194.0,197.40320830139194,True
544,MLP,2027-06-25 18:50:00,192.0,194.01408485628193,True
544,MLP,2027-06-25 18:55:00,192.0,182.28202264614603,True
544,MLP,2027-06-25 19:00:00,197.0,180.3192561465789,True
544,MLP,2027-06-25 19:05:00,196.0,188.58523896509092,True
544,MLP,2027-06-25 19:10:00,197.0,198.07554245848146,True
544,MLP,2027-06-25 19:15:00,200.0,240.1233825963741,True
544,MLP,2027-06-25 19:20:00,205.0,223.43442061924955,True
544,MLP,2027-06-25 19:25:00,217.0,219.37398068795383,True
544,MLP,2027-06-25 19:30:00,229.0,222.12857446001874,True
544,MLP,2027-06-25 19:35:00,239.0,196.47094672604103,True
544,MLP,2027-06-25 19:40:00,248.0,206.54274083740546,True
544,MLP,2027-06-25 19:45:00,255.0,206.5254766910608,True
544,MLP,2027-06-25 19:50:00,260.0,207.07076438077533,True
544,MLP,2027-06-25 19:55:00,267.0,228.58763757066728,True
544,MLP,2027-06-25 20:00:00,277.0,241.47326513389686,True
544,MLP,2027-06-25 20:05:00,287.0,245.91815993217983,True
544,MLP,2027-06-25 20:10:00,296.0,257.1026497756531,True
544,MLP,2027-06-25 20:15:00,300.0,264.27178869445976,True
544,MLP,2027-06-25 20:20:00,307.0,266.4471308954508,True
544,MLP,2027-06-25 20:25:00,315.0,281.88635122615545,True
544,MLP,2027-06-25 20:30:00,320.0,301.39473785966777,True
544,MLP,2027-06-25 20:35:00,325.0,307.75842662371065,True
544,MLP,2027-06-25 20:40:00,332.0,313.72909077623115,True
544,MLP,2027-06-25 20:45:00,335.0,301.90971508923485,True
544,MLP,2027-06-25 20:50:00,327.0,321.3969715607733,True
544,MLP,2027-06-25 20:55:00,321.0,329.84591840943415,True
544,MLP,2027-06-25 21:00:00,319.0,326.79692007311974,True
544,MLP,2027-06-25 21:05:00,313.0,332.95283129808496,True
544,MLP,2027-06-25 21:10:00,308.0,340.9391235901337,True
544,MLP,2027-06-25 21:15:00,306.0,328.3107976837351,True
544,MLP,2027-06-25 21:20:00,300.0,297.2172868842414,True
544,MLP,2027-06-25 21:25:00,298.0,294.12749348825923,True
544,MLP,2027-06-25 21:30:00,297.0,301.7792761809102,True
544,MLP,2027-06-25 21:35:00,296.0,280.91451574187346,True
544,MLP,2027-06-25 21:40:00,297.0,279.1439780723995,True
544,MLP,2027-06-25 21:45:00,296.0,279.8267114733149,True
544,MLP,2027-06-25 21:50:00,288.0,264.30858580336815,True
544,MLP,2027-06-25 21:55:00,282.0,279.93518057300264,True
544,MLP,2027-06-25 22:00:00,282.0,278.8667522868137,True
544,MLP,2027-06-25 22:05:00,291.0,280.8739266794732,True
544,MLP,2027-06-25 22:10:00,284.0,287.9267887210915,True
544,MLP,2027-06-25 22:15:00,288.0,283.7248780569307,True
544,MLP,2027-06-25 22:20:00,285.0,266.9391432235299,True
544,MLP,2027-06-25 22:25:00,284.0,254.83401562914864,True
544,MLP,2027-06-25 22:30:00,285.0,253.8479696852239,True
544,MLP,2027-06-25 22:35:00,285.0,267.48382831872016,True
544,MLP,2027-06-25 22:40:00,285.0,249.5145298137991,True
544,MLP,2027-06-25 22:45:00,282.0,274.0236427580348,True
544,MLP,2027-06-25 22:50:00,278.0,241.99125557607397,True
544,MLP,2027-06-25 22:55:00,279.0,250.18343166319454,True
544,MLP,2027-06-25 23:00:00,273.0,257.65679436785956,True
544,MLP,2027-06-25 23:05:00,271.0,258.00201373808727,True
544,MLP,2027-06-25 23:10:00,272.0,269.08672389684057,True
544,MLP,2027-06-25 23:15:00,278.0,252.3530451031616,True
544,MLP,2027-06-25 23:20:00,281.0,254.6031749717111,True
544,MLP,2027-06-25 23:25:00,283.0,269.7599754949149,True
544,MLP,2027-06-25 23:30:00,288.0,243.12983458775736,True
544,MLP,2027-06-25 23:35:00,292.0,260.3408954492812,True
544,MLP,2027-06-25 23:40:00,288.0,261.719773085383,True
544,MLP,2027-06-25 23:45:00,283.0,279.60454021919827,True
544,MLP,2027-06-25 23:50:00,280.0,273.6265912917821,True
544,MLP,2027-06-25 23:55:00,277.0,280.1776524454865,True
544,MLP,2027-06-26 00:00:00,270.0,293.52577709444324,True
544,MLP,2027-06-26 00:05:00,267.0,291.41237954582857,True
544,MLP,2027-06-26 00:10:00,261.0,273.62518999265615,True
544,MLP,2027-06-26 00:15:00,254.0,269.74862973058475,True
544,MLP,2027-06-26 00:20:00,244.0,266.1226353586939,True
544,MLP,2027-06-26 00:25:00,235.0,262.4773307035192,True
544,MLP,2027-06-26 00:30:00,230.0,247.02741853511424,True
544,MLP,2027-06-26 00:35:00,227.0,255.57896068433192,True
544,MLP,2027-06-26 00:40:00,224.0,239.15602763021212,True
544,MLP,2027-06-26 00:45:00,220.0,233.2027635087347,True
544,MLP,2027-06-26 00:50:00,214.0,219.95120343543132,True
544,MLP,2027-06-26 00:55:00,209.0,219.15902489725593,True
544,MLP,2027-06-26 01:00:00,206.0,220.5993504481376,True
544,MLP,2027-06-26 01:05:00,202.0,220.29314507063393,True
544,MLP,2027-06-26 01:10:00,199.0,214.49595066557328,True
544,MLP,2027-06-26 01:15:00,196.0,204.3369955805112,True
544,MLP,2027-06-26 01:20:00,193.0,192.73671015682277,True
544,MLP,2027-06-26 01:25:00,190.0,193.39495880142906,True
544,MLP,2027-06-26 01:30:00,192.0,193.46477428782146,True
544,MLP,2027-06-26 01:35:00,198.0,186.54373562689042,True
544,MLP,2027-06-26 01:40:00,195.0,188.2911860614487,True
544,MLP,2027-06-26 01:45:00,191.0,184.17298961724018,True
544,MLP,2027-06-26 01:50:00,188.0,179.86958924367318,True
544,MLP,2027-06-26 01:55:00,185.0,177.8761561492048,True
544,MLP,2027-06-26 02:00:00,182.0,189.80673575084833,True
544,MLP,2027-06-26 02:05:00,180.0,199.17718656219202,True
544,MLP,2027-06-26 02:10:00,177.0,187.6797385661374,True
544,MLP,2027-06-26 02:15:00,174.0,183.39011197588587,True
544,MLP,2027-06-26 02:20:00,173.0,182.96857319323823,True
544,MLP,2027-06-26 02:25:00,171.0,179.19974606569585,True
544,MLP,2027-06-26 02:30:00,164.0,177.7258567562853,True
544,MLP,2027-06-26 02:35:00,158.0,176.44581909351626,True
544,MLP,2027-06-26 02:40:00,155.0,171.56307735986388,True
544,MLP,2027-06-26 02:45:00,154.0,168.6781504427843,True
544,MLP,2027-06-26 02:50:00,152.0,171.13196124077348,True
544,MLP,2027-06-26 02:55:00,151.0,165.90747581607633,True
544,MLP,2027-06-26 03:00:00,150.0,155.2498654496023,True
544,MLP,2027-06-26 03:05:00,146.0,148.66375547172916,True
544,MLP,2027-06-26 03:10:00,144.0,150.99957255654974,True
544,MLP,2027-06-26 03:15:00,146.0,152.7270655068801,True
544,MLP,2027-06-26 03:20:00,150.0,148.10024628805456,True
544,MLP,2027-06-26 03:25:00,147.0,146.7042775572777,True
544,MLP,2027-06-26 03:30:00,146.0,143.45238510986798,True
544,MLP,2027-06-26 03:35:00,144.0,135.65022391701277,True
544,MLP,2027-06-26 03:40:00,140.0,137.6311525971531,True
544,MLP,2027-06-26 03:45:00,134.0,142.9989640002791,True
544,MLP,2027-06-26 03:50:00,131.0,151.64873051706854,True
544,MLP,2027-06-26 03:55:00,129.0,143.18694319758643,True
544,MLP,2027-06-26 04:00:00,127.0,145.26116918463308,True
544,MLP,2027-06-26 04:05:00,126.0,139.1510853189811,True
544,MLP,2027-06-26 04:10:00,125.0,133.08414468555293,True
544,MLP,2027-06-26 04:15:00,123.0,124.98497988425798,True
544,MLP,2027-06-26 04:20:00,118.0,129.10848069041734,True
544,MLP,2027-06-26 04:25:00,116.0,125.92159050799982,True
544,MLP,2027-06-26 04:30:00,122.0,124.03258550796838,True
544,MLP,2027-06-26 04:35:00,124.0,123.76378260728484,True
544,MLP,2027-06-26 04:40:00,122.0,121.29394496793292,True
544,MLP,2027-06-26 04:45:00,114.0,115.26673308939722,True
544,MLP,2027-06-26 04:50:00,111.0,108.4831311331943,True
544,MLP,2027-06-26 04:55:00,114.0,111.02200518476575,True
544,MLP,2027-06-26 05:00:00,121.0,123.72984269042416,True
544,MLP,2027-06-26 05:05:00,122.0,125.00689039318084,True
544,MLP,2027-06-26 05:10:00,123.0,119.88623440523604,True
544,MLP,2027-06-26 05:15:00,123.0,108.79628508457024,True
544,MLP,2027-06-26 05:20:00,122.0,111.35912429995007,True
544,MLP,2027-06-26 05:25:00,120.0,118.22737520208086,True
544,MLP,2027-06-26 05:30:00,117.0,130.33212440269577,True
544,MLP,2027-06-26 05:35:00,115.0,124.48846841557676,True
544,MLP,2027-06-26 05:40:00,113.0,125.67718135405248,True
544,MLP,2027-06-26 05:45:00,114.0,120.45552697534085,True
544,MLP,2027-06-26 05:50:00,115.0,119.37900297538049,True
544,MLP,2027-06-26 05:55:00,110.0,119.1696216698758,True
544,MLP,2027-06-26 06:00:00,109.0,112.67209880376654,True
544,MLP,2027-06-26 06:05:00,111.0,111.22506049257883,True
544,MLP,2027-06-26 06:10:00,114.0,108.1001519178332,True
544,MLP,2027-06-26 06:15:00,115.0,117.7219051855181,True
544,MLP,2027-06-26 06:20:00,115.0,117.81769710013818,True
544,MLP,2027-06-26 06:25:00,117.0,107.92311611205177,True
544,MLP,2027-06-26 06:30:00,119.0,108.97223800583033,True
544,MLP,2027-06-26 06:35:00,121.0,115.11355533365484,True
544,MLP,2027-06-26 06:40:00,124.0,122.44611696894903,True
544,MLP,2027-06-26 06:45:00,122.0,119.72910377039865,True
544,MLP,2027-06-26 06:50:00,124.0,114.69932335584703,True
544,MLP,2027-06-26 06:55:00,126.0,124.0346351619108,True
544,MLP,2027-06-26 07:00:00,129.0,125.39354744254614,True
544,MLP,2027-06-26 07:05:00,136.0,130.2467222077658,True
544,MLP,2027-06-26 07:10:00,145.0,138.2077628683982,True
544,MLP,2027-06-26 07:15:00,154.0,120.94912464827277,True
544,MLP,2027-06-26 07:20:00,160.0,134.4897140862747,True
544,MLP,2027-06-26 07:25:00,167.0,134.61828756535013,True
544,MLP,2027-06-26 07:30:00,172.0,142.27429896202224,True
544,MLP,2027-06-26 07:35:00,176.0,157.25718920628168,True
544,MLP,2027-06-26 07:40:00,142.0,170.0941550649843,True
544,MLP,2027-06-26 07:45:00,142.0,185.2336028192776,True
544,MLP,2027-06-26 07:50:00,147.0,181.14360371138483,True
544,MLP,2027-06-26 07:55:00,152.0,198.88910696586711,True
544,MLP,2027-06-26 08:00:00,158.0,200.47649069467886,True
544,MLP,2027-06-26 08:05:00,164.0,200.14020696806352,True
544,MLP,2027-06-26 08:10:00,166.0,158.02649160610085,True
544,MLP,2027-06-26 08:15:00,169.0,175.8603080986367,True
544,MLP,2027-06-26 08:20:00,177.0,170.71553223766122,True
544,MLP,2027-06-26 08:25:00,183.0,174.4926441096177,True
544,MLP,2027-06-26 08:30:00,187.0,175.3699832862665,True
544,MLP,2027-06-26 08:35:00,188.0,180.19186414663005,True
544,MLP,2027-06-26 08:40:00,189.0,168.86410582437907,True
544,MLP,2027-06-26 08:45:00,196.0,180.89290886861326,True
544,MLP,2027-06-26 08:50:00,197.0,197.1128412201646,True
544,MLP,2027-06-26 08:55:00,200.0,202.73890288431312,True
544,MLP,2027-06-26 09:00:00,194.0,187.86967858007367,True
544,MLP,2027-06-26 09:05:00,189.0,185.65874120924477,True
544,MLP,2027-06-26 09:10:00,191.0,181.3318755222735,True
544,MLP,2027-06-26 09:15:00,189.0,208.03459932274947,True
544,MLP,2027-06-26 09:20:00,186.0,194.26988857648843,True
544,MLP,2027-06-26 09:25:00,185.0,208.037031625864,True
544,MLP,2027-06-26 09:30:00,178.0,183.48634163625695,True
544,MLP,2027-06-26 09:35:00,170.0,172.43807854326454,True
544,MLP,2027-06-26 09:40:00,168.0,185.16691319419235,True
544,MLP,2027-06-26 09:45:00,166.0,169.92484753419757,True
544,MLP,2027-06-26 09:50:00,164.0,172.42722525360915,True
544,MLP,2027-06-26 09:55:00,161.0,172.47154482721268,True
544,MLP,2027-06-26 10:00:00,160.0,159.66100211685873,True
544,MLP,2027-06-26 10:05:00,160.0,148.48598839128073,True
544,MLP,2027-06-26 10:10:00,160.0,154.84793774646357,True
544,MLP,2027-06-26 10:15:00,160.0,150.3548714851528,True
544,MLP,2027-06-26 10:20:00,160.0,152.09615119192654,True
544,MLP,2027-06-26 10:25:00,166.0,144.09009106848904,True
544,MLP,2027-06-26 10:30:00,165.0,146.2051791391689,True
544,MLP,2027-06-26 10:35:00,165.0,149.96781561733584,True
544,MLP,2027-06-26 10:40:00,162.0,151.8966523018902,True
544,MLP,2027-06-26 10:45:00,161.0,151.7652568074942,True
544,MLP,2027-06-26 10:50:00,161.0,152.21785893157212,True
544,MLP,2027-06-26 10:55:00,158.0,176.69257943804647,True
544,MLP,2027-06-26 11:00:00,156.0,156.81796458418387,True
544,MLP,2027-06-26 11:05:00,156.0,162.27548427062973,True
544,MLP,2027-06-26 11:10:00,159.0,153.3318043093585,True
544,MLP,2027-06-26 11:15:00,161.0,158.07775707437875,True
544,MLP,2027-06-26 11:20:00,163.0,155.94585169859383,True
544,MLP,2027-06-26 11:25:00,164.0,148.72440255340524,True
544,MLP,2027-06-26 11:30:00,159.0,151.20624441352817,True
544,MLP,2027-06-26 11:35:00,155.0,152.2619326232959,True
544,MLP,2027-06-26 11:40:00,148.0,161.93744891465528,True
544,MLP,2027-06-26 11:45:00,142.0,163.91491064419407,True
544,MLP,2027-06-26 11:50:00,141.0,171.06637425374734,True
544,MLP,2027-06-26 11:55:00,138.0,169.80115810380525,True
544,MLP,2027-06-26 12:00:00,136.0,152.20891080613293,True
544,MLP,2027-06-26 12:05:00,135.0,148.1918301571485,True
544,MLP,2027-06-26 12:10:00,134.0,135.21263620044968,True
544,MLP,2027-06-26 12:15:00,135.0,131.83272913652863,True
544,MLP,2027-06-26 12:20:00,141.0,137.86996886753965,True
544,MLP,2027-06-26 12:25:00,138.0,129.3835834000741,True
544,MLP,2027-06-26 12:30:00,139.0,132.02856713321884,True
544,MLP,2027-06-26 12:35:00,142.0,130.85690649071174,True
544,MLP,2027-06-26 12:40:00,143.0,130.8654383245245,True
544,MLP,2027-06-26 12:45:00,134.0,138.2259179973391,True
544,MLP,2027-06-26 12:50:00,132.0,158.2373378596843,True
544,MLP,2027-06-26 12:55:00,131.0,135.80489122952932,True
544,MLP,2027-06-26 13:00:00,135.0,159.28330292335716,True
544,MLP,2027-06-26 13:05:00,141.0,174.77712721161734,True
544,MLP,2027-06-26 13:10:00,140.0,160.75658304040826,True
544,MLP,2027-06-26 13:15:00,142.0,147.5084679805265,True
544,MLP,2027-06-26 13:20:00,145.0,148.66981306471806,True
544,MLP,2027-06-26 13:25:00,149.0,142.52203726354833,True
544,MLP,2027-06-26 13:30:00,151.0,160.23274695449,True
544,MLP,2027-06-26 13:35:00,154.0,161.6963743821668,True
544,MLP,2027-06-26 13:40:00,159.0,138.14321891713547,True
544,MLP,2027-06-26 13:45:00,169.0,151.6602742229227,True
544,MLP,2027-06-26 13:50:00,175.0,152.8745186176619,True
544,MLP,2027-06-26 13:55:00,182.0,158.81193737038612,True
544,MLP,2027-06-26 14:00:00,188.0,152.77261027806446,True
544,MLP,2027-06-26 14:05:00,194.0,163.5793210619365,True
544,MLP,2027-06-26 14:10:00,197.0,173.91622823669084,True
544,MLP,2027-06-26 14:15:00,203.0,193.96133501718836,True
544,MLP,2027-06-26 14:20:00,205.0,188.68538939652032,True
544,MLP,2027-06-26 14:25:00,201.0,204.7581627217779,True
544,MLP,2027-06-26 14:30:00,200.0,209.13076131063116,True
544,MLP,2027-06-26 14:35:00,199.0,217.54363681939907,True
544,MLP,2027-06-26 14:40:00,200.0,208.16901038716574,True
544,MLP,2027-06-26 14:45:00,205.0,226.7727767555007,True
544,MLP,2027-06-26 14:50:00,204.0,212.39530597321308,True
544,MLP,2027-06-26 14:55:00,203.0,190.69984722967124,True
544,MLP,2027-06-26 15:00:00,210.0,196.34303870548095,True
544,MLP,2027-06-26 15:05:00,211.0,195.38529537199915,True
544,MLP,2027-06-26 15:10:00,212.0,204.89400603082072,True
544,MLP,2027-06-26 15:15:00,213.0,219.84958112947575,True
544,MLP,2027-06-26 15:20:00,214.0,200.67413202856264,True
544,MLP,2027-06-26 15:25:00,217.0,203.35974514116228,True
544,MLP,2027-06-26 15:30:00,220.0,226.81516214806894,True
544,MLP,2027-06-26 15:35:00,222.0,211.61162750491113,True
544,MLP,2027-06-26 15:40:00,223.0,219.10282088563727,True
544,MLP,2027-06-26 15:45:00,224.0,219.39594873968448,True
544,MLP,2027-06-26 15:50:00,222.0,218.71556888113722,True
544,MLP,2027-06-26 15:55:00,220.0,226.44556682893094,True
544,MLP,2027-06-26 16:00:00,216.0,230.30503521060402,True
544,MLP,2027-06-26 16:05:00,210.0,230.42818960374782,True
544,MLP,2027-06-26 16:10:00,206.0,228.94756901537792,True
544,MLP,2027-06-26 16:15:00,207.0,231.50388401191987,True
544,MLP,2027-06-26 16:20:00,211.0,219.5916186914591,True
544,MLP,2027-06-26 16:25:00,210.0,218.59264091084526,True
544,MLP,2027-06-26 16:30:00,208.0,210.55550586030395,True
544,MLP,2027-06-26 16:35:00,207.0,197.69146917525225,True
544,MLP,2027-06-26 16:40:00,207.0,195.7398023265866,True
544,MLP,2027-06-26 16:45:00,206.0,205.23015733814194,True
544,MLP,2027-06-26 16:50:00,205.0,210.94830234154514,True
544,MLP,2027-06-26 16:55:00,205.0,200.66122549383243,True
544,MLP,2027-06-26 17:00:00,205.0,203.72468877877563,True
544,MLP,2027-06-26 17:05:00,205.0,202.56566103717796,True
544,MLP,2027-06-26 17:10:00,204.0,202.54829484391064,True
544,MLP,2027-06-26 17:15:00,202.0,198.921629351497,True
544,MLP,2027-06-26 17:20:00,201.0,199.73039610108194,True
544,MLP,2027-06-26 17:25:00,202.0,202.57753340986307,True
544,MLP,2027-06-26 17:30:00,202.0,200.80430228985122,True
544,MLP,2027-06-26 17:35:00,199.0,201.16439792803422,True
544,MLP,2027-06-26 17:40:00,193.0,200.64002761880096,True
544,MLP,2027-06-26 17:45:00,192.0,199.34101703902738,True
544,MLP,2027-06-26 17:50:00,218.0,197.96406353495354,True
544,MLP,2027-06-26 17:55:00,213.0,199.94412522342998,True
544,MLP,2027-06-26 18:00:00,213.0,198.29291732876257,True
544,MLP,2027-06-26 18:05:00,214.0,218.6288597249447,True
544,MLP,2027-06-26 18:10:00,213.0,197.16252488889134,True
544,MLP,2027-06-26 18:15:00,215.0,200.28718551301495,True
544,MLP,2027-06-26 18:20:00,222.0,222.41814139065548,True
544,MLP,2027-06-26 18:25:00,229.0,208.4920242634109,True
544,MLP,2027-06-26 18:30:00,236.0,208.0445967582696,True
544,MLP,2027-06-26 18:35:00,237.0,203.62921497724906,True
544,MLP,2027-06-26 18:40:00,233.0,197.36918213514258,True
544,MLP,2027-06-26 18:45:00,237.0,203.4044457039125,True
544,MLP,2027-06-26 18:50:00,242.0,224.80614827150328,True
544,MLP,2027-06-26 18:55:00,248.0,244.78296455345134,True
544,MLP,2027-06-26 19:00:00,255.0,242.76878328506695,True
544,MLP,2027-06-26 19:05:00,267.0,229.09788917035925,True
544,MLP,2027-06-26 19:10:00,267.0,211.67293550777063,True
544,MLP,2027-06-26 19:15:00,264.0,243.21116918495528,True
544,MLP,2027-06-26 19:20:00,264.0,251.43681227555624,True
544,MLP,2027-06-26 19:25:00,263.0,254.0132511839849,True
544,MLP,2027-06-26 19:30:00,259.0,264.90168073348286,True
544,MLP,2027-06-26 19:35:00,252.0,286.2623003760991,True
544,MLP,2027-06-26 19:40:00,249.0,258.4843580279377,True
544,MLP,2027-06-26 19:45:00,249.0,247.8451767475058,True
544,MLP,2027-06-26 19:50:00,245.0,257.6348330446034,True
544,MLP,2027-06-26 19:55:00,240.0,250.80077923262309,True
544,MLP,2027-06-26 20:00:00,236.0,236.56028572693,True
544,MLP,2027-06-26 20:05:00,232.0,221.49495348505272,True
544,MLP,2027-06-26 20:10:00,229.0,228.0500087697169,True
544,MLP,2027-06-26 20:15:00,222.0,239.0193846053612,True
544,MLP,2027-06-26 20:20:00,215.0,222.7046216695272,True
544,MLP,2027-06-26 20:25:00,212.0,219.2801134720406,True
544,MLP,2027-06-26 20:30:00,211.0,215.69599942853776,True
544,MLP,2027-06-26 20:35:00,203.0,211.1621350035366,True
544,MLP,2027-06-26 20:40:00,207.0,213.1211159113426,True
544,MLP,2027-06-26 20:45:00,216.0,194.73689627058252,True
544,MLP,2027-06-26 20:50:00,211.0,190.22685787743455,True
544,MLP,2027-06-26 20:55:00,207.0,196.7527692315051,True
544,MLP,2027-06-26 21:00:00,208.0,215.80207100223714,True
544,MLP,2027-06-26 21:05:00,211.0,192.73358837267673,True
544,MLP,2027-06-26 21:10:00,215.0,207.68968284589067,True
544,MLP,2027-06-26 21:15:00,220.0,214.41453337810066,True
544,MLP,2027-06-26 21:20:00,216.0,198.5419212867994,True
544,MLP,2027-06-26 21:25:00,212.0,190.99268001652135,True
544,MLP,2027-06-26 21:30:00,214.0,202.72229436971926,True
544,MLP,2027-06-26 21:35:00,220.0,199.94725098623545,True
544,MLP,2027-06-26 21:40:00,226.0,206.29201442795335,True
544,MLP,2027-06-26 21:45:00,230.0,222.2545936149202,True
544,MLP,2027-06-26 21:50:00,235.0,197.3532674287932,True
544,MLP,2027-06-26 21:55:00,237.0,192.4084131620702,True
544,MLP,2027-06-26 22:00:00,233.0,218.1392921619961,True
544,MLP,2027-06-26 22:05:00,225.0,227.8612184549824,True
544,MLP,2027-06-26 22:10:00,217.0,238.09844064979418,True
544,MLP,2027-06-26 22:15:00,209.0,237.6544234179926,True
544,MLP,2027-06-26 22:20:00,193.0,244.9624995274112,True
544,MLP,2027-06-26 22:25:00,186.0,237.31458369457923,True
544,MLP,2027-06-26 22:30:00,181.0,223.6394312971365,True
544,MLP,2027-06-26 22:35:00,176.0,210.8035820333864,True
544,MLP,2027-06-26 22:40:00,172.0,200.38463591404806,True
544,MLP,2027-06-26 22:45:00,169.0,186.75900145475592,True
544,MLP,2027-06-26 22:50:00,170.0,155.7437741048681,True
544,MLP,2027-06-26 22:55:00,177.0,174.68342158267265,True
544,MLP,2027-06-26 23:00:00,171.0,167.1198906056844,True
544,MLP,2027-06-26 23:05:00,165.0,159.8605675001867,True
544,MLP,2027-06-26 23:10:00,163.0,157.02639654329337,True
544,MLP,2027-06-26 23:15:00,160.0,153.38570758892394,True
544,MLP,2027-06-26 23:20:00,156.0,163.0866894577044,True
544,MLP,2027-06-26 23:25:00,155.0,183.53628321209212,True
544,MLP,2027-06-26 23:30:00,153.0,153.4536714753659,True
544,MLP,2027-06-26 23:35:00,154.0,152.48749670404763,True
544,MLP,2027-06-26 23:40:00,154.0,158.897306819516,True
544,MLP,2027-06-26 23:45:00,155.0,144.85522417084817,True
544,MLP,2027-06-26 23:50:00,155.0,140.66264141664314,True
544,MLP,2027-06-26 23:55:00,156.0,148.98585968089935,True
544,MLP,2027-06-27 00:00:00,155.0,145.37909932208217,True
544,MLP,2027-06-27 00:05:00,154.0,152.96838737133672,True
544,MLP,2027-06-27 00:10:00,156.0,151.4194751735816,True
544,MLP,2027-06-27 00:15:00,160.0,160.18955612422167,True
544,MLP,2027-06-27 00:20:00,160.0,156.33879100142755,True
544,MLP,2027-06-27 00:25:00,161.0,159.91143200127001,True
544,MLP,2027-06-27 00:30:00,161.0,151.64117340401984,True
544,MLP,2027-06-27 00:35:00,161.0,153.65195052069598,True
544,MLP,2027-06-27 00:40:00,162.0,159.72360722331567,True
544,MLP,2027-06-27 00:45:00,162.0,166.3468461121138,True
544,MLP,2027-06-27 00:50:00,163.0,160.47734638062545,True
544,MLP,2027-06-27 00:55:00,164.0,166.14400969343674,True
544,MLP,2027-06-27 01:00:00,165.0,162.63007005945107,True
544,MLP,2027-06-27 01:05:00,165.0,163.31065088930706,True
544,MLP,2027-06-27 01:10:00,165.0,166.54241420849064,True
544,MLP,2027-06-27 01:15:00,165.0,163.23747681530696,True
544,MLP,2027-06-27 01:20:00,165.0,168.6436967672461,True
544,MLP,2027-06-27 01:25:00,162.0,168.1967222887827,True
544,MLP,2027-06-27 01:30:00,160.0,169.2389744953866,True
544,MLP,2027-06-27 01:35:00,156.0,167.40836853798504,True
544,MLP,2027-06-27 01:40:00,150.0,167.96881462464316,True
544,MLP,2027-06-27 01:45:00,148.0,167.92109907929282,True
544,MLP,2027-06-27 01:50:00,146.0,167.45276550636495,True
544,MLP,2027-06-27 01:55:00,146.0,158.3958133273088,True
544,MLP,2027-06-27 02:00:00,147.0,158.3111410399336,True
544,MLP,2027-06-27 02:05:00,145.0,149.0606290128318,True
544,MLP,2027-06-27 02:10:00,144.0,143.58191976390992,True
544,MLP,2027-06-27 02:15:00,142.0,147.5540653835582,True
544,MLP,2027-06-27 02:20:00,141.0,143.7818780058373,True
544,MLP,2027-06-27 02:25:00,139.0,147.4935363733085,True
544,MLP,2027-06-27 02:30:00,138.0,147.55717030364747,True
544,MLP,2027-06-27 02:35:00,137.0,140.07726925319938,True
544,MLP,2027-06-27 02:40:00,136.0,141.03935440289098,True
544,MLP,2027-06-27 02:45:00,136.0,135.6845983159766,True
544,MLP,2027-06-27 02:50:00,135.0,137.10953415044773,True
544,MLP,2027-06-27 02:55:00,132.0,132.58251358641317,True
544,MLP,2027-06-27 03:00:00,130.0,133.66496296495617,True
544,MLP,2027-06-27 03:05:00,128.0,132.3525085352439,True
544,MLP,2027-06-27 03:10:00,127.0,132.06504791260048,True
544,MLP,2027-06-27 03:15:00,126.0,134.5783611230309,True
544,MLP,2027-06-27 03:20:00,130.0,131.39229246285512,True
544,MLP,2027-06-27 03:25:00,130.0,125.94115901049439,True
544,MLP,2027-06-27 03:30:00,128.0,125.55950926763803,True
544,MLP,2027-06-27 03:35:00,126.0,122.20699088453983,True
544,MLP,2027-06-27 03:40:00,126.0,123.53786213335691,True
544,MLP,2027-06-27 03:45:00,125.0,121.71498286209068,True
544,MLP,2027-06-27 03:50:00,122.0,130.3746863625224,True
544,MLP,2027-06-27 03:55:00,117.0,128.5094670395623,True
544,MLP,2027-06-27 04:00:00,116.0,124.56593415246165,True
544,MLP,2027-06-27 04:05:00,115.0,121.36177645899751,True
544,MLP,2027-06-27 04:10:00,114.0,127.31851664766535,True
544,MLP,2027-06-27 04:15:00,114.0,120.6113643641364,True
544,MLP,2027-06-27 04:20:00,117.0,114.57146775291132,True
544,MLP,2027-06-27 04:25:00,119.0,109.37431915939185,True
544,MLP,2027-06-27 04:30:00,120.0,115.79925697682576,True
544,MLP,2027-06-27 04:35:00,116.0,111.79443508131475,True
544,MLP,2027-06-27 04:40:00,109.0,110.23017689698311,True
544,MLP,2027-06-27 04:45:00,107.0,112.54460295684265,True
544,MLP,2027-06-27 04:50:00,106.0,121.64084941496975,True
544,MLP,2027-06-27 04:55:00,105.0,121.48186069460128,True
544,MLP,2027-06-27 05:00:00,104.0,121.1130691899444,True
544,MLP,2027-06-27 05:05:00,104.0,111.0450203123314,True
544,MLP,2027-06-27 05:10:00,103.0,104.31551918152645,True
544,MLP,2027-06-27 05:15:00,103.0,106.76597962189396,True
544,MLP,2027-06-27 05:20:00,103.0,103.00859609920029,True
544,MLP,2027-06-27 05:25:00,109.0,102.67610660804374,True
544,MLP,2027-06-27 05:30:00,110.0,102.24150078186632,True
544,MLP,2027-06-27 05:35:00,110.0,102.14065465107309,True
544,MLP,2027-06-27 05:40:00,110.0,98.09518752918775,True
544,MLP,2027-06-27 05:45:00,105.0,102.32201688823349,True
544,MLP,2027-06-27 05:50:00,100.0,103.25844546304776,True
544,MLP,2027-06-27 05:55:00,98.0,122.47211094191144,True
544,MLP,2027-06-27 06:00:00,97.0,110.9190497201806,True
544,MLP,2027-06-27 06:05:00,96.0,108.41556595437515,True
544,MLP,2027-06-27 06:10:00,99.0,109.26962742237583,True
544,MLP,2027-06-27 06:15:00,102.0,101.39681676000957,True
544,MLP,2027-06-27 06:20:00,104.0,94.95306956058542,True
544,MLP,2027-06-27 06:25:00,106.0,98.45981156834273,True
544,MLP,2027-06-27 06:30:00,107.0,97.5193846686232,True
544,MLP,2027-06-27 06:35:00,105.0,96.58921795204621,True
544,MLP,2027-06-27 06:40:00,107.0,108.21957912541056,True
544,MLP,2027-06-27 06:45:00,109.0,108.96382051445404,True
544,MLP,2027-06-27 06:50:00,108.0,111.78692990785757,True
544,MLP,2027-06-27 06:55:00,107.0,115.91306846099528,True
544,MLP,2027-06-27 07:00:00,106.0,111.14672534542323,True
544,MLP,2027-06-27 07:05:00,106.0,102.31300790654011,True
544,MLP,2027-06-27 07:10:00,104.0,114.17724756756364,True
544,MLP,2027-06-27 07:15:00,101.0,115.22708668877,True
544,MLP,2027-06-27 07:20:00,101.0,108.23969164161689,True
544,MLP,2027-06-27 07:25:00,101.0,106.66746573256022,True
544,MLP,2027-06-27 07:30:00,101.0,105.74390700014713,True
544,MLP,2027-06-27 07:35:00,101.0,109.24435823239538,True
544,MLP,2027-06-27 07:40:00,102.0,102.3122180062437,True
544,MLP,2027-06-27 07:45:00,101.0,98.21021727342689,True
544,MLP,2027-06-27 07:50:00,101.0,105.308935835208,True
544,MLP,2027-06-27 07:55:00,100.0,102.58341498803733,True
544,MLP,2027-06-27 08:00:00,100.0,104.1513038536434,True
544,MLP,2027-06-27 08:05:00,100.0,104.08829392905159,True
544,MLP,2027-06-27 08:10:00,104.0,108.09580808282688,True
544,MLP,2027-06-27 08:15:00,106.0,100.76331438159504,True
544,MLP,2027-06-27 08:20:00,110.0,103.85381322031346,True
544,MLP,2027-06-27 08:25:00,118.0,100.146349957732,True
544,MLP,2027-06-27 08:30:00,126.0,103.50113377348107,True
544,MLP,2027-06-27 08:35:00,136.0,102.03096594754143,True
544,MLP,2027-06-27 08:40:00,140.0,120.12647431706334,True
544,MLP,2027-06-27 08:45:00,146.0,115.90238944632851,True
544,MLP,2027-06-27 08:50:00,149.0,130.8352537985992,True
544,MLP,2027-06-27 08:55:00,150.0,176.3593842769964,True
544,MLP,2027-06-27 09:00:00,154.0,165.28440224435784,True
544,MLP,2027-06-27 09:05:00,159.0,182.50080613580528,True
544,MLP,2027-06-27 09:10:00,167.0,163.03893001513734,True
544,MLP,2027-06-27 09:15:00,178.0,168.93039894123686,True
544,MLP,2027-06-27 09:20:00,191.0,153.23453725712912,True
544,MLP,2027-06-27 09:25:00,206.0,142.97318109269634,True
544,MLP,2027-06-27 09:30:00,212.0,159.13167059932914,True
544,MLP,2027-06-27 09:35:00,215.0,162.66106794470713,True
544,MLP,2027-06-27 09:40:00,216.0,176.19865169319783,True
544,MLP,2027-06-27 09:45:00,218.0,194.7176156118788,True
544,MLP,2027-06-27 09:50:00,218.0,211.7749122079487,True
544,MLP,2027-06-27 09:55:00,211.0,232.7315938796535,True
544,MLP,2027-06-27 10:00:00,202.0,217.11220723087777,True
544,MLP,2027-06-27 10:05:00,198.0,219.89895384295986,True
544,MLP,2027-06-27 10:10:00,196.0,213.32276198838886,True
544,MLP,2027-06-27 10:15:00,195.0,219.5459828158902,True
544,MLP,2027-06-27 10:20:00,197.0,207.2753513517798,True
544,MLP,2027-06-27 10:25:00,199.0,184.6725895806083,True
544,MLP,2027-06-27 10:30:00,199.0,166.5236382413611,True
544,MLP,2027-06-27 10:35:00,197.0,172.12064453021256,True
544,MLP,2027-06-27 10:40:00,193.0,172.24433439693635,True
544,MLP,2027-06-27 10:45:00,185.0,172.01215075297594,True
544,MLP,2027-06-27 10:50:00,180.0,182.04694239498775,True
544,MLP,2027-06-27 10:55:00,171.0,187.8356581818897,True
544,MLP,2027-06-27 11:00:00,173.0,189.085136598868,True
544,MLP,2027-06-27 11:05:00,170.0,183.87276411711187,True
544,MLP,2027-06-27 11:10:00,166.0,174.81201644264584,True
544,MLP,2027-06-27 11:15:00,164.0,163.30476843440206,True
544,MLP,2027-06-27 11:20:00,158.0,160.5968148369295,True
544,MLP,2027-06-27 11:25:00,148.0,142.02914000661048,True
544,MLP,2027-06-27 11:30:00,144.0,165.1144909364756,True
544,MLP,2027-06-27 11:35:00,147.0,149.8633172504834,True
544,MLP,2027-06-27 11:40:00,145.0,148.05986364074786,True
544,MLP,2027-06-27 11:45:00,141.0,147.9081981009463,True
544,MLP,2027-06-27 11:50:00,140.0,136.25406525857653,True
544,MLP,2027-06-27 11:55:00,139.0,123.95465975850011,True
544,MLP,2027-06-27 12:00:00,142.0,157.50380442720646,True
544,MLP,2027-06-27 12:05:00,147.0,175.5474644006769,True
544,MLP,2027-06-27 12:10:00,150.0,155.9587848700542,True
544,MLP,2027-06-27 12:15:00,153.0,148.94565571169497,True
544,MLP,2027-06-27 12:20:00,159.0,139.06571566634696,True
544,MLP,2027-06-27 12:25:00,165.0,143.94261656428156,True
544,MLP,2027-06-27 12:30:00,168.0,164.91338127078012,True
544,MLP,2027-06-27 12:35:00,175.0,164.27120603090148,True
544,MLP,2027-06-27 12:40:00,180.0,157.1810913226403,True
544,MLP,2027-06-27 12:45:00,186.0,159.38552828755974,True
544,MLP,2027-06-27 12:50:00,199.0,173.77980755409496,True
544,MLP,2027-06-27 12:55:00,208.0,176.87191140307377,True
544,MLP,2027-06-27 13:00:00,216.0,174.45320491677978,True
544,MLP,2027-06-27 13:05:00,220.0,199.51889388393468,True
544,MLP,2027-06-27 13:10:00,220.0,191.9973066982026,True
544,MLP,2027-06-27 13:15:00,214.0,202.5155185692419,True
544,MLP,2027-06-27 13:20:00,211.0,230.3619875949726,True
544,MLP,2027-06-27 13:25:00,214.0,228.04204034122955,True
544,MLP,2027-06-27 13:30:00,211.0,237.91759183414493,True
544,MLP,2027-06-27 13:35:00,204.0,228.20857096438007,True
544,MLP,2027-06-27 13:40:00,199.0,215.8166520758067,True
544,MLP,2027-06-27 13:45:00,195.0,195.1301883364707,True
544,MLP,2027-06-27 13:50:00,196.0,204.26561265724294,True
544,MLP,2027-06-27 13:55:00,199.0,218.34673274332837,True
544,MLP,2027-06-27 14:00:00,203.0,194.1769485937486,True
544,MLP,2027-06-27 14:05:00,209.0,183.6476716832471,True
544,MLP,2027-06-27 14:10:00,214.0,182.42802630695033,True
544,MLP,2027-06-27 14:15:00,221.0,176.60218185571475,True
544,MLP,2027-06-27 14:20:00,226.0,196.29862704956642,True
544,MLP,2027-06-27 14:25:00,229.0,197.8282463851973,True
544,MLP,2027-06-27 14:30:00,227.0,204.19644112547758,True
544,MLP,2027-06-27 14:35:00,220.0,216.68232609058376,True
544,MLP,2027-06-27 14:40:00,212.0,221.0330636962955,True
544,MLP,2027-06-27 14:45:00,208.0,237.43421296351912,True
544,MLP,2027-06-27 14:50:00,205.0,235.7400838115363,True
544,MLP,2027-06-27 14:55:00,201.0,237.82724710096124,True
544,MLP,2027-06-27 15:00:00,203.0,218.5339789972571,True
544,MLP,2027-06-27 15:05:00,206.0,202.8938913107152,True
544,MLP,2027-06-27 15:10:00,203.0,194.6587220167668,True
544,MLP,2027-06-27 15:15:00,195.0,201.40333655654402,True
544,MLP,2027-06-27 15:20:00,198.0,194.92314192117948,True
544,MLP,2027-06-27 15:25:00,200.0,185.7000336325494,True
544,MLP,2027-06-27 15:30:00,198.0,196.16463689065492,True
544,MLP,2027-06-27 15:35:00,198.0,200.13850010720643,True
544,MLP,2027-06-27 15:40:00,205.0,192.64874462841007,True
544,MLP,2027-06-27 15:45:00,210.0,179.99888409119453,True
544,MLP,2027-06-27 15:50:00,212.0,199.05957508519768,True
544,MLP,2027-06-27 15:55:00,211.0,195.87146108142483,True
544,MLP,2027-06-27 16:00:00,208.0,189.06851057967603,True
544,MLP,2027-06-27 16:05:00,205.0,194.29800612176206,True
544,MLP,2027-06-27 16:10:00,201.0,216.11028541118685,True
544,MLP,2027-06-27 16:15:00,196.0,218.2248335779023,True
544,MLP,2027-06-27 16:20:00,189.0,217.25424376068173,True
544,MLP,2027-06-27 16:25:00,188.0,212.6624695850851,True
544,MLP,2027-06-27 16:30:00,193.0,209.6428671480808,True
544,MLP,2027-06-27 16:35:00,193.0,202.22968810275043,True
544,MLP,2027-06-27 16:40:00,189.0,192.32582063716617,True
544,MLP,2027-06-27 16:45:00,185.0,186.99620121967112,True
544,MLP,2027-06-27 16:50:00,183.0,176.52286499231568,True
544,MLP,2027-06-27 16:55:00,182.0,184.79212642370058,True
544,MLP,2027-06-27 17:00:00,181.0,193.14538516018794,True
544,MLP,2027-06-27 17:05:00,181.0,185.3936196281356,True
544,MLP,2027-06-27 17:10:00,181.0,182.98372672657652,True
544,MLP,2027-06-27 17:15:00,180.0,179.27071706088898,True
544,MLP,2027-06-27 17:20:00,179.0,178.16326597429563,True
544,MLP,2027-06-27 17:25:00,179.0,175.05415345927705,True
544,MLP,2027-06-27 17:30:00,177.0,174.08050962432245,True
544,MLP,2027-06-27 17:35:00,174.0,179.5007769889564,True
544,MLP,2027-06-27 17:40:00,170.0,178.74044062353252,True
544,MLP,2027-06-27 17:45:00,172.0,175.41007796180637,True
544,MLP,2027-06-27 17:50:00,172.0,174.29395732525543,True
544,MLP,2027-06-27 17:55:00,170.0,178.66939527555473,True
544,MLP,2027-06-27 18:00:00,167.0,173.40672347397228,True
544,MLP,2027-06-27 18:05:00,167.0,167.6158227530546,True
544,MLP,2027-06-27 18:10:00,169.0,189.2097874511812,True
544,MLP,2027-06-27 18:15:00,168.0,198.8529699272578,True
544,MLP,2027-06-27 18:20:00,165.0,183.04361357644493,True
544,MLP,2027-06-27 18:25:00,169.0,176.0576164889721,True
544,MLP,2027-06-27 18:30:00,169.0,160.01943581904868,True
544,MLP,2027-06-27 18:35:00,169.0,169.39443144978944,True
544,MLP,2027-06-27 18:40:00,169.0,175.26907024904787,True
544,MLP,2027-06-27 18:45:00,169.0,151.5411120398996,True
544,MLP,2027-06-27 18:50:00,169.0,140.62036942341666,True
544,MLP,2027-06-27 18:55:00,169.0,170.32545218801621,True
544,MLP,2027-06-27 19:00:00,169.0,156.0057231551141,True
544,MLP,2027-06-28 23:20:00,160.0,160.33180349167722,False
544,MLP,2027-06-28 23:25:00,158.0,160.04463398115044,False
544,MLP,2027-06-28 23:30:00,156.0,160.29553285081647,False
544,MLP,2027-06-28 23:35:00,151.0,160.7929640225398,False
544,MLP,2027-06-28 23:40:00,147.0,161.3036598401475,False
544,MLP,2027-06-28 23:45:00,144.0,161.50810934270956,False
544,MLP,2027-06-28 23:50:00,143.0,162.9491215035048,True
544,MLP,2027-06-28 23:55:00,140.0,155.79635920314678,True
544,MLP,2027-06-29 00:00:00,136.0,152.56087374416464,True
544,MLP,2027-06-29 00:05:00,135.0,139.9848940836354,True
544,MLP,2027-06-29 00:10:00,139.0,137.53946301414246,True
544,MLP,2027-06-29 00:15:00,144.0,135.4568999465423,True
544,MLP,2027-06-29 00:20:00,141.0,137.4646746949746,True
544,MLP,2027-06-29 00:25:00,139.0,130.15282905329767,True
544,MLP,2027-06-29 00:30:00,137.0,122.9578884156271,True
544,MLP,2027-06-29 00:35:00,136.0,127.90286253777508,True
544,MLP,2027-06-29 00:40:00,136.0,137.86702692558848,True
544,MLP,2027-06-29 00:45:00,136.0,149.58999128070366,True
544,MLP,2027-06-29 00:50:00,136.0,135.13607668519396,True
544,MLP,2027-06-29 00:55:00,137.0,134.07905167405903,True
544,MLP,2027-06-29 01:00:00,137.0,129.55221554460215,True
544,MLP,2027-06-29 01:05:00,137.0,130.88034338243634,True
544,MLP,2027-06-29 01:10:00,136.0,132.3382396050019,True
544,MLP,2027-06-29 01:15:00,135.0,134.03563809470123,True
544,MLP,2027-06-29 01:20:00,134.0,135.11872965342283,True
544,MLP,2027-06-29 01:25:00,133.0,139.21915200298176,True
544,MLP,2027-06-29 01:30:00,133.0,136.9800133231175,True
544,MLP,2027-06-29 01:35:00,131.0,140.16619561988932,True
544,MLP,2027-06-29 01:40:00,130.0,135.18126697744842,True
544,MLP,2027-06-29 01:45:00,135.0,132.9546919022893,True
544,MLP,2027-06-29 01:50:00,139.0,131.2931944731063,True
544,MLP,2027-06-29 01:55:00,140.0,129.55887295807705,True
544,MLP,2027-06-29 02:00:00,150.0,131.75192598610974,True
544,MLP,2027-06-29 02:05:00,161.0,125.49389362389309,True
544,MLP,2027-06-29 02:10:00,156.0,127.2087076215469,True
544,MLP,2027-06-29 02:15:00,147.0,135.6103536922254,True
544,MLP,2027-06-29 02:20:00,137.0,143.37694171495525,True
544,MLP,2027-06-29 02:25:00,127.0,141.74282282953183,True
544,MLP,2027-06-29 02:30:00,118.0,164.29376798791694,True
544,MLP,2027-06-29 02:35:00,111.0,175.42985062976499,True
544,MLP,2027-06-29 02:40:00,105.0,149.47965575737922,True
544,MLP,2027-06-29 02:45:00,100.0,139.57274609724524,True
544,MLP,2027-06-29 02:50:00,99.0,136.00310755181758,True
544,MLP,2027-06-29 02:55:00,100.0,120.64542372273623,True
544,MLP,2027-06-29 03:00:00,99.0,106.3467666357008,True
544,MLP,2027-06-29 03:05:00,97.0,106.74299665656916,True
544,MLP,2027-06-29 03:10:00,99.0,93.8689396688045,True
544,MLP,2027-06-29 03:15:00,119.0,92.18273485521762,True
544,MLP,2027-06-29 03:20:00,144.0,104.63691324416642,True
544,MLP,2027-06-29 03:25:00,134.0,106.12415976545262,True
544,MLP,2027-06-29 03:30:00,132.0,100.43898989155889,True
544,MLP,2027-06-29 03:35:00,121.0,94.60947977848808,True
544,MLP,2027-06-29 03:40:00,118.0,104.5869730762284,True
544,MLP,2027-06-29 03:45:00,127.0,142.28985285207014,True
544,MLP,2027-06-29 03:50:00,127.0,157.83849577378257,True
544,MLP,2027-06-29 03:55:00,121.0,105.34018818643341,True
544,MLP,2027-06-29 04:00:00,113.0,128.62628194903564,True
544,MLP,2027-06-29 04:05:00,105.0,112.31028913021139,True
544,MLP,2027-06-29 04:10:00,100.0,135.30906239757508,True
544,MLP,2027-06-29 04:15:00,94.0,141.53790210491232,True
544,MLP,2027-06-29 04:20:00,87.0,127.51855860832937,True
544,MLP,2027-06-29 04:25:00,81.0,126.05293030626514,True
544,MLP,2027-06-29 04:30:00,77.0,109.52509110364863,True
544,MLP,2027-06-29 04:35:00,74.0,103.81689931577979,True
544,MLP,2027-06-29 04:40:00,73.0,108.84600956194576,True
544,MLP,2027-06-29 04:45:00,73.0,92.98260096134561,True
544,MLP,2027-06-29 04:50:00,73.0,87.97533329198963,True
544,MLP,2027-06-29 04:55:00,79.0,72.62940947039716,True
544,MLP,2027-06-29 05:00:00,81.0,73.2181288494261,True
544,MLP,2027-06-29 05:05:00,81.0,75.10881377603936,True
544,MLP,2027-06-29 05:10:00,80.0,78.95795431977763,True
544,MLP,2027-06-29 05:15:00,79.0,80.01075232577723,True
544,MLP,2027-06-29 05:20:00,72.0,75.4982097357897,True
544,MLP,2027-06-29 05:25:00,76.0,99.50004419256139,True
544,MLP,2027-06-29 05:30:00,85.0,86.68991029774445,True
544,MLP,2027-06-29 05:35:00,86.0,81.63704778366323,True
544,MLP,2027-06-29 05:40:00,83.0,77.31717031142585,True
544,MLP,2027-06-29 05:45:00,81.0,77.47268327390937,True
544,MLP,2027-06-29 05:50:00,80.0,73.48405658844105,True
544,MLP,2027-06-29 05:55:00,77.0,95.38546223887975,True
544,MLP,2027-06-29 06:00:00,74.0,108.89758911516505,True
544,MLP,2027-06-29 06:05:00,74.0,94.90974403122034,True
544,MLP,2027-06-29 06:10:00,79.0,86.24253047788373,True
544,MLP,2027-06-29 06:15:00,84.0,83.24530160224914,True
544,MLP,2027-06-29 06:20:00,90.0,85.92629078101201,True
544,MLP,2027-06-29 06:25:00,97.0,78.61627898767024,True
544,MLP,2027-06-29 06:30:00,98.0,75.61690209035258,True
544,MLP,2027-06-29 06:35:00,101.0,80.89265878677094,True
544,MLP,2027-06-29 06:40:00,105.0,97.21038796523098,True
544,MLP,2027-06-29 06:45:00,116.0,100.33578903548275,True
544,MLP,2027-06-29 06:50:00,116.0,113.54977113860842,True
544,MLP,2027-06-29 06:55:00,116.0,125.1605594907244,True
544,MLP,2027-06-29 07:00:00,116.0,106.43153656843248,True
544,MLP,2027-06-29 07:05:00,116.0,114.73424061597215,True
544,MLP,2027-06-29 07:10:00,143.0,121.16382257736778,True
544,MLP,2027-06-29 07:15:00,143.0,151.3810980212761,True
544,MLP,2027-06-29 07:20:00,148.0,124.29267491726411,True
544,MLP,2027-06-29 07:25:00,156.0,136.44075265416998,True
544,MLP,2027-06-29 07:30:00,166.0,138.63326363864434,True
544,MLP,2027-06-29 07:35:00,179.0,135.3605187375134,True
544,MLP,2027-06-29 07:40:00,190.0,172.87058350287157,True
544,MLP,2027-06-29 07:45:00,198.0,152.0239974133257,True
544,MLP,2027-06-29 07:50:00,205.0,165.58933697207397,True
544,MLP,2027-06-29 07:55:00,211.0,176.39597944702854,True
544,MLP,2027-06-29 08:00:00,219.0,186.54409911708817,True
544,MLP,2027-06-29 08:05:00,224.0,201.20967778687387,True
544,MLP,2027-06-29 08:10:00,230.0,205.79080870155036,True
544,MLP,2027-06-29 08:15:00,232.0,205.66615313731305,True
544,MLP,2027-06-29 08:20:00,226.0,211.57122210668305,True
544,MLP,2027-06-29 08:25:00,220.0,220.58555369123283,True
544,MLP,2027-06-29 08:30:00,222.0,230.98744502505215,True
544,MLP,2027-06-29 08:35:00,225.0,237.35095551882117,True
544,MLP,2027-06-29 08:40:00,225.0,247.72017799401735,True
544,MLP,2027-06-29 08:45:00,220.0,230.45106416700585,True
544,MLP,2027-06-29 08:50:00,218.0,207.05361231274307,True
544,MLP,2027-06-29 08:55:00,214.0,192.41677770981812,True
544,MLP,2027-06-29 09:00:00,211.0,219.95657087394753,True
544,MLP,2027-06-29 09:05:00,205.0,220.1619700329218,True
544,MLP,2027-06-29 09:10:00,198.0,212.9303261397221,True
544,MLP,2027-06-29 09:15:00,191.0,200.87129916115327,True
544,MLP,2027-06-29 09:20:00,187.0,205.25605143864036,True
544,MLP,2027-06-29 09:25:00,181.0,193.75067740336348,True
544,MLP,2027-06-29 09:30:00,180.0,197.64971465024016,True
544,MLP,2027-06-29 09:35:00,178.0,183.0998776854763,True
544,MLP,2027-06-29 09:40:00,174.0,173.98233418861946,True
544,MLP,2027-06-29 09:45:00,170.0,164.0307319179245,True
544,MLP,2027-06-29 09:50:00,167.0,161.28126398417675,True
544,MLP,2027-06-29 09:55:00,168.0,149.9493543855478,True
544,MLP,2027-06-29 10:00:00,168.0,163.66800127731116,True
544,MLP,2027-06-29 10:05:00,164.0,158.27197900443392,True
544,MLP,2027-06-29 10:10:00,158.0,151.63772643782173,True
544,MLP,2027-06-29 10:15:00,151.0,147.26531844362924,True
544,MLP,2027-06-29 10:20:00,147.0,147.365872957088,True
544,MLP,2027-06-29 10:25:00,145.0,159.54317412457956,True
544,MLP,2027-06-29 10:30:00,146.0,155.66705957331155,True
544,MLP,2027-06-29 10:35:00,147.0,146.565502994132,True
544,MLP,2027-06-29 10:40:00,144.0,140.47646700814997,True
544,MLP,2027-06-29 10:45:00,143.0,130.27063760690376,True
544,MLP,2027-06-29 10:50:00,145.0,132.05402994757304,True
544,MLP,2027-06-29 10:55:00,151.0,132.3102097978071,True
544,MLP,2027-06-29 11:00:00,156.0,142.8869261857491,True
544,MLP,2027-06-29 11:05:00,153.0,143.7474873491048,True
544,MLP,2027-06-29 11:10:00,160.0,131.179711463144,True
544,MLP,2027-06-29 11:15:00,167.0,136.38004970702292,True
544,MLP,2027-06-29 11:20:00,166.0,145.8319475813842,True
544,MLP,2027-06-29 11:25:00,156.0,164.17508219069177,True
544,MLP,2027-06-29 11:30:00,149.0,167.8794953363503,True
544,MLP,2027-06-29 11:35:00,144.0,146.94498861700475,True
544,MLP,2027-06-29 11:40:00,141.0,186.46368001057337,True
544,MLP,2027-06-29 11:45:00,140.0,188.7099674354188,True
544,MLP,2027-06-29 11:50:00,134.0,166.12477286236938,True
544,MLP,2027-06-29 11:55:00,130.0,151.25640489129344,True
544,MLP,2027-06-29 12:00:00,126.0,146.81052240379418,True
544,MLP,2027-06-29 12:05:00,123.0,137.4035824093988,True
544,MLP,2027-06-29 12:10:00,124.0,136.6360314781827,True
544,MLP,2027-06-29 12:15:00,124.0,137.77934228207474,True
544,MLP,2027-06-29 12:20:00,125.0,123.63256384991955,True
544,MLP,2027-06-29 12:25:00,124.0,123.63741894070628,True
544,MLP,2027-06-29 12:30:00,120.0,115.33155258513214,True
544,MLP,2027-06-29 12:35:00,117.0,125.45879177109724,True
544,MLP,2027-06-29 12:40:00,116.0,150.31236840778655,True
544,MLP,2027-06-29 12:45:00,117.0,144.29274919930614,True
544,MLP,2027-06-29 12:50:00,120.0,152.1366668479392,True
544,MLP,2027-06-29 12:55:00,122.0,132.4222458575421,True
544,MLP,2027-06-29 13:00:00,126.0,127.97479270900183,True
544,MLP,2027-06-29 13:05:00,131.0,125.2940802859355,True
544,MLP,2027-06-29 13:10:00,137.0,127.4462614328042,True
544,MLP,2027-06-29 13:15:00,153.0,130.52013660611723,True
544,MLP,2027-06-29 13:20:00,163.0,134.1796035376518,True
544,MLP,2027-06-29 13:25:00,169.0,133.24371685566294,True
544,MLP,2027-06-29 13:30:00,175.0,142.0775986156174,True
544,MLP,2027-06-29 13:35:00,182.0,146.73003890925114,True
544,MLP,2027-06-29 13:40:00,185.0,158.40893921462745,True
544,MLP,2027-06-29 13:45:00,187.0,188.79366011193136,True
544,MLP,2027-06-29 13:50:00,183.0,182.44017187645747,True
544,MLP,2027-06-29 13:55:00,182.0,178.97881778726537,True
544,MLP,2027-06-29 14:00:00,188.0,190.5348877831947,True
544,MLP,2027-06-29 14:05:00,191.0,206.6572578505437,True
544,MLP,2027-06-29 14:10:00,190.0,193.53729995208633,True
544,MLP,2027-06-29 14:15:00,188.0,193.6674592258081,True
544,MLP,2027-06-29 14:20:00,185.0,170.08256026222676,True
544,MLP,2027-06-29 14:25:00,182.0,180.07401090264247,True
544,MLP,2027-06-29 14:30:00,180.0,206.75150769369893,True
544,MLP,2027-06-29 14:35:00,178.0,196.17020182754774,True
544,MLP,2027-06-29 14:40:00,177.0,186.08201633536572,True
544,MLP,2027-06-29 14:45:00,177.0,181.81676480189438,True
544,MLP,2027-06-29 14:50:00,178.0,177.48233015367012,True
544,MLP,2027-06-29 14:55:00,177.0,176.51072655298,True
544,MLP,2027-06-29 15:00:00,183.0,174.06865207419128,True
544,MLP,2027-06-29 15:05:00,185.0,171.206380877616,True
544,MLP,2027-06-29 15:10:00,186.0,171.30202228530393,True
544,MLP,2027-06-29 15:15:00,184.0,169.72238540385518,True
544,MLP,2027-06-29 15:20:00,182.0,172.76407685948797,True
544,MLP,2027-06-29 15:25:00,181.0,171.3371344178813,True
544,MLP,2027-06-29 15:30:00,179.0,197.54112758603665,True
544,MLP,2027-06-29 15:35:00,174.0,188.58279124465636,True
544,MLP,2027-06-29 15:40:00,170.0,191.65643945240237,True
544,MLP,2027-06-29 15:45:00,167.0,181.98310930667557,True
544,MLP,2027-06-29 15:50:00,163.0,179.14413314553585,True
544,MLP,2027-06-29 15:55:00,160.0,177.9733925660176,True
544,MLP,2027-06-29 16:00:00,158.0,172.2242875678514,True
544,MLP,2027-06-29 16:05:00,151.0,163.1374313389624,True
544,MLP,2027-06-29 16:10:00,146.0,160.98397740898312,True
544,MLP,2027-06-29 16:15:00,140.0,155.86634418951706,True
544,MLP,2027-06-29 16:20:00,132.0,150.22203147792797,True
544,MLP,2027-06-29 16:25:00,130.0,149.9099547473742,True
544,MLP,2027-06-29 16:30:00,124.0,149.82200556797406,True
544,MLP,2027-06-29 16:35:00,118.0,133.26179651257505,True
544,MLP,2027-06-29 16:40:00,114.0,132.8237923230875,True
544,MLP,2027-06-29 16:45:00,108.0,119.50028141257376,True
544,MLP,2027-06-29 16:50:00,102.0,130.29128543109488,True
544,MLP,2027-06-29 16:55:00,98.0,147.5686191372285,True
544,MLP,2027-06-29 17:00:00,95.0,126.82300144195165,True
544,MLP,2027-06-29 17:05:00,93.0,112.94609150512338,True
544,MLP,2027-06-29 17:10:00,94.0,102.24847563676109,True
544,MLP,2027-06-29 17:15:00,94.0,93.33516950820946,True
544,MLP,2027-06-29 17:20:00,100.0,80.12940691545599,True
544,MLP,2027-06-29 17:25:00,105.0,92.43463454817879,True
544,MLP,2027-06-29 17:30:00,116.0,94.2334117542453,True
544,MLP,2027-06-29 17:35:00,128.0,84.17186168697016,True
544,MLP,2027-06-29 17:40:00,141.0,95.99068084983828,True
544,MLP,2027-06-29 17:45:00,150.0,88.4314840095407,True
544,MLP,2027-06-29 17:50:00,158.0,121.11959510825484,True
544,MLP,2027-06-29 17:55:00,163.0,114.76656686401746,True
544,MLP,2027-06-29 18:00:00,164.0,142.1636335719064,True
544,MLP,2027-06-29 18:05:00,174.0,152.0989435972792,True
544,MLP,2027-06-29 18:10:00,183.0,166.7673572194606,True
544,MLP,2027-06-29 18:15:00,187.0,156.24474588429158,True
544,MLP,2027-06-29 18:20:00,189.0,166.2135817264511,True
544,MLP,2027-06-29 18:25:00,191.0,166.49460375348215,True
544,MLP,2027-06-29 18:30:00,192.0,154.38305905691087,True
544,MLP,2027-06-29 18:35:00,198.0,195.41707183692145,True
544,MLP,2027-06-29 18:40:00,199.0,201.1904496100107,True
544,MLP,2027-06-29 18:45:00,192.0,194.04758416190683,True
544,MLP,2027-06-29 18:50:00,186.0,193.43784119805488,True
544,MLP,2027-06-29 18:55:00,187.0,193.06635050236335,True
544,MLP,2027-06-29 19:00:00,191.0,190.5906806507828,True
544,MLP,2027-06-29 19:05:00,184.0,214.6574742755282,True
544,MLP,2027-06-29 19:10:00,176.0,200.30002279057788,True
544,MLP,2027-06-29 19:15:00,173.0,184.43386998551253,True
544,MLP,2027-06-29 19:20:00,173.0,171.62019788832038,True
544,MLP,2027-06-29 19:25:00,172.0,186.46856566823476,True
544,MLP,2027-06-29 19:30:00,172.0,203.22667700150478,True
544,MLP,2027-06-29 19:35:00,171.0,176.93153523000854,True
544,MLP,2027-06-29 19:40:00,169.0,163.33575412280535,True
544,MLP,2027-06-29 19:45:00,167.0,162.13797424646106,True
544,MLP,2027-06-29 19:50:00,168.0,173.58721886212783,True
544,MLP,2027-06-29 19:55:00,167.0,171.07808163773925,True
544,MLP,2027-06-29 20:00:00,169.0,172.41373548262047,True
544,MLP,2027-06-29 20:05:00,165.0,172.6666516725272,True
544,MLP,2027-06-29 20:10:00,159.0,164.0623381039686,True
544,MLP,2027-06-29 20:15:00,156.0,159.2406192520293,True
544,MLP,2027-06-29 20:20:00,152.0,169.9908576617402,True
544,MLP,2027-06-29 20:25:00,148.0,163.99814937273314,True
544,MLP,2027-06-29 20:30:00,147.0,175.9887897947669,True
544,MLP,2027-06-29 20:35:00,145.0,154.83649837585352,True
544,MLP,2027-06-29 20:40:00,141.0,146.10772943462442,True
544,MLP,2027-06-29 20:45:00,141.0,155.32666041080887,True
544,MLP,2027-06-29 20:50:00,145.0,159.25743112066036,True
544,MLP,2027-06-29 20:55:00,151.0,149.42642512410637,True
544,MLP,2027-06-29 21:00:00,159.0,154.10060219145686,True
544,MLP,2027-06-29 21:05:00,169.0,139.64387447163548,True
544,MLP,2027-06-29 21:10:00,180.0,125.63363071598633,True
544,MLP,2027-06-29 21:15:00,196.0,141.2230127534738,True
544,MLP,2027-06-29 21:20:00,195.0,152.1926484938567,True
544,MLP,2027-06-29 21:25:00,192.0,160.96689271411825,True
544,MLP,2027-06-29 21:30:00,198.0,176.36359477923932,True
544,MLP,2027-06-29 21:35:00,209.0,190.23961033435813,True
544,MLP,2027-06-29 21:40:00,218.0,202.8167129658182,True
544,MLP,2027-06-29 21:45:00,218.0,233.56387549411286,True
544,MLP,2027-06-29 21:50:00,214.0,184.52696371149995,True
544,MLP,2027-06-29 21:55:00,211.0,178.6199849621405,True
544,MLP,2027-06-29 22:00:00,208.0,211.89364754798845,True
544,MLP,2027-06-29 22:05:00,204.0,218.5978178598253,True
544,MLP,2027-06-29 22:10:00,200.0,233.4242085951047,True
544,MLP,2027-06-29 22:15:00,197.0,222.22798990032007,True
544,MLP,2027-06-29 22:20:00,194.0,202.0279943044195,True
544,MLP,2027-06-29 22:25:00,187.0,203.70367126093848,True
544,MLP,2027-06-29 22:30:00,181.0,204.99354721503045,True
544,MLP,2027-06-29 22:35:00,175.0,191.84388657641486,True
544,MLP,2027-06-29 22:40:00,171.0,184.40954606784743,True
544,MLP,2027-06-29 22:45:00,166.0,184.35528473216218,True
544,MLP,2027-06-29 22:50:00,162.0,181.73522185139916,True
544,MLP,2027-06-29 22:55:00,158.0,168.38823982672878,True
544,MLP,2027-06-29 23:00:00,155.0,167.0285761141993,True
544,MLP,2027-06-29 23:05:00,152.0,158.6580709239155,True
544,MLP,2027-06-29 23:10:00,151.0,156.0649389856322,True
544,MLP,2027-06-29 23:15:00,153.0,144.77335464878118,True
544,MLP,2027-06-29 23:20:00,152.0,143.7596091772637,True
544,MLP,2027-06-29 23:25:00,151.0,140.44695069185454,True
544,MLP,2027-06-29 23:30:00,150.0,139.9582965265351,True
544,MLP,2027-06-29 23:35:00,147.0,136.96484361146804,True
544,MLP,2027-06-29 23:40:00,144.0,140.2225693793112,True
544,MLP,2027-06-29 23:45:00,141.0,152.7975747154285,True
544,MLP,2027-06-29 23:50:00,140.0,144.3571521709929,True
544,MLP,2027-06-29 23:55:00,138.0,145.33824944156984,True
544,MLP,2027-06-30 00:00:00,136.0,145.81308411866277,True
544,MLP,2027-06-30 00:05:00,134.0,137.0570127524297,True
544,MLP,2027-06-30 00:10:00,132.0,133.45455044941988,True
544,MLP,2027-06-30 00:15:00,131.0,128.5187817807034,True
544,MLP,2027-06-30 00:20:00,129.0,131.33437043580653,True
544,MLP,2027-06-30 00:25:00,128.0,127.4071677877758,True
544,MLP,2027-06-30 00:30:00,126.0,125.90845638575405,True
544,MLP,2027-06-30 00:35:00,125.0,125.37123700381635,True
544,MLP,2027-06-30 00:40:00,123.0,123.7154156987465,True
544,MLP,2027-06-30 00:45:00,121.0,123.24685011065476,True
544,MLP,2027-06-30 00:50:00,116.0,118.78143421484782,True
544,MLP,2027-06-30 00:55:00,113.0,119.88144569036112,True
544,MLP,2027-06-30 01:00:00,112.0,115.1624873561337,True
544,MLP,2027-06-30 01:05:00,108.0,116.7214287607175,True
544,MLP,2027-06-30 01:10:00,103.0,112.75641426242764,True
544,MLP,2027-06-30 01:15:00,108.0,112.15522395137879,True
544,MLP,2027-06-30 01:20:00,111.0,103.88236349857918,True
544,MLP,2027-06-30 01:25:00,110.0,103.6966045611193,True
544,MLP,2027-06-30 01:30:00,109.0,104.58603386391793,True
544,MLP,2027-06-30 01:35:00,107.0,95.5812345041759,True
544,MLP,2027-06-30 01:40:00,104.0,89.29869596085506,True
544,MLP,2027-06-30 01:45:00,100.0,111.27948745900547,True
544,MLP,2027-06-30 01:50:00,99.0,113.1714471777048,True
544,MLP,2027-06-30 01:55:00,96.0,106.81603827414251,True
544,MLP,2027-06-30 02:00:00,93.0,104.6471657846151,True
544,MLP,2027-06-30 02:05:00,95.0,101.02467577778636,True
544,MLP,2027-06-30 02:10:00,98.0,97.44947217140087,True
544,MLP,2027-06-30 02:15:00,96.0,90.12189896258494,True
544,MLP,2027-06-30 02:20:00,95.0,94.62047845368816,True
544,MLP,2027-06-30 02:25:00,93.0,85.37995090167318,True
544,MLP,2027-06-30 02:30:00,91.0,82.81825800808713,True
544,MLP,2027-06-30 02:35:00,86.0,96.52981571605422,True
544,MLP,2027-06-30 02:40:00,85.0,102.99811993096502,True
544,MLP,2027-06-30 02:45:00,84.0,96.08806068065458,True
544,MLP,2027-06-30 02:50:00,83.0,94.97872656987049,True
544,MLP,2027-06-30 02:55:00,83.0,88.45292428492316,True
544,MLP,2027-06-30 03:00:00,87.0,86.6580770726102,True
544,MLP,2027-06-30 03:05:00,87.0,77.62244925495095,True
544,MLP,2027-06-30 03:10:00,84.0,82.27841415048597,True
544,MLP,2027-06-30 03:15:00,82.0,78.08574132421099,True
544,MLP,2027-06-30 03:20:00,82.0,79.05894853947146,True
544,MLP,2027-06-30 03:25:00,81.0,81.70677064800907,True
544,MLP,2027-06-30 03:30:00,80.0,96.20926043454729,True
544,MLP,2027-06-30 03:35:00,80.0,89.06927283376122,True
544,MLP,2027-06-30 03:40:00,80.0,83.35006741160298,True
544,MLP,2027-06-30 03:45:00,79.0,79.92773391905509,True
544,MLP,2027-06-30 03:50:00,79.0,83.92473634898862,True
544,MLP,2027-06-30 03:55:00,79.0,76.26278781817638,True
544,MLP,2027-06-30 04:00:00,78.0,76.15736841239386,True
544,MLP,2027-06-30 04:05:00,79.0,78.729316910652,True
544,MLP,2027-06-30 04:10:00,80.0,80.01490185950084,True
544,MLP,2027-06-30 04:15:00,82.0,77.43743638696198,True
544,MLP,2027-06-30 04:20:00,81.0,80.06275726915514,True
544,MLP,2027-06-30 04:25:00,79.0,80.8934629235916,True
544,MLP,2027-06-30 04:30:00,78.0,79.0044172106414,True
544,MLP,2027-06-30 04:35:00,77.0,83.18481735249361,True
544,MLP,2027-06-30 04:40:00,76.0,83.35392084074878,True
544,MLP,2027-06-30 04:45:00,76.0,89.61900914648517,True
544,MLP,2027-06-30 04:50:00,77.0,83.0059787364592,True
544,MLP,2027-06-30 04:55:00,80.0,77.49362716886888,True
544,MLP,2027-06-30 05:00:00,83.0,78.10371217384488,True
544,MLP,2027-06-30 05:05:00,87.0,75.80533593171448,True
544,MLP,2027-06-30 05:10:00,86.0,74.61762692352455,True
544,MLP,2027-06-30 05:15:00,87.0,77.2848026304331,True
544,MLP,2027-06-30 05:20:00,88.0,82.00931895526097,True
544,MLP,2027-06-30 05:25:00,88.0,90.98606610486364,True
544,MLP,2027-06-30 05:30:00,87.0,95.04242934842391,True
544,MLP,2027-06-30 05:35:00,85.0,103.75584262452257,True
544,MLP,2027-06-30 05:40:00,91.0,88.15344340405973,True
544,MLP,2027-06-30 05:45:00,97.0,93.85271236137724,True
544,MLP,2027-06-30 05:50:00,98.0,92.1205069958507,True
544,MLP,2027-06-30 05:55:00,97.0,89.41041782860162,True
544,MLP,2027-06-30 06:00:00,96.0,88.17850572242757,True
544,MLP,2027-06-30 06:05:00,95.0,83.78007055120683,True
544,MLP,2027-06-30 06:10:00,95.0,110.67882665327876,True
544,MLP,2027-06-30 06:15:00,95.0,115.51364834791285,True
544,MLP,2027-06-30 06:20:00,101.0,105.4078387365337,True
544,MLP,2027-06-30 06:25:00,104.0,97.64022044324145,True
544,MLP,2027-06-30 06:30:00,108.0,96.52274534003378,True
544,MLP,2027-06-30 06:35:00,116.0,95.0240179429601,True
544,MLP,2027-06-30 06:40:00,117.0,97.9101607559964,True
544,MLP,2027-06-30 06:45:00,117.0,99.0146220280429,True
544,MLP,2027-06-30 06:50:00,124.0,120.70903885622366,True
544,MLP,2027-06-30 06:55:00,128.0,113.40780892984912,True
544,MLP,2027-06-30 07:00:00,130.0,123.78456833247898,True
544,MLP,2027-06-30 07:05:00,132.0,146.33912368197022,True
544,MLP,2027-06-30 07:10:00,133.0,121.32481191119358,True
544,MLP,2027-06-30 07:15:00,135.0,118.05618514168141,True
544,MLP,2027-06-30 07:20:00,116.0,149.60010863960616,True
544,MLP,2027-06-30 07:25:00,118.0,141.72512179933975,True
544,MLP,2027-06-30 07:30:00,125.0,139.69615905103166,True
544,MLP,2027-06-30 07:35:00,136.0,142.5992344170771,True
544,MLP,2027-06-30 07:40:00,149.0,152.57276698027553,True
544,MLP,2027-06-30 07:45:00,163.0,160.44122701470926,True
544,MLP,2027-06-30 07:50:00,183.0,130.25415851696576,True
544,MLP,2027-06-30 07:55:00,202.0,157.1991605005915,True
544,MLP,2027-06-30 08:00:00,211.0,155.6339244815221,True
544,MLP,2027-06-30 08:05:00,215.0,167.97642805854932,True
544,MLP,2027-06-30 08:10:00,216.0,176.27917407289485,True
544,MLP,2027-06-30 08:15:00,215.0,190.24617455151687,True
544,MLP,2027-06-30 08:20:00,213.0,212.45720234903663,True
544,MLP,2027-06-30 08:25:00,215.0,222.4500721515079,True
544,MLP,2027-06-30 08:30:00,212.0,197.63611769580413,True
544,MLP,2027-06-30 08:35:00,205.0,204.9253568650048,True
544,MLP,2027-06-30 08:40:00,199.0,195.45667652965122,True
544,MLP,2027-06-30 08:45:00,194.0,195.80188387491668,True
544,MLP,2027-06-30 08:50:00,190.0,197.4571089261976,True
544,MLP,2027-06-30 08:55:00,187.0,210.6316127252186,True
544,MLP,2027-06-30 09:00:00,184.0,183.92946698376105,True
544,MLP,2027-06-30 09:05:00,181.0,169.22149809443184,True
544,MLP,2027-06-30 09:10:00,179.0,160.80153297822716,True
544,MLP,2027-06-30 09:15:00,177.0,157.10906195215298,True
544,MLP,2027-06-30 09:20:00,176.0,158.8983893378299,True
544,MLP,2027-06-30 09:25:00,172.0,161.59600517708938,True
544,MLP,2027-06-30 09:30:00,171.0,162.98238587196835,True
544,MLP,2027-06-30 09:35:00,173.0,162.46691055029203,True
544,MLP,2027-06-30 09:40:00,169.0,162.41021002218756,True
544,MLP,2027-06-30 09:45:00,166.0,162.19316615757558,True
544,MLP,2027-06-30 09:50:00,164.0,164.9909397890515,True
544,MLP,2027-06-30 09:55:00,162.0,153.32749921918733,True
544,MLP,2027-06-30 10:00:00,160.0,160.30684779104834,True
544,MLP,2027-06-30 10:05:00,159.0,169.95090250837677,True
544,MLP,2027-06-30 10:10:00,161.0,154.58608459210896,True
544,MLP,2027-06-30 10:15:00,160.0,154.3065114851466,True
544,MLP,2027-06-30 10:20:00,158.0,153.60861160814508,True
544,MLP,2027-06-30 10:25:00,155.0,151.869291612149,True
544,MLP,2027-06-30 10:30:00,153.0,149.9800451328205,True
544,MLP,2027-06-30 10:35:00,150.0,151.77340753219525,True
544,MLP,2027-06-30 10:40:00,147.0,162.10066957212814,True
544,MLP,2027-06-30 10:45:00,145.0,153.52333574759464,True
544,MLP,2027-06-30 10:50:00,141.0,150.01767413631396,True
544,MLP,2027-06-30 10:55:00,138.0,145.74053573030807,True
544,MLP,2027-06-30 11:00:00,134.0,147.23580846961812,True
544,MLP,2027-06-30 11:05:00,131.0,139.2969909605628,True
544,MLP,2027-06-30 11:10:00,128.0,135.2241884662014,True
544,MLP,2027-06-30 11:15:00,125.0,136.73491580752113,True
544,MLP,2027-06-30 11:20:00,122.0,127.51667707924648,True
544,MLP,2027-06-30 11:25:00,120.0,127.72904923321018,True
544,MLP,2027-06-30 11:30:00,118.0,120.89817132044088,True
544,MLP,2027-06-30 11:35:00,115.0,120.92853845166631,True
544,MLP,2027-06-30 11:40:00,112.0,117.64987241734114,True
544,MLP,2027-06-30 11:45:00,109.0,113.25755732127897,True
544,MLP,2027-06-30 11:50:00,108.0,110.3542788633981,True
544,MLP,2027-06-30 11:55:00,105.0,111.01496970258538,True
544,MLP,2027-06-30 12:00:00,104.0,109.11164491614623,True
544,MLP,2027-06-30 12:05:00,105.0,104.78490297156327,True
544,MLP,2027-06-30 12:10:00,105.0,102.81220323519678,True
544,MLP,2027-06-30 12:15:00,103.0,100.78566677512653,True
544,MLP,2027-06-30 12:20:00,100.0,106.0034882002413,True
544,MLP,2027-06-30 12:25:00,99.0,97.5345833540119,True
544,MLP,2027-06-30 12:30:00,99.0,104.49362735037467,True
544,MLP,2027-06-30 12:35:00,82.0,110.68115700791391,True
544,MLP,2027-06-30 12:40:00,82.0,106.79357475179162,True
544,MLP,2027-06-30 12:45:00,82.0,152.29441935361936,True
544,MLP,2027-06-30 12:50:00,85.0,113.96555713135996,True
544,MLP,2027-06-30 12:55:00,94.0,130.072304271449,True
544,MLP,2027-06-30 13:00:00,106.0,127.146381927467,True
544,MLP,2027-06-30 13:05:00,113.0,92.66433875405012,True
544,MLP,2027-06-30 13:10:00,122.0,106.81998186967728,True
544,MLP,2027-06-30 13:15:00,133.0,96.1257046708282,True
544,MLP,2027-06-30 13:20:00,144.0,111.4611685103273,True
544,MLP,2027-06-30 13:25:00,152.0,122.87192168797539,True
544,MLP,2027-06-30 13:30:00,159.0,137.21505231636533,True
544,MLP,2027-06-30 13:35:00,169.0,131.45201759337604,True
544,MLP,2027-06-30 13:40:00,184.0,146.3391283677704,True
544,MLP,2027-06-30 13:45:00,194.0,169.18835072955946,True
544,MLP,2027-06-30 13:50:00,202.0,176.73657123887313,True
544,MLP,2027-06-30 13:55:00,207.0,176.82160799635585,True
544,MLP,2027-06-30 14:00:00,210.0,177.24085548161125,True
544,MLP,2027-06-30 14:05:00,211.0,194.99604215085392,True
544,MLP,2027-06-30 14:10:00,210.0,216.06458709357892,True
544,MLP,2027-06-30 14:15:00,209.0,213.8090905459689,True
544,MLP,2027-06-30 14:20:00,209.0,221.0677524807389,True
544,MLP,2027-06-30 14:25:00,213.0,216.43161606687863,True
544,MLP,2027-06-30 14:30:00,220.0,211.7808274765366,True
544,MLP,2027-06-30 14:35:00,224.0,208.39443801336668,True
544,MLP,2027-06-30 14:40:00,227.0,202.6117494597548,True
544,MLP,2027-06-30 14:45:00,230.0,202.3667179477547,True
544,MLP,2027-06-30 14:50:00,232.0,206.07207827709198,True
544,MLP,2027-06-30 14:55:00,236.0,224.54496984840296,True
544,MLP,2027-06-30 15:00:00,237.0,237.80607594083853,True
544,MLP,2027-06-30 15:05:00,236.0,235.57435989787686,True
544,MLP,2027-06-30 15:10:00,234.0,240.18302527750126,True
544,MLP,2027-06-30 15:15:00,232.0,241.2578241022478,True
544,MLP,2027-06-30 15:20:00,230.0,240.55899267360954,True
544,MLP,2027-06-30 15:25:00,227.0,249.07169076827137,True
544,MLP,2027-06-30 15:30:00,226.0,239.96243102251648,True
544,MLP,2027-06-30 15:35:00,224.0,233.76515830297907,True
544,MLP,2027-06-30 15:40:00,219.0,226.8810995976817,True
544,MLP,2027-06-30 15:45:00,209.0,224.8372983230682,True
544,MLP,2027-06-30 15:50:00,200.0,223.50859579263553,True
544,MLP,2027-06-30 15:55:00,194.0,218.86486684539733,True
544,MLP,2027-06-30 16:00:00,188.0,220.82916226761736,True
544,MLP,2027-06-30 16:05:00,181.0,213.9960398614543,True
544,MLP,2027-06-30 16:10:00,175.0,203.29040906424834,True
544,MLP,2027-06-30 16:15:00,169.0,188.2587245331876,True
544,MLP,2027-06-30 16:20:00,161.0,181.211178847456,True
544,MLP,2027-06-30 16:25:00,151.0,177.3888193160783,True
544,MLP,2027-06-30 16:30:00,143.0,169.48779246115623,True
544,MLP,2027-06-30 16:35:00,137.0,159.11510113414292,True
544,MLP,2027-06-30 16:40:00,130.0,152.58878195787435,True
544,MLP,2027-06-30 16:45:00,125.0,143.9648627213957,True
544,MLP,2027-06-30 16:50:00,121.0,131.97384472626032,True
544,MLP,2027-06-30 16:55:00,119.0,119.0692336122722,True
544,MLP,2027-06-30 17:00:00,117.0,118.24292988384347,True
544,MLP,2027-06-30 17:05:00,115.0,116.25082904902935,True
544,MLP,2027-06-30 17:10:00,115.0,108.19559781709272,True
544,MLP,2027-06-30 17:15:00,114.0,109.34471979264599,True
544,MLP,2027-06-30 17:20:00,112.0,105.1156733457649,True
544,MLP,2027-06-30 17:25:00,111.0,108.46001576384815,True
544,MLP,2027-06-30 17:30:00,110.0,105.04949612678412,True
544,MLP,2027-06-30 17:35:00,109.0,103.90487085996101,True
544,MLP,2027-06-30 17:40:00,109.0,112.9278077494226,True
544,MLP,2027-06-30 17:45:00,108.0,109.04340057019927,True
544,MLP,2027-06-30 17:50:00,106.0,106.41803490785468,True
544,MLP,2027-06-30 17:55:00,103.0,109.1372440979472,True
544,MLP,2027-06-30 18:00:00,101.0,107.07952295081124,True
544,MLP,2027-06-30 18:05:00,99.0,106.52166990228535,True
544,MLP,2027-06-30 18:10:00,97.0,109.73765281649413,True
544,MLP,2027-06-30 18:15:00,95.0,105.49309874259284,True
544,MLP,2027-06-30 18:20:00,93.0,103.1412686693692,True
544,MLP,2027-06-30 18:25:00,90.0,98.61531221082406,True
544,MLP,2027-06-30 18:30:00,89.0,99.94336198095506,True
544,MLP,2027-06-30 18:35:00,88.0,96.55922245088662,True
544,MLP,2027-06-30 18:40:00,88.0,95.12304201904662,True
544,MLP,2027-06-30 18:45:00,89.0,93.36761314133,True
544,MLP,2027-06-30 18:50:00,88.0,92.29951070175728,True
544,MLP,2027-06-30 18:55:00,88.0,87.76770212691552,True
544,MLP,2027-06-30 19:00:00,88.0,93.53668017063306,True
544,MLP,2027-06-30 19:05:00,93.0,92.48455705415857,True
544,MLP,2027-06-30 19:10:00,93.0,96.6398816835627,True
544,MLP,2027-06-30 19:15:00,94.0,99.46266632212895,True
544,MLP,2027-06-30 19:20:00,95.0,93.40897851157295,True
544,MLP,2027-06-30 19:25:00,98.0,105.44139126215838,True
544,MLP,2027-06-30 19:30:00,104.0,129.27825729857122,True
544,MLP,2027-06-30 19:35:00,109.0,140.56673790828637,True
544,MLP,2027-06-30 19:40:00,114.0,114.95187256656536,True
544,MLP,2027-06-30 19:45:00,117.0,110.19931999171598,True
544,MLP,2027-06-30 19:50:00,119.0,102.56095560256462,True
544,MLP,2027-06-30 19:55:00,125.0,112.95166248771466,True
544,MLP,2027-06-30 20:00:00,134.0,122.54267038993929,True
544,MLP,2027-06-30 20:05:00,142.0,117.89578483362605,True
544,MLP,2027-06-30 20:10:00,149.0,118.79627744510884,True
544,MLP,2027-06-30 20:15:00,155.0,115.78224025150881,True
544,MLP,2027-06-30 20:20:00,160.0,115.78294127136645,True
544,MLP,2027-06-30 20:25:00,164.0,138.45038794303423,True
544,MLP,2027-06-30 20:30:00,168.0,160.17544758904123,True
544,MLP,2027-06-30 20:35:00,171.0,166.36567836351136,True
544,MLP,2027-06-30 20:40:00,174.0,167.51146651388856,True
544,MLP,2027-06-30 20:45:00,179.0,169.87073897324413,True
544,MLP,2027-06-30 20:50:00,182.0,174.28989330816606,True
544,MLP,2027-06-30 20:55:00,184.0,176.92860605872679,True
544,MLP,2027-06-30 21:00:00,187.0,183.70664701019237,True
544,MLP,2027-06-30 21:05:00,188.0,183.1871313163001,True
544,MLP,2027-06-30 21:10:00,189.0,184.4725808053232,True
544,MLP,2027-06-30 21:15:00,189.0,193.28035445638355,True
544,MLP,2027-06-30 21:20:00,190.0,189.82845119965197,True
544,MLP,2027-06-30 21:25:00,190.0,192.07500297465845,True
544,MLP,2027-06-30 21:30:00,191.0,198.29059651763484,True
544,MLP,2027-06-30 21:35:00,197.0,191.65563318860038,True
544,MLP,2027-06-30 21:40:00,194.0,194.36660485650927,True
544,MLP,2027-06-30 21:45:00,193.0,194.35241654807876,True
544,MLP,2027-06-30 21:50:00,195.0,202.70557575268208,True
544,MLP,2027-06-30 21:55:00,198.0,197.61520880720076,True
544,MLP,2027-06-30 22:00:00,203.0,193.1559005359144,True
544,MLP,2027-06-30 22:05:00,209.0,197.77309393506403,True
544,MLP,2027-06-30 22:10:00,211.0,175.3211477814177,True
544,MLP,2027-06-30 22:15:00,211.0,179.98837545740824,True
544,MLP,2027-06-30 22:20:00,218.0,188.22688241878055,True
544,MLP,2027-06-30 22:25:00,226.0,191.28089381584826,True
544,MLP,2027-06-30 22:30:00,229.0,209.27317769855327,True
544,MLP,2027-06-30 22:35:00,232.0,220.57366761324565,True
544,MLP,2027-06-30 22:40:00,233.0,212.55090546211952,True
544,MLP,2027-06-30 22:45:00,232.0,211.44965782214072,True
544,MLP,2027-06-30 22:50:00,229.0,236.3947032619648,True
544,MLP,2027-06-30 22:55:00,222.0,243.80723704730232,True
544,MLP,2027-06-30 23:00:00,220.0,235.6512406698545,True
544,MLP,2027-06-30 23:05:00,220.0,242.8933229614425,True
544,MLP,2027-06-30 23:10:00,219.0,231.37212922997801,True
544,MLP,2027-06-30 23:15:00,220.0,225.13408306931646,True
544,MLP,2027-06-30 23:20:00,220.0,218.20130844650126,True
544,MLP,2027-06-30 23:25:00,220.0,204.9503563909357,True
544,MLP,2027-06-30 23:30:00,218.0,217.22698007890855,True
544,MLP,2027-06-30 23:35:00,214.0,217.87330923080728,True
544,MLP,2027-06-30 23:40:00,210.0,211.84835536853873,True
544,MLP,2027-06-30 23:45:00,204.0,216.71498681264774,True
544,MLP,2027-06-30 23:50:00,197.0,216.88656509010426,True
544,MLP,2027-06-30 23:55:00,193.0,221.69835200214638,True
544,MLP,2027-07-01 00:00:00,189.0,213.17239692346973,True
544,MLP,2027-07-01 00:05:00,185.0,205.40918825413422,True
544,MLP,2027-07-01 00:10:00,181.0,199.32074529222183,True
544,MLP,2027-07-01 00:15:00,178.0,188.33333488910827,True
544,MLP,2027-07-01 00:20:00,175.0,181.19273927890603,True
544,MLP,2027-07-01 00:25:00,174.0,184.35492757646531,True
544,MLP,2027-07-01 00:30:00,174.0,178.97640456914547,True
544,MLP,2027-07-01 00:35:00,172.0,177.23054844606546,True
544,MLP,2027-07-01 00:40:00,168.0,170.20626219207617,True
544,MLP,2027-07-01 00:45:00,166.0,168.219045876207,True
544,MLP,2027-07-01 00:50:00,164.0,161.56972613988853,True
544,MLP,2027-07-01 00:55:00,162.0,165.4292759889051,True
544,MLP,2027-07-01 01:00:00,160.0,167.89460963138805,True
544,MLP,2027-07-01 01:05:00,158.0,160.55747891306848,True
544,MLP,2027-07-01 01:10:00,157.0,153.8860512251614,True
544,MLP,2027-07-01 01:15:00,156.0,157.6285241981008,True
544,MLP,2027-07-01 01:20:00,155.0,154.0761809371674,True
544,MLP,2027-07-01 01:25:00,154.0,153.26111659293213,True
544,MLP,2027-07-01 01:30:00,151.0,151.91299886543223,True
544,MLP,2027-07-01 01:35:00,149.0,150.2198503683535,True
544,MLP,2027-07-01 01:40:00,147.0,150.53193400476394,True
544,MLP,2027-07-01 01:45:00,145.0,149.26719366053516,True
544,MLP,2027-07-01 01:50:00,143.0,149.6114664676418,True
544,MLP,2027-07-01 01:55:00,141.0,149.96429029186325,True
544,MLP,2027-07-01 02:00:00,140.0,142.53018580010243,True
544,MLP,2027-07-01 02:05:00,139.0,143.27369219032317,True
544,MLP,2027-07-01 02:10:00,138.0,141.0074376040759,True
544,MLP,2027-07-01 02:15:00,137.0,138.90149982161046,True
544,MLP,2027-07-01 02:20:00,136.0,137.05057610967992,True
544,MLP,2027-07-01 02:25:00,135.0,135.06004953557797,True
544,MLP,2027-07-01 02:30:00,136.0,136.08995635827208,True
544,MLP,2027-07-01 02:35:00,135.0,134.94054680974708,True
544,MLP,2027-07-01 02:40:00,135.0,133.73145208863457,True
544,MLP,2027-07-01 02:45:00,134.0,132.60599009570575,True
544,MLP,2027-07-01 02:50:00,133.0,131.42201559154174,True
544,MLP,2027-07-01 02:55:00,131.0,130.18893112750115,True
544,MLP,2027-07-01 03:00:00,129.0,136.7669079742994,True
544,MLP,2027-07-01 03:05:00,126.0,131.26516787175015,True
544,MLP,2027-07-01 03:10:00,124.0,135.0533806209465,True
544,MLP,2027-07-01 03:15:00,122.0,130.97398051366216,True
544,MLP,2027-07-01 03:20:00,121.0,130.63305579946808,True
544,MLP,2027-07-01 03:25:00,121.0,125.93613608358582,True
544,MLP,2027-07-01 03:30:00,120.0,124.72946430892955,True
544,MLP,2027-07-01 03:35:00,120.0,119.03835002690892,True
544,MLP,2027-07-01 03:40:00,119.0,120.10321809903408,True
544,MLP,2027-07-01 03:45:00,118.0,116.56729986560107,True
544,MLP,2027-07-01 03:50:00,118.0,117.83934809499449,True
544,MLP,2027-07-01 03:55:00,118.0,119.21726903393434,True
544,MLP,2027-07-01 04:00:00,117.0,115.68116407883312,True
544,MLP,2027-07-01 04:05:00,116.0,117.59595392847439,True
544,MLP,2027-07-01 04:10:00,115.0,113.90805449381224,True
544,MLP,2027-07-01 04:15:00,114.0,113.17409609901921,True
544,MLP,2027-07-01 04:20:00,113.0,115.75448134397251,True
544,MLP,2027-07-01 04:25:00,114.0,115.30061159845395,True
544,MLP,2027-07-01 04:30:00,114.0,112.17892474860552,True
544,MLP,2027-07-01 04:35:00,113.0,112.3162837558091,True
544,MLP,2027-07-01 04:40:00,111.0,110.95931597043567,True
544,MLP,2027-07-01 04:45:00,110.0,110.04482601603875,True
544,MLP,2027-07-01 04:50:00,109.0,108.84129806408201,True
544,MLP,2027-07-01 04:55:00,109.0,114.75153417770784,True
544,MLP,2027-07-01 05:00:00,110.0,112.98462403891524,True
544,MLP,2027-07-01 05:05:00,110.0,110.06340119412833,True
544,MLP,2027-07-01 05:10:00,109.0,105.71483958561599,True
544,MLP,2027-07-01 05:15:00,109.0,107.14686331781807,True
544,MLP,2027-07-01 05:20:00,108.0,104.38623116787015,True
544,MLP,2027-07-01 05:25:00,107.0,106.50780544457628,True
544,MLP,2027-07-01 05:30:00,107.0,111.23562457976585,True
544,MLP,2027-07-01 05:35:00,107.0,109.34419361051003,True
544,MLP,2027-07-01 05:40:00,107.0,106.0031150858997,True
544,MLP,2027-07-01 05:45:00,108.0,108.78938676866618,True
544,MLP,2027-07-01 05:50:00,108.0,104.77474848770656,True
544,MLP,2027-07-01 05:55:00,108.0,104.1053662473896,True
544,MLP,2027-07-01 06:00:00,108.0,106.3289641532047,True
544,MLP,2027-07-01 06:05:00,107.0,106.12431890267517,True
544,MLP,2027-07-01 06:10:00,105.0,106.64742374179231,True
544,MLP,2027-07-01 06:15:00,103.0,111.68985742896395,True
544,MLP,2027-07-01 06:20:00,105.0,108.1196683114705,True
544,MLP,2027-07-01 06:25:00,106.0,109.01478113281395,True
544,MLP,2027-07-01 06:30:00,106.0,108.67480928781463,True
544,MLP,2027-07-01 06:35:00,108.0,105.09568361638323,True
544,MLP,2027-07-01 06:40:00,114.0,101.40101858136057,True
544,MLP,2027-07-01 06:45:00,118.0,99.0619899835179,True
544,MLP,2027-07-01 06:50:00,120.0,111.00371857795453,True
544,MLP,2027-07-01 06:55:00,123.0,109.1979865723416,True
544,MLP,2027-07-01 07:00:00,125.0,108.28784065661559,True
544,MLP,2027-07-01 07:05:00,128.0,116.8342139312899,True
544,MLP,2027-07-01 07:10:00,130.0,135.31182081242324,True
544,MLP,2027-07-01 07:15:00,132.0,132.69016521573514,True
544,MLP,2027-07-01 07:20:00,137.0,127.6613486220336,True
544,MLP,2027-07-01 07:25:00,147.0,160.00044182573544,True
544,MLP,2027-07-01 07:30:00,158.0,150.27786027247012,True
544,MLP,2027-07-01 07:35:00,165.0,159.18109307214402,True
544,MLP,2027-07-01 07:40:00,173.0,152.24767536186653,True
544,MLP,2027-07-01 07:45:00,180.0,145.55374991266095,True
544,MLP,2027-07-01 07:50:00,185.0,157.022891247908,True
544,MLP,2027-07-01 07:55:00,190.0,178.51649161714445,True
544,MLP,2027-07-01 08:00:00,193.0,185.79850649549974,True
544,MLP,2027-07-01 08:05:00,193.0,179.38625528893863,True
544,MLP,2027-07-01 08:10:00,192.0,194.5755246053973,True
544,MLP,2027-07-01 08:15:00,190.0,193.79580849236245,True
544,MLP,2027-07-01 08:20:00,190.0,191.85010061491974,True
544,MLP,2027-07-01 08:25:00,187.0,206.10046159309445,True
544,MLP,2027-07-01 08:30:00,185.0,200.71622753291874,True
544,MLP,2027-07-01 08:35:00,183.0,187.36987464339248,True
544,MLP,2027-07-01 08:40:00,180.0,181.6572634900072,True
544,MLP,2027-07-01 08:45:00,177.0,173.3274099666155,True
544,MLP,2027-07-01 08:50:00,173.0,180.25234512598172,True
544,MLP,2027-07-01 08:55:00,169.0,162.62078507287046,True
544,MLP,2027-07-01 09:00:00,167.0,166.9564922266279,True
544,MLP,2027-07-01 09:05:00,165.0,164.7715550942335,True
544,MLP,2027-07-01 09:10:00,164.0,161.006015938334,True
544,MLP,2027-07-01 09:15:00,163.0,162.92880857736833,True
544,MLP,2027-07-01 09:20:00,163.0,156.1738855534887,True
544,MLP,2027-07-01 09:25:00,166.0,153.8445182297684,True
544,MLP,2027-07-01 09:30:00,162.0,155.28125902654304,True
544,MLP,2027-07-01 09:35:00,159.0,153.55930677263987,True
544,MLP,2027-07-01 09:40:00,155.0,156.45856370670467,True
544,MLP,2027-07-01 09:45:00,153.0,154.9841469848942,True
544,MLP,2027-07-01 09:50:00,152.0,158.1876376542905,True
544,MLP,2027-07-01 09:55:00,153.0,169.44070180503056,True
544,MLP,2027-07-01 10:00:00,150.0,152.19209066220392,True
544,MLP,2027-07-01 10:05:00,148.0,150.79160139138895,True
544,MLP,2027-07-01 10:10:00,146.0,143.4844236020081,True
544,MLP,2027-07-01 10:15:00,142.0,143.6277105334593,True
544,MLP,2027-07-01 10:20:00,139.0,145.9999553094523,True
544,MLP,2027-07-01 10:25:00,137.0,152.41202477399338,True
544,MLP,2027-07-01 10:30:00,134.0,140.9891099727689,True
544,MLP,2027-07-01 10:35:00,132.0,142.18474999978878,True
544,MLP,2027-07-01 10:40:00,130.0,138.68289240619018,True
544,MLP,2027-07-01 10:45:00,130.0,130.84123596744587,True
544,MLP,2027-07-01 10:50:00,128.0,130.1043804280146,True
544,MLP,2027-07-01 10:55:00,126.0,128.01322865337386,True
544,MLP,2027-07-01 11:00:00,124.0,120.55155046697878,True
544,MLP,2027-07-01 11:05:00,124.0,122.89953781462002,True
544,MLP,2027-07-01 11:10:00,121.0,119.88656682896875,True
544,MLP,2027-07-01 11:15:00,119.0,127.98936300362155,True
544,MLP,2027-07-01 11:20:00,120.0,118.90230248544275,True
544,MLP,2027-07-01 11:25:00,123.0,119.29594873642759,True
544,MLP,2027-07-01 11:30:00,122.0,116.3176775426463,True
544,MLP,2027-07-01 11:35:00,124.0,121.49581628767736,True
544,MLP,2027-07-01 11:40:00,127.0,110.66042294104714,True
544,MLP,2027-07-01 11:45:00,132.0,113.54574775560191,True
544,MLP,2027-07-01 11:50:00,137.0,122.60253379289749,True
544,MLP,2027-07-01 11:55:00,137.0,132.63257890010172,True
544,MLP,2027-07-01 12:00:00,141.0,120.70364295787228,True
544,MLP,2027-07-01 12:05:00,150.0,155.93100135631855,True
544,MLP,2027-07-01 12:10:00,160.0,164.30932528211667,True
544,MLP,2027-07-01 12:15:00,164.0,165.64011384129944,True
544,MLP,2027-07-01 12:20:00,169.0,164.07479195309844,True
544,MLP,2027-07-01 12:25:00,173.0,149.57852264661287,True
544,MLP,2027-07-01 12:30:00,170.0,163.61452893237825,True
544,MLP,2027-07-01 12:35:00,175.0,173.4370753364232,True
544,MLP,2027-07-01 12:40:00,181.0,174.56611619780608,True
544,MLP,2027-07-01 12:45:00,178.0,162.96538961822952,True
544,MLP,2027-07-01 12:50:00,176.0,175.12817571466783,True
544,MLP,2027-07-01 12:55:00,184.0,175.07757792361758,True
544,MLP,2027-07-01 13:00:00,185.0,151.68750746150974,True
544,MLP,2027-07-01 13:05:00,186.0,191.85246044469997,True
544,MLP,2027-07-01 13:10:00,194.0,196.22781417124787,True
544,MLP,2027-07-01 13:15:00,200.0,173.844191401858,True
544,MLP,2027-07-01 13:20:00,206.0,170.41911730968226,True
544,MLP,2027-07-01 13:25:00,208.0,199.70546627029503,True
544,MLP,2027-07-01 13:30:00,208.0,187.59507875157178,True
544,MLP,2027-07-01 13:35:00,208.0,195.72908285650882,True
544,MLP,2027-07-01 13:40:00,204.0,218.2248668891854,True
544,MLP,2027-07-01 13:45:00,199.0,217.47456694246367,True
544,MLP,2027-07-01 13:50:00,195.0,227.44983883340646,True
544,MLP,2027-07-01 13:55:00,190.0,215.3973431399845,True
544,MLP,2027-07-01 14:00:00,184.0,209.72238888378266,True
544,MLP,2027-07-01 14:05:00,179.0,211.48313832745217,True
544,MLP,2027-07-01 14:10:00,173.0,191.25120736415224,True
544,MLP,2027-07-01 14:15:00,167.0,182.9503809434066,True
544,MLP,2027-07-01 14:20:00,162.0,184.4463620711932,True
544,MLP,2027-07-01 14:25:00,156.0,171.9449219621792,True
544,MLP,2027-07-01 14:30:00,152.0,166.2473919839263,True
544,MLP,2027-07-01 14:35:00,147.0,161.96372304961014,True
544,MLP,2027-07-01 14:40:00,142.0,150.4511110381571,True
544,MLP,2027-07-01 14:45:00,137.0,147.87224151543035,True
544,MLP,2027-07-01 14:50:00,132.0,144.6679261272545,True
544,MLP,2027-07-01 14:55:00,126.0,134.2908005805172,True
544,MLP,2027-07-01 15:00:00,124.0,135.53691533123404,True
544,MLP,2027-07-01 15:05:00,119.0,125.5453816220814,True
544,MLP,2027-07-01 15:10:00,116.0,120.60688819958654,True
544,MLP,2027-07-01 15:15:00,117.0,115.41848764882559,True
544,MLP,2027-07-01 15:20:00,117.0,111.56939541381045,True
544,MLP,2027-07-01 15:25:00,115.0,103.5870553305286,True
544,MLP,2027-07-01 15:30:00,113.0,115.16402868678863,True
544,MLP,2027-07-01 15:35:00,111.0,97.34747278624936,True
544,MLP,2027-07-01 15:40:00,109.0,104.20669220215082,True
544,MLP,2027-07-01 15:45:00,108.0,117.248453075368,True
544,MLP,2027-07-01 15:50:00,107.0,113.18529294623404,True
544,MLP,2027-07-01 15:55:00,104.0,107.80933707666178,True
544,MLP,2027-07-01 16:00:00,103.0,106.819876755741,True
544,MLP,2027-07-01 16:05:00,99.0,103.69113723128906,True
544,MLP,2027-07-01 16:10:00,97.0,101.6364254729217,True
544,MLP,2027-07-01 16:15:00,93.0,102.85468326039317,True
544,MLP,2027-07-01 16:20:00,91.0,102.80893318523248,True
544,MLP,2027-07-01 16:25:00,90.0,95.92975618588007,True
544,MLP,2027-07-01 16:30:00,93.0,101.85169159303192,True
544,MLP,2027-07-01 16:35:00,88.0,90.09351771647125,True
544,MLP,2027-07-01 16:40:00,88.0,95.17197598638512,True
544,MLP,2027-07-01 16:45:00,90.0,85.49124828202334,True
544,MLP,2027-07-01 16:50:00,90.0,96.37766618943034,True
544,MLP,2027-07-01 16:55:00,91.0,113.95157269870708,True
544,MLP,2027-07-01 17:00:00,95.0,123.84038973569677,True
544,MLP,2027-07-01 17:05:00,95.0,104.66875840315686,True
544,MLP,2027-07-01 17:10:00,95.0,107.14473946197138,True
544,MLP,2027-07-01 17:15:00,97.0,110.91123483264668,True
544,MLP,2027-07-01 17:20:00,100.0,102.68215185264296,True
544,MLP,2027-07-01 17:25:00,101.0,101.77860967577354,True
544,MLP,2027-07-01 17:30:00,102.0,115.28991557657875,True
544,MLP,2027-07-01 17:35:00,101.0,94.14385595393937,True
544,MLP,2027-07-01 17:40:00,102.0,95.54377449253072,True
544,MLP,2027-07-01 17:45:00,104.0,102.54129878530337,True
544,MLP,2027-07-01 17:50:00,108.0,109.5173861416463,True
544,MLP,2027-07-01 17:55:00,107.0,104.44490020891297,True
544,MLP,2027-07-01 18:00:00,110.0,107.05700752967967,True
544,MLP,2027-07-01 18:05:00,119.0,98.8744999728265,True
544,MLP,2027-07-01 18:10:00,127.0,108.3170502084528,True
544,MLP,2027-07-01 18:15:00,135.0,113.51345189603451,True
544,MLP,2027-07-01 18:20:00,137.0,124.8377877168014,True
544,MLP,2027-07-01 18:25:00,143.0,108.42165702443064,True
544,MLP,2027-07-01 18:30:00,149.0,126.9625441901595,True
544,MLP,2027-07-01 18:35:00,152.0,148.45507419924448,True
544,MLP,2027-07-01 18:40:00,158.0,158.25294341035337,True
544,MLP,2027-07-01 18:45:00,165.0,164.29068722397605,True
544,MLP,2027-07-01 18:50:00,165.0,144.54583153174056,True
544,MLP,2027-07-01 18:55:00,163.0,166.2854286503049,True
544,MLP,2027-07-01 19:00:00,165.0,171.14715564017013,True
544,MLP,2027-07-01 19:05:00,171.0,161.75754674649065,True
544,MLP,2027-07-01 19:10:00,172.0,182.09719834029423,True
544,MLP,2027-07-01 19:15:00,172.0,191.09191233043845,True
544,MLP,2027-07-01 19:20:00,173.0,168.07667580082713,True
544,MLP,2027-07-01 19:25:00,172.0,157.03017475588106,True
544,MLP,2027-07-01 19:30:00,171.0,172.29537305716207,True
544,MLP,2027-07-01 19:35:00,176.0,187.03152716262827,True
544,MLP,2027-07-01 19:40:00,181.0,176.55902540633016,True
544,MLP,2027-07-01 19:45:00,180.0,176.00794566595334,True
544,MLP,2027-07-01 19:50:00,180.0,178.65158642310084,True
544,MLP,2027-07-01 19:55:00,179.0,170.78193578015978,True
544,MLP,2027-07-01 20:00:00,176.0,170.9587411809951,True
544,MLP,2027-07-01 20:05:00,176.0,188.30290984651856,True
544,MLP,2027-07-01 20:10:00,176.0,197.0820947278311,True
544,MLP,2027-07-01 20:15:00,179.0,185.8854444797814,True
544,MLP,2027-07-01 20:20:00,182.0,185.3499420321056,True
544,MLP,2027-07-01 20:25:00,182.0,179.46212356373977,True
544,MLP,2027-07-01 20:30:00,180.0,174.34042962730896,True
544,MLP,2027-07-01 20:35:00,178.0,176.60330917169773,True
544,MLP,2027-07-01 20:40:00,176.0,174.53623920493692,True
544,MLP,2027-07-01 20:45:00,174.0,187.56318568405828,True
544,MLP,2027-07-01 20:50:00,172.0,189.83197287005615,True
544,MLP,2027-07-01 20:55:00,169.0,182.88181078079356,True
544,MLP,2027-07-01 21:00:00,167.0,179.822117244413,True
544,MLP,2027-07-01 21:05:00,165.0,178.2759854815794,True
544,MLP,2027-07-01 21:10:00,164.0,173.16653341715036,True
544,MLP,2027-07-01 21:15:00,164.0,168.0688976722028,True
544,MLP,2027-07-01 21:20:00,165.0,165.01830497915074,True
544,MLP,2027-07-01 21:25:00,171.0,160.61371455148387,True
544,MLP,2027-07-01 21:30:00,180.0,172.62481695331203,True
544,MLP,2027-07-01 21:35:00,185.0,178.34070120988704,True
544,MLP,2027-07-01 21:40:00,186.0,177.07721928129956,True
544,MLP,2027-07-01 21:45:00,193.0,176.35499524932695,True
544,MLP,2027-07-01 21:50:00,210.0,174.43797956625752,True
544,MLP,2027-07-01 21:55:00,217.0,189.95007696524175,True
544,MLP,2027-07-01 22:00:00,212.0,193.98725849979039,True
544,MLP,2027-07-01 22:05:00,214.0,183.84694812662826,True
544,MLP,2027-07-01 22:10:00,217.0,169.73334533658524,True
544,MLP,2027-07-01 22:15:00,222.0,204.67086810447861,True
544,MLP,2027-07-01 22:20:00,228.0,230.34154222824216,True
544,MLP,2027-07-01 22:25:00,232.0,223.73933906015387,True
544,MLP,2027-07-01 22:30:00,233.0,204.04404198942817,True
544,MLP,2027-07-01 22:35:00,230.0,226.22814104688788,True
544,MLP,2027-07-01 22:40:00,226.0,218.04223258489145,True
544,MLP,2027-07-01 22:45:00,215.0,228.49933169711792,True
544,MLP,2027-07-01 22:50:00,210.0,238.97712216197147,True
544,MLP,2027-07-01 22:55:00,205.0,242.8490182071023,True
544,MLP,2027-07-01 23:00:00,199.0,235.10427936641972,True
544,MLP,2027-07-01 23:05:00,193.0,218.28220435804707,True
544,MLP,2027-07-01 23:10:00,187.0,216.04494256223313,True
544,MLP,2027-07-01 23:15:00,181.0,195.28832216785662,True
544,MLP,2027-07-01 23:20:00,176.0,200.89839092808387,True
544,MLP,2027-07-01 23:25:00,170.0,188.45502850853975,True
544,MLP,2027-07-01 23:30:00,166.0,178.69391690190008,True
544,MLP,2027-07-01 23:35:00,167.0,175.89841323871016,True
544,MLP,2027-07-01 23:40:00,167.0,168.34329914829894,True
544,MLP,2027-07-01 23:45:00,159.0,163.08523236957757,True
544,MLP,2027-07-01 23:50:00,154.0,157.5516835827174,True
544,MLP,2027-07-01 23:55:00,150.0,146.28778069258277,True
544,MLP,2027-07-02 00:00:00,147.0,147.78404509372953,True
544,MLP,2027-07-02 00:05:00,144.0,162.98180531673708,True
544,MLP,2027-07-02 00:10:00,141.0,159.96659081696052,True
544,MLP,2027-07-02 00:15:00,138.0,136.2005471224883,True
544,MLP,2027-07-02 00:20:00,135.0,139.83731163652703,True
544,MLP,2027-07-02 00:25:00,132.0,134.68613069810237,True
544,MLP,2027-07-02 00:30:00,129.0,133.0718275127086,True
544,MLP,2027-07-02 00:35:00,127.0,132.16061093353457,True
544,MLP,2027-07-02 00:40:00,124.0,129.12446682243998,True
544,MLP,2027-07-02 00:45:00,122.0,123.92594089848905,True
544,MLP,2027-07-02 00:50:00,120.0,120.06325853297146,True
544,MLP,2027-07-02 00:55:00,117.0,118.6391576867483,True
544,MLP,2027-07-02 01:00:00,115.0,117.10047541269641,True
544,MLP,2027-07-02 01:05:00,114.0,114.52620990286498,True
544,MLP,2027-07-02 01:10:00,113.0,109.04884581259853,True
544,MLP,2027-07-02 01:15:00,111.0,110.70254216054705,True
544,MLP,2027-07-02 01:20:00,109.0,108.04658046869956,True
544,MLP,2027-07-02 01:25:00,107.0,103.15848032766802,True
544,MLP,2027-07-02 01:30:00,105.0,104.0424745854846,True
544,MLP,2027-07-02 01:35:00,103.0,104.59201301883706,True
544,MLP,2027-07-02 01:40:00,101.0,103.97950153592596,True
544,MLP,2027-07-02 01:45:00,99.0,100.03513016321715,True
544,MLP,2027-07-02 01:50:00,98.0,99.316135950662,True
544,MLP,2027-07-02 01:55:00,97.0,98.16953461491711,True
544,MLP,2027-07-02 02:00:00,96.0,96.44482329019422,True
544,MLP,2027-07-02 02:05:00,94.0,94.44639460551049,True
544,MLP,2027-07-02 02:10:00,91.0,92.86972658838953,True
544,MLP,2027-07-02 02:15:00,90.0,91.11635454444718,True
544,MLP,2027-07-02 02:20:00,89.0,92.65190886626736,True
544,MLP,2027-07-02 02:25:00,88.0,90.91495922047649,True
544,MLP,2027-07-02 02:30:00,87.0,90.30405959493105,True
544,MLP,2027-07-02 02:35:00,87.0,87.47793922224872,True
544,MLP,2027-07-02 02:40:00,86.0,83.55078211708334,True
544,MLP,2027-07-02 02:45:00,85.0,86.77807215388283,True
544,MLP,2027-07-02 02:50:00,85.0,83.16993974149973,True
544,MLP,2027-07-02 02:55:00,85.0,82.57801029557889,True
544,MLP,2027-07-02 03:00:00,85.0,82.05152333976922,True
544,MLP,2027-07-02 03:05:00,84.0,85.33490671718921,True
544,MLP,2027-07-02 03:10:00,84.0,82.07437951744085,True
544,MLP,2027-07-02 03:15:00,83.0,81.61239654919105,True
544,MLP,2027-07-02 03:20:00,83.0,84.8287423677422,True
544,MLP,2027-07-02 03:25:00,83.0,83.92984216511162,True
544,MLP,2027-07-02 03:30:00,83.0,84.49910749924307,True
544,MLP,2027-07-02 03:35:00,83.0,81.89057341677484,True
544,MLP,2027-07-02 03:40:00,81.0,84.45964176328995,True
544,MLP,2027-07-02 03:45:00,81.0,80.89686121516775,True
544,MLP,2027-07-02 03:50:00,80.0,83.44100413420682,True
544,MLP,2027-07-02 03:55:00,79.0,83.01062390426604,True
544,MLP,2027-07-02 04:00:00,79.0,83.3927221172745,True
544,MLP,2027-07-02 04:05:00,79.0,83.91573521526178,True
544,MLP,2027-07-02 04:10:00,78.0,78.6117706968124,True
544,MLP,2027-07-02 04:15:00,79.0,82.74850774129756,True
544,MLP,2027-07-02 04:20:00,79.0,78.29773168928494,True
544,MLP,2027-07-02 04:25:00,79.0,77.06752862299884,True
544,MLP,2027-07-02 04:30:00,79.0,79.39878077385652,True
544,MLP,2027-07-02 04:35:00,79.0,79.46321724448664,True
544,MLP,2027-07-02 04:40:00,79.0,76.81936482597241,True
544,MLP,2027-07-02 04:45:00,79.0,83.42504555922146,True
544,MLP,2027-07-02 04:50:00,78.0,81.19883903463823,True
544,MLP,2027-07-02 04:55:00,78.0,81.41502458077959,True
544,MLP,2027-07-02 05:00:00,78.0,81.4335848144405,True
544,MLP,2027-07-02 05:05:00,77.0,80.59160351664721,True
544,MLP,2027-07-02 05:10:00,77.0,80.61068587213849,True
544,MLP,2027-07-02 05:15:00,77.0,81.52928645674938,True
544,MLP,2027-07-02 05:20:00,78.0,77.44636025492899,True
544,MLP,2027-07-02 05:25:00,78.0,79.85585969763652,True
544,MLP,2027-07-02 05:30:00,78.0,79.53381951638168,True
544,MLP,2027-07-02 05:35:00,77.0,76.44230882185907,True
544,MLP,2027-07-02 05:40:00,76.0,78.87445969804189,True
544,MLP,2027-07-02 05:45:00,75.0,79.17134532130582,True
544,MLP,2027-07-02 05:50:00,73.0,83.89505142997504,True
544,MLP,2027-07-02 05:55:00,72.0,81.17121637739892,True
544,MLP,2027-07-02 06:00:00,72.0,80.702819606096,True
544,MLP,2027-07-02 06:05:00,73.0,77.36358996366108,True
544,MLP,2027-07-02 06:10:00,75.0,76.14835474484566,True
544,MLP,2027-07-02 06:15:00,76.0,75.29674357298124,True
544,MLP,2027-07-02 06:20:00,77.0,72.82751957615089,True
544,MLP,2027-07-02 06:25:00,77.0,73.75493193403862,True
544,MLP,2027-07-02 06:30:00,77.0,76.18034289246013,True
544,MLP,2027-07-02 06:35:00,79.0,80.60870442451818,True
544,MLP,2027-07-02 06:40:00,82.0,87.27101168698731,True
544,MLP,2027-07-02 06:45:00,82.0,84.70616623297914,True
544,MLP,2027-07-02 06:50:00,84.0,86.20070592569469,True
544,MLP,2027-07-02 06:55:00,87.0,82.07637493610257,True
544,MLP,2027-07-02 07:00:00,91.0,82.49353476054512,True
544,MLP,2027-07-02 07:05:00,94.0,91.15100176934102,True
544,MLP,2027-07-02 07:10:00,96.0,97.19119021462645,True
544,MLP,2027-07-02 07:15:00,97.0,88.30699003756845,True
544,MLP,2027-07-02 07:20:00,99.0,96.83262085783126,True
544,MLP,2027-07-02 07:25:00,99.0,103.17512571418688,True
544,MLP,2027-07-02 07:30:00,99.0,111.28951990645992,True
544,MLP,2027-07-02 07:35:00,105.0,109.88730577656771,True
544,MLP,2027-07-02 07:40:00,112.0,107.27330124588606,True
544,MLP,2027-07-02 07:45:00,115.0,103.58149653219833,True
544,MLP,2027-07-02 07:50:00,118.0,110.34586134177731,True
544,MLP,2027-07-02 07:55:00,129.0,102.75079711266618,True
544,MLP,2027-07-02 08:00:00,132.0,104.99771156288082,True
544,MLP,2027-07-02 08:05:00,143.0,131.2184260486963,True
544,MLP,2027-07-02 08:10:00,158.0,150.87267622828873,True
544,MLP,2027-07-02 08:15:00,167.0,147.5496268087832,True
544,MLP,2027-07-02 08:20:00,174.0,152.85806933088807,True
544,MLP,2027-07-02 08:25:00,179.0,174.9765645136363,True
544,MLP,2027-07-02 08:30:00,181.0,148.0502156481292,True
544,MLP,2027-07-02 08:35:00,185.0,177.72444058210738,True
544,MLP,2027-07-02 08:40:00,188.0,191.13070845588808,True
544,MLP,2027-07-02 08:45:00,190.0,178.4988407854909,True
544,MLP,2027-07-02 08:50:00,194.0,182.93774993597765,True
544,MLP,2027-07-02 08:55:00,195.0,178.58196808595417,True
544,MLP,2027-07-02 09:00:00,196.0,169.82128548560323,True
544,MLP,2027-07-02 09:05:00,198.0,187.69947958660467,True
544,MLP,2027-07-02 09:10:00,199.0,191.312267938835,True
544,MLP,2027-07-02 09:15:00,197.0,189.58724765811877,True
544,MLP,2027-07-02 09:20:00,195.0,200.06408804656016,True
544,MLP,2027-07-02 09:25:00,192.0,186.40009254771658,True
544,MLP,2027-07-02 09:30:00,186.0,194.70388743571283,True
544,MLP,2027-07-02 09:35:00,182.0,198.1467520474546,True
544,MLP,2027-07-02 09:40:00,177.0,196.02765088745977,True
544,MLP,2027-07-02 09:45:00,175.0,188.51048764906392,True
544,MLP,2027-07-02 09:50:00,169.0,186.99721085113654,True
544,MLP,2027-07-02 09:55:00,165.0,178.94343578777853,True
544,MLP,2027-07-02 10:00:00,160.0,166.619746900857,True
544,MLP,2027-07-02 10:05:00,155.0,166.0969716872478,True
544,MLP,2027-07-02 10:10:00,151.0,153.99525022181243,True
544,MLP,2027-07-02 10:15:00,147.0,161.24558260334456,True
544,MLP,2027-07-02 10:20:00,143.0,144.4103780377189,True
544,MLP,2027-07-02 10:25:00,139.0,147.55829378050652,True
544,MLP,2027-07-02 10:30:00,136.0,137.85478025154424,True
544,MLP,2027-07-02 10:35:00,133.0,132.29604988252026,True
544,MLP,2027-07-02 10:40:00,130.0,130.88662755763636,True
544,MLP,2027-07-02 10:45:00,127.0,125.37115584917512,True
544,MLP,2027-07-02 10:50:00,123.0,122.90798028239898,True
544,MLP,2027-07-02 10:55:00,121.0,118.36834799081832,True
544,MLP,2027-07-02 11:00:00,119.0,118.02198832638717,True
544,MLP,2027-07-02 11:05:00,116.0,116.95722044787408,True
544,MLP,2027-07-02 11:10:00,114.0,113.5106054111051,True
544,MLP,2027-07-02 11:15:00,108.0,112.03719385848568,True
544,MLP,2027-07-02 11:20:00,105.0,105.38297402764937,True
544,MLP,2027-07-02 11:25:00,104.0,109.95447293794852,True
544,MLP,2027-07-02 11:30:00,102.0,108.1090921719378,True
544,MLP,2027-07-02 11:35:00,85.0,103.77736075566142,True
544,MLP,2027-07-02 11:40:00,85.0,105.64124409901225,True
544,MLP,2027-07-02 11:45:00,85.0,109.90051485472053,True
544,MLP,2027-07-02 11:50:00,90.0,149.94310803395598,True
544,MLP,2027-07-02 11:55:00,96.0,140.11317125022893,True
544,MLP,2027-07-02 12:00:00,99.0,128.06130101615923,True
544,MLP,2027-07-02 12:05:00,107.0,106.91645197035926,True
544,MLP,2027-07-02 12:10:00,120.0,114.00897876584791,True
544,MLP,2027-07-02 12:15:00,134.0,97.971695635946,True
544,MLP,2027-07-02 12:20:00,145.0,126.6859191892522,True
544,MLP,2027-07-02 12:25:00,152.0,117.11746457220447,True
544,MLP,2027-07-02 12:30:00,153.0,114.58835078420815,True
544,MLP,2027-07-02 12:35:00,153.0,137.46448617545408,True
544,MLP,2027-07-02 12:40:00,161.0,146.01315581390193,True
544,MLP,2027-07-02 12:45:00,166.0,158.73876639658053,True
544,MLP,2027-07-02 12:50:00,171.0,175.66991764086868,True
544,MLP,2027-07-02 12:55:00,177.0,172.82657460443303,True
544,MLP,2027-07-02 13:00:00,183.0,152.09780067696803,True
544,MLP,2027-07-02 13:05:00,186.0,145.95776673550452,True
544,MLP,2027-07-02 13:10:00,188.0,176.52566756600933,True
544,MLP,2027-07-02 13:15:00,190.0,174.0728564414532,True
544,MLP,2027-07-02 13:20:00,189.0,184.10301932868813,True
544,MLP,2027-07-02 13:25:00,187.0,194.07045559486713,True
544,MLP,2027-07-02 13:30:00,190.0,200.25279610284522,True
544,MLP,2027-07-02 13:35:00,192.0,195.78896774610408,True
544,MLP,2027-07-02 13:40:00,191.0,199.88220938955305,True
544,MLP,2027-07-02 13:45:00,188.0,204.39114639619336,True
544,MLP,2027-07-02 13:50:00,187.0,188.13959744229194,True
544,MLP,2027-07-02 13:55:00,189.0,183.36770263700583,True
544,MLP,2027-07-02 14:00:00,192.0,198.13358351913865,True
544,MLP,2027-07-02 14:05:00,196.0,195.51890883868415,True
544,MLP,2027-07-02 14:10:00,199.0,189.810356722033,True
544,MLP,2027-07-02 14:15:00,202.0,181.4884816799068,True
544,MLP,2027-07-02 14:20:00,202.0,183.9627881063163,True
544,MLP,2027-07-02 14:25:00,203.0,191.9755308860904,True
544,MLP,2027-07-02 14:30:00,205.0,196.8727875918779,True
544,MLP,2027-07-02 14:35:00,205.0,206.68591498454555,True
544,MLP,2027-07-02 14:40:00,204.0,205.73856782110224,True
544,MLP,2027-07-02 14:45:00,204.0,210.6951879405797,True
544,MLP,2027-07-02 14:50:00,205.0,202.5085184189235,True
544,MLP,2027-07-02 14:55:00,203.0,206.88801742503796,True
544,MLP,2027-07-02 15:00:00,202.0,213.7556099984266,True
544,MLP,2027-07-02 15:05:00,202.0,206.4425379132475,True
544,MLP,2027-07-02 15:10:00,198.0,203.61375594619784,True
544,MLP,2027-07-02 15:15:00,193.0,204.2065573289265,True
544,MLP,2027-07-02 15:20:00,185.0,208.26822702129613,True
544,MLP,2027-07-02 15:25:00,178.0,200.30969363569545,True
544,MLP,2027-07-02 15:30:00,170.0,201.87570409417424,True
544,MLP,2027-07-02 15:35:00,167.0,202.71568762793802,True
544,MLP,2027-07-02 15:40:00,165.0,190.80719156406496,True
544,MLP,2027-07-02 15:45:00,159.0,182.67997039948145,True
544,MLP,2027-07-02 15:50:00,154.0,168.07436637769476,True
544,MLP,2027-07-02 15:55:00,152.0,164.10377391617968,True
544,MLP,2027-07-02 16:00:00,149.0,150.3553742444217,True
544,MLP,2027-07-02 16:05:00,147.0,160.58738120334692,True
544,MLP,2027-07-02 16:10:00,143.0,156.5060305289579,True
544,MLP,2027-07-02 16:15:00,137.0,140.35587614067984,True
544,MLP,2027-07-02 16:20:00,130.0,137.27470806903793,True
544,MLP,2027-07-02 16:25:00,122.0,141.89566729877706,True
544,MLP,2027-07-02 16:30:00,114.0,134.85954656542452,True
544,MLP,2027-07-02 16:35:00,108.0,137.72772981866171,True
544,MLP,2027-07-02 16:40:00,103.0,126.88118486378772,True
544,MLP,2027-07-02 16:45:00,99.0,119.05141029472183,True
544,MLP,2027-07-02 16:50:00,97.0,108.62140986005188,True
544,MLP,2027-07-02 16:55:00,94.0,100.18250063188161,True
544,MLP,2027-07-02 17:00:00,89.0,95.0749322152215,True
544,MLP,2027-07-02 17:05:00,85.0,94.50055744856631,True
544,MLP,2027-07-02 17:10:00,80.0,92.77023153958102,True
544,MLP,2027-07-02 17:15:00,76.0,90.25670221039134,True
544,MLP,2027-07-02 17:20:00,73.0,91.71282228038542,True
544,MLP,2027-07-02 17:25:00,70.0,84.53744849414151,True
544,MLP,2027-07-02 17:30:00,66.0,77.67423382202767,True
544,MLP,2027-07-02 17:35:00,65.0,79.43858947450794,True
544,MLP,2027-07-02 17:40:00,65.0,73.10927267746418,True
544,MLP,2027-07-02 17:45:00,64.0,73.40751925745931,True
544,MLP,2027-07-02 17:50:00,65.0,72.06042351878547,True
544,MLP,2027-07-02 17:55:00,74.0,69.82319177800845,True
544,MLP,2027-07-02 18:00:00,83.0,73.61744210327976,True
544,MLP,2027-07-02 18:05:00,103.0,74.11164326117985,True
544,MLP,2027-07-02 18:10:00,106.0,131.37978404064998,True
544,MLP,2027-07-02 18:15:00,125.0,105.83522208651287,True
544,MLP,2027-07-02 18:20:00,142.0,107.06920829989183,True
544,MLP,2027-07-02 18:25:00,158.0,115.2579863810482,True
544,MLP,2027-07-02 18:30:00,187.0,106.81883832999897,True
544,MLP,2027-07-02 18:35:00,200.0,139.83689137793573,True
544,MLP,2027-07-02 18:40:00,207.0,92.06443762823375,True
544,MLP,2027-07-02 18:45:00,215.0,135.56735811543612,True
544,MLP,2027-07-02 18:50:00,221.0,143.60356303504088,True
544,MLP,2027-07-02 18:55:00,224.0,156.886975134806,True
544,MLP,2027-07-02 19:00:00,227.0,202.67435294024565,True
544,MLP,2027-07-02 19:05:00,230.0,175.43981481345443,True
544,MLP,2027-07-02 19:10:00,231.0,196.17486313582936,True
544,MLP,2027-07-02 19:15:00,231.0,221.1279719819622,True
544,MLP,2027-07-02 19:20:00,229.0,214.8095349088641,True
544,MLP,2027-07-02 19:25:00,224.0,218.36264273067385,True
544,MLP,2027-07-02 19:30:00,215.0,227.780484513048,True
544,MLP,2027-07-02 19:35:00,207.0,235.27725657656558,True
544,MLP,2027-07-02 19:40:00,198.0,227.8004706102414,True
544,MLP,2027-07-02 19:45:00,190.0,226.54527401658487,True
544,MLP,2027-07-02 19:50:00,187.0,222.46198158294632,True
544,MLP,2027-07-02 19:55:00,180.0,206.80193493464017,True
544,MLP,2027-07-02 20:00:00,172.0,186.65782266094206,True
544,MLP,2027-07-02 20:05:00,168.0,179.7024068019013,True
544,MLP,2027-07-02 20:10:00,166.0,163.29850186689774,True
544,MLP,2027-07-02 20:15:00,163.0,157.95557070342633,True
544,MLP,2027-07-02 20:20:00,164.0,175.1129617641583,True
544,MLP,2027-07-02 20:25:00,160.0,151.74602802207121,True
544,MLP,2027-07-02 20:30:00,156.0,142.34482516117916,True
544,MLP,2027-07-02 20:35:00,157.0,148.92280778356692,True
544,MLP,2027-07-02 20:40:00,150.0,152.5812056270498,True
544,MLP,2027-07-02 20:45:00,151.0,145.94874901737074,True
544,MLP,2027-07-02 20:50:00,152.0,164.53528340589094,True
544,MLP,2027-07-02 20:55:00,151.0,142.25751304259043,True
544,MLP,2027-07-02 21:00:00,151.0,141.51937184484146,True
544,MLP,2027-07-02 21:05:00,152.0,156.38076885086537,True
544,MLP,2027-07-02 21:10:00,148.0,127.68818082120858,True
544,MLP,2027-07-02 21:15:00,142.0,151.99053534336247,True
544,MLP,2027-07-02 21:20:00,132.0,152.91576301477218,True
544,MLP,2027-07-02 21:25:00,123.0,144.4183437256763,True
544,MLP,2027-07-02 21:30:00,118.0,151.1670433779216,True
544,MLP,2027-07-02 21:35:00,110.0,155.51767072932535,True
544,MLP,2027-07-02 21:40:00,105.0,140.34907384553767,True
544,MLP,2027-07-02 21:45:00,102.0,129.82688896206633,True
544,MLP,2027-07-02 21:50:00,97.0,110.03050142326698,True
544,MLP,2027-07-02 21:55:00,93.0,108.49697923654936,True
544,MLP,2027-07-02 22:00:00,90.0,109.96455407503028,True
544,MLP,2027-07-02 22:05:00,90.0,94.00696069388816,True
544,MLP,2027-07-02 22:10:00,89.0,100.60061223306157,True
544,MLP,2027-07-02 22:15:00,93.0,100.28742979534564,True
544,MLP,2027-07-02 22:20:00,102.0,87.28946142504326,True
544,MLP,2027-07-02 22:25:00,116.0,84.70354016032418,True
544,MLP,2027-07-02 22:30:00,128.0,84.74577476511264,True
544,MLP,2027-07-02 22:35:00,138.0,94.31773842501015,True
544,MLP,2027-07-02 22:40:00,148.0,90.85176229714271,True
544,MLP,2027-07-02 22:45:00,153.0,109.55371625864221,True
544,MLP,2027-07-02 22:50:00,164.0,128.3403601597878,True
544,MLP,2027-07-02 22:55:00,178.0,149.5841912269647,True
544,MLP,2027-07-02 23:00:00,188.0,152.5878659025036,True
544,MLP,2027-07-02 23:05:00,193.0,155.15733640380677,True
544,MLP,2027-07-02 23:10:00,195.0,172.53313827176956,True
544,MLP,2027-07-02 23:15:00,197.0,166.811130313397,True
544,MLP,2027-07-02 23:20:00,195.0,200.05208399806696,True
544,MLP,2027-07-02 23:25:00,191.0,211.5312145585958,True
544,MLP,2027-07-02 23:30:00,185.0,217.1970477796365,True
544,MLP,2027-07-02 23:35:00,178.0,212.73621939447153,True
544,MLP,2027-07-02 23:40:00,167.0,207.26708321994022,True
544,MLP,2027-07-02 23:45:00,164.0,215.61190803661103,True
544,MLP,2027-07-02 23:50:00,162.0,193.68552605766226,True
544,MLP,2027-07-02 23:55:00,160.0,181.83499103450222,True
544,MLP,2027-07-03 00:00:00,157.0,171.879308729064,True
544,MLP,2027-07-03 00:05:00,153.0,163.6480713954427,True
544,MLP,2027-07-03 00:10:00,150.0,149.02465307153759,True
544,MLP,2027-07-03 00:15:00,148.0,176.81971015724065,True
544,MLP,2027-07-03 00:20:00,147.0,167.99861851958744,True
544,MLP,2027-07-03 00:25:00,145.0,163.79210838446735,True
544,MLP,2027-07-03 00:30:00,143.0,152.12170021166617,True
544,MLP,2027-07-03 00:35:00,143.0,141.96357997031578,True
544,MLP,2027-07-03 00:40:00,144.0,138.13786937734008,True
544,MLP,2027-07-03 00:45:00,145.0,135.38854890686392,True
544,MLP,2027-07-03 00:50:00,146.0,136.9324083030575,True
544,MLP,2027-07-03 00:55:00,147.0,135.09673665418714,True
544,MLP,2027-07-03 01:00:00,147.0,133.1698561026287,True
544,MLP,2027-07-03 01:05:00,148.0,137.5508980426477,True
544,MLP,2027-07-03 01:10:00,148.0,142.99233346956635,True
544,MLP,2027-07-03 01:15:00,149.0,145.78291233157663,True
544,MLP,2027-07-03 01:20:00,149.0,148.060250657755,True
544,MLP,2027-07-03 01:25:00,150.0,149.44410564114744,True
544,MLP,2027-07-03 01:30:00,152.0,145.92449211147022,True
544,MLP,2027-07-03 01:35:00,153.0,151.49785108374695,True
544,MLP,2027-07-03 01:40:00,152.0,149.4275713046818,True
544,MLP,2027-07-03 01:45:00,153.0,153.3213961155359,True
544,MLP,2027-07-03 01:50:00,153.0,149.87548909329314,True
544,MLP,2027-07-03 01:55:00,153.0,154.03125736591292,True
544,MLP,2027-07-03 02:00:00,152.0,157.84186678645077,True
544,MLP,2027-07-03 02:05:00,151.0,155.6226335475886,True
544,MLP,2027-07-03 02:10:00,150.0,151.2684351168636,True
544,MLP,2027-07-03 02:15:00,149.0,158.26251207557155,True
544,MLP,2027-07-03 02:20:00,148.0,153.76065248291528,True
544,MLP,2027-07-03 02:25:00,147.0,154.9396921477498,True
544,MLP,2027-07-03 02:30:00,146.0,151.62351247022517,True
544,MLP,2027-07-03 02:35:00,145.0,150.1867290081276,True
544,MLP,2027-07-03 02:40:00,145.0,147.8106154325068,True
544,MLP,2027-07-03 02:45:00,144.0,145.91742936742455,True
544,MLP,2027-07-03 02:50:00,143.0,144.92940384235476,True
544,MLP,2027-07-03 02:55:00,143.0,144.4938102371896,True
544,MLP,2027-07-03 03:00:00,142.0,143.25560233244707,True
544,MLP,2027-07-03 03:05:00,142.0,141.92741956926824,True
544,MLP,2027-07-03 03:10:00,141.0,143.88659702072397,True
544,MLP,2027-07-03 03:15:00,140.0,141.06239775789902,True
544,MLP,2027-07-03 03:20:00,139.0,140.64426243129554,True
544,MLP,2027-07-03 03:25:00,137.0,142.3591611939363,True
544,MLP,2027-07-03 03:30:00,135.0,139.1367341109344,True
544,MLP,2027-07-03 03:35:00,134.0,141.711731091615,True
544,MLP,2027-07-03 03:40:00,132.0,138.67867656439765,True
544,MLP,2027-07-03 03:45:00,131.0,137.97999643498727,True
544,MLP,2027-07-03 03:50:00,130.0,136.7182817466087,True
544,MLP,2027-07-03 03:55:00,130.0,132.12778758492075,True
544,MLP,2027-07-03 04:00:00,129.0,130.7582581117542,True
544,MLP,2027-07-03 04:05:00,127.0,131.6631714186647,True
544,MLP,2027-07-03 04:10:00,126.0,126.2948350340593,True
544,MLP,2027-07-03 04:15:00,125.0,127.85670453735584,True
544,MLP,2027-07-03 04:20:00,123.0,125.91995553229923,True
544,MLP,2027-07-03 04:25:00,122.0,128.09274703546592,True
544,MLP,2027-07-03 04:30:00,122.0,124.07343560481284,True
544,MLP,2027-07-03 04:35:00,121.0,120.27122586215008,True
544,MLP,2027-07-03 04:40:00,120.0,121.95998191479529,True
544,MLP,2027-07-03 04:45:00,118.0,120.36810709056527,True
544,MLP,2027-07-03 04:50:00,115.0,115.6998253143521,True
544,MLP,2027-07-03 04:55:00,115.0,117.65822591507602,True
544,MLP,2027-07-03 05:00:00,113.0,119.15017166514107,True
544,MLP,2027-07-03 05:05:00,112.0,116.18690344350463,True
544,MLP,2027-07-03 05:10:00,111.0,115.24500325657986,True
544,MLP,2027-07-03 05:15:00,109.0,111.44548230956842,True
544,MLP,2027-07-03 05:20:00,108.0,107.27262988521052,True
544,MLP,2027-07-03 05:25:00,108.0,112.57705683961065,True
544,MLP,2027-07-03 05:30:00,107.0,105.98650025307222,True
544,MLP,2027-07-03 05:35:00,106.0,108.1263392169006,True
544,MLP,2027-07-03 05:40:00,106.0,106.56111368337173,True
544,MLP,2027-07-03 05:45:00,105.0,101.86590897903325,True
544,MLP,2027-07-03 05:50:00,104.0,103.80588647770497,True
544,MLP,2027-07-03 05:55:00,103.0,106.1926657525264,True
544,MLP,2027-07-03 06:00:00,101.0,103.09626649022162,True
544,MLP,2027-07-03 06:05:00,101.0,102.4539880026587,True
544,MLP,2027-07-03 06:10:00,100.0,104.32706228499418,True
544,MLP,2027-07-03 06:15:00,100.0,101.1056696845835,True
544,MLP,2027-07-03 06:20:00,100.0,100.95739404948822,True
544,MLP,2027-07-03 06:25:00,100.0,99.80748065081859,True
544,MLP,2027-07-03 06:30:00,98.0,95.36841768283938,True
544,MLP,2027-07-03 06:35:00,96.0,100.55468156656754,True
544,MLP,2027-07-03 06:40:00,94.0,95.95130136183381,True
544,MLP,2027-07-03 06:45:00,94.0,100.70159990029798,True
544,MLP,2027-07-03 06:50:00,93.0,100.28868153773696,True
544,MLP,2027-07-03 06:55:00,91.0,100.82917177611363,True
544,MLP,2027-07-03 07:00:00,91.0,94.98502400205344,True
544,MLP,2027-07-03 07:05:00,89.0,93.00866706179659,True
544,MLP,2027-07-03 07:10:00,89.0,90.66726644672686,True
544,MLP,2027-07-03 07:15:00,89.0,95.18683296605248,True
544,MLP,2027-07-03 07:20:00,90.0,90.92334973953803,True
544,MLP,2027-07-03 07:25:00,91.0,88.04873645299995,True
544,MLP,2027-07-03 07:30:00,93.0,92.32321671029736,True
544,MLP,2027-07-03 07:35:00,96.0,86.87634521552862,True
544,MLP,2027-07-03 07:40:00,98.0,92.38860312439199,True
544,MLP,2027-07-03 07:45:00,100.0,91.45228707993054,True
544,MLP,2027-07-03 07:50:00,104.0,96.68056979696344,True
544,MLP,2027-07-03 07:55:00,107.0,95.95364652262786,True
544,MLP,2027-07-03 08:00:00,109.0,102.20609520881986,True
544,MLP,2027-07-03 08:05:00,112.0,110.12390329993266,True
544,MLP,2027-07-03 08:10:00,114.0,107.35868016234575,True
544,MLP,2027-07-03 08:15:00,115.0,110.99073461357771,True
544,MLP,2027-07-03 08:20:00,118.0,123.62216548078099,True
544,MLP,2027-07-03 08:25:00,120.0,120.60549837333294,True
544,MLP,2027-07-03 08:30:00,119.0,119.71252121784157,True
544,MLP,2027-07-03 08:35:00,144.0,127.31083984463294,True
544,MLP,2027-07-03 08:40:00,147.0,124.31070476372702,True
544,MLP,2027-07-03 08:45:00,148.0,122.50513527605364,True
544,MLP,2027-07-03 08:50:00,148.0,135.14950710289855,True
544,MLP,2027-07-03 08:55:00,152.0,186.23535514550227,True
544,MLP,2027-07-03 09:00:00,159.0,150.78425652809022,True
544,MLP,2027-07-03 09:05:00,164.0,206.21853216708507,True
544,MLP,2027-07-03 09:10:00,170.0,182.30856352116902,True
544,MLP,2027-07-03 09:15:00,178.0,172.5542570605679,True
544,MLP,2027-07-03 09:20:00,190.0,150.43980339503307,True
544,MLP,2027-07-03 09:25:00,201.0,172.8283758219413,True
544,MLP,2027-07-03 09:30:00,219.0,168.79278785822532,True
544,MLP,2027-07-03 09:35:00,233.0,168.20992739874336,True
544,MLP,2027-07-03 09:40:00,229.0,175.45921095432155,True
544,MLP,2027-07-03 09:45:00,232.0,190.6439420812272,True
544,MLP,2027-07-03 09:50:00,238.0,206.34495165960533,True
544,MLP,2027-07-03 09:55:00,248.0,227.47738040712548,True
544,MLP,2027-07-03 10:00:00,257.0,261.14552967364034,True
544,MLP,2027-07-03 10:05:00,256.0,262.68718340296664,True
544,MLP,2027-07-03 10:10:00,247.0,223.2378590698435,True
544,MLP,2027-07-03 10:15:00,235.0,238.70565295612465,True
544,MLP,2027-07-03 10:20:00,226.0,244.74038497612898,True
544,MLP,2027-07-03 10:25:00,214.0,265.44841850379055,True
544,MLP,2027-07-03 10:30:00,204.0,276.6903938648121,True
544,MLP,2027-07-03 10:35:00,195.0,255.5044654193177,True
544,MLP,2027-07-03 10:40:00,186.0,229.77494710534722,True
544,MLP,2027-07-03 10:45:00,173.0,198.98429146237274,True
544,MLP,2027-07-03 10:50:00,169.0,196.51849502135946,True
544,MLP,2027-07-03 10:55:00,172.0,169.94769898689813,True
544,MLP,2027-07-03 11:00:00,171.0,171.83321848208197,True
544,MLP,2027-07-03 11:05:00,167.0,159.0229032900207,True
544,MLP,2027-07-03 11:10:00,161.0,148.30095556830705,True
544,MLP,2027-07-03 11:15:00,159.0,120.04531784347961,True
544,MLP,2027-07-03 11:20:00,157.0,138.4309864487637,True
544,MLP,2027-07-03 11:25:00,157.0,151.84325415127958,True
544,MLP,2027-07-03 11:30:00,155.0,148.630668556804,True
544,MLP,2027-07-03 11:35:00,150.0,144.72499907016729,True
544,MLP,2027-07-03 11:40:00,147.0,137.73662133636086,True
544,MLP,2027-07-03 11:45:00,143.0,143.75373771460173,True
544,MLP,2027-07-03 11:50:00,139.0,137.3476963722866,True
544,MLP,2027-07-03 11:55:00,131.0,146.46728295282733,True
544,MLP,2027-07-03 12:00:00,125.0,141.05245088156187,True
544,MLP,2027-07-03 12:05:00,116.0,134.18718325573388,True
544,MLP,2027-07-03 12:10:00,112.0,133.24992347201703,True
544,MLP,2027-07-03 12:15:00,115.0,124.21750846036304,True
544,MLP,2027-07-03 12:20:00,116.0,123.83264596239914,True
544,MLP,2027-07-03 12:25:00,121.0,109.73727668200833,True
544,MLP,2027-07-03 12:30:00,124.0,107.42861663432159,True
544,MLP,2027-07-03 12:35:00,125.0,89.23049202959744,True
544,MLP,2027-07-03 12:40:00,122.0,101.95941475195848,True
544,MLP,2027-07-03 12:45:00,120.0,121.86821483963523,True
544,MLP,2027-07-03 12:50:00,117.0,118.03582481709874,True
544,MLP,2027-07-03 12:55:00,115.0,139.624550019025,True
544,MLP,2027-07-03 13:00:00,112.0,130.87810317277817,True
544,MLP,2027-07-03 13:05:00,99.0,126.54252492700569,True
544,MLP,2027-07-03 13:10:00,96.0,112.82297335198326,True
544,MLP,2027-07-03 13:15:00,98.0,113.96169539067715,True
544,MLP,2027-07-03 13:20:00,102.0,120.84276006232943,True
544,MLP,2027-07-03 13:25:00,106.0,130.59219114825467,True
544,MLP,2027-07-03 13:30:00,115.0,122.93024912991835,True
544,MLP,2027-07-03 13:35:00,123.0,104.53320099085495,True
544,MLP,2027-07-03 13:40:00,130.0,110.34317824386083,True
544,MLP,2027-07-03 13:45:00,137.0,118.52333782523517,True
544,MLP,2027-07-03 13:50:00,144.0,131.06018205423328,True
544,MLP,2027-07-03 13:55:00,151.0,127.41708884805567,True
544,MLP,2027-07-03 14:00:00,155.0,152.1761180360032,True
544,MLP,2027-07-03 14:05:00,158.0,141.63713775731654,True
544,MLP,2027-07-03 14:10:00,158.0,146.41022795986493,True
544,MLP,2027-07-03 14:15:00,158.0,154.4868540350699,True
544,MLP,2027-07-03 14:20:00,154.0,163.59611885782311,True
544,MLP,2027-07-03 14:25:00,151.0,172.0325350231038,True
544,MLP,2027-07-03 14:30:00,149.0,161.99929499483073,True
544,MLP,2027-07-03 14:35:00,148.0,162.42939648587233,True
544,MLP,2027-07-03 14:40:00,147.0,153.8398984253264,True
544,MLP,2027-07-03 14:45:00,149.0,159.53424984078606,True
544,MLP,2027-07-03 14:50:00,151.0,142.66477036113983,True
544,MLP,2027-07-03 14:55:00,150.0,147.2010897535771,True
544,MLP,2027-07-03 15:00:00,146.0,145.60021104239053,True
544,MLP,2027-07-03 15:05:00,144.0,147.44784243594458,True
544,MLP,2027-07-03 15:10:00,144.0,145.84233211522198,True
544,MLP,2027-07-03 15:15:00,142.0,155.31851514808037,True
544,MLP,2027-07-03 15:20:00,140.0,155.34162913361703,True
544,MLP,2027-07-03 15:25:00,138.0,146.96746849965714,True
544,MLP,2027-07-03 15:30:00,130.0,136.2886211282985,True
544,MLP,2027-07-03 15:35:00,124.0,141.91834592755194,True
544,MLP,2027-07-03 15:40:00,119.0,144.35261581774958,True
544,MLP,2027-07-03 15:45:00,113.0,136.66696957216712,True
544,MLP,2027-07-03 15:50:00,113.0,135.04508770125696,True
544,MLP,2027-07-03 15:55:00,110.0,132.46678195601504,True
544,MLP,2027-07-03 16:00:00,105.0,114.08216176084916,True
544,MLP,2027-07-03 16:05:00,103.0,110.63333685041107,True
544,MLP,2027-07-03 16:10:00,103.0,104.33530765183002,True
544,MLP,2027-07-03 16:15:00,105.0,94.98118828927822,True
544,MLP,2027-07-03 16:20:00,102.0,114.07209014465919,True
544,MLP,2027-07-03 16:25:00,98.0,93.38431012691241,True
544,MLP,2027-07-03 16:30:00,97.0,86.14506221894071,True
544,MLP,2027-07-03 16:35:00,97.0,94.10475620174891,True
544,MLP,2027-07-03 16:40:00,95.0,99.30866058305851,True
544,MLP,2027-07-03 16:45:00,94.0,111.32917507857377,True
544,MLP,2027-07-03 16:50:00,91.0,95.39255156674358,True
544,MLP,2027-07-03 16:55:00,87.0,91.84191453994475,True
544,MLP,2027-07-03 17:00:00,83.0,97.37806510982959,True
544,MLP,2027-07-03 17:05:00,81.0,95.9691298228817,True
544,MLP,2027-07-03 17:10:00,81.0,91.31354373370431,True
544,MLP,2027-07-03 17:15:00,80.0,94.84871529096372,True
544,MLP,2027-07-03 17:20:00,80.0,86.81778379059674,True
544,MLP,2027-07-03 17:25:00,81.0,82.54852632284832,True
544,MLP,2027-07-03 17:30:00,81.0,78.60305313932936,True
544,MLP,2027-07-03 17:35:00,78.0,81.79262170052225,True
544,MLP,2027-07-03 17:40:00,76.0,87.36862964273656,True
544,MLP,2027-07-03 17:45:00,76.0,84.70719428216833,True
544,MLP,2027-07-03 17:50:00,76.0,87.96410334241953,True
544,MLP,2027-07-03 17:55:00,79.0,90.83418254982207,True
544,MLP,2027-07-03 18:00:00,81.0,88.81042691846982,True
544,MLP,2027-07-03 18:05:00,81.0,83.46176341032103,True
544,MLP,2027-07-03 18:10:00,80.0,83.5142699637003,True
544,MLP,2027-07-03 18:15:00,79.0,86.82557891827976,True
544,MLP,2027-07-03 18:20:00,77.0,85.39809572154202,True
544,MLP,2027-07-03 18:25:00,76.0,99.02705023583,True
544,MLP,2027-07-03 18:30:00,77.0,96.36205363195222,True
544,MLP,2027-07-03 18:35:00,77.0,92.13256043281382,True
544,MLP,2027-07-03 18:40:00,77.0,89.93413684930422,True
544,MLP,2027-07-03 18:45:00,76.0,88.79264597082401,True
544,MLP,2027-07-03 18:50:00,75.0,84.68915959278911,True
544,MLP,2027-07-03 18:55:00,76.0,86.39549490935575,True
544,MLP,2027-07-03 19:00:00,75.0,92.05041634138341,True
544,MLP,2027-07-03 19:05:00,76.0,88.02477784112263,True
544,MLP,2027-07-03 19:10:00,82.0,89.66545039508905,True
544,MLP,2027-07-03 19:15:00,82.0,88.95678154023491,True
544,MLP,2027-07-03 19:20:00,82.0,87.24276077524065,True
544,MLP,2027-07-03 19:25:00,85.0,151.1288359855658,True
544,MLP,2027-07-03 19:30:00,89.0,116.72652979431864,True
544,MLP,2027-07-03 19:35:00,94.0,110.16308533912675,True
544,MLP,2027-07-03 19:40:00,100.0,109.85540706586507,True
544,MLP,2027-07-03 19:45:00,105.0,90.26341903449406,True
544,MLP,2027-07-03 19:50:00,111.0,87.54679184191203,True
544,MLP,2027-07-03 19:55:00,116.0,99.53970905397539,True
544,MLP,2027-07-03 20:00:00,118.0,99.64244047413597,True
544,MLP,2027-07-03 20:05:00,120.0,95.56840086733591,True
544,MLP,2027-07-03 20:10:00,124.0,99.54420564731177,True
544,MLP,2027-07-03 20:15:00,125.0,104.09370675837563,True
544,MLP,2027-07-03 20:20:00,126.0,115.15716974141411,True
544,MLP,2027-07-03 20:25:00,129.0,126.87723942862698,True
544,MLP,2027-07-03 20:30:00,132.0,119.38811560398375,True
544,MLP,2027-07-03 20:35:00,135.0,121.29582312705672,True
544,MLP,2027-07-03 20:40:00,137.0,130.71877932669554,True
544,MLP,2027-07-03 20:45:00,141.0,120.43894030354188,True
544,MLP,2027-07-03 20:50:00,142.0,124.53469324395452,True
544,MLP,2027-07-03 20:55:00,143.0,136.7265218544296,True
544,MLP,2027-07-03 21:00:00,143.0,139.8924355255677,True
544,MLP,2027-07-03 21:05:00,139.0,145.56090927493628,True
544,MLP,2027-07-03 21:10:00,134.0,145.5496482938431,True
544,MLP,2027-07-03 21:15:00,127.0,160.00952147904778,True
544,MLP,2027-07-03 21:20:00,122.0,147.93638926384787,True
544,MLP,2027-07-03 21:25:00,124.0,152.16089984653058,True
544,MLP,2027-07-03 21:30:00,125.0,147.1967798940511,True
544,MLP,2027-07-03 21:35:00,126.0,132.34344744536864,True
544,MLP,2027-07-03 21:40:00,128.0,121.65768076443727,True
544,MLP,2027-07-03 21:45:00,133.0,107.91351006943398,True
544,MLP,2027-07-03 21:50:00,138.0,107.44528339980796,True
544,MLP,2027-07-03 21:55:00,140.0,127.31937355287474,True
544,MLP,2027-07-03 22:00:00,137.0,121.63651373824176,True
544,MLP,2027-07-03 22:05:00,144.0,127.39327753026967,True
544,MLP,2027-07-03 22:10:00,161.0,134.9846382930135,True
544,MLP,2027-07-03 22:15:00,174.0,151.42192558997786,True
544,MLP,2027-07-03 22:20:00,184.0,154.9486561306567,True
544,MLP,2027-07-03 22:25:00,194.0,142.91940108981427,True
544,MLP,2027-07-03 22:30:00,204.0,131.09008650604764,True
544,MLP,2027-07-03 22:35:00,213.0,162.48848384013365,True
544,MLP,2027-07-03 22:40:00,217.0,172.0170324834833,True
544,MLP,2027-07-03 22:45:00,222.0,187.33207270249247,True
544,MLP,2027-07-03 22:50:00,225.0,202.77721561307945,True
544,MLP,2027-07-03 22:55:00,228.0,218.68274054584734,True
544,MLP,2027-07-03 23:00:00,229.0,230.13858010517004,True
544,MLP,2027-07-03 23:05:00,231.0,243.2407094883282,True
544,MLP,2027-07-03 23:10:00,234.0,228.90970334889994,True
544,MLP,2027-07-03 23:15:00,235.0,242.9150061959073,True
544,MLP,2027-07-03 23:20:00,239.0,236.2293066365946,True
544,MLP,2027-07-03 23:25:00,242.0,238.52013859856865,True
544,MLP,2027-07-03 23:30:00,246.0,233.28537796091246,True
544,MLP,2027-07-03 23:35:00,249.0,244.05480635404098,True
544,MLP,2027-07-03 23:40:00,253.0,251.53142986875866,True
544,MLP,2027-07-03 23:45:00,257.0,244.38471953155468,True
544,MLP,2027-07-03 23:50:00,261.0,260.0160200860876,True
544,MLP,2027-07-03 23:55:00,267.0,256.3127712024746,True
544,MLP,2027-07-04 00:00:00,272.0,261.97746370512874,True
544,MLP,2027-07-04 00:05:00,279.0,260.89010388158647,True
544,MLP,2027-07-04 00:10:00,286.0,265.12957764664844,True
544,MLP,2027-07-04 00:15:00,291.0,268.8285661698852,True
544,MLP,2027-07-04 00:20:00,298.0,272.1503575609455,True
544,MLP,2027-07-04 00:25:00,303.0,280.42377772979967,True
544,MLP,2027-07-04 00:30:00,306.0,282.1290806490662,True
544,MLP,2027-07-04 00:35:00,305.0,293.38221629734267,True
544,MLP,2027-07-04 00:40:00,299.0,299.0464698837842,True
544,MLP,2027-07-04 00:45:00,292.0,301.4868236910662,True
544,MLP,2027-07-04 00:50:00,285.0,313.59521906268407,True
544,MLP,2027-07-04 00:55:00,280.0,313.86756976098883,True
544,MLP,2027-07-04 01:00:00,278.0,314.88658086071024,True
544,MLP,2027-07-04 01:05:00,278.0,304.6542671785861,True
544,MLP,2027-07-04 01:10:00,280.0,291.64883644355814,True
544,MLP,2027-07-04 01:15:00,281.0,285.5395564944465,True
544,MLP,2027-07-04 01:20:00,281.0,276.62973453535494,True
544,MLP,2027-07-04 01:25:00,275.0,274.84506209163743,True
544,MLP,2027-07-04 01:30:00,266.0,279.5476766718466,True
544,MLP,2027-07-04 01:35:00,260.0,280.5449175415477,True
544,MLP,2027-07-04 01:40:00,252.0,279.95351867116244,True
544,MLP,2027-07-04 01:45:00,247.0,278.1854029383089,True
544,MLP,2027-07-04 01:50:00,240.0,283.16369987007874,True
544,MLP,2027-07-04 01:55:00,237.0,270.9895746145445,True
544,MLP,2027-07-04 02:00:00,233.0,255.85198183884575,True
544,MLP,2027-07-04 02:05:00,228.0,252.77389745668108,True
544,MLP,2027-07-04 02:10:00,226.0,239.3054189764924,True
544,MLP,2027-07-04 02:15:00,227.0,244.36265196751464,True
544,MLP,2027-07-04 02:20:00,227.0,231.9214714248698,True
544,MLP,2027-07-04 02:25:00,227.0,237.94519942596997,True
544,MLP,2027-07-04 02:30:00,226.0,228.35460397721764,True
544,MLP,2027-07-04 02:35:00,227.0,220.2854691072887,True
544,MLP,2027-07-04 02:40:00,229.0,220.10495282064446,True
544,MLP,2027-07-04 02:45:00,231.0,222.19545931852645,True
544,MLP,2027-07-04 02:50:00,238.0,221.65588251670937,True
544,MLP,2027-07-04 02:55:00,240.0,224.32946697805107,True
544,MLP,2027-07-04 03:00:00,240.0,222.7945789373417,True
544,MLP,2027-07-04 03:05:00,241.0,229.04543571632303,True
544,MLP,2027-07-04 03:10:00,239.0,231.2248587936999,True
544,MLP,2027-07-04 03:15:00,234.0,234.48599136249655,True
544,MLP,2027-07-04 03:20:00,232.0,242.76740261304784,True
544,MLP,2027-07-04 03:25:00,230.0,237.69839690113315,True
544,MLP,2027-07-04 03:30:00,228.0,239.3165751899071,True
544,MLP,2027-07-04 03:35:00,225.0,244.53852628416618,True
544,MLP,2027-07-04 03:40:00,223.0,237.18408721970175,True
544,MLP,2027-07-04 03:45:00,221.0,231.91528890565317,True
544,MLP,2027-07-04 03:50:00,223.0,234.01023971678316,True
544,MLP,2027-07-04 03:55:00,225.0,230.43419626164663,True
544,MLP,2027-07-04 04:00:00,223.0,227.75296817129492,True
544,MLP,2027-07-04 04:05:00,221.0,221.16121561908156,True
544,MLP,2027-07-04 04:10:00,218.0,221.67255170260117,True
544,MLP,2027-07-04 04:15:00,216.0,218.00897204308322,True
544,MLP,2027-07-04 04:20:00,214.0,223.81056265293284,True
544,MLP,2027-07-04 04:25:00,213.0,223.64187444051456,True
544,MLP,2027-07-04 04:30:00,211.0,218.87069037856713,True
544,MLP,2027-07-04 04:35:00,209.0,219.1078933013858,True
544,MLP,2027-07-04 04:40:00,207.0,211.07869164271105,True
544,MLP,2027-07-04 04:45:00,205.0,211.80302375795284,True
544,MLP,2027-07-04 04:50:00,202.0,209.690023902823,True
544,MLP,2027-07-04 04:55:00,200.0,209.46133481094083,True
544,MLP,2027-07-04 05:00:00,200.0,205.4397891792564,True
544,MLP,2027-07-04 05:05:00,200.0,203.5505310213957,True
544,MLP,2027-07-04 05:10:00,198.0,201.54166667800396,True
544,MLP,2027-07-04 05:15:00,195.0,199.67074388557694,True
544,MLP,2027-07-04 05:20:00,191.0,195.61857208668894,True
544,MLP,2027-07-04 05:25:00,188.0,194.06156795068867,True
544,MLP,2027-07-04 05:30:00,185.0,195.457813745713,True
544,MLP,2027-07-04 05:35:00,183.0,196.17827438638355,True
544,MLP,2027-07-04 05:40:00,180.0,191.3873076661903,True
544,MLP,2027-07-04 05:45:00,175.0,187.74342502344885,True
544,MLP,2027-07-04 05:50:00,173.0,182.75614054543786,True
544,MLP,2027-07-04 05:55:00,174.0,182.59764799183435,True
544,MLP,2027-07-04 06:00:00,171.0,179.00336063498025,True
544,MLP,2027-07-04 06:05:00,170.0,178.4626908601912,True
544,MLP,2027-07-04 06:10:00,168.0,174.09713729330534,True
544,MLP,2027-07-04 06:15:00,163.0,166.19008433666272,True
544,MLP,2027-07-04 06:20:00,159.0,168.3283158677235,True
544,MLP,2027-07-04 06:25:00,156.0,170.93928260953285,True
544,MLP,2027-07-04 06:30:00,154.0,164.80790595641733,True
544,MLP,2027-07-04 06:35:00,151.0,167.07429072058832,True
544,MLP,2027-07-04 06:40:00,149.0,160.65745138989794,True
544,MLP,2027-07-04 06:45:00,147.0,152.75033045975738,True
544,MLP,2027-07-04 06:50:00,145.0,151.73757445753253,True
544,MLP,2027-07-04 06:55:00,144.0,150.1815282442099,True
544,MLP,2027-07-04 07:00:00,144.0,149.92770974276957,True
544,MLP,2027-07-04 07:05:00,144.0,144.43946192165416,True
544,MLP,2027-07-04 07:10:00,144.0,143.3806668788628,True
544,MLP,2027-07-04 07:15:00,144.0,141.4589749538308,True
544,MLP,2027-07-04 07:20:00,144.0,139.88427766805123,True
544,MLP,2027-07-04 07:25:00,144.0,141.5553118875356,True
544,MLP,2027-07-04 10:15:00,126.0,160.02727297683404,False
544,MLP,2027-07-04 10:20:00,123.0,160.0039195497061,False
544,MLP,2027-07-04 10:25:00,118.0,159.96256905068591,False
544,MLP,2027-07-04 10:30:00,119.0,188.84880394521247,False
544,MLP,2027-07-04 10:35:00,122.0,185.43151362283282,False
544,MLP,2027-07-04 10:40:00,125.0,186.23775480489547,False
544,MLP,2027-07-04 10:45:00,120.0,155.2546004316076,True
544,MLP,2027-07-04 10:50:00,111.0,134.50253729422334,True
544,MLP,2027-07-04 10:55:00,104.0,120.79656730330044,True
544,MLP,2027-07-04 11:00:00,100.0,141.2651735849802,True
544,MLP,2027-07-04 11:05:00,105.0,148.51288749028419,True
544,MLP,2027-07-04 11:10:00,119.0,148.28669530122013,True
544,MLP,2027-07-04 11:15:00,127.0,120.3075918212923,True
544,MLP,2027-07-04 11:20:00,132.0,107.66785109775147,True
544,MLP,2027-07-04 11:25:00,133.0,94.1674076888897,True
544,MLP,2027-07-04 11:30:00,132.0,91.4393114792793,True
544,MLP,2027-07-04 11:35:00,131.0,118.26650594055992,True
544,MLP,2027-07-04 11:40:00,131.0,137.4966672594999,True
544,MLP,2027-07-04 11:45:00,131.0,181.9459828903986,True
544,MLP,2027-07-04 11:50:00,131.0,155.43818459071642,True
544,MLP,2027-07-04 11:55:00,130.0,149.94320863195085,True
544,MLP,2027-07-04 12:00:00,132.0,155.21633736155783,True
544,MLP,2027-07-04 12:05:00,145.0,147.20705933225253,True
544,MLP,2027-07-04 12:10:00,150.0,143.30022280520814,True
544,MLP,2027-07-04 12:15:00,146.0,133.6616879454456,True
544,MLP,2027-07-04 12:20:00,144.0,118.5788698067599,True
544,MLP,2027-07-04 12:25:00,140.0,121.20063075761011,True
544,MLP,2027-07-04 12:30:00,136.0,128.93524349874534,True
544,MLP,2027-07-04 12:35:00,133.0,162.82482361015244,True
544,MLP,2027-07-04 12:40:00,129.0,158.36483648000709,True
544,MLP,2027-07-04 12:45:00,122.0,152.34084698305475,True
544,MLP,2027-07-04 12:50:00,105.0,153.06946742449546,True
544,MLP,2027-07-04 12:55:00,97.0,136.16532079244095,True
544,MLP,2027-07-04 13:00:00,91.0,125.86467470688102,True
544,MLP,2027-07-04 13:05:00,81.0,122.91303229367993,True
544,MLP,2027-07-04 13:10:00,77.0,118.62192592734816,True
544,MLP,2027-07-04 13:15:00,81.0,108.92778627329695,True
544,MLP,2027-07-04 13:20:00,86.0,99.26765910053223,True
544,MLP,2027-07-04 13:25:00,89.0,102.51585135536524,True
544,MLP,2027-07-04 13:30:00,94.0,89.98466451174941,True
544,MLP,2027-07-04 13:35:00,98.0,76.71044995708279,True
544,MLP,2027-07-04 13:40:00,99.0,81.36092290246343,True
544,MLP,2027-07-04 13:45:00,102.0,98.74463216551797,True
544,MLP,2027-07-04 13:50:00,107.0,108.79000403341536,True
544,MLP,2027-07-04 13:55:00,112.0,104.71183698901133,True
544,MLP,2027-07-04 14:00:00,118.0,120.63066319500679,True
544,MLP,2027-07-04 14:05:00,123.0,116.86279911767774,True
544,MLP,2027-07-04 14:10:00,120.0,104.90404428754009,True
544,MLP,2027-07-04 14:15:00,112.0,116.38547373112459,True
544,MLP,2027-07-04 14:20:00,103.0,126.93929820744951,True
544,MLP,2027-07-04 14:25:00,94.0,132.35737168957004,True
544,MLP,2027-07-04 14:30:00,85.0,143.51069604779534,True
544,MLP,2027-07-04 14:35:00,76.0,142.88236047091885,True
544,MLP,2027-07-04 14:40:00,73.0,118.82583121341811,True
544,MLP,2027-07-04 14:45:00,72.0,109.64254331142605,True
544,MLP,2027-07-04 14:50:00,71.0,92.86284801271832,True
544,MLP,2027-07-04 14:55:00,67.0,80.2253590187661,True
544,MLP,2027-07-04 15:00:00,65.0,70.80687772187316,True
544,MLP,2027-07-04 15:05:00,74.0,64.46522294112256,True
544,MLP,2027-07-04 15:10:00,89.0,79.04711215473101,True
544,MLP,2027-07-04 15:15:00,94.0,79.76906573703023,True
544,MLP,2027-07-04 15:20:00,107.0,82.2539379509217,True
544,MLP,2027-07-04 15:25:00,120.0,73.79613875080153,True
544,MLP,2027-07-04 15:30:00,135.0,77.61633676303707,True
544,MLP,2027-07-04 15:35:00,147.0,111.87127447978996,True
544,MLP,2027-07-04 15:40:00,155.0,135.61339711883133,True
544,MLP,2027-07-04 15:45:00,152.0,111.08795223401542,True
544,MLP,2027-07-04 15:50:00,146.0,150.7858389859256,True
544,MLP,2027-07-04 15:55:00,144.0,155.49811373644738,True
544,MLP,2027-07-04 16:00:00,148.0,177.91641595718428,True
544,MLP,2027-07-04 16:05:00,148.0,181.14682374136532,True
544,MLP,2027-07-04 16:10:00,148.0,178.48475998678614,True
544,MLP,2027-07-04 16:15:00,148.0,156.5153106643774,True
544,MLP,2027-07-04 16:20:00,246.0,141.55580664591557,True
544,MLP,2027-07-04 16:25:00,262.0,151.67681832184522,True
544,MLP,2027-07-04 16:30:00,271.0,162.95207308973633,True
544,MLP,2027-07-04 16:35:00,277.0,143.35364621763355,True
544,MLP,2027-07-04 16:40:00,280.0,146.5539033755518,True
544,MLP,2027-07-04 16:45:00,279.0,145.35388325225668,True
544,MLP,2027-07-04 16:50:00,278.0,289.69906135681987,True
544,MLP,2027-07-04 16:55:00,273.0,246.85754275684164,True
544,MLP,2027-07-04 17:00:00,267.0,261.0005219452239,True
544,MLP,2027-07-04 17:05:00,266.0,270.5233343287361,True
544,MLP,2027-07-04 17:10:00,267.0,254.65775704775768,True
544,MLP,2027-07-04 17:15:00,268.0,250.2405100639562,True
544,MLP,2027-07-04 17:20:00,265.0,265.3297803315478,True
544,MLP,2027-07-04 17:25:00,266.0,247.94634547984387,True
544,MLP,2027-07-04 17:30:00,274.0,247.01752227032554,True
544,MLP,2027-07-04 17:35:00,279.0,258.09600450265225,True
544,MLP,2027-07-04 17:40:00,274.0,266.0328789503801,True
544,MLP,2027-07-04 17:45:00,275.0,326.3870880940554,True
544,MLP,2027-07-04 17:50:00,280.0,283.2884523556205,True
544,MLP,2027-07-04 17:55:00,280.0,278.44804525525683,True
544,MLP,2027-07-04 18:00:00,274.0,283.42498699174973,True
544,MLP,2027-07-04 18:05:00,270.0,275.2439686010037,True
544,MLP,2027-07-04 18:10:00,268.0,254.01246567303346,True
544,MLP,2027-07-04 18:15:00,270.0,276.0217790771294,True
544,MLP,2027-07-04 18:20:00,272.0,271.4569045311973,True
544,MLP,2027-07-04 18:25:00,289.0,250.95240747764922,True
544,MLP,2027-07-04 18:30:00,307.0,227.1627563852716,True
544,MLP,2027-07-04 18:35:00,313.0,240.84245609122942,True
544,MLP,2027-07-04 18:40:00,313.0,237.62331704565815,True
544,MLP,2027-07-04 18:45:00,314.0,260.28897325081317,True
544,MLP,2027-07-04 18:50:00,316.0,264.27729095493055,True
544,MLP,2027-07-04 18:55:00,312.0,319.41560563047767,True
544,MLP,2027-07-04 19:00:00,304.0,337.3754677350331,True
544,MLP,2027-07-04 19:05:00,298.0,312.015887401558,True
544,MLP,2027-07-04 19:10:00,304.0,295.5661728143487,True
544,MLP,2027-07-04 19:15:00,311.0,303.8454563114984,True
544,MLP,2027-07-04 19:20:00,313.0,305.31393153047134,True
544,MLP,2027-07-04 19:25:00,320.0,280.20986024831836,True
544,MLP,2027-07-04 19:30:00,321.0,264.8378473479417,True
544,MLP,2027-07-04 19:35:00,314.0,262.9863430006859,True
544,MLP,2027-07-04 19:40:00,312.0,295.3381481071665,True
544,MLP,2027-07-04 19:45:00,310.0,303.83057982489026,True
544,MLP,2027-07-04 19:50:00,301.0,296.4241377468373,True
544,MLP,2027-07-04 19:55:00,293.0,328.3481238258307,True
544,MLP,2027-07-04 20:00:00,293.0,306.3559461772753,True
544,MLP,2027-07-04 20:05:00,301.0,287.19351713634194,True
544,MLP,2027-07-04 20:10:00,307.0,292.04705326109115,True
544,MLP,2027-07-04 20:15:00,306.0,281.3779979678306,True
544,MLP,2027-07-04 20:20:00,300.0,264.0172703316328,True
544,MLP,2027-07-04 20:25:00,296.0,256.42459607878925,True
544,MLP,2027-07-04 20:30:00,296.0,273.07192887938845,True
544,MLP,2027-07-04 20:35:00,292.0,295.4552573020611,True
544,MLP,2027-07-04 20:40:00,284.0,299.8207189746174,True
544,MLP,2027-07-04 20:45:00,273.0,287.850602297049,True
544,MLP,2027-07-04 20:50:00,262.0,278.2278658339434,True
544,LightGBM,2027-06-24 00:00:00,139.0,150.7686567270474,True
544,LightGBM,2027-06-24 00:05:00,135.0,139.7160774069718,True
544,LightGBM,2027-06-24 00:10:00,133.0,135.92174594564415,True
544,LightGBM,2027-06-24 00:15:00,130.0,136.34517282744793,True
544,LightGBM,2027-06-24 00:20:00,125.0,133.6680374155572,True
544,LightGBM,2027-06-24 00:25:00,121.0,131.77006698919772,True
544,LightGBM,2027-06-24 00:30:00,117.0,134.08700826276475,True
544,LightGBM,2027-06-24 00:35:00,113.0,123.41893540460944,True
544,LightGBM,2027-06-24 00:40:00,110.0,126.57447828628969,True
544,LightGBM,2027-06-24 00:45:00,107.0,120.51557078933412,True
544,LightGBM,2027-06-24 00:50:00,105.0,112.51845147076358,True
544,LightGBM,2027-06-24 00:55:00,103.0,110.16824241713354,True
544,LightGBM,2027-06-24 01:00:00,100.0,106.41364577781168,True
544,LightGBM,2027-06-24 01:05:00,98.0,103.19936987834404,True
544,LightGBM,2027-06-24 01:10:00,96.0,102.71652627144654,True
544,LightGBM,2027-06-24 01:15:00,93.0,97.13018401797373,True
544,LightGBM,2027-06-24 01:20:00,91.0,97.92602414900065,True
544,LightGBM,2027-06-24 01:25:00,89.0,95.93358754282053,True
544,LightGBM,2027-06-24 01:30:00,88.0,90.87499221141279,True
544,LightGBM,2027-06-24 01:35:00,87.0,91.00362443977374,True
544,LightGBM,2027-06-24 01:40:00,85.0,89.38240446171702,True
544,LightGBM,2027-06-24 01:45:00,83.0,86.32668987725891,True
544,LightGBM,2027-06-24 01:50:00,81.0,86.414367741155,True
544,LightGBM,2027-06-24 01:55:00,79.0,84.46645123756697,True
544,LightGBM,2027-06-24 02:00:00,77.0,85.71647605089915,True
544,LightGBM,2027-06-24 02:05:00,76.0,83.24841336804275,True
544,LightGBM,2027-06-24 02:10:00,75.0,81.39143279622522,True
544,LightGBM,2027-06-24 02:15:00,74.0,80.59893801045874,True
544,LightGBM,2027-06-24 02:20:00,75.0,78.18211600704605,True
544,LightGBM,2027-06-24 02:25:00,75.0,77.15031014848066,True
544,LightGBM,2027-06-24 02:30:00,75.0,74.52741786827465,True
544,LightGBM,2027-06-24 02:35:00,77.0,75.34797105714004,True
544,LightGBM,2027-06-24 02:40:00,81.0,74.28239372719338,True
544,LightGBM,2027-06-24 02:45:00,79.0,73.6304425238342,True
544,LightGBM,2027-06-24 02:50:00,76.0,79.97230850717071,True
544,LightGBM,2027-06-24 02:55:00,75.0,77.69447725624072,True
544,LightGBM,2027-06-24 03:00:00,73.0,78.29024396398242,True
544,LightGBM,2027-06-24 03:05:00,72.0,86.65072020593693,True
544,LightGBM,2027-06-24 03:10:00,72.0,96.22127218116606,True
544,LightGBM,2027-06-24 03:15:00,73.0,82.3738258757832,True
544,LightGBM,2027-06-24 03:20:00,73.0,78.02574678349852,True
544,LightGBM,2027-06-24 03:25:00,73.0,78.33657120018664,True
544,LightGBM,2027-06-24 03:30:00,75.0,74.8730731785576,True
544,LightGBM,2027-06-24 03:35:00,74.0,74.78304191805356,True
544,LightGBM,2027-06-24 03:40:00,74.0,77.14330286232473,True
544,LightGBM,2027-06-24 03:45:00,74.0,80.30551056898547,True
544,LightGBM,2027-06-24 03:50:00,72.0,79.36400163421868,True
544,LightGBM,2027-06-24 03:55:00,70.0,79.75285251056673,True
544,LightGBM,2027-06-24 04:00:00,69.0,88.1403016551654,True
544,LightGBM,2027-06-24 04:05:00,67.0,76.93537640295054,True
544,LightGBM,2027-06-24 04:10:00,70.0,80.62310788911871,True
544,LightGBM,2027-06-24 04:15:00,71.0,78.45815734195047,True
544,LightGBM,2027-06-24 04:20:00,71.0,75.00452836193385,True
544,LightGBM,2027-06-24 04:25:00,71.0,71.47165524816799,True
544,LightGBM,2027-06-24 04:30:00,70.0,72.3548402684945,True
544,LightGBM,2027-06-24 04:35:00,70.0,69.69161252145776,True
544,LightGBM,2027-06-24 04:40:00,72.0,85.88320812016283,True
544,LightGBM,2027-06-24 04:45:00,71.0,78.54250963136992,True
544,LightGBM,2027-06-24 04:50:00,71.0,79.44429893419307,True
544,LightGBM,2027-06-24 04:55:00,71.0,78.32877673369492,True
544,LightGBM,2027-06-24 05:00:00,71.0,74.04260386627175,True
544,LightGBM,2027-06-24 05:05:00,71.0,75.60887758878404,True
544,LightGBM,2027-06-24 05:10:00,73.0,86.86438899420752,True
544,LightGBM,2027-06-24 05:15:00,73.0,76.08398814856328,True
544,LightGBM,2027-06-24 05:20:00,72.0,78.88197252735348,True
544,LightGBM,2027-06-24 05:25:00,69.0,77.54298685013342,True
544,LightGBM,2027-06-24 05:30:00,69.0,77.8319884184096,True
544,LightGBM,2027-06-24 05:35:00,73.0,78.34982633288752,True
544,LightGBM,2027-06-24 05:40:00,76.0,89.61494225583021,True
544,LightGBM,2027-06-24 05:45:00,74.0,81.1089939967632,True
544,LightGBM,2027-06-24 05:50:00,72.0,79.69486736942389,True
544,LightGBM,2027-06-24 05:55:00,71.0,74.59120497084857,True
544,LightGBM,2027-06-24 06:00:00,73.0,78.65099472952592,True
544,LightGBM,2027-06-24 06:05:00,72.0,95.8623761741005,True
544,LightGBM,2027-06-24 06:10:00,71.0,91.25487459338794,True
544,LightGBM,2027-06-24 06:15:00,69.0,81.10520414916081,True
544,LightGBM,2027-06-24 06:20:00,67.0,79.61896379396495,True
544,LightGBM,2027-06-24 06:25:00,66.0,77.9879536558048,True
544,LightGBM,2027-06-24 06:30:00,65.0,90.59143284781061,True
544,LightGBM,2027-06-24 06:35:00,65.0,78.87848083135233,True
544,LightGBM,2027-06-24 06:40:00,66.0,78.77216290998311,True
544,LightGBM,2027-06-24 06:45:00,64.0,74.6072607755863,True
544,LightGBM,2027-06-24 06:50:00,65.0,72.46062282130218,True
544,LightGBM,2027-06-24 06:55:00,64.0,73.05880947851344,True
544,LightGBM,2027-06-24 07:00:00,63.0,73.54060596482027,True
544,LightGBM,2027-06-24 07:05:00,62.0,75.5787891526624,True
544,LightGBM,2027-06-24 07:10:00,62.0,78.10417417845315,True
544,LightGBM,2027-06-24 07:15:00,63.0,74.47510505364318,True
544,LightGBM,2027-06-24 07:20:00,62.0,79.2985045793866,True
544,LightGBM,2027-06-24 07:25:00,63.0,74.31274658670841,True
544,LightGBM,2027-06-24 07:30:00,63.0,73.90272915297207,True
544,LightGBM,2027-06-24 07:35:00,63.0,71.05546486513221,True
544,LightGBM,2027-06-24 07:40:00,63.0,72.77541991503443,True
544,LightGBM,2027-06-24 07:45:00,67.0,78.0575166296699,True
544,LightGBM,2027-06-24 07:50:00,69.0,72.9201439992025,True
544,LightGBM,2027-06-24 07:55:00,71.0,79.75713751455868,True
544,LightGBM,2027-06-24 08:00:00,75.0,77.17740225903546,True
544,LightGBM,2027-06-24 08:05:00,83.0,78.25226347417201,True
544,LightGBM,2027-06-24 08:10:00,89.0,77.70108705579636,True
544,LightGBM,2027-06-24 08:15:00,99.0,95.93549883029453,True
544,LightGBM,2027-06-24 08:20:00,109.0,90.70687188893518,True
544,LightGBM,2027-06-24 08:25:00,112.0,93.4262300291156,True
544,LightGBM,2027-06-24 08:30:00,119.0,104.46269481867877,True
544,LightGBM,2027-06-24 08:35:00,127.0,119.49988069835719,True
544,LightGBM,2027-06-24 08:40:00,132.0,119.29008913503053,True
544,LightGBM,2027-06-24 08:45:00,134.0,144.44654666929603,True
544,LightGBM,2027-06-24 08:50:00,143.0,148.81617532951702,True
544,LightGBM,2027-06-24 08:55:00,155.0,126.80006146414547,True
544,LightGBM,2027-06-24 09:00:00,166.0,146.07750282509687,True
544,LightGBM,2027-06-24 09:05:00,170.0,159.10891851949228,True
544,LightGBM,2027-06-24 09:10:00,168.0,149.21981124015855,True
544,LightGBM,2027-06-24 09:15:00,165.0,145.09764086749666,True
544,LightGBM,2027-06-24 09:20:00,163.0,171.72095602789466,True
544,LightGBM,2027-06-24 09:25:00,164.0,189.94722724369305,True
544,LightGBM,2027-06-24 09:30:00,164.0,195.36397715725158,True
544,LightGBM,2027-06-24 09:35:00,164.0,184.34475038578083,True
544,LightGBM,2027-06-24 09:40:00,165.0,172.78944557755662,True
544,LightGBM,2027-06-24 09:45:00,165.0,164.68929335755342,True
544,LightGBM,2027-06-24 09:50:00,168.0,161.06836351468118,True
544,LightGBM,2027-06-24 09:55:00,170.0,166.91499730253625,True
544,LightGBM,2027-06-24 10:00:00,170.0,163.71146172945114,True
544,LightGBM,2027-06-24 10:05:00,171.0,164.3700048680521,True
544,LightGBM,2027-06-24 10:10:00,168.0,166.68754547735995,True
544,LightGBM,2027-06-24 10:15:00,167.0,167.02105261505687,True
544,LightGBM,2027-06-24 10:20:00,166.0,173.74081870416845,True
544,LightGBM,2027-06-24 10:25:00,166.0,172.3038716310872,True
544,LightGBM,2027-06-24 10:30:00,165.0,173.70611805080804,True
544,LightGBM,2027-06-24 10:35:00,163.0,174.77850408088884,True
544,LightGBM,2027-06-24 10:40:00,165.0,165.4140921822258,True
544,LightGBM,2027-06-24 10:45:00,166.0,168.71391436735473,True
544,LightGBM,2027-06-24 10:50:00,166.0,164.04148420989588,True
544,LightGBM,2027-06-24 10:55:00,166.0,168.47642110640666,True
544,LightGBM,2027-06-24 11:00:00,156.0,164.00658813095802,True
544,LightGBM,2027-06-24 11:05:00,154.0,160.44683441501067,True
544,LightGBM,2027-06-24 11:10:00,156.0,168.33867739668088,True
544,LightGBM,2027-06-24 11:15:00,155.0,164.5283568635982,True
544,LightGBM,2027-06-24 11:20:00,155.0,167.74897130560464,True
544,LightGBM,2027-06-24 11:25:00,152.0,167.1894070206568,True
544,LightGBM,2027-06-24 11:30:00,149.0,151.93381997993384,True
544,LightGBM,2027-06-24 11:35:00,146.0,152.52375014133142,True
544,LightGBM,2027-06-24 11:40:00,140.0,157.93189572724242,True
544,LightGBM,2027-06-24 11:45:00,138.0,151.1361852992833,True
544,LightGBM,2027-06-24 11:50:00,137.0,157.27575558259366,True
544,LightGBM,2027-06-24 11:55:00,131.0,148.1503722524742,True
544,LightGBM,2027-06-24 12:00:00,127.0,147.5445733141711,True
544,LightGBM,2027-06-24 12:05:00,125.0,143.3144029442974,True
544,LightGBM,2027-06-24 12:10:00,129.0,131.82980653416362,True
544,LightGBM,2027-06-24 12:15:00,133.0,136.65836001641892,True
544,LightGBM,2027-06-24 12:20:00,136.0,137.106242566828,True
544,LightGBM,2027-06-24 12:25:00,138.0,118.92647877151326,True
544,LightGBM,2027-06-24 12:30:00,147.0,121.30015207539117,True
544,LightGBM,2027-06-24 12:35:00,148.0,120.32739627038698,True
544,LightGBM,2027-06-24 12:40:00,153.0,139.53420839905047,True
544,LightGBM,2027-06-24 12:45:00,166.0,160.27293486445603,True
544,LightGBM,2027-06-24 12:50:00,174.0,162.6938356844152,True
544,LightGBM,2027-06-24 12:55:00,183.0,158.29836059424858,True
544,LightGBM,2027-06-24 13:00:00,190.0,180.96686156786092,True
544,LightGBM,2027-06-24 13:05:00,194.0,165.11763588572933,True
544,LightGBM,2027-06-24 13:10:00,200.0,169.34461399668382,True
544,LightGBM,2027-06-24 13:15:00,216.0,185.4841423322233,True
544,LightGBM,2027-06-24 13:20:00,220.0,180.3346091108224,True
544,LightGBM,2027-06-24 13:25:00,221.0,199.1673782606054,True
544,LightGBM,2027-06-24 13:30:00,225.0,194.42636836873265,True
544,LightGBM,2027-06-24 13:35:00,236.0,191.71372621794447,True
544,LightGBM,2027-06-24 13:40:00,245.0,210.23178926393302,True
544,LightGBM,2027-06-24 13:45:00,241.0,234.2688410542963,True
544,LightGBM,2027-06-24 13:50:00,243.0,227.26878087194692,True
544,LightGBM,2027-06-24 13:55:00,245.0,217.35210723547672,True
544,LightGBM,2027-06-24 14:00:00,250.0,233.32695874209833,True
544,LightGBM,2027-06-24 14:05:00,257.0,253.09822932600395,True
544,LightGBM,2027-06-24 14:10:00,273.0,259.2718562176138,True
544,LightGBM,2027-06-24 14:15:00,281.0,229.159326198682,True
544,LightGBM,2027-06-24 14:20:00,288.0,238.77942008304026,True
544,LightGBM,2027-06-24 14:25:00,292.0,236.23476223018807,True
544,LightGBM,2027-06-24 14:30:00,295.0,252.17252041742276,True
544,LightGBM,2027-06-24 14:35:00,297.0,264.76873207710713,True
544,LightGBM,2027-06-24 14:40:00,297.0,284.7007034166183,True
544,LightGBM,2027-06-24 14:45:00,295.0,286.58031396665905,True
544,LightGBM,2027-06-24 14:50:00,290.0,290.92048504798566,True
544,LightGBM,2027-06-24 14:55:00,287.0,287.82425355682125,True
544,LightGBM,2027-06-24 15:00:00,280.0,294.38532773949635,True
544,LightGBM,2027-06-24 15:05:00,265.0,293.1153957188611,True
544,LightGBM,2027-06-24 15:10:00,262.0,280.46579044859067,True
544,LightGBM,2027-06-24 15:15:00,256.0,276.40379795647647,True
544,LightGBM,2027-06-24 15:20:00,243.0,258.8784153939211,True
544,LightGBM,2027-06-24 15:25:00,232.0,266.03349747969355,True
544,LightGBM,2027-06-24 15:30:00,224.0,246.54696253864236,True
544,LightGBM,2027-06-24 15:35:00,215.0,228.62052368211562,True
544,LightGBM,2027-06-24 15:40:00,209.0,237.7591180829187,True
544,LightGBM,2027-06-24 15:45:00,204.0,225.67740604568883,True
544,LightGBM,2027-06-24 15:50:00,197.0,200.561798955115,True
544,LightGBM,2027-06-24 15:55:00,191.0,191.82873706110564,True
544,LightGBM,2027-06-24 16:00:00,183.0,188.88702094239446,True
544,LightGBM,2027-06-24 16:05:00,175.0,172.2233059116776,True
544,LightGBM,2027-06-24 16:10:00,171.0,175.58931466671254,True
544,LightGBM,2027-06-24 16:15:00,165.0,174.84449041235104,True
544,LightGBM,2027-06-24 16:20:00,159.0,171.35376753239382,True
544,LightGBM,2027-06-24 16:25:00,150.0,168.9156018217059,True
544,LightGBM,2027-06-24 16:30:00,144.0,160.84254177580073,True
544,LightGBM,2027-06-24 16:35:00,142.0,149.05603862092818,True
544,LightGBM,2027-06-24 16:40:00,135.0,154.61597732535984,True
544,LightGBM,2027-06-24 16:45:00,132.0,144.03342768601152,True
544,LightGBM,2027-06-24 16:50:00,127.0,138.23731600907385,True
544,LightGBM,2027-06-24 16:55:00,123.0,118.97398931684637,True
544,LightGBM,2027-06-24 17:00:00,122.0,125.30914355759988,True
544,LightGBM,2027-06-24 17:05:00,120.0,131.67790594710772,True
544,LightGBM,2027-06-24 17:10:00,114.0,113.90764801618865,True
544,LightGBM,2027-06-24 17:15:00,112.0,121.62360600485616,True
544,LightGBM,2027-06-24 17:20:00,107.0,112.71750870125557,True
544,LightGBM,2027-06-24 17:25:00,105.0,111.36034041643536,True
544,LightGBM,2027-06-24 17:30:00,103.0,115.77594698092135,True
544,LightGBM,2027-06-24 17:35:00,98.0,111.85851582695908,True
544,LightGBM,2027-06-24 17:40:00,87.0,101.87456479754073,True
544,LightGBM,2027-06-24 17:45:00,84.0,106.05130133002763,True
544,LightGBM,2027-06-24 17:50:00,90.0,97.6431875725206,True
544,LightGBM,2027-06-24 17:55:00,101.0,130.355598309325,True
544,LightGBM,2027-06-24 18:00:00,112.0,115.10406068218019,True
544,LightGBM,2027-06-24 18:05:00,122.0,104.9598115364863,True
544,LightGBM,2027-06-24 18:10:00,133.0,91.51007454304316,True
544,LightGBM,2027-06-24 18:15:00,145.0,95.55042897367085,True
544,LightGBM,2027-06-24 18:20:00,153.0,126.16716748559604,True
544,LightGBM,2027-06-24 18:25:00,164.0,137.41987213637873,True
544,LightGBM,2027-06-24 18:30:00,172.0,142.15231936403475,True
544,LightGBM,2027-06-24 18:35:00,178.0,141.4326735759132,True
544,LightGBM,2027-06-24 18:40:00,182.0,156.48837535402936,True
544,LightGBM,2027-06-24 18:45:00,185.0,168.15367060926408,True
544,LightGBM,2027-06-24 18:50:00,188.0,157.15961197526664,True
544,LightGBM,2027-06-24 18:55:00,193.0,182.8182181682607,True
544,LightGBM,2027-06-24 19:00:00,197.0,172.7563884698124,True
544,LightGBM,2027-06-24 19:05:00,198.0,172.81815387893224,True
544,LightGBM,2027-06-24 19:10:00,193.0,172.97707052355875,True
544,LightGBM,2027-06-24 19:15:00,191.0,176.0935639005893,True
544,LightGBM,2027-06-24 19:20:00,189.0,187.57271192016185,True
544,LightGBM,2027-06-24 19:25:00,185.0,198.48180914567294,True
544,LightGBM,2027-06-24 19:30:00,181.0,199.38142021983938,True
544,LightGBM,2027-06-24 19:35:00,179.0,193.30234859005486,True
544,LightGBM,2027-06-24 19:40:00,175.0,174.1982632065898,True
544,LightGBM,2027-06-24 19:45:00,166.0,183.25172924443686,True
544,LightGBM,2027-06-24 19:50:00,158.0,176.13327482597614,True
544,LightGBM,2027-06-24 19:55:00,154.0,168.22165911282457,True
544,LightGBM,2027-06-24 20:00:00,149.0,164.41394113729555,True
544,LightGBM,2027-06-24 20:05:00,144.0,167.96986388438987,True
544,LightGBM,2027-06-24 20:10:00,142.0,159.4737620390867,True
544,LightGBM,2027-06-24 20:15:00,144.0,138.09138064209674,True
544,LightGBM,2027-06-24 20:20:00,147.0,131.56165159327114,True
544,LightGBM,2027-06-24 20:25:00,150.0,139.78448165198333,True
544,LightGBM,2027-06-24 20:30:00,154.0,131.01764177324344,True
544,LightGBM,2027-06-24 20:35:00,159.0,127.04213410291139,True
544,LightGBM,2027-06-24 20:40:00,162.0,131.76575838762585,True
544,LightGBM,2027-06-24 20:45:00,167.0,146.45543250448873,True
544,LightGBM,2027-06-24 20:50:00,170.0,151.17952504287936,True
544,LightGBM,2027-06-24 20:55:00,172.0,156.60316019341553,True
544,LightGBM,2027-06-24 21:00:00,172.0,162.86201545313295,True
544,LightGBM,2027-06-24 21:05:00,171.0,173.6997306526146,True
544,LightGBM,2027-06-24 21:10:00,170.0,166.31914596227062,True
544,LightGBM,2027-06-24 21:15:00,168.0,180.9846765229605,True
544,LightGBM,2027-06-24 21:20:00,166.0,177.89042248601584,True
544,LightGBM,2027-06-24 21:25:00,164.0,176.87292701652794,True
544,LightGBM,2027-06-24 21:30:00,164.0,172.46255240249167,True
544,LightGBM,2027-06-24 21:35:00,160.0,169.70698701898314,True
544,LightGBM,2027-06-24 21:40:00,156.0,168.57607529891203,True
544,LightGBM,2027-06-24 21:45:00,149.0,162.58114811284403,True
544,LightGBM,2027-06-24 21:50:00,142.0,158.43426186678846,True
544,LightGBM,2027-06-24 21:55:00,138.0,155.61505096227344,True
544,LightGBM,2027-06-24 22:00:00,139.0,162.4265308336466,True
544,LightGBM,2027-06-24 22:05:00,140.0,146.95213929313636,True
544,LightGBM,2027-06-24 22:10:00,137.0,144.9052529591311,True
544,LightGBM,2027-06-24 22:15:00,135.0,130.38163484623217,True
544,LightGBM,2027-06-24 22:20:00,131.0,123.28686801817898,True
544,LightGBM,2027-06-24 22:25:00,128.0,129.10512492706732,True
544,LightGBM,2027-06-24 22:30:00,125.0,141.11204407196604,True
544,LightGBM,2027-06-24 22:35:00,122.0,140.7442337340522,True
544,LightGBM,2027-06-24 22:40:00,123.0,133.2876258402593,True
544,LightGBM,2027-06-24 22:45:00,122.0,131.82995461206403,True
544,LightGBM,2027-06-24 22:50:00,120.0,121.51823965765726,True
544,LightGBM,2027-06-24 22:55:00,116.0,124.557392999676,True
544,LightGBM,2027-06-24 23:00:00,110.0,117.96148491089683,True
544,LightGBM,2027-06-24 23:05:00,108.0,114.63769765357426,True
544,LightGBM,2027-06-24 23:10:00,106.0,125.43368671577494,True
544,LightGBM,2027-06-24 23:15:00,106.0,118.90754567077538,True
544,LightGBM,2027-06-24 23:20:00,106.0,116.68438118269836,True
544,LightGBM,2027-06-24 23:25:00,106.0,108.71312694293619,True
544,LightGBM,2027-06-24 23:30:00,107.0,103.24644325399342,True
544,LightGBM,2027-06-24 23:35:00,113.0,104.3594081369511,True
544,LightGBM,2027-06-24 23:40:00,113.0,100.10377245406343,True
544,LightGBM,2027-06-24 23:45:00,114.0,104.54355216186319,True
544,LightGBM,2027-06-24 23:50:00,117.0,105.20734453770503,True
544,LightGBM,2027-06-24 23:55:00,117.0,106.25807968264084,True
544,LightGBM,2027-06-25 00:00:00,117.0,109.33085361862794,True
544,LightGBM,2027-06-25 00:05:00,117.0,125.98602806194691,True
544,LightGBM,2027-06-25 00:10:00,117.0,113.80915067563643,True
544,LightGBM,2027-06-25 00:15:00,117.0,117.94038042731152,True
544,LightGBM,2027-06-25 00:20:00,118.0,125.18423772792312,True
544,LightGBM,2027-06-25 00:25:00,119.0,119.34896734639644,True
544,LightGBM,2027-06-25 00:30:00,120.0,119.73163791191695,True
544,LightGBM,2027-06-25 00:35:00,121.0,119.7956082201146,True
544,LightGBM,2027-06-25 00:40:00,123.0,120.5079500111751,True
544,LightGBM,2027-06-25 00:45:00,124.0,120.75555174269681,True
544,LightGBM,2027-06-25 00:50:00,126.0,122.30071800269668,True
544,LightGBM,2027-06-25 00:55:00,127.0,121.9421891651976,True
544,LightGBM,2027-06-25 01:00:00,128.0,123.66215275099341,True
544,LightGBM,2027-06-25 01:05:00,130.0,125.29671211141518,True
544,LightGBM,2027-06-25 01:10:00,132.0,130.11057850391848,True
544,LightGBM,2027-06-25 01:15:00,136.0,128.41283889736454,True
544,LightGBM,2027-06-25 01:20:00,138.0,133.44994700847036,True
544,LightGBM,2027-06-25 01:25:00,139.0,134.03853351207317,True
544,LightGBM,2027-06-25 01:30:00,139.0,135.61121972394486,True
544,LightGBM,2027-06-25 01:35:00,132.0,139.23628743634907,True
544,LightGBM,2027-06-25 01:40:00,130.0,141.0563501017116,True
544,LightGBM,2027-06-25 01:45:00,128.0,148.78979024087351,True
544,LightGBM,2027-06-25 01:50:00,127.0,146.25719251999064,True
544,LightGBM,2027-06-25 01:55:00,127.0,146.59290417018744,True
544,LightGBM,2027-06-25 02:00:00,128.0,143.98526177433754,True
544,LightGBM,2027-06-25 02:05:00,136.0,128.39185694196254,True
544,LightGBM,2027-06-25 02:10:00,137.0,130.49533523385796,True
544,LightGBM,2027-06-25 02:15:00,137.0,127.84093950887737,True
544,LightGBM,2027-06-25 02:20:00,137.0,127.96920518550154,True
544,LightGBM,2027-06-25 02:25:00,137.0,128.7112517812751,True
544,LightGBM,2027-06-25 02:30:00,137.0,132.3379815675116,True
544,LightGBM,2027-06-25 02:35:00,138.0,152.5571375394155,True
544,LightGBM,2027-06-25 02:40:00,138.0,140.19927415802343,True
544,LightGBM,2027-06-25 02:45:00,140.0,139.01351855977347,True
544,LightGBM,2027-06-25 02:50:00,141.0,139.3110282994936,True
544,LightGBM,2027-06-25 02:55:00,141.0,139.45074447624387,True
544,LightGBM,2027-06-25 03:00:00,140.0,139.11020715516014,True
544,LightGBM,2027-06-25 03:05:00,140.0,140.85543213040856,True
544,LightGBM,2027-06-25 03:10:00,140.0,138.87447102529862,True
544,LightGBM,2027-06-25 03:15:00,139.0,146.8511603873868,True
544,LightGBM,2027-06-25 03:20:00,138.0,145.12723730660352,True
544,LightGBM,2027-06-25 03:25:00,135.0,143.85792937568363,True
544,LightGBM,2027-06-25 03:30:00,132.0,140.99103947328518,True
544,LightGBM,2027-06-25 03:35:00,130.0,141.7845917264591,True
544,LightGBM,2027-06-25 03:40:00,129.0,141.6255545525703,True
544,LightGBM,2027-06-25 03:45:00,129.0,140.40979361540593,True
544,LightGBM,2027-06-25 03:50:00,129.0,137.7454041718846,True
544,LightGBM,2027-06-25 03:55:00,131.0,129.94453262757415,True
544,LightGBM,2027-06-25 04:00:00,131.0,126.33184916824776,True
544,LightGBM,2027-06-25 04:05:00,132.0,125.96597611856437,True
544,LightGBM,2027-06-25 04:10:00,134.0,126.55887180273714,True
544,LightGBM,2027-06-25 04:15:00,134.0,128.16579047055444,True
544,LightGBM,2027-06-25 04:20:00,133.0,128.60660098987793,True
544,LightGBM,2027-06-25 04:25:00,133.0,135.1318445746112,True
544,LightGBM,2027-06-25 04:30:00,132.0,129.51986290467903,True
544,LightGBM,2027-06-25 04:35:00,131.0,135.01980779026485,True
544,LightGBM,2027-06-25 04:40:00,131.0,140.77837596968436,True
544,LightGBM,2027-06-25 04:45:00,134.0,134.25580128981863,True
544,LightGBM,2027-06-25 04:50:00,133.0,132.2703287367411,True
544,LightGBM,2027-06-25 04:55:00,133.0,134.12596813763014,True
544,LightGBM,2027-06-25 05:00:00,131.0,129.52026831256134,True
544,LightGBM,2027-06-25 05:05:00,131.0,128.59761466633654,True
544,LightGBM,2027-06-25 05:10:00,130.0,129.8891333298329,True
544,LightGBM,2027-06-25 05:15:00,129.0,143.41178777042848,True
544,LightGBM,2027-06-25 05:20:00,126.0,131.5872517894893,True
544,LightGBM,2027-06-25 05:25:00,126.0,135.24806418414008,True
544,LightGBM,2027-06-25 05:30:00,126.0,127.78127113272568,True
544,LightGBM,2027-06-25 05:35:00,126.0,130.42463089167532,True
544,LightGBM,2027-06-25 05:40:00,126.0,127.80747495280026,True
544,LightGBM,2027-06-25 05:45:00,126.0,128.27623013894527,True
544,LightGBM,2027-06-25 05:50:00,126.0,120.87134974184222,True
544,LightGBM,2027-06-25 05:55:00,126.0,125.83303292833739,True
544,LightGBM,2027-06-25 07:35:00,133.0,161.79374621779968,False
544,LightGBM,2027-06-25 07:40:00,134.0,161.79374621779968,False
544,LightGBM,2027-06-25 07:45:00,133.0,161.79374621779968,False
544,LightGBM,2027-06-25 07:50:00,131.0,161.79374621779968,False
544,LightGBM,2027-06-25 07:55:00,136.0,161.79374621779968,False
544,LightGBM,2027-06-25 08:00:00,140.0,161.79374621779968,False
544,LightGBM,2027-06-25 08:05:00,141.0,134.01837165163928,True
544,LightGBM,2027-06-25 08:10:00,149.0,137.93625680965354,True
544,LightGBM,2027-06-25 08:15:00,151.0,132.01548849227817,True
544,LightGBM,2027-06-25 08:20:00,151.0,128.466528291817,True
544,LightGBM,2027-06-25 08:25:00,145.0,145.83534943378027,True
544,LightGBM,2027-06-25 08:30:00,148.0,149.5876958166388,True
544,LightGBM,2027-06-25 08:35:00,151.0,146.2448428624896,True
544,LightGBM,2027-06-25 08:40:00,155.0,168.44785261958037,True
544,LightGBM,2027-06-25 08:45:00,155.0,156.5717500456434,True
544,LightGBM,2027-06-25 08:50:00,159.0,153.5437317955254,True
544,LightGBM,2027-06-25 08:55:00,163.0,142.63659679936825,True
544,LightGBM,2027-06-25 09:00:00,169.0,184.29060859877023,True
544,LightGBM,2027-06-25 09:05:00,181.0,173.76075820622302,True
544,LightGBM,2027-06-25 09:10:00,182.0,184.60776276930156,True
544,LightGBM,2027-06-25 09:15:00,189.0,172.31696903179323,True
544,LightGBM,2027-06-25 09:20:00,197.0,176.45524961969,True
544,LightGBM,2027-06-25 09:25:00,199.0,173.88210607395266,True
544,LightGBM,2027-06-25 09:30:00,202.0,184.66461545004483,True
544,LightGBM,2027-06-25 09:35:00,205.0,200.15256816801357,True
544,LightGBM,2027-06-25 09:40:00,200.0,180.58223556502844,True
544,LightGBM,2027-06-25 09:45:00,198.0,199.46553657643213,True
544,LightGBM,2027-06-25 09:50:00,197.0,209.0427343673209,True
544,LightGBM,2027-06-25 09:55:00,198.0,194.93999390558542,True
544,LightGBM,2027-06-25 10:00:00,205.0,207.79911357982306,True
544,LightGBM,2027-06-25 10:05:00,204.0,209.35592218992954,True
544,LightGBM,2027-06-25 10:10:00,197.0,182.12796077435289,True
544,LightGBM,2027-06-25 10:15:00,194.0,189.25562289432915,True
544,LightGBM,2027-06-25 10:20:00,189.0,189.85178042929317,True
544,LightGBM,2027-06-25 10:25:00,191.0,195.19692977651266,True
544,LightGBM,2027-06-25 10:30:00,190.0,211.7639154831971,True
544,LightGBM,2027-06-25 10:35:00,185.0,194.3905177577075,True
544,LightGBM,2027-06-25 10:40:00,184.0,176.6794257928946,True
544,LightGBM,2027-06-25 10:45:00,177.0,178.38940112637331,True
544,LightGBM,2027-06-25 10:50:00,172.0,165.35097238791502,True
544,LightGBM,2027-06-25 10:55:00,172.0,187.17235644182642,True
544,LightGBM,2027-06-25 11:00:00,168.0,176.41131010890697,True
544,LightGBM,2027-06-25 11:05:00,168.0,166.59614538604828,True
544,LightGBM,2027-06-25 11:10:00,168.0,174.9832704063924,True
544,LightGBM,2027-06-25 11:15:00,166.0,151.74643298015388,True
544,LightGBM,2027-06-25 11:20:00,165.0,151.4607511159416,True
544,LightGBM,2027-06-25 11:25:00,164.0,162.25928493756257,True
544,LightGBM,2027-06-25 11:30:00,162.0,148.54015972522123,True
544,LightGBM,2027-06-25 11:35:00,158.0,161.34926349884606,True
544,LightGBM,2027-06-25 11:40:00,160.0,160.1719880066971,True
544,LightGBM,2027-06-25 11:45:00,161.0,151.71623490776298,True
544,LightGBM,2027-06-25 11:50:00,160.0,154.42494966771451,True
544,LightGBM,2027-06-25 11:55:00,161.0,152.02362373165943,True
544,LightGBM,2027-06-25 12:00:00,158.0,147.0688086041432,True
544,LightGBM,2027-06-25 12:05:00,155.0,137.83058580650479,True
544,LightGBM,2027-06-25 12:10:00,153.0,156.80556871878022,True
544,LightGBM,2027-06-25 12:15:00,152.0,154.8250074123327,True
544,LightGBM,2027-06-25 12:20:00,150.0,151.53393700361062,True
544,LightGBM,2027-06-25 12:25:00,147.0,159.85932810289748,True
544,LightGBM,2027-06-25 12:30:00,148.0,147.14766626771487,True
544,LightGBM,2027-06-25 12:35:00,146.0,145.06110552281626,True
544,LightGBM,2027-06-25 12:40:00,144.0,143.82225026750393,True
544,LightGBM,2027-06-25 12:45:00,139.0,142.1885800231061,True
544,LightGBM,2027-06-25 12:50:00,137.0,139.76175702580682,True
544,LightGBM,2027-06-25 12:55:00,136.0,137.66823078440405,True
544,LightGBM,2027-06-25 13:00:00,135.0,148.01604417033408,True
544,LightGBM,2027-06-25 13:05:00,132.0,137.1067043932462,True
544,LightGBM,2027-06-25 13:10:00,131.0,137.08290595494856,True
544,LightGBM,2027-06-25 13:15:00,132.0,128.5326102388822,True
544,LightGBM,2027-06-25 13:20:00,132.0,133.37463271437412,True
544,LightGBM,2027-06-25 13:25:00,132.0,132.97702537963636,True
544,LightGBM,2027-06-25 13:30:00,130.0,130.09658642275036,True
544,LightGBM,2027-06-25 13:35:00,128.0,123.9914482466294,True
544,LightGBM,2027-06-25 13:40:00,131.0,126.41080734635554,True
544,LightGBM,2027-06-25 13:45:00,130.0,133.29705052332025,True
544,LightGBM,2027-06-25 13:50:00,128.0,130.02694042817114,True
544,LightGBM,2027-06-25 13:55:00,129.0,151.87901451329532,True
544,LightGBM,2027-06-25 14:00:00,138.0,143.83793329929495,True
544,LightGBM,2027-06-25 14:05:00,148.0,141.62117116410178,True
544,LightGBM,2027-06-25 14:10:00,159.0,154.38775735771708,True
544,LightGBM,2027-06-25 14:15:00,168.0,142.9071190457382,True
544,LightGBM,2027-06-25 14:20:00,181.0,140.47191351807066,True
544,LightGBM,2027-06-25 14:25:00,195.0,139.63564994640933,True
544,LightGBM,2027-06-25 14:30:00,209.0,162.3293719246303,True
544,LightGBM,2027-06-25 14:35:00,220.0,178.67757496137463,True
544,LightGBM,2027-06-25 14:40:00,227.0,183.70562478352576,True
544,LightGBM,2027-06-25 14:45:00,234.0,181.76970437217813,True
544,LightGBM,2027-06-25 14:50:00,235.0,199.1142195971696,True
544,LightGBM,2027-06-25 14:55:00,236.0,214.3345728889907,True
544,LightGBM,2027-06-25 15:00:00,234.0,226.19100720697418,True
544,LightGBM,2027-06-25 15:05:00,232.0,230.03308531940155,True
544,LightGBM,2027-06-25 15:10:00,227.0,230.10889942837827,True
544,LightGBM,2027-06-25 15:15:00,227.0,240.92945268140082,True
544,LightGBM,2027-06-25 15:20:00,238.0,223.085068556993,True
544,LightGBM,2027-06-25 15:25:00,238.0,228.27941626375602,True
544,LightGBM,2027-06-25 15:30:00,235.0,211.9488151322855,True
544,LightGBM,2027-06-25 15:35:00,232.0,214.4073115633038,True
544,LightGBM,2027-06-25 15:40:00,234.0,201.73506738071077,True
544,LightGBM,2027-06-25 15:45:00,232.0,217.20316941940422,True
544,LightGBM,2027-06-25 15:50:00,230.0,241.34918832210442,True
544,LightGBM,2027-06-25 15:55:00,237.0,229.25225434492828,True
544,LightGBM,2027-06-25 16:00:00,232.0,217.26664764507927,True
544,LightGBM,2027-06-25 16:05:00,228.0,212.96782665472054,True
544,LightGBM,2027-06-25 16:10:00,225.0,227.12608501094525,True
544,LightGBM,2027-06-25 16:15:00,225.0,213.21511805579522,True
544,LightGBM,2027-06-25 16:20:00,223.0,213.17349015001116,True
544,LightGBM,2027-06-25 16:25:00,221.0,237.09355129790777,True
544,LightGBM,2027-06-25 16:30:00,220.0,213.0408947005866,True
544,LightGBM,2027-06-25 16:35:00,221.0,208.49097900952754,True
544,LightGBM,2027-06-25 16:40:00,223.0,204.51823146426358,True
544,LightGBM,2027-06-25 16:45:00,223.0,215.8303045915869,True
544,LightGBM,2027-06-25 16:50:00,222.0,203.47328891798648,True
544,LightGBM,2027-06-25 16:55:00,220.0,202.7427517566472,True
544,LightGBM,2027-06-25 17:00:00,220.0,207.30353878823374,True
544,LightGBM,2027-06-25 17:05:00,213.0,214.01797111503225,True
544,LightGBM,2027-06-25 17:10:00,211.0,218.523931782056,True
544,LightGBM,2027-06-25 17:15:00,207.0,215.31817563741924,True
544,LightGBM,2027-06-25 17:20:00,210.0,215.02242463408476,True
544,LightGBM,2027-06-25 17:25:00,212.0,209.75679934772802,True
544,LightGBM,2027-06-25 17:30:00,213.0,215.77763898792188,True
544,LightGBM,2027-06-25 17:35:00,217.0,195.018396772639,True
544,LightGBM,2027-06-25 17:40:00,216.0,201.53993029686896,True
544,LightGBM,2027-06-25 17:45:00,214.0,191.49283369341265,True
544,LightGBM,2027-06-25 17:50:00,214.0,208.16228795349502,True
544,LightGBM,2027-06-25 17:55:00,215.0,209.75734037190404,True
544,LightGBM,2027-06-25 18:00:00,215.0,211.30137981146683,True
544,LightGBM,2027-06-25 18:05:00,212.0,224.90963941940814,True
544,LightGBM,2027-06-25 18:10:00,208.0,213.39627634930565,True
544,LightGBM,2027-06-25 18:15:00,206.0,209.4930781398565,True
544,LightGBM,2027-06-25 18:20:00,203.0,213.00568462645748,True
544,LightGBM,2027-06-25 18:25:00,196.0,214.85273388482608,True
544,LightGBM,2027-06-25 18:30:00,191.0,212.10082715967945,True
544,LightGBM,2027-06-25 18:35:00,191.0,205.86127550651906,True
544,LightGBM,2027-06-25 18:40:00,194.0,198.20807268309022,True
544,LightGBM,2027-06-25 18:45:00,194.0,198.597938014045,True
544,LightGBM,2027-06-25 18:50:00,192.0,192.7715641730763,True
544,LightGBM,2027-06-25 18:55:00,192.0,185.77747346746557,True
544,LightGBM,2027-06-25 19:00:00,197.0,183.07623485416218,True
544,LightGBM,2027-06-25 19:05:00,196.0,189.13125205994274,True
544,LightGBM,2027-06-25 19:10:00,197.0,196.50164377261933,True
544,LightGBM,2027-06-25 19:15:00,200.0,206.53827718511488,True
544,LightGBM,2027-06-25 19:20:00,205.0,195.26072665746298,True
544,LightGBM,2027-06-25 19:25:00,217.0,200.22286313232144,True
544,LightGBM,2027-06-25 19:30:00,229.0,209.54962629830584,True
544,LightGBM,2027-06-25 19:35:00,239.0,194.78326963094628,True
544,LightGBM,2027-06-25 19:40:00,248.0,196.31278210761928,True
544,LightGBM,2027-06-25 19:45:00,255.0,202.0238672848304,True
544,LightGBM,2027-06-25 19:50:00,260.0,211.12910262603435,True
544,LightGBM,2027-06-25 19:55:00,267.0,230.1694223112684,True
544,LightGBM,2027-06-25 20:00:00,277.0,245.66382922708485,True
544,LightGBM,2027-06-25 20:05:00,287.0,247.02454722858286,True
544,LightGBM,2027-06-25 20:10:00,296.0,261.33350370730574,True
544,LightGBM,2027-06-25 20:15:00,300.0,258.58381112177466,True
544,LightGBM,2027-06-25 20:20:00,307.0,261.5620223600589,True
544,LightGBM,2027-06-25 20:25:00,315.0,273.8271947551706,True
544,LightGBM,2027-06-25 20:30:00,320.0,288.8302938539944,True
544,LightGBM,2027-06-25 20:35:00,325.0,296.7926430758051,True
544,LightGBM,2027-06-25 20:40:00,332.0,307.47628064827506,True
544,LightGBM,2027-06-25 20:45:00,335.0,297.0894112171517,True
544,LightGBM,2027-06-25 20:50:00,327.0,307.961640797888,True
544,LightGBM,2027-06-25 20:55:00,321.0,316.8554749862821,True
544,LightGBM,2027-06-25 21:00:00,319.0,312.2201548116792,True
544,LightGBM,2027-06-25 21:05:00,313.0,317.8564385023222,True
544,LightGBM,2027-06-25 21:10:00,308.0,318.88980591654945,True
544,LightGBM,2027-06-25 21:15:00,306.0,326.9989671212107,True
544,LightGBM,2027-06-25 21:20:00,300.0,297.5462165080089,True
544,LightGBM,2027-06-25 21:25:00,298.0,293.33404869263484,True
544,LightGBM,2027-06-25 21:30:00,297.0,299.13133769255774,True
544,LightGBM,2027-06-25 21:35:00,296.0,279.12405568832736,True
544,LightGBM,2027-06-25 21:40:00,297.0,276.8481359734066,True
544,LightGBM,2027-06-25 21:45:00,296.0,282.76268972794907,True
544,LightGBM,2027-06-25 21:50:00,288.0,265.5315991030732,True
544,LightGBM,2027-06-25 21:55:00,282.0,276.09370276248507,True
544,LightGBM,2027-06-25 22:00:00,282.0,277.629911696885,True
544,LightGBM,2027-06-25 22:05:00,291.0,278.59907717111975,True
544,LightGBM,2027-06-25 22:10:00,284.0,287.30253591257167,True
544,LightGBM,2027-06-25 22:15:00,288.0,280.86295510649126,True
544,LightGBM,2027-06-25 22:20:00,285.0,259.873747354942,True
544,LightGBM,2027-06-25 22:25:00,284.0,256.20479103997707,True
544,LightGBM,2027-06-25 22:30:00,285.0,267.44272955027634,True
544,LightGBM,2027-06-25 22:35:00,285.0,285.40544552580945,True
544,LightGBM,2027-06-25 22:40:00,285.0,255.72107167621482,True
544,LightGBM,2027-06-25 22:45:00,282.0,285.8515638922521,True
544,LightGBM,2027-06-25 22:50:00,278.0,260.20277730439443,True
544,LightGBM,2027-06-25 22:55:00,279.0,269.6875062781808,True
544,LightGBM,2027-06-25 23:00:00,273.0,272.2106297416197,True
544,LightGBM,2027-06-25 23:05:00,271.0,267.38604503811547,True
544,LightGBM,2027-06-25 23:10:00,272.0,270.48024147430954,True
544,LightGBM,2027-06-25 23:15:00,278.0,259.16876652015833,True
544,LightGBM,2027-06-25 23:20:00,281.0,258.9716303321952,True
544,LightGBM,2027-06-25 23:25:00,283.0,269.5115982485868,True
544,LightGBM,2027-06-25 23:30:00,288.0,242.6795751246788,True
544,LightGBM,2027-06-25 23:35:00,292.0,252.45075077718747,True
544,LightGBM,2027-06-25 23:40:00,288.0,257.9533818426875,True
544,LightGBM,2027-06-25 23:45:00,283.0,277.93470605217885,True
544,LightGBM,2027-06-25 23:50:00,280.0,274.2819314677366,True
544,LightGBM,2027-06-25 23:55:00,277.0,276.20243858485543,True
544,LightGBM,2027-06-26 00:00:00,270.0,288.8051838475185,True
544,LightGBM,2027-06-26 00:05:00,267.0,288.2154639628103,True
544,LightGBM,2027-06-26 00:10:00,261.0,267.26526596089224,True
544,LightGBM,2027-06-26 00:15:00,254.0,255.7580829153159,True
544,LightGBM,2027-06-26 00:20:00,244.0,261.735416656956,True
544,LightGBM,2027-06-26 00:25:00,235.0,257.20413838967005,True
544,LightGBM,2027-06-26 00:30:00,230.0,239.67308643525897,True
544,LightGBM,2027-06-26 00:35:00,227.0,248.32294152098262,True
544,LightGBM,2027-06-26 00:40:00,224.0,231.5923496299182,True
544,LightGBM,2027-06-26 00:45:00,220.0,224.66470421613943,True
544,LightGBM,2027-06-26 00:50:00,214.0,210.47468551754048,True
544,LightGBM,2027-06-26 00:55:00,209.0,203.17037042190242,True
544,LightGBM,2027-06-26 01:00:00,206.0,206.4587202561913,True
544,LightGBM,2027-06-26 01:05:00,202.0,206.01458234789013,True
544,LightGBM,2027-06-26 01:10:00,199.0,202.15976988711117,True
544,LightGBM,2027-06-26 01:15:00,196.0,201.6873694793502,True
544,LightGBM,2027-06-26 01:20:00,193.0,192.59307891857932,True
544,LightGBM,2027-06-26 01:25:00,190.0,188.30181849160257,True
544,LightGBM,2027-06-26 01:30:00,192.0,187.83847397534387,True
544,LightGBM,2027-06-26 01:35:00,198.0,185.03408040085492,True
544,LightGBM,2027-06-26 01:40:00,195.0,184.1887170405141,True
544,LightGBM,2027-06-26 01:45:00,191.0,181.30248227182247,True
544,LightGBM,2027-06-26 01:50:00,188.0,178.21426097836337,True
544,LightGBM,2027-06-26 01:55:00,185.0,176.3461379618729,True
544,LightGBM,2027-06-26 02:00:00,182.0,188.62363917266586,True
544,LightGBM,2027-06-26 02:05:00,180.0,199.62670732044884,True
544,LightGBM,2027-06-26 02:10:00,177.0,182.820220532023,True
544,LightGBM,2027-06-26 02:15:00,174.0,181.60271724643297,True
544,LightGBM,2027-06-26 02:20:00,173.0,177.4688373807117,True
544,LightGBM,2027-06-26 02:25:00,171.0,173.37849455815208,True
544,LightGBM,2027-06-26 02:30:00,164.0,169.19847925367068,True
544,LightGBM,2027-06-26 02:35:00,158.0,169.7280980339861,True
544,LightGBM,2027-06-26 02:40:00,155.0,164.4813840284718,True
544,LightGBM,2027-06-26 02:45:00,154.0,164.4667960398777,True
544,LightGBM,2027-06-26 02:50:00,152.0,167.72076358537123,True
544,LightGBM,2027-06-26 02:55:00,151.0,164.23547344432322,True
544,LightGBM,2027-06-26 03:00:00,150.0,151.24835794245004,True
544,LightGBM,2027-06-26 03:05:00,146.0,146.6438668538296,True
544,LightGBM,2027-06-26 03:10:00,144.0,147.22617103247285,True
544,LightGBM,2027-06-26 03:15:00,146.0,147.1580267438026,True
544,LightGBM,2027-06-26 03:20:00,150.0,145.24610727112344,True
544,LightGBM,2027-06-26 03:25:00,147.0,146.26075141396336,True
544,LightGBM,2027-06-26 03:30:00,146.0,145.1909646593185,True
544,LightGBM,2027-06-26 03:35:00,144.0,142.15542138604332,True
544,LightGBM,2027-06-26 03:40:00,140.0,141.46948375546756,True
544,LightGBM,2027-06-26 03:45:00,134.0,149.38871517429567,True
544,LightGBM,2027-06-26 03:50:00,131.0,155.80555690296003,True
544,LightGBM,2027-06-26 03:55:00,129.0,144.27387430726765,True
544,LightGBM,2027-06-26 04:00:00,127.0,146.93183710776546,True
544,LightGBM,2027-06-26 04:05:00,126.0,141.12918989135582,True
544,LightGBM,2027-06-26 04:10:00,125.0,135.26914336342668,True
544,LightGBM,2027-06-26 04:15:00,123.0,123.82280628221474,True
544,LightGBM,2027-06-26 04:20:00,118.0,124.52575325850579,True
544,LightGBM,2027-06-26 04:25:00,116.0,125.55936710732654,True
544,LightGBM,2027-06-26 04:30:00,122.0,123.83818830218792,True
544,LightGBM,2027-06-26 04:35:00,124.0,121.83380447294768,True
544,LightGBM,2027-06-26 04:40:00,122.0,120.76511827400473,True
544,LightGBM,2027-06-26 04:45:00,114.0,117.98867821582034,True
544,LightGBM,2027-06-26 04:50:00,111.0,107.31831901703443,True
544,LightGBM,2027-06-26 04:55:00,114.0,112.7623012746727,True
544,LightGBM,2027-06-26 05:00:00,121.0,132.4922866880359,True
544,LightGBM,2027-06-26 05:05:00,122.0,127.02442837195785,True
544,LightGBM,2027-06-26 05:10:00,123.0,118.59541123577588,True
544,LightGBM,2027-06-26 05:15:00,123.0,109.92388041507589,True
544,LightGBM,2027-06-26 05:20:00,122.0,107.65752858367006,True
544,LightGBM,2027-06-26 05:25:00,120.0,121.33405704285722,True
544,LightGBM,2027-06-26 05:30:00,117.0,136.85385020917175,True
544,LightGBM,2027-06-26 05:35:00,115.0,124.50283781088228,True
544,LightGBM,2027-06-26 05:40:00,113.0,127.76404470072373,True
544,LightGBM,2027-06-26 05:45:00,114.0,126.57314752484437,True
544,LightGBM,2027-06-26 05:50:00,115.0,121.3860533954696,True
544,LightGBM,2027-06-26 05:55:00,110.0,117.86541960387976,True
544,LightGBM,2027-06-26 06:00:00,109.0,111.80941914031668,True
544,LightGBM,2027-06-26 06:05:00,111.0,112.47916886486159,True
544,LightGBM,2027-06-26 06:10:00,114.0,108.61847369472216,True
544,LightGBM,2027-06-26 06:15:00,115.0,116.18446605444299,True
544,LightGBM,2027-06-26 06:20:00,115.0,116.49093661437115,True
544,LightGBM,2027-06-26 06:25:00,117.0,109.02871251693033,True
544,LightGBM,2027-06-26 06:30:00,119.0,109.318435720191,True
544,LightGBM,2027-06-26 06:35:00,121.0,115.5976107811324,True
544,LightGBM,2027-06-26 06:40:00,124.0,121.91688435537714,True
544,LightGBM,2027-06-26 06:45:00,122.0,119.29254477480148,True
544,LightGBM,2027-06-26 06:50:00,124.0,119.09068388163594,True
544,LightGBM,2027-06-26 06:55:00,126.0,123.65798239138813,True
544,LightGBM,2027-06-26 07:00:00,129.0,124.4398684233633,True
544,LightGBM,2027-06-26 07:05:00,136.0,129.0680463790308,True
544,LightGBM,2027-06-26 07:10:00,145.0,136.64570877858395,True
544,LightGBM,2027-06-26 07:15:00,154.0,122.91257357865369,True
544,LightGBM,2027-06-26 07:20:00,160.0,133.34851799969806,True
544,LightGBM,2027-06-26 07:25:00,167.0,132.7442555877232,True
544,LightGBM,2027-06-26 07:30:00,172.0,144.09469244480738,True
544,LightGBM,2027-06-26 07:35:00,176.0,156.67033092504596,True
544,LightGBM,2027-06-26 07:40:00,142.0,174.8538587925113,True
544,LightGBM,2027-06-26 07:45:00,142.0,181.65518023393506,True
544,LightGBM,2027-06-26 07:50:00,147.0,176.78532096099644,True
544,LightGBM,2027-06-26 07:55:00,152.0,200.73348165159888,True
544,LightGBM,2027-06-26 08:00:00,158.0,194.36734262019152,True
544,LightGBM,2027-06-26 08:05:00,164.0,193.56232472182458,True
544,LightGBM,2027-06-26 08:10:00,166.0,160.03312393585182,True
544,LightGBM,2027-06-26 08:15:00,169.0,158.27536692206814,True
544,LightGBM,2027-06-26 08:20:00,177.0,167.37520034069183,True
544,LightGBM,2027-06-26 08:25:00,183.0,166.10919504482908,True
544,LightGBM,2027-06-26 08:30:00,187.0,176.1294381523536,True
544,LightGBM,2027-06-26 08:35:00,188.0,179.40270801419402,True
544,LightGBM,2027-06-26 08:40:00,189.0,168.33337931783922,True
544,LightGBM,2027-06-26 08:45:00,196.0,178.6157389823403,True
544,LightGBM,2027-06-26 08:50:00,197.0,195.42347048618794,True
544,LightGBM,2027-06-26 08:55:00,200.0,195.49953358083863,True
544,LightGBM,2027-06-26 09:00:00,194.0,191.6865562901985,True
544,LightGBM,2027-06-26 09:05:00,189.0,183.58483289608833,True
544,LightGBM,2027-06-26 09:10:00,191.0,186.6243932317301,True
544,LightGBM,2027-06-26 09:15:00,189.0,209.6273710249482,True
544,LightGBM,2027-06-26 09:20:00,186.0,195.86848563385138,True
544,LightGBM,2027-06-26 09:25:00,185.0,205.00759158913777,True
544,LightGBM,2027-06-26 09:30:00,178.0,172.60306146305936,True
544,LightGBM,2027-06-26 09:35:00,170.0,172.89980097648424,True
544,LightGBM,2027-06-26 09:40:00,168.0,189.80789927572908,True
544,LightGBM,2027-06-26 09:45:00,166.0,174.24707587496877,True
544,LightGBM,2027-06-26 09:50:00,164.0,172.3886792005413,True
544,LightGBM,2027-06-26 09:55:00,161.0,175.78313358966568,True
544,LightGBM,2027-06-26 10:00:00,160.0,155.79382278248391,True
544,LightGBM,2027-06-26 10:05:00,160.0,144.00503724705385,True
544,LightGBM,2027-06-26 10:10:00,160.0,154.27819543629985,True
544,LightGBM,2027-06-26 10:15:00,160.0,151.1284639547192,True
544,LightGBM,2027-06-26 10:20:00,160.0,149.70332150777838,True
544,LightGBM,2027-06-26 10:25:00,166.0,140.9124386662471,True
544,LightGBM,2027-06-26 10:30:00,165.0,147.77345030653117,True
544,LightGBM,2027-06-26 10:35:00,165.0,152.8365910548196,True
544,LightGBM,2027-06-26 10:40:00,162.0,153.82837457333284,True
544,LightGBM,2027-06-26 10:45:00,161.0,155.75287457969048,True
544,LightGBM,2027-06-26 10:50:00,161.0,157.3061716330495,True
544,LightGBM,2027-06-26 10:55:00,158.0,172.99259751205108,True
544,LightGBM,2027-06-26 11:00:00,156.0,157.04256084948793,True
544,LightGBM,2027-06-26 11:05:00,156.0,163.1721778046591,True
544,LightGBM,2027-06-26 11:10:00,159.0,149.40579165635168,True
544,LightGBM,2027-06-26 11:15:00,161.0,154.9001215401701,True
544,LightGBM,2027-06-26 11:20:00,163.0,156.40559061938754,True
544,LightGBM,2027-06-26 11:25:00,164.0,145.12851172816818,True
544,LightGBM,2027-06-26 11:30:00,159.0,146.58517923147588,True
544,LightGBM,2027-06-26 11:35:00,155.0,151.04183145578824,True
544,LightGBM,2027-06-26 11:40:00,148.0,160.75077411836406,True
544,LightGBM,2027-06-26 11:45:00,142.0,158.63077187670393,True
544,LightGBM,2027-06-26 11:50:00,141.0,163.0837743901301,True
544,LightGBM,2027-06-26 11:55:00,138.0,164.39197532865143,True
544,LightGBM,2027-06-26 12:00:00,136.0,150.67678015747993,True
544,LightGBM,2027-06-26 12:05:00,135.0,147.72562148216514,True
544,LightGBM,2027-06-26 12:10:00,134.0,131.5115725263821,True
544,LightGBM,2027-06-26 12:15:00,135.0,129.47127894280226,True
544,LightGBM,2027-06-26 12:20:00,141.0,137.34005262417372,True
544,LightGBM,2027-06-26 12:25:00,138.0,130.54917743609718,True
544,LightGBM,2027-06-26 12:30:00,139.0,132.62719799497629,True
544,LightGBM,2027-06-26 12:35:00,142.0,130.51178374547317,True
544,LightGBM,2027-06-26 12:40:00,143.0,130.28133588664528,True
544,LightGBM,2027-06-26 12:45:00,134.0,136.33456834653316,True
544,LightGBM,2027-06-26 12:50:00,132.0,151.41068975098824,True
544,LightGBM,2027-06-26 12:55:00,131.0,134.96412530496238,True
544,LightGBM,2027-06-26 13:00:00,135.0,165.38405537701155,True
544,LightGBM,2027-06-26 13:05:00,141.0,166.07208451683448,True
544,LightGBM,2027-06-26 13:10:00,140.0,163.56338939303436,True
544,LightGBM,2027-06-26 13:15:00,142.0,142.37794215338377,True
544,LightGBM,2027-06-26 13:20:00,145.0,141.11782836528974,True
544,LightGBM,2027-06-26 13:25:00,149.0,138.5319206975545,True
544,LightGBM,2027-06-26 13:30:00,151.0,151.38201095392049,True
544,LightGBM,2027-06-26 13:35:00,154.0,159.0895846123044,True
544,LightGBM,2027-06-26 13:40:00,159.0,138.20648292064814,True
544,LightGBM,2027-06-26 13:45:00,169.0,151.39288713197274,True
544,LightGBM,2027-06-26 13:50:00,175.0,154.6060033510394,True
544,LightGBM,2027-06-26 13:55:00,182.0,160.41953764031587,True
544,LightGBM,2027-06-26 14:00:00,188.0,153.93519747830226,True
544,LightGBM,2027-06-26 14:05:00,194.0,162.36011592033122,True
544,LightGBM,2027-06-26 14:10:00,197.0,174.8253816892184,True
544,LightGBM,2027-06-26 14:15:00,203.0,190.11401208990625,True
544,LightGBM,2027-06-26 14:20:00,205.0,185.99513698243615,True
544,LightGBM,2027-06-26 14:25:00,201.0,202.2994386767327,True
544,LightGBM,2027-06-26 14:30:00,200.0,199.29310116711198,True
544,LightGBM,2027-06-26 14:35:00,199.0,207.74812333554817,True
544,LightGBM,2027-06-26 14:40:00,200.0,201.23489402345874,True
544,LightGBM,2027-06-26 14:45:00,205.0,217.4938478522773,True
544,LightGBM,2027-06-26 14:50:00,204.0,205.79438196951833,True
544,LightGBM,2027-06-26 14:55:00,203.0,186.97377287379754,True
544,LightGBM,2027-06-26 15:00:00,210.0,195.64759414049306,True
544,LightGBM,2027-06-26 15:05:00,211.0,191.3198953895013,True
544,LightGBM,2027-06-26 15:10:00,212.0,200.39779882214847,True
544,LightGBM,2027-06-26 15:15:00,213.0,212.05365543038883,True
544,LightGBM,2027-06-26 15:20:00,214.0,195.77774509919107,True
544,LightGBM,2027-06-26 15:25:00,217.0,198.27760930536135,True
544,LightGBM,2027-06-26 15:30:00,220.0,218.7329875018059,True
544,LightGBM,2027-06-26 15:35:00,222.0,209.939321505903,True
544,LightGBM,2027-06-26 15:40:00,223.0,214.39675156622894,True
544,LightGBM,2027-06-26 15:45:00,224.0,213.20002816153834,True
544,LightGBM,2027-06-26 15:50:00,222.0,213.76883165423513,True
544,LightGBM,2027-06-26 15:55:00,220.0,222.17947261248892,True
544,LightGBM,2027-06-26 16:00:00,216.0,225.05659067388945,True
544,LightGBM,2027-06-26 16:05:00,210.0,226.86366746417806,True
544,LightGBM,2027-06-26 16:10:00,206.0,227.25137796539528,True
544,LightGBM,2027-06-26 16:15:00,207.0,226.73960670821725,True
544,LightGBM,2027-06-26 16:20:00,211.0,216.63268372344294,True
544,LightGBM,2027-06-26 16:25:00,210.0,214.57112485604168,True
544,LightGBM,2027-06-26 16:30:00,208.0,206.08109868077304,True
544,LightGBM,2027-06-26 16:35:00,207.0,194.99818054117267,True
544,LightGBM,2027-06-26 16:40:00,207.0,192.80302910231683,True
544,LightGBM,2027-06-26 16:45:00,206.0,204.45920095841387,True
544,LightGBM,2027-06-26 16:50:00,205.0,215.8669523232669,True
544,LightGBM,2027-06-26 16:55:00,205.0,204.91609925791332,True
544,LightGBM,2027-06-26 17:00:00,205.0,200.87897561260783,True
544,LightGBM,2027-06-26 17:05:00,205.0,203.50410478982874,True
544,LightGBM,2027-06-26 17:10:00,204.0,205.67160293054803,True
544,LightGBM,2027-06-26 17:15:00,202.0,201.81137876278387,True
544,LightGBM,2027-06-26 17:20:00,201.0,201.85647050339898,True
544,LightGBM,2027-06-26 17:25:00,202.0,204.5623281066436,True
544,LightGBM,2027-06-26 17:30:00,202.0,203.97426537334266,True
544,LightGBM,2027-06-26 17:35:00,199.0,204.26096468247894,True
544,LightGBM,2027-06-26 17:40:00,193.0,199.84512543033355,True
544,LightGBM,2027-06-26 17:45:00,192.0,196.89579198743007,True
544,LightGBM,2027-06-26 17:50:00,218.0,199.00170915700642,True
544,LightGBM,2027-06-26 17:55:00,213.0,203.04672439062307,True
544,LightGBM,2027-06-26 18:00:00,213.0,202.87160610209625,True
544,LightGBM,2027-06-26 18:05:00,214.0,198.41962978707136,True
544,LightGBM,2027-06-26 18:10:00,213.0,191.8149042327252,True
544,LightGBM,2027-06-26 18:15:00,215.0,194.1409259150943,True
544,LightGBM,2027-06-26 18:20:00,222.0,226.74559385562694,True
544,LightGBM,2027-06-26 18:25:00,229.0,203.84416077104217,True
544,LightGBM,2027-06-26 18:30:00,236.0,204.22654263616002,True
544,LightGBM,2027-06-26 18:35:00,237.0,206.17207958156789,True
544,LightGBM,2027-06-26 18:40:00,233.0,199.92083973646683,True
544,LightGBM,2027-06-26 18:45:00,237.0,210.63625287517118,True
544,LightGBM,2027-06-26 18:50:00,242.0,226.76408658044357,True
544,LightGBM,2027-06-26 18:55:00,248.0,237.48805515221645,True
544,LightGBM,2027-06-26 19:00:00,255.0,241.1455557449281,True
544,LightGBM,2027-06-26 19:05:00,267.0,229.22155862799562,True
544,LightGBM,2027-06-26 19:10:00,267.0,213.38912588388786,True
544,LightGBM,2027-06-26 19:15:00,264.0,237.42734498587708,True
544,LightGBM,2027-06-26 19:20:00,264.0,243.33724503299035,True
544,LightGBM,2027-06-26 19:25:00,263.0,253.9658179840846,True
544,LightGBM,2027-06-26 19:30:00,259.0,262.551764888594,True
544,LightGBM,2027-06-26 19:35:00,252.0,278.0741071605708,True
544,LightGBM,2027-06-26 19:40:00,249.0,258.51353044138926,True
544,LightGBM,2027-06-26 19:45:00,249.0,248.29058488640456,True
544,LightGBM,2027-06-26 19:50:00,245.0,256.2748227393933,True
544,LightGBM,2027-06-26 19:55:00,240.0,249.7706558851929,True
544,LightGBM,2027-06-26 20:00:00,236.0,236.69344238078432,True
544,LightGBM,2027-06-26 20:05:00,232.0,224.68664264648714,True
544,LightGBM,2027-06-26 20:10:00,229.0,232.03841891306118,True
544,LightGBM,2027-06-26 20:15:00,222.0,239.4623346847008,True
544,LightGBM,2027-06-26 20:20:00,215.0,225.12417200420498,True
544,LightGBM,2027-06-26 20:25:00,212.0,216.50056035579362,True
544,LightGBM,2027-06-26 20:30:00,211.0,215.12926254872903,True
544,LightGBM,2027-06-26 20:35:00,203.0,212.4798207017519,True
544,LightGBM,2027-06-26 20:40:00,207.0,209.31846258096988,True
544,LightGBM,2027-06-26 20:45:00,216.0,197.95009594152023,True
544,LightGBM,2027-06-26 20:50:00,211.0,191.3349322243027,True
544,LightGBM,2027-06-26 20:55:00,207.0,196.57386506434506,True
544,LightGBM,2027-06-26 21:00:00,208.0,203.62325035931994,True
544,LightGBM,2027-06-26 21:05:00,211.0,183.69131486137402,True
544,LightGBM,2027-06-26 21:10:00,215.0,209.07510154744088,True
544,LightGBM,2027-06-26 21:15:00,220.0,220.85744907153133,True
544,LightGBM,2027-06-26 21:20:00,216.0,196.50053663692248,True
544,LightGBM,2027-06-26 21:25:00,212.0,187.94833101551123,True
544,LightGBM,2027-06-26 21:30:00,214.0,200.49881300462633,True
544,LightGBM,2027-06-26 21:35:00,220.0,210.2679810548521,True
544,LightGBM,2027-06-26 21:40:00,226.0,217.13876983385964,True
544,LightGBM,2027-06-26 21:45:00,230.0,225.09302266684483,True
544,LightGBM,2027-06-26 21:50:00,235.0,195.58680586843187,True
544,LightGBM,2027-06-26 21:55:00,237.0,194.48512166277033,True
544,LightGBM,2027-06-26 22:00:00,233.0,211.74804141509173,True
544,LightGBM,2027-06-26 22:05:00,225.0,226.99702697146571,True
544,LightGBM,2027-06-26 22:10:00,217.0,234.06915246930106,True
544,LightGBM,2027-06-26 22:15:00,209.0,233.7922801341783,True
544,LightGBM,2027-06-26 22:20:00,193.0,239.41745554183382,True
544,LightGBM,2027-06-26 22:25:00,186.0,230.83710332516662,True
544,LightGBM,2027-06-26 22:30:00,181.0,214.51718934214023,True
544,LightGBM,2027-06-26 22:35:00,176.0,200.72374382077498,True
544,LightGBM,2027-06-26 22:40:00,172.0,189.79898752620076,True
544,LightGBM,2027-06-26 22:45:00,169.0,181.30534721548318,True
544,LightGBM,2027-06-26 22:50:00,170.0,152.73921653812246,True
544,LightGBM,2027-06-26 22:55:00,177.0,163.0266883344219,True
544,LightGBM,2027-06-26 23:00:00,171.0,160.2983560462864,True
544,LightGBM,2027-06-26 23:05:00,165.0,155.30208303840294,True
544,LightGBM,2027-06-26 23:10:00,163.0,152.8769748292883,True
544,LightGBM,2027-06-26 23:15:00,160.0,153.2628015346991,True
544,LightGBM,2027-06-26 23:20:00,156.0,165.15304399998942,True
544,LightGBM,2027-06-26 23:25:00,155.0,182.5969585270006,True
544,LightGBM,2027-06-26 23:30:00,153.0,153.2617879508437,True
544,LightGBM,2027-06-26 23:35:00,154.0,149.35986272731162,True
544,LightGBM,2027-06-26 23:40:00,154.0,151.71767161483083,True
544,LightGBM,2027-06-26 23:45:00,155.0,143.87408690302772,True
544,LightGBM,2027-06-26 23:50:00,155.0,139.59014352808765,True
544,LightGBM,2027-06-26 23:55:00,156.0,144.4497224223363,True
544,LightGBM,2027-06-27 00:00:00,155.0,139.6333828159255,True
544,LightGBM,2027-06-27 00:05:00,154.0,149.77570976680212,True
544,LightGBM,2027-06-27 00:10:00,156.0,147.8215932083507,True
544,LightGBM,2027-06-27 00:15:00,160.0,155.34852991649743,True
544,LightGBM,2027-06-27 00:20:00,160.0,155.1381078609567,True
544,LightGBM,2027-06-27 00:25:00,161.0,157.30642146590557,True
544,LightGBM,2027-06-27 00:30:00,161.0,151.12521592035597,True
544,LightGBM,2027-06-27 00:35:00,161.0,148.2560539626149,True
544,LightGBM,2027-06-27 00:40:00,162.0,158.05163305462247,True
544,LightGBM,2027-06-27 00:45:00,162.0,166.97899000601257,True
544,LightGBM,2027-06-27 00:50:00,163.0,162.53306574535813,True
544,LightGBM,2027-06-27 00:55:00,164.0,165.3201553788762,True
544,LightGBM,2027-06-27 01:00:00,165.0,163.9653872706636,True
544,LightGBM,2027-06-27 01:05:00,165.0,164.60754320021493,True
544,LightGBM,2027-06-27 01:10:00,165.0,164.4127896317222,True
544,LightGBM,2027-06-27 01:15:00,165.0,164.51052327712924,True
544,LightGBM,2027-06-27 01:20:00,165.0,165.56082397549173,True
544,LightGBM,2027-06-27 01:25:00,162.0,167.12135709736896,True
544,LightGBM,2027-06-27 01:30:00,160.0,169.4893097256282,True
544,LightGBM,2027-06-27 01:35:00,156.0,169.04723791021345,True
544,LightGBM,2027-06-27 01:40:00,150.0,169.56706650036293,True
544,LightGBM,2027-06-27 01:45:00,148.0,169.89158637727311,True
544,LightGBM,2027-06-27 01:50:00,146.0,169.5609244969579,True
544,LightGBM,2027-06-27 01:55:00,146.0,158.67136541113194,True
544,LightGBM,2027-06-27 02:00:00,147.0,160.582097327276,True
544,LightGBM,2027-06-27 02:05:00,145.0,151.30500830197494,True
544,LightGBM,2027-06-27 02:10:00,144.0,142.38804807900266,True
544,LightGBM,2027-06-27 02:15:00,142.0,145.67294594161942,True
544,LightGBM,2027-06-27 02:20:00,141.0,143.3428700005523,True
544,LightGBM,2027-06-27 02:25:00,139.0,146.60734982991625,True
544,LightGBM,2027-06-27 02:30:00,138.0,148.83376469482604,True
544,LightGBM,2027-06-27 02:35:00,137.0,142.86860509388015,True
544,LightGBM,2027-06-27 02:40:00,136.0,144.27878178767006,True
544,LightGBM,2027-06-27 02:45:00,136.0,139.16267938394304,True
544,LightGBM,2027-06-27 02:50:00,135.0,139.28039644196977,True
544,LightGBM,2027-06-27 02:55:00,132.0,136.3597734174691,True
544,LightGBM,2027-06-27 03:00:00,130.0,136.2579766889304,True
544,LightGBM,2027-06-27 03:05:00,128.0,135.48842879676474,True
544,LightGBM,2027-06-27 03:10:00,127.0,133.7326900505564,True
544,LightGBM,2027-06-27 03:15:00,126.0,136.43668102428464,True
544,LightGBM,2027-06-27 03:20:00,130.0,131.32655776351206,True
544,LightGBM,2027-06-27 03:25:00,130.0,126.7215960463217,True
544,LightGBM,2027-06-27 03:30:00,128.0,125.33925537862086,True
544,LightGBM,2027-06-27 03:35:00,126.0,124.22037763408083,True
544,LightGBM,2027-06-27 03:40:00,126.0,124.89772545406146,True
544,LightGBM,2027-06-27 03:45:00,125.0,121.8169694375718,True
544,LightGBM,2027-06-27 03:50:00,122.0,137.35724219091438,True
544,LightGBM,2027-06-27 03:55:00,117.0,127.94805414247831,True
544,LightGBM,2027-06-27 04:00:00,116.0,126.68629150825926,True
544,LightGBM,2027-06-27 04:05:00,115.0,122.6542812296351,True
544,LightGBM,2027-06-27 04:10:00,114.0,126.75440846304814,True
544,LightGBM,2027-06-27 04:15:00,114.0,122.38047396354365,True
544,LightGBM,2027-06-27 04:20:00,117.0,116.39928585672652,True
544,LightGBM,2027-06-27 04:25:00,119.0,105.70231369748123,True
544,LightGBM,2027-06-27 04:30:00,120.0,113.92190058845135,True
544,LightGBM,2027-06-27 04:35:00,116.0,112.41671420764905,True
544,LightGBM,2027-06-27 04:40:00,109.0,110.53547844138328,True
544,LightGBM,2027-06-27 04:45:00,107.0,112.93155782779795,True
544,LightGBM,2027-06-27 04:50:00,106.0,123.32377175650174,True
544,LightGBM,2027-06-27 04:55:00,105.0,122.08530747184075,True
544,LightGBM,2027-06-27 05:00:00,104.0,122.49106765139739,True
544,LightGBM,2027-06-27 05:05:00,104.0,113.18803613728761,True
544,LightGBM,2027-06-27 05:10:00,103.0,106.65744526479594,True
544,LightGBM,2027-06-27 05:15:00,103.0,104.40851410995319,True
544,LightGBM,2027-06-27 05:20:00,103.0,103.81189317836979,True
544,LightGBM,2027-06-27 05:25:00,109.0,101.42423701149193,True
544,LightGBM,2027-06-27 05:30:00,110.0,99.20784476353546,True
544,LightGBM,2027-06-27 05:35:00,110.0,103.12882189194188,True
544,LightGBM,2027-06-27 05:40:00,110.0,101.06837556168514,True
544,LightGBM,2027-06-27 05:45:00,105.0,104.22078224016806,True
544,LightGBM,2027-06-27 05:50:00,100.0,104.2049712877253,True
544,LightGBM,2027-06-27 05:55:00,98.0,127.54573552845758,True
544,LightGBM,2027-06-27 06:00:00,97.0,114.92117913045406,True
544,LightGBM,2027-06-27 06:05:00,96.0,113.2537089085658,True
544,LightGBM,2027-06-27 06:10:00,99.0,113.41144119616717,True
544,LightGBM,2027-06-27 06:15:00,102.0,102.36140440806898,True
544,LightGBM,2027-06-27 06:20:00,104.0,94.48170252595052,True
544,LightGBM,2027-06-27 06:25:00,106.0,96.28081718401242,True
544,LightGBM,2027-06-27 06:30:00,107.0,95.39003174563314,True
544,LightGBM,2027-06-27 06:35:00,105.0,92.99035009563138,True
544,LightGBM,2027-06-27 06:40:00,107.0,110.56719422238533,True
544,LightGBM,2027-06-27 06:45:00,109.0,112.31439755124075,True
544,LightGBM,2027-06-27 06:50:00,108.0,113.23476083989148,True
544,LightGBM,2027-06-27 06:55:00,107.0,116.01287269277893,True
544,LightGBM,2027-06-27 07:00:00,106.0,113.41019482323355,True
544,LightGBM,2027-06-27 07:05:00,106.0,106.1435766412333,True
544,LightGBM,2027-06-27 07:10:00,104.0,116.7186389032641,True
544,LightGBM,2027-06-27 07:15:00,101.0,116.42889953724128,True
544,LightGBM,2027-06-27 07:20:00,101.0,109.26929369695551,True
544,LightGBM,2027-06-27 07:25:00,101.0,107.62496248402482,True
544,LightGBM,2027-06-27 07:30:00,101.0,104.88649240841117,True
544,LightGBM,2027-06-27 07:35:00,101.0,108.70122839485464,True
544,LightGBM,2027-06-27 07:40:00,102.0,101.90407724361836,True
544,LightGBM,2027-06-27 07:45:00,101.0,97.31114632567044,True
544,LightGBM,2027-06-27 07:50:00,101.0,102.96252933212585,True
544,LightGBM,2027-06-27 07:55:00,100.0,103.40271572243326,True
544,LightGBM,2027-06-27 08:00:00,100.0,103.60596843854687,True
544,LightGBM,2027-06-27 08:05:00,100.0,103.1710943611561,True
544,LightGBM,2027-06-27 08:10:00,104.0,107.57442253711633,True
544,LightGBM,2027-06-27 08:15:00,106.0,99.76161686207335,True
544,LightGBM,2027-06-27 08:20:00,110.0,102.70006641203081,True
544,LightGBM,2027-06-27 08:25:00,118.0,97.72851875912545,True
544,LightGBM,2027-06-27 08:30:00,126.0,101.67299791929165,True
544,LightGBM,2027-06-27 08:35:00,136.0,101.67849336986157,True
544,LightGBM,2027-06-27 08:40:00,140.0,119.95234567709403,True
544,LightGBM,2027-06-27 08:45:00,146.0,115.14290706189104,True
544,LightGBM,2027-06-27 08:50:00,149.0,127.4979218069092,True
544,LightGBM,2027-06-27 08:55:00,150.0,160.1512265128788,True
544,LightGBM,2027-06-27 09:00:00,154.0,164.1494862815189,True
544,LightGBM,2027-06-27 09:05:00,159.0,179.1673081344689,True
544,LightGBM,2027-06-27 09:10:00,167.0,163.33136153135757,True
544,LightGBM,2027-06-27 09:15:00,178.0,169.69247803432907,True
544,LightGBM,2027-06-27 09:20:00,191.0,156.09255236105892,True
544,LightGBM,2027-06-27 09:25:00,206.0,150.9426589759407,True
544,LightGBM,2027-06-27 09:30:00,212.0,161.62996056555284,True
544,LightGBM,2027-06-27 09:35:00,215.0,170.95412444300737,True
544,LightGBM,2027-06-27 09:40:00,216.0,185.63542530397515,True
544,LightGBM,2027-06-27 09:45:00,218.0,201.42661184677146,True
544,LightGBM,2027-06-27 09:50:00,218.0,217.486310848293,True
544,LightGBM,2027-06-27 09:55:00,211.0,231.94005489672637,True
544,LightGBM,2027-06-27 10:00:00,202.0,221.06406559559002,True
544,LightGBM,2027-06-27 10:05:00,198.0,213.30309841196254,True
544,LightGBM,2027-06-27 10:10:00,196.0,211.9400781453636,True
544,LightGBM,2027-06-27 10:15:00,195.0,218.63242986247647,True
544,LightGBM,2027-06-27 10:20:00,197.0,206.27764599465286,True
544,LightGBM,2027-06-27 10:25:00,199.0,184.16781313382384,True
544,LightGBM,2027-06-27 10:30:00,199.0,172.33382546991,True
544,LightGBM,2027-06-27 10:35:00,197.0,179.14735852294845,True
544,LightGBM,2027-06-27 10:40:00,193.0,181.10311573620587,True
544,LightGBM,2027-06-27 10:45:00,185.0,182.75398272242248,True
544,LightGBM,2027-06-27 10:50:00,180.0,192.04706914370513,True
544,LightGBM,2027-06-27 10:55:00,171.0,194.7611466088887,True
544,LightGBM,2027-06-27 11:00:00,173.0,193.31127002324783,True
544,LightGBM,2027-06-27 11:05:00,170.0,186.0757923091776,True
544,LightGBM,2027-06-27 11:10:00,166.0,178.7986256452625,True
544,LightGBM,2027-06-27 11:15:00,164.0,164.89701132124048,True
544,LightGBM,2027-06-27 11:20:00,158.0,161.25331989466838,True
544,LightGBM,2027-06-27 11:25:00,148.0,139.93957246071335,True
544,LightGBM,2027-06-27 11:30:00,144.0,167.68244007038385,True
544,LightGBM,2027-06-27 11:35:00,147.0,151.91639564210513,True
544,LightGBM,2027-06-27 11:40:00,145.0,147.4115964696424,True
544,LightGBM,2027-06-27 11:45:00,141.0,150.2854581972254,True
544,LightGBM,2027-06-27 11:50:00,140.0,133.97266995051478,True
544,LightGBM,2027-06-27 11:55:00,139.0,118.91092802678527,True
544,LightGBM,2027-06-27 12:00:00,142.0,152.00277906396363,True
544,LightGBM,2027-06-27 12:05:00,147.0,164.71509967988857,True
544,LightGBM,2027-06-27 12:10:00,150.0,146.34952111368727,True
544,LightGBM,2027-06-27 12:15:00,153.0,140.65312000318838,True
544,LightGBM,2027-06-27 12:20:00,159.0,143.21160507898475,True
544,LightGBM,2027-06-27 12:25:00,165.0,143.2299076491993,True
544,LightGBM,2027-06-27 12:30:00,168.0,150.39932349996758,True
544,LightGBM,2027-06-27 12:35:00,175.0,156.01145825730472,True
544,LightGBM,2027-06-27 12:40:00,180.0,152.3678860070071,True
544,LightGBM,2027-06-27 12:45:00,186.0,156.40857769567702,True
544,LightGBM,2027-06-27 12:50:00,199.0,170.02199318923178,True
544,LightGBM,2027-06-27 12:55:00,208.0,174.20315212735048,True
544,LightGBM,2027-06-27 13:00:00,216.0,167.79677376859826,True
544,LightGBM,2027-06-27 13:05:00,220.0,190.80833443232044,True
544,LightGBM,2027-06-27 13:10:00,220.0,184.07730526719513,True
544,LightGBM,2027-06-27 13:15:00,214.0,197.1616257904833,True
544,LightGBM,2027-06-27 13:20:00,211.0,215.68070735247258,True
544,LightGBM,2027-06-27 13:25:00,214.0,217.08439556406267,True
544,LightGBM,2027-06-27 13:30:00,211.0,227.61443596332415,True
544,LightGBM,2027-06-27 13:35:00,204.0,227.05341354303584,True
544,LightGBM,2027-06-27 13:40:00,199.0,216.02803345045436,True
544,LightGBM,2027-06-27 13:45:00,195.0,192.27259268427113,True
544,LightGBM,2027-06-27 13:50:00,196.0,198.9940123985575,True
544,LightGBM,2027-06-27 13:55:00,199.0,212.74527927676704,True
544,LightGBM,2027-06-27 14:00:00,203.0,194.73141572988862,True
544,LightGBM,2027-06-27 14:05:00,209.0,178.9711819429834,True
544,LightGBM,2027-06-27 14:10:00,214.0,177.1264628767043,True
544,LightGBM,2027-06-27 14:15:00,221.0,177.27988805009244,True
544,LightGBM,2027-06-27 14:20:00,226.0,192.44901197375012,True
544,LightGBM,2027-06-27 14:25:00,229.0,197.3281651645299,True
544,LightGBM,2027-06-27 14:30:00,227.0,205.00851832455734,True
544,LightGBM,2027-06-27 14:35:00,220.0,215.63692225054314,True
544,LightGBM,2027-06-27 14:40:00,212.0,218.59040653943055,True
544,LightGBM,2027-06-27 14:45:00,208.0,231.87620221361556,True
544,LightGBM,2027-06-27 14:50:00,205.0,233.51115927676244,True
544,LightGBM,2027-06-27 14:55:00,201.0,235.04879920953954,True
544,LightGBM,2027-06-27 15:00:00,203.0,219.56230821944112,True
544,LightGBM,2027-06-27 15:05:00,206.0,205.7711457831709,True
544,LightGBM,2027-06-27 15:10:00,203.0,194.50253444625736,True
544,LightGBM,2027-06-27 15:15:00,195.0,194.475716972394,True
544,LightGBM,2027-06-27 15:20:00,198.0,187.84431361557318,True
544,LightGBM,2027-06-27 15:25:00,200.0,183.13679826637988,True
544,LightGBM,2027-06-27 15:30:00,198.0,197.04983548925637,True
544,LightGBM,2027-06-27 15:35:00,198.0,202.93372743087193,True
544,LightGBM,2027-06-27 15:40:00,205.0,188.11174272214205,True
544,LightGBM,2027-06-27 15:45:00,210.0,180.54121813732803,True
544,LightGBM,2027-06-27 15:50:00,212.0,200.34245858273104,True
544,LightGBM,2027-06-27 15:55:00,211.0,198.40736060796345,True
544,LightGBM,2027-06-27 16:00:00,208.0,189.66312243071516,True
544,LightGBM,2027-06-27 16:05:00,205.0,197.45860397625796,True
544,LightGBM,2027-06-27 16:10:00,201.0,211.78563599830503,True
544,LightGBM,2027-06-27 16:15:00,196.0,215.6906042800638,True
544,LightGBM,2027-06-27 16:20:00,189.0,215.93532357086323,True
544,LightGBM,2027-06-27 16:25:00,188.0,212.40081295524578,True
544,LightGBM,2027-06-27 16:30:00,193.0,203.8198146399506,True
544,LightGBM,2027-06-27 16:35:00,193.0,198.2637249067527,True
544,LightGBM,2027-06-27 16:40:00,189.0,194.25178579552522,True
544,LightGBM,2027-06-27 16:45:00,185.0,187.60175535009066,True
544,LightGBM,2027-06-27 16:50:00,183.0,176.9107512690628,True
544,LightGBM,2027-06-27 16:55:00,182.0,182.90803611453074,True
544,LightGBM,2027-06-27 17:00:00,181.0,196.3809719439449,True
544,LightGBM,2027-06-27 17:05:00,181.0,190.9832767677354,True
544,LightGBM,2027-06-27 17:10:00,181.0,181.2913992426699,True
544,LightGBM,2027-06-27 17:15:00,180.0,179.20158251363264,True
544,LightGBM,2027-06-27 17:20:00,179.0,179.9453398662694,True
544,LightGBM,2027-06-27 17:25:00,179.0,177.66024712856486,True
544,LightGBM,2027-06-27 17:30:00,177.0,175.0741439984668,True
544,LightGBM,2027-06-27 17:35:00,174.0,179.04741549245892,True
544,LightGBM,2027-06-27 17:40:00,170.0,178.20318585884448,True
544,LightGBM,2027-06-27 17:45:00,172.0,175.8569223011363,True
544,LightGBM,2027-06-27 17:50:00,172.0,175.23550339878093,True
544,LightGBM,2027-06-27 17:55:00,170.0,178.70452723572234,True
544,LightGBM,2027-06-27 18:00:00,167.0,172.56968104381068,True
544,LightGBM,2027-06-27 18:05:00,167.0,170.0842503301623,True
544,LightGBM,2027-06-27 18:10:00,169.0,181.75557065235685,True
544,LightGBM,2027-06-27 18:15:00,168.0,186.9847657722712,True
544,LightGBM,2027-06-27 18:20:00,165.0,185.86631569832593,True
544,LightGBM,2027-06-27 18:25:00,169.0,180.78093951359662,True
544,LightGBM,2027-06-27 18:30:00,169.0,169.0843985056879,True
544,LightGBM,2027-06-27 18:35:00,169.0,178.02692785076465,True
544,LightGBM,2027-06-27 18:40:00,169.0,177.08684050014185,True
544,LightGBM,2027-06-27 18:45:00,169.0,165.32815267075873,True
544,LightGBM,2027-06-27 18:50:00,169.0,151.06262991904023,True
544,LightGBM,2027-06-27 18:55:00,169.0,173.3351275282303,True
544,LightGBM,2027-06-27 19:00:00,169.0,161.8983393981507,True
544,LightGBM,2027-06-28 23:20:00,160.0,160.14296736932644,False
544,LightGBM,2027-06-28 23:25:00,158.0,160.14296736932644,False
544,LightGBM,2027-06-28 23:30:00,156.0,160.1382662614212,False
544,LightGBM,2027-06-28 23:35:00,151.0,160.76340130926837,False
544,LightGBM,2027-06-28 23:40:00,147.0,160.8846391958561,False
544,LightGBM,2027-06-28 23:45:00,144.0,162.06894275557326,False
544,LightGBM,2027-06-28 23:50:00,143.0,161.60694274893504,True
544,LightGBM,2027-06-28 23:55:00,140.0,155.54157538742055,True
544,LightGBM,2027-06-29 00:00:00,136.0,152.57271600032985,True
544,LightGBM,2027-06-29 00:05:00,135.0,141.63273821443835,True
544,LightGBM,2027-06-29 00:10:00,139.0,141.33466917698794,True
544,LightGBM,2027-06-29 00:15:00,144.0,138.76171786647342,True
544,LightGBM,2027-06-29 00:20:00,141.0,140.11028222297924,True
544,LightGBM,2027-06-29 00:25:00,139.0,135.80305417624746,True
544,LightGBM,2027-06-29 00:30:00,137.0,129.9631878374336,True
544,LightGBM,2027-06-29 00:35:00,136.0,131.66201539138106,True
544,LightGBM,2027-06-29 00:40:00,136.0,146.61551130073602,True
544,LightGBM,2027-06-29 00:45:00,136.0,151.6439002681254,True
544,LightGBM,2027-06-29 00:50:00,136.0,138.07987856593695,True
544,LightGBM,2027-06-29 00:55:00,137.0,137.59132521079894,True
544,LightGBM,2027-06-29 01:00:00,137.0,134.75066712137613,True
544,LightGBM,2027-06-29 01:05:00,137.0,135.17523207716684,True
544,LightGBM,2027-06-29 01:10:00,136.0,136.90743131724275,True
544,LightGBM,2027-06-29 01:15:00,135.0,135.97609945285186,True
544,LightGBM,2027-06-29 01:20:00,134.0,136.39597893628806,True
544,LightGBM,2027-06-29 01:25:00,133.0,139.43064902521195,True
544,LightGBM,2027-06-29 01:30:00,133.0,137.5826734409748,True
544,LightGBM,2027-06-29 01:35:00,131.0,138.56987372796672,True
544,LightGBM,2027-06-29 01:40:00,130.0,135.17312419131306,True
544,LightGBM,2027-06-29 01:45:00,135.0,132.17257475111802,True
544,LightGBM,2027-06-29 01:50:00,139.0,131.17032472457902,True
544,LightGBM,2027-06-29 01:55:00,140.0,130.06707696328874,True
544,LightGBM,2027-06-29 02:00:00,150.0,132.0308136882475,True
544,LightGBM,2027-06-29 02:05:00,161.0,126.32463837763814,True
544,LightGBM,2027-06-29 02:10:00,156.0,127.75386977774271,True
544,LightGBM,2027-06-29 02:15:00,147.0,142.86189159837025,True
544,LightGBM,2027-06-29 02:20:00,137.0,148.04104602881156,True
544,LightGBM,2027-06-29 02:25:00,127.0,143.28481267162894,True
544,LightGBM,2027-06-29 02:30:00,118.0,172.31003127185912,True
544,LightGBM,2027-06-29 02:35:00,111.0,185.0582084799397,True
544,LightGBM,2027-06-29 02:40:00,105.0,155.0459409007813,True
544,LightGBM,2027-06-29 02:45:00,100.0,141.61711009504268,True
544,LightGBM,2027-06-29 02:50:00,99.0,125.07429334937744,True
544,LightGBM,2027-06-29 02:55:00,100.0,117.7656425920989,True
544,LightGBM,2027-06-29 03:00:00,99.0,112.02184127675449,True
544,LightGBM,2027-06-29 03:05:00,97.0,105.16639867423494,True
544,LightGBM,2027-06-29 03:10:00,99.0,97.44501231000706,True
544,LightGBM,2027-06-29 03:15:00,119.0,92.91963056564309,True
544,LightGBM,2027-06-29 03:20:00,144.0,97.47439540787408,True
544,LightGBM,2027-06-29 03:25:00,134.0,102.69242997345897,True
544,LightGBM,2027-06-29 03:30:00,132.0,94.97899953366039,True
544,LightGBM,2027-06-29 03:35:00,121.0,91.84361843805382,True
544,LightGBM,2027-06-29 03:40:00,118.0,105.24099498372253,True
544,LightGBM,2027-06-29 03:45:00,127.0,135.88785432660077,True
544,LightGBM,2027-06-29 03:50:00,127.0,173.21197327218525,True
544,LightGBM,2027-06-29 03:55:00,121.0,131.15255907327838,True
544,LightGBM,2027-06-29 04:00:00,113.0,134.05230137781643,True
544,LightGBM,2027-06-29 04:05:00,105.0,111.85968790183047,True
544,LightGBM,2027-06-29 04:10:00,100.0,115.78622389935701,True
544,LightGBM,2027-06-29 04:15:00,94.0,145.05803003591606,True
544,LightGBM,2027-06-29 04:20:00,87.0,126.08194896931927,True
544,LightGBM,2027-06-29 04:25:00,81.0,116.0360532239212,True
544,LightGBM,2027-06-29 04:30:00,77.0,105.83272368597436,True
544,LightGBM,2027-06-29 04:35:00,74.0,96.4537001858781,True
544,LightGBM,2027-06-29 04:40:00,73.0,95.61799730079345,True
544,LightGBM,2027-06-29 04:45:00,73.0,89.19504615810669,True
544,LightGBM,2027-06-29 04:50:00,73.0,81.45233036083707,True
544,LightGBM,2027-06-29 04:55:00,79.0,77.79339918266697,True
544,LightGBM,2027-06-29 05:00:00,81.0,78.98002650939132,True
544,LightGBM,2027-06-29 05:05:00,81.0,75.33437608787547,True
544,LightGBM,2027-06-29 05:10:00,80.0,77.41165001600093,True
544,LightGBM,2027-06-29 05:15:00,79.0,79.501090721371,True
544,LightGBM,2027-06-29 05:20:00,72.0,79.14579775278591,True
544,LightGBM,2027-06-29 05:25:00,76.0,101.95798133720098,True
544,LightGBM,2027-06-29 05:30:00,85.0,89.78074546827331,True
544,LightGBM,2027-06-29 05:35:00,86.0,87.08693753217906,True
544,LightGBM,2027-06-29 05:40:00,83.0,83.00344319883465,True
544,LightGBM,2027-06-29 05:45:00,81.0,80.50435509210062,True
544,LightGBM,2027-06-29 05:50:00,80.0,75.13455791441267,True
544,LightGBM,2027-06-29 05:55:00,77.0,94.84465567882323,True
544,LightGBM,2027-06-29 06:00:00,74.0,113.4264158587488,True
544,LightGBM,2027-06-29 06:05:00,74.0,92.94940345705697,True
544,LightGBM,2027-06-29 06:10:00,79.0,87.35275155133587,True
544,LightGBM,2027-06-29 06:15:00,84.0,82.85177222334032,True
544,LightGBM,2027-06-29 06:20:00,90.0,81.58368518877589,True
544,LightGBM,2027-06-29 06:25:00,97.0,77.88303238177387,True
544,LightGBM,2027-06-29 06:30:00,98.0,77.03026675965799,True
544,LightGBM,2027-06-29 06:35:00,101.0,81.63984606353229,True
544,LightGBM,2027-06-29 06:40:00,105.0,99.94719563354106,True
544,LightGBM,2027-06-29 06:45:00,116.0,102.52359806252956,True
544,LightGBM,2027-06-29 06:50:00,116.0,115.47000737709851,True
544,LightGBM,2027-06-29 06:55:00,116.0,125.04275289920776,True
544,LightGBM,2027-06-29 07:00:00,116.0,104.71401695245324,True
544,LightGBM,2027-06-29 07:05:00,116.0,115.35800602778964,True
544,LightGBM,2027-06-29 07:10:00,143.0,121.79693247274749,True
544,LightGBM,2027-06-29 07:15:00,143.0,147.9933002286689,True
544,LightGBM,2027-06-29 07:20:00,148.0,125.03361712584413,True
544,LightGBM,2027-06-29 07:25:00,156.0,137.1765934818301,True
544,LightGBM,2027-06-29 07:30:00,166.0,134.639621814474,True
544,LightGBM,2027-06-29 07:35:00,179.0,136.14555376049768,True
544,LightGBM,2027-06-29 07:40:00,190.0,174.1885267135728,True
544,LightGBM,2027-06-29 07:45:00,198.0,157.23900447994527,True
544,LightGBM,2027-06-29 07:50:00,205.0,167.58289929599744,True
544,LightGBM,2027-06-29 07:55:00,211.0,176.7981562880717,True
544,LightGBM,2027-06-29 08:00:00,219.0,190.22392929009325,True
544,LightGBM,2027-06-29 08:05:00,224.0,206.24994120178766,True
544,LightGBM,2027-06-29 08:10:00,230.0,203.88618651006237,True
544,LightGBM,2027-06-29 08:15:00,232.0,206.99278000822414,True
544,LightGBM,2027-06-29 08:20:00,226.0,214.08913279424496,True
544,LightGBM,2027-06-29 08:25:00,220.0,220.70960763342254,True
544,LightGBM,2027-06-29 08:30:00,222.0,231.05676940673462,True
544,LightGBM,2027-06-29 08:35:00,225.0,222.49686467982187,True
544,LightGBM,2027-06-29 08:40:00,225.0,240.5416409633149,True
544,LightGBM,2027-06-29 08:45:00,220.0,227.64665820609082,True
544,LightGBM,2027-06-29 08:50:00,218.0,202.4359838763202,True
544,LightGBM,2027-06-29 08:55:00,214.0,194.3076467781055,True
544,LightGBM,2027-06-29 09:00:00,211.0,216.18214700396447,True
544,LightGBM,2027-06-29 09:05:00,205.0,221.0320880371844,True
544,LightGBM,2027-06-29 09:10:00,198.0,217.40606987618304,True
544,LightGBM,2027-06-29 09:15:00,191.0,200.19580847583148,True
544,LightGBM,2027-06-29 09:20:00,187.0,204.00414106029655,True
544,LightGBM,2027-06-29 09:25:00,181.0,194.1841912598734,True
544,LightGBM,2027-06-29 09:30:00,180.0,195.20420743861328,True
544,LightGBM,2027-06-29 09:35:00,178.0,179.69617175953022,True
544,LightGBM,2027-06-29 09:40:00,174.0,173.5180031830312,True
544,LightGBM,2027-06-29 09:45:00,170.0,167.9405024526989,True
544,LightGBM,2027-06-29 09:50:00,167.0,167.55714310743116,True
544,LightGBM,2027-06-29 09:55:00,168.0,156.29071425935064,True
544,LightGBM,2027-06-29 10:00:00,168.0,165.9186579523285,True
544,LightGBM,2027-06-29 10:05:00,164.0,160.8937187966386,True
544,LightGBM,2027-06-29 10:10:00,158.0,155.45461940139342,True
544,LightGBM,2027-06-29 10:15:00,151.0,152.7590660283421,True
544,LightGBM,2027-06-29 10:20:00,147.0,150.5626356743841,True
544,LightGBM,2027-06-29 10:25:00,145.0,161.10517678751768,True
544,LightGBM,2027-06-29 10:30:00,146.0,158.96527595805674,True
544,LightGBM,2027-06-29 10:35:00,147.0,149.09715348948362,True
544,LightGBM,2027-06-29 10:40:00,144.0,143.08304375402506,True
544,LightGBM,2027-06-29 10:45:00,143.0,129.3628337590204,True
544,LightGBM,2027-06-29 10:50:00,145.0,135.1996129695704,True
544,LightGBM,2027-06-29 10:55:00,151.0,133.10782114388203,True
544,LightGBM,2027-06-29 11:00:00,156.0,143.57378279688055,True
544,LightGBM,2027-06-29 11:05:00,153.0,144.0770744010739,True
544,LightGBM,2027-06-29 11:10:00,160.0,134.72849141130163,True
544,LightGBM,2027-06-29 11:15:00,167.0,138.22904114238747,True
544,LightGBM,2027-06-29 11:20:00,166.0,146.2590521653245,True
544,LightGBM,2027-06-29 11:25:00,156.0,157.11944769106384,True
544,LightGBM,2027-06-29 11:30:00,149.0,164.4563585155669,True
544,LightGBM,2027-06-29 11:35:00,144.0,146.10341015085152,True
544,LightGBM,2027-06-29 11:40:00,141.0,175.78371475296234,True
544,LightGBM,2027-06-29 11:45:00,140.0,178.8218768606976,True
544,LightGBM,2027-06-29 11:50:00,134.0,162.10229531474906,True
544,LightGBM,2027-06-29 11:55:00,130.0,148.50029908958058,True
544,LightGBM,2027-06-29 12:00:00,126.0,140.56230660668655,True
544,LightGBM,2027-06-29 12:05:00,123.0,138.34081889777147,True
544,LightGBM,2027-06-29 12:10:00,124.0,137.0715553530225,True
544,LightGBM,2027-06-29 12:15:00,124.0,138.8255031596812,True
544,LightGBM,2027-06-29 12:20:00,125.0,122.91671498071499,True
544,LightGBM,2027-06-29 12:25:00,124.0,123.59147937528206,True
544,LightGBM,2027-06-29 12:30:00,120.0,117.97812749399871,True
544,LightGBM,2027-06-29 12:35:00,117.0,135.02118294251812,True
544,LightGBM,2027-06-29 12:40:00,116.0,144.0665841113204,True
544,LightGBM,2027-06-29 12:45:00,117.0,141.65376927283233,True
544,LightGBM,2027-06-29 12:50:00,120.0,145.0766926082702,True
544,LightGBM,2027-06-29 12:55:00,122.0,136.45038900883884,True
544,LightGBM,2027-06-29 13:00:00,126.0,126.28616324152311,True
544,LightGBM,2027-06-29 13:05:00,131.0,117.99127417892096,True
544,LightGBM,2027-06-29 13:10:00,137.0,121.32998531291963,True
544,LightGBM,2027-06-29 13:15:00,153.0,122.29571399596848,True
544,LightGBM,2027-06-29 13:20:00,163.0,131.6921386855079,True
544,LightGBM,2027-06-29 13:25:00,169.0,127.16183150959962,True
544,LightGBM,2027-06-29 13:30:00,175.0,141.30322857207872,True
544,LightGBM,2027-06-29 13:35:00,182.0,143.80886313415343,True
544,LightGBM,2027-06-29 13:40:00,185.0,153.51848310910668,True
544,LightGBM,2027-06-29 13:45:00,187.0,180.94484293403167,True
544,LightGBM,2027-06-29 13:50:00,183.0,179.96327337250338,True
544,LightGBM,2027-06-29 13:55:00,182.0,178.61932692902414,True
544,LightGBM,2027-06-29 14:00:00,188.0,188.62757898781118,True
544,LightGBM,2027-06-29 14:05:00,191.0,199.12855994153983,True
544,LightGBM,2027-06-29 14:10:00,190.0,185.9034484336806,True
544,LightGBM,2027-06-29 14:15:00,188.0,184.35829206321952,True
544,LightGBM,2027-06-29 14:20:00,185.0,170.11674433307292,True
544,LightGBM,2027-06-29 14:25:00,182.0,177.46586274970585,True
544,LightGBM,2027-06-29 14:30:00,180.0,193.78679768506436,True
544,LightGBM,2027-06-29 14:35:00,178.0,196.19543920442803,True
544,LightGBM,2027-06-29 14:40:00,177.0,186.39222844066538,True
544,LightGBM,2027-06-29 14:45:00,177.0,181.37139516819613,True
544,LightGBM,2027-06-29 14:50:00,178.0,175.2761375092741,True
544,LightGBM,2027-06-29 14:55:00,177.0,169.41900870781737,True
544,LightGBM,2027-06-29 15:00:00,183.0,167.84695367175863,True
544,LightGBM,2027-06-29 15:05:00,185.0,166.33004002366405,True
544,LightGBM,2027-06-29 15:10:00,186.0,167.62143040116126,True
544,LightGBM,2027-06-29 15:15:00,184.0,169.4230611887217,True
544,LightGBM,2027-06-29 15:20:00,182.0,173.81069001208576,True
544,LightGBM,2027-06-29 15:25:00,181.0,168.74964442042076,True
544,LightGBM,2027-06-29 15:30:00,179.0,193.2760538414392,True
544,LightGBM,2027-06-29 15:35:00,174.0,185.86885823583097,True
544,LightGBM,2027-06-29 15:40:00,170.0,189.7748694567478,True
544,LightGBM,2027-06-29 15:45:00,167.0,179.6629356843175,True
544,LightGBM,2027-06-29 15:50:00,163.0,176.0426990328606,True
544,LightGBM,2027-06-29 15:55:00,160.0,176.344880166783,True
544,LightGBM,2027-06-29 16:00:00,158.0,170.36858959371858,True
544,LightGBM,2027-06-29 16:05:00,151.0,163.3388191153677,True
544,LightGBM,2027-06-29 16:10:00,146.0,159.00456000658724,True
544,LightGBM,2027-06-29 16:15:00,140.0,156.11724890202268,True
544,LightGBM,2027-06-29 16:20:00,132.0,149.57406277319404,True
544,LightGBM,2027-06-29 16:25:00,130.0,149.2470031628506,True
544,LightGBM,2027-06-29 16:30:00,124.0,148.3912836398784,True
544,LightGBM,2027-06-29 16:35:00,118.0,131.23461995068115,True
544,LightGBM,2027-06-29 16:40:00,114.0,134.9199760149153,True
544,LightGBM,2027-06-29 16:45:00,108.0,124.08562407383559,True
544,LightGBM,2027-06-29 16:50:00,102.0,124.62574239694106,True
544,LightGBM,2027-06-29 16:55:00,98.0,135.7215910926699,True
544,LightGBM,2027-06-29 17:00:00,95.0,119.73866555084717,True
544,LightGBM,2027-06-29 17:05:00,93.0,114.07463285972982,True
544,LightGBM,2027-06-29 17:10:00,94.0,115.2432504960295,True
544,LightGBM,2027-06-29 17:15:00,94.0,105.98867513553745,True
544,LightGBM,2027-06-29 17:20:00,100.0,97.60360051647864,True
544,LightGBM,2027-06-29 17:25:00,105.0,94.71825842069477,True
544,LightGBM,2027-06-29 17:30:00,116.0,91.15413012373863,True
544,LightGBM,2027-06-29 17:35:00,128.0,92.62648994656665,True
544,LightGBM,2027-06-29 17:40:00,141.0,100.14205427301259,True
544,LightGBM,2027-06-29 17:45:00,150.0,95.95531653885625,True
544,LightGBM,2027-06-29 17:50:00,158.0,122.56732938876607,True
544,LightGBM,2027-06-29 17:55:00,163.0,118.18309758225298,True
544,LightGBM,2027-06-29 18:00:00,164.0,143.45084149332465,True
544,LightGBM,2027-06-29 18:05:00,174.0,160.82766890461113,True
544,LightGBM,2027-06-29 18:10:00,183.0,170.726991505093,True
544,LightGBM,2027-06-29 18:15:00,187.0,167.53333894779473,True
544,LightGBM,2027-06-29 18:20:00,189.0,172.21359673109353,True
544,LightGBM,2027-06-29 18:25:00,191.0,168.59351443176104,True
544,LightGBM,2027-06-29 18:30:00,192.0,157.4188673845363,True
544,LightGBM,2027-06-29 18:35:00,198.0,188.68910563630138,True
544,LightGBM,2027-06-29 18:40:00,199.0,191.71455208592025,True
544,LightGBM,2027-06-29 18:45:00,192.0,187.3251230849185,True
544,LightGBM,2027-06-29 18:50:00,186.0,186.3682741840095,True
544,LightGBM,2027-06-29 18:55:00,187.0,195.04434304674788,True
544,LightGBM,2027-06-29 19:00:00,191.0,189.9519899674118,True
544,LightGBM,2027-06-29 19:05:00,184.0,210.73482236706207,True
544,LightGBM,2027-06-29 19:10:00,176.0,200.71723467028767,True
544,LightGBM,2027-06-29 19:15:00,173.0,178.41827883648162,True
544,LightGBM,2027-06-29 19:20:00,173.0,171.63117618557402,True
544,LightGBM,2027-06-29 19:25:00,172.0,187.6048886023476,True
544,LightGBM,2027-06-29 19:30:00,172.0,196.3662035746553,True
544,LightGBM,2027-06-29 19:35:00,171.0,170.95790698449645,True
544,LightGBM,2027-06-29 19:40:00,169.0,159.66135706583927,True
544,LightGBM,2027-06-29 19:45:00,167.0,161.35477104286554,True
544,LightGBM,2027-06-29 19:50:00,168.0,169.66957160373988,True
544,LightGBM,2027-06-29 19:55:00,167.0,163.87590528672223,True
544,LightGBM,2027-06-29 20:00:00,169.0,169.3319783889591,True
544,LightGBM,2027-06-29 20:05:00,165.0,165.19104028095884,True
544,LightGBM,2027-06-29 20:10:00,159.0,160.62936545400385,True
544,LightGBM,2027-06-29 20:15:00,156.0,156.84618369482436,True
544,LightGBM,2027-06-29 20:20:00,152.0,166.69366216670113,True
544,LightGBM,2027-06-29 20:25:00,148.0,161.1581042587054,True
544,LightGBM,2027-06-29 20:30:00,147.0,170.83570275147608,True
544,LightGBM,2027-06-29 20:35:00,145.0,155.46710585398426,True
544,LightGBM,2027-06-29 20:40:00,141.0,148.95496480965036,True
544,LightGBM,2027-06-29 20:45:00,141.0,155.4025699254473,True
544,LightGBM,2027-06-29 20:50:00,145.0,148.99821722154982,True
544,LightGBM,2027-06-29 20:55:00,151.0,145.98792166832283,True
544,LightGBM,2027-06-29 21:00:00,159.0,148.3394697065176,True
544,LightGBM,2027-06-29 21:05:00,169.0,141.15997061637455,True
544,LightGBM,2027-06-29 21:10:00,180.0,135.0460285252434,True
544,LightGBM,2027-06-29 21:15:00,196.0,145.13031341916218,True
544,LightGBM,2027-06-29 21:20:00,195.0,151.88864239104467,True
544,LightGBM,2027-06-29 21:25:00,192.0,162.38846810674633,True
544,LightGBM,2027-06-29 21:30:00,198.0,176.8598687804188,True
544,LightGBM,2027-06-29 21:35:00,209.0,188.61946286164283,True
544,LightGBM,2027-06-29 21:40:00,218.0,200.8158749546928,True
544,LightGBM,2027-06-29 21:45:00,218.0,221.37200777365584,True
544,LightGBM,2027-06-29 21:50:00,214.0,190.24868770549284,True
544,LightGBM,2027-06-29 21:55:00,211.0,178.6966298820666,True
544,LightGBM,2027-06-29 22:00:00,208.0,207.16108087211813,True
544,LightGBM,2027-06-29 22:05:00,204.0,217.88430091169218,True
544,LightGBM,2027-06-29 22:10:00,200.0,223.69629457679025,True
544,LightGBM,2027-06-29 22:15:00,197.0,209.37346086162523,True
544,LightGBM,2027-06-29 22:20:00,194.0,196.31528158053888,True
544,LightGBM,2027-06-29 22:25:00,187.0,196.758221570064,True
544,LightGBM,2027-06-29 22:30:00,181.0,189.43470899506795,True
544,LightGBM,2027-06-29 22:35:00,175.0,182.1549926078421,True
544,LightGBM,2027-06-29 22:40:00,171.0,181.5415121981132,True
544,LightGBM,2027-06-29 22:45:00,166.0,181.63421638994015,True
544,LightGBM,2027-06-29 22:50:00,162.0,176.45239228679844,True
544,LightGBM,2027-06-29 22:55:00,158.0,164.03526373713217,True
544,LightGBM,2027-06-29 23:00:00,155.0,160.0357138466875,True
544,LightGBM,2027-06-29 23:05:00,152.0,155.04268114894003,True
544,LightGBM,2027-06-29 23:10:00,151.0,154.38419173486253,True
544,LightGBM,2027-06-29 23:15:00,153.0,145.22674394094543,True
544,LightGBM,2027-06-29 23:20:00,152.0,143.29803879467892,True
544,LightGBM,2027-06-29 23:25:00,151.0,138.4973658839375,True
544,LightGBM,2027-06-29 23:30:00,150.0,139.4672516689304,True
544,LightGBM,2027-06-29 23:35:00,147.0,135.85448586273,True
544,LightGBM,2027-06-29 23:40:00,144.0,139.07057938768585,True
544,LightGBM,2027-06-29 23:45:00,141.0,150.93058648771037,True
544,LightGBM,2027-06-29 23:50:00,140.0,141.42695343294116,True
544,LightGBM,2027-06-29 23:55:00,138.0,143.32385853783327,True
544,LightGBM,2027-06-30 00:00:00,136.0,142.3302040607673,True
544,LightGBM,2027-06-30 00:05:00,134.0,136.1848552133799,True
544,LightGBM,2027-06-30 00:10:00,132.0,133.73894916012418,True
544,LightGBM,2027-06-30 00:15:00,131.0,131.6586674271692,True
544,LightGBM,2027-06-30 00:20:00,129.0,134.3123059017606,True
544,LightGBM,2027-06-30 00:25:00,128.0,131.03522710285543,True
544,LightGBM,2027-06-30 00:30:00,126.0,130.28674626265348,True
544,LightGBM,2027-06-30 00:35:00,125.0,126.68069551748738,True
544,LightGBM,2027-06-30 00:40:00,123.0,124.18644455883064,True
544,LightGBM,2027-06-30 00:45:00,121.0,124.52505984219391,True
544,LightGBM,2027-06-30 00:50:00,116.0,122.87151352893997,True
544,LightGBM,2027-06-30 00:55:00,113.0,123.6146779542786,True
544,LightGBM,2027-06-30 01:00:00,112.0,119.44878232650562,True
544,LightGBM,2027-06-30 01:05:00,108.0,119.61657485011904,True
544,LightGBM,2027-06-30 01:10:00,103.0,116.49986733514106,True
544,LightGBM,2027-06-30 01:15:00,108.0,114.66748365623795,True
544,LightGBM,2027-06-30 01:20:00,111.0,105.07083112464738,True
544,LightGBM,2027-06-30 01:25:00,110.0,105.34058762348039,True
544,LightGBM,2027-06-30 01:30:00,109.0,107.16167859105897,True
544,LightGBM,2027-06-30 01:35:00,107.0,99.95664086192264,True
544,LightGBM,2027-06-30 01:40:00,104.0,93.54347121801162,True
544,LightGBM,2027-06-30 01:45:00,100.0,116.82190291493316,True
544,LightGBM,2027-06-30 01:50:00,99.0,116.1502267258319,True
544,LightGBM,2027-06-30 01:55:00,96.0,108.83287404340267,True
544,LightGBM,2027-06-30 02:00:00,93.0,107.54557446616549,True
544,LightGBM,2027-06-30 02:05:00,95.0,101.24425247478109,True
544,LightGBM,2027-06-30 02:10:00,98.0,96.7950656966606,True
544,LightGBM,2027-06-30 02:15:00,96.0,92.02637955125313,True
544,LightGBM,2027-06-30 02:20:00,95.0,96.07901814205484,True
544,LightGBM,2027-06-30 02:25:00,93.0,88.8569941692523,True
544,LightGBM,2027-06-30 02:30:00,91.0,87.43220920984676,True
544,LightGBM,2027-06-30 02:35:00,86.0,100.52784402067503,True
544,LightGBM,2027-06-30 02:40:00,85.0,106.04754727082647,True
544,LightGBM,2027-06-30 02:45:00,84.0,94.9582509013592,True
544,LightGBM,2027-06-30 02:50:00,83.0,95.0018243521296,True
544,LightGBM,2027-06-30 02:55:00,83.0,89.6094138129033,True
544,LightGBM,2027-06-30 03:00:00,87.0,88.37884981889559,True
544,LightGBM,2027-06-30 03:05:00,87.0,82.71851230650164,True
544,LightGBM,2027-06-30 03:10:00,84.0,85.75089861756247,True
544,LightGBM,2027-06-30 03:15:00,82.0,83.49801947824875,True
544,LightGBM,2027-06-30 03:20:00,82.0,82.97825898781485,True
544,LightGBM,2027-06-30 03:25:00,81.0,84.8948047304658,True
544,LightGBM,2027-06-30 03:30:00,80.0,99.95450676625694,True
544,LightGBM,2027-06-30 03:35:00,80.0,87.88227631633772,True
544,LightGBM,2027-06-30 03:40:00,80.0,85.97595703025789,True
544,LightGBM,2027-06-30 03:45:00,79.0,80.94840384505554,True
544,LightGBM,2027-06-30 03:50:00,79.0,84.82372715657908,True
544,LightGBM,2027-06-30 03:55:00,79.0,79.90684154685096,True
544,LightGBM,2027-06-30 04:00:00,78.0,78.30853914989291,True
544,LightGBM,2027-06-30 04:05:00,79.0,80.54462239309157,True
544,LightGBM,2027-06-30 04:10:00,80.0,81.67696151080067,True
544,LightGBM,2027-06-30 04:15:00,82.0,79.43762120793987,True
544,LightGBM,2027-06-30 04:20:00,81.0,81.19421648585573,True
544,LightGBM,2027-06-30 04:25:00,79.0,82.11996266457399,True
544,LightGBM,2027-06-30 04:30:00,78.0,78.72114359676696,True
544,LightGBM,2027-06-30 04:35:00,77.0,83.81072743713861,True
544,LightGBM,2027-06-30 04:40:00,76.0,82.90424017594722,True
544,LightGBM,2027-06-30 04:45:00,76.0,90.93202075793816,True
544,LightGBM,2027-06-30 04:50:00,77.0,82.0652186365995,True
544,LightGBM,2027-06-30 04:55:00,80.0,81.12961799468492,True
544,LightGBM,2027-06-30 05:00:00,83.0,79.55495090705355,True
544,LightGBM,2027-06-30 05:05:00,87.0,77.49654296268004,True
544,LightGBM,2027-06-30 05:10:00,86.0,76.43686342544083,True
544,LightGBM,2027-06-30 05:15:00,87.0,79.09931950829963,True
544,LightGBM,2027-06-30 05:20:00,88.0,82.16013228057348,True
544,LightGBM,2027-06-30 05:25:00,88.0,92.1991640653301,True
544,LightGBM,2027-06-30 05:30:00,87.0,95.68997366304737,True
544,LightGBM,2027-06-30 05:35:00,85.0,104.18125915250668,True
544,LightGBM,2027-06-30 05:40:00,91.0,91.00099191641168,True
544,LightGBM,2027-06-30 05:45:00,97.0,94.89130105294147,True
544,LightGBM,2027-06-30 05:50:00,98.0,94.4441953531387,True
544,LightGBM,2027-06-30 05:55:00,97.0,92.19792939737265,True
544,LightGBM,2027-06-30 06:00:00,96.0,86.76231883469254,True
544,LightGBM,2027-06-30 06:05:00,95.0,84.2266089367748,True
544,LightGBM,2027-06-30 06:10:00,95.0,113.47245578577797,True
544,LightGBM,2027-06-30 06:15:00,95.0,118.55449960356577,True
544,LightGBM,2027-06-30 06:20:00,101.0,103.93851802572199,True
544,LightGBM,2027-06-30 06:25:00,104.0,98.56139130262656,True
544,LightGBM,2027-06-30 06:30:00,108.0,95.25069683818671,True
544,LightGBM,2027-06-30 06:35:00,116.0,94.47745185337872,True
544,LightGBM,2027-06-30 06:40:00,117.0,95.6369918784764,True
544,LightGBM,2027-06-30 06:45:00,117.0,96.55239836059472,True
544,LightGBM,2027-06-30 06:50:00,124.0,122.31206439553664,True
544,LightGBM,2027-06-30 06:55:00,128.0,114.04990142388326,True
544,LightGBM,2027-06-30 07:00:00,130.0,123.13433417652806,True
544,LightGBM,2027-06-30 07:05:00,132.0,138.94666657075834,True
544,LightGBM,2027-06-30 07:10:00,133.0,123.12821347297957,True
544,LightGBM,2027-06-30 07:15:00,135.0,122.53687611814489,True
544,LightGBM,2027-06-30 07:20:00,116.0,144.76944247890873,True
544,LightGBM,2027-06-30 07:25:00,118.0,141.83968422953092,True
544,LightGBM,2027-06-30 07:30:00,125.0,139.25068477403806,True
544,LightGBM,2027-06-30 07:35:00,136.0,141.79201004085868,True
544,LightGBM,2027-06-30 07:40:00,149.0,156.53674448186123,True
544,LightGBM,2027-06-30 07:45:00,163.0,159.09124702013003,True
544,LightGBM,2027-06-30 07:50:00,183.0,132.06951105096925,True
544,LightGBM,2027-06-30 07:55:00,202.0,138.57110919780123,True
544,LightGBM,2027-06-30 08:00:00,211.0,154.44271773255713,True
544,LightGBM,2027-06-30 08:05:00,215.0,169.5548658943458,True
544,LightGBM,2027-06-30 08:10:00,216.0,185.54439962989957,True
544,LightGBM,2027-06-30 08:15:00,215.0,195.4965276450647,True
544,LightGBM,2027-06-30 08:20:00,213.0,215.66556686963668,True
544,LightGBM,2027-06-30 08:25:00,215.0,216.87318235249649,True
544,LightGBM,2027-06-30 08:30:00,212.0,219.92729477588696,True
544,LightGBM,2027-06-30 08:35:00,205.0,209.6247814621056,True
544,LightGBM,2027-06-30 08:40:00,199.0,203.1725135319062,True
544,LightGBM,2027-06-30 08:45:00,194.0,197.7479957266745,True
544,LightGBM,2027-06-30 08:50:00,190.0,191.6388223771349,True
544,LightGBM,2027-06-30 08:55:00,187.0,207.6424516595389,True
544,LightGBM,2027-06-30 09:00:00,184.0,189.52402061897217,True
544,LightGBM,2027-06-30 09:05:00,181.0,175.64873106996984,True
544,LightGBM,2027-06-30 09:10:00,179.0,172.02109570926356,True
544,LightGBM,2027-06-30 09:15:00,177.0,172.7408242429219,True
544,LightGBM,2027-06-30 09:20:00,176.0,170.22994435348193,True
544,LightGBM,2027-06-30 09:25:00,172.0,167.86508513809716,True
544,LightGBM,2027-06-30 09:30:00,171.0,165.8747099875953,True
544,LightGBM,2027-06-30 09:35:00,173.0,161.09918508353488,True
544,LightGBM,2027-06-30 09:40:00,169.0,162.4782732017048,True
544,LightGBM,2027-06-30 09:45:00,166.0,161.09145039018748,True
544,LightGBM,2027-06-30 09:50:00,164.0,164.4749739629828,True
544,LightGBM,2027-06-30 09:55:00,162.0,151.8676045340678,True
544,LightGBM,2027-06-30 10:00:00,160.0,160.22888474668542,True
544,LightGBM,2027-06-30 10:05:00,159.0,167.80494610777475,True
544,LightGBM,2027-06-30 10:10:00,161.0,150.54933945262692,True
544,LightGBM,2027-06-30 10:15:00,160.0,151.63446495436148,True
544,LightGBM,2027-06-30 10:20:00,158.0,152.40717482565356,True
544,LightGBM,2027-06-30 10:25:00,155.0,149.36720835305,True
544,LightGBM,2027-06-30 10:30:00,153.0,147.37869489928175,True
544,LightGBM,2027-06-30 10:35:00,150.0,150.15443407757562,True
544,LightGBM,2027-06-30 10:40:00,147.0,157.2580720886654,True
544,LightGBM,2027-06-30 10:45:00,145.0,151.10124874579625,True
544,LightGBM,2027-06-30 10:50:00,141.0,148.18882980213047,True
544,LightGBM,2027-06-30 10:55:00,138.0,141.8777955989597,True
544,LightGBM,2027-06-30 11:00:00,134.0,141.83876299929236,True
544,LightGBM,2027-06-30 11:05:00,131.0,138.6357991751941,True
544,LightGBM,2027-06-30 11:10:00,128.0,135.1304588975793,True
544,LightGBM,2027-06-30 11:15:00,125.0,134.37408807795214,True
544,LightGBM,2027-06-30 11:20:00,122.0,130.60334620440636,True
544,LightGBM,2027-06-30 11:25:00,120.0,128.5745997953818,True
544,LightGBM,2027-06-30 11:30:00,118.0,121.60133070240721,True
544,LightGBM,2027-06-30 11:35:00,115.0,120.36039456897844,True
544,LightGBM,2027-06-30 11:40:00,112.0,118.7349386081456,True
544,LightGBM,2027-06-30 11:45:00,109.0,113.76443717173633,True
544,LightGBM,2027-06-30 11:50:00,108.0,110.80747998859685,True
544,LightGBM,2027-06-30 11:55:00,105.0,112.45303247537888,True
544,LightGBM,2027-06-30 12:00:00,104.0,110.86630989499876,True
544,LightGBM,2027-06-30 12:05:00,105.0,106.42265337947491,True
544,LightGBM,2027-06-30 12:10:00,105.0,102.37169180304977,True
544,LightGBM,2027-06-30 12:15:00,103.0,102.75850781953805,True
544,LightGBM,2027-06-30 12:20:00,100.0,105.59380253633898,True
544,LightGBM,2027-06-30 12:25:00,99.0,98.35564907736367,True
544,LightGBM,2027-06-30 12:30:00,99.0,101.52268389842459,True
544,LightGBM,2027-06-30 12:35:00,82.0,110.30875671181458,True
544,LightGBM,2027-06-30 12:40:00,82.0,107.62848865503702,True
544,LightGBM,2027-06-30 12:45:00,82.0,123.21053327734583,True
544,LightGBM,2027-06-30 12:50:00,85.0,111.5430396610215,True
544,LightGBM,2027-06-30 12:55:00,94.0,117.92266727147434,True
544,LightGBM,2027-06-30 13:00:00,106.0,121.24114974991524,True
544,LightGBM,2027-06-30 13:05:00,113.0,99.78965759089218,True
544,LightGBM,2027-06-30 13:10:00,122.0,104.62809598180972,True
544,LightGBM,2027-06-30 13:15:00,133.0,100.64287096986332,True
544,LightGBM,2027-06-30 13:20:00,144.0,110.62592880548873,True
544,LightGBM,2027-06-30 13:25:00,152.0,135.334045631552,True
544,LightGBM,2027-06-30 13:30:00,159.0,149.19995354374822,True
544,LightGBM,2027-06-30 13:35:00,169.0,133.54773155035733,True
544,LightGBM,2027-06-30 13:40:00,184.0,144.50790647679815,True
544,LightGBM,2027-06-30 13:45:00,194.0,158.64118608640317,True
544,LightGBM,2027-06-30 13:50:00,202.0,160.84918209617064,True
544,LightGBM,2027-06-30 13:55:00,207.0,157.01914922946872,True
544,LightGBM,2027-06-30 14:00:00,210.0,165.0859085058728,True
544,LightGBM,2027-06-30 14:05:00,211.0,184.10878622798884,True
544,LightGBM,2027-06-30 14:10:00,210.0,204.315453486627,True
544,LightGBM,2027-06-30 14:15:00,209.0,201.4360995149635,True
544,LightGBM,2027-06-30 14:20:00,209.0,209.06482059815843,True
544,LightGBM,2027-06-30 14:25:00,213.0,213.9071451642311,True
544,LightGBM,2027-06-30 14:30:00,220.0,211.41641309889812,True
544,LightGBM,2027-06-30 14:35:00,224.0,207.76656438159824,True
544,LightGBM,2027-06-30 14:40:00,227.0,199.08076919360425,True
544,LightGBM,2027-06-30 14:45:00,230.0,202.09711521361427,True
544,LightGBM,2027-06-30 14:50:00,232.0,204.5109380460377,True
544,LightGBM,2027-06-30 14:55:00,236.0,219.44360665054978,True
544,LightGBM,2027-06-30 15:00:00,237.0,229.50834206341744,True
544,LightGBM,2027-06-30 15:05:00,236.0,226.17564393883208,True
544,LightGBM,2027-06-30 15:10:00,234.0,228.9302686537959,True
544,LightGBM,2027-06-30 15:15:00,232.0,233.51801550332965,True
544,LightGBM,2027-06-30 15:20:00,230.0,231.07516916586755,True
544,LightGBM,2027-06-30 15:25:00,227.0,242.00078452319443,True
544,LightGBM,2027-06-30 15:30:00,226.0,234.79379977482333,True
544,LightGBM,2027-06-30 15:35:00,224.0,230.31873181017409,True
544,LightGBM,2027-06-30 15:40:00,219.0,223.51281879766057,True
544,LightGBM,2027-06-30 15:45:00,209.0,221.4873680231202,True
544,LightGBM,2027-06-30 15:50:00,200.0,217.65508365299613,True
544,LightGBM,2027-06-30 15:55:00,194.0,211.8190004445618,True
544,LightGBM,2027-06-30 16:00:00,188.0,216.64482374969927,True
544,LightGBM,2027-06-30 16:05:00,181.0,208.3453555179391,True
544,LightGBM,2027-06-30 16:10:00,175.0,201.54082274270743,True
544,LightGBM,2027-06-30 16:15:00,169.0,182.71957871797088,True
544,LightGBM,2027-06-30 16:20:00,161.0,177.99932486003894,True
544,LightGBM,2027-06-30 16:25:00,151.0,174.61136636287503,True
544,LightGBM,2027-06-30 16:30:00,143.0,166.5654284245202,True
544,LightGBM,2027-06-30 16:35:00,137.0,158.8558305050732,True
544,LightGBM,2027-06-30 16:40:00,130.0,158.28809038226947,True
544,LightGBM,2027-06-30 16:45:00,125.0,150.3863107777273,True
544,LightGBM,2027-06-30 16:50:00,121.0,135.27716891482146,True
544,LightGBM,2027-06-30 16:55:00,119.0,121.76441270047422,True
544,LightGBM,2027-06-30 17:00:00,117.0,121.78593514498561,True
544,LightGBM,2027-06-30 17:05:00,115.0,120.95895260625714,True
544,LightGBM,2027-06-30 17:10:00,115.0,110.4341536507343,True
544,LightGBM,2027-06-30 17:15:00,114.0,110.10832579747398,True
544,LightGBM,2027-06-30 17:20:00,112.0,110.28079393446221,True
544,LightGBM,2027-06-30 17:25:00,111.0,112.12419353658488,True
544,LightGBM,2027-06-30 17:30:00,110.0,109.6516663902549,True
544,LightGBM,2027-06-30 17:35:00,109.0,108.53301517165949,True
544,LightGBM,2027-06-30 17:40:00,109.0,114.04009059957549,True
544,LightGBM,2027-06-30 17:45:00,108.0,111.31616634811984,True
544,LightGBM,2027-06-30 17:50:00,106.0,108.04848729074597,True
544,LightGBM,2027-06-30 17:55:00,103.0,108.63627259968257,True
544,LightGBM,2027-06-30 18:00:00,101.0,108.29620213833716,True
544,LightGBM,2027-06-30 18:05:00,99.0,107.28321108282162,True
544,LightGBM,2027-06-30 18:10:00,97.0,110.99055306335877,True
544,LightGBM,2027-06-30 18:15:00,95.0,106.08590031937229,True
544,LightGBM,2027-06-30 18:20:00,93.0,102.59500054446275,True
544,LightGBM,2027-06-30 18:25:00,90.0,98.13934524645326,True
544,LightGBM,2027-06-30 18:30:00,89.0,96.80243400201518,True
544,LightGBM,2027-06-30 18:35:00,88.0,95.5870953875189,True
544,LightGBM,2027-06-30 18:40:00,88.0,94.14259692156588,True
544,LightGBM,2027-06-30 18:45:00,89.0,92.2770795114509,True
544,LightGBM,2027-06-30 18:50:00,88.0,90.90347177856881,True
544,LightGBM,2027-06-30 18:55:00,88.0,88.06083442607691,True
544,LightGBM,2027-06-30 19:00:00,88.0,90.19364952274461,True
544,LightGBM,2027-06-30 19:05:00,93.0,88.64304846742995,True
544,LightGBM,2027-06-30 19:10:00,93.0,91.21851123247538,True
544,LightGBM,2027-06-30 19:15:00,94.0,94.4949118530528,True
544,LightGBM,2027-06-30 19:20:00,95.0,89.20314629668658,True
544,LightGBM,2027-06-30 19:25:00,98.0,92.00107997011811,True
544,LightGBM,2027-06-30 19:30:00,104.0,102.8968524305313,True
544,LightGBM,2027-06-30 19:35:00,109.0,120.82555194145864,True
544,LightGBM,2027-06-30 19:40:00,114.0,105.40488093915526,True
544,LightGBM,2027-06-30 19:45:00,117.0,107.09681518101483,True
544,LightGBM,2027-06-30 19:50:00,119.0,107.55746473129919,True
544,LightGBM,2027-06-30 19:55:00,125.0,117.4275317610102,True
544,LightGBM,2027-06-30 20:00:00,134.0,129.0067042746745,True
544,LightGBM,2027-06-30 20:05:00,142.0,121.488643598479,True
544,LightGBM,2027-06-30 20:10:00,149.0,124.20768590139292,True
544,LightGBM,2027-06-30 20:15:00,155.0,122.99403400590889,True
544,LightGBM,2027-06-30 20:20:00,160.0,118.39820976789998,True
544,LightGBM,2027-06-30 20:25:00,164.0,138.63736085042106,True
544,LightGBM,2027-06-30 20:30:00,168.0,155.74286136036173,True
544,LightGBM,2027-06-30 20:35:00,171.0,157.4197871904274,True
544,LightGBM,2027-06-30 20:40:00,174.0,162.91979205704902,True
544,LightGBM,2027-06-30 20:45:00,179.0,167.1476758273865,True
544,LightGBM,2027-06-30 20:50:00,182.0,170.7131688880104,True
544,LightGBM,2027-06-30 20:55:00,184.0,171.83384631775093,True
544,LightGBM,2027-06-30 21:00:00,187.0,179.04053750619616,True
544,LightGBM,2027-06-30 21:05:00,188.0,176.56216001558568,True
544,LightGBM,2027-06-30 21:10:00,189.0,185.55708502562442,True
544,LightGBM,2027-06-30 21:15:00,189.0,191.13102358355854,True
544,LightGBM,2027-06-30 21:20:00,190.0,189.49113741243067,True
544,LightGBM,2027-06-30 21:25:00,190.0,187.41226050897924,True
544,LightGBM,2027-06-30 21:30:00,191.0,196.33309411270082,True
544,LightGBM,2027-06-30 21:35:00,197.0,189.5601991353193,True
544,LightGBM,2027-06-30 21:40:00,194.0,192.43369050402168,True
544,LightGBM,2027-06-30 21:45:00,193.0,188.54311198160406,True
544,LightGBM,2027-06-30 21:50:00,195.0,196.0111457201878,True
544,LightGBM,2027-06-30 21:55:00,198.0,190.80291757717765,True
544,LightGBM,2027-06-30 22:00:00,203.0,195.27010900344413,True
544,LightGBM,2027-06-30 22:05:00,209.0,205.7364469371666,True
544,LightGBM,2027-06-30 22:10:00,211.0,176.49922012889354,True
544,LightGBM,2027-06-30 22:15:00,211.0,185.89843218536683,True
544,LightGBM,2027-06-30 22:20:00,218.0,194.12594721517388,True
544,LightGBM,2027-06-30 22:25:00,226.0,200.70133173086438,True
544,LightGBM,2027-06-30 22:30:00,229.0,211.3332428955887,True
544,LightGBM,2027-06-30 22:35:00,232.0,218.31431912306402,True
544,LightGBM,2027-06-30 22:40:00,233.0,210.24177440581957,True
544,LightGBM,2027-06-30 22:45:00,232.0,207.44533698806242,True
544,LightGBM,2027-06-30 22:50:00,229.0,228.52257496753325,True
544,LightGBM,2027-06-30 22:55:00,222.0,236.72170982778334,True
544,LightGBM,2027-06-30 23:00:00,220.0,231.2151290147577,True
544,LightGBM,2027-06-30 23:05:00,220.0,236.44424390735182,True
544,LightGBM,2027-06-30 23:10:00,219.0,227.905733701764,True
544,LightGBM,2027-06-30 23:15:00,220.0,221.2843528961193,True
544,LightGBM,2027-06-30 23:20:00,220.0,210.88153745783913,True
544,LightGBM,2027-06-30 23:25:00,220.0,194.6317151439192,True
544,LightGBM,2027-06-30 23:30:00,218.0,204.88273044937748,True
544,LightGBM,2027-06-30 23:35:00,214.0,209.89155066717888,True
544,LightGBM,2027-06-30 23:40:00,210.0,208.8155331643696,True
544,LightGBM,2027-06-30 23:45:00,204.0,215.09212895765785,True
544,LightGBM,2027-06-30 23:50:00,197.0,212.63334792900514,True
544,LightGBM,2027-06-30 23:55:00,193.0,216.06997264020842,True
544,LightGBM,2027-07-01 00:00:00,189.0,207.79438052396816,True
544,LightGBM,2027-07-01 00:05:00,185.0,200.55616321059924,True
544,LightGBM,2027-07-01 00:10:00,181.0,195.61898545339034,True
544,LightGBM,2027-07-01 00:15:00,178.0,183.4765866721605,True
544,LightGBM,2027-07-01 00:20:00,175.0,179.76356399523263,True
544,LightGBM,2027-07-01 00:25:00,174.0,178.4251365449597,True
544,LightGBM,2027-07-01 00:30:00,174.0,171.84158202028414,True
544,LightGBM,2027-07-01 00:35:00,172.0,169.72392194024638,True
544,LightGBM,2027-07-01 00:40:00,168.0,163.55547978652027,True
544,LightGBM,2027-07-01 00:45:00,166.0,164.9364637453888,True
544,LightGBM,2027-07-01 00:50:00,164.0,161.98554868316052,True
544,LightGBM,2027-07-01 00:55:00,162.0,167.01488704969736,True
544,LightGBM,2027-07-01 01:00:00,160.0,169.3191851778173,True
544,LightGBM,2027-07-01 01:05:00,158.0,161.26367422822327,True
544,LightGBM,2027-07-01 01:10:00,157.0,155.57882358206663,True
544,LightGBM,2027-07-01 01:15:00,156.0,156.72922220048517,True
544,LightGBM,2027-07-01 01:20:00,155.0,153.8824370721489,True
544,LightGBM,2027-07-01 01:25:00,154.0,150.924632865726,True
544,LightGBM,2027-07-01 01:30:00,151.0,150.5532557382831,True
544,LightGBM,2027-07-01 01:35:00,149.0,147.6382928697526,True
544,LightGBM,2027-07-01 01:40:00,147.0,148.4208606272147,True
544,LightGBM,2027-07-01 01:45:00,145.0,147.1475246376958,True
544,LightGBM,2027-07-01 01:50:00,143.0,146.6370512806639,True
544,LightGBM,2027-07-01 01:55:00,141.0,144.97420386032164,True
544,LightGBM,2027-07-01 02:00:00,140.0,142.2790706067169,True
544,LightGBM,2027-07-01 02:05:00,139.0,141.35709383012298,True
544,LightGBM,2027-07-01 02:10:00,138.0,138.6301218204541,True
544,LightGBM,2027-07-01 02:15:00,137.0,138.7908713218562,True
544,LightGBM,2027-07-01 02:20:00,136.0,136.3124520274243,True
544,LightGBM,2027-07-01 02:25:00,135.0,135.98833123221425,True
544,LightGBM,2027-07-01 02:30:00,136.0,136.5604285525989,True
544,LightGBM,2027-07-01 02:35:00,135.0,136.3431425486028,True
544,LightGBM,2027-07-01 02:40:00,135.0,134.6826647093351,True
544,LightGBM,2027-07-01 02:45:00,134.0,135.19598740624735,True
544,LightGBM,2027-07-01 02:50:00,133.0,133.31812823766145,True
544,LightGBM,2027-07-01 02:55:00,131.0,130.59703908627324,True
544,LightGBM,2027-07-01 03:00:00,129.0,137.53746627694488,True
544,LightGBM,2027-07-01 03:05:00,126.0,130.90552104469344,True
544,LightGBM,2027-07-01 03:10:00,124.0,134.22629350681981,True
544,LightGBM,2027-07-01 03:15:00,122.0,130.799144279982,True
544,LightGBM,2027-07-01 03:20:00,121.0,130.42087247786574,True
544,LightGBM,2027-07-01 03:25:00,121.0,125.87675248834984,True
544,LightGBM,2027-07-01 03:30:00,120.0,125.27016847328832,True
544,LightGBM,2027-07-01 03:35:00,120.0,119.27215420949865,True
544,LightGBM,2027-07-01 03:40:00,119.0,118.95844499904123,True
544,LightGBM,2027-07-01 03:45:00,118.0,116.57993405437378,True
544,LightGBM,2027-07-01 03:50:00,118.0,117.37413349459472,True
544,LightGBM,2027-07-01 03:55:00,118.0,120.3538010958155,True
544,LightGBM,2027-07-01 04:00:00,117.0,117.210370959112,True
544,LightGBM,2027-07-01 04:05:00,116.0,119.89386870166048,True
544,LightGBM,2027-07-01 04:10:00,115.0,115.57781532704435,True
544,LightGBM,2027-07-01 04:15:00,114.0,115.3165410334077,True
544,LightGBM,2027-07-01 04:20:00,113.0,116.56540914295746,True
544,LightGBM,2027-07-01 04:25:00,114.0,117.12858821292672,True
544,LightGBM,2027-07-01 04:30:00,114.0,115.36834068350608,True
544,LightGBM,2027-07-01 04:35:00,113.0,114.46144426223458,True
544,LightGBM,2027-07-01 04:40:00,111.0,112.6866543015059,True
544,LightGBM,2027-07-01 04:45:00,110.0,111.32830797092154,True
544,LightGBM,2027-07-01 04:50:00,109.0,109.03860639987057,True
544,LightGBM,2027-07-01 04:55:00,109.0,115.21539538496094,True
544,LightGBM,2027-07-01 05:00:00,110.0,114.33153293762999,True
544,LightGBM,2027-07-01 05:05:00,110.0,111.99507954285913,True
544,LightGBM,2027-07-01 05:10:00,109.0,107.79783997121677,True
544,LightGBM,2027-07-01 05:15:00,109.0,108.32325613347335,True
544,LightGBM,2027-07-01 05:20:00,108.0,107.63289113691779,True
544,LightGBM,2027-07-01 05:25:00,107.0,109.79329645395057,True
544,LightGBM,2027-07-01 05:30:00,107.0,112.92227837532965,True
544,LightGBM,2027-07-01 05:35:00,107.0,111.95319441769055,True
544,LightGBM,2027-07-01 05:40:00,107.0,109.1904444207753,True
544,LightGBM,2027-07-01 05:45:00,108.0,111.50346970364737,True
544,LightGBM,2027-07-01 05:50:00,108.0,106.09830652412896,True
544,LightGBM,2027-07-01 05:55:00,108.0,104.84313583842439,True
544,LightGBM,2027-07-01 06:00:00,108.0,106.66445075124649,True
544,LightGBM,2027-07-01 06:05:00,107.0,107.80261754150857,True
544,LightGBM,2027-07-01 06:10:00,105.0,108.03504855954573,True
544,LightGBM,2027-07-01 06:15:00,103.0,112.12284066513315,True
544,LightGBM,2027-07-01 06:20:00,105.0,110.08237278161268,True
544,LightGBM,2027-07-01 06:25:00,106.0,110.56962516776741,True
544,LightGBM,2027-07-01 06:30:00,106.0,110.42494595018347,True
544,LightGBM,2027-07-01 06:35:00,108.0,105.83750049086123,True
544,LightGBM,2027-07-01 06:40:00,114.0,102.4105935064456,True
544,LightGBM,2027-07-01 06:45:00,118.0,99.40172367998134,True
544,LightGBM,2027-07-01 06:50:00,120.0,112.89678461148509,True
544,LightGBM,2027-07-01 06:55:00,123.0,109.71162007621867,True
544,LightGBM,2027-07-01 07:00:00,125.0,109.99768748953885,True
544,LightGBM,2027-07-01 07:05:00,128.0,116.63760995457223,True
544,LightGBM,2027-07-01 07:10:00,130.0,132.35020371292111,True
544,LightGBM,2027-07-01 07:15:00,132.0,131.00960915314536,True
544,LightGBM,2027-07-01 07:20:00,137.0,128.00003422275873,True
544,LightGBM,2027-07-01 07:25:00,147.0,151.47229999960064,True
544,LightGBM,2027-07-01 07:30:00,158.0,146.2414432142828,True
544,LightGBM,2027-07-01 07:35:00,165.0,154.10603099200455,True
544,LightGBM,2027-07-01 07:40:00,173.0,149.9090908751381,True
544,LightGBM,2027-07-01 07:45:00,180.0,148.8855390663146,True
544,LightGBM,2027-07-01 07:50:00,185.0,156.76240807717684,True
544,LightGBM,2027-07-01 07:55:00,190.0,175.75296223930954,True
544,LightGBM,2027-07-01 08:00:00,193.0,187.7819096085034,True
544,LightGBM,2027-07-01 08:05:00,193.0,180.28405892596498,True
544,LightGBM,2027-07-01 08:10:00,192.0,195.65493175413533,True
544,LightGBM,2027-07-01 08:15:00,190.0,196.01072408662645,True
544,LightGBM,2027-07-01 08:20:00,190.0,192.40618074763404,True
544,LightGBM,2027-07-01 08:25:00,187.0,199.83348984105513,True
544,LightGBM,2027-07-01 08:30:00,185.0,197.40993919291856,True
544,LightGBM,2027-07-01 08:35:00,183.0,187.68536984428465,True
544,LightGBM,2027-07-01 08:40:00,180.0,183.1452752031085,True
544,LightGBM,2027-07-01 08:45:00,177.0,177.87647538838135,True
544,LightGBM,2027-07-01 08:50:00,173.0,184.89493690738263,True
544,LightGBM,2027-07-01 08:55:00,169.0,170.1422110259787,True
544,LightGBM,2027-07-01 09:00:00,167.0,172.98712274906106,True
544,LightGBM,2027-07-01 09:05:00,165.0,169.77938369442023,True
544,LightGBM,2027-07-01 09:10:00,164.0,162.31188396075254,True
544,LightGBM,2027-07-01 09:15:00,163.0,158.28583494242045,True
544,LightGBM,2027-07-01 09:20:00,163.0,153.16343728072863,True
544,LightGBM,2027-07-01 09:25:00,166.0,149.46774513166633,True
544,LightGBM,2027-07-01 09:30:00,162.0,151.55053199770197,True
544,LightGBM,2027-07-01 09:35:00,159.0,150.1819677008883,True
544,LightGBM,2027-07-01 09:40:00,155.0,152.13183779925726,True
544,LightGBM,2027-07-01 09:45:00,153.0,150.00118805131473,True
544,LightGBM,2027-07-01 09:50:00,152.0,155.48329219825786,True
544,LightGBM,2027-07-01 09:55:00,153.0,165.9390603585555,True
544,LightGBM,2027-07-01 10:00:00,150.0,144.3469288452962,True
544,LightGBM,2027-07-01 10:05:00,148.0,147.2248018285759,True
544,LightGBM,2027-07-01 10:10:00,146.0,140.7658346827871,True
544,LightGBM,2027-07-01 10:15:00,142.0,142.08857589217965,True
544,LightGBM,2027-07-01 10:20:00,139.0,139.84281190194457,True
544,LightGBM,2027-07-01 10:25:00,137.0,148.68418418349782,True
544,LightGBM,2027-07-01 10:30:00,134.0,139.17083004572356,True
544,LightGBM,2027-07-01 10:35:00,132.0,138.00440264525818,True
544,LightGBM,2027-07-01 10:40:00,130.0,136.63324540207446,True
544,LightGBM,2027-07-01 10:45:00,130.0,131.03760382345888,True
544,LightGBM,2027-07-01 10:50:00,128.0,130.0806731258597,True
544,LightGBM,2027-07-01 10:55:00,126.0,130.78611721106404,True
544,LightGBM,2027-07-01 11:00:00,124.0,123.88543333288888,True
544,LightGBM,2027-07-01 11:05:00,124.0,123.10533541226006,True
544,LightGBM,2027-07-01 11:10:00,121.0,122.04188444945957,True
544,LightGBM,2027-07-01 11:15:00,119.0,126.32935859973334,True
544,LightGBM,2027-07-01 11:20:00,120.0,123.26848102727458,True
544,LightGBM,2027-07-01 11:25:00,123.0,120.06430388467075,True
544,LightGBM,2027-07-01 11:30:00,122.0,117.16247422780746,True
544,LightGBM,2027-07-01 11:35:00,124.0,122.37122731891584,True
544,LightGBM,2027-07-01 11:40:00,127.0,114.30113906397503,True
544,LightGBM,2027-07-01 11:45:00,132.0,113.4855906551289,True
544,LightGBM,2027-07-01 11:50:00,137.0,119.73254282326116,True
544,LightGBM,2027-07-01 11:55:00,137.0,130.2926073274909,True
544,LightGBM,2027-07-01 12:00:00,141.0,119.0583788811257,True
544,LightGBM,2027-07-01 12:05:00,150.0,150.75517071987272,True
544,LightGBM,2027-07-01 12:10:00,160.0,153.87339899722483,True
544,LightGBM,2027-07-01 12:15:00,164.0,159.7487881370622,True
544,LightGBM,2027-07-01 12:20:00,169.0,162.17734992223657,True
544,LightGBM,2027-07-01 12:25:00,173.0,148.78218342071023,True
544,LightGBM,2027-07-01 12:30:00,170.0,156.34611894210164,True
544,LightGBM,2027-07-01 12:35:00,175.0,175.19675533280304,True
544,LightGBM,2027-07-01 12:40:00,181.0,182.8217241430391,True
544,LightGBM,2027-07-01 12:45:00,178.0,164.88287964734735,True
544,LightGBM,2027-07-01 12:50:00,176.0,179.61375305758978,True
544,LightGBM,2027-07-01 12:55:00,184.0,173.32106586392862,True
544,LightGBM,2027-07-01 13:00:00,185.0,152.8674348975122,True
544,LightGBM,2027-07-01 13:05:00,186.0,185.0069979662727,True
544,LightGBM,2027-07-01 13:10:00,194.0,186.6647738310221,True
544,LightGBM,2027-07-01 13:15:00,200.0,162.45100864557915,True
544,LightGBM,2027-07-01 13:20:00,206.0,167.54519449277973,True
544,LightGBM,2027-07-01 13:25:00,208.0,193.51203943165646,True
544,LightGBM,2027-07-01 13:30:00,208.0,181.82638285028108,True
544,LightGBM,2027-07-01 13:35:00,208.0,186.35672454208594,True
544,LightGBM,2027-07-01 13:40:00,204.0,204.7128049281241,True
544,LightGBM,2027-07-01 13:45:00,199.0,209.7453127094481,True
544,LightGBM,2027-07-01 13:50:00,195.0,219.09917211385857,True
544,LightGBM,2027-07-01 13:55:00,190.0,207.81495378908227,True
544,LightGBM,2027-07-01 14:00:00,184.0,202.2641415411728,True
544,LightGBM,2027-07-01 14:05:00,179.0,205.53651963836106,True
544,LightGBM,2027-07-01 14:10:00,173.0,186.8998731534416,True
544,LightGBM,2027-07-01 14:15:00,167.0,176.9207965353907,True
544,LightGBM,2027-07-01 14:20:00,162.0,178.1329022166951,True
544,LightGBM,2027-07-01 14:25:00,156.0,169.90732961684188,True
544,LightGBM,2027-07-01 14:30:00,152.0,160.89220698903964,True
544,LightGBM,2027-07-01 14:35:00,147.0,159.42648846570037,True
544,LightGBM,2027-07-01 14:40:00,142.0,150.84909468903368,True
544,LightGBM,2027-07-01 14:45:00,137.0,144.5541368681257,True
544,LightGBM,2027-07-01 14:50:00,132.0,140.26348622170184,True
544,LightGBM,2027-07-01 14:55:00,126.0,132.2059851223112,True
544,LightGBM,2027-07-01 15:00:00,124.0,134.9633817125576,True
544,LightGBM,2027-07-01 15:05:00,119.0,127.90257115944031,True
544,LightGBM,2027-07-01 15:10:00,116.0,123.6495478122601,True
544,LightGBM,2027-07-01 15:15:00,117.0,119.1405784531322,True
544,LightGBM,2027-07-01 15:20:00,117.0,112.59384936620212,True
544,LightGBM,2027-07-01 15:25:00,115.0,104.72736616800081,True
544,LightGBM,2027-07-01 15:30:00,113.0,115.14304427408939,True
544,LightGBM,2027-07-01 15:35:00,111.0,100.88114834095131,True
544,LightGBM,2027-07-01 15:40:00,109.0,106.35048174448862,True
544,LightGBM,2027-07-01 15:45:00,108.0,115.99830152120303,True
544,LightGBM,2027-07-01 15:50:00,107.0,116.04368706815696,True
544,LightGBM,2027-07-01 15:55:00,104.0,111.42940986525907,True
544,LightGBM,2027-07-01 16:00:00,103.0,108.77929922768661,True
544,LightGBM,2027-07-01 16:05:00,99.0,106.21307426915115,True
544,LightGBM,2027-07-01 16:10:00,97.0,105.75758772058806,True
544,LightGBM,2027-07-01 16:15:00,93.0,105.23354810825754,True
544,LightGBM,2027-07-01 16:20:00,91.0,103.43124223668865,True
544,LightGBM,2027-07-01 16:25:00,90.0,96.46153037332066,True
544,LightGBM,2027-07-01 16:30:00,93.0,101.63982310811399,True
544,LightGBM,2027-07-01 16:35:00,88.0,93.41814485970933,True
544,LightGBM,2027-07-01 16:40:00,88.0,94.91598416090135,True
544,LightGBM,2027-07-01 16:45:00,90.0,89.5499388055119,True
544,LightGBM,2027-07-01 16:50:00,90.0,103.87660288536495,True
544,LightGBM,2027-07-01 16:55:00,91.0,105.73378611450359,True
544,LightGBM,2027-07-01 17:00:00,95.0,118.97500035711485,True
544,LightGBM,2027-07-01 17:05:00,95.0,99.69328855434127,True
544,LightGBM,2027-07-01 17:10:00,95.0,106.29402042718186,True
544,LightGBM,2027-07-01 17:15:00,97.0,109.56783458273449,True
544,LightGBM,2027-07-01 17:20:00,100.0,100.5124024133019,True
544,LightGBM,2027-07-01 17:25:00,101.0,103.01203625106409,True
544,LightGBM,2027-07-01 17:30:00,102.0,113.43698491012809,True
544,LightGBM,2027-07-01 17:35:00,101.0,96.1726266659072,True
544,LightGBM,2027-07-01 17:40:00,102.0,95.50491064676714,True
544,LightGBM,2027-07-01 17:45:00,104.0,105.25794174884217,True
544,LightGBM,2027-07-01 17:50:00,108.0,110.47258152155855,True
544,LightGBM,2027-07-01 17:55:00,107.0,103.81296570475179,True
544,LightGBM,2027-07-01 18:00:00,110.0,105.04391483570065,True
544,LightGBM,2027-07-01 18:05:00,119.0,96.95960578236362,True
544,LightGBM,2027-07-01 18:10:00,127.0,105.59436805105449,True
544,LightGBM,2027-07-01 18:15:00,135.0,110.04757065624607,True
544,LightGBM,2027-07-01 18:20:00,137.0,122.19141189698725,True
544,LightGBM,2027-07-01 18:25:00,143.0,107.04210756169712,True
544,LightGBM,2027-07-01 18:30:00,149.0,121.66843208031783,True
544,LightGBM,2027-07-01 18:35:00,152.0,137.8190048084468,True
544,LightGBM,2027-07-01 18:40:00,158.0,150.12614818882656,True
544,LightGBM,2027-07-01 18:45:00,165.0,157.43843023747854,True
544,LightGBM,2027-07-01 18:50:00,165.0,145.53476010107082,True
544,LightGBM,2027-07-01 18:55:00,163.0,160.80417661082987,True
544,LightGBM,2027-07-01 19:00:00,165.0,166.32614261882446,True
544,LightGBM,2027-07-01 19:05:00,171.0,160.62679005297366,True
544,LightGBM,2027-07-01 19:10:00,172.0,177.5230396817337,True
544,LightGBM,2027-07-01 19:15:00,172.0,188.9323488358952,True
544,LightGBM,2027-07-01 19:20:00,173.0,168.59690461466812,True
544,LightGBM,2027-07-01 19:25:00,172.0,159.2014270310329,True
544,LightGBM,2027-07-01 19:30:00,171.0,171.14244578088434,True
544,LightGBM,2027-07-01 19:35:00,176.0,182.93169980679696,True
544,LightGBM,2027-07-01 19:40:00,181.0,173.24871729027961,True
544,LightGBM,2027-07-01 19:45:00,180.0,173.2296583113057,True
544,LightGBM,2027-07-01 19:50:00,180.0,176.44966762493382,True
544,LightGBM,2027-07-01 19:55:00,179.0,169.61900429782705,True
544,LightGBM,2027-07-01 20:00:00,176.0,169.67328763772701,True
544,LightGBM,2027-07-01 20:05:00,176.0,186.31938941243837,True
544,LightGBM,2027-07-01 20:10:00,176.0,189.18408210477398,True
544,LightGBM,2027-07-01 20:15:00,179.0,178.0574732675186,True
544,LightGBM,2027-07-01 20:20:00,182.0,181.2864050610616,True
544,LightGBM,2027-07-01 20:25:00,182.0,175.15936338540368,True
544,LightGBM,2027-07-01 20:30:00,180.0,168.9483490387465,True
544,LightGBM,2027-07-01 20:35:00,178.0,175.63461187289087,True
544,LightGBM,2027-07-01 20:40:00,176.0,174.75904082691554,True
544,LightGBM,2027-07-01 20:45:00,174.0,184.89440841152523,True
544,LightGBM,2027-07-01 20:50:00,172.0,188.19609662682865,True
544,LightGBM,2027-07-01 20:55:00,169.0,182.52927440740902,True
544,LightGBM,2027-07-01 21:00:00,167.0,174.37310981366207,True
544,LightGBM,2027-07-01 21:05:00,165.0,173.1962103808648,True
544,LightGBM,2027-07-01 21:10:00,164.0,170.73173960927167,True
544,LightGBM,2027-07-01 21:15:00,164.0,169.94500830716936,True
544,LightGBM,2027-07-01 21:20:00,165.0,165.81645608016095,True
544,LightGBM,2027-07-01 21:25:00,171.0,162.65057413184604,True
544,LightGBM,2027-07-01 21:30:00,180.0,169.07046995255655,True
544,LightGBM,2027-07-01 21:35:00,185.0,169.5719112928027,True
544,LightGBM,2027-07-01 21:40:00,186.0,169.06319004079177,True
544,LightGBM,2027-07-01 21:45:00,193.0,170.77856931006903,True
544,LightGBM,2027-07-01 21:50:00,210.0,170.95381395992356,True
544,LightGBM,2027-07-01 21:55:00,217.0,179.53886790751295,True
544,LightGBM,2027-07-01 22:00:00,212.0,192.53131140629472,True
544,LightGBM,2027-07-01 22:05:00,214.0,189.6384296609898,True
544,LightGBM,2027-07-01 22:10:00,217.0,183.0770802316969,True
544,LightGBM,2027-07-01 22:15:00,222.0,208.83166928333156,True
544,LightGBM,2027-07-01 22:20:00,228.0,225.1643133121805,True
544,LightGBM,2027-07-01 22:25:00,232.0,222.50928151107192,True
544,LightGBM,2027-07-01 22:30:00,233.0,195.5176955433139,True
544,LightGBM,2027-07-01 22:35:00,230.0,213.23524598070134,True
544,LightGBM,2027-07-01 22:40:00,226.0,219.0004828572922,True
544,LightGBM,2027-07-01 22:45:00,215.0,229.34831987513374,True
544,LightGBM,2027-07-01 22:50:00,210.0,237.03414601136842,True
544,LightGBM,2027-07-01 22:55:00,205.0,235.97902457719482,True
544,LightGBM,2027-07-01 23:00:00,199.0,226.52984458526157,True
544,LightGBM,2027-07-01 23:05:00,193.0,210.72963060172825,True
544,LightGBM,2027-07-01 23:10:00,187.0,204.25301520729,True
544,LightGBM,2027-07-01 23:15:00,181.0,179.12253257433244,True
544,LightGBM,2027-07-01 23:20:00,176.0,188.85229760610554,True
544,LightGBM,2027-07-01 23:25:00,170.0,180.7804023807485,True
544,LightGBM,2027-07-01 23:30:00,166.0,173.74903896978623,True
544,LightGBM,2027-07-01 23:35:00,167.0,168.9515057067912,True
544,LightGBM,2027-07-01 23:40:00,167.0,162.67998059438096,True
544,LightGBM,2027-07-01 23:45:00,159.0,157.8017029982377,True
544,LightGBM,2027-07-01 23:50:00,154.0,157.2248954460247,True
544,LightGBM,2027-07-01 23:55:00,150.0,146.63659899702844,True
544,LightGBM,2027-07-02 00:00:00,147.0,147.4371728558758,True
544,LightGBM,2027-07-02 00:05:00,144.0,162.08605464984285,True
544,LightGBM,2027-07-02 00:10:00,141.0,160.70087090289238,True
544,LightGBM,2027-07-02 00:15:00,138.0,139.65268487493543,True
544,LightGBM,2027-07-02 00:20:00,135.0,138.1405170555756,True
544,LightGBM,2027-07-02 00:25:00,132.0,136.46320583404435,True
544,LightGBM,2027-07-02 00:30:00,129.0,133.58907951248486,True
544,LightGBM,2027-07-02 00:35:00,127.0,130.572686693986,True
544,LightGBM,2027-07-02 00:40:00,124.0,128.84302624607272,True
544,LightGBM,2027-07-02 00:45:00,122.0,126.1221621411663,True
544,LightGBM,2027-07-02 00:50:00,120.0,123.46810062201747,True
544,LightGBM,2027-07-02 00:55:00,117.0,119.23904672047924,True
544,LightGBM,2027-07-02 01:00:00,115.0,117.95960669904917,True
544,LightGBM,2027-07-02 01:05:00,114.0,120.40613006906455,True
544,LightGBM,2027-07-02 01:10:00,113.0,111.78123079626985,True
544,LightGBM,2027-07-02 01:15:00,111.0,114.05053328341857,True
544,LightGBM,2027-07-02 01:20:00,109.0,111.5907971236356,True
544,LightGBM,2027-07-02 01:25:00,107.0,107.0125010979994,True
544,LightGBM,2027-07-02 01:30:00,105.0,108.546877074365,True
544,LightGBM,2027-07-02 01:35:00,103.0,109.3355908674414,True
544,LightGBM,2027-07-02 01:40:00,101.0,107.16551204451609,True
544,LightGBM,2027-07-02 01:45:00,99.0,103.65398151895046,True
544,LightGBM,2027-07-02 01:50:00,98.0,102.85324697469733,True
544,LightGBM,2027-07-02 01:55:00,97.0,99.76199688903625,True
544,LightGBM,2027-07-02 02:00:00,96.0,98.4850471572905,True
544,LightGBM,2027-07-02 02:05:00,94.0,96.73308162274354,True
544,LightGBM,2027-07-02 02:10:00,91.0,93.16330053021605,True
544,LightGBM,2027-07-02 02:15:00,90.0,92.53909736417769,True
544,LightGBM,2027-07-02 02:20:00,89.0,92.65329968106774,True
544,LightGBM,2027-07-02 02:25:00,88.0,92.10500257666104,True
544,LightGBM,2027-07-02 02:30:00,87.0,91.07794424615034,True
544,LightGBM,2027-07-02 02:35:00,87.0,89.84872124459325,True
544,LightGBM,2027-07-02 02:40:00,86.0,85.88340542551661,True
544,LightGBM,2027-07-02 02:45:00,85.0,88.96740382970128,True
544,LightGBM,2027-07-02 02:50:00,85.0,86.39103787369096,True
544,LightGBM,2027-07-02 02:55:00,85.0,85.85660026023916,True
544,LightGBM,2027-07-02 03:00:00,85.0,83.82378217989455,True
544,LightGBM,2027-07-02 03:05:00,84.0,85.90714979147391,True
544,LightGBM,2027-07-02 03:10:00,84.0,84.1852506899457,True
544,LightGBM,2027-07-02 03:15:00,83.0,83.28562993082409,True
544,LightGBM,2027-07-02 03:20:00,83.0,85.18896803881394,True
544,LightGBM,2027-07-02 03:25:00,83.0,86.2812891461419,True
544,LightGBM,2027-07-02 03:30:00,83.0,85.59456460886462,True
544,LightGBM,2027-07-02 03:35:00,83.0,83.5326777752709,True
544,LightGBM,2027-07-02 03:40:00,81.0,85.22874365156339,True
544,LightGBM,2027-07-02 03:45:00,81.0,83.00730107032275,True
544,LightGBM,2027-07-02 03:50:00,80.0,84.38272674246743,True
544,LightGBM,2027-07-02 03:55:00,79.0,84.75951690771412,True
544,LightGBM,2027-07-02 04:00:00,79.0,85.69096756383716,True
544,LightGBM,2027-07-02 04:05:00,79.0,85.30654809828972,True
544,LightGBM,2027-07-02 04:10:00,78.0,79.17689816176198,True
544,LightGBM,2027-07-02 04:15:00,79.0,83.0958563211461,True
544,LightGBM,2027-07-02 04:20:00,79.0,79.61176353589516,True
544,LightGBM,2027-07-02 04:25:00,79.0,78.79059101571056,True
544,LightGBM,2027-07-02 04:30:00,79.0,80.70673390282415,True
544,LightGBM,2027-07-02 04:35:00,79.0,81.84318540815657,True
544,LightGBM,2027-07-02 04:40:00,79.0,78.34385328075679,True
544,LightGBM,2027-07-02 04:45:00,79.0,83.94956136775524,True
544,LightGBM,2027-07-02 04:50:00,78.0,82.3702647330483,True
544,LightGBM,2027-07-02 04:55:00,78.0,83.3142467534783,True
544,LightGBM,2027-07-02 05:00:00,78.0,82.68459732230318,True
544,LightGBM,2027-07-02 05:05:00,77.0,82.84157212665778,True
544,LightGBM,2027-07-02 05:10:00,77.0,82.89285448335319,True
544,LightGBM,2027-07-02 05:15:00,77.0,82.83246221356545,True
544,LightGBM,2027-07-02 05:20:00,78.0,79.05219361512677,True
544,LightGBM,2027-07-02 05:25:00,78.0,80.99190401433769,True
544,LightGBM,2027-07-02 05:30:00,78.0,82.20616932352982,True
544,LightGBM,2027-07-02 05:35:00,77.0,78.39446277463169,True
544,LightGBM,2027-07-02 05:40:00,76.0,79.79627075477477,True
544,LightGBM,2027-07-02 05:45:00,75.0,80.90352203402402,True
544,LightGBM,2027-07-02 05:50:00,73.0,84.69246133592809,True
544,LightGBM,2027-07-02 05:55:00,72.0,82.5082557360627,True
544,LightGBM,2027-07-02 06:00:00,72.0,83.09504479854071,True
544,LightGBM,2027-07-02 06:05:00,73.0,78.56791128307422,True
544,LightGBM,2027-07-02 06:10:00,75.0,77.40722745109876,True
544,LightGBM,2027-07-02 06:15:00,76.0,77.1242272498581,True
544,LightGBM,2027-07-02 06:20:00,77.0,76.21517641615937,True
544,LightGBM,2027-07-02 06:25:00,77.0,76.6731603316868,True
544,LightGBM,2027-07-02 06:30:00,77.0,78.89778500072347,True
544,LightGBM,2027-07-02 06:35:00,79.0,82.67116710347742,True
544,LightGBM,2027-07-02 06:40:00,82.0,89.27231002988512,True
544,LightGBM,2027-07-02 06:45:00,82.0,84.0004523893973,True
544,LightGBM,2027-07-02 06:50:00,84.0,85.95128199262793,True
544,LightGBM,2027-07-02 06:55:00,87.0,83.08177586668664,True
544,LightGBM,2027-07-02 07:00:00,91.0,83.6590276015008,True
544,LightGBM,2027-07-02 07:05:00,94.0,92.86619942114443,True
544,LightGBM,2027-07-02 07:10:00,96.0,96.95162265983066,True
544,LightGBM,2027-07-02 07:15:00,97.0,91.10631700435063,True
544,LightGBM,2027-07-02 07:20:00,99.0,99.52436855799425,True
544,LightGBM,2027-07-02 07:25:00,99.0,100.20110744630291,True
544,LightGBM,2027-07-02 07:30:00,99.0,110.8194385741238,True
544,LightGBM,2027-07-02 07:35:00,105.0,109.87897474908952,True
544,LightGBM,2027-07-02 07:40:00,112.0,107.00914572263592,True
544,LightGBM,2027-07-02 07:45:00,115.0,105.34460143165997,True
544,LightGBM,2027-07-02 07:50:00,118.0,113.21255110346041,True
544,LightGBM,2027-07-02 07:55:00,129.0,105.53838036110515,True
544,LightGBM,2027-07-02 08:00:00,132.0,105.7960924211145,True
544,LightGBM,2027-07-02 08:05:00,143.0,130.3269197987618,True
544,LightGBM,2027-07-02 08:10:00,158.0,154.5441881843524,True
544,LightGBM,2027-07-02 08:15:00,167.0,142.00775832351238,True
544,LightGBM,2027-07-02 08:20:00,174.0,142.07266325514,True
544,LightGBM,2027-07-02 08:25:00,179.0,171.27663565645838,True
544,LightGBM,2027-07-02 08:30:00,181.0,148.73511612532045,True
544,LightGBM,2027-07-02 08:35:00,185.0,174.38112939706366,True
544,LightGBM,2027-07-02 08:40:00,188.0,188.89021885245742,True
544,LightGBM,2027-07-02 08:45:00,190.0,177.16134606715173,True
544,LightGBM,2027-07-02 08:50:00,194.0,186.96023160453802,True
544,LightGBM,2027-07-02 08:55:00,195.0,184.18718129697305,True
544,LightGBM,2027-07-02 09:00:00,196.0,177.19496687030906,True
544,LightGBM,2027-07-02 09:05:00,198.0,191.9627150910709,True
544,LightGBM,2027-07-02 09:10:00,199.0,186.93515804742754,True
544,LightGBM,2027-07-02 09:15:00,197.0,188.83151154276035,True
544,LightGBM,2027-07-02 09:20:00,195.0,200.35471167668652,True
544,LightGBM,2027-07-02 09:25:00,192.0,192.54815843330414,True
544,LightGBM,2027-07-02 09:30:00,186.0,197.14810531480583,True
544,LightGBM,2027-07-02 09:35:00,182.0,198.9550495745756,True
544,LightGBM,2027-07-02 09:40:00,177.0,197.44754717383663,True
544,LightGBM,2027-07-02 09:45:00,175.0,187.21262860571326,True
544,LightGBM,2027-07-02 09:50:00,169.0,186.97360169025913,True
544,LightGBM,2027-07-02 09:55:00,165.0,178.6173240659651,True
544,LightGBM,2027-07-02 10:00:00,160.0,164.71467153136155,True
544,LightGBM,2027-07-02 10:05:00,155.0,163.61530667680032,True
544,LightGBM,2027-07-02 10:10:00,151.0,156.82033247293606,True
544,LightGBM,2027-07-02 10:15:00,147.0,162.19537688511357,True
544,LightGBM,2027-07-02 10:20:00,143.0,145.0106923694813,True
544,LightGBM,2027-07-02 10:25:00,139.0,145.7365960272162,True
544,LightGBM,2027-07-02 10:30:00,136.0,137.09072141886244,True
544,LightGBM,2027-07-02 10:35:00,133.0,133.4923469681274,True
544,LightGBM,2027-07-02 10:40:00,130.0,131.56483624075685,True
544,LightGBM,2027-07-02 10:45:00,127.0,128.99191526721805,True
544,LightGBM,2027-07-02 10:50:00,123.0,125.96486038913022,True
544,LightGBM,2027-07-02 10:55:00,121.0,123.99637884795615,True
544,LightGBM,2027-07-02 11:00:00,119.0,123.34650408930577,True
544,LightGBM,2027-07-02 11:05:00,116.0,119.46399189413654,True
544,LightGBM,2027-07-02 11:10:00,114.0,115.77896984705447,True
544,LightGBM,2027-07-02 11:15:00,108.0,113.94134574272509,True
544,LightGBM,2027-07-02 11:20:00,105.0,106.92662494499743,True
544,LightGBM,2027-07-02 11:25:00,104.0,113.41280041927979,True
544,LightGBM,2027-07-02 11:30:00,102.0,109.84670525946727,True
544,LightGBM,2027-07-02 11:35:00,85.0,105.51066992191441,True
544,LightGBM,2027-07-02 11:40:00,85.0,107.09316467478577,True
544,LightGBM,2027-07-02 11:45:00,85.0,97.57778800511494,True
544,LightGBM,2027-07-02 11:50:00,90.0,124.07162411851793,True
544,LightGBM,2027-07-02 11:55:00,96.0,121.48045496652946,True
544,LightGBM,2027-07-02 12:00:00,99.0,115.80322951488418,True
544,LightGBM,2027-07-02 12:05:00,107.0,101.83260865552866,True
544,LightGBM,2027-07-02 12:10:00,120.0,106.99787661461158,True
544,LightGBM,2027-07-02 12:15:00,134.0,101.39849368552562,True
544,LightGBM,2027-07-02 12:20:00,145.0,119.5894406267479,True
544,LightGBM,2027-07-02 12:25:00,152.0,123.1636784216243,True
544,LightGBM,2027-07-02 12:30:00,153.0,114.30946702070452,True
544,LightGBM,2027-07-02 12:35:00,153.0,131.92572639082033,True
544,LightGBM,2027-07-02 12:40:00,161.0,151.96391480891344,True
544,LightGBM,2027-07-02 12:45:00,166.0,162.95785584116422,True
544,LightGBM,2027-07-02 12:50:00,171.0,157.42539860361282,True
544,LightGBM,2027-07-02 12:55:00,177.0,155.70879841538056,True
544,LightGBM,2027-07-02 13:00:00,183.0,140.5302598657781,True
544,LightGBM,2027-07-02 13:05:00,186.0,137.39408055373022,True
544,LightGBM,2027-07-02 13:10:00,188.0,168.0137801296356,True
544,LightGBM,2027-07-02 13:15:00,190.0,164.08450814663638,True
544,LightGBM,2027-07-02 13:20:00,189.0,175.63196307462087,True
544,LightGBM,2027-07-02 13:25:00,187.0,185.76831591059445,True
544,LightGBM,2027-07-02 13:30:00,190.0,197.26223593808663,True
544,LightGBM,2027-07-02 13:35:00,192.0,191.83808736985472,True
544,LightGBM,2027-07-02 13:40:00,191.0,189.08770973229764,True
544,LightGBM,2027-07-02 13:45:00,188.0,194.42536017285468,True
544,LightGBM,2027-07-02 13:50:00,187.0,181.08309560750953,True
544,LightGBM,2027-07-02 13:55:00,189.0,179.67783811034622,True
544,LightGBM,2027-07-02 14:00:00,192.0,196.83260990266658,True
544,LightGBM,2027-07-02 14:05:00,196.0,190.37058087575375,True
544,LightGBM,2027-07-02 14:10:00,199.0,184.86566052614322,True
544,LightGBM,2027-07-02 14:15:00,202.0,175.4280919969174,True
544,LightGBM,2027-07-02 14:20:00,202.0,180.91516879610396,True
544,LightGBM,2027-07-02 14:25:00,203.0,186.25970249954958,True
544,LightGBM,2027-07-02 14:30:00,205.0,195.2755870605072,True
544,LightGBM,2027-07-02 14:35:00,205.0,206.2451400428699,True
544,LightGBM,2027-07-02 14:40:00,204.0,205.82341202278462,True
544,LightGBM,2027-07-02 14:45:00,204.0,210.77521616489693,True
544,LightGBM,2027-07-02 14:50:00,205.0,203.23594809269997,True
544,LightGBM,2027-07-02 14:55:00,203.0,206.5967394298583,True
544,LightGBM,2027-07-02 15:00:00,202.0,207.57293506537087,True
544,LightGBM,2027-07-02 15:05:00,202.0,204.4152267713851,True
544,LightGBM,2027-07-02 15:10:00,198.0,200.43769186308432,True
544,LightGBM,2027-07-02 15:15:00,193.0,203.65270975341562,True
544,LightGBM,2027-07-02 15:20:00,185.0,206.65131609353952,True
544,LightGBM,2027-07-02 15:25:00,178.0,194.4926625510535,True
544,LightGBM,2027-07-02 15:30:00,170.0,198.5925405025432,True
544,LightGBM,2027-07-02 15:35:00,167.0,200.8196269983385,True
544,LightGBM,2027-07-02 15:40:00,165.0,187.5106299695606,True
544,LightGBM,2027-07-02 15:45:00,159.0,181.5817884515841,True
544,LightGBM,2027-07-02 15:50:00,154.0,169.73527147372798,True
544,LightGBM,2027-07-02 15:55:00,152.0,160.63065843769016,True
544,LightGBM,2027-07-02 16:00:00,149.0,148.23450776472853,True
544,LightGBM,2027-07-02 16:05:00,147.0,155.46010528607962,True
544,LightGBM,2027-07-02 16:10:00,143.0,156.800937448053,True
544,LightGBM,2027-07-02 16:15:00,137.0,144.25836454786068,True
544,LightGBM,2027-07-02 16:20:00,130.0,141.54255802272849,True
544,LightGBM,2027-07-02 16:25:00,122.0,144.32262776017654,True
544,LightGBM,2027-07-02 16:30:00,114.0,140.87075751681635,True
544,LightGBM,2027-07-02 16:35:00,108.0,141.25462817537982,True
544,LightGBM,2027-07-02 16:40:00,103.0,134.84673595197083,True
544,LightGBM,2027-07-02 16:45:00,99.0,125.74326902239821,True
544,LightGBM,2027-07-02 16:50:00,97.0,116.44915721178333,True
544,LightGBM,2027-07-02 16:55:00,94.0,108.73877342769357,True
544,LightGBM,2027-07-02 17:00:00,89.0,103.74004811517848,True
544,LightGBM,2027-07-02 17:05:00,85.0,99.76048256636737,True
544,LightGBM,2027-07-02 17:10:00,80.0,94.38962685313629,True
544,LightGBM,2027-07-02 17:15:00,76.0,92.51454793475253,True
544,LightGBM,2027-07-02 17:20:00,73.0,94.16984515916307,True
544,LightGBM,2027-07-02 17:25:00,70.0,89.86404752483004,True
544,LightGBM,2027-07-02 17:30:00,66.0,85.12465306972105,True
544,LightGBM,2027-07-02 17:35:00,65.0,83.1205094592862,True
544,LightGBM,2027-07-02 17:40:00,65.0,78.0664347450833,True
544,LightGBM,2027-07-02 17:45:00,64.0,77.6300131263911,True
544,LightGBM,2027-07-02 17:50:00,65.0,77.112847901362,True
544,LightGBM,2027-07-02 17:55:00,74.0,74.4403670523465,True
544,LightGBM,2027-07-02 18:00:00,83.0,72.67564100685212,True
544,LightGBM,2027-07-02 18:05:00,103.0,76.62875771048216,True
544,LightGBM,2027-07-02 18:10:00,106.0,92.06759820575124,True
544,LightGBM,2027-07-02 18:15:00,125.0,85.02260912404996,True
544,LightGBM,2027-07-02 18:20:00,142.0,89.82703670546246,True
544,LightGBM,2027-07-02 18:25:00,158.0,116.16248758421638,True
544,LightGBM,2027-07-02 18:30:00,187.0,121.14865432912237,True
544,LightGBM,2027-07-02 18:35:00,200.0,146.53289470420566,True
544,LightGBM,2027-07-02 18:40:00,207.0,120.53492510288298,True
544,LightGBM,2027-07-02 18:45:00,215.0,152.775180725724,True
544,LightGBM,2027-07-02 18:50:00,221.0,157.66191956885407,True
544,LightGBM,2027-07-02 18:55:00,224.0,166.43781339449689,True
544,LightGBM,2027-07-02 19:00:00,227.0,198.23755969288158,True
544,LightGBM,2027-07-02 19:05:00,230.0,195.2889024983978,True
544,LightGBM,2027-07-02 19:10:00,231.0,196.4282960722659,True
544,LightGBM,2027-07-02 19:15:00,231.0,222.4332018458197,True
544,LightGBM,2027-07-02 19:20:00,229.0,225.15982173102017,True
544,LightGBM,2027-07-02 19:25:00,224.0,211.77381698424207,True
544,LightGBM,2027-07-02 19:30:00,215.0,222.07356010476906,True
544,LightGBM,2027-07-02 19:35:00,207.0,230.72708398461378,True
544,LightGBM,2027-07-02 19:40:00,198.0,225.31865156535918,True
544,LightGBM,2027-07-02 19:45:00,190.0,224.38231205502638,True
544,LightGBM,2027-07-02 19:50:00,187.0,215.33424147389968,True
544,LightGBM,2027-07-02 19:55:00,180.0,199.8867253294266,True
544,LightGBM,2027-07-02 20:00:00,172.0,183.71374022311267,True
544,LightGBM,2027-07-02 20:05:00,168.0,183.23605436502982,True
544,LightGBM,2027-07-02 20:10:00,166.0,168.64689780894082,True
544,LightGBM,2027-07-02 20:15:00,163.0,168.26140305605028,True
544,LightGBM,2027-07-02 20:20:00,164.0,170.87587270078038,True
544,LightGBM,2027-07-02 20:25:00,160.0,156.06224911398294,True
544,LightGBM,2027-07-02 20:30:00,156.0,144.8880688062676,True
544,LightGBM,2027-07-02 20:35:00,157.0,152.14529410822956,True
544,LightGBM,2027-07-02 20:40:00,150.0,154.48044429714653,True
544,LightGBM,2027-07-02 20:45:00,151.0,144.44110352877235,True
544,LightGBM,2027-07-02 20:50:00,152.0,161.2853210960079,True
544,LightGBM,2027-07-02 20:55:00,151.0,143.62057370930665,True
544,LightGBM,2027-07-02 21:00:00,151.0,142.64881556911348,True
544,LightGBM,2027-07-02 21:05:00,152.0,154.0384114877463,True
544,LightGBM,2027-07-02 21:10:00,148.0,127.24684697702732,True
544,LightGBM,2027-07-02 21:15:00,142.0,150.4781852982839,True
544,LightGBM,2027-07-02 21:20:00,132.0,149.3461153969941,True
544,LightGBM,2027-07-02 21:25:00,123.0,142.98744360141058,True
544,LightGBM,2027-07-02 21:30:00,118.0,149.61638243780573,True
544,LightGBM,2027-07-02 21:35:00,110.0,152.11308351347847,True
544,LightGBM,2027-07-02 21:40:00,105.0,138.29359042673963,True
544,LightGBM,2027-07-02 21:45:00,102.0,128.99766459960878,True
544,LightGBM,2027-07-02 21:50:00,97.0,113.04120137695435,True
544,LightGBM,2027-07-02 21:55:00,93.0,106.22095093024254,True
544,LightGBM,2027-07-02 22:00:00,90.0,106.65263385911169,True
544,LightGBM,2027-07-02 22:05:00,90.0,96.12171012981992,True
544,LightGBM,2027-07-02 22:10:00,89.0,94.86211895614504,True
544,LightGBM,2027-07-02 22:15:00,93.0,96.03047342792536,True
544,LightGBM,2027-07-02 22:20:00,102.0,87.67086290601117,True
544,LightGBM,2027-07-02 22:25:00,116.0,87.2714267747083,True
544,LightGBM,2027-07-02 22:30:00,128.0,87.65863099626729,True
544,LightGBM,2027-07-02 22:35:00,138.0,94.02423971206927,True
544,LightGBM,2027-07-02 22:40:00,148.0,88.23839438405857,True
544,LightGBM,2027-07-02 22:45:00,153.0,106.85392422648121,True
544,LightGBM,2027-07-02 22:50:00,164.0,127.3845806617831,True
544,LightGBM,2027-07-02 22:55:00,178.0,149.18915326969582,True
544,LightGBM,2027-07-02 23:00:00,188.0,160.43155901511906,True
544,LightGBM,2027-07-02 23:05:00,193.0,162.02270308501042,True
544,LightGBM,2027-07-02 23:10:00,195.0,176.52452634926544,True
544,LightGBM,2027-07-02 23:15:00,197.0,165.34858186232202,True
544,LightGBM,2027-07-02 23:20:00,195.0,192.99163947043462,True
544,LightGBM,2027-07-02 23:25:00,191.0,212.2804969406564,True
544,LightGBM,2027-07-02 23:30:00,185.0,209.16782558327242,True
544,LightGBM,2027-07-02 23:35:00,178.0,209.56877654353076,True
544,LightGBM,2027-07-02 23:40:00,167.0,206.83333004396616,True
544,LightGBM,2027-07-02 23:45:00,164.0,208.56626835282003,True
544,LightGBM,2027-07-02 23:50:00,162.0,194.522473080793,True
544,LightGBM,2027-07-02 23:55:00,160.0,187.54304592898768,True
544,LightGBM,2027-07-03 00:00:00,157.0,177.34584632130887,True
544,LightGBM,2027-07-03 00:05:00,153.0,169.17358099830304,True
544,LightGBM,2027-07-03 00:10:00,150.0,152.29350871637442,True
544,LightGBM,2027-07-03 00:15:00,148.0,159.703809904666,True
544,LightGBM,2027-07-03 00:20:00,147.0,157.25880978019936,True
544,LightGBM,2027-07-03 00:25:00,145.0,156.63495765203723,True
544,LightGBM,2027-07-03 00:30:00,143.0,149.63670724899944,True
544,LightGBM,2027-07-03 00:35:00,143.0,145.40926133634724,True
544,LightGBM,2027-07-03 00:40:00,144.0,146.01073752737625,True
544,LightGBM,2027-07-03 00:45:00,145.0,143.25299948418052,True
544,LightGBM,2027-07-03 00:50:00,146.0,142.98672859325646,True
544,LightGBM,2027-07-03 00:55:00,147.0,139.96134766762313,True
544,LightGBM,2027-07-03 01:00:00,147.0,137.97020038800957,True
544,LightGBM,2027-07-03 01:05:00,148.0,141.63116763832477,True
544,LightGBM,2027-07-03 01:10:00,148.0,145.50272206342584,True
544,LightGBM,2027-07-03 01:15:00,149.0,146.39864779575768,True
544,LightGBM,2027-07-03 01:20:00,149.0,149.030932989485,True
544,LightGBM,2027-07-03 01:25:00,150.0,149.65997928438875,True
544,LightGBM,2027-07-03 01:30:00,152.0,147.69949244800756,True
544,LightGBM,2027-07-03 01:35:00,153.0,151.93608015034764,True
544,LightGBM,2027-07-03 01:40:00,152.0,149.68961545694594,True
544,LightGBM,2027-07-03 01:45:00,153.0,153.61935023108913,True
544,LightGBM,2027-07-03 01:50:00,153.0,151.45494115518676,True
544,LightGBM,2027-07-03 01:55:00,153.0,154.41852129391708,True
544,LightGBM,2027-07-03 02:00:00,152.0,156.5532800182018,True
544,LightGBM,2027-07-03 02:05:00,151.0,156.5033235593221,True
544,LightGBM,2027-07-03 02:10:00,150.0,151.58258693042401,True
544,LightGBM,2027-07-03 02:15:00,149.0,156.3545206616165,True
544,LightGBM,2027-07-03 02:20:00,148.0,153.90806241986456,True
544,LightGBM,2027-07-03 02:25:00,147.0,154.41190829544308,True
544,LightGBM,2027-07-03 02:30:00,146.0,150.88069038666143,True
544,LightGBM,2027-07-03 02:35:00,145.0,149.92973242694737,True
544,LightGBM,2027-07-03 02:40:00,145.0,149.0260240420855,True
544,LightGBM,2027-07-03 02:45:00,144.0,147.2783225890901,True
544,LightGBM,2027-07-03 02:50:00,143.0,146.07241054667364,True
544,LightGBM,2027-07-03 02:55:00,143.0,144.7375202966966,True
544,LightGBM,2027-07-03 03:00:00,142.0,144.45204999889273,True
544,LightGBM,2027-07-03 03:05:00,142.0,142.57870321692715,True
544,LightGBM,2027-07-03 03:10:00,141.0,144.30944873161343,True
544,LightGBM,2027-07-03 03:15:00,140.0,142.48009799950324,True
544,LightGBM,2027-07-03 03:20:00,139.0,141.0334284780559,True
544,LightGBM,2027-07-03 03:25:00,137.0,142.44452190830475,True
544,LightGBM,2027-07-03 03:30:00,135.0,139.9207802522871,True
544,LightGBM,2027-07-03 03:35:00,134.0,142.23430679616163,True
544,LightGBM,2027-07-03 03:40:00,132.0,138.77530190990416,True
544,LightGBM,2027-07-03 03:45:00,131.0,137.98928676413226,True
544,LightGBM,2027-07-03 03:50:00,130.0,137.87643206391877,True
544,LightGBM,2027-07-03 03:55:00,130.0,134.7279662357053,True
544,LightGBM,2027-07-03 04:00:00,129.0,129.8989139133255,True
544,LightGBM,2027-07-03 04:05:00,127.0,130.79859996208498,True
544,LightGBM,2027-07-03 04:10:00,126.0,126.72207095372089,True
544,LightGBM,2027-07-03 04:15:00,125.0,126.11528786580463,True
544,LightGBM,2027-07-03 04:20:00,123.0,126.09139195772354,True
544,LightGBM,2027-07-03 04:25:00,122.0,127.45276215283366,True
544,LightGBM,2027-07-03 04:30:00,122.0,126.50687230904575,True
544,LightGBM,2027-07-03 04:35:00,121.0,124.76231319665605,True
544,LightGBM,2027-07-03 04:40:00,120.0,122.2683267369101,True
544,LightGBM,2027-07-03 04:45:00,118.0,121.20112830290867,True
544,LightGBM,2027-07-03 04:50:00,115.0,118.64982830042688,True
544,LightGBM,2027-07-03 04:55:00,115.0,117.37637981859191,True
544,LightGBM,2027-07-03 05:00:00,113.0,120.29392510173398,True
544,LightGBM,2027-07-03 05:05:00,112.0,118.48651178087428,True
544,LightGBM,2027-07-03 05:10:00,111.0,117.5500366059278,True
544,LightGBM,2027-07-03 05:15:00,109.0,113.01941679047967,True
544,LightGBM,2027-07-03 05:20:00,108.0,109.21149925546965,True
544,LightGBM,2027-07-03 05:25:00,108.0,114.87018501578063,True
544,LightGBM,2027-07-03 05:30:00,107.0,108.2176406288052,True
544,LightGBM,2027-07-03 05:35:00,106.0,109.12921809908,True
544,LightGBM,2027-07-03 05:40:00,106.0,106.93138177752188,True
544,LightGBM,2027-07-03 05:45:00,105.0,104.81527475951081,True
544,LightGBM,2027-07-03 05:50:00,104.0,103.96843125418374,True
544,LightGBM,2027-07-03 05:55:00,103.0,106.86769105429252,True
544,LightGBM,2027-07-03 06:00:00,101.0,103.74634458686134,True
544,LightGBM,2027-07-03 06:05:00,101.0,102.69411337003497,True
544,LightGBM,2027-07-03 06:10:00,100.0,105.1921808327853,True
544,LightGBM,2027-07-03 06:15:00,100.0,103.07121234283277,True
544,LightGBM,2027-07-03 06:20:00,100.0,99.71210311711452,True
544,LightGBM,2027-07-03 06:25:00,100.0,99.57892437670122,True
544,LightGBM,2027-07-03 06:30:00,98.0,95.31090303684752,True
544,LightGBM,2027-07-03 06:35:00,96.0,100.40306048528453,True
544,LightGBM,2027-07-03 06:40:00,94.0,96.16308699899938,True
544,LightGBM,2027-07-03 06:45:00,94.0,99.58917809721615,True
544,LightGBM,2027-07-03 06:50:00,93.0,100.01042044391245,True
544,LightGBM,2027-07-03 06:55:00,91.0,101.02166401944302,True
544,LightGBM,2027-07-03 07:00:00,91.0,94.59785073093863,True
544,LightGBM,2027-07-03 07:05:00,89.0,92.55040034999233,True
544,LightGBM,2027-07-03 07:10:00,89.0,92.188530956773,True
544,LightGBM,2027-07-03 07:15:00,89.0,95.77655849998105,True
544,LightGBM,2027-07-03 07:20:00,90.0,91.99575879176851,True
544,LightGBM,2027-07-03 07:25:00,91.0,88.83603427183066,True
544,LightGBM,2027-07-03 07:30:00,93.0,93.24166304030227,True
544,LightGBM,2027-07-03 07:35:00,96.0,88.0361371104253,True
544,LightGBM,2027-07-03 07:40:00,98.0,92.11670212112467,True
544,LightGBM,2027-07-03 07:45:00,100.0,91.59268430006027,True
544,LightGBM,2027-07-03 07:50:00,104.0,97.05540424611891,True
544,LightGBM,2027-07-03 07:55:00,107.0,96.87589282045447,True
544,LightGBM,2027-07-03 08:00:00,109.0,101.96607798841644,True
544,LightGBM,2027-07-03 08:05:00,112.0,108.04696994152094,True
544,LightGBM,2027-07-03 08:10:00,114.0,108.45078220422583,True
544,LightGBM,2027-07-03 08:15:00,115.0,112.19550019820173,True
544,LightGBM,2027-07-03 08:20:00,118.0,123.04661337877242,True
544,LightGBM,2027-07-03 08:25:00,120.0,120.09087706875117,True
544,LightGBM,2027-07-03 08:30:00,119.0,120.4653700286267,True
544,LightGBM,2027-07-03 08:35:00,144.0,124.95157715356457,True
544,LightGBM,2027-07-03 08:40:00,147.0,124.265820046105,True
544,LightGBM,2027-07-03 08:45:00,148.0,123.28434217311809,True
544,LightGBM,2027-07-03 08:50:00,148.0,130.93331531689074,True
544,LightGBM,2027-07-03 08:55:00,152.0,148.8969903486372,True
544,LightGBM,2027-07-03 09:00:00,159.0,136.34690868510023,True
544,LightGBM,2027-07-03 09:05:00,164.0,187.72702027116827,True
544,LightGBM,2027-07-03 09:10:00,170.0,190.2952947720045,True
544,LightGBM,2027-07-03 09:15:00,178.0,175.14373584807117,True
544,LightGBM,2027-07-03 09:20:00,190.0,163.6769570621021,True
544,LightGBM,2027-07-03 09:25:00,201.0,172.9931315498256,True
544,LightGBM,2027-07-03 09:30:00,219.0,182.12152773369155,True
544,LightGBM,2027-07-03 09:35:00,233.0,172.68263825638522,True
544,LightGBM,2027-07-03 09:40:00,229.0,180.98261673990476,True
544,LightGBM,2027-07-03 09:45:00,232.0,195.0142605797085,True
544,LightGBM,2027-07-03 09:50:00,238.0,208.4764705368434,True
544,LightGBM,2027-07-03 09:55:00,248.0,213.24197237571607,True
544,LightGBM,2027-07-03 10:00:00,257.0,240.47101185992463,True
544,LightGBM,2027-07-03 10:05:00,256.0,250.6394776347581,True
544,LightGBM,2027-07-03 10:10:00,247.0,217.42638433311808,True
544,LightGBM,2027-07-03 10:15:00,235.0,234.0095841369172,True
544,LightGBM,2027-07-03 10:20:00,226.0,240.1614724982127,True
544,LightGBM,2027-07-03 10:25:00,214.0,259.31512453460033,True
544,LightGBM,2027-07-03 10:30:00,204.0,270.59684399392677,True
544,LightGBM,2027-07-03 10:35:00,195.0,245.73874465809456,True
544,LightGBM,2027-07-03 10:40:00,186.0,220.3123838237886,True
544,LightGBM,2027-07-03 10:45:00,173.0,201.84596287977683,True
544,LightGBM,2027-07-03 10:50:00,169.0,193.32692434120747,True
544,LightGBM,2027-07-03 10:55:00,172.0,167.176270683179,True
544,LightGBM,2027-07-03 11:00:00,171.0,162.79416624866712,True
544,LightGBM,2027-07-03 11:05:00,167.0,158.9226347351636,True
544,LightGBM,2027-07-03 11:10:00,161.0,149.59281935633882,True
544,LightGBM,2027-07-03 11:15:00,159.0,124.55603871735956,True
544,LightGBM,2027-07-03 11:20:00,157.0,142.72788818339305,True
544,LightGBM,2027-07-03 11:25:00,157.0,162.72044731361598,True
544,LightGBM,2027-07-03 11:30:00,155.0,155.21342273261823,True
544,LightGBM,2027-07-03 11:35:00,150.0,144.16798996260746,True
544,LightGBM,2027-07-03 11:40:00,147.0,137.81338654700153,True
544,LightGBM,2027-07-03 11:45:00,143.0,147.11134654160387,True
544,LightGBM,2027-07-03 11:50:00,139.0,140.53517929463825,True
544,LightGBM,2027-07-03 11:55:00,131.0,149.44971740649868,True
544,LightGBM,2027-07-03 12:00:00,125.0,139.59715812077965,True
544,LightGBM,2027-07-03 12:05:00,116.0,132.0027350978845,True
544,LightGBM,2027-07-03 12:10:00,112.0,133.5780254707238,True
544,LightGBM,2027-07-03 12:15:00,115.0,126.69591995672991,True
544,LightGBM,2027-07-03 12:20:00,116.0,124.93644649241504,True
544,LightGBM,2027-07-03 12:25:00,121.0,106.79614059883893,True
544,LightGBM,2027-07-03 12:30:00,124.0,106.3310267032319,True
544,LightGBM,2027-07-03 12:35:00,125.0,96.00057444206998,True
544,LightGBM,2027-07-03 12:40:00,122.0,101.02008192571284,True
544,LightGBM,2027-07-03 12:45:00,120.0,120.9292445438788,True
544,LightGBM,2027-07-03 12:50:00,117.0,117.23410550163204,True
544,LightGBM,2027-07-03 12:55:00,115.0,134.20539929864316,True
544,LightGBM,2027-07-03 13:00:00,112.0,131.8793406783173,True
544,LightGBM,2027-07-03 13:05:00,99.0,128.6089613352043,True
544,LightGBM,2027-07-03 13:10:00,96.0,117.60824303040397,True
544,LightGBM,2027-07-03 13:15:00,98.0,118.88579702852519,True
544,LightGBM,2027-07-03 13:20:00,102.0,122.27153305811186,True
544,LightGBM,2027-07-03 13:25:00,106.0,126.22922236649971,True
544,LightGBM,2027-07-03 13:30:00,115.0,118.29362696642148,True
544,LightGBM,2027-07-03 13:35:00,123.0,101.00136559155712,True
544,LightGBM,2027-07-03 13:40:00,130.0,104.60092280151143,True
544,LightGBM,2027-07-03 13:45:00,137.0,120.08212259404537,True
544,LightGBM,2027-07-03 13:50:00,144.0,128.7553299439612,True
544,LightGBM,2027-07-03 13:55:00,151.0,129.04756610312592,True
544,LightGBM,2027-07-03 14:00:00,155.0,142.80485052105726,True
544,LightGBM,2027-07-03 14:05:00,158.0,143.94638407969734,True
544,LightGBM,2027-07-03 14:10:00,158.0,145.9843283303467,True
544,LightGBM,2027-07-03 14:15:00,158.0,151.8783044916861,True
544,LightGBM,2027-07-03 14:20:00,154.0,157.3192878820932,True
544,LightGBM,2027-07-03 14:25:00,151.0,162.8707057438782,True
544,LightGBM,2027-07-03 14:30:00,149.0,157.99015170172783,True
544,LightGBM,2027-07-03 14:35:00,148.0,158.84277044847104,True
544,LightGBM,2027-07-03 14:40:00,147.0,154.0103148589904,True
544,LightGBM,2027-07-03 14:45:00,149.0,158.66885249481766,True
544,LightGBM,2027-07-03 14:50:00,151.0,143.20425265692543,True
544,LightGBM,2027-07-03 14:55:00,150.0,142.7476527618071,True
544,LightGBM,2027-07-03 15:00:00,146.0,138.86050348713684,True
544,LightGBM,2027-07-03 15:05:00,144.0,140.0001827994975,True
544,LightGBM,2027-07-03 15:10:00,144.0,138.36593292973103,True
544,LightGBM,2027-07-03 15:15:00,142.0,150.87201669233988,True
544,LightGBM,2027-07-03 15:20:00,140.0,152.6439619186653,True
544,LightGBM,2027-07-03 15:25:00,138.0,143.13338539521558,True
544,LightGBM,2027-07-03 15:30:00,130.0,137.06959338958757,True
544,LightGBM,2027-07-03 15:35:00,124.0,135.57371626070315,True
544,LightGBM,2027-07-03 15:40:00,119.0,142.03437359527396,True
544,LightGBM,2027-07-03 15:45:00,113.0,133.81174482182908,True
544,LightGBM,2027-07-03 15:50:00,113.0,131.53080638067914,True
544,LightGBM,2027-07-03 15:55:00,110.0,130.5122543159837,True
544,LightGBM,2027-07-03 16:00:00,105.0,112.3134360518117,True
544,LightGBM,2027-07-03 16:05:00,103.0,109.95038978233494,True
544,LightGBM,2027-07-03 16:10:00,103.0,103.29800295134271,True
544,LightGBM,2027-07-03 16:15:00,105.0,96.83514926065898,True
544,LightGBM,2027-07-03 16:20:00,102.0,112.10956557297546,True
544,LightGBM,2027-07-03 16:25:00,98.0,103.46336208530501,True
544,LightGBM,2027-07-03 16:30:00,97.0,94.50968609511996,True
544,LightGBM,2027-07-03 16:35:00,97.0,99.63824109816618,True
544,LightGBM,2027-07-03 16:40:00,95.0,103.95353940909683,True
544,LightGBM,2027-07-03 16:45:00,94.0,113.09346802194615,True
544,LightGBM,2027-07-03 16:50:00,91.0,97.53680922484207,True
544,LightGBM,2027-07-03 16:55:00,87.0,93.11202898437539,True
544,LightGBM,2027-07-03 17:00:00,83.0,96.17295259123696,True
544,LightGBM,2027-07-03 17:05:00,81.0,98.00707703682873,True
544,LightGBM,2027-07-03 17:10:00,81.0,92.352417919174,True
544,LightGBM,2027-07-03 17:15:00,80.0,94.57144476281437,True
544,LightGBM,2027-07-03 17:20:00,80.0,88.12936974217433,True
544,LightGBM,2027-07-03 17:25:00,81.0,84.0184006771416,True
544,LightGBM,2027-07-03 17:30:00,81.0,83.14334718157757,True
544,LightGBM,2027-07-03 17:35:00,78.0,82.77614959971288,True
544,LightGBM,2027-07-03 17:40:00,76.0,86.82703827107854,True
544,LightGBM,2027-07-03 17:45:00,76.0,81.9913262010262,True
544,LightGBM,2027-07-03 17:50:00,76.0,84.89007503931757,True
544,LightGBM,2027-07-03 17:55:00,79.0,87.17463893335915,True
544,LightGBM,2027-07-03 18:00:00,81.0,86.55866240670538,True
544,LightGBM,2027-07-03 18:05:00,81.0,80.72854925195145,True
544,LightGBM,2027-07-03 18:10:00,80.0,78.39156726932696,True
544,LightGBM,2027-07-03 18:15:00,79.0,82.71977357792504,True
544,LightGBM,2027-07-03 18:20:00,77.0,82.14802015896461,True
544,LightGBM,2027-07-03 18:25:00,76.0,95.48814222670475,True
544,LightGBM,2027-07-03 18:30:00,77.0,92.95668763333374,True
544,LightGBM,2027-07-03 18:35:00,77.0,89.10541659997541,True
544,LightGBM,2027-07-03 18:40:00,77.0,86.40310030101045,True
544,LightGBM,2027-07-03 18:45:00,76.0,82.81628081702726,True
544,LightGBM,2027-07-03 18:50:00,75.0,78.50037502711342,True
544,LightGBM,2027-07-03 18:55:00,76.0,79.02285776744453,True
544,LightGBM,2027-07-03 19:00:00,75.0,84.6407497432452,True
544,LightGBM,2027-07-03 19:05:00,76.0,81.74794436592792,True
544,LightGBM,2027-07-03 19:10:00,82.0,82.88158934604027,True
544,LightGBM,2027-07-03 19:15:00,82.0,80.02723784424583,True
544,LightGBM,2027-07-03 19:20:00,82.0,78.47879956496459,True
544,LightGBM,2027-07-03 19:25:00,85.0,100.41558191529948,True
544,LightGBM,2027-07-03 19:30:00,89.0,89.42179927886716,True
544,LightGBM,2027-07-03 19:35:00,94.0,97.12767629047165,True
544,LightGBM,2027-07-03 19:40:00,100.0,109.54298437503911,True
544,LightGBM,2027-07-03 19:45:00,105.0,92.29045583266648,True
544,LightGBM,2027-07-03 19:50:00,111.0,91.33328310564899,True
544,LightGBM,2027-07-03 19:55:00,116.0,101.08452796075646,True
544,LightGBM,2027-07-03 20:00:00,118.0,104.10241881335055,True
544,LightGBM,2027-07-03 20:05:00,120.0,110.66034586380434,True
544,LightGBM,2027-07-03 20:10:00,124.0,119.35116171251877,True
544,LightGBM,2027-07-03 20:15:00,125.0,116.47194492700947,True
544,LightGBM,2027-07-03 20:20:00,126.0,126.9376377139287,True
544,LightGBM,2027-07-03 20:25:00,129.0,123.58590802676157,True
544,LightGBM,2027-07-03 20:30:00,132.0,115.97517917211489,True
544,LightGBM,2027-07-03 20:35:00,135.0,118.36807246882901,True
544,LightGBM,2027-07-03 20:40:00,137.0,131.41562011032727,True
544,LightGBM,2027-07-03 20:45:00,141.0,121.33088047132196,True
544,LightGBM,2027-07-03 20:50:00,142.0,124.01909605646121,True
544,LightGBM,2027-07-03 20:55:00,143.0,137.1692722839552,True
544,LightGBM,2027-07-03 21:00:00,143.0,135.19087848060593,True
544,LightGBM,2027-07-03 21:05:00,139.0,141.0547757144145,True
544,LightGBM,2027-07-03 21:10:00,134.0,140.48817696777166,True
544,LightGBM,2027-07-03 21:15:00,127.0,153.30884600524678,True
544,LightGBM,2027-07-03 21:20:00,122.0,145.71576925135523,True
544,LightGBM,2027-07-03 21:25:00,124.0,148.68520458235682,True
544,LightGBM,2027-07-03 21:30:00,125.0,144.11000639209306,True
544,LightGBM,2027-07-03 21:35:00,126.0,132.1143029569423,True
544,LightGBM,2027-07-03 21:40:00,128.0,124.53072326053831,True
544,LightGBM,2027-07-03 21:45:00,133.0,113.7876899383051,True
544,LightGBM,2027-07-03 21:50:00,138.0,109.9948287527909,True
544,LightGBM,2027-07-03 21:55:00,140.0,128.43390995736817,True
544,LightGBM,2027-07-03 22:00:00,137.0,126.53767437363562,True
544,LightGBM,2027-07-03 22:05:00,144.0,130.3606892619366,True
544,LightGBM,2027-07-03 22:10:00,161.0,137.74619625746382,True
544,LightGBM,2027-07-03 22:15:00,174.0,146.81713723418446,True
544,LightGBM,2027-07-03 22:20:00,184.0,149.10677364836417,True
544,LightGBM,2027-07-03 22:25:00,194.0,147.64371870315017,True
544,LightGBM,2027-07-03 22:30:00,204.0,131.9092288216294,True
544,LightGBM,2027-07-03 22:35:00,213.0,162.19841333610347,True
544,LightGBM,2027-07-03 22:40:00,217.0,180.91249164318856,True
544,LightGBM,2027-07-03 22:45:00,222.0,195.52141316476337,True
544,LightGBM,2027-07-03 22:50:00,225.0,203.24996743723656,True
544,LightGBM,2027-07-03 22:55:00,228.0,225.18771935780518,True
544,LightGBM,2027-07-03 23:00:00,229.0,238.05713480826984,True
544,LightGBM,2027-07-03 23:05:00,231.0,238.91231728590893,True
544,LightGBM,2027-07-03 23:10:00,234.0,230.72488686644996,True
544,LightGBM,2027-07-03 23:15:00,235.0,241.7114603333136,True
544,LightGBM,2027-07-03 23:20:00,239.0,232.1872667959434,True
544,LightGBM,2027-07-03 23:25:00,242.0,235.9862672841683,True
544,LightGBM,2027-07-03 23:30:00,246.0,231.89901584143567,True
544,LightGBM,2027-07-03 23:35:00,249.0,238.14365979372573,True
544,LightGBM,2027-07-03 23:40:00,253.0,241.50731079747928,True
544,LightGBM,2027-07-03 23:45:00,257.0,237.59068678890966,True
544,LightGBM,2027-07-03 23:50:00,261.0,245.88229217454304,True
544,LightGBM,2027-07-03 23:55:00,267.0,247.20534143456678,True
544,LightGBM,2027-07-04 00:00:00,272.0,253.3411279314324,True
544,LightGBM,2027-07-04 00:05:00,279.0,256.9502217843187,True
544,LightGBM,2027-07-04 00:10:00,286.0,262.74797763923965,True
544,LightGBM,2027-07-04 00:15:00,291.0,265.81629065290184,True
544,LightGBM,2027-07-04 00:20:00,298.0,269.67154515129596,True
544,LightGBM,2027-07-04 00:25:00,303.0,280.48772859548166,True
544,LightGBM,2027-07-04 00:30:00,306.0,281.42048245113347,True
544,LightGBM,2027-07-04 00:35:00,305.0,292.7901888720915,True
544,LightGBM,2027-07-04 00:40:00,299.0,297.42215852809016,True
544,LightGBM,2027-07-04 00:45:00,292.0,297.63155253477436,True
544,LightGBM,2027-07-04 00:50:00,285.0,307.9160826441614,True
544,LightGBM,2027-07-04 00:55:00,280.0,305.46862663813477,True
544,LightGBM,2027-07-04 01:00:00,278.0,306.7809770833555,True
544,LightGBM,2027-07-04 01:05:00,278.0,297.6612812671937,True
544,LightGBM,2027-07-04 01:10:00,280.0,280.7396211097126,True
544,LightGBM,2027-07-04 01:15:00,281.0,266.41795426299893,True
544,LightGBM,2027-07-04 01:20:00,281.0,262.47519303509836,True
544,LightGBM,2027-07-04 01:25:00,275.0,262.12755441484234,True
544,LightGBM,2027-07-04 01:30:00,266.0,268.92282435676924,True
544,LightGBM,2027-07-04 01:35:00,260.0,271.37998394055876,True
544,LightGBM,2027-07-04 01:40:00,252.0,278.9575782063974,True
544,LightGBM,2027-07-04 01:45:00,247.0,277.5534839367335,True
544,LightGBM,2027-07-04 01:50:00,240.0,276.5609838659607,True
544,LightGBM,2027-07-04 01:55:00,237.0,259.8953459953044,True
544,LightGBM,2027-07-04 02:00:00,233.0,249.37963002737862,True
544,LightGBM,2027-07-04 02:05:00,228.0,244.3032492504058,True
544,LightGBM,2027-07-04 02:10:00,226.0,232.63853411784856,True
544,LightGBM,2027-07-04 02:15:00,227.0,229.55782595407481,True
544,LightGBM,2027-07-04 02:20:00,227.0,217.8147915860456,True
544,LightGBM,2027-07-04 02:25:00,227.0,221.22540360525082,True
544,LightGBM,2027-07-04 02:30:00,226.0,216.2797912424878,True
544,LightGBM,2027-07-04 02:35:00,227.0,208.1321113508835,True
544,LightGBM,2027-07-04 02:40:00,229.0,211.8398326726887,True
544,LightGBM,2027-07-04 02:45:00,231.0,221.73940247849183,True
544,LightGBM,2027-07-04 02:50:00,238.0,221.45884441518757,True
544,LightGBM,2027-07-04 02:55:00,240.0,223.5785051481127,True
544,LightGBM,2027-07-04 03:00:00,240.0,221.68395407273147,True
544,LightGBM,2027-07-04 03:05:00,241.0,228.3159243636749,True
544,LightGBM,2027-07-04 03:10:00,239.0,232.96762460597947,True
544,LightGBM,2027-07-04 03:15:00,234.0,234.0192110028046,True
544,LightGBM,2027-07-04 03:20:00,232.0,246.5424511367166,True
544,LightGBM,2027-07-04 03:25:00,230.0,240.50787434747792,True
544,LightGBM,2027-07-04 03:30:00,228.0,240.57601482357884,True
544,LightGBM,2027-07-04 03:35:00,225.0,245.2105473179516,True
544,LightGBM,2027-07-04 03:40:00,223.0,232.0600972243307,True
544,LightGBM,2027-07-04 03:45:00,221.0,225.33949373035315,True
544,LightGBM,2027-07-04 03:50:00,223.0,225.4512680779477,True
544,LightGBM,2027-07-04 03:55:00,225.0,220.40929012821832,True
544,LightGBM,2027-07-04 04:00:00,223.0,217.36788903951432,True
544,LightGBM,2027-07-04 04:05:00,221.0,213.05794501012556,True
544,LightGBM,2027-07-04 04:10:00,218.0,211.33402748631534,True
544,LightGBM,2027-07-04 04:15:00,216.0,210.32205796697525,True
544,LightGBM,2027-07-04 04:20:00,214.0,219.26482019131205,True
544,LightGBM,2027-07-04 04:25:00,213.0,224.23105916826512,True
544,LightGBM,2027-07-04 04:30:00,211.0,214.1142828134303,True
544,LightGBM,2027-07-04 04:35:00,209.0,213.76520880882094,True
544,LightGBM,2027-07-04 04:40:00,207.0,208.98041128023763,True
544,LightGBM,2027-07-04 04:45:00,205.0,208.6839987591948,True
544,LightGBM,2027-07-04 04:50:00,202.0,205.55928814050154,True
544,LightGBM,2027-07-04 04:55:00,200.0,209.24557367658954,True
544,LightGBM,2027-07-04 05:00:00,200.0,204.65257162970892,True
544,LightGBM,2027-07-04 05:05:00,200.0,198.48046111606078,True
544,LightGBM,2027-07-04 05:10:00,198.0,197.98124657143393,True
544,LightGBM,2027-07-04 05:15:00,195.0,194.82911095468495,True
544,LightGBM,2027-07-04 05:20:00,191.0,191.31919990573385,True
544,LightGBM,2027-07-04 05:25:00,188.0,190.56255715996747,True
544,LightGBM,2027-07-04 05:30:00,185.0,196.89092320179336,True
544,LightGBM,2027-07-04 05:35:00,183.0,197.2637152186753,True
544,LightGBM,2027-07-04 05:40:00,180.0,189.87437258408252,True
544,LightGBM,2027-07-04 05:45:00,175.0,188.13360307544218,True
544,LightGBM,2027-07-04 05:50:00,173.0,185.56619407770904,True
544,LightGBM,2027-07-04 05:55:00,174.0,181.74438390226038,True
544,LightGBM,2027-07-04 06:00:00,171.0,178.38344438494263,True
544,LightGBM,2027-07-04 06:05:00,170.0,178.32446314134447,True
544,LightGBM,2027-07-04 06:10:00,168.0,173.3713755543195,True
544,LightGBM,2027-07-04 06:15:00,163.0,165.84265697423766,True
544,LightGBM,2027-07-04 06:20:00,159.0,168.3654139479363,True
544,LightGBM,2027-07-04 06:25:00,156.0,175.7997074400189,True
544,LightGBM,2027-07-04 06:30:00,154.0,163.06912663457774,True
544,LightGBM,2027-07-04 06:35:00,151.0,168.04848160959062,True
544,LightGBM,2027-07-04 06:40:00,149.0,163.8517977058775,True
544,LightGBM,2027-07-04 06:45:00,147.0,153.3198578123206,True
544,LightGBM,2027-07-04 06:50:00,145.0,153.52339917726815,True
544,LightGBM,2027-07-04 06:55:00,144.0,150.27937566914926,True
544,LightGBM,2027-07-04 07:00:00,144.0,148.38890066156137,True
544,LightGBM,2027-07-04 07:05:00,144.0,145.54938850214864,True
544,LightGBM,2027-07-04 07:10:00,144.0,145.00345449345917,True
544,LightGBM,2027-07-04 07:15:00,144.0,142.37273030490198,True
544,LightGBM,2027-07-04 07:20:00,144.0,141.29105780649712,True
544,LightGBM,2027-07-04 07:25:00,144.0,141.93529902744567,True
544,LightGBM,2027-07-04 10:15:00,126.0,160.2383987819122,False
544,LightGBM,2027-07-04 10:20:00,123.0,160.2383987819122,False
544,LightGBM,2027-07-04 10:25:00,118.0,160.2383987819122,False
544,LightGBM,2027-07-04 10:30:00,119.0,200.94988556263,False
544,LightGBM,2027-07-04 10:35:00,122.0,196.4061163275645,False
544,LightGBM,2027-07-04 10:40:00,125.0,200.0771570390108,False
544,LightGBM,2027-07-04 10:45:00,120.0,146.14399500125282,True
544,LightGBM,2027-07-04 10:50:00,111.0,134.71482858797518,True
544,LightGBM,2027-07-04 10:55:00,104.0,124.29475613848346,True
544,LightGBM,2027-07-04 11:00:00,100.0,129.91623990829785,True
544,LightGBM,2027-07-04 11:05:00,105.0,137.76938397870745,True
544,LightGBM,2027-07-04 11:10:00,119.0,139.20749963708545,True
544,LightGBM,2027-07-04 11:15:00,127.0,116.16142087483668,True
544,LightGBM,2027-07-04 11:20:00,132.0,108.20462560493357,True
544,LightGBM,2027-07-04 11:25:00,133.0,96.62775372229441,True
544,LightGBM,2027-07-04 11:30:00,132.0,93.46012237631979,True
544,LightGBM,2027-07-04 11:35:00,131.0,119.4165185128365,True
544,LightGBM,2027-07-04 11:40:00,131.0,139.50499401224263,True
544,LightGBM,2027-07-04 11:45:00,131.0,164.36246640225397,True
544,LightGBM,2027-07-04 11:50:00,131.0,149.93236546677704,True
544,LightGBM,2027-07-04 11:55:00,130.0,149.7906100553081,True
544,LightGBM,2027-07-04 12:00:00,132.0,138.4957979589416,True
544,LightGBM,2027-07-04 12:05:00,145.0,134.22152693409316,True
544,LightGBM,2027-07-04 12:10:00,150.0,134.36479389196163,True
544,LightGBM,2027-07-04 12:15:00,146.0,128.100340000322,True
544,LightGBM,2027-07-04 12:20:00,144.0,127.85082689418329,True
544,LightGBM,2027-07-04 12:25:00,140.0,122.75311495918626,True
544,LightGBM,2027-07-04 12:30:00,136.0,134.27641297363238,True
544,LightGBM,2027-07-04 12:35:00,133.0,159.6314072122427,True
544,LightGBM,2027-07-04 12:40:00,129.0,153.99281494225602,True
544,LightGBM,2027-07-04 12:45:00,122.0,134.22871316168542,True
544,LightGBM,2027-07-04 12:50:00,105.0,134.85457711558266,True
544,LightGBM,2027-07-04 12:55:00,97.0,125.46082361271388,True
544,LightGBM,2027-07-04 13:00:00,91.0,122.79085912541414,True
544,LightGBM,2027-07-04 13:05:00,81.0,123.65377539830223,True
544,LightGBM,2027-07-04 13:10:00,77.0,116.23238592332756,True
544,LightGBM,2027-07-04 13:15:00,81.0,102.34550219799173,True
544,LightGBM,2027-07-04 13:20:00,86.0,92.99619865907695,True
544,LightGBM,2027-07-04 13:25:00,89.0,88.82713560100888,True
544,LightGBM,2027-07-04 13:30:00,94.0,85.77289459988482,True
544,LightGBM,2027-07-04 13:35:00,98.0,75.88291084415536,True
544,LightGBM,2027-07-04 13:40:00,99.0,81.36514469657584,True
544,LightGBM,2027-07-04 13:45:00,102.0,102.26831357223809,True
544,LightGBM,2027-07-04 13:50:00,107.0,105.8554810324563,True
544,LightGBM,2027-07-04 13:55:00,112.0,103.1449690612724,True
544,LightGBM,2027-07-04 14:00:00,118.0,115.55933460938559,True
544,LightGBM,2027-07-04 14:05:00,123.0,113.58945150421961,True
544,LightGBM,2027-07-04 14:10:00,120.0,105.42818680133104,True
544,LightGBM,2027-07-04 14:15:00,112.0,116.68191142195226,True
544,LightGBM,2027-07-04 14:20:00,103.0,124.15136824540542,True
544,LightGBM,2027-07-04 14:25:00,94.0,124.88200222713074,True
544,LightGBM,2027-07-04 14:30:00,85.0,134.6174107961494,True
544,LightGBM,2027-07-04 14:35:00,76.0,136.80231488345464,True
544,LightGBM,2027-07-04 14:40:00,73.0,117.2291917877754,True
544,LightGBM,2027-07-04 14:45:00,72.0,108.50249755485144,True
544,LightGBM,2027-07-04 14:50:00,71.0,93.70715261716697,True
544,LightGBM,2027-07-04 14:55:00,67.0,86.32900940345162,True
544,LightGBM,2027-07-04 15:00:00,65.0,80.06551435573171,True
544,LightGBM,2027-07-04 15:05:00,74.0,76.73471295156668,True
544,LightGBM,2027-07-04 15:10:00,89.0,83.79849434302682,True
544,LightGBM,2027-07-04 15:15:00,94.0,82.09073082378156,True
544,LightGBM,2027-07-04 15:20:00,107.0,79.36293087359837,True
544,LightGBM,2027-07-04 15:25:00,120.0,75.27506298509878,True
544,LightGBM,2027-07-04 15:30:00,135.0,78.21715652017141,True
544,LightGBM,2027-07-04 15:35:00,147.0,109.54079755509746,True
544,LightGBM,2027-07-04 15:40:00,155.0,127.42758863119079,True
544,LightGBM,2027-07-04 15:45:00,152.0,116.16296231096392,True
544,LightGBM,2027-07-04 15:50:00,146.0,147.63909329826765,True
544,LightGBM,2027-07-04 15:55:00,144.0,157.68272316691352,True
544,LightGBM,2027-07-04 16:00:00,148.0,176.54400450950342,True
544,LightGBM,2027-07-04 16:05:00,148.0,174.0099733296941,True
544,LightGBM,2027-07-04 16:10:00,148.0,171.91204256623942,True
544,LightGBM,2027-07-04 16:15:00,148.0,152.93821004570523,True
544,LightGBM,2027-07-04 16:20:00,246.0,138.5400067279037,True
544,LightGBM,2027-07-04 16:25:00,262.0,143.5239334887443,True
544,LightGBM,2027-07-04 16:30:00,271.0,154.27978381153778,True
544,LightGBM,2027-07-04 16:35:00,277.0,148.5229180966014,True
544,LightGBM,2027-07-04 16:40:00,280.0,151.13050392801821,True
544,LightGBM,2027-07-04 16:45:00,279.0,151.84992352992683,True
544,LightGBM,2027-07-04 16:50:00,278.0,264.1073445810094,True
544,LightGBM,2027-07-04 16:55:00,273.0,277.20121712009694,True
544,LightGBM,2027-07-04 17:00:00,267.0,279.65148043754414,True
544,LightGBM,2027-07-04 17:05:00,266.0,282.3902780175051,True
544,LightGBM,2027-07-04 17:10:00,267.0,279.0472014122036,True
544,LightGBM,2027-07-04 17:15:00,268.0,273.3489506001601,True
544,LightGBM,2027-07-04 17:20:00,265.0,271.92009020191017,True
544,LightGBM,2027-07-04 17:25:00,266.0,248.5071976547773,True
544,LightGBM,2027-07-04 17:30:00,274.0,243.89469676744514,True
544,LightGBM,2027-07-04 17:35:00,279.0,264.2637375082892,True
544,LightGBM,2027-07-04 17:40:00,274.0,261.6474613106571,True
544,LightGBM,2027-07-04 17:45:00,275.0,274.7248277745558,True
544,LightGBM,2027-07-04 17:50:00,280.0,255.74510331774664,True
544,LightGBM,2027-07-04 17:55:00,280.0,261.08349870025984,True
544,LightGBM,2027-07-04 18:00:00,274.0,278.7111890963614,True
544,LightGBM,2027-07-04 18:05:00,270.0,281.64361230994314,True
544,LightGBM,2027-07-04 18:10:00,268.0,254.26624608870912,True
544,LightGBM,2027-07-04 18:15:00,270.0,266.14493953022117,True
544,LightGBM,2027-07-04 18:20:00,272.0,278.1303356456026,True
544,LightGBM,2027-07-04 18:25:00,289.0,263.85336338468875,True
544,LightGBM,2027-07-04 18:30:00,307.0,248.15104489106824,True
544,LightGBM,2027-07-04 18:35:00,313.0,244.62516201068198,True
544,LightGBM,2027-07-04 18:40:00,313.0,249.8448300669375,True
544,LightGBM,2027-07-04 18:45:00,314.0,258.66630140252835,True
544,LightGBM,2027-07-04 18:50:00,316.0,262.8814526408838,True
544,LightGBM,2027-07-04 18:55:00,312.0,293.11495122145834,True
544,LightGBM,2027-07-04 19:00:00,304.0,308.1199012622886,True
544,LightGBM,2027-07-04 19:05:00,298.0,305.5855874359799,True
544,LightGBM,2027-07-04 19:10:00,304.0,291.8290365190084,True
544,LightGBM,2027-07-04 19:15:00,311.0,304.3820272379207,True
544,LightGBM,2027-07-04 19:20:00,313.0,306.8849512549714,True
544,LightGBM,2027-07-04 19:25:00,320.0,286.6259004338918,True
544,LightGBM,2027-07-04 19:30:00,321.0,263.32468229143615,True
544,LightGBM,2027-07-04 19:35:00,314.0,264.8170978404501,True
544,LightGBM,2027-07-04 19:40:00,312.0,292.4158494627506,True
544,LightGBM,2027-07-04 19:45:00,310.0,297.7993838325319,True
544,LightGBM,2027-07-04 19:50:00,301.0,294.7700287565421,True
544,LightGBM,2027-07-04 19:55:00,293.0,307.05463187051436,True
544,LightGBM,2027-07-04 20:00:00,293.0,302.4880061926836,True
544,LightGBM,2027-07-04 20:05:00,301.0,277.5808569100925,True
544,LightGBM,2027-07-04 20:10:00,307.0,289.99777804745764,True
544,LightGBM,2027-07-04 20:15:00,306.0,285.22678609364436,True
544,LightGBM,2027-07-04 20:20:00,300.0,260.69793445835495,True
544,LightGBM,2027-07-04 20:25:00,296.0,256.254789171402,True
544,LightGBM,2027-07-04 20:30:00,296.0,270.85812346889895,True
544,LightGBM,2027-07-04 20:35:00,292.0,290.96670303017856,True
544,LightGBM,2027-07-04 20:40:00,284.0,298.1845625896432,True
544,LightGBM,2027-07-04 20:45:00,273.0,287.7913279743383,True
544,LightGBM,2027-07-04 20:50:00,262.0,271.06998759434725,True
544,Stacking,2027-06-24 00:00:00,139.0,151.40007122105862,True
544,Stacking,2027-06-24 00:05:00,135.0,141.14810382099205,True
544,Stacking,2027-06-24 00:10:00,133.0,137.64234341468065,True
544,Stacking,2027-06-24 00:15:00,130.0,137.0501763154804,True
544,Stacking,2027-06-24 00:20:00,125.0,133.93477945742978,True
544,Stacking,2027-06-24 00:25:00,121.0,132.16804779663053,True
544,Stacking,2027-06-24 00:30:00,117.0,134.12940649024156,True
544,Stacking,2027-06-24 00:35:00,113.0,124.16350695373694,True
544,Stacking,2027-06-24 00:40:00,110.0,127.35217090176798,True
544,Stacking,2027-06-24 00:45:00,107.0,121.38715974622934,True
544,Stacking,2027-06-24 00:50:00,105.0,114.03910831815712,True
544,Stacking,2027-06-24 00:55:00,103.0,111.2923440621714,True
544,Stacking,2027-06-24 01:00:00,100.0,107.32778567679924,True
544,Stacking,2027-06-24 01:05:00,98.0,103.98375017252889,True
544,Stacking,2027-06-24 01:10:00,96.0,103.13319613127126,True
544,Stacking,2027-06-24 01:15:00,93.0,98.21335142813219,True
544,Stacking,2027-06-24 01:20:00,91.0,98.16060468598717,True
544,Stacking,2027-06-24 01:25:00,89.0,96.66577651916697,True
544,Stacking,2027-06-24 01:30:00,88.0,92.12583258319539,True
544,Stacking,2027-06-24 01:35:00,87.0,91.6900230332939,True
544,Stacking,2027-06-24 01:40:00,85.0,89.75493101710343,True
544,Stacking,2027-06-24 01:45:00,83.0,87.42694120667412,True
544,Stacking,2027-06-24 01:50:00,81.0,87.00524815807346,True
544,Stacking,2027-06-24 01:55:00,79.0,85.11136433690113,True
544,Stacking,2027-06-24 02:00:00,77.0,85.783029319417,True
544,Stacking,2027-06-24 02:05:00,76.0,83.92304534280152,True
544,Stacking,2027-06-24 02:10:00,75.0,82.07494064714766,True
544,Stacking,2027-06-24 02:15:00,74.0,81.2286606893354,True
544,Stacking,2027-06-24 02:20:00,75.0,78.40546443391104,True
544,Stacking,2027-06-24 02:25:00,75.0,77.51477458395873,True
544,Stacking,2027-06-24 02:30:00,75.0,75.13076585318052,True
544,Stacking,2027-06-24 02:35:00,77.0,75.32231002841687,True
544,Stacking,2027-06-24 02:40:00,81.0,75.13405764495145,True
544,Stacking,2027-06-24 02:45:00,79.0,74.6097854804445,True
544,Stacking,2027-06-24 02:50:00,76.0,80.21077019616757,True
544,Stacking,2027-06-24 02:55:00,75.0,78.30524709625917,True
544,Stacking,2027-06-24 03:00:00,73.0,78.76820533582826,True
544,Stacking,2027-06-24 03:05:00,72.0,86.38764298525909,True
544,Stacking,2027-06-24 03:10:00,72.0,97.0147056256673,True
544,Stacking,2027-06-24 03:15:00,73.0,81.49767305897976,True
544,Stacking,2027-06-24 03:20:00,73.0,78.03442843452598,True
544,Stacking,2027-06-24 03:25:00,73.0,77.79316296563904,True
544,Stacking,2027-06-24 03:30:00,75.0,75.50271092336587,True
544,Stacking,2027-06-24 03:35:00,74.0,74.81989710306823,True
544,Stacking,2027-06-24 03:40:00,74.0,77.32005468990374,True
544,Stacking,2027-06-24 03:45:00,74.0,79.91392583671268,True
544,Stacking,2027-06-24 03:50:00,72.0,79.38643846061673,True
544,Stacking,2027-06-24 03:55:00,70.0,79.22267109306797,True
544,Stacking,2027-06-24 04:00:00,69.0,87.48275462967143,True
544,Stacking,2027-06-24 04:05:00,67.0,77.2807258048722,True
544,Stacking,2027-06-24 04:10:00,70.0,80.6300273593439,True
544,Stacking,2027-06-24 04:15:00,71.0,78.95099771668258,True
544,Stacking,2027-06-24 04:20:00,71.0,75.31093257700512,True
544,Stacking,2027-06-24 04:25:00,71.0,72.19482375458006,True
544,Stacking,2027-06-24 04:30:00,70.0,72.51844917311577,True
544,Stacking,2027-06-24 04:35:00,70.0,70.1696658151761,True
544,Stacking,2027-06-24 04:40:00,72.0,86.08379411220946,True
544,Stacking,2027-06-24 04:45:00,71.0,78.41559989873227,True
544,Stacking,2027-06-24 04:50:00,71.0,78.56501531362251,True
544,Stacking,2027-06-24 04:55:00,71.0,77.80477243109563,True
544,Stacking,2027-06-24 05:00:00,71.0,73.93681649148994,True
544,Stacking,2027-06-24 05:05:00,71.0,75.42234140513685,True
544,Stacking,2027-06-24 05:10:00,73.0,86.06992000484988,True
544,Stacking,2027-06-24 05:15:00,73.0,75.71402278884862,True
544,Stacking,2027-06-24 05:20:00,72.0,78.34571067940185,True
544,Stacking,2027-06-24 05:25:00,69.0,77.25927181571404,True
544,Stacking,2027-06-24 05:30:00,69.0,77.33250806433134,True
544,Stacking,2027-06-24 05:35:00,73.0,77.74580016406105,True
544,Stacking,2027-06-24 05:40:00,76.0,88.36682552964598,True
544,Stacking,2027-06-24 05:45:00,74.0,80.5257124774419,True
544,Stacking,2027-06-24 05:50:00,72.0,79.03457678583288,True
544,Stacking,2027-06-24 05:55:00,71.0,74.38386422834576,True
544,Stacking,2027-06-24 06:00:00,73.0,77.84239476315398,True
544,Stacking,2027-06-24 06:05:00,72.0,93.69280520670891,True
544,Stacking,2027-06-24 06:10:00,71.0,90.46743451433062,True
544,Stacking,2027-06-24 06:15:00,69.0,80.17646610076265,True
544,Stacking,2027-06-24 06:20:00,67.0,79.24921960759234,True
544,Stacking,2027-06-24 06:25:00,66.0,77.30406713079438,True
544,Stacking,2027-06-24 06:30:00,65.0,89.0309119623358,True
544,Stacking,2027-06-24 06:35:00,65.0,78.34562707975489,True
544,Stacking,2027-06-24 06:40:00,66.0,78.2284785305892,True
544,Stacking,2027-06-24 06:45:00,64.0,74.86881271107835,True
544,Stacking,2027-06-24 06:50:00,65.0,73.11611762746878,True
544,Stacking,2027-06-24 06:55:00,64.0,73.2489254414349,True
544,Stacking,2027-06-24 07:00:00,63.0,74.0395768282677,True
544,Stacking,2027-06-24 07:05:00,62.0,75.84879529324645,True
544,Stacking,2027-06-24 07:10:00,62.0,77.64741747361337,True
544,Stacking,2027-06-24 07:15:00,63.0,74.4023659414328,True
544,Stacking,2027-06-24 07:20:00,62.0,78.85211530488861,True
544,Stacking,2027-06-24 07:25:00,63.0,74.64789463461192,True
544,Stacking,2027-06-24 07:30:00,63.0,74.60934590529251,True
544,Stacking,2027-06-24 07:35:00,63.0,72.2791200562205,True
544,Stacking,2027-06-24 07:40:00,63.0,73.48702990939377,True
544,Stacking,2027-06-24 07:45:00,67.0,77.22919513205372,True
544,Stacking,2027-06-24 07:50:00,69.0,72.8026711264908,True
544,Stacking,2027-06-24 07:55:00,71.0,78.87452579076476,True
544,Stacking,2027-06-24 08:00:00,75.0,76.98127293742944,True
544,Stacking,2027-06-24 08:05:00,83.0,77.40053788781611,True
544,Stacking,2027-06-24 08:10:00,89.0,77.03167144425508,True
544,Stacking,2027-06-24 08:15:00,99.0,93.32976933796391,True
544,Stacking,2027-06-24 08:20:00,109.0,89.9571181505025,True
544,Stacking,2027-06-24 08:25:00,112.0,92.80792263141618,True
544,Stacking,2027-06-24 08:30:00,119.0,102.11054308682202,True
544,Stacking,2027-06-24 08:35:00,127.0,117.84585273220952,True
544,Stacking,2027-06-24 08:40:00,132.0,117.59226203702065,True
544,Stacking,2027-06-24 08:45:00,134.0,141.78589188424976,True
544,Stacking,2027-06-24 08:50:00,143.0,146.32236365578393,True
544,Stacking,2027-06-24 08:55:00,155.0,126.5831643856551,True
544,Stacking,2027-06-24 09:00:00,166.0,143.53598357554372,True
544,Stacking,2027-06-24 09:05:00,170.0,155.9083930922482,True
544,Stacking,2027-06-24 09:10:00,168.0,147.81352523551874,True
544,Stacking,2027-06-24 09:15:00,165.0,145.31006923187468,True
544,Stacking,2027-06-24 09:20:00,163.0,169.48565383708018,True
544,Stacking,2027-06-24 09:25:00,164.0,185.99647643638693,True
544,Stacking,2027-06-24 09:30:00,164.0,193.7779597956104,True
544,Stacking,2027-06-24 09:35:00,164.0,181.6474291623728,True
544,Stacking,2027-06-24 09:40:00,165.0,171.30027524409797,True
544,Stacking,2027-06-24 09:45:00,165.0,163.92093818522335,True
544,Stacking,2027-06-24 09:50:00,168.0,160.62515810183382,True
544,Stacking,2027-06-24 09:55:00,170.0,166.88754567106957,True
544,Stacking,2027-06-24 10:00:00,170.0,165.46108987026196,True
544,Stacking,2027-06-24 10:05:00,171.0,165.27534186239774,True
544,Stacking,2027-06-24 10:10:00,168.0,166.69320688757983,True
544,Stacking,2027-06-24 10:15:00,167.0,166.9919339139425,True
544,Stacking,2027-06-24 10:20:00,166.0,173.9052818210583,True
544,Stacking,2027-06-24 10:25:00,166.0,172.75496430734404,True
544,Stacking,2027-06-24 10:30:00,165.0,172.66167106736478,True
544,Stacking,2027-06-24 10:35:00,163.0,173.50395387170613,True
544,Stacking,2027-06-24 10:40:00,165.0,164.40940695764712,True
544,Stacking,2027-06-24 10:45:00,166.0,166.42520494743945,True
544,Stacking,2027-06-24 10:50:00,166.0,163.62341472377602,True
544,Stacking,2027-06-24 10:55:00,166.0,167.65008875499547,True
544,Stacking,2027-06-24 11:00:00,156.0,162.93745365265983,True
544,Stacking,2027-06-24 11:05:00,154.0,158.96501761190063,True
544,Stacking,2027-06-24 11:10:00,156.0,168.1799933402261,True
544,Stacking,2027-06-24 11:15:00,155.0,165.3401778205032,True
544,Stacking,2027-06-24 11:20:00,155.0,166.57160664722693,True
544,Stacking,2027-06-24 11:25:00,152.0,166.09297303461193,True
544,Stacking,2027-06-24 11:30:00,149.0,148.3335150674975,True
544,Stacking,2027-06-24 11:35:00,146.0,150.79371574956497,True
544,Stacking,2027-06-24 11:40:00,140.0,158.76176429305974,True
544,Stacking,2027-06-24 11:45:00,138.0,150.81842781279647,True
544,Stacking,2027-06-24 11:50:00,137.0,156.64147653141896,True
544,Stacking,2027-06-24 11:55:00,131.0,147.39356471374708,True
544,Stacking,2027-06-24 12:00:00,127.0,146.11639452211736,True
544,Stacking,2027-06-24 12:05:00,125.0,143.41242737260552,True
544,Stacking,2027-06-24 12:10:00,129.0,133.01633403929583,True
544,Stacking,2027-06-24 12:15:00,133.0,135.91393097774628,True
544,Stacking,2027-06-24 12:20:00,136.0,136.45016670289715,True
544,Stacking,2027-06-24 12:25:00,138.0,119.03347302326233,True
544,Stacking,2027-06-24 12:30:00,147.0,120.47749938016038,True
544,Stacking,2027-06-24 12:35:00,148.0,120.04145804900858,True
544,Stacking,2027-06-24 12:40:00,153.0,138.72698142147468,True
544,Stacking,2027-06-24 12:45:00,166.0,159.80496745837374,True
544,Stacking,2027-06-24 12:50:00,174.0,161.30933466957285,True
544,Stacking,2027-06-24 12:55:00,183.0,157.7523494018787,True
544,Stacking,2027-06-24 13:00:00,190.0,179.99160194307498,True
544,Stacking,2027-06-24 13:05:00,194.0,164.8448036371304,True
544,Stacking,2027-06-24 13:10:00,200.0,168.4700761936411,True
544,Stacking,2027-06-24 13:15:00,216.0,185.23373586227237,True
544,Stacking,2027-06-24 13:20:00,220.0,183.72623595914516,True
544,Stacking,2027-06-24 13:25:00,221.0,199.29928327768752,True
544,Stacking,2027-06-24 13:30:00,225.0,196.88082592074784,True
544,Stacking,2027-06-24 13:35:00,236.0,194.1057539739818,True
544,Stacking,2027-06-24 13:40:00,245.0,209.14506048629772,True
544,Stacking,2027-06-24 13:45:00,241.0,232.59659067970944,True
544,Stacking,2027-06-24 13:50:00,243.0,224.4644447526023,True
544,Stacking,2027-06-24 13:55:00,245.0,217.03596035423737,True
544,Stacking,2027-06-24 14:00:00,250.0,232.90037395157793,True
544,Stacking,2027-06-24 14:05:00,257.0,251.10601454282087,True
544,Stacking,2027-06-24 14:10:00,273.0,259.6641846431777,True
544,Stacking,2027-06-24 14:15:00,281.0,225.84580125994586,True
544,Stacking,2027-06-24 14:20:00,288.0,239.64646204425463,True
544,Stacking,2027-06-24 14:25:00,292.0,237.41352373825222,True
544,Stacking,2027-06-24 14:30:00,295.0,252.20952104730898,True
544,Stacking,2027-06-24 14:35:00,297.0,263.54484482148416,True
544,Stacking,2027-06-24 14:40:00,297.0,283.69268050434016,True
544,Stacking,2027-06-24 14:45:00,295.0,286.9526811848423,True
544,Stacking,2027-06-24 14:50:00,290.0,291.04527265212164,True
544,Stacking,2027-06-24 14:55:00,287.0,288.0771655420383,True
544,Stacking,2027-06-24 15:00:00,280.0,294.76996754871584,True
544,Stacking,2027-06-24 15:05:00,265.0,292.77256658845965,True
544,Stacking,2027-06-24 15:10:00,262.0,282.14765360767774,True
544,Stacking,2027-06-24 15:15:00,256.0,278.9869475569868,True
544,Stacking,2027-06-24 15:20:00,243.0,261.2254141814807,True
544,Stacking,2027-06-24 15:25:00,232.0,266.6008701469908,True
544,Stacking,2027-06-24 15:30:00,224.0,249.40721081183617,True
544,Stacking,2027-06-24 15:35:00,215.0,229.26700977186107,True
544,Stacking,2027-06-24 15:40:00,209.0,238.10427924726915,True
544,Stacking,2027-06-24 15:45:00,204.0,225.30466153228252,True
544,Stacking,2027-06-24 15:50:00,197.0,202.5431919239537,True
544,Stacking,2027-06-24 15:55:00,191.0,192.22942979150966,True
544,Stacking,2027-06-24 16:00:00,183.0,191.8766888978288,True
544,Stacking,2027-06-24 16:05:00,175.0,176.22615015911603,True
544,Stacking,2027-06-24 16:10:00,171.0,178.22737432768207,True
544,Stacking,2027-06-24 16:15:00,165.0,177.01848695902686,True
544,Stacking,2027-06-24 16:20:00,159.0,173.20589561980768,True
544,Stacking,2027-06-24 16:25:00,150.0,169.99303017681666,True
544,Stacking,2027-06-24 16:30:00,144.0,160.06933898251137,True
544,Stacking,2027-06-24 16:35:00,142.0,151.23126902236942,True
544,Stacking,2027-06-24 16:40:00,135.0,154.86656996916497,True
544,Stacking,2027-06-24 16:45:00,132.0,144.6771026684973,True
544,Stacking,2027-06-24 16:50:00,127.0,139.07537705904838,True
544,Stacking,2027-06-24 16:55:00,123.0,121.9704436857105,True
544,Stacking,2027-06-24 17:00:00,122.0,125.24490019019,True
544,Stacking,2027-06-24 17:05:00,120.0,132.7607223964423,True
544,Stacking,2027-06-24 17:10:00,114.0,115.24979618029789,True
544,Stacking,2027-06-24 17:15:00,112.0,121.52556052512952,True
544,Stacking,2027-06-24 17:20:00,107.0,113.47453388662761,True
544,Stacking,2027-06-24 17:25:00,105.0,111.83406040002933,True
544,Stacking,2027-06-24 17:30:00,103.0,115.20203916863429,True
544,Stacking,2027-06-24 17:35:00,98.0,112.54774495369729,True
544,Stacking,2027-06-24 17:40:00,87.0,102.5323430055094,True
544,Stacking,2027-06-24 17:45:00,84.0,105.94208539456547,True
544,Stacking,2027-06-24 17:50:00,90.0,97.9905828078025,True
544,Stacking,2027-06-24 17:55:00,101.0,119.77330677788338,True
544,Stacking,2027-06-24 18:00:00,112.0,114.78683489920432,True
544,Stacking,2027-06-24 18:05:00,122.0,105.28611178071156,True
544,Stacking,2027-06-24 18:10:00,133.0,92.49734462723914,True
544,Stacking,2027-06-24 18:15:00,145.0,95.0823482364592,True
544,Stacking,2027-06-24 18:20:00,153.0,119.14218946009294,True
544,Stacking,2027-06-24 18:25:00,164.0,134.95336599903385,True
544,Stacking,2027-06-24 18:30:00,172.0,139.56168230229412,True
544,Stacking,2027-06-24 18:35:00,178.0,142.63549181913086,True
544,Stacking,2027-06-24 18:40:00,182.0,154.35320288642643,True
544,Stacking,2027-06-24 18:45:00,185.0,165.281394382252,True
544,Stacking,2027-06-24 18:50:00,188.0,159.64834607073982,True
544,Stacking,2027-06-24 18:55:00,193.0,182.08192151518432,True
544,Stacking,2027-06-24 19:00:00,197.0,176.68196291768845,True
544,Stacking,2027-06-24 19:05:00,198.0,179.61360857102463,True
544,Stacking,2027-06-24 19:10:00,193.0,178.35741354490668,True
544,Stacking,2027-06-24 19:15:00,191.0,181.99317733072238,True
544,Stacking,2027-06-24 19:20:00,189.0,188.13208429136623,True
544,Stacking,2027-06-24 19:25:00,185.0,198.3828237254118,True
544,Stacking,2027-06-24 19:30:00,181.0,200.47894270650642,True
544,Stacking,2027-06-24 19:35:00,179.0,195.10513204126295,True
544,Stacking,2027-06-24 19:40:00,175.0,175.2280019169608,True
544,Stacking,2027-06-24 19:45:00,166.0,182.44621020661816,True
544,Stacking,2027-06-24 19:50:00,158.0,176.04614351516264,True
544,Stacking,2027-06-24 19:55:00,154.0,167.7149097256842,True
544,Stacking,2027-06-24 20:00:00,149.0,164.36465957551022,True
544,Stacking,2027-06-24 20:05:00,144.0,167.06341193383435,True
544,Stacking,2027-06-24 20:10:00,142.0,159.2547083780586,True
544,Stacking,2027-06-24 20:15:00,144.0,138.56406461704583,True
544,Stacking,2027-06-24 20:20:00,147.0,131.08666831598734,True
544,Stacking,2027-06-24 20:25:00,150.0,138.2816128586234,True
544,Stacking,2027-06-24 20:30:00,154.0,131.16690270866346,True
544,Stacking,2027-06-24 20:35:00,159.0,126.78887092525412,True
544,Stacking,2027-06-24 20:40:00,162.0,131.28338236490666,True
544,Stacking,2027-06-24 20:45:00,167.0,145.3572204420765,True
544,Stacking,2027-06-24 20:50:00,170.0,151.15202571538273,True
544,Stacking,2027-06-24 20:55:00,172.0,155.47384393862748,True
544,Stacking,2027-06-24 21:00:00,172.0,162.01606392680716,True
544,Stacking,2027-06-24 21:05:00,171.0,172.3379728416322,True
544,Stacking,2027-06-24 21:10:00,170.0,167.21906147793092,True
544,Stacking,2027-06-24 21:15:00,168.0,180.17154663634034,True
544,Stacking,2027-06-24 21:20:00,166.0,176.89913451074736,True
544,Stacking,2027-06-24 21:25:00,164.0,175.98677892281435,True
544,Stacking,2027-06-24 21:30:00,164.0,171.9059689542909,True
544,Stacking,2027-06-24 21:35:00,160.0,169.0736914017338,True
544,Stacking,2027-06-24 21:40:00,156.0,167.87379307666677,True
544,Stacking,2027-06-24 21:45:00,149.0,161.81792893239424,True
544,Stacking,2027-06-24 21:50:00,142.0,158.3079220598253,True
544,Stacking,2027-06-24 21:55:00,138.0,154.99624092890974,True
544,Stacking,2027-06-24 22:00:00,139.0,162.58412476272153,True
544,Stacking,2027-06-24 22:05:00,140.0,147.41224334812776,True
544,Stacking,2027-06-24 22:10:00,137.0,144.90127066363453,True
544,Stacking,2027-06-24 22:15:00,135.0,131.20942691182225,True
544,Stacking,2027-06-24 22:20:00,131.0,123.46738075524118,True
544,Stacking,2027-06-24 22:25:00,128.0,129.14231437478188,True
544,Stacking,2027-06-24 22:30:00,125.0,140.05186063868805,True
544,Stacking,2027-06-24 22:35:00,122.0,140.53336396108827,True
544,Stacking,2027-06-24 22:40:00,123.0,133.163977750021,True
544,Stacking,2027-06-24 22:45:00,122.0,131.0751808135008,True
544,Stacking,2027-06-24 22:50:00,120.0,121.74094085326327,True
544,Stacking,2027-06-24 22:55:00,116.0,123.73578808097645,True
544,Stacking,2027-06-24 23:00:00,110.0,118.06216454300096,True
544,Stacking,2027-06-24 23:05:00,108.0,114.98818090812259,True
544,Stacking,2027-06-24 23:10:00,106.0,124.81912051743178,True
544,Stacking,2027-06-24 23:15:00,106.0,118.6574454977639,True
544,Stacking,2027-06-24 23:20:00,106.0,116.13334060005478,True
544,Stacking,2027-06-24 23:25:00,106.0,108.96833635965694,True
544,Stacking,2027-06-24 23:30:00,107.0,103.3581100249486,True
544,Stacking,2027-06-24 23:35:00,113.0,103.72306256090751,True
544,Stacking,2027-06-24 23:40:00,113.0,100.42323954410402,True
544,Stacking,2027-06-24 23:45:00,114.0,105.38099783347991,True
544,Stacking,2027-06-24 23:50:00,117.0,105.7097063195517,True
544,Stacking,2027-06-24 23:55:00,117.0,106.59146789745637,True
544,Stacking,2027-06-25 00:00:00,117.0,109.59908983995761,True
544,Stacking,2027-06-25 00:05:00,117.0,127.39209790240596,True
544,Stacking,2027-06-25 00:10:00,117.0,115.06382758272954,True
544,Stacking,2027-06-25 00:15:00,117.0,118.19832700299557,True
544,Stacking,2027-06-25 00:20:00,118.0,125.58826142586724,True
544,Stacking,2027-06-25 00:25:00,119.0,119.83323074534184,True
544,Stacking,2027-06-25 00:30:00,120.0,120.2795544853391,True
544,Stacking,2027-06-25 00:35:00,121.0,119.71477166824107,True
544,Stacking,2027-06-25 00:40:00,123.0,120.19007058720858,True
544,Stacking,2027-06-25 00:45:00,124.0,120.2096646704633,True
544,Stacking,2027-06-25 00:50:00,126.0,121.39933368372978,True
544,Stacking,2027-06-25 00:55:00,127.0,121.7117262618065,True
544,Stacking,2027-06-25 01:00:00,128.0,123.20719197867614,True
544,Stacking,2027-06-25 01:05:00,130.0,124.75866175164616,True
544,Stacking,2027-06-25 01:10:00,132.0,130.1572238699747,True
544,Stacking,2027-06-25 01:15:00,136.0,128.38373096575634,True
544,Stacking,2027-06-25 01:20:00,138.0,133.3656485826115,True
544,Stacking,2027-06-25 01:25:00,139.0,133.32315959476395,True
544,Stacking,2027-06-25 01:30:00,139.0,134.86296452345246,True
544,Stacking,2027-06-25 01:35:00,132.0,138.72827502220264,True
544,Stacking,2027-06-25 01:40:00,130.0,140.2616003058498,True
544,Stacking,2027-06-25 01:45:00,128.0,147.7110049342436,True
544,Stacking,2027-06-25 01:50:00,127.0,145.83588099774047,True
544,Stacking,2027-06-25 01:55:00,127.0,145.0592809102337,True
544,Stacking,2027-06-25 02:00:00,128.0,142.65114714543344,True
544,Stacking,2027-06-25 02:05:00,136.0,127.09606589213922,True
544,Stacking,2027-06-25 02:10:00,137.0,129.59703340429135,True
544,Stacking,2027-06-25 02:15:00,137.0,127.29193243863133,True
544,Stacking,2027-06-25 02:20:00,137.0,127.09338487791914,True
544,Stacking,2027-06-25 02:25:00,137.0,128.27882020204996,True
544,Stacking,2027-06-25 02:30:00,137.0,131.8083490119825,True
544,Stacking,2027-06-25 02:35:00,138.0,152.0287925638974,True
544,Stacking,2027-06-25 02:40:00,138.0,140.03867718143044,True
544,Stacking,2027-06-25 02:45:00,140.0,138.98745764002865,True
544,Stacking,2027-06-25 02:50:00,141.0,139.39903066398827,True
544,Stacking,2027-06-25 02:55:00,141.0,139.0475955169796,True
544,Stacking,2027-06-25 03:00:00,140.0,139.05353047555357,True
544,Stacking,2027-06-25 03:05:00,140.0,141.02798774372386,True
544,Stacking,2027-06-25 03:10:00,140.0,138.9463923064806,True
544,Stacking,2027-06-25 03:15:00,139.0,147.2323869578757,True
544,Stacking,2027-06-25 03:20:00,138.0,144.76222844264757,True
544,Stacking,2027-06-25 03:25:00,135.0,143.14291823795276,True
544,Stacking,2027-06-25 03:30:00,132.0,140.37542107415405,True
544,Stacking,2027-06-25 03:35:00,130.0,141.27607105302695,True
544,Stacking,2027-06-25 03:40:00,129.0,141.2589729951252,True
544,Stacking,2027-06-25 03:45:00,129.0,139.8259716415257,True
544,Stacking,2027-06-25 03:50:00,129.0,137.67600823408296,True
544,Stacking,2027-06-25 03:55:00,131.0,129.7788416408705,True
544,Stacking,2027-06-25 04:00:00,131.0,126.67170554608978,True
544,Stacking,2027-06-25 04:05:00,132.0,126.23668422391665,True
544,Stacking,2027-06-25 04:10:00,134.0,126.69415001569129,True
544,Stacking,2027-06-25 04:15:00,134.0,128.85109532790048,True
544,Stacking,2027-06-25 04:20:00,133.0,129.0364160741653,True
544,Stacking,2027-06-25 04:25:00,133.0,135.2961857949775,True
544,Stacking,2027-06-25 04:30:00,132.0,130.0129716568805,True
544,Stacking,2027-06-25 04:35:00,131.0,134.7953953233788,True
544,Stacking,2027-06-25 04:40:00,131.0,141.42501251771193,True
544,Stacking,2027-06-25 04:45:00,134.0,134.61778766980714,True
544,Stacking,2027-06-25 04:50:00,133.0,132.3634566996456,True
544,Stacking,2027-06-25 04:55:00,133.0,134.29039654918168,True
544,Stacking,2027-06-25 05:00:00,131.0,129.99396313221052,True
544,Stacking,2027-06-25 05:05:00,131.0,128.94348056595652,True
544,Stacking,2027-06-25 05:10:00,130.0,130.34576515479833,True
544,Stacking,2027-06-25 05:15:00,129.0,143.3030364621425,True
544,Stacking,2027-06-25 05:20:00,126.0,131.8786153641708,True
544,Stacking,2027-06-25 05:25:00,126.0,134.73032765386432,True
544,Stacking,2027-06-25 05:30:00,126.0,127.8321379258854,True
544,Stacking,2027-06-25 05:35:00,126.0,130.49930183150863,True
544,Stacking,2027-06-25 05:40:00,126.0,127.885195358799,True
544,Stacking,2027-06-25 05:45:00,126.0,128.10876340238752,True
544,Stacking,2027-06-25 05:50:00,126.0,121.15736587677945,True
544,Stacking,2027-06-25 05:55:00,126.0,126.5079015561223,True
544,Stacking,2027-06-25 07:35:00,133.0,161.38255596305044,False
544,Stacking,2027-06-25 07:40:00,134.0,161.38343407834003,False
544,Stacking,2027-06-25 07:45:00,133.0,161.384326519519,False
544,Stacking,2027-06-25 07:50:00,131.0,161.38523286183374,False
544,Stacking,2027-06-25 07:55:00,136.0,161.38615267391438,False
544,Stacking,2027-06-25 08:00:00,140.0,161.38708551798015,False
544,Stacking,2027-06-25 08:05:00,141.0,134.069794551335,True
544,Stacking,2027-06-25 08:10:00,149.0,137.7441910812816,True
544,Stacking,2027-06-25 08:15:00,151.0,131.78007406709165,True
544,Stacking,2027-06-25 08:20:00,151.0,128.15561384680615,True
544,Stacking,2027-06-25 08:25:00,145.0,146.2050735128812,True
544,Stacking,2027-06-25 08:30:00,148.0,150.73124090224178,True
544,Stacking,2027-06-25 08:35:00,151.0,145.79980580030886,True
544,Stacking,2027-06-25 08:40:00,155.0,168.4007743522056,True
544,Stacking,2027-06-25 08:45:00,155.0,156.49412306580643,True
544,Stacking,2027-06-25 08:50:00,159.0,153.7651144232482,True
544,Stacking,2027-06-25 08:55:00,163.0,141.89701756382664,True
544,Stacking,2027-06-25 09:00:00,169.0,180.59249192025726,True
544,Stacking,2027-06-25 09:05:00,181.0,172.1595403522731,True
544,Stacking,2027-06-25 09:10:00,182.0,180.25577662153754,True
544,Stacking,2027-06-25 09:15:00,189.0,169.9001174232206,True
544,Stacking,2027-06-25 09:20:00,197.0,175.03768862074566,True
544,Stacking,2027-06-25 09:25:00,199.0,173.24553572625481,True
544,Stacking,2027-06-25 09:30:00,202.0,181.4511279549217,True
544,Stacking,2027-06-25 09:35:00,205.0,199.897998493462,True
544,Stacking,2027-06-25 09:40:00,200.0,177.78374759326175,True
544,Stacking,2027-06-25 09:45:00,198.0,199.973014688292,True
544,Stacking,2027-06-25 09:50:00,197.0,208.69972311866397,True
544,Stacking,2027-06-25 09:55:00,198.0,196.63836831990258,True
544,Stacking,2027-06-25 10:00:00,205.0,207.12254503768736,True
544,Stacking,2027-06-25 10:05:00,204.0,209.19993812158532,True
544,Stacking,2027-06-25 10:10:00,197.0,182.05688653771657,True
544,Stacking,2027-06-25 10:15:00,194.0,187.8641547973414,True
544,Stacking,2027-06-25 10:20:00,189.0,189.63726858735922,True
544,Stacking,2027-06-25 10:25:00,191.0,196.27860507012502,True
544,Stacking,2027-06-25 10:30:00,190.0,213.22798241336983,True
544,Stacking,2027-06-25 10:35:00,185.0,195.9972883631294,True
544,Stacking,2027-06-25 10:40:00,184.0,177.24377062517783,True
544,Stacking,2027-06-25 10:45:00,177.0,180.88371133889143,True
544,Stacking,2027-06-25 10:50:00,172.0,167.49469396945955,True
544,Stacking,2027-06-25 10:55:00,172.0,188.5018404635182,True
544,Stacking,2027-06-25 11:00:00,168.0,177.76967497634254,True
544,Stacking,2027-06-25 11:05:00,168.0,167.67161039670958,True
544,Stacking,2027-06-25 11:10:00,168.0,176.5026522090029,True
544,Stacking,2027-06-25 11:15:00,166.0,153.8848698861926,True
544,Stacking,2027-06-25 11:20:00,165.0,152.54326835968627,True
544,Stacking,2027-06-25 11:25:00,164.0,163.8112191454082,True
544,Stacking,2027-06-25 11:30:00,162.0,151.08813103047518,True
544,Stacking,2027-06-25 11:35:00,158.0,162.36116996835784,True
544,Stacking,2027-06-25 11:40:00,160.0,161.9280668554051,True
544,Stacking,2027-06-25 11:45:00,161.0,154.12009309683359,True
544,Stacking,2027-06-25 11:50:00,160.0,156.5397957320337,True
544,Stacking,2027-06-25 11:55:00,161.0,154.3660638034927,True
544,Stacking,2027-06-25 12:00:00,158.0,149.835775876697,True
544,Stacking,2027-06-25 12:05:00,155.0,141.78003162836106,True
544,Stacking,2027-06-25 12:10:00,153.0,159.2689572451641,True
544,Stacking,2027-06-25 12:15:00,152.0,157.08438275903458,True
544,Stacking,2027-06-25 12:20:00,150.0,153.438580918228,True
544,Stacking,2027-06-25 12:25:00,147.0,160.32441073847613,True
544,Stacking,2027-06-25 12:30:00,148.0,147.73066981253635,True
544,Stacking,2027-06-25 12:35:00,146.0,145.95699035179183,True
544,Stacking,2027-06-25 12:40:00,144.0,144.71959303191534,True
544,Stacking,2027-06-25 12:45:00,139.0,143.34856020879567,True
544,Stacking,2027-06-25 12:50:00,137.0,140.72815194570094,True
544,Stacking,2027-06-25 12:55:00,136.0,137.94349598663874,True
544,Stacking,2027-06-25 13:00:00,135.0,148.04648389613706,True
544,Stacking,2027-06-25 13:05:00,132.0,138.36217746940181,True
544,Stacking,2027-06-25 13:10:00,131.0,138.0456091629999,True
544,Stacking,2027-06-25 13:15:00,132.0,129.552875435206,True
544,Stacking,2027-06-25 13:20:00,132.0,133.23181787069672,True
544,Stacking,2027-06-25 13:25:00,132.0,133.4034913760019,True
544,Stacking,2027-06-25 13:30:00,130.0,130.50676613542092,True
544,Stacking,2027-06-25 13:35:00,128.0,124.44022335598439,True
544,Stacking,2027-06-25 13:40:00,131.0,126.53350655722514,True
544,Stacking,2027-06-25 13:45:00,130.0,132.50232779885067,True
544,Stacking,2027-06-25 13:50:00,128.0,129.89886745190148,True
544,Stacking,2027-06-25 13:55:00,129.0,147.65167878074885,True
544,Stacking,2027-06-25 14:00:00,138.0,142.34721658010733,True
544,Stacking,2027-06-25 14:05:00,148.0,141.4189176587108,True
544,Stacking,2027-06-25 14:10:00,159.0,152.46990282647582,True
544,Stacking,2027-06-25 14:15:00,168.0,141.0744314547029,True
544,Stacking,2027-06-25 14:20:00,181.0,140.2829718070094,True
544,Stacking,2027-06-25 14:25:00,195.0,139.35739111668067,True
544,Stacking,2027-06-25 14:30:00,209.0,161.73442495871828,True
544,Stacking,2027-06-25 14:35:00,220.0,174.58327091581106,True
544,Stacking,2027-06-25 14:40:00,227.0,183.19410496043346,True
544,Stacking,2027-06-25 14:45:00,234.0,181.54065884980443,True
544,Stacking,2027-06-25 14:50:00,235.0,199.57335262003977,True
544,Stacking,2027-06-25 14:55:00,236.0,214.10187908447628,True
544,Stacking,2027-06-25 15:00:00,234.0,226.4611052026078,True
544,Stacking,2027-06-25 15:05:00,232.0,230.68430038567354,True
544,Stacking,2027-06-25 15:10:00,227.0,232.7889929678781,True
544,Stacking,2027-06-25 15:15:00,227.0,240.22022984050056,True
544,Stacking,2027-06-25 15:20:00,238.0,225.05677570459383,True
544,Stacking,2027-06-25 15:25:00,238.0,229.17362026361297,True
544,Stacking,2027-06-25 15:30:00,235.0,214.26142619327456,True
544,Stacking,2027-06-25 15:35:00,232.0,216.16400925395905,True
544,Stacking,2027-06-25 15:40:00,234.0,204.24931322271019,True
544,Stacking,2027-06-25 15:45:00,232.0,217.6058293156442,True
544,Stacking,2027-06-25 15:50:00,230.0,242.8666144303318,True
544,Stacking,2027-06-25 15:55:00,237.0,228.03181139731743,True
544,Stacking,2027-06-25 16:00:00,232.0,217.2896097733418,True
544,Stacking,2027-06-25 16:05:00,228.0,213.74422307093005,True
544,Stacking,2027-06-25 16:10:00,225.0,227.6315151209368,True
544,Stacking,2027-06-25 16:15:00,225.0,215.24196490149143,True
544,Stacking,2027-06-25 16:20:00,223.0,214.36673146552562,True
544,Stacking,2027-06-25 16:25:00,221.0,238.5342361501421,True
544,Stacking,2027-06-25 16:30:00,220.0,211.22491002800948,True
544,Stacking,2027-06-25 16:35:00,221.0,209.2260219695303,True
544,Stacking,2027-06-25 16:40:00,223.0,206.38192146457754,True
544,Stacking,2027-06-25 16:45:00,223.0,217.10090907131962,True
544,Stacking,2027-06-25 16:50:00,222.0,204.27172121673843,True
544,Stacking,2027-06-25 16:55:00,220.0,204.11599843896053,True
544,Stacking,2027-06-25 17:00:00,220.0,208.95150326788584,True
544,Stacking,2027-06-25 17:05:00,213.0,214.5765975987915,True
544,Stacking,2027-06-25 17:10:00,211.0,218.78219466244164,True
544,Stacking,2027-06-25 17:15:00,207.0,216.3694985269268,True
544,Stacking,2027-06-25 17:20:00,210.0,215.52271340139336,True
544,Stacking,2027-06-25 17:25:00,212.0,209.63115720154454,True
544,Stacking,2027-06-25 17:30:00,213.0,215.54164770887945,True
544,Stacking,2027-06-25 17:35:00,217.0,195.60804053026732,True
544,Stacking,2027-06-25 17:40:00,216.0,201.62660523278345,True
544,Stacking,2027-06-25 17:45:00,214.0,192.2124916605221,True
544,Stacking,2027-06-25 17:50:00,214.0,208.77840247827572,True
544,Stacking,2027-06-25 17:55:00,215.0,209.55517821866002,True
544,Stacking,2027-06-25 18:00:00,215.0,211.396660922658,True
544,Stacking,2027-06-25 18:05:00,212.0,224.90795928691992,True
544,Stacking,2027-06-25 18:10:00,208.0,213.42590139993646,True
544,Stacking,2027-06-25 18:15:00,206.0,208.43174344853358,True
544,Stacking,2027-06-25 18:20:00,203.0,212.94626277393849,True
544,Stacking,2027-06-25 18:25:00,196.0,214.75964542660395,True
544,Stacking,2027-06-25 18:30:00,191.0,212.9969511153589,True
544,Stacking,2027-06-25 18:35:00,191.0,205.91877052850026,True
544,Stacking,2027-06-25 18:40:00,194.0,198.4672220591908,True
544,Stacking,2027-06-25 18:45:00,194.0,198.20205552204797,True
544,Stacking,2027-06-25 18:50:00,192.0,193.61034021195752,True
544,Stacking,2027-06-25 18:55:00,192.0,185.5140345411447,True
544,Stacking,2027-06-25 19:00:00,197.0,182.63623147439452,True
544,Stacking,2027-06-25 19:05:00,196.0,188.78802354075208,True
544,Stacking,2027-06-25 19:10:00,197.0,196.46863258194907,True
544,Stacking,2027-06-25 19:15:00,200.0,205.2772230760002,True
544,Stacking,2027-06-25 19:20:00,205.0,195.91876574349547,True
544,Stacking,2027-06-25 19:25:00,217.0,199.12974847857518,True
544,Stacking,2027-06-25 19:30:00,229.0,210.14497574253954,True
544,Stacking,2027-06-25 19:35:00,239.0,193.4918296177481,True
544,Stacking,2027-06-25 19:40:00,248.0,196.60103890426805,True
544,Stacking,2027-06-25 19:45:00,255.0,202.60140537454672,True
544,Stacking,2027-06-25 19:50:00,260.0,211.9557840241213,True
544,Stacking,2027-06-25 19:55:00,267.0,229.66163691376252,True
544,Stacking,2027-06-25 20:00:00,277.0,244.30565597739698,True
544,Stacking,2027-06-25 20:05:00,287.0,245.80132336604518,True
544,Stacking,2027-06-25 20:10:00,296.0,260.22635011732996,True
544,Stacking,2027-06-25 20:15:00,300.0,259.42932468317815,True
544,Stacking,2027-06-25 20:20:00,307.0,261.7381364591091,True
544,Stacking,2027-06-25 20:25:00,315.0,273.58994319527665,True
544,Stacking,2027-06-25 20:30:00,320.0,288.96934410857784,True
544,Stacking,2027-06-25 20:35:00,325.0,297.0911670053681,True
544,Stacking,2027-06-25 20:40:00,332.0,306.5402220889822,True
544,Stacking,2027-06-25 20:45:00,335.0,297.8959148685973,True
544,Stacking,2027-06-25 20:50:00,327.0,307.2862087387283,True
544,Stacking,2027-06-25 20:55:00,321.0,316.4902371755197,True
544,Stacking,2027-06-25 21:00:00,319.0,312.19479642670876,True
544,Stacking,2027-06-25 21:05:00,313.0,317.1591930704326,True
544,Stacking,2027-06-25 21:10:00,308.0,318.5264984852953,True
544,Stacking,2027-06-25 21:15:00,306.0,328.7300635280519,True
544,Stacking,2027-06-25 21:20:00,300.0,297.39594312521467,True
544,Stacking,2027-06-25 21:25:00,298.0,292.81912258316845,True
544,Stacking,2027-06-25 21:30:00,297.0,297.5505973405843,True
544,Stacking,2027-06-25 21:35:00,296.0,281.37105025061635,True
544,Stacking,2027-06-25 21:40:00,297.0,278.761573984449,True
544,Stacking,2027-06-25 21:45:00,296.0,284.8729273288426,True
544,Stacking,2027-06-25 21:50:00,288.0,266.2481579787287,True
544,Stacking,2027-06-25 21:55:00,282.0,277.8160090894471,True
544,Stacking,2027-06-25 22:00:00,282.0,278.50522043783974,True
544,Stacking,2027-06-25 22:05:00,291.0,279.5750881634258,True
544,Stacking,2027-06-25 22:10:00,284.0,287.1596153223861,True
544,Stacking,2027-06-25 22:15:00,288.0,280.6394561167889,True
544,Stacking,2027-06-25 22:20:00,285.0,264.1625909451061,True
544,Stacking,2027-06-25 22:25:00,284.0,259.0122473612182,True
544,Stacking,2027-06-25 22:30:00,285.0,270.3764206709649,True
544,Stacking,2027-06-25 22:35:00,285.0,287.03136799745687,True
544,Stacking,2027-06-25 22:40:00,285.0,258.39419625514745,True
544,Stacking,2027-06-25 22:45:00,282.0,285.1447671014455,True
544,Stacking,2027-06-25 22:50:00,278.0,262.6477774941825,True
544,Stacking,2027-06-25 22:55:00,279.0,271.36670503598236,True
544,Stacking,2027-06-25 23:00:00,273.0,275.21463914614196,True
544,Stacking,2027-06-25 23:05:00,271.0,270.49019648726323,True
544,Stacking,2027-06-25 23:10:00,272.0,272.8861531952309,True
544,Stacking,2027-06-25 23:15:00,278.0,260.8282360026009,True
544,Stacking,2027-06-25 23:20:00,281.0,260.1291798102975,True
544,Stacking,2027-06-25 23:25:00,283.0,271.99220739911664,True
544,Stacking,2027-06-25 23:30:00,288.0,244.26181231658086,True
544,Stacking,2027-06-25 23:35:00,292.0,253.18958599990586,True
544,Stacking,2027-06-25 23:40:00,288.0,258.46824490699885,True
544,Stacking,2027-06-25 23:45:00,283.0,279.8959516910279,True
544,Stacking,2027-06-25 23:50:00,280.0,276.7960668718862,True
544,Stacking,2027-06-25 23:55:00,277.0,277.56162720148257,True
544,Stacking,2027-06-26 00:00:00,270.0,288.4854465222494,True
544,Stacking,2027-06-26 00:05:00,267.0,289.4138380387924,True
544,Stacking,2027-06-26 00:10:00,261.0,268.7789888408453,True
544,Stacking,2027-06-26 00:15:00,254.0,258.6886972938819,True
544,Stacking,2027-06-26 00:20:00,244.0,262.7129420557002,True
544,Stacking,2027-06-26 00:25:00,235.0,258.9376149610665,True
544,Stacking,2027-06-26 00:30:00,230.0,241.8656207642123,True
544,Stacking,2027-06-26 00:35:00,227.0,248.7037689955711,True
544,Stacking,2027-06-26 00:40:00,224.0,233.58083600204154,True
544,Stacking,2027-06-26 00:45:00,220.0,226.51560848546816,True
544,Stacking,2027-06-26 00:50:00,214.0,211.9080794106598,True
544,Stacking,2027-06-26 00:55:00,209.0,204.8465714675369,True
544,Stacking,2027-06-26 01:00:00,206.0,207.47312303162497,True
544,Stacking,2027-06-26 01:05:00,202.0,207.3793053847433,True
544,Stacking,2027-06-26 01:10:00,199.0,204.8907078833295,True
544,Stacking,2027-06-26 01:15:00,196.0,203.8295389644546,True
544,Stacking,2027-06-26 01:20:00,193.0,195.85567178221498,True
544,Stacking,2027-06-26 01:25:00,190.0,189.9106291005145,True
544,Stacking,2027-06-26 01:30:00,192.0,189.22858692149077,True
544,Stacking,2027-06-26 01:35:00,198.0,185.70964975787868,True
544,Stacking,2027-06-26 01:40:00,195.0,184.11870882074354,True
544,Stacking,2027-06-26 01:45:00,191.0,181.82019582630375,True
544,Stacking,2027-06-26 01:50:00,188.0,179.2603759333825,True
544,Stacking,2027-06-26 01:55:00,185.0,177.0701726390579,True
544,Stacking,2027-06-26 02:00:00,182.0,189.67490614744779,True
544,Stacking,2027-06-26 02:05:00,180.0,201.16593111538276,True
544,Stacking,2027-06-26 02:10:00,177.0,184.4287671126636,True
544,Stacking,2027-06-26 02:15:00,174.0,183.45512880889905,True
544,Stacking,2027-06-26 02:20:00,173.0,177.8574315173551,True
544,Stacking,2027-06-26 02:25:00,171.0,174.48820476711967,True
544,Stacking,2027-06-26 02:30:00,164.0,170.58760443850238,True
544,Stacking,2027-06-26 02:35:00,158.0,170.53284013633112,True
544,Stacking,2027-06-26 02:40:00,155.0,165.77751869090392,True
544,Stacking,2027-06-26 02:45:00,154.0,165.603687197877,True
544,Stacking,2027-06-26 02:50:00,152.0,168.0806075585219,True
544,Stacking,2027-06-26 02:55:00,151.0,164.3040275996941,True
544,Stacking,2027-06-26 03:00:00,150.0,152.5376087519523,True
544,Stacking,2027-06-26 03:05:00,146.0,147.00787114710064,True
544,Stacking,2027-06-26 03:10:00,144.0,146.9974316766239,True
544,Stacking,2027-06-26 03:15:00,146.0,147.8981791928619,True
544,Stacking,2027-06-26 03:20:00,150.0,145.58212200720317,True
544,Stacking,2027-06-26 03:25:00,147.0,146.69093417805047,True
544,Stacking,2027-06-26 03:30:00,146.0,145.8834807200345,True
544,Stacking,2027-06-26 03:35:00,144.0,141.7976500597791,True
544,Stacking,2027-06-26 03:40:00,140.0,141.3657991008171,True
544,Stacking,2027-06-26 03:45:00,134.0,149.96954259145102,True
544,Stacking,2027-06-26 03:50:00,131.0,156.95891383904151,True
544,Stacking,2027-06-26 03:55:00,129.0,144.29951130666666,True
544,Stacking,2027-06-26 04:00:00,127.0,146.1462672008153,True
544,Stacking,2027-06-26 04:05:00,126.0,141.94098619759743,True
544,Stacking,2027-06-26 04:10:00,125.0,136.0320979303846,True
544,Stacking,2027-06-26 04:15:00,123.0,124.3506881713478,True
544,Stacking,2027-06-26 04:20:00,118.0,124.65995187633115,True
544,Stacking,2027-06-26 04:25:00,116.0,125.4516999358305,True
544,Stacking,2027-06-26 04:30:00,122.0,123.99644982055216,True
544,Stacking,2027-06-26 04:35:00,124.0,122.13808174230486,True
544,Stacking,2027-06-26 04:40:00,122.0,120.93606859968652,True
544,Stacking,2027-06-26 04:45:00,114.0,118.3670209686463,True
544,Stacking,2027-06-26 04:50:00,111.0,108.18178643020856,True
544,Stacking,2027-06-26 04:55:00,114.0,112.05759323969856,True
544,Stacking,2027-06-26 05:00:00,121.0,133.84744347976272,True
544,Stacking,2027-06-26 05:05:00,122.0,127.7663309529672,True
544,Stacking,2027-06-26 05:10:00,123.0,119.11437007434972,True
544,Stacking,2027-06-26 05:15:00,123.0,110.00778708571534,True
544,Stacking,2027-06-26 05:20:00,122.0,107.51883257367467,True
544,Stacking,2027-06-26 05:25:00,120.0,121.22109118074464,True
544,Stacking,2027-06-26 05:30:00,117.0,138.07906235774962,True
544,Stacking,2027-06-26 05:35:00,115.0,124.87932783315172,True
544,Stacking,2027-06-26 05:40:00,113.0,127.6102013151478,True
544,Stacking,2027-06-26 05:45:00,114.0,126.2621135079219,True
544,Stacking,2027-06-26 05:50:00,115.0,121.58969984899525,True
544,Stacking,2027-06-26 05:55:00,110.0,117.98791375559519,True
544,Stacking,2027-06-26 06:00:00,109.0,112.67405413842239,True
544,Stacking,2027-06-26 06:05:00,111.0,113.03969637876126,True
544,Stacking,2027-06-26 06:10:00,114.0,109.40263767193338,True
544,Stacking,2027-06-26 06:15:00,115.0,115.83375338903723,True
544,Stacking,2027-06-26 06:20:00,115.0,116.99009177608534,True
544,Stacking,2027-06-26 06:25:00,117.0,108.75228998618002,True
544,Stacking,2027-06-26 06:30:00,119.0,109.042424745276,True
544,Stacking,2027-06-26 06:35:00,121.0,115.89945471547986,True
544,Stacking,2027-06-26 06:40:00,124.0,122.30180187713081,True
544,Stacking,2027-06-26 06:45:00,122.0,119.17282304511176,True
544,Stacking,2027-06-26 06:50:00,124.0,118.29093726124279,True
544,Stacking,2027-06-26 06:55:00,126.0,122.91826488944922,True
544,Stacking,2027-06-26 07:00:00,129.0,124.23015846335653,True
544,Stacking,2027-06-26 07:05:00,136.0,128.20455334901195,True
544,Stacking,2027-06-26 07:10:00,145.0,135.459011810594,True
544,Stacking,2027-06-26 07:15:00,154.0,122.06536370291002,True
544,Stacking,2027-06-26 07:20:00,160.0,132.15388390775303,True
544,Stacking,2027-06-26 07:25:00,167.0,132.78821303479594,True
544,Stacking,2027-06-26 07:30:00,172.0,141.82953187558732,True
544,Stacking,2027-06-26 07:35:00,176.0,155.39782211628824,True
544,Stacking,2027-06-26 07:40:00,142.0,171.5818451486745,True
544,Stacking,2027-06-26 07:45:00,142.0,180.28272703705727,True
544,Stacking,2027-06-26 07:50:00,147.0,176.23211455459648,True
544,Stacking,2027-06-26 07:55:00,152.0,196.62016347275292,True
544,Stacking,2027-06-26 08:00:00,158.0,191.5868125156333,True
544,Stacking,2027-06-26 08:05:00,164.0,191.96128085688494,True
544,Stacking,2027-06-26 08:10:00,166.0,150.0392658292833,True
544,Stacking,2027-06-26 08:15:00,169.0,157.26351220800453,True
544,Stacking,2027-06-26 08:20:00,177.0,161.70711978485946,True
544,Stacking,2027-06-26 08:25:00,183.0,164.96745637573014,True
544,Stacking,2027-06-26 08:30:00,187.0,172.8043415334767,True
544,Stacking,2027-06-26 08:35:00,188.0,178.30477332466947,True
544,Stacking,2027-06-26 08:40:00,189.0,168.47908817745358,True
544,Stacking,2027-06-26 08:45:00,196.0,175.80177190220638,True
544,Stacking,2027-06-26 08:50:00,197.0,193.5243471695038,True
544,Stacking,2027-06-26 08:55:00,200.0,195.99097959952172,True
544,Stacking,2027-06-26 09:00:00,194.0,192.82125879806418,True
544,Stacking,2027-06-26 09:05:00,189.0,186.8597102674081,True
544,Stacking,2027-06-26 09:10:00,191.0,187.68260747319076,True
544,Stacking,2027-06-26 09:15:00,189.0,209.60918733824295,True
544,Stacking,2027-06-26 09:20:00,186.0,197.08498100068235,True
544,Stacking,2027-06-26 09:25:00,185.0,205.50184017390853,True
544,Stacking,2027-06-26 09:30:00,178.0,175.49414037741715,True
544,Stacking,2027-06-26 09:35:00,170.0,172.95369213518373,True
544,Stacking,2027-06-26 09:40:00,168.0,191.49011580500692,True
544,Stacking,2027-06-26 09:45:00,166.0,175.7826731920447,True
544,Stacking,2027-06-26 09:50:00,164.0,173.22533880447452,True
544,Stacking,2027-06-26 09:55:00,161.0,176.9870604123803,True
544,Stacking,2027-06-26 10:00:00,160.0,156.97022824666445,True
544,Stacking,2027-06-26 10:05:00,160.0,145.26592757051952,True
544,Stacking,2027-06-26 10:10:00,160.0,156.5899247695933,True
544,Stacking,2027-06-26 10:15:00,160.0,153.26001871924825,True
544,Stacking,2027-06-26 10:20:00,160.0,151.47092948912226,True
544,Stacking,2027-06-26 10:25:00,166.0,143.83022791049248,True
544,Stacking,2027-06-26 10:30:00,165.0,150.3228844985951,True
544,Stacking,2027-06-26 10:35:00,165.0,155.36917256172273,True
544,Stacking,2027-06-26 10:40:00,162.0,156.4885572304978,True
544,Stacking,2027-06-26 10:45:00,161.0,157.67938879937958,True
544,Stacking,2027-06-26 10:50:00,161.0,159.2110403041438,True
544,Stacking,2027-06-26 10:55:00,158.0,174.50187945626118,True
544,Stacking,2027-06-26 11:00:00,156.0,158.9613504160285,True
544,Stacking,2027-06-26 11:05:00,156.0,164.2877118470341,True
544,Stacking,2027-06-26 11:10:00,159.0,150.81555642128433,True
544,Stacking,2027-06-26 11:15:00,161.0,156.09252130855592,True
544,Stacking,2027-06-26 11:20:00,163.0,158.63461737041533,True
544,Stacking,2027-06-26 11:25:00,164.0,146.95290938328165,True
544,Stacking,2027-06-26 11:30:00,159.0,147.90401251208982,True
544,Stacking,2027-06-26 11:35:00,155.0,152.64552556153382,True
544,Stacking,2027-06-26 11:40:00,148.0,161.91665421339698,True
544,Stacking,2027-06-26 11:45:00,142.0,160.74362047266357,True
544,Stacking,2027-06-26 11:50:00,141.0,164.19908479324923,True
544,Stacking,2027-06-26 11:55:00,138.0,164.86164349632818,True
544,Stacking,2027-06-26 12:00:00,136.0,150.93095059907685,True
544,Stacking,2027-06-26 12:05:00,135.0,148.29770097404023,True
544,Stacking,2027-06-26 12:10:00,134.0,133.89580305788314,True
544,Stacking,2027-06-26 12:15:00,135.0,130.28528526406012,True
544,Stacking,2027-06-26 12:20:00,141.0,137.4140773558196,True
544,Stacking,2027-06-26 12:25:00,138.0,131.7045523444268,True
544,Stacking,2027-06-26 12:30:00,139.0,132.30937470091598,True
544,Stacking,2027-06-26 12:35:00,142.0,131.0016452497181,True
544,Stacking,2027-06-26 12:40:00,143.0,130.23547494178194,True
544,Stacking,2027-06-26 12:45:00,134.0,136.48826161176427,True
544,Stacking,2027-06-26 12:50:00,132.0,153.1718735830447,True
544,Stacking,2027-06-26 12:55:00,131.0,134.62321165224415,True
544,Stacking,2027-06-26 13:00:00,135.0,162.26022268777953,True
544,Stacking,2027-06-26 13:05:00,141.0,163.68312123342005,True
544,Stacking,2027-06-26 13:10:00,140.0,163.4949920958289,True
544,Stacking,2027-06-26 13:15:00,142.0,142.35682946707496,True
544,Stacking,2027-06-26 13:20:00,145.0,141.38009846824215,True
544,Stacking,2027-06-26 13:25:00,149.0,138.01146969283272,True
544,Stacking,2027-06-26 13:30:00,151.0,150.67908091959714,True
544,Stacking,2027-06-26 13:35:00,154.0,157.66173852442813,True
544,Stacking,2027-06-26 13:40:00,159.0,138.2938143896337,True
544,Stacking,2027-06-26 13:45:00,169.0,150.53514573254057,True
544,Stacking,2027-06-26 13:50:00,175.0,152.77071155295536,True
544,Stacking,2027-06-26 13:55:00,182.0,159.07074646587182,True
544,Stacking,2027-06-26 14:00:00,188.0,152.6792048095403,True
544,Stacking,2027-06-26 14:05:00,194.0,159.70187290214602,True
544,Stacking,2027-06-26 14:10:00,197.0,172.2127284286618,True
544,Stacking,2027-06-26 14:15:00,203.0,187.61078162125796,True
544,Stacking,2027-06-26 14:20:00,205.0,186.84735104732,True
544,Stacking,2027-06-26 14:25:00,201.0,200.00037637434838,True
544,Stacking,2027-06-26 14:30:00,200.0,199.0654940960329,True
544,Stacking,2027-06-26 14:35:00,199.0,207.23766424656947,True
544,Stacking,2027-06-26 14:40:00,200.0,201.7629739676779,True
544,Stacking,2027-06-26 14:45:00,205.0,215.477175515428,True
544,Stacking,2027-06-26 14:50:00,204.0,205.03269822086463,True
544,Stacking,2027-06-26 14:55:00,203.0,187.300838664478,True
544,Stacking,2027-06-26 15:00:00,210.0,194.4243931512124,True
544,Stacking,2027-06-26 15:05:00,211.0,191.215948724302,True
544,Stacking,2027-06-26 15:10:00,212.0,199.86373285705685,True
544,Stacking,2027-06-26 15:15:00,213.0,212.1659689994989,True
544,Stacking,2027-06-26 15:20:00,214.0,196.20828593904105,True
544,Stacking,2027-06-26 15:25:00,217.0,197.78050236588217,True
544,Stacking,2027-06-26 15:30:00,220.0,219.15901288865317,True
544,Stacking,2027-06-26 15:35:00,222.0,209.4559999264087,True
544,Stacking,2027-06-26 15:40:00,223.0,213.6280588571692,True
544,Stacking,2027-06-26 15:45:00,224.0,212.91386075949822,True
544,Stacking,2027-06-26 15:50:00,222.0,213.73359511336332,True
544,Stacking,2027-06-26 15:55:00,220.0,221.59172284394958,True
544,Stacking,2027-06-26 16:00:00,216.0,224.25469746899952,True
544,Stacking,2027-06-26 16:05:00,210.0,225.62251748129074,True
544,Stacking,2027-06-26 16:10:00,206.0,226.2969446594064,True
544,Stacking,2027-06-26 16:15:00,207.0,226.25208911120956,True
544,Stacking,2027-06-26 16:20:00,211.0,215.81493855201325,True
544,Stacking,2027-06-26 16:25:00,210.0,214.20100397718272,True
544,Stacking,2027-06-26 16:30:00,208.0,206.6686818827498,True
544,Stacking,2027-06-26 16:35:00,207.0,196.82070128440193,True
544,Stacking,2027-06-26 16:40:00,207.0,192.9990867855781,True
544,Stacking,2027-06-26 16:45:00,206.0,203.83034665648802,True
544,Stacking,2027-06-26 16:50:00,205.0,216.5756581729944,True
544,Stacking,2027-06-26 16:55:00,205.0,205.6566710456148,True
544,Stacking,2027-06-26 17:00:00,205.0,200.38253254292792,True
544,Stacking,2027-06-26 17:05:00,205.0,202.8958750801332,True
544,Stacking,2027-06-26 17:10:00,204.0,205.11618517545736,True
544,Stacking,2027-06-26 17:15:00,202.0,202.565793020037,True
544,Stacking,2027-06-26 17:20:00,201.0,201.7476747025699,True
544,Stacking,2027-06-26 17:25:00,202.0,204.007955225818,True
544,Stacking,2027-06-26 17:30:00,202.0,203.98092060218352,True
544,Stacking,2027-06-26 17:35:00,199.0,204.2273659121541,True
544,Stacking,2027-06-26 17:40:00,193.0,200.02184388903999,True
544,Stacking,2027-06-26 17:45:00,192.0,197.09194269488665,True
544,Stacking,2027-06-26 17:50:00,218.0,198.97043707749447,True
544,Stacking,2027-06-26 17:55:00,213.0,203.12348674335243,True
544,Stacking,2027-06-26 18:00:00,213.0,202.50297707058357,True
544,Stacking,2027-06-26 18:05:00,214.0,199.0177286207948,True
544,Stacking,2027-06-26 18:10:00,213.0,192.74401878603368,True
544,Stacking,2027-06-26 18:15:00,215.0,193.75023989608843,True
544,Stacking,2027-06-26 18:20:00,222.0,232.26454766124584,True
544,Stacking,2027-06-26 18:25:00,229.0,205.5865216257367,True
544,Stacking,2027-06-26 18:30:00,236.0,207.13579990626764,True
544,Stacking,2027-06-26 18:35:00,237.0,207.69153294292394,True
544,Stacking,2027-06-26 18:40:00,233.0,202.0984815411706,True
544,Stacking,2027-06-26 18:45:00,237.0,210.72904052798356,True
544,Stacking,2027-06-26 18:50:00,242.0,225.94541683248505,True
544,Stacking,2027-06-26 18:55:00,248.0,236.9174949647811,True
544,Stacking,2027-06-26 19:00:00,255.0,241.3332201119978,True
544,Stacking,2027-06-26 19:05:00,267.0,230.82219713706692,True
544,Stacking,2027-06-26 19:10:00,267.0,214.21499721008075,True
544,Stacking,2027-06-26 19:15:00,264.0,238.3281278684304,True
544,Stacking,2027-06-26 19:20:00,264.0,243.70120642888244,True
544,Stacking,2027-06-26 19:25:00,263.0,253.13171273465846,True
544,Stacking,2027-06-26 19:30:00,259.0,261.79628221097676,True
544,Stacking,2027-06-26 19:35:00,252.0,278.573526380703,True
544,Stacking,2027-06-26 19:40:00,249.0,256.9796600231805,True
544,Stacking,2027-06-26 19:45:00,249.0,246.90708910729535,True
544,Stacking,2027-06-26 19:50:00,245.0,256.4495255289536,True
544,Stacking,2027-06-26 19:55:00,240.0,251.84777337970652,True
544,Stacking,2027-06-26 20:00:00,236.0,237.73997264442647,True
544,Stacking,2027-06-26 20:05:00,232.0,227.60149585470123,True
544,Stacking,2027-06-26 20:10:00,229.0,232.64437263809705,True
544,Stacking,2027-06-26 20:15:00,222.0,240.78563297471158,True
544,Stacking,2027-06-26 20:20:00,215.0,225.90401934224727,True
544,Stacking,2027-06-26 20:25:00,212.0,217.4690541323523,True
544,Stacking,2027-06-26 20:30:00,211.0,215.69840362851028,True
544,Stacking,2027-06-26 20:35:00,203.0,212.54287108819065,True
544,Stacking,2027-06-26 20:40:00,207.0,209.93385107872442,True
544,Stacking,2027-06-26 20:45:00,216.0,199.42896000875947,True
544,Stacking,2027-06-26 20:50:00,211.0,193.78915043768234,True
544,Stacking,2027-06-26 20:55:00,207.0,196.44695082256717,True
544,Stacking,2027-06-26 21:00:00,208.0,204.64108040954244,True
544,Stacking,2027-06-26 21:05:00,211.0,183.53940509133994,True
544,Stacking,2027-06-26 21:10:00,215.0,210.60279770535433,True
544,Stacking,2027-06-26 21:15:00,220.0,222.72250396441336,True
544,Stacking,2027-06-26 21:20:00,216.0,199.0839835456117,True
544,Stacking,2027-06-26 21:25:00,212.0,190.6749879769817,True
544,Stacking,2027-06-26 21:30:00,214.0,201.16178797349278,True
544,Stacking,2027-06-26 21:35:00,220.0,210.55764214406094,True
544,Stacking,2027-06-26 21:40:00,226.0,217.98507521287283,True
544,Stacking,2027-06-26 21:45:00,230.0,224.8063653823308,True
544,Stacking,2027-06-26 21:50:00,235.0,196.82156679399682,True
544,Stacking,2027-06-26 21:55:00,237.0,196.12443325466816,True
544,Stacking,2027-06-26 22:00:00,233.0,210.85211228288085,True
544,Stacking,2027-06-26 22:05:00,225.0,226.16882219472353,True
544,Stacking,2027-06-26 22:10:00,217.0,234.65419530760715,True
544,Stacking,2027-06-26 22:15:00,209.0,233.93712539403762,True
544,Stacking,2027-06-26 22:20:00,193.0,239.09022492238546,True
544,Stacking,2027-06-26 22:25:00,186.0,233.13281322051094,True
544,Stacking,2027-06-26 22:30:00,181.0,215.297101494458,True
544,Stacking,2027-06-26 22:35:00,176.0,202.1281153860981,True
544,Stacking,2027-06-26 22:40:00,172.0,189.60541985489473,True
544,Stacking,2027-06-26 22:45:00,169.0,181.6435204010408,True
544,Stacking,2027-06-26 22:50:00,170.0,154.2468173748996,True
544,Stacking,2027-06-26 22:55:00,177.0,162.32915101989485,True
544,Stacking,2027-06-26 23:00:00,171.0,160.32637756536533,True
544,Stacking,2027-06-26 23:05:00,165.0,157.082042548628,True
544,Stacking,2027-06-26 23:10:00,163.0,152.882017434934,True
544,Stacking,2027-06-26 23:15:00,160.0,154.19030306278862,True
544,Stacking,2027-06-26 23:20:00,156.0,165.98971938938777,True
544,Stacking,2027-06-26 23:25:00,155.0,185.30446309189114,True
544,Stacking,2027-06-26 23:30:00,153.0,153.3971204586972,True
544,Stacking,2027-06-26 23:35:00,154.0,148.80852196790408,True
544,Stacking,2027-06-26 23:40:00,154.0,152.7210336742409,True
544,Stacking,2027-06-26 23:45:00,155.0,145.81451758971318,True
544,Stacking,2027-06-26 23:50:00,155.0,141.8646034737082,True
544,Stacking,2027-06-26 23:55:00,156.0,145.7304738073448,True
544,Stacking,2027-06-27 00:00:00,155.0,140.8421073206395,True
544,Stacking,2027-06-27 00:05:00,154.0,151.54151287143384,True
544,Stacking,2027-06-27 00:10:00,156.0,149.3975757617487,True
544,Stacking,2027-06-27 00:15:00,160.0,155.92729381076086,True
544,Stacking,2027-06-27 00:20:00,160.0,154.99818156028059,True
544,Stacking,2027-06-27 00:25:00,161.0,157.28512261226263,True
544,Stacking,2027-06-27 00:30:00,161.0,151.37709712202334,True
544,Stacking,2027-06-27 00:35:00,161.0,148.79207376220816,True
544,Stacking,2027-06-27 00:40:00,162.0,158.37650628701695,True
544,Stacking,2027-06-27 00:45:00,162.0,168.02974801816052,True
544,Stacking,2027-06-27 00:50:00,163.0,163.17818903874561,True
544,Stacking,2027-06-27 00:55:00,164.0,165.26893298363788,True
544,Stacking,2027-06-27 01:00:00,165.0,163.92209035569095,True
544,Stacking,2027-06-27 01:05:00,165.0,164.3216603872701,True
544,Stacking,2027-06-27 01:10:00,165.0,164.6371043560009,True
544,Stacking,2027-06-27 01:15:00,165.0,164.1301408541585,True
544,Stacking,2027-06-27 01:20:00,165.0,165.55706971545388,True
544,Stacking,2027-06-27 01:25:00,162.0,166.99643941968435,True
544,Stacking,2027-06-27 01:30:00,160.0,168.97086625838338,True
544,Stacking,2027-06-27 01:35:00,156.0,168.4080831422565,True
544,Stacking,2027-06-27 01:40:00,150.0,168.67855843999055,True
544,Stacking,2027-06-27 01:45:00,148.0,168.82848083459217,True
544,Stacking,2027-06-27 01:50:00,146.0,168.64981760206746,True
544,Stacking,2027-06-27 01:55:00,146.0,158.72946332955115,True
544,Stacking,2027-06-27 02:00:00,147.0,159.86116040730505,True
544,Stacking,2027-06-27 02:05:00,145.0,151.2482553713135,True
544,Stacking,2027-06-27 02:10:00,144.0,143.31983352645858,True
544,Stacking,2027-06-27 02:15:00,142.0,145.28366017446118,True
544,Stacking,2027-06-27 02:20:00,141.0,143.18069417122769,True
544,Stacking,2027-06-27 02:25:00,139.0,146.3927546650226,True
544,Stacking,2027-06-27 02:30:00,138.0,149.24028268617502,True
544,Stacking,2027-06-27 02:35:00,137.0,142.37255245960156,True
544,Stacking,2027-06-27 02:40:00,136.0,143.82323147455347,True
544,Stacking,2027-06-27 02:45:00,136.0,139.32320867694435,True
544,Stacking,2027-06-27 02:50:00,135.0,139.10950475864698,True
544,Stacking,2027-06-27 02:55:00,132.0,136.9234174160041,True
544,Stacking,2027-06-27 03:00:00,130.0,136.50349985806133,True
544,Stacking,2027-06-27 03:05:00,128.0,135.9969975496877,True
544,Stacking,2027-06-27 03:10:00,127.0,134.58860418836093,True
544,Stacking,2027-06-27 03:15:00,126.0,136.6647899239752,True
544,Stacking,2027-06-27 03:20:00,130.0,131.57136003208836,True
544,Stacking,2027-06-27 03:25:00,130.0,126.7939732055116,True
544,Stacking,2027-06-27 03:30:00,128.0,125.84083522443666,True
544,Stacking,2027-06-27 03:35:00,126.0,124.57691632973925,True
544,Stacking,2027-06-27 03:40:00,126.0,124.9708764737616,True
544,Stacking,2027-06-27 03:45:00,125.0,122.3142461864674,True
544,Stacking,2027-06-27 03:50:00,122.0,138.15676377363022,True
544,Stacking,2027-06-27 03:55:00,117.0,128.75920183378173,True
544,Stacking,2027-06-27 04:00:00,116.0,126.52470886535184,True
544,Stacking,2027-06-27 04:05:00,115.0,123.24654858916118,True
544,Stacking,2027-06-27 04:10:00,114.0,126.88948585911712,True
544,Stacking,2027-06-27 04:15:00,114.0,122.5994107767104,True
544,Stacking,2027-06-27 04:20:00,117.0,116.87261736312188,True
544,Stacking,2027-06-27 04:25:00,119.0,107.67100251987249,True
544,Stacking,2027-06-27 04:30:00,120.0,114.20882646968705,True
544,Stacking,2027-06-27 04:35:00,116.0,112.48342421711074,True
544,Stacking,2027-06-27 04:40:00,109.0,111.07119586622106,True
544,Stacking,2027-06-27 04:45:00,107.0,113.47145880384053,True
544,Stacking,2027-06-27 04:50:00,106.0,123.68765135884227,True
544,Stacking,2027-06-27 04:55:00,105.0,122.6554438109032,True
544,Stacking,2027-06-27 05:00:00,104.0,122.57763043699623,True
544,Stacking,2027-06-27 05:05:00,104.0,113.47785691959677,True
544,Stacking,2027-06-27 05:10:00,103.0,106.7229580324115,True
544,Stacking,2027-06-27 05:15:00,103.0,103.92104976583477,True
544,Stacking,2027-06-27 05:20:00,103.0,103.5083385238524,True
544,Stacking,2027-06-27 05:25:00,109.0,101.911069744795,True
544,Stacking,2027-06-27 05:30:00,110.0,99.84776260345134,True
544,Stacking,2027-06-27 05:35:00,110.0,103.24304752704404,True
544,Stacking,2027-06-27 05:40:00,110.0,101.09983483296105,True
544,Stacking,2027-06-27 05:45:00,105.0,104.10702416720662,True
544,Stacking,2027-06-27 05:50:00,100.0,104.2527573293362,True
544,Stacking,2027-06-27 05:55:00,98.0,127.41265634752452,True
544,Stacking,2027-06-27 06:00:00,97.0,115.09776282443516,True
544,Stacking,2027-06-27 06:05:00,96.0,113.72221834341116,True
544,Stacking,2027-06-27 06:10:00,99.0,113.897612592489,True
544,Stacking,2027-06-27 06:15:00,102.0,102.40041751349139,True
544,Stacking,2027-06-27 06:20:00,104.0,95.96770602722863,True
544,Stacking,2027-06-27 06:25:00,106.0,96.27902363699741,True
544,Stacking,2027-06-27 06:30:00,107.0,95.26594217170334,True
544,Stacking,2027-06-27 06:35:00,105.0,93.38791713211786,True
544,Stacking,2027-06-27 06:40:00,107.0,109.39073192773478,True
544,Stacking,2027-06-27 06:45:00,109.0,111.71852120543122,True
544,Stacking,2027-06-27 06:50:00,108.0,112.41838065977021,True
544,Stacking,2027-06-27 06:55:00,107.0,114.6772868765063,True
544,Stacking,2027-06-27 07:00:00,106.0,112.51096604214663,True
544,Stacking,2027-06-27 07:05:00,106.0,105.74873822603844,True
544,Stacking,2027-06-27 07:10:00,104.0,115.30957115008066,True
544,Stacking,2027-06-27 07:15:00,101.0,116.54793083177483,True
544,Stacking,2027-06-27 07:20:00,101.0,108.97714164377727,True
544,Stacking,2027-06-27 07:25:00,101.0,107.01477011524047,True
544,Stacking,2027-06-27 07:30:00,101.0,104.84693857901311,True
544,Stacking,2027-06-27 07:35:00,101.0,107.830544818139,True
544,Stacking,2027-06-27 07:40:00,102.0,101.72978187544014,True
544,Stacking,2027-06-27 07:45:00,101.0,97.66440754166447,True
544,Stacking,2027-06-27 07:50:00,101.0,102.42742839250117,True
544,Stacking,2027-06-27 07:55:00,100.0,102.7283107659302,True
544,Stacking,2027-06-27 08:00:00,100.0,102.89902475010412,True
544,Stacking,2027-06-27 08:05:00,100.0,102.64016380910365,True
544,Stacking,2027-06-27 08:10:00,104.0,107.51204116070747,True
544,Stacking,2027-06-27 08:15:00,106.0,100.19216069225178,True
544,Stacking,2027-06-27 08:20:00,110.0,102.74928712934668,True
544,Stacking,2027-06-27 08:25:00,118.0,98.44064452059962,True
544,Stacking,2027-06-27 08:30:00,126.0,101.4687977689703,True
544,Stacking,2027-06-27 08:35:00,136.0,101.42218101014815,True
544,Stacking,2027-06-27 08:40:00,140.0,118.80520973248268,True
544,Stacking,2027-06-27 08:45:00,146.0,114.51173068418025,True
544,Stacking,2027-06-27 08:50:00,149.0,125.68443567651775,True
544,Stacking,2027-06-27 08:55:00,150.0,155.2026067307778,True
544,Stacking,2027-06-27 09:00:00,154.0,160.66485565729067,True
544,Stacking,2027-06-27 09:05:00,159.0,174.7538863218065,True
544,Stacking,2027-06-27 09:10:00,167.0,161.72654540135952,True
544,Stacking,2027-06-27 09:15:00,178.0,167.46953045933046,True
544,Stacking,2027-06-27 09:20:00,191.0,156.65292402841905,True
544,Stacking,2027-06-27 09:25:00,206.0,153.3061201015398,True
544,Stacking,2027-06-27 09:30:00,212.0,163.15026696090993,True
544,Stacking,2027-06-27 09:35:00,215.0,171.48796376343188,True
544,Stacking,2027-06-27 09:40:00,216.0,185.16035700818125,True
544,Stacking,2027-06-27 09:45:00,218.0,201.55537991852148,True
544,Stacking,2027-06-27 09:50:00,218.0,215.84708684434221,True
544,Stacking,2027-06-27 09:55:00,211.0,229.0529652296906,True
544,Stacking,2027-06-27 10:00:00,202.0,221.48369036311834,True
544,Stacking,2027-06-27 10:05:00,198.0,214.34089714447742,True
544,Stacking,2027-06-27 10:10:00,196.0,213.7055112696045,True
544,Stacking,2027-06-27 10:15:00,195.0,218.09203035132873,True
544,Stacking,2027-06-27 10:20:00,197.0,209.01143399198622,True
544,Stacking,2027-06-27 10:25:00,199.0,185.26814561887664,True
544,Stacking,2027-06-27 10:30:00,199.0,175.8149882560767,True
544,Stacking,2027-06-27 10:35:00,197.0,179.9731892243793,True
544,Stacking,2027-06-27 10:40:00,193.0,182.7747594463702,True
544,Stacking,2027-06-27 10:45:00,185.0,185.02895956446838,True
544,Stacking,2027-06-27 10:50:00,180.0,193.87062303969464,True
544,Stacking,2027-06-27 10:55:00,171.0,197.35387785151028,True
544,Stacking,2027-06-27 11:00:00,173.0,195.33895816980956,True
544,Stacking,2027-06-27 11:05:00,170.0,187.25590896992827,True
544,Stacking,2027-06-27 11:10:00,166.0,181.3418509587222,True
544,Stacking,2027-06-27 11:15:00,164.0,166.51036129551522,True
544,Stacking,2027-06-27 11:20:00,158.0,162.63814153736757,True
544,Stacking,2027-06-27 11:25:00,148.0,143.1060584444022,True
544,Stacking,2027-06-27 11:30:00,144.0,169.63926571582056,True
544,Stacking,2027-06-27 11:35:00,147.0,154.6639259829138,True
544,Stacking,2027-06-27 11:40:00,145.0,149.623265959197,True
544,Stacking,2027-06-27 11:45:00,141.0,152.26305516240237,True
544,Stacking,2027-06-27 11:50:00,140.0,137.43492592432622,True
544,Stacking,2027-06-27 11:55:00,139.0,123.2996676598294,True
544,Stacking,2027-06-27 12:00:00,142.0,147.9973039970773,True
544,Stacking,2027-06-27 12:05:00,147.0,163.82256959970385,True
544,Stacking,2027-06-27 12:10:00,150.0,147.35020151681118,True
544,Stacking,2027-06-27 12:15:00,153.0,141.2581733126165,True
544,Stacking,2027-06-27 12:20:00,159.0,144.03652045516031,True
544,Stacking,2027-06-27 12:25:00,165.0,142.59113140738407,True
544,Stacking,2027-06-27 12:30:00,168.0,150.6445389125259,True
544,Stacking,2027-06-27 12:35:00,175.0,156.14408590195018,True
544,Stacking,2027-06-27 12:40:00,180.0,153.22685459043552,True
544,Stacking,2027-06-27 12:45:00,186.0,156.92010284692435,True
544,Stacking,2027-06-27 12:50:00,199.0,169.82985295212893,True
544,Stacking,2027-06-27 12:55:00,208.0,174.49775749178283,True
544,Stacking,2027-06-27 13:00:00,216.0,168.1272238612195,True
544,Stacking,2027-06-27 13:05:00,220.0,191.93314401459645,True
544,Stacking,2027-06-27 13:10:00,220.0,185.51230885134012,True
544,Stacking,2027-06-27 13:15:00,214.0,196.46362704581657,True
544,Stacking,2027-06-27 13:20:00,211.0,214.6984546286597,True
544,Stacking,2027-06-27 13:25:00,214.0,217.50328639794049,True
544,Stacking,2027-06-27 13:30:00,211.0,226.52496174802158,True
544,Stacking,2027-06-27 13:35:00,204.0,225.64883247365384,True
544,Stacking,2027-06-27 13:40:00,199.0,216.01851602548615,True
544,Stacking,2027-06-27 13:45:00,195.0,192.15620633265192,True
544,Stacking,2027-06-27 13:50:00,196.0,198.2051358096654,True
544,Stacking,2027-06-27 13:55:00,199.0,213.0228020294112,True
544,Stacking,2027-06-27 14:00:00,203.0,195.2911820601492,True
544,Stacking,2027-06-27 14:05:00,209.0,179.9825438101439,True
544,Stacking,2027-06-27 14:10:00,214.0,177.39880354375234,True
544,Stacking,2027-06-27 14:15:00,221.0,177.44232594627601,True
544,Stacking,2027-06-27 14:20:00,226.0,192.60001237418183,True
544,Stacking,2027-06-27 14:25:00,229.0,197.22741969848047,True
544,Stacking,2027-06-27 14:30:00,227.0,204.4522011859604,True
544,Stacking,2027-06-27 14:35:00,220.0,215.4525049996706,True
544,Stacking,2027-06-27 14:40:00,212.0,219.7958824484058,True
544,Stacking,2027-06-27 14:45:00,208.0,230.65260133192362,True
544,Stacking,2027-06-27 14:50:00,205.0,235.24967105242817,True
544,Stacking,2027-06-27 14:55:00,201.0,235.31273095451397,True
544,Stacking,2027-06-27 15:00:00,203.0,219.95748187668883,True
544,Stacking,2027-06-27 15:05:00,206.0,206.23537915450055,True
544,Stacking,2027-06-27 15:10:00,203.0,195.13008783479262,True
544,Stacking,2027-06-27 15:15:00,195.0,193.6234208542608,True
544,Stacking,2027-06-27 15:20:00,198.0,188.34386332650365,True
544,Stacking,2027-06-27 15:25:00,200.0,184.60942372390807,True
544,Stacking,2027-06-27 15:30:00,198.0,197.89020175118523,True
544,Stacking,2027-06-27 15:35:00,198.0,203.3688128573406,True
544,Stacking,2027-06-27 15:40:00,205.0,189.62245301967977,True
544,Stacking,2027-06-27 15:45:00,210.0,181.23958933776908,True
544,Stacking,2027-06-27 15:50:00,212.0,200.73873822848108,True
544,Stacking,2027-06-27 15:55:00,211.0,199.52611701367474,True
544,Stacking,2027-06-27 16:00:00,208.0,189.52808929783535,True
544,Stacking,2027-06-27 16:05:00,205.0,197.62017192054054,True
544,Stacking,2027-06-27 16:10:00,201.0,211.9359230478841,True
544,Stacking,2027-06-27 16:15:00,196.0,217.79147768936667,True
544,Stacking,2027-06-27 16:20:00,189.0,216.21686408128056,True
544,Stacking,2027-06-27 16:25:00,188.0,212.62093018281246,True
544,Stacking,2027-06-27 16:30:00,193.0,203.2054769950622,True
544,Stacking,2027-06-27 16:35:00,193.0,198.1300165684059,True
544,Stacking,2027-06-27 16:40:00,189.0,194.192920440981,True
544,Stacking,2027-06-27 16:45:00,185.0,187.89342938593742,True
544,Stacking,2027-06-27 16:50:00,183.0,178.25490901922845,True
544,Stacking,2027-06-27 16:55:00,182.0,184.6263206522721,True
544,Stacking,2027-06-27 17:00:00,181.0,196.667453018607,True
544,Stacking,2027-06-27 17:05:00,181.0,190.927315871252,True
544,Stacking,2027-06-27 17:10:00,181.0,181.8360276717911,True
544,Stacking,2027-06-27 17:15:00,180.0,179.2644115620154,True
544,Stacking,2027-06-27 17:20:00,179.0,179.4327676990724,True
544,Stacking,2027-06-27 17:25:00,179.0,178.08773453459116,True
544,Stacking,2027-06-27 17:30:00,177.0,175.39606064492486,True
544,Stacking,2027-06-27 17:35:00,174.0,178.39915301136836,True
544,Stacking,2027-06-27 17:40:00,170.0,177.81170588296666,True
544,Stacking,2027-06-27 17:45:00,172.0,175.8785415661943,True
544,Stacking,2027-06-27 17:50:00,172.0,175.4638187418048,True
544,Stacking,2027-06-27 17:55:00,170.0,178.34006239970927,True
544,Stacking,2027-06-27 18:00:00,167.0,172.59411161085697,True
544,Stacking,2027-06-27 18:05:00,167.0,170.01448104412196,True
544,Stacking,2027-06-27 18:10:00,169.0,177.5323601400399,True
544,Stacking,2027-06-27 18:15:00,168.0,184.40734670242125,True
544,Stacking,2027-06-27 18:20:00,165.0,183.67214554179827,True
544,Stacking,2027-06-27 18:25:00,169.0,178.03935046054082,True
544,Stacking,2027-06-27 18:30:00,169.0,168.1868775378193,True
544,Stacking,2027-06-27 18:35:00,169.0,177.31488416477893,True
544,Stacking,2027-06-27 18:40:00,169.0,176.47712206276205,True
544,Stacking,2027-06-27 18:45:00,169.0,164.10528457764735,True
544,Stacking,2027-06-27 18:50:00,169.0,149.56933382954722,True
544,Stacking,2027-06-27 18:55:00,169.0,172.85796446786327,True
544,Stacking,2027-06-27 19:00:00,169.0,163.00770936712232,True
544,Stacking,2027-06-28 23:20:00,160.0,160.08617687289518,False
544,Stacking,2027-06-28 23:25:00,158.0,160.3361943701716,False
544,Stacking,2027-06-28 23:30:00,156.0,160.3935585822931,False
544,Stacking,2027-06-28 23:35:00,151.0,160.75537872239494,False
544,Stacking,2027-06-28 23:40:00,147.0,160.8534372411043,False
544,Stacking,2027-06-28 23:45:00,144.0,161.0892277070389,False
544,Stacking,2027-06-28 23:50:00,143.0,162.60669612783872,True
544,Stacking,2027-06-28 23:55:00,140.0,154.87794159482434,True
544,Stacking,2027-06-29 00:00:00,136.0,152.30404593357423,True
544,Stacking,2027-06-29 00:05:00,135.0,142.8279216090925,True
544,Stacking,2027-06-29 00:10:00,139.0,141.53848966667658,True
544,Stacking,2027-06-29 00:15:00,144.0,138.7051250011705,True
544,Stacking,2027-06-29 00:20:00,141.0,140.57366085782965,True
544,Stacking,2027-06-29 00:25:00,139.0,135.36164690305213,True
544,Stacking,2027-06-29 00:30:00,137.0,130.42877217934134,True
544,Stacking,2027-06-29 00:35:00,136.0,131.47251773997675,True
544,Stacking,2027-06-29 00:40:00,136.0,147.8233184390124,True
544,Stacking,2027-06-29 00:45:00,136.0,153.36947844319883,True
544,Stacking,2027-06-29 00:50:00,136.0,138.4541877573816,True
544,Stacking,2027-06-29 00:55:00,137.0,137.72476420035795,True
544,Stacking,2027-06-29 01:00:00,137.0,135.27817755124005,True
544,Stacking,2027-06-29 01:05:00,137.0,135.50201756540176,True
544,Stacking,2027-06-29 01:10:00,136.0,137.21514959637219,True
544,Stacking,2027-06-29 01:15:00,135.0,136.79155039996675,True
544,Stacking,2027-06-29 01:20:00,134.0,136.90162572993856,True
544,Stacking,2027-06-29 01:25:00,133.0,139.83703339713827,True
544,Stacking,2027-06-29 01:30:00,133.0,138.05250860565016,True
544,Stacking,2027-06-29 01:35:00,131.0,138.5855969179044,True
544,Stacking,2027-06-29 01:40:00,130.0,135.70727017794252,True
544,Stacking,2027-06-29 01:45:00,135.0,132.60066140590982,True
544,Stacking,2027-06-29 01:50:00,139.0,131.82653444756932,True
544,Stacking,2027-06-29 01:55:00,140.0,130.6424887787944,True
544,Stacking,2027-06-29 02:00:00,150.0,132.52989402094298,True
544,Stacking,2027-06-29 02:05:00,161.0,126.9723069421004,True
544,Stacking,2027-06-29 02:10:00,156.0,127.83540338499589,True
544,Stacking,2027-06-29 02:15:00,147.0,143.67356499098264,True
544,Stacking,2027-06-29 02:20:00,137.0,148.82100807999922,True
544,Stacking,2027-06-29 02:25:00,127.0,143.10301785432046,True
544,Stacking,2027-06-29 02:30:00,118.0,174.44735647624512,True
544,Stacking,2027-06-29 02:35:00,111.0,184.8539024348315,True
544,Stacking,2027-06-29 02:40:00,105.0,152.7956773467565,True
544,Stacking,2027-06-29 02:45:00,100.0,142.0547971208412,True
544,Stacking,2027-06-29 02:50:00,99.0,126.84065603164663,True
544,Stacking,2027-06-29 02:55:00,100.0,117.09200102701693,True
544,Stacking,2027-06-29 03:00:00,99.0,111.53753705987828,True
544,Stacking,2027-06-29 03:05:00,97.0,104.66613938552722,True
544,Stacking,2027-06-29 03:10:00,99.0,96.23767345617382,True
544,Stacking,2027-06-29 03:15:00,119.0,91.75937189057917,True
544,Stacking,2027-06-29 03:20:00,144.0,96.43344273953,True
544,Stacking,2027-06-29 03:25:00,134.0,102.2409141525443,True
544,Stacking,2027-06-29 03:30:00,132.0,96.20927061328565,True
544,Stacking,2027-06-29 03:35:00,121.0,92.86317211664417,True
544,Stacking,2027-06-29 03:40:00,118.0,105.25206779248839,True
544,Stacking,2027-06-29 03:45:00,127.0,139.37297237414867,True
544,Stacking,2027-06-29 03:50:00,127.0,175.65518826675225,True
544,Stacking,2027-06-29 03:55:00,121.0,128.32173038904102,True
544,Stacking,2027-06-29 04:00:00,113.0,132.77292467453518,True
544,Stacking,2027-06-29 04:05:00,105.0,113.96480354952003,True
544,Stacking,2027-06-29 04:10:00,100.0,114.39835669904559,True
544,Stacking,2027-06-29 04:15:00,94.0,146.17335836799938,True
544,Stacking,2027-06-29 04:20:00,87.0,128.47278034018723,True
544,Stacking,2027-06-29 04:25:00,81.0,118.07441004791487,True
544,Stacking,2027-06-29 04:30:00,77.0,107.66359581244205,True
544,Stacking,2027-06-29 04:35:00,74.0,97.12700906346474,True
544,Stacking,2027-06-29 04:40:00,73.0,95.32042188530902,True
544,Stacking,2027-06-29 04:45:00,73.0,89.32695251285736,True
544,Stacking,2027-06-29 04:50:00,73.0,81.682669418399,True
544,Stacking,2027-06-29 04:55:00,79.0,77.42846238353403,True
544,Stacking,2027-06-29 05:00:00,81.0,76.99525828640812,True
544,Stacking,2027-06-29 05:05:00,81.0,75.19304728514831,True
544,Stacking,2027-06-29 05:10:00,80.0,76.59409329643488,True
544,Stacking,2027-06-29 05:15:00,79.0,79.32420800774035,True
544,Stacking,2027-06-29 05:20:00,72.0,79.24007560321566,True
544,Stacking,2027-06-29 05:25:00,76.0,100.17752342978663,True
544,Stacking,2027-06-29 05:30:00,85.0,89.85573724913942,True
544,Stacking,2027-06-29 05:35:00,86.0,86.3323024693139,True
544,Stacking,2027-06-29 05:40:00,83.0,82.75266721816347,True
544,Stacking,2027-06-29 05:45:00,81.0,80.92146999468848,True
544,Stacking,2027-06-29 05:50:00,80.0,75.28247114223154,True
544,Stacking,2027-06-29 05:55:00,77.0,94.62084872411786,True
544,Stacking,2027-06-29 06:00:00,74.0,112.59726939408559,True
544,Stacking,2027-06-29 06:05:00,74.0,93.87228946638427,True
544,Stacking,2027-06-29 06:10:00,79.0,85.88613231038642,True
544,Stacking,2027-06-29 06:15:00,84.0,82.15550096348504,True
544,Stacking,2027-06-29 06:20:00,90.0,81.21701152951705,True
544,Stacking,2027-06-29 06:25:00,97.0,78.30038637926847,True
544,Stacking,2027-06-29 06:30:00,98.0,77.33151430479009,True
544,Stacking,2027-06-29 06:35:00,101.0,81.57518612775505,True
544,Stacking,2027-06-29 06:40:00,105.0,99.13759395473973,True
544,Stacking,2027-06-29 06:45:00,116.0,102.17179724666457,True
544,Stacking,2027-06-29 06:50:00,116.0,114.20730906670082,True
544,Stacking,2027-06-29 06:55:00,116.0,123.19067856232778,True
544,Stacking,2027-06-29 07:00:00,116.0,103.76586338297304,True
544,Stacking,2027-06-29 07:05:00,116.0,114.76046792771092,True
544,Stacking,2027-06-29 07:10:00,143.0,121.06960641865795,True
544,Stacking,2027-06-29 07:15:00,143.0,146.9646211181425,True
544,Stacking,2027-06-29 07:20:00,148.0,122.32614224352032,True
544,Stacking,2027-06-29 07:25:00,156.0,135.34431479450717,True
544,Stacking,2027-06-29 07:30:00,166.0,133.37932656086875,True
544,Stacking,2027-06-29 07:35:00,179.0,133.72473850060078,True
544,Stacking,2027-06-29 07:40:00,190.0,176.52913159677792,True
544,Stacking,2027-06-29 07:45:00,198.0,154.4913868589194,True
544,Stacking,2027-06-29 07:50:00,205.0,165.73294285547283,True
544,Stacking,2027-06-29 07:55:00,211.0,174.18957123721134,True
544,Stacking,2027-06-29 08:00:00,219.0,188.0556694564333,True
544,Stacking,2027-06-29 08:05:00,224.0,204.61459717590066,True
544,Stacking,2027-06-29 08:10:00,230.0,206.54546334950598,True
544,Stacking,2027-06-29 08:15:00,232.0,208.24862571927517,True
544,Stacking,2027-06-29 08:20:00,226.0,215.13430928305647,True
544,Stacking,2027-06-29 08:25:00,220.0,222.39903270260814,True
544,Stacking,2027-06-29 08:30:00,222.0,229.58205506160604,True
544,Stacking,2027-06-29 08:35:00,225.0,225.6624567451903,True
544,Stacking,2027-06-29 08:40:00,225.0,240.03545131934283,True
544,Stacking,2027-06-29 08:45:00,220.0,228.8459563775167,True
544,Stacking,2027-06-29 08:50:00,218.0,204.97030803762826,True
544,Stacking,2027-06-29 08:55:00,214.0,197.05632978435847,True
544,Stacking,2027-06-29 09:00:00,211.0,217.83545590228607,True
544,Stacking,2027-06-29 09:05:00,205.0,223.70817634223783,True
544,Stacking,2027-06-29 09:10:00,198.0,220.58470228754538,True
544,Stacking,2027-06-29 09:15:00,191.0,202.77640250432245,True
544,Stacking,2027-06-29 09:20:00,187.0,206.16840830196097,True
544,Stacking,2027-06-29 09:25:00,181.0,197.1309221798736,True
544,Stacking,2027-06-29 09:30:00,180.0,196.86771586930294,True
544,Stacking,2027-06-29 09:35:00,178.0,182.1557639423171,True
544,Stacking,2027-06-29 09:40:00,174.0,175.34466458963846,True
544,Stacking,2027-06-29 09:45:00,170.0,169.90955951879113,True
544,Stacking,2027-06-29 09:50:00,167.0,169.83912036082597,True
544,Stacking,2027-06-29 09:55:00,168.0,158.8351767596988,True
544,Stacking,2027-06-29 10:00:00,168.0,168.23076146996848,True
544,Stacking,2027-06-29 10:05:00,164.0,163.42194379383568,True
544,Stacking,2027-06-29 10:10:00,158.0,158.7193312452053,True
544,Stacking,2027-06-29 10:15:00,151.0,155.54674488960197,True
544,Stacking,2027-06-29 10:20:00,147.0,153.17332798263726,True
544,Stacking,2027-06-29 10:25:00,145.0,163.42930779954614,True
544,Stacking,2027-06-29 10:30:00,146.0,162.10356644123155,True
544,Stacking,2027-06-29 10:35:00,147.0,151.0671541890045,True
544,Stacking,2027-06-29 10:40:00,144.0,144.19149166192554,True
544,Stacking,2027-06-29 10:45:00,143.0,132.44529379756543,True
544,Stacking,2027-06-29 10:50:00,145.0,135.88320290964103,True
544,Stacking,2027-06-29 10:55:00,151.0,135.07157460505908,True
544,Stacking,2027-06-29 11:00:00,156.0,144.81641184708937,True
544,Stacking,2027-06-29 11:05:00,153.0,145.52104702395533,True
544,Stacking,2027-06-29 11:10:00,160.0,136.07459977803134,True
544,Stacking,2027-06-29 11:15:00,167.0,139.49553478995688,True
544,Stacking,2027-06-29 11:20:00,166.0,148.23124239432497,True
544,Stacking,2027-06-29 11:25:00,156.0,159.99633342121749,True
544,Stacking,2027-06-29 11:30:00,149.0,166.1631733816965,True
544,Stacking,2027-06-29 11:35:00,144.0,146.71904489501932,True
544,Stacking,2027-06-29 11:40:00,141.0,175.48805094340153,True
544,Stacking,2027-06-29 11:45:00,140.0,179.9059737492389,True
544,Stacking,2027-06-29 11:50:00,134.0,163.59304099768892,True
544,Stacking,2027-06-29 11:55:00,130.0,147.4623026625537,True
544,Stacking,2027-06-29 12:00:00,126.0,141.24808009002558,True
544,Stacking,2027-06-29 12:05:00,123.0,138.86353163095495,True
544,Stacking,2027-06-29 12:10:00,124.0,137.6569435396145,True
544,Stacking,2027-06-29 12:15:00,124.0,138.0365794031907,True
544,Stacking,2027-06-29 12:20:00,125.0,123.11753775613748,True
544,Stacking,2027-06-29 12:25:00,124.0,122.37387786532274,True
544,Stacking,2027-06-29 12:30:00,120.0,118.18303307391261,True
544,Stacking,2027-06-29 12:35:00,117.0,132.98094174922986,True
544,Stacking,2027-06-29 12:40:00,116.0,141.57521454228674,True
544,Stacking,2027-06-29 12:45:00,117.0,140.48706380042105,True
544,Stacking,2027-06-29 12:50:00,120.0,141.4772593298452,True
544,Stacking,2027-06-29 12:55:00,122.0,134.1810707055827,True
544,Stacking,2027-06-29 13:00:00,126.0,121.11969622101205,True
544,Stacking,2027-06-29 13:05:00,131.0,113.91319341959083,True
544,Stacking,2027-06-29 13:10:00,137.0,117.95998358965477,True
544,Stacking,2027-06-29 13:15:00,153.0,121.22410343247563,True
544,Stacking,2027-06-29 13:20:00,163.0,129.5233199533749,True
544,Stacking,2027-06-29 13:25:00,169.0,128.08045553331598,True
544,Stacking,2027-06-29 13:30:00,175.0,139.23841509640687,True
544,Stacking,2027-06-29 13:35:00,182.0,142.04537149134416,True
544,Stacking,2027-06-29 13:40:00,185.0,150.97117851271716,True
544,Stacking,2027-06-29 13:45:00,187.0,178.92108377191863,True
544,Stacking,2027-06-29 13:50:00,183.0,179.9080943241545,True
544,Stacking,2027-06-29 13:55:00,182.0,179.42676464839383,True
544,Stacking,2027-06-29 14:00:00,188.0,189.34584894002575,True
544,Stacking,2027-06-29 14:05:00,191.0,198.02842225649343,True
544,Stacking,2027-06-29 14:10:00,190.0,187.16875846028827,True
544,Stacking,2027-06-29 14:15:00,188.0,186.5600326857981,True
544,Stacking,2027-06-29 14:20:00,185.0,170.39936119139082,True
544,Stacking,2027-06-29 14:25:00,182.0,176.4935772680103,True
544,Stacking,2027-06-29 14:30:00,180.0,193.03842569511858,True
544,Stacking,2027-06-29 14:35:00,178.0,196.8609986126365,True
544,Stacking,2027-06-29 14:40:00,177.0,185.3497279567381,True
544,Stacking,2027-06-29 14:45:00,177.0,180.88993622289584,True
544,Stacking,2027-06-29 14:50:00,178.0,175.09297078457504,True
544,Stacking,2027-06-29 14:55:00,177.0,169.8525790729982,True
544,Stacking,2027-06-29 15:00:00,183.0,168.66028488211185,True
544,Stacking,2027-06-29 15:05:00,185.0,167.06037293152758,True
544,Stacking,2027-06-29 15:10:00,186.0,168.73704782925472,True
544,Stacking,2027-06-29 15:15:00,184.0,171.3432345144937,True
544,Stacking,2027-06-29 15:20:00,182.0,174.93773602576817,True
544,Stacking,2027-06-29 15:25:00,181.0,169.83364481300814,True
544,Stacking,2027-06-29 15:30:00,179.0,193.95200187577274,True
544,Stacking,2027-06-29 15:35:00,174.0,187.4999711882382,True
544,Stacking,2027-06-29 15:40:00,170.0,189.79663778396372,True
544,Stacking,2027-06-29 15:45:00,167.0,179.25883503044926,True
544,Stacking,2027-06-29 15:50:00,163.0,176.02023450119287,True
544,Stacking,2027-06-29 15:55:00,160.0,175.74303636964473,True
544,Stacking,2027-06-29 16:00:00,158.0,170.47169865877837,True
544,Stacking,2027-06-29 16:05:00,151.0,163.71324458410993,True
544,Stacking,2027-06-29 16:10:00,146.0,158.541429304721,True
544,Stacking,2027-06-29 16:15:00,140.0,156.38750606037993,True
544,Stacking,2027-06-29 16:20:00,132.0,150.21492593978448,True
544,Stacking,2027-06-29 16:25:00,130.0,149.56587233526955,True
544,Stacking,2027-06-29 16:30:00,124.0,148.77592774601624,True
544,Stacking,2027-06-29 16:35:00,118.0,133.31066752068588,True
544,Stacking,2027-06-29 16:40:00,114.0,134.7625454165316,True
544,Stacking,2027-06-29 16:45:00,108.0,125.79335010468267,True
544,Stacking,2027-06-29 16:50:00,102.0,126.02131558061055,True
544,Stacking,2027-06-29 16:55:00,98.0,134.50753248196776,True
544,Stacking,2027-06-29 17:00:00,95.0,123.6101445436529,True
544,Stacking,2027-06-29 17:05:00,93.0,113.71486514422143,True
544,Stacking,2027-06-29 17:10:00,94.0,114.54494476456516,True
544,Stacking,2027-06-29 17:15:00,94.0,104.98889243783043,True
544,Stacking,2027-06-29 17:20:00,100.0,97.25802893387107,True
544,Stacking,2027-06-29 17:25:00,105.0,93.17871403149617,True
544,Stacking,2027-06-29 17:30:00,116.0,89.70109059545568,True
544,Stacking,2027-06-29 17:35:00,128.0,91.61924297705806,True
544,Stacking,2027-06-29 17:40:00,141.0,98.78810793139823,True
544,Stacking,2027-06-29 17:45:00,150.0,96.24062459567445,True
544,Stacking,2027-06-29 17:50:00,158.0,120.46366175633057,True
544,Stacking,2027-06-29 17:55:00,163.0,117.90558060512683,True
544,Stacking,2027-06-29 18:00:00,164.0,142.2208548444895,True
544,Stacking,2027-06-29 18:05:00,174.0,160.91379350929813,True
544,Stacking,2027-06-29 18:10:00,183.0,168.34953214120986,True
544,Stacking,2027-06-29 18:15:00,187.0,169.287216051506,True
544,Stacking,2027-06-29 18:20:00,189.0,172.87332140803258,True
544,Stacking,2027-06-29 18:25:00,191.0,171.48699826350457,True
544,Stacking,2027-06-29 18:30:00,192.0,161.75036470170207,True
544,Stacking,2027-06-29 18:35:00,198.0,192.8778872307225,True
544,Stacking,2027-06-29 18:40:00,199.0,192.20879612706347,True
544,Stacking,2027-06-29 18:45:00,192.0,188.4694201008732,True
544,Stacking,2027-06-29 18:50:00,186.0,188.01647531771536,True
544,Stacking,2027-06-29 18:55:00,187.0,195.19838714459223,True
544,Stacking,2027-06-29 19:00:00,191.0,192.39851203678245,True
544,Stacking,2027-06-29 19:05:00,184.0,210.14848167803865,True
544,Stacking,2027-06-29 19:10:00,176.0,200.73004404563648,True
544,Stacking,2027-06-29 19:15:00,173.0,178.61269923594764,True
544,Stacking,2027-06-29 19:20:00,173.0,170.60079830903376,True
544,Stacking,2027-06-29 19:25:00,172.0,187.362408491866,True
544,Stacking,2027-06-29 19:30:00,172.0,196.13812893167315,True
544,Stacking,2027-06-29 19:35:00,171.0,168.52968602001602,True
544,Stacking,2027-06-29 19:40:00,169.0,159.89931053823406,True
544,Stacking,2027-06-29 19:45:00,167.0,160.97275789725722,True
544,Stacking,2027-06-29 19:50:00,168.0,169.28888063052122,True
544,Stacking,2027-06-29 19:55:00,167.0,164.6627679738806,True
544,Stacking,2027-06-29 20:00:00,169.0,168.90007110540066,True
544,Stacking,2027-06-29 20:05:00,165.0,165.4680728223073,True
544,Stacking,2027-06-29 20:10:00,159.0,161.122967631022,True
544,Stacking,2027-06-29 20:15:00,156.0,158.11356355376668,True
544,Stacking,2027-06-29 20:20:00,152.0,167.33830477223674,True
544,Stacking,2027-06-29 20:25:00,148.0,161.70276617737278,True
544,Stacking,2027-06-29 20:30:00,147.0,170.91907345141652,True
544,Stacking,2027-06-29 20:35:00,145.0,155.56775252295634,True
544,Stacking,2027-06-29 20:40:00,141.0,148.47885946273533,True
544,Stacking,2027-06-29 20:45:00,141.0,154.08525139215772,True
544,Stacking,2027-06-29 20:50:00,145.0,148.93317298053606,True
544,Stacking,2027-06-29 20:55:00,151.0,145.25646379849078,True
544,Stacking,2027-06-29 21:00:00,159.0,147.41581084612696,True
544,Stacking,2027-06-29 21:05:00,169.0,141.6637680075875,True
544,Stacking,2027-06-29 21:10:00,180.0,136.67802377121336,True
544,Stacking,2027-06-29 21:15:00,196.0,144.89518139635524,True
544,Stacking,2027-06-29 21:20:00,195.0,153.0539604218205,True
544,Stacking,2027-06-29 21:25:00,192.0,162.26522454447831,True
544,Stacking,2027-06-29 21:30:00,198.0,175.9213632415166,True
544,Stacking,2027-06-29 21:35:00,209.0,187.96203199268703,True
544,Stacking,2027-06-29 21:40:00,218.0,199.65152181925745,True
544,Stacking,2027-06-29 21:45:00,218.0,219.8819737680988,True
544,Stacking,2027-06-29 21:50:00,214.0,189.58950261266978,True
544,Stacking,2027-06-29 21:55:00,211.0,180.11106696768493,True
544,Stacking,2027-06-29 22:00:00,208.0,206.7555833842782,True
544,Stacking,2027-06-29 22:05:00,204.0,219.12964993113152,True
544,Stacking,2027-06-29 22:10:00,200.0,225.5247950955534,True
544,Stacking,2027-06-29 22:15:00,197.0,209.91604881817918,True
544,Stacking,2027-06-29 22:20:00,194.0,198.2789162636946,True
544,Stacking,2027-06-29 22:25:00,187.0,196.9516776701835,True
544,Stacking,2027-06-29 22:30:00,181.0,189.53998254513834,True
544,Stacking,2027-06-29 22:35:00,175.0,184.01619127710805,True
544,Stacking,2027-06-29 22:40:00,171.0,182.6124802093623,True
544,Stacking,2027-06-29 22:45:00,166.0,181.40133052851155,True
544,Stacking,2027-06-29 22:50:00,162.0,177.8977846987197,True
544,Stacking,2027-06-29 22:55:00,158.0,164.72482626672604,True
544,Stacking,2027-06-29 23:00:00,155.0,160.27033234006657,True
544,Stacking,2027-06-29 23:05:00,152.0,156.05609484865843,True
544,Stacking,2027-06-29 23:10:00,151.0,154.79569075652364,True
544,Stacking,2027-06-29 23:15:00,153.0,146.44206752525437,True
544,Stacking,2027-06-29 23:20:00,152.0,144.34786053407186,True
544,Stacking,2027-06-29 23:25:00,151.0,140.37824777347257,True
544,Stacking,2027-06-29 23:30:00,150.0,140.35267327409252,True
544,Stacking,2027-06-29 23:35:00,147.0,136.9314317606619,True
544,Stacking,2027-06-29 23:40:00,144.0,140.10737818176662,True
544,Stacking,2027-06-29 23:45:00,141.0,152.91363542551133,True
544,Stacking,2027-06-29 23:50:00,140.0,143.2560792643945,True
544,Stacking,2027-06-29 23:55:00,138.0,144.33984151682358,True
544,Stacking,2027-06-30 00:00:00,136.0,143.4671437686395,True
544,Stacking,2027-06-30 00:05:00,134.0,137.4967767992978,True
544,Stacking,2027-06-30 00:10:00,132.0,134.8955640175841,True
544,Stacking,2027-06-30 00:15:00,131.0,132.80361027228292,True
544,Stacking,2027-06-30 00:20:00,129.0,135.3458597875482,True
544,Stacking,2027-06-30 00:25:00,128.0,132.2084075730295,True
544,Stacking,2027-06-30 00:30:00,126.0,131.3574589098124,True
544,Stacking,2027-06-30 00:35:00,125.0,127.802670597229,True
544,Stacking,2027-06-30 00:40:00,123.0,125.3066319627366,True
544,Stacking,2027-06-30 00:45:00,121.0,125.37165237556614,True
544,Stacking,2027-06-30 00:50:00,116.0,123.72456854983231,True
544,Stacking,2027-06-30 00:55:00,113.0,124.23563366852733,True
544,Stacking,2027-06-30 01:00:00,112.0,120.52237801839806,True
544,Stacking,2027-06-30 01:05:00,108.0,120.51643537939346,True
544,Stacking,2027-06-30 01:10:00,103.0,117.69400148829284,True
544,Stacking,2027-06-30 01:15:00,108.0,115.90813460684655,True
544,Stacking,2027-06-30 01:20:00,111.0,106.5954826725731,True
544,Stacking,2027-06-30 01:25:00,110.0,106.42102371670374,True
544,Stacking,2027-06-30 01:30:00,109.0,107.70296540946111,True
544,Stacking,2027-06-30 01:35:00,107.0,100.91802260653796,True
544,Stacking,2027-06-30 01:40:00,104.0,94.36333208619297,True
544,Stacking,2027-06-30 01:45:00,100.0,117.29971154247762,True
544,Stacking,2027-06-30 01:50:00,99.0,116.65023103161813,True
544,Stacking,2027-06-30 01:55:00,96.0,109.41811433540684,True
544,Stacking,2027-06-30 02:00:00,93.0,108.01773550042435,True
544,Stacking,2027-06-30 02:05:00,95.0,102.25733646072408,True
544,Stacking,2027-06-30 02:10:00,98.0,98.10271578133555,True
544,Stacking,2027-06-30 02:15:00,96.0,93.79960500166162,True
544,Stacking,2027-06-30 02:20:00,95.0,96.4747062358122,True
544,Stacking,2027-06-30 02:25:00,93.0,89.70367500968833,True
544,Stacking,2027-06-30 02:30:00,91.0,88.40518715289522,True
544,Stacking,2027-06-30 02:35:00,86.0,100.2886277433502,True
544,Stacking,2027-06-30 02:40:00,85.0,106.28144338304645,True
544,Stacking,2027-06-30 02:45:00,84.0,94.36429473964964,True
544,Stacking,2027-06-30 02:50:00,83.0,94.74402160986733,True
544,Stacking,2027-06-30 02:55:00,83.0,90.33998497040677,True
544,Stacking,2027-06-30 03:00:00,87.0,88.98357253442025,True
544,Stacking,2027-06-30 03:05:00,87.0,82.71443728556571,True
544,Stacking,2027-06-30 03:10:00,84.0,85.21743036153737,True
544,Stacking,2027-06-30 03:15:00,82.0,83.75735686290095,True
544,Stacking,2027-06-30 03:20:00,82.0,82.92859226811251,True
544,Stacking,2027-06-30 03:25:00,81.0,85.6638930305445,True
544,Stacking,2027-06-30 03:30:00,80.0,99.38045285249136,True
544,Stacking,2027-06-30 03:35:00,80.0,87.9547775856025,True
544,Stacking,2027-06-30 03:40:00,80.0,84.989864140302,True
544,Stacking,2027-06-30 03:45:00,79.0,81.25161397489921,True
544,Stacking,2027-06-30 03:50:00,79.0,85.54796243635403,True
544,Stacking,2027-06-30 03:55:00,79.0,80.06076126483833,True
544,Stacking,2027-06-30 04:00:00,78.0,79.0999617034165,True
544,Stacking,2027-06-30 04:05:00,79.0,81.67308971270295,True
544,Stacking,2027-06-30 04:10:00,80.0,82.21625446719148,True
544,Stacking,2027-06-30 04:15:00,82.0,79.52080761806175,True
544,Stacking,2027-06-30 04:20:00,81.0,81.60267103106538,True
544,Stacking,2027-06-30 04:25:00,79.0,82.15670127299215,True
544,Stacking,2027-06-30 04:30:00,78.0,78.86025785378484,True
544,Stacking,2027-06-30 04:35:00,77.0,84.03388677688932,True
544,Stacking,2027-06-30 04:40:00,76.0,83.40627922547868,True
544,Stacking,2027-06-30 04:45:00,76.0,91.3727017968481,True
544,Stacking,2027-06-30 04:50:00,77.0,81.69202567007622,True
544,Stacking,2027-06-30 04:55:00,80.0,81.06255058310482,True
544,Stacking,2027-06-30 05:00:00,83.0,79.73559106103882,True
544,Stacking,2027-06-30 05:05:00,87.0,77.91271144026207,True
544,Stacking,2027-06-30 05:10:00,86.0,77.07911239266367,True
544,Stacking,2027-06-30 05:15:00,87.0,79.4679646750042,True
544,Stacking,2027-06-30 05:20:00,88.0,81.63353402962686,True
544,Stacking,2027-06-30 05:25:00,88.0,91.28978368155352,True
544,Stacking,2027-06-30 05:30:00,87.0,95.29941610477937,True
544,Stacking,2027-06-30 05:35:00,85.0,103.38664536196181,True
544,Stacking,2027-06-30 05:40:00,91.0,89.76960754167084,True
544,Stacking,2027-06-30 05:45:00,97.0,94.60404405490198,True
544,Stacking,2027-06-30 05:50:00,98.0,94.32602781322878,True
544,Stacking,2027-06-30 05:55:00,97.0,92.44456667268229,True
544,Stacking,2027-06-30 06:00:00,96.0,86.89023730796029,True
544,Stacking,2027-06-30 06:05:00,95.0,84.71092284149898,True
544,Stacking,2027-06-30 06:10:00,95.0,112.88004326906943,True
544,Stacking,2027-06-30 06:15:00,95.0,118.07942564809834,True
544,Stacking,2027-06-30 06:20:00,101.0,102.83289276003144,True
544,Stacking,2027-06-30 06:25:00,104.0,98.16218379545772,True
544,Stacking,2027-06-30 06:30:00,108.0,95.74634624170479,True
544,Stacking,2027-06-30 06:35:00,116.0,94.85250027601256,True
544,Stacking,2027-06-30 06:40:00,117.0,95.97452742790843,True
544,Stacking,2027-06-30 06:45:00,117.0,96.4709298992987,True
544,Stacking,2027-06-30 06:50:00,124.0,121.71761871221074,True
544,Stacking,2027-06-30 06:55:00,128.0,114.26884868170242,True
544,Stacking,2027-06-30 07:00:00,130.0,122.4651991926094,True
544,Stacking,2027-06-30 07:05:00,132.0,137.5836810932579,True
544,Stacking,2027-06-30 07:10:00,133.0,122.51048139852999,True
544,Stacking,2027-06-30 07:15:00,135.0,121.60400517521431,True
544,Stacking,2027-06-30 07:20:00,116.0,144.75696400224945,True
544,Stacking,2027-06-30 07:25:00,118.0,141.6672804116033,True
544,Stacking,2027-06-30 07:30:00,125.0,138.81656686809532,True
544,Stacking,2027-06-30 07:35:00,136.0,141.65071385235706,True
544,Stacking,2027-06-30 07:40:00,149.0,154.89270750045307,True
544,Stacking,2027-06-30 07:45:00,163.0,156.20989111413525,True
544,Stacking,2027-06-30 07:50:00,183.0,123.19063005058568,True
544,Stacking,2027-06-30 07:55:00,202.0,136.4027552939137,True
544,Stacking,2027-06-30 08:00:00,211.0,151.98837317178808,True
544,Stacking,2027-06-30 08:05:00,215.0,165.77146222616014,True
544,Stacking,2027-06-30 08:10:00,216.0,179.4041395392811,True
544,Stacking,2027-06-30 08:15:00,215.0,191.50805423573024,True
544,Stacking,2027-06-30 08:20:00,213.0,210.9212247110506,True
544,Stacking,2027-06-30 08:25:00,215.0,220.66346770308374,True
544,Stacking,2027-06-30 08:30:00,212.0,219.30301518566594,True
544,Stacking,2027-06-30 08:35:00,205.0,212.55268045880848,True
544,Stacking,2027-06-30 08:40:00,199.0,205.80574596510905,True
544,Stacking,2027-06-30 08:45:00,194.0,201.59031593137672,True
544,Stacking,2027-06-30 08:50:00,190.0,193.97090620031423,True
544,Stacking,2027-06-30 08:55:00,187.0,208.77478297364596,True
544,Stacking,2027-06-30 09:00:00,184.0,192.92414039313618,True
544,Stacking,2027-06-30 09:05:00,181.0,179.9156477957584,True
544,Stacking,2027-06-30 09:10:00,179.0,175.01458611858007,True
544,Stacking,2027-06-30 09:15:00,177.0,174.45552916377517,True
544,Stacking,2027-06-30 09:20:00,176.0,172.8945538393681,True
544,Stacking,2027-06-30 09:25:00,172.0,169.85322994589768,True
544,Stacking,2027-06-30 09:30:00,171.0,168.00002004182153,True
544,Stacking,2027-06-30 09:35:00,173.0,163.17309414104852,True
544,Stacking,2027-06-30 09:40:00,169.0,164.6807882563085,True
544,Stacking,2027-06-30 09:45:00,166.0,163.61355191138173,True
544,Stacking,2027-06-30 09:50:00,164.0,166.66844734583307,True
544,Stacking,2027-06-30 09:55:00,162.0,154.93430632672855,True
544,Stacking,2027-06-30 10:00:00,160.0,162.84868085950268,True
544,Stacking,2027-06-30 10:05:00,159.0,169.85198094198734,True
544,Stacking,2027-06-30 10:10:00,161.0,153.75123152206646,True
544,Stacking,2027-06-30 10:15:00,160.0,153.70910503314215,True
544,Stacking,2027-06-30 10:20:00,158.0,153.6347536058194,True
544,Stacking,2027-06-30 10:25:00,155.0,151.04953943114617,True
544,Stacking,2027-06-30 10:30:00,153.0,150.01081222543306,True
544,Stacking,2027-06-30 10:35:00,150.0,151.91839874590815,True
544,Stacking,2027-06-30 10:40:00,147.0,159.4824392200727,True
544,Stacking,2027-06-30 10:45:00,145.0,153.8314432900981,True
544,Stacking,2027-06-30 10:50:00,141.0,150.02887964405892,True
544,Stacking,2027-06-30 10:55:00,138.0,144.17970376498877,True
544,Stacking,2027-06-30 11:00:00,134.0,143.39230299235496,True
544,Stacking,2027-06-30 11:05:00,131.0,140.2109469504682,True
544,Stacking,2027-06-30 11:10:00,128.0,136.85457862858718,True
544,Stacking,2027-06-30 11:15:00,125.0,136.09986001803338,True
544,Stacking,2027-06-30 11:20:00,122.0,132.27621585149927,True
544,Stacking,2027-06-30 11:25:00,120.0,130.34795088920077,True
544,Stacking,2027-06-30 11:30:00,118.0,123.18407165926405,True
544,Stacking,2027-06-30 11:35:00,115.0,122.03081698774564,True
544,Stacking,2027-06-30 11:40:00,112.0,120.19574220070076,True
544,Stacking,2027-06-30 11:45:00,109.0,115.69603021251929,True
544,Stacking,2027-06-30 11:50:00,108.0,112.78789685504928,True
544,Stacking,2027-06-30 11:55:00,105.0,112.95279960081898,True
544,Stacking,2027-06-30 12:00:00,104.0,111.69956527268718,True
544,Stacking,2027-06-30 12:05:00,105.0,107.7652180787481,True
544,Stacking,2027-06-30 12:10:00,105.0,104.25880369550165,True
544,Stacking,2027-06-30 12:15:00,103.0,102.99772861599983,True
544,Stacking,2027-06-30 12:20:00,100.0,105.26552292825629,True
544,Stacking,2027-06-30 12:25:00,99.0,98.50167175324283,True
544,Stacking,2027-06-30 12:30:00,99.0,101.04458778354551,True
544,Stacking,2027-06-30 12:35:00,82.0,108.90772623827746,True
544,Stacking,2027-06-30 12:40:00,82.0,106.79231812072669,True
544,Stacking,2027-06-30 12:45:00,82.0,117.46338347140048,True
544,Stacking,2027-06-30 12:50:00,85.0,111.94045652099905,True
544,Stacking,2027-06-30 12:55:00,94.0,117.11996455544174,True
544,Stacking,2027-06-30 13:00:00,106.0,122.07143186696878,True
544,Stacking,2027-06-30 13:05:00,113.0,93.34282593994583,True
544,Stacking,2027-06-30 13:10:00,122.0,103.00103252758137,True
544,Stacking,2027-06-30 13:15:00,133.0,99.29635009052105,True
544,Stacking,2027-06-30 13:20:00,144.0,106.15555800967434,True
544,Stacking,2027-06-30 13:25:00,152.0,131.00931985244756,True
544,Stacking,2027-06-30 13:30:00,159.0,145.13563597259244,True
544,Stacking,2027-06-30 13:35:00,169.0,134.1452379426949,True
544,Stacking,2027-06-30 13:40:00,184.0,143.07841233885654,True
544,Stacking,2027-06-30 13:45:00,194.0,157.91083866844914,True
544,Stacking,2027-06-30 13:50:00,202.0,163.53386013165758,True
544,Stacking,2027-06-30 13:55:00,207.0,160.11379687907794,True
544,Stacking,2027-06-30 14:00:00,210.0,167.66249344068032,True
544,Stacking,2027-06-30 14:05:00,211.0,183.8803551239828,True
544,Stacking,2027-06-30 14:10:00,210.0,204.6498586879162,True
544,Stacking,2027-06-30 14:15:00,209.0,203.27798935731525,True
544,Stacking,2027-06-30 14:20:00,209.0,210.90113425148292,True
544,Stacking,2027-06-30 14:25:00,213.0,214.18812886138937,True
544,Stacking,2027-06-30 14:30:00,220.0,211.80461864965017,True
544,Stacking,2027-06-30 14:35:00,224.0,206.93392877495734,True
544,Stacking,2027-06-30 14:40:00,227.0,200.7977824443388,True
544,Stacking,2027-06-30 14:45:00,230.0,201.5007661506937,True
544,Stacking,2027-06-30 14:50:00,232.0,202.82167305042816,True
544,Stacking,2027-06-30 14:55:00,236.0,219.96523492188072,True
544,Stacking,2027-06-30 15:00:00,237.0,228.53224134304836,True
544,Stacking,2027-06-30 15:05:00,236.0,226.90497849574308,True
544,Stacking,2027-06-30 15:10:00,234.0,228.6371719738585,True
544,Stacking,2027-06-30 15:15:00,232.0,232.48594755070138,True
544,Stacking,2027-06-30 15:20:00,230.0,231.50041542523303,True
544,Stacking,2027-06-30 15:25:00,227.0,241.5480188302122,True
544,Stacking,2027-06-30 15:30:00,226.0,234.86609060063606,True
544,Stacking,2027-06-30 15:35:00,224.0,230.3035110764498,True
544,Stacking,2027-06-30 15:40:00,219.0,223.30242027445885,True
544,Stacking,2027-06-30 15:45:00,209.0,221.1217852279289,True
544,Stacking,2027-06-30 15:50:00,200.0,218.57645222321725,True
544,Stacking,2027-06-30 15:55:00,194.0,213.56099665571037,True
544,Stacking,2027-06-30 16:00:00,188.0,218.66420360378856,True
544,Stacking,2027-06-30 16:05:00,181.0,209.3883453431667,True
544,Stacking,2027-06-30 16:10:00,175.0,203.06458787143862,True
544,Stacking,2027-06-30 16:15:00,169.0,184.2004969019315,True
544,Stacking,2027-06-30 16:20:00,161.0,178.42054781565378,True
544,Stacking,2027-06-30 16:25:00,151.0,175.19356235835184,True
544,Stacking,2027-06-30 16:30:00,143.0,168.0360860568756,True
544,Stacking,2027-06-30 16:35:00,137.0,159.22721375448984,True
544,Stacking,2027-06-30 16:40:00,130.0,158.31511017885845,True
544,Stacking,2027-06-30 16:45:00,125.0,149.38008752852934,True
544,Stacking,2027-06-30 16:50:00,121.0,137.9921703379966,True
544,Stacking,2027-06-30 16:55:00,119.0,124.70998234173598,True
544,Stacking,2027-06-30 17:00:00,117.0,121.06900375335665,True
544,Stacking,2027-06-30 17:05:00,115.0,120.55949709895121,True
544,Stacking,2027-06-30 17:10:00,115.0,111.41490128957886,True
544,Stacking,2027-06-30 17:15:00,114.0,110.36119347059133,True
544,Stacking,2027-06-30 17:20:00,112.0,110.10467131131873,True
544,Stacking,2027-06-30 17:25:00,111.0,110.97087792567363,True
544,Stacking,2027-06-30 17:30:00,110.0,110.2199539690589,True
544,Stacking,2027-06-30 17:35:00,109.0,109.39709326903872,True
544,Stacking,2027-06-30 17:40:00,109.0,113.09699416996375,True
544,Stacking,2027-06-30 17:45:00,108.0,111.72635645936494,True
544,Stacking,2027-06-30 17:50:00,106.0,108.92388943065981,True
544,Stacking,2027-06-30 17:55:00,103.0,108.28302760953383,True
544,Stacking,2027-06-30 18:00:00,101.0,108.20924840593828,True
544,Stacking,2027-06-30 18:05:00,99.0,107.17773844916591,True
544,Stacking,2027-06-30 18:10:00,97.0,110.6958931412383,True
544,Stacking,2027-06-30 18:15:00,95.0,105.83888448326564,True
544,Stacking,2027-06-30 18:20:00,93.0,102.4970506659967,True
544,Stacking,2027-06-30 18:25:00,90.0,97.91769789530412,True
544,Stacking,2027-06-30 18:30:00,89.0,96.7337989746363,True
544,Stacking,2027-06-30 18:35:00,88.0,95.1746996528055,True
544,Stacking,2027-06-30 18:40:00,88.0,93.50191256759318,True
544,Stacking,2027-06-30 18:45:00,89.0,91.54818527451096,True
544,Stacking,2027-06-30 18:50:00,88.0,90.4321943591248,True
544,Stacking,2027-06-30 18:55:00,88.0,87.19650811753085,True
544,Stacking,2027-06-30 19:00:00,88.0,88.84726487585026,True
544,Stacking,2027-06-30 19:05:00,93.0,87.40504109052938,True
544,Stacking,2027-06-30 19:10:00,93.0,90.28880288760521,True
544,Stacking,2027-06-30 19:15:00,94.0,93.38186361406908,True
544,Stacking,2027-06-30 19:20:00,95.0,87.95273340440875,True
544,Stacking,2027-06-30 19:25:00,98.0,90.6804978076892,True
544,Stacking,2027-06-30 19:30:00,104.0,102.21913127025225,True
544,Stacking,2027-06-30 19:35:00,109.0,118.61802044111086,True
544,Stacking,2027-06-30 19:40:00,114.0,105.00967484780382,True
544,Stacking,2027-06-30 19:45:00,117.0,106.16486904077755,True
544,Stacking,2027-06-30 19:50:00,119.0,106.8681393088206,True
544,Stacking,2027-06-30 19:55:00,125.0,114.75063978361271,True
544,Stacking,2027-06-30 20:00:00,134.0,127.3972792971239,True
544,Stacking,2027-06-30 20:05:00,142.0,123.67774219323749,True
544,Stacking,2027-06-30 20:10:00,149.0,127.61453845561167,True
544,Stacking,2027-06-30 20:15:00,155.0,124.35697428783294,True
544,Stacking,2027-06-30 20:20:00,160.0,120.04911946139784,True
544,Stacking,2027-06-30 20:25:00,164.0,140.50395367621965,True
544,Stacking,2027-06-30 20:30:00,168.0,155.55707424466408,True
544,Stacking,2027-06-30 20:35:00,171.0,159.13743117271122,True
544,Stacking,2027-06-30 20:40:00,174.0,164.9236633186818,True
544,Stacking,2027-06-30 20:45:00,179.0,167.52794372118416,True
544,Stacking,2027-06-30 20:50:00,182.0,171.203402769943,True
544,Stacking,2027-06-30 20:55:00,184.0,172.4239317072718,True
544,Stacking,2027-06-30 21:00:00,187.0,177.59768801803278,True
544,Stacking,2027-06-30 21:05:00,188.0,175.08944957290458,True
544,Stacking,2027-06-30 21:10:00,189.0,184.06769219000807,True
544,Stacking,2027-06-30 21:15:00,189.0,190.28596770034179,True
544,Stacking,2027-06-30 21:20:00,190.0,188.48283341918992,True
544,Stacking,2027-06-30 21:25:00,190.0,187.82045656117447,True
544,Stacking,2027-06-30 21:30:00,191.0,194.73220692486538,True
544,Stacking,2027-06-30 21:35:00,197.0,189.08925378397865,True
544,Stacking,2027-06-30 21:40:00,194.0,191.16895400903505,True
544,Stacking,2027-06-30 21:45:00,193.0,188.88651479296243,True
544,Stacking,2027-06-30 21:50:00,195.0,195.25062086751038,True
544,Stacking,2027-06-30 21:55:00,198.0,190.87134286183016,True
544,Stacking,2027-06-30 22:00:00,203.0,194.65722559127457,True
544,Stacking,2027-06-30 22:05:00,209.0,206.6285956302233,True
544,Stacking,2027-06-30 22:10:00,211.0,177.77996941704023,True
544,Stacking,2027-06-30 22:15:00,211.0,185.32754616617626,True
544,Stacking,2027-06-30 22:20:00,218.0,194.91111446855453,True
544,Stacking,2027-06-30 22:25:00,226.0,200.72372542558682,True
544,Stacking,2027-06-30 22:30:00,229.0,211.04216567171613,True
544,Stacking,2027-06-30 22:35:00,232.0,217.71192638798237,True
544,Stacking,2027-06-30 22:40:00,233.0,209.6407044457617,True
544,Stacking,2027-06-30 22:45:00,232.0,207.25704881808065,True
544,Stacking,2027-06-30 22:50:00,229.0,227.49232334699252,True
544,Stacking,2027-06-30 22:55:00,222.0,235.57788399952477,True
544,Stacking,2027-06-30 23:00:00,220.0,230.8602355188816,True
544,Stacking,2027-06-30 23:05:00,220.0,235.45273533451743,True
544,Stacking,2027-06-30 23:10:00,219.0,228.72143338746542,True
544,Stacking,2027-06-30 23:15:00,220.0,222.16362708881485,True
544,Stacking,2027-06-30 23:20:00,220.0,211.7294234620574,True
544,Stacking,2027-06-30 23:25:00,220.0,196.0354137502719,True
544,Stacking,2027-06-30 23:30:00,218.0,205.0538391322463,True
544,Stacking,2027-06-30 23:35:00,214.0,211.05085846466935,True
544,Stacking,2027-06-30 23:40:00,210.0,209.48464343200345,True
544,Stacking,2027-06-30 23:45:00,204.0,216.01407780695575,True
544,Stacking,2027-06-30 23:50:00,197.0,213.89037943977715,True
544,Stacking,2027-06-30 23:55:00,193.0,215.71299283515873,True
544,Stacking,2027-07-01 00:00:00,189.0,208.5689950570705,True
544,Stacking,2027-07-01 00:05:00,185.0,202.13055767112093,True
544,Stacking,2027-07-01 00:10:00,181.0,196.79238065937673,True
544,Stacking,2027-07-01 00:15:00,178.0,184.1699808984821,True
544,Stacking,2027-07-01 00:20:00,175.0,179.55234670365337,True
544,Stacking,2027-07-01 00:25:00,174.0,178.9042196147134,True
544,Stacking,2027-07-01 00:30:00,174.0,173.73088548924247,True
544,Stacking,2027-07-01 00:35:00,172.0,170.40607439904272,True
544,Stacking,2027-07-01 00:40:00,168.0,164.9650549992673,True
544,Stacking,2027-07-01 00:45:00,166.0,165.195335937556,True
544,Stacking,2027-07-01 00:50:00,164.0,163.01491936661026,True
544,Stacking,2027-07-01 00:55:00,162.0,167.59909743670116,True
544,Stacking,2027-07-01 01:00:00,160.0,170.5318737142523,True
544,Stacking,2027-07-01 01:05:00,158.0,162.08255391286852,True
544,Stacking,2027-07-01 01:10:00,157.0,156.977457396683,True
544,Stacking,2027-07-01 01:15:00,156.0,157.51961453390413,True
544,Stacking,2027-07-01 01:20:00,155.0,154.93292084394966,True
544,Stacking,2027-07-01 01:25:00,154.0,152.40114815183597,True
544,Stacking,2027-07-01 01:30:00,151.0,151.95209520663934,True
544,Stacking,2027-07-01 01:35:00,149.0,148.855754326408,True
544,Stacking,2027-07-01 01:40:00,147.0,149.39875462254318,True
544,Stacking,2027-07-01 01:45:00,145.0,148.21857179470996,True
544,Stacking,2027-07-01 01:50:00,143.0,147.89241008230232,True
544,Stacking,2027-07-01 01:55:00,141.0,146.35552483335968,True
544,Stacking,2027-07-01 02:00:00,140.0,142.73837802463362,True
544,Stacking,2027-07-01 02:05:00,139.0,142.00081195165964,True
544,Stacking,2027-07-01 02:10:00,138.0,139.80174328493553,True
544,Stacking,2027-07-01 02:15:00,137.0,138.98505148895003,True
544,Stacking,2027-07-01 02:20:00,136.0,136.88538329203388,True
544,Stacking,2027-07-01 02:25:00,135.0,136.24749552296385,True
544,Stacking,2027-07-01 02:30:00,136.0,136.649546444334,True
544,Stacking,2027-07-01 02:35:00,135.0,136.47167650784135,True
544,Stacking,2027-07-01 02:40:00,135.0,135.2049679098364,True
544,Stacking,2027-07-01 02:45:00,134.0,135.7449998095958,True
544,Stacking,2027-07-01 02:50:00,133.0,134.06197834623032,True
544,Stacking,2027-07-01 02:55:00,131.0,131.14461172610453,True
544,Stacking,2027-07-01 03:00:00,129.0,137.90430676452334,True
544,Stacking,2027-07-01 03:05:00,126.0,131.37790053727193,True
544,Stacking,2027-07-01 03:10:00,124.0,134.49674921990467,True
544,Stacking,2027-07-01 03:15:00,122.0,131.14277267982953,True
544,Stacking,2027-07-01 03:20:00,121.0,130.8751290476549,True
544,Stacking,2027-07-01 03:25:00,121.0,126.50473979767946,True
544,Stacking,2027-07-01 03:30:00,120.0,125.69922990112406,True
544,Stacking,2027-07-01 03:35:00,120.0,120.22343508906502,True
544,Stacking,2027-07-01 03:40:00,119.0,119.66944644448932,True
544,Stacking,2027-07-01 03:45:00,118.0,117.15030234471799,True
544,Stacking,2027-07-01 03:50:00,118.0,117.7159909233212,True
544,Stacking,2027-07-01 03:55:00,118.0,120.86287021903101,True
544,Stacking,2027-07-01 04:00:00,117.0,117.15632838090097,True
544,Stacking,2027-07-01 04:05:00,116.0,120.16067442139523,True
544,Stacking,2027-07-01 04:10:00,115.0,116.06073638236565,True
544,Stacking,2027-07-01 04:15:00,114.0,115.8967332034836,True
544,Stacking,2027-07-01 04:20:00,113.0,117.45840659764053,True
544,Stacking,2027-07-01 04:25:00,114.0,117.77365289337962,True
544,Stacking,2027-07-01 04:30:00,114.0,115.76514740269171,True
544,Stacking,2027-07-01 04:35:00,113.0,114.97440322472242,True
544,Stacking,2027-07-01 04:40:00,111.0,113.09077591361931,True
544,Stacking,2027-07-01 04:45:00,110.0,111.87897708266104,True
544,Stacking,2027-07-01 04:50:00,109.0,109.78234716212377,True
544,Stacking,2027-07-01 04:55:00,109.0,115.51116371891301,True
544,Stacking,2027-07-01 05:00:00,110.0,114.91440316893741,True
544,Stacking,2027-07-01 05:05:00,110.0,112.14650619515564,True
544,Stacking,2027-07-01 05:10:00,109.0,108.0587774566769,True
544,Stacking,2027-07-01 05:15:00,109.0,108.79456678053522,True
544,Stacking,2027-07-01 05:20:00,108.0,108.06331111087205,True
544,Stacking,2027-07-01 05:25:00,107.0,110.51051005035586,True
544,Stacking,2027-07-01 05:30:00,107.0,113.3636609323948,True
544,Stacking,2027-07-01 05:35:00,107.0,112.50545793778285,True
544,Stacking,2027-07-01 05:40:00,107.0,109.28393695878219,True
544,Stacking,2027-07-01 05:45:00,108.0,111.86952088355861,True
544,Stacking,2027-07-01 05:50:00,108.0,106.26892432806899,True
544,Stacking,2027-07-01 05:55:00,108.0,104.92726348611745,True
544,Stacking,2027-07-01 06:00:00,108.0,106.97660072964297,True
544,Stacking,2027-07-01 06:05:00,107.0,107.71000638622027,True
544,Stacking,2027-07-01 06:10:00,105.0,107.9113920561302,True
544,Stacking,2027-07-01 06:15:00,103.0,111.75973121801815,True
544,Stacking,2027-07-01 06:20:00,105.0,109.95299888587276,True
544,Stacking,2027-07-01 06:25:00,106.0,110.44586761405438,True
544,Stacking,2027-07-01 06:30:00,106.0,110.33776666396548,True
544,Stacking,2027-07-01 06:35:00,108.0,105.9345572984117,True
544,Stacking,2027-07-01 06:40:00,114.0,102.71094612007325,True
544,Stacking,2027-07-01 06:45:00,118.0,99.92837339429624,True
544,Stacking,2027-07-01 06:50:00,120.0,112.52515723520938,True
544,Stacking,2027-07-01 06:55:00,123.0,109.37672998918009,True
544,Stacking,2027-07-01 07:00:00,125.0,108.92107380391279,True
544,Stacking,2027-07-01 07:05:00,128.0,115.70467851960247,True
544,Stacking,2027-07-01 07:10:00,130.0,131.131650992421,True
544,Stacking,2027-07-01 07:15:00,132.0,130.35975679340993,True
544,Stacking,2027-07-01 07:20:00,137.0,127.08704684838403,True
544,Stacking,2027-07-01 07:25:00,147.0,148.69619344764743,True
544,Stacking,2027-07-01 07:30:00,158.0,143.81270207447315,True
544,Stacking,2027-07-01 07:35:00,165.0,150.06864425650483,True
544,Stacking,2027-07-01 07:40:00,173.0,147.74489191007365,True
544,Stacking,2027-07-01 07:45:00,180.0,147.41184473606893,True
544,Stacking,2027-07-01 07:50:00,185.0,154.75591737634446,True
544,Stacking,2027-07-01 07:55:00,190.0,173.95468175521708,True
544,Stacking,2027-07-01 08:00:00,193.0,183.6292694080925,True
544,Stacking,2027-07-01 08:05:00,193.0,180.2457885929537,True
544,Stacking,2027-07-01 08:10:00,192.0,193.6465143607069,True
544,Stacking,2027-07-01 08:15:00,190.0,196.02816378915983,True
544,Stacking,2027-07-01 08:20:00,190.0,192.6852921935862,True
544,Stacking,2027-07-01 08:25:00,187.0,199.47217990020005,True
544,Stacking,2027-07-01 08:30:00,185.0,198.24865066084536,True
544,Stacking,2027-07-01 08:35:00,183.0,190.13670482329775,True
544,Stacking,2027-07-01 08:40:00,180.0,185.74164329700375,True
544,Stacking,2027-07-01 08:45:00,177.0,179.40303352039388,True
544,Stacking,2027-07-01 08:50:00,173.0,186.6380515208918,True
544,Stacking,2027-07-01 08:55:00,169.0,172.42023026487388,True
544,Stacking,2027-07-01 09:00:00,167.0,174.75496573922646,True
544,Stacking,2027-07-01 09:05:00,165.0,171.9501006899563,True
544,Stacking,2027-07-01 09:10:00,164.0,164.41730110975914,True
544,Stacking,2027-07-01 09:15:00,163.0,160.5419149551007,True
544,Stacking,2027-07-01 09:20:00,163.0,155.37011251440424,True
544,Stacking,2027-07-01 09:25:00,166.0,151.5271602515591,True
544,Stacking,2027-07-01 09:30:00,162.0,154.23267867021895,True
544,Stacking,2027-07-01 09:35:00,159.0,152.18758907901253,True
544,Stacking,2027-07-01 09:40:00,155.0,154.00241232262073,True
544,Stacking,2027-07-01 09:45:00,153.0,152.20450199945031,True
544,Stacking,2027-07-01 09:50:00,152.0,158.27605850516878,True
544,Stacking,2027-07-01 09:55:00,153.0,167.60140583169397,True
544,Stacking,2027-07-01 10:00:00,150.0,147.05361922206077,True
544,Stacking,2027-07-01 10:05:00,148.0,148.6983879861516,True
544,Stacking,2027-07-01 10:10:00,146.0,142.50786167120043,True
544,Stacking,2027-07-01 10:15:00,142.0,142.50096796071793,True
544,Stacking,2027-07-01 10:20:00,139.0,141.79064553299503,True
544,Stacking,2027-07-01 10:25:00,137.0,149.9746976579305,True
544,Stacking,2027-07-01 10:30:00,134.0,140.27884543375305,True
544,Stacking,2027-07-01 10:35:00,132.0,139.96118619130777,True
544,Stacking,2027-07-01 10:40:00,130.0,138.36810971361453,True
544,Stacking,2027-07-01 10:45:00,130.0,132.94455725036931,True
544,Stacking,2027-07-01 10:50:00,128.0,131.82219951858994,True
544,Stacking,2027-07-01 10:55:00,126.0,131.95754536786947,True
544,Stacking,2027-07-01 11:00:00,124.0,125.09133624165479,True
544,Stacking,2027-07-01 11:05:00,124.0,124.52538495645,True
544,Stacking,2027-07-01 11:10:00,121.0,123.56525725494068,True
544,Stacking,2027-07-01 11:15:00,119.0,127.6333511202846,True
544,Stacking,2027-07-01 11:20:00,120.0,123.75288432909221,True
544,Stacking,2027-07-01 11:25:00,123.0,121.22574109762685,True
544,Stacking,2027-07-01 11:30:00,122.0,118.78694152636784,True
544,Stacking,2027-07-01 11:35:00,124.0,123.90672527622513,True
544,Stacking,2027-07-01 11:40:00,127.0,115.13814378603348,True
544,Stacking,2027-07-01 11:45:00,132.0,114.32262520125549,True
544,Stacking,2027-07-01 11:50:00,137.0,120.52571271686658,True
544,Stacking,2027-07-01 11:55:00,137.0,130.95380796664384,True
544,Stacking,2027-07-01 12:00:00,141.0,119.93965540979357,True
544,Stacking,2027-07-01 12:05:00,150.0,147.18330392862987,True
544,Stacking,2027-07-01 12:10:00,160.0,151.6136325293459,True
544,Stacking,2027-07-01 12:15:00,164.0,156.35725503233172,True
544,Stacking,2027-07-01 12:20:00,169.0,160.55399070798086,True
544,Stacking,2027-07-01 12:25:00,173.0,149.20338440293446,True
544,Stacking,2027-07-01 12:30:00,170.0,155.03559549634286,True
544,Stacking,2027-07-01 12:35:00,175.0,172.71516391551233,True
544,Stacking,2027-07-01 12:40:00,181.0,182.30994733701283,True
544,Stacking,2027-07-01 12:45:00,178.0,166.44466712416371,True
544,Stacking,2027-07-01 12:50:00,176.0,178.59670533752058,True
544,Stacking,2027-07-01 12:55:00,184.0,175.3175930841298,True
544,Stacking,2027-07-01 13:00:00,185.0,153.7497838748099,True
544,Stacking,2027-07-01 13:05:00,186.0,184.15473547974952,True
544,Stacking,2027-07-01 13:10:00,194.0,187.44199557782142,True
544,Stacking,2027-07-01 13:15:00,200.0,162.5173145612243,True
544,Stacking,2027-07-01 13:20:00,206.0,166.1227939821855,True
544,Stacking,2027-07-01 13:25:00,208.0,193.4025447752329,True
544,Stacking,2027-07-01 13:30:00,208.0,182.84137978109646,True
544,Stacking,2027-07-01 13:35:00,208.0,185.99469821694376,True
544,Stacking,2027-07-01 13:40:00,204.0,205.23990876426845,True
544,Stacking,2027-07-01 13:45:00,199.0,208.4917596223841,True
544,Stacking,2027-07-01 13:50:00,195.0,218.25860687417222,True
544,Stacking,2027-07-01 13:55:00,190.0,207.53259964521212,True
544,Stacking,2027-07-01 14:00:00,184.0,202.55964178932032,True
544,Stacking,2027-07-01 14:05:00,179.0,205.20133099317346,True
544,Stacking,2027-07-01 14:10:00,173.0,187.87505199076656,True
544,Stacking,2027-07-01 14:15:00,167.0,178.20481801205176,True
544,Stacking,2027-07-01 14:20:00,162.0,178.68450217012472,True
544,Stacking,2027-07-01 14:25:00,156.0,171.0026894811527,True
544,Stacking,2027-07-01 14:30:00,152.0,161.48239629653173,True
544,Stacking,2027-07-01 14:35:00,147.0,159.97256288253436,True
544,Stacking,2027-07-01 14:40:00,142.0,150.89537950606692,True
544,Stacking,2027-07-01 14:45:00,137.0,144.81599359633384,True
544,Stacking,2027-07-01 14:50:00,132.0,141.6480361491667,True
544,Stacking,2027-07-01 14:55:00,126.0,132.98946547152042,True
544,Stacking,2027-07-01 15:00:00,124.0,135.68493581093136,True
544,Stacking,2027-07-01 15:05:00,119.0,129.5063459087226,True
544,Stacking,2027-07-01 15:10:00,116.0,125.24161584274266,True
544,Stacking,2027-07-01 15:15:00,117.0,121.0645195891609,True
544,Stacking,2027-07-01 15:20:00,117.0,114.58413144273409,True
544,Stacking,2027-07-01 15:25:00,115.0,106.64225734625076,True
544,Stacking,2027-07-01 15:30:00,113.0,115.22450920417002,True
544,Stacking,2027-07-01 15:35:00,111.0,101.6824549081006,True
544,Stacking,2027-07-01 15:40:00,109.0,106.37248459174063,True
544,Stacking,2027-07-01 15:45:00,108.0,115.86167509012361,True
544,Stacking,2027-07-01 15:50:00,107.0,116.12370212565929,True
544,Stacking,2027-07-01 15:55:00,104.0,111.53316921481766,True
544,Stacking,2027-07-01 16:00:00,103.0,109.18023923965252,True
544,Stacking,2027-07-01 16:05:00,99.0,106.46920876100333,True
544,Stacking,2027-07-01 16:10:00,97.0,105.77860749718279,True
544,Stacking,2027-07-01 16:15:00,93.0,105.15934821721198,True
544,Stacking,2027-07-01 16:20:00,91.0,103.3949807287823,True
544,Stacking,2027-07-01 16:25:00,90.0,96.9872754111801,True
544,Stacking,2027-07-01 16:30:00,93.0,100.9336581303678,True
544,Stacking,2027-07-01 16:35:00,88.0,93.74240390348491,True
544,Stacking,2027-07-01 16:40:00,88.0,94.34643136473237,True
544,Stacking,2027-07-01 16:45:00,90.0,89.13237525255929,True
544,Stacking,2027-07-01 16:50:00,90.0,102.66979507951017,True
544,Stacking,2027-07-01 16:55:00,91.0,103.18273754362694,True
544,Stacking,2027-07-01 17:00:00,95.0,115.16390139044834,True
544,Stacking,2027-07-01 17:05:00,95.0,96.09825823608207,True
544,Stacking,2027-07-01 17:10:00,95.0,104.35295476233843,True
544,Stacking,2027-07-01 17:15:00,97.0,105.43248026849007,True
544,Stacking,2027-07-01 17:20:00,100.0,100.24866376378142,True
544,Stacking,2027-07-01 17:25:00,101.0,100.54809242960356,True
544,Stacking,2027-07-01 17:30:00,102.0,111.78102952747206,True
544,Stacking,2027-07-01 17:35:00,101.0,97.43230009594255,True
544,Stacking,2027-07-01 17:40:00,102.0,96.89281538737235,True
544,Stacking,2027-07-01 17:45:00,104.0,104.93114000924948,True
544,Stacking,2027-07-01 17:50:00,108.0,110.09882439332976,True
544,Stacking,2027-07-01 17:55:00,107.0,105.15973812539461,True
544,Stacking,2027-07-01 18:00:00,110.0,107.44148007914352,True
544,Stacking,2027-07-01 18:05:00,119.0,99.92561268573179,True
544,Stacking,2027-07-01 18:10:00,127.0,107.60096321328389,True
544,Stacking,2027-07-01 18:15:00,135.0,111.36821866865863,True
544,Stacking,2027-07-01 18:20:00,137.0,121.90812528522787,True
544,Stacking,2027-07-01 18:25:00,143.0,107.11937436912118,True
544,Stacking,2027-07-01 18:30:00,149.0,121.13915913366122,True
544,Stacking,2027-07-01 18:35:00,152.0,137.13792089530583,True
544,Stacking,2027-07-01 18:40:00,158.0,149.22355237998096,True
544,Stacking,2027-07-01 18:45:00,165.0,156.8439118048015,True
544,Stacking,2027-07-01 18:50:00,165.0,144.45474005893112,True
544,Stacking,2027-07-01 18:55:00,163.0,158.74089367168858,True
544,Stacking,2027-07-01 19:00:00,165.0,165.58124511187575,True
544,Stacking,2027-07-01 19:05:00,171.0,159.2321840866405,True
544,Stacking,2027-07-01 19:10:00,172.0,174.90621058861183,True
544,Stacking,2027-07-01 19:15:00,172.0,186.95358252483572,True
544,Stacking,2027-07-01 19:20:00,173.0,167.87158972914395,True
544,Stacking,2027-07-01 19:25:00,172.0,158.53004262160022,True
544,Stacking,2027-07-01 19:30:00,171.0,169.88648039845066,True
544,Stacking,2027-07-01 19:35:00,176.0,181.51856200635416,True
544,Stacking,2027-07-01 19:40:00,181.0,172.53620390564552,True
544,Stacking,2027-07-01 19:45:00,180.0,172.05955954832345,True
544,Stacking,2027-07-01 19:50:00,180.0,175.1776878217856,True
544,Stacking,2027-07-01 19:55:00,179.0,168.98028535523343,True
544,Stacking,2027-07-01 20:00:00,176.0,168.7130747974676,True
544,Stacking,2027-07-01 20:05:00,176.0,185.55707261720016,True
544,Stacking,2027-07-01 20:10:00,176.0,188.89061750007872,True
544,Stacking,2027-07-01 20:15:00,179.0,176.8032205139797,True
544,Stacking,2027-07-01 20:20:00,182.0,180.0521740845876,True
544,Stacking,2027-07-01 20:25:00,182.0,174.4000057831222,True
544,Stacking,2027-07-01 20:30:00,180.0,168.50447907824798,True
544,Stacking,2027-07-01 20:35:00,178.0,175.2228386723207,True
544,Stacking,2027-07-01 20:40:00,176.0,174.5265420439154,True
544,Stacking,2027-07-01 20:45:00,174.0,185.05106227947405,True
544,Stacking,2027-07-01 20:50:00,172.0,187.81880982936795,True
544,Stacking,2027-07-01 20:55:00,169.0,182.06934247796573,True
544,Stacking,2027-07-01 21:00:00,167.0,173.53330112927236,True
544,Stacking,2027-07-01 21:05:00,165.0,172.35178522630048,True
544,Stacking,2027-07-01 21:10:00,164.0,170.498230577401,True
544,Stacking,2027-07-01 21:15:00,164.0,169.49864458798965,True
544,Stacking,2027-07-01 21:20:00,165.0,165.39745535966784,True
544,Stacking,2027-07-01 21:25:00,171.0,162.4216087955271,True
544,Stacking,2027-07-01 21:30:00,180.0,167.9420220667392,True
544,Stacking,2027-07-01 21:35:00,185.0,167.68841685197054,True
544,Stacking,2027-07-01 21:40:00,186.0,168.68892187991443,True
544,Stacking,2027-07-01 21:45:00,193.0,171.2959930399434,True
544,Stacking,2027-07-01 21:50:00,210.0,171.2125821677098,True
544,Stacking,2027-07-01 21:55:00,217.0,180.1416372208991,True
544,Stacking,2027-07-01 22:00:00,212.0,193.7862658774492,True
544,Stacking,2027-07-01 22:05:00,214.0,190.27928905070448,True
544,Stacking,2027-07-01 22:10:00,217.0,184.36495835908497,True
544,Stacking,2027-07-01 22:15:00,222.0,207.7274060798311,True
544,Stacking,2027-07-01 22:20:00,228.0,226.73372854551923,True
544,Stacking,2027-07-01 22:25:00,232.0,223.5600393785786,True
544,Stacking,2027-07-01 22:30:00,233.0,194.95206648649244,True
544,Stacking,2027-07-01 22:35:00,230.0,212.7199497922717,True
544,Stacking,2027-07-01 22:40:00,226.0,218.11127643305684,True
544,Stacking,2027-07-01 22:45:00,215.0,227.9793982185672,True
544,Stacking,2027-07-01 22:50:00,210.0,236.1243341144009,True
544,Stacking,2027-07-01 22:55:00,205.0,236.51214962982812,True
544,Stacking,2027-07-01 23:00:00,199.0,227.45902922372153,True
544,Stacking,2027-07-01 23:05:00,193.0,211.861558360924,True
544,Stacking,2027-07-01 23:10:00,187.0,206.51671080940804,True
544,Stacking,2027-07-01 23:15:00,181.0,180.43450048907596,True
544,Stacking,2027-07-01 23:20:00,176.0,189.17414465705747,True
544,Stacking,2027-07-01 23:25:00,170.0,182.72320046725793,True
544,Stacking,2027-07-01 23:30:00,166.0,175.13283574700725,True
544,Stacking,2027-07-01 23:35:00,167.0,170.3376015044204,True
544,Stacking,2027-07-01 23:40:00,167.0,163.83799760680907,True
544,Stacking,2027-07-01 23:45:00,159.0,158.5609945200029,True
544,Stacking,2027-07-01 23:50:00,154.0,158.51847695701656,True
544,Stacking,2027-07-01 23:55:00,150.0,147.92360555811374,True
544,Stacking,2027-07-02 00:00:00,147.0,148.48877490107282,True
544,Stacking,2027-07-02 00:05:00,144.0,161.73348194649114,True
544,Stacking,2027-07-02 00:10:00,141.0,161.1904478885219,True
544,Stacking,2027-07-02 00:15:00,138.0,138.97279557332743,True
544,Stacking,2027-07-02 00:20:00,135.0,138.8613763715939,True
544,Stacking,2027-07-02 00:25:00,132.0,137.10527382132747,True
544,Stacking,2027-07-02 00:30:00,129.0,133.89346938476427,True
544,Stacking,2027-07-02 00:35:00,127.0,131.0878213521607,True
544,Stacking,2027-07-02 00:40:00,124.0,129.37264446788842,True
544,Stacking,2027-07-02 00:45:00,122.0,127.12523811445894,True
544,Stacking,2027-07-02 00:50:00,120.0,124.2307607927724,True
544,Stacking,2027-07-02 00:55:00,117.0,120.57080167901503,True
544,Stacking,2027-07-02 01:00:00,115.0,118.79403727015662,True
544,Stacking,2027-07-02 01:05:00,114.0,120.52380952405228,True
544,Stacking,2027-07-02 01:10:00,113.0,113.10895300121427,True
544,Stacking,2027-07-02 01:15:00,111.0,115.28559886098243,True
544,Stacking,2027-07-02 01:20:00,109.0,112.8263562056645,True
544,Stacking,2027-07-02 01:25:00,107.0,108.73514592206539,True
544,Stacking,2027-07-02 01:30:00,105.0,109.4653788182132,True
544,Stacking,2027-07-02 01:35:00,103.0,110.24758638346792,True
544,Stacking,2027-07-02 01:40:00,101.0,108.65250272375567,True
544,Stacking,2027-07-02 01:45:00,99.0,104.97574965096335,True
544,Stacking,2027-07-02 01:50:00,98.0,103.99551650753484,True
544,Stacking,2027-07-02 01:55:00,97.0,100.69395885198867,True
544,Stacking,2027-07-02 02:00:00,96.0,99.41580888879719,True
544,Stacking,2027-07-02 02:05:00,94.0,97.34513578826456,True
544,Stacking,2027-07-02 02:10:00,91.0,94.65498781571245,True
544,Stacking,2027-07-02 02:15:00,90.0,93.35091887751815,True
544,Stacking,2027-07-02 02:20:00,89.0,93.6824375059602,True
544,Stacking,2027-07-02 02:25:00,88.0,93.28841078199682,True
544,Stacking,2027-07-02 02:30:00,87.0,91.92812773808988,True
544,Stacking,2027-07-02 02:35:00,87.0,90.2311462186121,True
544,Stacking,2027-07-02 02:40:00,86.0,86.81488201168686,True
544,Stacking,2027-07-02 02:45:00,85.0,88.78034038034127,True
544,Stacking,2027-07-02 02:50:00,85.0,86.62446479772301,True
544,Stacking,2027-07-02 02:55:00,85.0,85.91451972195865,True
544,Stacking,2027-07-02 03:00:00,85.0,84.14497461240519,True
544,Stacking,2027-07-02 03:05:00,84.0,86.69066494271775,True
544,Stacking,2027-07-02 03:10:00,84.0,84.40004257745122,True
544,Stacking,2027-07-02 03:15:00,83.0,83.55884505680915,True
544,Stacking,2027-07-02 03:20:00,83.0,85.89395134011168,True
544,Stacking,2027-07-02 03:25:00,83.0,86.50053139501051,True
544,Stacking,2027-07-02 03:30:00,83.0,86.17595428398566,True
544,Stacking,2027-07-02 03:35:00,83.0,83.84109167485256,True
544,Stacking,2027-07-02 03:40:00,81.0,86.29546902420384,True
544,Stacking,2027-07-02 03:45:00,81.0,83.22107288499946,True
544,Stacking,2027-07-02 03:50:00,80.0,85.36868692977612,True
544,Stacking,2027-07-02 03:55:00,79.0,85.25866283823024,True
544,Stacking,2027-07-02 04:00:00,79.0,85.91960445385291,True
544,Stacking,2027-07-02 04:05:00,79.0,85.67690823143677,True
544,Stacking,2027-07-02 04:10:00,78.0,79.4936639917385,True
544,Stacking,2027-07-02 04:15:00,79.0,83.74553052323438,True
544,Stacking,2027-07-02 04:20:00,79.0,79.75559572958583,True
544,Stacking,2027-07-02 04:25:00,79.0,79.45148138058502,True
544,Stacking,2027-07-02 04:30:00,79.0,81.58455572115042,True
544,Stacking,2027-07-02 04:35:00,79.0,82.00070482418589,True
544,Stacking,2027-07-02 04:40:00,79.0,78.54953662341443,True
544,Stacking,2027-07-02 04:45:00,79.0,84.1264798332514,True
544,Stacking,2027-07-02 04:50:00,78.0,82.20284167299536,True
544,Stacking,2027-07-02 04:55:00,78.0,82.94616554580948,True
544,Stacking,2027-07-02 05:00:00,78.0,82.45506180454863,True
544,Stacking,2027-07-02 05:05:00,77.0,82.61025486139053,True
544,Stacking,2027-07-02 05:10:00,77.0,82.67565425492522,True
544,Stacking,2027-07-02 05:15:00,77.0,82.68942702283353,True
544,Stacking,2027-07-02 05:20:00,78.0,79.06789124294073,True
544,Stacking,2027-07-02 05:25:00,78.0,81.46435703477452,True
544,Stacking,2027-07-02 05:30:00,78.0,81.98945665460909,True
544,Stacking,2027-07-02 05:35:00,77.0,78.1865088880793,True
544,Stacking,2027-07-02 05:40:00,76.0,80.3353278332459,True
544,Stacking,2027-07-02 05:45:00,75.0,80.86894015425443,True
544,Stacking,2027-07-02 05:50:00,73.0,83.79227774738155,True
544,Stacking,2027-07-02 05:55:00,72.0,82.26066960649368,True
544,Stacking,2027-07-02 06:00:00,72.0,82.64808354422911,True
544,Stacking,2027-07-02 06:05:00,73.0,78.6796724207202,True
544,Stacking,2027-07-02 06:10:00,75.0,78.08813564672757,True
544,Stacking,2027-07-02 06:15:00,76.0,77.81184846404362,True
544,Stacking,2027-07-02 06:20:00,77.0,76.78917976152825,True
544,Stacking,2027-07-02 06:25:00,77.0,76.86492689256974,True
544,Stacking,2027-07-02 06:30:00,77.0,79.26719155576619,True
544,Stacking,2027-07-02 06:35:00,79.0,81.6649910161823,True
544,Stacking,2027-07-02 06:40:00,82.0,87.87056896970225,True
544,Stacking,2027-07-02 06:45:00,82.0,83.43869212092443,True
544,Stacking,2027-07-02 06:50:00,84.0,84.88410057640547,True
544,Stacking,2027-07-02 06:55:00,87.0,82.64603905009811,True
544,Stacking,2027-07-02 07:00:00,91.0,83.10370209203325,True
544,Stacking,2027-07-02 07:05:00,94.0,91.78372365124895,True
544,Stacking,2027-07-02 07:10:00,96.0,95.70238968911538,True
544,Stacking,2027-07-02 07:15:00,97.0,90.25646400347425,True
544,Stacking,2027-07-02 07:20:00,99.0,98.4166083179882,True
544,Stacking,2027-07-02 07:25:00,99.0,99.53840278229514,True
544,Stacking,2027-07-02 07:30:00,99.0,109.01437478790983,True
544,Stacking,2027-07-02 07:35:00,105.0,109.12162274897027,True
544,Stacking,2027-07-02 07:40:00,112.0,106.482957569526,True
544,Stacking,2027-07-02 07:45:00,115.0,104.14788125459287,True
544,Stacking,2027-07-02 07:50:00,118.0,111.34337926882083,True
544,Stacking,2027-07-02 07:55:00,129.0,104.2032489957297,True
544,Stacking,2027-07-02 08:00:00,132.0,104.44514138626799,True
544,Stacking,2027-07-02 08:05:00,143.0,128.9123014338891,True
544,Stacking,2027-07-02 08:10:00,158.0,150.27420367595056,True
544,Stacking,2027-07-02 08:15:00,167.0,140.40806280851118,True
544,Stacking,2027-07-02 08:20:00,174.0,141.52012638793477,True
544,Stacking,2027-07-02 08:25:00,179.0,166.7201422117559,True
544,Stacking,2027-07-02 08:30:00,181.0,148.2152797918898,True
544,Stacking,2027-07-02 08:35:00,185.0,171.43396104309434,True
544,Stacking,2027-07-02 08:40:00,188.0,186.38760340453732,True
544,Stacking,2027-07-02 08:45:00,190.0,178.04721968764227,True
544,Stacking,2027-07-02 08:50:00,194.0,189.56312732716736,True
544,Stacking,2027-07-02 08:55:00,195.0,185.8587389969785,True
544,Stacking,2027-07-02 09:00:00,196.0,179.08223322199845,True
544,Stacking,2027-07-02 09:05:00,198.0,192.03270860019254,True
544,Stacking,2027-07-02 09:10:00,199.0,189.57530783652388,True
544,Stacking,2027-07-02 09:15:00,197.0,190.84835303120488,True
544,Stacking,2027-07-02 09:20:00,195.0,201.38802980629208,True
544,Stacking,2027-07-02 09:25:00,192.0,194.88790943416294,True
544,Stacking,2027-07-02 09:30:00,186.0,198.05293642732582,True
544,Stacking,2027-07-02 09:35:00,182.0,200.20750938636317,True
544,Stacking,2027-07-02 09:40:00,177.0,198.95225579217592,True
544,Stacking,2027-07-02 09:45:00,175.0,187.44885377412606,True
544,Stacking,2027-07-02 09:50:00,169.0,187.24962884941246,True
544,Stacking,2027-07-02 09:55:00,165.0,179.75351824454387,True
544,Stacking,2027-07-02 10:00:00,160.0,166.7087080606835,True
544,Stacking,2027-07-02 10:05:00,155.0,164.5469560902204,True
544,Stacking,2027-07-02 10:10:00,151.0,158.5802406740954,True
544,Stacking,2027-07-02 10:15:00,147.0,163.35805632579346,True
544,Stacking,2027-07-02 10:20:00,143.0,146.36189778196905,True
544,Stacking,2027-07-02 10:25:00,139.0,147.1466831700425,True
544,Stacking,2027-07-02 10:30:00,136.0,139.93932529975072,True
544,Stacking,2027-07-02 10:35:00,133.0,135.94768726995534,True
544,Stacking,2027-07-02 10:40:00,130.0,133.8908691168231,True
544,Stacking,2027-07-02 10:45:00,127.0,131.23949158531522,True
544,Stacking,2027-07-02 10:50:00,123.0,127.64675677891555,True
544,Stacking,2027-07-02 10:55:00,121.0,125.62438851130482,True
544,Stacking,2027-07-02 11:00:00,119.0,124.93619048435832,True
544,Stacking,2027-07-02 11:05:00,116.0,121.52118961525721,True
544,Stacking,2027-07-02 11:10:00,114.0,117.79727225601323,True
544,Stacking,2027-07-02 11:15:00,108.0,115.89563982297781,True
544,Stacking,2027-07-02 11:20:00,105.0,109.81643514934969,True
544,Stacking,2027-07-02 11:25:00,104.0,114.33669465293119,True
544,Stacking,2027-07-02 11:30:00,102.0,111.1410703994685,True
544,Stacking,2027-07-02 11:35:00,85.0,107.1078819503313,True
544,Stacking,2027-07-02 11:40:00,85.0,108.16490895297206,True
544,Stacking,2027-07-02 11:45:00,85.0,98.59247012022071,True
544,Stacking,2027-07-02 11:50:00,90.0,116.30264762094656,True
544,Stacking,2027-07-02 11:55:00,96.0,118.68754478879399,True
544,Stacking,2027-07-02 12:00:00,99.0,112.75897725833175,True
544,Stacking,2027-07-02 12:05:00,107.0,94.34499585095932,True
544,Stacking,2027-07-02 12:10:00,120.0,104.04681543257199,True
544,Stacking,2027-07-02 12:15:00,134.0,100.73032410550319,True
544,Stacking,2027-07-02 12:20:00,145.0,117.00493739807929,True
544,Stacking,2027-07-02 12:25:00,152.0,119.94837073764582,True
544,Stacking,2027-07-02 12:30:00,153.0,113.98426011745966,True
544,Stacking,2027-07-02 12:35:00,153.0,133.83842314910493,True
544,Stacking,2027-07-02 12:40:00,161.0,152.39303998543215,True
544,Stacking,2027-07-02 12:45:00,166.0,161.3392512212535,True
544,Stacking,2027-07-02 12:50:00,171.0,160.21411094581552,True
544,Stacking,2027-07-02 12:55:00,177.0,158.18752101583607,True
544,Stacking,2027-07-02 13:00:00,183.0,145.7267496626768,True
544,Stacking,2027-07-02 13:05:00,186.0,142.83173024945674,True
544,Stacking,2027-07-02 13:10:00,188.0,171.78283452254422,True
544,Stacking,2027-07-02 13:15:00,190.0,168.84381608549896,True
544,Stacking,2027-07-02 13:20:00,189.0,175.9035924945146,True
544,Stacking,2027-07-02 13:25:00,187.0,186.34627212499677,True
544,Stacking,2027-07-02 13:30:00,190.0,196.1289823309078,True
544,Stacking,2027-07-02 13:35:00,192.0,191.48580011552423,True
544,Stacking,2027-07-02 13:40:00,191.0,189.25867527847907,True
544,Stacking,2027-07-02 13:45:00,188.0,193.95502966756942,True
544,Stacking,2027-07-02 13:50:00,187.0,182.03054845403304,True
544,Stacking,2027-07-02 13:55:00,189.0,178.29742180925615,True
544,Stacking,2027-07-02 14:00:00,192.0,196.0663398538183,True
544,Stacking,2027-07-02 14:05:00,196.0,191.41994842180273,True
544,Stacking,2027-07-02 14:10:00,199.0,184.7713906113443,True
544,Stacking,2027-07-02 14:15:00,202.0,175.45411850265558,True
544,Stacking,2027-07-02 14:20:00,202.0,180.59736950409126,True
544,Stacking,2027-07-02 14:25:00,203.0,186.86472569443566,True
544,Stacking,2027-07-02 14:30:00,205.0,195.6795613771024,True
544,Stacking,2027-07-02 14:35:00,205.0,205.12866999699727,True
544,Stacking,2027-07-02 14:40:00,204.0,205.4680572986689,True
544,Stacking,2027-07-02 14:45:00,204.0,209.7423789282064,True
544,Stacking,2027-07-02 14:50:00,205.0,202.67743068552167,True
544,Stacking,2027-07-02 14:55:00,203.0,205.50119677889052,True
544,Stacking,2027-07-02 15:00:00,202.0,207.24822678319234,True
544,Stacking,2027-07-02 15:05:00,202.0,204.4364345031738,True
544,Stacking,2027-07-02 15:10:00,198.0,200.4339067749528,True
544,Stacking,2027-07-02 15:15:00,193.0,202.8113775973363,True
544,Stacking,2027-07-02 15:20:00,185.0,206.25895337286954,True
544,Stacking,2027-07-02 15:25:00,178.0,194.7140477862482,True
544,Stacking,2027-07-02 15:30:00,170.0,198.3652231879908,True
544,Stacking,2027-07-02 15:35:00,167.0,200.7209234114741,True
544,Stacking,2027-07-02 15:40:00,165.0,187.80261395383474,True
544,Stacking,2027-07-02 15:45:00,159.0,181.88237241309983,True
544,Stacking,2027-07-02 15:50:00,154.0,168.72527587721368,True
544,Stacking,2027-07-02 15:55:00,152.0,160.41354208318643,True
544,Stacking,2027-07-02 16:00:00,149.0,149.60151242555565,True
544,Stacking,2027-07-02 16:05:00,147.0,155.13333840127302,True
544,Stacking,2027-07-02 16:10:00,143.0,155.76635593781205,True
544,Stacking,2027-07-02 16:15:00,137.0,144.76713595936732,True
544,Stacking,2027-07-02 16:20:00,130.0,141.07969071824195,True
544,Stacking,2027-07-02 16:25:00,122.0,143.27654539871907,True
544,Stacking,2027-07-02 16:30:00,114.0,140.92877588631129,True
544,Stacking,2027-07-02 16:35:00,108.0,141.0603093605461,True
544,Stacking,2027-07-02 16:40:00,103.0,134.6317857019981,True
544,Stacking,2027-07-02 16:45:00,99.0,126.95731770378066,True
544,Stacking,2027-07-02 16:50:00,97.0,117.07703243379628,True
544,Stacking,2027-07-02 16:55:00,94.0,108.83069174392236,True
544,Stacking,2027-07-02 17:00:00,89.0,103.1185947872903,True
544,Stacking,2027-07-02 17:05:00,85.0,98.78555574745272,True
544,Stacking,2027-07-02 17:10:00,80.0,93.76429441488297,True
544,Stacking,2027-07-02 17:15:00,76.0,91.26752817244771,True
544,Stacking,2027-07-02 17:20:00,73.0,93.42072206179412,True
544,Stacking,2027-07-02 17:25:00,70.0,89.20534925874077,True
544,Stacking,2027-07-02 17:30:00,66.0,84.30410395233636,True
544,Stacking,2027-07-02 17:35:00,65.0,81.89997312765537,True
544,Stacking,2027-07-02 17:40:00,65.0,78.60398047967625,True
544,Stacking,2027-07-02 17:45:00,64.0,77.14458625260801,True
544,Stacking,2027-07-02 17:50:00,65.0,76.78035165115844,True
544,Stacking,2027-07-02 17:55:00,74.0,73.8538937550798,True
544,Stacking,2027-07-02 18:00:00,83.0,72.23488785926472,True
544,Stacking,2027-07-02 18:05:00,103.0,73.90068327642419,True
544,Stacking,2027-07-02 18:10:00,106.0,86.10599734360396,True
544,Stacking,2027-07-02 18:15:00,125.0,82.22116951594445,True
544,Stacking,2027-07-02 18:20:00,142.0,87.37364509739747,True
544,Stacking,2027-07-02 18:25:00,158.0,112.26298340103487,True
544,Stacking,2027-07-02 18:30:00,187.0,120.49432812979039,True
544,Stacking,2027-07-02 18:35:00,200.0,145.91448613867453,True
544,Stacking,2027-07-02 18:40:00,207.0,121.67562887176013,True
544,Stacking,2027-07-02 18:45:00,215.0,157.62455759156427,True
544,Stacking,2027-07-02 18:50:00,221.0,162.481454653398,True
544,Stacking,2027-07-02 18:55:00,224.0,171.7775223399773,True
544,Stacking,2027-07-02 19:00:00,227.0,205.98503845964822,True
544,Stacking,2027-07-02 19:05:00,230.0,205.40282204988614,True
544,Stacking,2027-07-02 19:10:00,231.0,207.25888749979123,True
544,Stacking,2027-07-02 19:15:00,231.0,227.28195166825458,True
544,Stacking,2027-07-02 19:20:00,229.0,231.10336280327027,True
544,Stacking,2027-07-02 19:25:00,224.0,215.3726877957998,True
544,Stacking,2027-07-02 19:30:00,215.0,225.67028948472955,True
544,Stacking,2027-07-02 19:35:00,207.0,232.4233518119255,True
544,Stacking,2027-07-02 19:40:00,198.0,227.67367339101077,True
544,Stacking,2027-07-02 19:45:00,190.0,225.7501229258095,True
544,Stacking,2027-07-02 19:50:00,187.0,214.8203360482083,True
544,Stacking,2027-07-02 19:55:00,180.0,202.26641939019177,True
544,Stacking,2027-07-02 20:00:00,172.0,184.4055890491375,True
544,Stacking,2027-07-02 20:05:00,168.0,181.87153447298098,True
544,Stacking,2027-07-02 20:10:00,166.0,168.3014182489402,True
544,Stacking,2027-07-02 20:15:00,163.0,167.02264482541025,True
544,Stacking,2027-07-02 20:20:00,164.0,170.03114875604126,True
544,Stacking,2027-07-02 20:25:00,160.0,156.15198027084148,True
544,Stacking,2027-07-02 20:30:00,156.0,144.79724051058508,True
544,Stacking,2027-07-02 20:35:00,157.0,151.5562925236029,True
544,Stacking,2027-07-02 20:40:00,150.0,154.40341072360093,True
544,Stacking,2027-07-02 20:45:00,151.0,145.62813905135437,True
544,Stacking,2027-07-02 20:50:00,152.0,161.52586736832694,True
544,Stacking,2027-07-02 20:55:00,151.0,145.0647632634242,True
544,Stacking,2027-07-02 21:00:00,151.0,143.1780267216515,True
544,Stacking,2027-07-02 21:05:00,152.0,154.05292746219976,True
544,Stacking,2027-07-02 21:10:00,148.0,128.55037559711428,True
544,Stacking,2027-07-02 21:15:00,142.0,150.4513041503261,True
544,Stacking,2027-07-02 21:20:00,132.0,149.81607326630908,True
544,Stacking,2027-07-02 21:25:00,123.0,143.26320826733348,True
544,Stacking,2027-07-02 21:30:00,118.0,149.7114930779621,True
544,Stacking,2027-07-02 21:35:00,110.0,152.23341166312588,True
544,Stacking,2027-07-02 21:40:00,105.0,138.42745282706736,True
544,Stacking,2027-07-02 21:45:00,102.0,129.15129612078144,True
544,Stacking,2027-07-02 21:50:00,97.0,113.00365929348196,True
544,Stacking,2027-07-02 21:55:00,93.0,106.0253117647732,True
544,Stacking,2027-07-02 22:00:00,90.0,104.48320205314651,True
544,Stacking,2027-07-02 22:05:00,90.0,95.51858674149037,True
544,Stacking,2027-07-02 22:10:00,89.0,92.98126377593594,True
544,Stacking,2027-07-02 22:15:00,93.0,94.37453384539967,True
544,Stacking,2027-07-02 22:20:00,102.0,87.44285226400152,True
544,Stacking,2027-07-02 22:25:00,116.0,86.10443867868523,True
544,Stacking,2027-07-02 22:30:00,128.0,86.24234956722863,True
544,Stacking,2027-07-02 22:35:00,138.0,92.44698990498856,True
544,Stacking,2027-07-02 22:40:00,148.0,87.58471220047116,True
544,Stacking,2027-07-02 22:45:00,153.0,106.13882636520717,True
544,Stacking,2027-07-02 22:50:00,164.0,124.58765231898806,True
544,Stacking,2027-07-02 22:55:00,178.0,147.6117655137989,True
544,Stacking,2027-07-02 23:00:00,188.0,160.43986665881374,True
544,Stacking,2027-07-02 23:05:00,193.0,163.21573533223983,True
544,Stacking,2027-07-02 23:10:00,195.0,178.36954654361634,True
544,Stacking,2027-07-02 23:15:00,197.0,166.07325838199256,True
544,Stacking,2027-07-02 23:20:00,195.0,192.3109393128373,True
544,Stacking,2027-07-02 23:25:00,191.0,210.94519078628227,True
544,Stacking,2027-07-02 23:30:00,185.0,210.83481053469512,True
544,Stacking,2027-07-02 23:35:00,178.0,208.55175286419262,True
544,Stacking,2027-07-02 23:40:00,167.0,206.58573229059965,True
544,Stacking,2027-07-02 23:45:00,164.0,208.87116503977504,True
544,Stacking,2027-07-02 23:50:00,162.0,194.03810095192514,True
544,Stacking,2027-07-02 23:55:00,160.0,190.20203569072422,True
544,Stacking,2027-07-03 00:00:00,157.0,179.63255931227636,True
544,Stacking,2027-07-03 00:05:00,153.0,170.61048048465554,True
544,Stacking,2027-07-03 00:10:00,150.0,154.17024695916226,True
544,Stacking,2027-07-03 00:15:00,148.0,160.41512933612947,True
544,Stacking,2027-07-03 00:20:00,147.0,157.26237025345546,True
544,Stacking,2027-07-03 00:25:00,145.0,155.82479074895417,True
544,Stacking,2027-07-03 00:30:00,143.0,148.73200026971955,True
544,Stacking,2027-07-03 00:35:00,143.0,145.26359244881414,True
544,Stacking,2027-07-03 00:40:00,144.0,145.33064581011624,True
544,Stacking,2027-07-03 00:45:00,145.0,143.1619200389432,True
544,Stacking,2027-07-03 00:50:00,146.0,143.66698341768137,True
544,Stacking,2027-07-03 00:55:00,147.0,141.05543077225303,True
544,Stacking,2027-07-03 01:00:00,147.0,139.40869967138144,True
544,Stacking,2027-07-03 01:05:00,148.0,142.93716845221581,True
544,Stacking,2027-07-03 01:10:00,148.0,146.07541367934488,True
544,Stacking,2027-07-03 01:15:00,149.0,147.06805034021303,True
544,Stacking,2027-07-03 01:20:00,149.0,149.88496153509533,True
544,Stacking,2027-07-03 01:25:00,150.0,150.54139233216387,True
544,Stacking,2027-07-03 01:30:00,152.0,148.65144034173443,True
544,Stacking,2027-07-03 01:35:00,153.0,152.63187876089034,True
544,Stacking,2027-07-03 01:40:00,152.0,150.59829255947568,True
544,Stacking,2027-07-03 01:45:00,153.0,153.99436279075036,True
544,Stacking,2027-07-03 01:50:00,153.0,151.77330903043134,True
544,Stacking,2027-07-03 01:55:00,153.0,154.85560868433444,True
544,Stacking,2027-07-03 02:00:00,152.0,156.91595591936084,True
544,Stacking,2027-07-03 02:05:00,151.0,156.63477198815355,True
544,Stacking,2027-07-03 02:10:00,150.0,151.32314822416058,True
544,Stacking,2027-07-03 02:15:00,149.0,156.65215556377382,True
544,Stacking,2027-07-03 02:20:00,148.0,154.3067322821231,True
544,Stacking,2027-07-03 02:25:00,147.0,154.5549654626947,True
544,Stacking,2027-07-03 02:30:00,146.0,150.59239156405144,True
544,Stacking,2027-07-03 02:35:00,145.0,149.98925080706283,True
544,Stacking,2027-07-03 02:40:00,145.0,149.08348123971012,True
544,Stacking,2027-07-03 02:45:00,144.0,147.4383133240008,True
544,Stacking,2027-07-03 02:50:00,143.0,146.26913396402517,True
544,Stacking,2027-07-03 02:55:00,143.0,145.4647919984328,True
544,Stacking,2027-07-03 03:00:00,142.0,144.77311658470975,True
544,Stacking,2027-07-03 03:05:00,142.0,142.79561837619184,True
544,Stacking,2027-07-03 03:10:00,141.0,144.8580465445638,True
544,Stacking,2027-07-03 03:15:00,140.0,142.62943432338957,True
544,Stacking,2027-07-03 03:20:00,139.0,141.42071561342357,True
544,Stacking,2027-07-03 03:25:00,137.0,143.10998740935588,True
544,Stacking,2027-07-03 03:30:00,135.0,140.3235117179133,True
544,Stacking,2027-07-03 03:35:00,134.0,142.81821855174297,True
544,Stacking,2027-07-03 03:40:00,132.0,139.08505252558004,True
544,Stacking,2027-07-03 03:45:00,131.0,138.28932491367004,True
544,Stacking,2027-07-03 03:50:00,130.0,138.02526668983506,True
544,Stacking,2027-07-03 03:55:00,130.0,134.98219109556476,True
544,Stacking,2027-07-03 04:00:00,129.0,130.46162540733377,True
544,Stacking,2027-07-03 04:05:00,127.0,131.14488122893624,True
544,Stacking,2027-07-03 04:10:00,126.0,127.20138671683372,True
544,Stacking,2027-07-03 04:15:00,125.0,126.77497374802616,True
544,Stacking,2027-07-03 04:20:00,123.0,126.33702490559537,True
544,Stacking,2027-07-03 04:25:00,122.0,128.41325973331195,True
544,Stacking,2027-07-03 04:30:00,122.0,126.55365013253333,True
544,Stacking,2027-07-03 04:35:00,121.0,124.77931290372585,True
544,Stacking,2027-07-03 04:40:00,120.0,122.77800006401704,True
544,Stacking,2027-07-03 04:45:00,118.0,121.62520609151048,True
544,Stacking,2027-07-03 04:50:00,115.0,119.13081082470187,True
544,Stacking,2027-07-03 04:55:00,115.0,118.17980138206241,True
544,Stacking,2027-07-03 05:00:00,113.0,121.3520102108777,True
544,Stacking,2027-07-03 05:05:00,112.0,118.7312521792731,True
544,Stacking,2027-07-03 05:10:00,111.0,117.64427028332132,True
544,Stacking,2027-07-03 05:15:00,109.0,113.53107307024403,True
544,Stacking,2027-07-03 05:20:00,108.0,109.93161138383454,True
544,Stacking,2027-07-03 05:25:00,108.0,115.10249438537205,True
544,Stacking,2027-07-03 05:30:00,107.0,109.00195047239033,True
544,Stacking,2027-07-03 05:35:00,106.0,109.45571458884017,True
544,Stacking,2027-07-03 05:40:00,106.0,107.5935955130186,True
544,Stacking,2027-07-03 05:45:00,105.0,105.19408413085912,True
544,Stacking,2027-07-03 05:50:00,104.0,104.57198261962827,True
544,Stacking,2027-07-03 05:55:00,103.0,107.49186453901278,True
544,Stacking,2027-07-03 06:00:00,101.0,104.03357609021275,True
544,Stacking,2027-07-03 06:05:00,101.0,103.07866296363585,True
544,Stacking,2027-07-03 06:10:00,100.0,105.48344243151482,True
544,Stacking,2027-07-03 06:15:00,100.0,103.12045202058452,True
544,Stacking,2027-07-03 06:20:00,100.0,100.70997651728102,True
544,Stacking,2027-07-03 06:25:00,100.0,100.21197254429758,True
544,Stacking,2027-07-03 06:30:00,98.0,96.39536693555135,True
544,Stacking,2027-07-03 06:35:00,96.0,100.76096711181714,True
544,Stacking,2027-07-03 06:40:00,94.0,96.96336095290417,True
544,Stacking,2027-07-03 06:45:00,94.0,99.54241186421214,True
544,Stacking,2027-07-03 06:50:00,93.0,99.82124975543871,True
544,Stacking,2027-07-03 06:55:00,91.0,100.59672656181762,True
544,Stacking,2027-07-03 07:00:00,91.0,94.96864091397867,True
544,Stacking,2027-07-03 07:05:00,89.0,92.74730759852842,True
544,Stacking,2027-07-03 07:10:00,89.0,92.14207708093149,True
544,Stacking,2027-07-03 07:15:00,89.0,95.54676356538917,True
544,Stacking,2027-07-03 07:20:00,90.0,92.29831496039877,True
544,Stacking,2027-07-03 07:25:00,91.0,89.05749085061298,True
544,Stacking,2027-07-03 07:30:00,93.0,93.06428192802065,True
544,Stacking,2027-07-03 07:35:00,96.0,87.67549548825004,True
544,Stacking,2027-07-03 07:40:00,98.0,91.69336539999063,True
544,Stacking,2027-07-03 07:45:00,100.0,91.0770362355318,True
544,Stacking,2027-07-03 07:50:00,104.0,95.8034643237702,True
544,Stacking,2027-07-03 07:55:00,107.0,96.24309706376926,True
544,Stacking,2027-07-03 08:00:00,109.0,102.04948246995056,True
544,Stacking,2027-07-03 08:05:00,112.0,107.98911644114027,True
544,Stacking,2027-07-03 08:10:00,114.0,108.50864133672144,True
544,Stacking,2027-07-03 08:15:00,115.0,111.12004572481673,True
544,Stacking,2027-07-03 08:20:00,118.0,120.81798160351185,True
544,Stacking,2027-07-03 08:25:00,120.0,119.39417774916434,True
544,Stacking,2027-07-03 08:30:00,119.0,119.51954276268523,True
544,Stacking,2027-07-03 08:35:00,144.0,123.71048303312486,True
544,Stacking,2027-07-03 08:40:00,147.0,123.20128011347565,True
544,Stacking,2027-07-03 08:45:00,148.0,121.79955809614064,True
544,Stacking,2027-07-03 08:50:00,148.0,129.525009585732,True
544,Stacking,2027-07-03 08:55:00,152.0,144.98839695498162,True
544,Stacking,2027-07-03 09:00:00,159.0,135.7514083134887,True
544,Stacking,2027-07-03 09:05:00,164.0,186.32324981315688,True
544,Stacking,2027-07-03 09:10:00,170.0,181.58150647127403,True
544,Stacking,2027-07-03 09:15:00,178.0,170.85223135779276,True
544,Stacking,2027-07-03 09:20:00,190.0,163.3724306785782,True
544,Stacking,2027-07-03 09:25:00,201.0,167.22410450028994,True
544,Stacking,2027-07-03 09:30:00,219.0,178.48222731231684,True
544,Stacking,2027-07-03 09:35:00,233.0,173.25683013327424,True
544,Stacking,2027-07-03 09:40:00,229.0,179.91110446610614,True
544,Stacking,2027-07-03 09:45:00,232.0,194.90638740195044,True
544,Stacking,2027-07-03 09:50:00,238.0,207.8510363001261,True
544,Stacking,2027-07-03 09:55:00,248.0,214.49848250756327,True
544,Stacking,2027-07-03 10:00:00,257.0,238.5214521557945,True
544,Stacking,2027-07-03 10:05:00,256.0,249.76704240615985,True
544,Stacking,2027-07-03 10:10:00,247.0,213.93699750178777,True
544,Stacking,2027-07-03 10:15:00,235.0,232.10016697010525,True
544,Stacking,2027-07-03 10:20:00,226.0,240.52309910677647,True
544,Stacking,2027-07-03 10:25:00,214.0,260.7510086786399,True
544,Stacking,2027-07-03 10:30:00,204.0,268.4889637368982,True
544,Stacking,2027-07-03 10:35:00,195.0,245.0883167963756,True
544,Stacking,2027-07-03 10:40:00,186.0,220.0634815312316,True
544,Stacking,2027-07-03 10:45:00,173.0,203.88403440701052,True
544,Stacking,2027-07-03 10:50:00,169.0,195.75728072846147,True
544,Stacking,2027-07-03 10:55:00,172.0,172.0696266207843,True
544,Stacking,2027-07-03 11:00:00,171.0,165.56673612648441,True
544,Stacking,2027-07-03 11:05:00,167.0,161.8059752539066,True
544,Stacking,2027-07-03 11:10:00,161.0,151.27760900707085,True
544,Stacking,2027-07-03 11:15:00,159.0,129.04660959354965,True
544,Stacking,2027-07-03 11:20:00,157.0,145.59317242464812,True
544,Stacking,2027-07-03 11:25:00,157.0,166.7362773382547,True
544,Stacking,2027-07-03 11:30:00,155.0,159.32145160943003,True
544,Stacking,2027-07-03 11:35:00,150.0,148.15609375352744,True
544,Stacking,2027-07-03 11:40:00,147.0,140.0934074862671,True
544,Stacking,2027-07-03 11:45:00,143.0,147.92300242546358,True
544,Stacking,2027-07-03 11:50:00,139.0,143.47606273664658,True
544,Stacking,2027-07-03 11:55:00,131.0,149.70483741636687,True
544,Stacking,2027-07-03 12:00:00,125.0,141.93918225560697,True
544,Stacking,2027-07-03 12:05:00,116.0,134.00477550309313,True
544,Stacking,2027-07-03 12:10:00,112.0,134.13939645545452,True
544,Stacking,2027-07-03 12:15:00,115.0,127.63141426064175,True
544,Stacking,2027-07-03 12:20:00,116.0,126.02911451343059,True
544,Stacking,2027-07-03 12:25:00,121.0,108.41207493167458,True
544,Stacking,2027-07-03 12:30:00,124.0,107.24409551127434,True
544,Stacking,2027-07-03 12:35:00,125.0,96.85982794858802,True
544,Stacking,2027-07-03 12:40:00,122.0,100.79845357316621,True
544,Stacking,2027-07-03 12:45:00,120.0,121.43164836620493,True
544,Stacking,2027-07-03 12:50:00,117.0,116.82329252017367,True
544,Stacking,2027-07-03 12:55:00,115.0,132.84433812577333,True
544,Stacking,2027-07-03 13:00:00,112.0,132.39125239174595,True
544,Stacking,2027-07-03 13:05:00,99.0,128.82171907245208,True
544,Stacking,2027-07-03 13:10:00,96.0,118.01250875217565,True
544,Stacking,2027-07-03 13:15:00,98.0,117.66703008335124,True
544,Stacking,2027-07-03 13:20:00,102.0,121.49137498214209,True
544,Stacking,2027-07-03 13:25:00,106.0,125.05837066024633,True
544,Stacking,2027-07-03 13:30:00,115.0,119.43103950838886,True
544,Stacking,2027-07-03 13:35:00,123.0,100.3387641089541,True
544,Stacking,2027-07-03 13:40:00,130.0,104.77280621116617,True
544,Stacking,2027-07-03 13:45:00,137.0,117.97585143202555,True
544,Stacking,2027-07-03 13:50:00,144.0,125.4716045587647,True
544,Stacking,2027-07-03 13:55:00,151.0,126.91850230470871,True
544,Stacking,2027-07-03 14:00:00,155.0,141.25166371290962,True
544,Stacking,2027-07-03 14:05:00,158.0,144.31629430957753,True
544,Stacking,2027-07-03 14:10:00,158.0,147.05881666438523,True
544,Stacking,2027-07-03 14:15:00,158.0,151.92921272185353,True
544,Stacking,2027-07-03 14:20:00,154.0,156.97986551051238,True
544,Stacking,2027-07-03 14:25:00,151.0,163.6661350482325,True
544,Stacking,2027-07-03 14:30:00,149.0,160.16900899189358,True
544,Stacking,2027-07-03 14:35:00,148.0,159.91755168199566,True
544,Stacking,2027-07-03 14:40:00,147.0,155.3562516831948,True
544,Stacking,2027-07-03 14:45:00,149.0,158.12247738970163,True
544,Stacking,2027-07-03 14:50:00,151.0,142.45832552082294,True
544,Stacking,2027-07-03 14:55:00,150.0,141.13289834233012,True
544,Stacking,2027-07-03 15:00:00,146.0,138.84398445717446,True
544,Stacking,2027-07-03 15:05:00,144.0,140.04551842060488,True
544,Stacking,2027-07-03 15:10:00,144.0,138.87143728852695,True
544,Stacking,2027-07-03 15:15:00,142.0,150.75764593830763,True
544,Stacking,2027-07-03 15:20:00,140.0,152.27263275206948,True
544,Stacking,2027-07-03 15:25:00,138.0,143.5401083746163,True
544,Stacking,2027-07-03 15:30:00,130.0,136.37606385185248,True
544,Stacking,2027-07-03 15:35:00,124.0,135.90295811811333,True
544,Stacking,2027-07-03 15:40:00,119.0,141.8197517563702,True
544,Stacking,2027-07-03 15:45:00,113.0,134.24051671837304,True
544,Stacking,2027-07-03 15:50:00,113.0,132.36541432498845,True
544,Stacking,2027-07-03 15:55:00,110.0,131.31651079039858,True
544,Stacking,2027-07-03 16:00:00,105.0,112.591734724507,True
544,Stacking,2027-07-03 16:05:00,103.0,109.74586897827278,True
544,Stacking,2027-07-03 16:10:00,103.0,103.63875130717567,True
544,Stacking,2027-07-03 16:15:00,105.0,97.85009618546539,True
544,Stacking,2027-07-03 16:20:00,102.0,112.01026263904075,True
544,Stacking,2027-07-03 16:25:00,98.0,103.44493386127529,True
544,Stacking,2027-07-03 16:30:00,97.0,94.36113401614595,True
544,Stacking,2027-07-03 16:35:00,97.0,98.29139606899415,True
544,Stacking,2027-07-03 16:40:00,95.0,103.3382935467625,True
544,Stacking,2027-07-03 16:45:00,94.0,112.1627519645442,True
544,Stacking,2027-07-03 16:50:00,91.0,97.16716581739378,True
544,Stacking,2027-07-03 16:55:00,87.0,92.94623878147505,True
544,Stacking,2027-07-03 17:00:00,83.0,95.49491992111335,True
544,Stacking,2027-07-03 17:05:00,81.0,97.1388892389406,True
544,Stacking,2027-07-03 17:10:00,81.0,92.16181935669032,True
544,Stacking,2027-07-03 17:15:00,80.0,93.7072837012376,True
544,Stacking,2027-07-03 17:20:00,80.0,87.89708812715506,True
544,Stacking,2027-07-03 17:25:00,81.0,83.81126905544673,True
544,Stacking,2027-07-03 17:30:00,81.0,82.58042280116608,True
544,Stacking,2027-07-03 17:35:00,78.0,81.63770191464246,True
544,Stacking,2027-07-03 17:40:00,76.0,86.49796317814115,True
544,Stacking,2027-07-03 17:45:00,76.0,81.42009421164335,True
544,Stacking,2027-07-03 17:50:00,76.0,84.36093206836489,True
544,Stacking,2027-07-03 17:55:00,79.0,86.54557202688378,True
544,Stacking,2027-07-03 18:00:00,81.0,85.72968829348748,True
544,Stacking,2027-07-03 18:05:00,81.0,79.59183418541924,True
544,Stacking,2027-07-03 18:10:00,80.0,78.11029116462323,True
544,Stacking,2027-07-03 18:15:00,79.0,82.67586234064072,True
544,Stacking,2027-07-03 18:20:00,77.0,82.07454537174485,True
544,Stacking,2027-07-03 18:25:00,76.0,93.88489793243525,True
544,Stacking,2027-07-03 18:30:00,77.0,92.24476106418373,True
544,Stacking,2027-07-03 18:35:00,77.0,87.8753842675548,True
544,Stacking,2027-07-03 18:40:00,77.0,84.30286522191115,True
544,Stacking,2027-07-03 18:45:00,76.0,82.07581330183785,True
544,Stacking,2027-07-03 18:50:00,75.0,78.6094449747199,True
544,Stacking,2027-07-03 18:55:00,76.0,78.5395796456816,True
544,Stacking,2027-07-03 19:00:00,75.0,84.08282196260357,True
544,Stacking,2027-07-03 19:05:00,76.0,81.74761355582143,True
544,Stacking,2027-07-03 19:10:00,82.0,82.45320429859048,True
544,Stacking,2027-07-03 19:15:00,82.0,79.32405338499905,True
544,Stacking,2027-07-03 19:20:00,82.0,78.47344193713307,True
544,Stacking,2027-07-03 19:25:00,85.0,98.17708812590256,True
544,Stacking,2027-07-03 19:30:00,89.0,88.78619602505971,True
544,Stacking,2027-07-03 19:35:00,94.0,93.74074629917911,True
544,Stacking,2027-07-03 19:40:00,100.0,109.94380156172531,True
544,Stacking,2027-07-03 19:45:00,105.0,94.44004567520977,True
544,Stacking,2027-07-03 19:50:00,111.0,92.55790541017375,True
544,Stacking,2027-07-03 19:55:00,116.0,99.93733492355402,True
544,Stacking,2027-07-03 20:00:00,118.0,103.82892732434281,True
544,Stacking,2027-07-03 20:05:00,120.0,111.05764277345881,True
544,Stacking,2027-07-03 20:10:00,124.0,120.786949862588,True
544,Stacking,2027-07-03 20:15:00,125.0,117.11697731932813,True
544,Stacking,2027-07-03 20:20:00,126.0,129.45759847749582,True
544,Stacking,2027-07-03 20:25:00,129.0,126.90090948659974,True
544,Stacking,2027-07-03 20:30:00,132.0,119.23505393689908,True
544,Stacking,2027-07-03 20:35:00,135.0,121.74645756969609,True
544,Stacking,2027-07-03 20:40:00,137.0,133.63959621634652,True
544,Stacking,2027-07-03 20:45:00,141.0,123.87658467672317,True
544,Stacking,2027-07-03 20:50:00,142.0,126.49841317552585,True
544,Stacking,2027-07-03 20:55:00,143.0,137.61597562677346,True
544,Stacking,2027-07-03 21:00:00,143.0,136.89368212375024,True
544,Stacking,2027-07-03 21:05:00,139.0,140.99547869740715,True
544,Stacking,2027-07-03 21:10:00,134.0,140.76701357351516,True
544,Stacking,2027-07-03 21:15:00,127.0,150.9057737299412,True
544,Stacking,2027-07-03 21:20:00,122.0,144.51695117416406,True
544,Stacking,2027-07-03 21:25:00,124.0,147.13550053113056,True
544,Stacking,2027-07-03 21:30:00,125.0,143.2632865466642,True
544,Stacking,2027-07-03 21:35:00,126.0,130.29629638973265,True
544,Stacking,2027-07-03 21:40:00,128.0,123.74938532373456,True
544,Stacking,2027-07-03 21:45:00,133.0,112.23311903264619,True
544,Stacking,2027-07-03 21:50:00,138.0,109.05399557043594,True
544,Stacking,2027-07-03 21:55:00,140.0,126.80179806352922,True
544,Stacking,2027-07-03 22:00:00,137.0,125.7403693215737,True
544,Stacking,2027-07-03 22:05:00,144.0,128.8469162645247,True
544,Stacking,2027-07-03 22:10:00,161.0,135.57666398641695,True
544,Stacking,2027-07-03 22:15:00,174.0,145.43528702363383,True
544,Stacking,2027-07-03 22:20:00,184.0,149.30560726219028,True
544,Stacking,2027-07-03 22:25:00,194.0,147.2018138005816,True
544,Stacking,2027-07-03 22:30:00,204.0,130.80870183087575,True
544,Stacking,2027-07-03 22:35:00,213.0,160.62487843243642,True
544,Stacking,2027-07-03 22:40:00,217.0,181.6176222479928,True
544,Stacking,2027-07-03 22:45:00,222.0,197.33314475478602,True
544,Stacking,2027-07-03 22:50:00,225.0,202.84323130226565,True
544,Stacking,2027-07-03 22:55:00,228.0,221.58972391445658,True
544,Stacking,2027-07-03 23:00:00,229.0,232.54543713500826,True
544,Stacking,2027-07-03 23:05:00,231.0,235.6772752709911,True
544,Stacking,2027-07-03 23:10:00,234.0,230.08916821337368,True
544,Stacking,2027-07-03 23:15:00,235.0,239.6040168698195,True
544,Stacking,2027-07-03 23:20:00,239.0,231.8713089758269,True
544,Stacking,2027-07-03 23:25:00,242.0,234.77368094750554,True
544,Stacking,2027-07-03 23:30:00,246.0,233.810334769083,True
544,Stacking,2027-07-03 23:35:00,249.0,237.67450420137348,True
544,Stacking,2027-07-03 23:40:00,253.0,240.50593986087696,True
544,Stacking,2027-07-03 23:45:00,257.0,238.0975774528314,True
544,Stacking,2027-07-03 23:50:00,261.0,246.38506688626222,True
544,Stacking,2027-07-03 23:55:00,267.0,247.53048541417868,True
544,Stacking,2027-07-04 00:00:00,272.0,252.68108346787176,True
544,Stacking,2027-07-04 00:05:00,279.0,256.69557341671134,True
544,Stacking,2027-07-04 00:10:00,286.0,261.52919924074763,True
544,Stacking,2027-07-04 00:15:00,291.0,264.8556280181899,True
544,Stacking,2027-07-04 00:20:00,298.0,268.66400087089266,True
544,Stacking,2027-07-04 00:25:00,303.0,278.81352371213416,True
544,Stacking,2027-07-04 00:30:00,306.0,280.43146816577655,True
544,Stacking,2027-07-04 00:35:00,305.0,291.23503655261504,True
544,Stacking,2027-07-04 00:40:00,299.0,296.3379094752105,True
544,Stacking,2027-07-04 00:45:00,292.0,297.12871551069736,True
544,Stacking,2027-07-04 00:50:00,285.0,306.29335205433654,True
544,Stacking,2027-07-04 00:55:00,280.0,304.51536369727603,True
544,Stacking,2027-07-04 01:00:00,278.0,305.292736226579,True
544,Stacking,2027-07-04 01:05:00,278.0,298.3587280795365,True
544,Stacking,2027-07-04 01:10:00,280.0,280.14004225678264,True
544,Stacking,2027-07-04 01:15:00,281.0,269.09309568197864,True
544,Stacking,2027-07-04 01:20:00,281.0,264.4211920039777,True
544,Stacking,2027-07-04 01:25:00,275.0,263.6031564009443,True
544,Stacking,2027-07-04 01:30:00,266.0,268.6226789446695,True
544,Stacking,2027-07-04 01:35:00,260.0,271.8443133335935,True
544,Stacking,2027-07-04 01:40:00,252.0,278.97572753452573,True
544,Stacking,2027-07-04 01:45:00,247.0,277.3424774493295,True
544,Stacking,2027-07-04 01:50:00,240.0,275.94961545601893,True
544,Stacking,2027-07-04 01:55:00,237.0,260.522775717253,True
544,Stacking,2027-07-04 02:00:00,233.0,251.6397132536173,True
544,Stacking,2027-07-04 02:05:00,228.0,242.98864675512849,True
544,Stacking,2027-07-04 02:10:00,226.0,233.4726651516099,True
544,Stacking,2027-07-04 02:15:00,227.0,229.11429004320343,True
544,Stacking,2027-07-04 02:20:00,227.0,217.4752928948562,True
544,Stacking,2027-07-04 02:25:00,227.0,221.31356757103734,True
544,Stacking,2027-07-04 02:30:00,226.0,216.9539073560396,True
544,Stacking,2027-07-04 02:35:00,227.0,209.83932778374012,True
544,Stacking,2027-07-04 02:40:00,229.0,212.81445518174613,True
544,Stacking,2027-07-04 02:45:00,231.0,222.21808428747698,True
544,Stacking,2027-07-04 02:50:00,238.0,222.71598495469473,True
544,Stacking,2027-07-04 02:55:00,240.0,224.03323382448758,True
544,Stacking,2027-07-04 03:00:00,240.0,222.54266029454604,True
544,Stacking,2027-07-04 03:05:00,241.0,227.80023845676467,True
544,Stacking,2027-07-04 03:10:00,239.0,232.53910940020228,True
544,Stacking,2027-07-04 03:15:00,234.0,234.38642653888846,True
544,Stacking,2027-07-04 03:20:00,232.0,246.10290646107828,True
544,Stacking,2027-07-04 03:25:00,230.0,241.61968054698016,True
544,Stacking,2027-07-04 03:30:00,228.0,241.0093563008781,True
544,Stacking,2027-07-04 03:35:00,225.0,244.14755487102406,True
544,Stacking,2027-07-04 03:40:00,223.0,232.13134985185366,True
544,Stacking,2027-07-04 03:45:00,221.0,226.01065267758878,True
544,Stacking,2027-07-04 03:50:00,223.0,225.12555723257734,True
544,Stacking,2027-07-04 03:55:00,225.0,221.60576069226516,True
544,Stacking,2027-07-04 04:00:00,223.0,218.76005877676258,True
544,Stacking,2027-07-04 04:05:00,221.0,214.38577978124263,True
544,Stacking,2027-07-04 04:10:00,218.0,212.4572043895728,True
544,Stacking,2027-07-04 04:15:00,216.0,211.33627896404167,True
544,Stacking,2027-07-04 04:20:00,214.0,219.65502418630905,True
544,Stacking,2027-07-04 04:25:00,213.0,224.58840115265428,True
544,Stacking,2027-07-04 04:30:00,211.0,214.3846120551376,True
544,Stacking,2027-07-04 04:35:00,209.0,214.0043905384749,True
544,Stacking,2027-07-04 04:40:00,207.0,209.28541557948913,True
544,Stacking,2027-07-04 04:45:00,205.0,209.16249186919137,True
544,Stacking,2027-07-04 04:50:00,202.0,207.16591884322742,True
544,Stacking,2027-07-04 04:55:00,200.0,210.162282642551,True
544,Stacking,2027-07-04 05:00:00,200.0,205.35573516376942,True
544,Stacking,2027-07-04 05:05:00,200.0,200.26069149945505,True
544,Stacking,2027-07-04 05:10:00,198.0,199.06002058354179,True
544,Stacking,2027-07-04 05:15:00,195.0,196.23002925113644,True
544,Stacking,2027-07-04 05:20:00,191.0,192.47783732777137,True
544,Stacking,2027-07-04 05:25:00,188.0,191.63514546575402,True
544,Stacking,2027-07-04 05:30:00,185.0,197.4692942321753,True
544,Stacking,2027-07-04 05:35:00,183.0,197.78853533366456,True
544,Stacking,2027-07-04 05:40:00,180.0,191.26021862878943,True
544,Stacking,2027-07-04 05:45:00,175.0,189.06329171856368,True
544,Stacking,2027-07-04 05:50:00,173.0,186.13311702158495,True
544,Stacking,2027-07-04 05:55:00,174.0,181.51929451161806,True
544,Stacking,2027-07-04 06:00:00,171.0,178.38456712391007,True
544,Stacking,2027-07-04 06:05:00,170.0,177.7923799742788,True
544,Stacking,2027-07-04 06:10:00,168.0,173.23344006643407,True
544,Stacking,2027-07-04 06:15:00,163.0,166.602374984979,True
544,Stacking,2027-07-04 06:20:00,159.0,168.11652076667949,True
544,Stacking,2027-07-04 06:25:00,156.0,175.74205600078383,True
544,Stacking,2027-07-04 06:30:00,154.0,163.08714003108415,True
544,Stacking,2027-07-04 06:35:00,151.0,167.66109396079136,True
544,Stacking,2027-07-04 06:40:00,149.0,163.86425356013766,True
544,Stacking,2027-07-04 06:45:00,147.0,154.89445190027783,True
544,Stacking,2027-07-04 06:50:00,145.0,153.93103881852906,True
544,Stacking,2027-07-04 06:55:00,144.0,150.05257037825749,True
544,Stacking,2027-07-04 07:00:00,144.0,147.61763992227787,True
544,Stacking,2027-07-04 07:05:00,144.0,145.51310606608422,True
544,Stacking,2027-07-04 07:10:00,144.0,144.89342105799406,True
544,Stacking,2027-07-04 07:15:00,144.0,143.03935284097128,True
544,Stacking,2027-07-04 07:20:00,144.0,141.14307524738348,True
544,Stacking,2027-07-04 07:25:00,144.0,141.97000689962286,True
544,Stacking,2027-07-04 10:15:00,126.0,159.68730176924464,False
544,Stacking,2027-07-04 10:20:00,123.0,159.56377523683258,False
544,Stacking,2027-07-04 10:25:00,118.0,159.8798135623822,False
544,Stacking,2027-07-04 10:30:00,119.0,197.2421803079248,False
544,Stacking,2027-07-04 10:35:00,122.0,191.10043472864757,False
544,Stacking,2027-07-04 10:40:00,125.0,193.69707271077885,False
544,Stacking,2027-07-04 10:45:00,120.0,142.74546797044292,True
544,Stacking,2027-07-04 10:50:00,111.0,131.40174814312994,True
544,Stacking,2027-07-04 10:55:00,104.0,120.40704672569517,True
544,Stacking,2027-07-04 11:00:00,100.0,126.89882379246407,True
544,Stacking,2027-07-04 11:05:00,105.0,135.93091628081584,True
544,Stacking,2027-07-04 11:10:00,119.0,136.92005897459873,True
544,Stacking,2027-07-04 11:15:00,127.0,112.30502634640371,True
544,Stacking,2027-07-04 11:20:00,132.0,103.44625411548179,True
544,Stacking,2027-07-04 11:25:00,133.0,94.11819865860996,True
544,Stacking,2027-07-04 11:30:00,132.0,92.55977203689241,True
544,Stacking,2027-07-04 11:35:00,131.0,117.39535514364147,True
544,Stacking,2027-07-04 11:40:00,131.0,140.63479420320735,True
544,Stacking,2027-07-04 11:45:00,131.0,159.78437572326945,True
544,Stacking,2027-07-04 11:50:00,131.0,150.37143115503463,True
544,Stacking,2027-07-04 11:55:00,130.0,148.2457799128685,True
544,Stacking,2027-07-04 12:00:00,132.0,137.37769324367133,True
544,Stacking,2027-07-04 12:05:00,145.0,132.35088274038432,True
544,Stacking,2027-07-04 12:10:00,150.0,134.2459878816545,True
544,Stacking,2027-07-04 12:15:00,146.0,131.1476622666013,True
544,Stacking,2027-07-04 12:20:00,144.0,131.10962928999206,True
544,Stacking,2027-07-04 12:25:00,140.0,124.9740262476837,True
544,Stacking,2027-07-04 12:30:00,136.0,136.48318403917165,True
544,Stacking,2027-07-04 12:35:00,133.0,160.40326014781857,True
544,Stacking,2027-07-04 12:40:00,129.0,156.44609001173092,True
544,Stacking,2027-07-04 12:45:00,122.0,133.6533760039656,True
544,Stacking,2027-07-04 12:50:00,105.0,133.49368220928,True
544,Stacking,2027-07-04 12:55:00,97.0,126.09144333639219,True
544,Stacking,2027-07-04 13:00:00,91.0,123.82366896205357,True
544,Stacking,2027-07-04 13:05:00,81.0,123.40261892362666,True
544,Stacking,2027-07-04 13:10:00,77.0,116.04691810141553,True
544,Stacking,2027-07-04 13:15:00,81.0,103.36313484239639,True
544,Stacking,2027-07-04 13:20:00,86.0,89.60351161217397,True
544,Stacking,2027-07-04 13:25:00,89.0,86.71935289530997,True
544,Stacking,2027-07-04 13:30:00,94.0,82.11651746441275,True
544,Stacking,2027-07-04 13:35:00,98.0,74.0805591539698,True
544,Stacking,2027-07-04 13:40:00,99.0,77.79261737801026,True
544,Stacking,2027-07-04 13:45:00,102.0,99.59683767043613,True
544,Stacking,2027-07-04 13:50:00,107.0,102.84550697206078,True
544,Stacking,2027-07-04 13:55:00,112.0,100.9654928035475,True
544,Stacking,2027-07-04 14:00:00,118.0,113.88364862699348,True
544,Stacking,2027-07-04 14:05:00,123.0,113.8349391650163,True
544,Stacking,2027-07-04 14:10:00,120.0,104.96079483426087,True
544,Stacking,2027-07-04 14:15:00,112.0,115.01646773261149,True
544,Stacking,2027-07-04 14:20:00,103.0,122.29001653829843,True
544,Stacking,2027-07-04 14:25:00,94.0,125.49346001870884,True
544,Stacking,2027-07-04 14:30:00,85.0,135.19936353839438,True
544,Stacking,2027-07-04 14:35:00,76.0,138.3122693761947,True
544,Stacking,2027-07-04 14:40:00,73.0,116.50068354913748,True
544,Stacking,2027-07-04 14:45:00,72.0,105.94433525429173,True
544,Stacking,2027-07-04 14:50:00,71.0,94.30598108969882,True
544,Stacking,2027-07-04 14:55:00,67.0,86.67547286597552,True
544,Stacking,2027-07-04 15:00:00,65.0,79.49933929782685,True
544,Stacking,2027-07-04 15:05:00,74.0,74.28199073589415,True
544,Stacking,2027-07-04 15:10:00,89.0,79.5585695756815,True
544,Stacking,2027-07-04 15:15:00,94.0,79.58822141942821,True
544,Stacking,2027-07-04 15:20:00,107.0,77.56065550575622,True
544,Stacking,2027-07-04 15:25:00,120.0,73.55182060241464,True
544,Stacking,2027-07-04 15:30:00,135.0,75.86043369093008,True
544,Stacking,2027-07-04 15:35:00,147.0,105.60404615366461,True
544,Stacking,2027-07-04 15:40:00,155.0,125.44111616191981,True
544,Stacking,2027-07-04 15:45:00,152.0,113.41682522312755,True
544,Stacking,2027-07-04 15:50:00,146.0,144.80401209911295,True
544,Stacking,2027-07-04 15:55:00,144.0,155.93153899382835,True
544,Stacking,2027-07-04 16:00:00,148.0,172.7928059705655,True
544,Stacking,2027-07-04 16:05:00,148.0,175.4682221737083,True
544,Stacking,2027-07-04 16:10:00,148.0,173.42335036648055,True
544,Stacking,2027-07-04 16:15:00,148.0,150.7106241028637,True
544,Stacking,2027-07-04 16:20:00,246.0,141.52061394463018,True
544,Stacking,2027-07-04 16:25:00,262.0,142.33992152132882,True
544,Stacking,2027-07-04 16:30:00,271.0,154.80363519861413,True
544,Stacking,2027-07-04 16:35:00,277.0,149.63564400906003,True
544,Stacking,2027-07-04 16:40:00,280.0,150.98806415681545,True
544,Stacking,2027-07-04 16:45:00,279.0,151.59541729672128,True
544,Stacking,2027-07-04 16:50:00,278.0,273.36695143378915,True
544,Stacking,2027-07-04 16:55:00,273.0,277.4202247410615,True
544,Stacking,2027-07-04 17:00:00,267.0,282.187323256172,True
544,Stacking,2027-07-04 17:05:00,266.0,283.2987640864129,True
544,Stacking,2027-07-04 17:10:00,267.0,281.90159157550465,True
544,Stacking,2027-07-04 17:15:00,268.0,277.5703641111619,True
544,Stacking,2027-07-04 17:20:00,265.0,275.4574787399375,True
544,Stacking,2027-07-04 17:25:00,266.0,256.62886485282024,True
544,Stacking,2027-07-04 17:30:00,274.0,251.07230645077428,True
544,Stacking,2027-07-04 17:35:00,279.0,264.3627137683178,True
544,Stacking,2027-07-04 17:40:00,274.0,265.65891415916985,True
544,Stacking,2027-07-04 17:45:00,275.0,272.37077372158603,True
544,Stacking,2027-07-04 17:50:00,280.0,258.7944654794039,True
544,Stacking,2027-07-04 17:55:00,280.0,262.6556486144523,True
544,Stacking,2027-07-04 18:00:00,274.0,277.92398097770524,True
544,Stacking,2027-07-04 18:05:00,270.0,278.87619029607265,True
544,Stacking,2027-07-04 18:10:00,268.0,252.60210359286958,True
544,Stacking,2027-07-04 18:15:00,270.0,263.7680784011052,True
544,Stacking,2027-07-04 18:20:00,272.0,276.08601624285325,True
544,Stacking,2027-07-04 18:25:00,289.0,261.97874391471953,True
544,Stacking,2027-07-04 18:30:00,307.0,247.40084671551767,True
544,Stacking,2027-07-04 18:35:00,313.0,243.55449374977772,True
544,Stacking,2027-07-04 18:40:00,313.0,247.79836315785099,True
544,Stacking,2027-07-04 18:45:00,314.0,256.6258254596579,True
544,Stacking,2027-07-04 18:50:00,316.0,260.20029230760497,True
544,Stacking,2027-07-04 18:55:00,312.0,292.3258556072509,True
544,Stacking,2027-07-04 19:00:00,304.0,308.4721246960461,True
544,Stacking,2027-07-04 19:05:00,298.0,303.2741763615677,True
544,Stacking,2027-07-04 19:10:00,304.0,291.5902758811882,True
544,Stacking,2027-07-04 19:15:00,311.0,305.3659050583418,True
544,Stacking,2027-07-04 19:20:00,313.0,308.469870561428,True
544,Stacking,2027-07-04 19:25:00,320.0,285.0589573194077,True
544,Stacking,2027-07-04 19:30:00,321.0,269.4211043518783,True
544,Stacking,2027-07-04 19:35:00,314.0,264.6996524672177,True
544,Stacking,2027-07-04 19:40:00,312.0,293.5225656518546,True
544,Stacking,2027-07-04 19:45:00,310.0,300.36262388388036,True
544,Stacking,2027-07-04 19:50:00,301.0,297.9418743055222,True
544,Stacking,2027-07-04 19:55:00,293.0,309.9955550418481,True
544,Stacking,2027-07-04 20:00:00,293.0,304.48900715821605,True
544,Stacking,2027-07-04 20:05:00,301.0,278.6307881748601,True
544,Stacking,2027-07-04 20:10:00,307.0,290.2013593821255,True
544,Stacking,2027-07-04 20:15:00,306.0,287.22380927851964,True
544,Stacking,2027-07-04 20:20:00,300.0,263.59244105480605,True
544,Stacking,2027-07-04 20:25:00,296.0,258.61018827822784,True
544,Stacking,2027-07-04 20:30:00,296.0,274.5486145584864,True
544,Stacking,2027-07-04 20:35:00,292.0,293.1438507284971,True
544,Stacking,2027-07-04 20:40:00,284.0,298.89281551179124,True
544,Stacking,2027-07-04 20:45:00,273.0,288.62280455617406,True
544,Stacking,2027-07-04 20:50:00,262.0,271.9928379280111,True
