patient,model,timestamp,y_true,y_pred,in_eval_mask
575,Persistence,2022-01-02 00:00:00,209.0,214.0,True
575,Persistence,2022-01-02 00:05:00,209.0,217.0,True
575,Persistence,2022-01-02 00:10:00,208.0,217.0,True
575,Persistence,2022-01-02 00:15:00,207.0,212.0,True
575,Persistence,2022-01-02 00:20:00,201.0,209.0,True
575,Persistence,2022-01-02 00:25:00,190.0,208.0,True
575,Persistence,2022-01-02 00:30:00,183.0,209.0,True
575,Persistence,2022-01-02 00:35:00,179.0,209.0,True
575,Persistence,2022-01-02 00:40:00,180.0,208.0,True
575,Persistence,2022-01-02 00:45:00,177.0,207.0,True
575,Persistence,2022-01-02 00:50:00,174.0,201.0,True
575,Persistence,2022-01-02 00:55:00,173.0,190.0,True
575,Persistence,2022-01-02 01:00:00,173.0,183.0,True
575,Persistence,2022-01-02 01:05:00,171.0,179.0,True
575,Persistence,2022-01-02 01:10:00,169.0,180.0,True
575,Persistence,2022-01-02 01:15:00,167.0,177.0,True
575,Persistence,2022-01-02 01:20:00,162.0,174.0,True
575,Persistence,2022-01-02 01:25:00,160.0,173.0,True
575,Persistence,2022-01-02 01:30:00,158.0,173.0,True
575,Persistence,2022-01-02 01:35:00,156.0,171.0,True
575,Persistence,2022-01-02 01:40:00,155.0,169.0,True
575,Persistence,2022-01-02 01:45:00,154.0,167.0,True
575,Persistence,2022-01-02 01:50:00,153.0,162.0,True
575,Persistence,2022-01-02 01:55:00,153.0,160.0,True
575,Persistence,2022-01-02 02:00:00,153.0,158.0,True
575,Persistence,2022-01-02 02:05:00,153.0,156.0,True
575,Persistence,2022-01-02 02:10:00,152.0,155.0,True
575,Persistence,2022-01-02 02:15:00,151.0,154.0,True
575,Persistence,2022-01-02 02:20:00,150.0,153.0,True
575,Persistence,2022-01-02 02:25:00,148.0,153.0,True
575,Persistence,2022-01-02 02:30:00,148.0,153.0,True
575,Persistence,2022-01-02 02:35:00,148.0,153.0,True
575,Persistence,2022-01-02 02:40:00,147.0,152.0,True
575,Persistence,2022-01-02 02:45:00,146.0,151.0,True
575,Persistence,2022-01-02 02:50:00,145.0,150.0,True
575,Persistence,2022-01-02 02:55:00,145.0,148.0,True
575,Persistence,2022-01-02 03:00:00,146.0,148.0,True
575,Persistence,2022-01-02 03:05:00,148.0,148.0,True
575,Persistence,2022-01-02 03:10:00,147.0,147.0,True
575,Persistence,2022-01-02 03:15:00,146.0,146.0,True
575,Persistence,2022-01-02 03:20:00,146.0,145.0,True
575,Persistence,2022-01-02 03:25:00,146.0,145.0,True
575,Persistence,2022-01-02 03:30:00,146.0,146.0,True
575,Persistence,2022-01-02 03:35:00,145.0,148.0,True
575,Persistence,2022-01-02 03:40:00,145.0,147.0,True
575,Persistence,2022-01-02 03:45:00,143.0,146.0,True
575,Persistence,2022-01-02 03:50:00,142.0,146.0,True
575,Persistence,2022-01-02 03:55:00,142.0,146.0,True
575,Persistence,2022-01-02 04:00:00,142.0,146.0,True
575,Persistence,2022-01-02 04:05:00,142.0,145.0,True
575,Persistence,2022-01-02 04:10:00,141.0,145.0,True
575,Persistence,2022-01-02 04:15:00,141.0,143.0,True
575,Persistence,2022-01-02 04:20:00,141.0,142.0,True
575,Persistence,2022-01-02 04:25:00,140.0,142.0,True
575,Persistence,2022-01-02 04:30:00,141.0,142.0,True
575,Persistence,2022-01-02 04:35:00,141.0,142.0,True
575,Persistence,2022-01-02 04:40:00,141.0,141.0,True
575,Persistence,2022-01-02 04:45:00,144.0,141.0,True
575,Persistence,2022-01-02 04:50:00,146.0,141.0,True
575,Persistence,2022-01-02 04:55:00,146.0,140.0,True
575,Persistence,2022-01-02 05:00:00,146.0,141.0,True
575,Persistence,2022-01-02 05:05:00,147.0,141.0,True
575,Persistence,2022-01-02 05:10:00,147.0,141.0,True
575,Persistence,2022-01-02 05:15:00,147.0,144.0,True
575,Persistence,2022-01-02 05:20:00,148.0,146.0,True
575,Persistence,2022-01-02 05:25:00,149.0,146.0,True
575,Persistence,2022-01-02 05:30:00,150.0,146.0,True
575,Persistence,2022-01-02 05:35:00,150.0,147.0,True
575,Persistence,2022-01-02 05:40:00,150.0,147.0,True
575,Persistence,2022-01-02 05:45:00,150.0,147.0,True
575,Persistence,2022-01-02 05:50:00,150.0,148.0,True
575,Persistence,2022-01-02 05:55:00,150.0,149.0,True
575,Persistence,2022-01-02 06:00:00,150.0,150.0,True
575,Persistence,2022-01-02 06:05:00,150.0,150.0,True
575,Persistence,2022-01-02 06:10:00,148.0,150.0,True
575,Persistence,2022-01-02 06:15:00,148.0,150.0,True
575,Persistence,2022-01-02 06:20:00,148.0,150.0,True
575,Persistence,2022-01-02 06:25:00,148.0,150.0,True
575,Persistence,2022-01-02 06:30:00,149.0,150.0,True
575,Persistence,2022-01-02 06:35:00,150.0,150.0,True
575,Persistence,2022-01-02 06:40:00,152.0,148.0,True
575,Persistence,2022-01-02 06:45:00,154.0,148.0,True
575,Persistence,2022-01-02 06:50:00,155.0,148.0,True
575,Persistence,2022-01-02 06:55:00,156.0,148.0,True
575,Persistence,2022-01-02 07:00:00,156.0,149.0,True
575,Persistence,2022-01-02 07:05:00,156.0,150.0,True
575,Persistence,2022-01-02 07:10:00,157.0,152.0,True
575,Persistence,2022-01-02 07:15:00,157.0,154.0,True
575,Persistence,2022-01-02 07:20:00,156.0,155.0,True
575,Persistence,2022-01-02 07:25:00,155.0,156.0,True
575,Persistence,2022-01-02 07:30:00,155.0,156.0,True
575,Persistence,2022-01-02 07:35:00,156.0,156.0,True
575,Persistence,2022-01-02 07:40:00,157.0,157.0,True
575,Persistence,2022-01-02 07:45:00,158.0,157.0,True
575,Persistence,2022-01-02 07:50:00,159.0,156.0,True
575,Persistence,2022-01-02 07:55:00,160.0,155.0,True
575,Persistence,2022-01-02 08:00:00,163.0,155.0,True
575,Persistence,2022-01-02 08:05:00,163.0,156.0,True
575,Persistence,2022-01-02 08:10:00,162.0,157.0,True
575,Persistence,2022-01-02 08:15:00,164.0,158.0,True
575,Persistence,2022-01-02 08:20:00,166.0,159.0,True
575,Persistence,2022-01-02 08:25:00,171.0,160.0,True
575,Persistence,2022-01-02 08:30:00,173.0,163.0,True
575,Persistence,2022-01-02 08:35:00,175.0,163.0,True
575,Persistence,2022-01-02 08:40:00,179.0,162.0,True
575,Persistence,2022-01-02 08:45:00,183.0,164.0,True
575,Persistence,2022-01-02 08:50:00,185.0,166.0,True
575,Persistence,2022-01-02 08:55:00,191.0,171.0,True
575,Persistence,2022-01-02 09:00:00,199.0,173.0,True
575,Persistence,2022-01-02 09:05:00,202.0,175.0,True
575,Persistence,2022-01-02 09:10:00,208.0,179.0,True
575,Persistence,2022-01-02 09:15:00,171.0,183.0,True
575,Persistence,2022-01-02 09:20:00,179.0,185.0,True
575,Persistence,2022-01-02 09:25:00,188.0,191.0,True
575,Persistence,2022-01-02 09:30:00,197.0,199.0,True
575,Persistence,2022-01-02 09:35:00,204.0,202.0,True
575,Persistence,2022-01-02 09:40:00,212.0,208.0,True
575,Persistence,2022-01-02 09:45:00,219.0,171.0,True
575,Persistence,2022-01-02 09:50:00,224.0,179.0,True
575,Persistence,2022-01-02 09:55:00,230.0,188.0,True
575,Persistence,2022-01-02 10:00:00,235.0,197.0,True
575,Persistence,2022-01-02 10:05:00,241.0,204.0,True
575,Persistence,2022-01-02 10:10:00,248.0,212.0,True
575,Persistence,2022-01-02 10:15:00,252.0,219.0,True
575,Persistence,2022-01-02 10:20:00,255.0,224.0,True
575,Persistence,2022-01-02 10:25:00,257.0,230.0,True
575,Persistence,2022-01-02 10:30:00,258.0,235.0,True
575,Persistence,2022-01-02 10:35:00,257.0,241.0,True
575,Persistence,2022-01-02 10:40:00,261.0,248.0,True
575,Persistence,2022-01-02 10:45:00,261.0,252.0,True
575,Persistence,2022-01-02 10:50:00,260.0,255.0,True
575,Persistence,2022-01-02 10:55:00,257.0,257.0,True
575,Persistence,2022-01-02 11:00:00,252.0,258.0,True
575,Persistence,2022-01-02 11:05:00,246.0,257.0,True
575,Persistence,2022-01-02 11:10:00,240.0,261.0,True
575,Persistence,2022-01-02 11:15:00,236.0,261.0,True
575,Persistence,2022-01-02 11:20:00,233.0,260.0,True
575,Persistence,2022-01-02 11:25:00,230.0,257.0,True
575,Persistence,2022-01-02 11:30:00,226.0,252.0,True
575,Persistence,2022-01-02 11:35:00,224.0,246.0,True
575,Persistence,2022-01-02 11:40:00,221.0,240.0,True
575,Persistence,2022-01-02 11:45:00,217.0,236.0,True
575,Persistence,2022-01-02 11:50:00,212.0,233.0,True
575,Persistence,2022-01-02 11:55:00,204.0,230.0,True
575,Persistence,2022-01-02 12:00:00,198.0,226.0,True
575,Persistence,2022-01-02 12:05:00,196.0,224.0,True
575,Persistence,2022-01-02 12:10:00,197.0,221.0,True
575,Persistence,2022-01-02 12:15:00,203.0,217.0,True
575,Persistence,2022-01-02 12:20:00,205.0,212.0,True
575,Persistence,2022-01-02 12:25:00,204.0,204.0,True
575,Persistence,2022-01-02 12:30:00,211.0,198.0,True
575,Persistence,2022-01-02 12:35:00,215.0,196.0,True
575,Persistence,2022-01-02 12:40:00,218.0,197.0,True
575,Persistence,2022-01-02 12:45:00,220.0,203.0,True
575,Persistence,2022-01-02 12:50:00,222.0,205.0,True
575,Persistence,2022-01-02 12:55:00,235.0,204.0,True
575,Persistence,2022-01-02 13:00:00,242.0,211.0,True
575,Persistence,2022-01-02 13:05:00,251.0,215.0,True
575,Persistence,2022-01-02 13:10:00,257.0,218.0,True
575,Persistence,2022-01-02 13:15:00,265.0,220.0,True
575,Persistence,2022-01-02 13:20:00,267.0,222.0,True
575,Persistence,2022-01-02 13:25:00,268.0,235.0,True
575,Persistence,2022-01-02 13:30:00,267.0,242.0,True
575,Persistence,2022-01-02 13:35:00,266.0,251.0,True
575,Persistence,2022-01-02 13:40:00,265.0,257.0,True
575,Persistence,2022-01-02 13:45:00,262.0,265.0,True
575,Persistence,2022-01-02 13:50:00,259.0,267.0,True
575,Persistence,2022-01-02 13:55:00,257.0,268.0,True
575,Persistence,2022-01-02 14:00:00,255.0,267.0,True
575,Persistence,2022-01-02 14:05:00,256.0,266.0,True
575,Persistence,2022-01-02 14:10:00,253.0,265.0,True
575,Persistence,2022-01-02 14:15:00,246.0,262.0,True
575,Persistence,2022-01-02 14:20:00,229.0,259.0,True
575,Persistence,2022-01-02 14:25:00,218.0,257.0,True
575,Persistence,2022-01-02 14:30:00,213.0,255.0,True
575,Persistence,2022-01-02 14:35:00,210.0,256.0,True
575,Persistence,2022-01-02 14:40:00,207.0,253.0,True
575,Persistence,2022-01-02 14:45:00,209.0,246.0,True
575,Persistence,2022-01-02 14:50:00,216.0,229.0,True
575,Persistence,2022-01-02 14:55:00,216.0,218.0,True
575,Persistence,2022-01-02 15:00:00,216.0,213.0,True
575,Persistence,2022-01-02 15:05:00,217.0,210.0,True
575,Persistence,2022-01-02 15:10:00,221.0,207.0,True
575,Persistence,2022-01-02 15:15:00,225.0,209.0,True
575,Persistence,2022-01-02 15:20:00,228.0,216.0,True
575,Persistence,2022-01-02 15:25:00,229.0,216.0,True
575,Persistence,2022-01-02 15:30:00,227.0,216.0,True
575,Persistence,2022-01-02 15:35:00,229.0,217.0,True
575,Persistence,2022-01-02 15:40:00,231.0,221.0,True
575,Persistence,2022-01-02 15:45:00,230.0,225.0,True
575,Persistence,2022-01-02 15:50:00,229.0,228.0,True
575,Persistence,2022-01-02 15:55:00,229.0,229.0,True
575,Persistence,2022-01-02 16:00:00,227.0,227.0,True
575,Persistence,2022-01-02 16:05:00,222.0,229.0,True
575,Persistence,2022-01-02 16:10:00,221.0,231.0,True
575,Persistence,2022-01-02 16:15:00,221.0,230.0,True
575,Persistence,2022-01-02 16:20:00,224.0,229.0,True
575,Persistence,2022-01-02 16:25:00,232.0,229.0,True
575,Persistence,2022-01-02 16:30:00,235.0,227.0,True
575,Persistence,2022-01-02 16:35:00,230.0,222.0,True
575,Persistence,2022-01-02 16:40:00,224.0,221.0,True
575,Persistence,2022-01-02 16:45:00,221.0,221.0,True
575,Persistence,2022-01-02 16:50:00,218.0,224.0,True
575,Persistence,2022-01-02 16:55:00,219.0,232.0,True
575,Persistence,2022-01-02 17:00:00,219.0,235.0,True
575,Persistence,2022-01-02 17:05:00,222.0,230.0,True
575,Persistence,2022-01-02 17:10:00,226.0,224.0,True
575,Persistence,2022-01-02 17:15:00,234.0,221.0,True
575,Persistence,2022-01-02 17:20:00,239.0,218.0,True
575,Persistence,2022-01-02 17:25:00,240.0,219.0,True
575,Persistence,2022-01-02 17:30:00,245.0,219.0,True
575,Persistence,2022-01-02 17:35:00,250.0,222.0,True
575,Persistence,2022-01-02 17:40:00,254.0,226.0,True
575,Persistence,2022-01-02 17:45:00,253.0,234.0,True
575,Persistence,2022-01-02 17:50:00,248.0,239.0,True
575,Persistence,2022-01-02 17:55:00,241.0,240.0,True
575,Persistence,2022-01-02 18:00:00,233.0,245.0,True
575,Persistence,2022-01-02 18:05:00,225.0,250.0,True
575,Persistence,2022-01-02 18:10:00,218.0,254.0,True
575,Persistence,2022-01-02 18:15:00,208.0,253.0,True
575,Persistence,2022-01-02 18:20:00,199.0,248.0,True
575,Persistence,2022-01-02 18:25:00,192.0,241.0,True
575,Persistence,2022-01-02 18:30:00,183.0,233.0,True
575,Persistence,2022-01-02 18:35:00,175.0,225.0,True
575,Persistence,2022-01-02 18:40:00,166.0,218.0,True
575,Persistence,2022-01-02 18:45:00,158.0,208.0,True
575,Persistence,2022-01-02 18:50:00,152.0,199.0,True
575,Persistence,2022-01-02 18:55:00,146.0,192.0,True
575,Persistence,2022-01-02 19:00:00,137.0,183.0,True
575,Persistence,2022-01-02 19:05:00,132.0,175.0,True
575,Persistence,2022-01-02 19:10:00,126.0,166.0,True
575,Persistence,2022-01-02 19:15:00,122.0,158.0,True
575,Persistence,2022-01-02 19:20:00,120.0,152.0,True
575,Persistence,2022-01-02 19:25:00,120.0,146.0,True
575,Persistence,2022-01-02 19:30:00,114.0,137.0,True
575,Persistence,2022-01-02 19:35:00,107.0,132.0,True
575,Persistence,2022-01-02 19:40:00,102.0,126.0,True
575,Persistence,2022-01-02 19:45:00,100.0,122.0,True
575,Persistence,2022-01-02 19:50:00,97.0,120.0,True
575,Persistence,2022-01-02 19:55:00,99.0,120.0,True
575,Persistence,2022-01-02 20:00:00,98.0,114.0,True
575,Persistence,2022-01-02 20:05:00,96.0,107.0,True
575,Persistence,2022-01-02 20:10:00,95.0,102.0,True
575,Persistence,2022-01-02 20:15:00,96.0,100.0,True
575,Persistence,2022-01-02 20:20:00,98.0,97.0,True
575,Persistence,2022-01-02 20:25:00,101.0,99.0,True
575,Persistence,2022-01-02 20:30:00,104.0,98.0,True
575,Persistence,2022-01-02 20:35:00,108.0,96.0,True
575,Persistence,2022-01-02 20:40:00,110.0,95.0,True
575,Persistence,2022-01-02 20:45:00,109.0,96.0,True
575,Persistence,2022-01-02 20:50:00,78.0,98.0,True
575,Persistence,2022-01-02 20:55:00,81.0,101.0,True
575,Persistence,2022-01-02 21:00:00,80.0,104.0,True
575,Persistence,2022-01-02 21:05:00,81.0,108.0,True
575,Persistence,2022-01-02 21:10:00,81.0,110.0,True
575,Persistence,2022-01-02 21:15:00,80.0,109.0,True
575,Persistence,2022-01-02 21:20:00,78.0,78.0,True
575,Persistence,2022-01-02 21:25:00,78.0,81.0,True
575,Persistence,2022-01-02 21:30:00,78.0,80.0,True
575,Persistence,2022-01-02 21:35:00,77.0,81.0,True
575,Persistence,2022-01-02 21:40:00,76.0,81.0,True
575,Persistence,2022-01-02 21:45:00,78.0,80.0,True
575,Persistence,2022-01-02 21:50:00,80.0,78.0,True
575,Persistence,2022-01-02 21:55:00,81.0,78.0,True
575,Persistence,2022-01-02 22:00:00,80.0,78.0,True
575,Persistence,2022-01-02 22:05:00,82.0,77.0,True
575,Persistence,2022-01-02 22:10:00,84.0,76.0,True
575,Persistence,2022-01-02 22:15:00,90.0,78.0,True
575,Persistence,2022-01-02 22:20:00,93.0,80.0,True
575,Persistence,2022-01-02 22:25:00,95.0,81.0,True
575,Persistence,2022-01-02 22:30:00,96.0,80.0,True
575,Persistence,2022-01-02 22:35:00,99.0,82.0,True
575,Persistence,2022-01-02 22:40:00,103.0,84.0,True
575,Persistence,2022-01-02 22:45:00,105.0,90.0,True
575,Persistence,2022-01-02 22:50:00,108.0,93.0,True
575,Persistence,2022-01-02 22:55:00,108.0,95.0,True
575,Persistence,2022-01-02 23:00:00,111.0,96.0,True
575,Persistence,2022-01-02 23:05:00,113.0,99.0,True
575,Persistence,2022-01-02 23:10:00,114.0,103.0,True
575,Persistence,2022-01-02 23:15:00,112.0,105.0,True
575,Persistence,2022-01-02 23:20:00,109.0,108.0,True
575,Persistence,2022-01-02 23:25:00,107.0,108.0,True
575,Persistence,2022-01-02 23:30:00,105.0,111.0,True
575,Persistence,2022-01-02 23:35:00,104.0,113.0,True
575,Persistence,2022-01-02 23:40:00,102.0,114.0,True
575,Persistence,2022-01-02 23:45:00,101.0,112.0,True
575,Persistence,2022-01-02 23:50:00,101.0,109.0,True
575,Persistence,2022-01-02 23:55:00,100.0,107.0,True
575,Persistence,2022-01-03 00:00:00,100.0,105.0,True
575,Persistence,2022-01-03 00:05:00,99.0,104.0,True
575,Persistence,2022-01-03 00:10:00,100.0,102.0,True
575,Persistence,2022-01-03 00:15:00,100.0,101.0,True
575,Persistence,2022-01-03 00:20:00,101.0,101.0,True
575,Persistence,2022-01-03 00:25:00,101.0,100.0,True
575,Persistence,2022-01-03 00:30:00,102.0,100.0,True
575,Persistence,2022-01-03 00:35:00,102.0,99.0,True
575,Persistence,2022-01-03 00:40:00,103.0,100.0,True
575,Persistence,2022-01-03 00:45:00,102.0,100.0,True
575,Persistence,2022-01-03 00:50:00,100.0,101.0,True
575,Persistence,2022-01-03 00:55:00,98.0,101.0,True
575,Persistence,2022-01-03 01:00:00,96.0,102.0,True
575,Persistence,2022-01-03 01:05:00,94.0,102.0,True
575,Persistence,2022-01-03 01:10:00,93.0,103.0,True
575,Persistence,2022-01-03 01:15:00,91.0,102.0,True
575,Persistence,2022-01-03 01:20:00,91.0,100.0,True
575,Persistence,2022-01-03 01:25:00,90.0,98.0,True
575,Persistence,2022-01-03 01:30:00,90.0,96.0,True
575,Persistence,2022-01-03 01:35:00,91.0,94.0,True
575,Persistence,2022-01-03 01:40:00,90.0,93.0,True
575,Persistence,2022-01-03 01:45:00,90.0,91.0,True
575,Persistence,2022-01-03 01:50:00,88.0,91.0,True
575,Persistence,2022-01-03 01:55:00,86.0,90.0,True
575,Persistence,2022-01-03 02:00:00,85.0,90.0,True
575,Persistence,2022-01-03 02:05:00,85.0,91.0,True
575,Persistence,2022-01-03 02:10:00,84.0,90.0,True
575,Persistence,2022-01-03 02:15:00,83.0,90.0,True
575,Persistence,2022-01-03 02:20:00,82.0,88.0,True
575,Persistence,2022-01-03 02:25:00,80.0,86.0,True
575,Persistence,2022-01-03 02:30:00,80.0,85.0,True
575,Persistence,2022-01-03 02:35:00,79.0,85.0,True
575,Persistence,2022-01-03 02:40:00,78.0,84.0,True
575,Persistence,2022-01-03 02:45:00,78.0,83.0,True
575,Persistence,2022-01-03 02:50:00,77.0,82.0,True
575,Persistence,2022-01-03 02:55:00,75.0,80.0,True
575,Persistence,2022-01-03 03:00:00,74.0,80.0,True
575,Persistence,2022-01-03 03:05:00,74.0,79.0,True
575,Persistence,2022-01-03 03:10:00,73.0,78.0,True
575,Persistence,2022-01-03 03:15:00,73.0,78.0,True
575,Persistence,2022-01-03 03:20:00,72.0,77.0,True
575,Persistence,2022-01-03 03:25:00,72.0,75.0,True
575,Persistence,2022-01-03 03:30:00,72.0,74.0,True
575,Persistence,2022-01-03 03:35:00,71.0,74.0,True
575,Persistence,2022-01-03 03:40:00,71.0,73.0,True
575,Persistence,2022-01-03 03:45:00,70.0,73.0,True
575,Persistence,2022-01-03 03:50:00,70.0,72.0,True
575,Persistence,2022-01-03 03:55:00,69.0,72.0,True
575,Persistence,2022-01-03 04:00:00,68.0,72.0,True
575,Persistence,2022-01-03 04:05:00,67.0,71.0,True
575,Persistence,2022-01-03 04:10:00,66.0,71.0,True
575,Persistence,2022-01-03 04:15:00,65.0,70.0,True
575,Persistence,2022-01-03 04:20:00,65.0,70.0,True
575,Persistence,2022-01-03 04:25:00,65.0,69.0,True
575,Persistence,2022-01-03 04:30:00,64.0,68.0,True
575,Persistence,2022-01-03 04:35:00,62.0,67.0,True
575,Persistence,2022-01-03 04:40:00,60.0,66.0,True
575,Persistence,2022-01-03 04:45:00,59.0,65.0,True
575,Persistence,2022-01-03 04:50:00,59.0,65.0,True
575,Persistence,2022-01-03 04:55:00,59.0,65.0,True
575,Persistence,2022-01-03 05:00:00,58.0,64.0,True
575,Persistence,2022-01-03 05:05:00,58.0,62.0,True
575,Persistence,2022-01-03 05:10:00,57.0,60.0,True
575,Persistence,2022-01-03 05:15:00,55.0,59.0,True
575,Persistence,2022-01-03 05:20:00,54.0,59.0,True
575,Persistence,2022-01-03 05:25:00,54.0,59.0,True
575,Persistence,2022-01-03 05:30:00,53.0,58.0,True
575,Persistence,2022-01-03 05:35:00,53.0,58.0,True
575,Persistence,2022-01-03 05:40:00,54.0,57.0,True
575,Persistence,2022-01-03 05:45:00,53.0,55.0,True
575,Persistence,2022-01-03 05:50:00,54.0,54.0,True
575,Persistence,2022-01-03 05:55:00,56.0,54.0,True
575,Persistence,2022-01-03 06:00:00,55.0,53.0,True
575,Persistence,2022-01-03 06:05:00,55.0,53.0,True
575,Persistence,2022-01-03 06:10:00,56.0,54.0,True
575,Persistence,2022-01-03 06:15:00,56.0,53.0,True
575,Persistence,2022-01-03 06:20:00,56.0,54.0,True
575,Persistence,2022-01-03 06:25:00,58.0,56.0,True
575,Persistence,2022-01-03 06:30:00,59.0,55.0,True
575,Persistence,2022-01-03 06:35:00,59.0,55.0,True
575,Persistence,2022-01-03 06:40:00,59.0,56.0,True
575,Persistence,2022-01-03 06:45:00,60.0,56.0,True
575,Persistence,2022-01-03 06:50:00,71.0,56.0,True
575,Persistence,2022-01-03 06:55:00,73.0,58.0,True
575,Persistence,2022-01-03 07:00:00,76.0,59.0,True
575,Persistence,2022-01-03 07:05:00,81.0,59.0,True
575,Persistence,2022-01-03 07:10:00,87.0,59.0,True
575,Persistence,2022-01-03 07:15:00,93.0,60.0,True
575,Persistence,2022-01-03 07:20:00,100.0,71.0,True
575,Persistence,2022-01-03 07:25:00,104.0,73.0,True
575,Persistence,2022-01-03 07:30:00,106.0,76.0,True
575,Persistence,2022-01-03 07:35:00,110.0,81.0,True
575,Persistence,2022-01-03 07:40:00,113.0,87.0,True
575,Persistence,2022-01-03 07:45:00,117.0,93.0,True
575,Persistence,2022-01-03 07:50:00,121.0,100.0,True
575,Persistence,2022-01-03 07:55:00,124.0,104.0,True
575,Persistence,2022-01-03 08:00:00,128.0,106.0,True
575,Persistence,2022-01-03 08:05:00,132.0,110.0,True
575,Persistence,2022-01-03 08:10:00,130.0,113.0,True
575,Persistence,2022-01-03 08:15:00,130.0,117.0,True
575,Persistence,2022-01-03 08:20:00,133.0,121.0,True
575,Persistence,2022-01-03 08:25:00,132.0,124.0,True
575,Persistence,2022-01-03 08:30:00,133.0,128.0,True
575,Persistence,2022-01-03 08:35:00,135.0,132.0,True
575,Persistence,2022-01-03 08:40:00,133.0,130.0,True
575,Persistence,2022-01-03 08:45:00,130.0,130.0,True
575,Persistence,2022-01-03 08:50:00,126.0,133.0,True
575,Persistence,2022-01-03 08:55:00,126.0,132.0,True
575,Persistence,2022-01-03 09:00:00,122.0,133.0,True
575,Persistence,2022-01-03 09:05:00,118.0,135.0,True
575,Persistence,2022-01-03 09:10:00,116.0,133.0,True
575,Persistence,2022-01-03 09:15:00,115.0,130.0,True
575,Persistence,2022-01-03 09:20:00,112.0,126.0,True
575,Persistence,2022-01-03 09:25:00,109.0,126.0,True
575,Persistence,2022-01-03 09:30:00,108.0,122.0,True
575,Persistence,2022-01-03 09:35:00,105.0,118.0,True
575,Persistence,2022-01-03 09:40:00,103.0,116.0,True
575,Persistence,2022-01-03 09:45:00,101.0,115.0,True
575,Persistence,2022-01-03 09:50:00,100.0,112.0,True
575,Persistence,2022-01-03 09:55:00,99.0,109.0,True
575,Persistence,2022-01-03 10:00:00,98.0,108.0,True
575,Persistence,2022-01-03 10:05:00,98.0,105.0,True
575,Persistence,2022-01-03 10:10:00,98.0,103.0,True
575,Persistence,2022-01-03 10:15:00,98.0,101.0,True
575,Persistence,2022-01-03 10:20:00,99.0,100.0,True
575,Persistence,2022-01-03 10:25:00,100.0,99.0,True
575,Persistence,2022-01-03 10:30:00,97.0,98.0,True
575,Persistence,2022-01-03 10:35:00,95.0,98.0,True
575,Persistence,2022-01-03 10:40:00,95.0,98.0,True
575,Persistence,2022-01-03 10:45:00,93.0,98.0,True
575,Persistence,2022-01-03 10:50:00,92.0,99.0,True
575,Persistence,2022-01-03 10:55:00,91.0,100.0,True
575,Persistence,2022-01-03 11:00:00,91.0,97.0,True
575,Persistence,2022-01-03 11:05:00,91.0,95.0,True
575,Persistence,2022-01-03 11:10:00,90.0,95.0,True
575,Persistence,2022-01-03 11:15:00,90.0,93.0,True
575,Persistence,2022-01-03 11:20:00,91.0,92.0,True
575,Persistence,2022-01-03 11:25:00,92.0,91.0,True
575,Persistence,2022-01-03 11:30:00,93.0,91.0,True
575,Persistence,2022-01-03 11:35:00,93.0,91.0,True
575,Persistence,2022-01-03 11:40:00,94.0,90.0,True
575,Persistence,2022-01-03 11:45:00,95.0,90.0,True
575,Persistence,2022-01-03 11:50:00,96.0,91.0,True
575,Persistence,2022-01-03 11:55:00,98.0,92.0,True
575,Persistence,2022-01-03 12:00:00,98.0,93.0,True
575,Persistence,2022-01-03 12:05:00,99.0,93.0,True
575,Persistence,2022-01-03 12:10:00,101.0,94.0,True
575,Persistence,2022-01-03 12:15:00,101.0,95.0,True
575,Persistence,2022-01-03 12:20:00,101.0,96.0,True
575,Persistence,2022-01-03 12:25:00,102.0,98.0,True
575,Persistence,2022-01-03 12:30:00,103.0,98.0,True
575,Persistence,2022-01-03 12:35:00,103.0,99.0,True
575,Persistence,2022-01-03 12:40:00,104.0,101.0,True
575,Persistence,2022-01-03 12:45:00,105.0,101.0,True
575,Persistence,2022-01-03 12:50:00,106.0,101.0,True
575,Persistence,2022-01-03 12:55:00,106.0,102.0,True
575,Persistence,2022-01-03 13:00:00,107.0,103.0,True
575,Persistence,2022-01-03 13:05:00,107.0,103.0,True
575,Persistence,2022-01-03 13:10:00,108.0,104.0,True
575,Persistence,2022-01-03 13:15:00,108.0,105.0,True
575,Persistence,2022-01-03 13:20:00,109.0,106.0,True
575,Persistence,2022-01-03 13:25:00,109.0,106.0,True
575,Persistence,2022-01-03 13:30:00,107.0,107.0,True
575,Persistence,2022-01-03 13:35:00,108.0,107.0,True
575,Persistence,2022-01-03 13:40:00,110.0,108.0,True
575,Persistence,2022-01-03 13:45:00,111.0,108.0,True
575,Persistence,2022-01-03 13:50:00,116.0,109.0,True
575,Persistence,2022-01-03 13:55:00,123.0,109.0,True
575,Persistence,2022-01-03 14:00:00,132.0,107.0,True
575,Persistence,2022-01-03 14:05:00,142.0,108.0,True
575,Persistence,2022-01-03 14:10:00,152.0,110.0,True
575,Persistence,2022-01-03 14:15:00,161.0,111.0,True
575,Persistence,2022-01-03 14:20:00,167.0,116.0,True
575,Persistence,2022-01-03 14:25:00,172.0,123.0,True
575,Persistence,2022-01-03 14:30:00,176.0,132.0,True
575,Persistence,2022-01-03 14:35:00,181.0,142.0,True
575,Persistence,2022-01-03 14:40:00,185.0,152.0,True
575,Persistence,2022-01-03 14:45:00,189.0,161.0,True
575,Persistence,2022-01-03 14:50:00,193.0,167.0,True
575,Persistence,2022-01-03 14:55:00,195.0,172.0,True
575,Persistence,2022-01-03 15:00:00,195.0,176.0,True
575,Persistence,2022-01-03 15:05:00,194.0,181.0,True
575,Persistence,2022-01-03 15:10:00,195.0,185.0,True
575,Persistence,2022-01-03 15:15:00,196.0,189.0,True
575,Persistence,2022-01-03 15:20:00,194.0,193.0,True
575,Persistence,2022-01-03 15:25:00,187.0,195.0,True
575,Persistence,2022-01-03 15:30:00,185.0,195.0,True
575,Persistence,2022-01-03 15:35:00,184.0,194.0,True
575,Persistence,2022-01-03 15:40:00,181.0,195.0,True
575,Persistence,2022-01-03 15:45:00,177.0,196.0,True
575,Persistence,2022-01-03 15:50:00,170.0,194.0,True
575,Persistence,2022-01-03 15:55:00,166.0,187.0,True
575,Persistence,2022-01-03 16:00:00,162.0,185.0,True
575,Persistence,2022-01-03 16:05:00,158.0,184.0,True
575,Persistence,2022-01-03 16:10:00,154.0,181.0,True
575,Persistence,2022-01-03 16:15:00,152.0,177.0,True
575,Persistence,2022-01-03 16:20:00,148.0,170.0,True
575,Persistence,2022-01-03 16:25:00,144.0,166.0,True
575,Persistence,2022-01-03 16:30:00,140.0,162.0,True
575,Persistence,2022-01-03 16:35:00,138.0,158.0,True
575,Persistence,2022-01-03 16:40:00,136.0,154.0,True
575,Persistence,2022-01-03 16:45:00,131.0,152.0,True
575,Persistence,2022-01-03 16:50:00,126.0,148.0,True
575,Persistence,2022-01-03 16:55:00,124.0,144.0,True
575,Persistence,2022-01-03 17:00:00,122.0,140.0,True
575,Persistence,2022-01-03 17:05:00,117.0,138.0,True
575,Persistence,2022-01-03 17:10:00,115.0,136.0,True
575,Persistence,2022-01-03 17:15:00,114.0,131.0,True
575,Persistence,2022-01-03 17:20:00,113.0,126.0,True
575,Persistence,2022-01-03 17:25:00,109.0,124.0,True
575,Persistence,2022-01-03 17:30:00,106.0,122.0,True
575,Persistence,2022-01-03 17:35:00,106.0,117.0,True
575,Persistence,2022-01-03 17:40:00,102.0,115.0,True
575,Persistence,2022-01-03 17:45:00,100.0,114.0,True
575,Persistence,2022-01-03 17:50:00,99.0,113.0,True
575,Persistence,2022-01-03 17:55:00,102.0,109.0,True
575,Persistence,2022-01-03 18:00:00,101.0,106.0,True
575,Persistence,2022-01-03 18:05:00,98.0,106.0,True
575,Persistence,2022-01-03 18:10:00,95.0,102.0,True
575,Persistence,2022-01-03 18:15:00,95.0,100.0,True
575,Persistence,2022-01-03 18:20:00,96.0,99.0,True
575,Persistence,2022-01-03 18:25:00,96.0,102.0,True
575,Persistence,2022-01-03 18:30:00,96.0,101.0,True
575,Persistence,2022-01-03 18:35:00,95.0,98.0,True
575,Persistence,2022-01-03 18:40:00,96.0,95.0,True
575,Persistence,2022-01-03 18:45:00,119.0,95.0,True
575,Persistence,2022-01-03 18:50:00,127.0,96.0,True
575,Persistence,2022-01-03 18:55:00,134.0,96.0,True
575,Persistence,2022-01-03 19:00:00,141.0,96.0,True
575,Persistence,2022-01-03 19:05:00,144.0,95.0,True
575,Persistence,2022-01-03 19:10:00,145.0,96.0,True
575,Persistence,2022-01-03 19:15:00,152.0,119.0,True
575,Persistence,2022-01-03 19:20:00,161.0,127.0,True
575,Persistence,2022-01-03 19:25:00,168.0,134.0,True
575,Persistence,2022-01-03 19:30:00,172.0,141.0,True
575,Persistence,2022-01-03 19:35:00,173.0,144.0,True
575,Persistence,2022-01-03 19:40:00,178.0,145.0,True
575,Persistence,2022-01-03 19:45:00,182.0,152.0,True
575,Persistence,2022-01-03 19:50:00,182.0,161.0,True
575,Persistence,2022-01-03 19:55:00,183.0,168.0,True
575,Persistence,2022-01-03 20:00:00,185.0,172.0,True
575,Persistence,2022-01-03 20:05:00,188.0,173.0,True
575,Persistence,2022-01-03 20:10:00,192.0,178.0,True
575,Persistence,2022-01-03 20:15:00,194.0,182.0,True
575,Persistence,2022-01-03 20:20:00,199.0,182.0,True
575,Persistence,2022-01-03 20:25:00,202.0,183.0,True
575,Persistence,2022-01-03 20:30:00,204.0,185.0,True
575,Persistence,2022-01-03 20:35:00,205.0,188.0,True
575,Persistence,2022-01-03 20:40:00,205.0,192.0,True
575,Persistence,2022-01-03 20:45:00,207.0,194.0,True
575,Persistence,2022-01-03 20:50:00,202.0,199.0,True
575,Persistence,2022-01-03 20:55:00,192.0,202.0,True
575,Persistence,2022-01-03 21:00:00,192.0,204.0,True
575,Persistence,2022-01-03 21:05:00,188.0,205.0,True
575,Persistence,2022-01-03 21:10:00,184.0,205.0,True
575,Persistence,2022-01-03 21:15:00,180.0,207.0,True
575,Persistence,2022-01-03 21:20:00,177.0,202.0,True
575,Persistence,2022-01-03 21:25:00,173.0,192.0,True
575,Persistence,2022-01-03 21:30:00,170.0,192.0,True
575,Persistence,2022-01-03 21:35:00,165.0,188.0,True
575,Persistence,2022-01-03 21:40:00,158.0,184.0,True
575,Persistence,2022-01-03 21:45:00,152.0,180.0,True
575,Persistence,2022-01-03 21:50:00,148.0,177.0,True
575,Persistence,2022-01-03 21:55:00,147.0,173.0,True
575,Persistence,2022-01-03 22:00:00,146.0,170.0,True
575,Persistence,2022-01-03 22:05:00,144.0,165.0,True
575,Persistence,2022-01-03 22:10:00,143.0,158.0,True
575,Persistence,2022-01-03 22:15:00,142.0,152.0,True
575,Persistence,2022-01-03 22:20:00,139.0,148.0,True
575,Persistence,2022-01-03 22:25:00,135.0,147.0,True
575,Persistence,2022-01-03 22:30:00,135.0,146.0,True
575,Persistence,2022-01-03 22:35:00,131.0,144.0,True
575,Persistence,2022-01-03 22:40:00,128.0,143.0,True
575,Persistence,2022-01-03 22:45:00,126.0,142.0,True
575,Persistence,2022-01-03 22:50:00,125.0,139.0,True
575,Persistence,2022-01-03 22:55:00,122.0,135.0,True
575,Persistence,2022-01-03 23:00:00,117.0,135.0,True
575,Persistence,2022-01-03 23:05:00,116.0,131.0,True
575,Persistence,2022-01-03 23:10:00,115.0,128.0,True
575,Persistence,2022-01-03 23:15:00,116.0,126.0,True
575,Persistence,2022-01-03 23:20:00,114.0,125.0,True
575,Persistence,2022-01-03 23:25:00,112.0,122.0,True
575,Persistence,2022-01-03 23:30:00,112.0,117.0,True
575,Persistence,2022-01-03 23:35:00,112.0,116.0,True
575,Persistence,2022-01-03 23:40:00,112.0,115.0,True
575,Persistence,2022-01-03 23:45:00,112.0,116.0,True
575,Persistence,2022-01-03 23:50:00,111.0,114.0,True
575,Persistence,2022-01-03 23:55:00,111.0,112.0,True
575,Persistence,2022-01-04 00:00:00,110.0,112.0,True
575,Persistence,2022-01-04 00:05:00,109.0,112.0,True
575,Persistence,2022-01-04 00:10:00,108.0,112.0,True
575,Persistence,2022-01-04 00:15:00,105.0,112.0,True
575,Persistence,2022-01-04 00:20:00,103.0,111.0,True
575,Persistence,2022-01-04 00:25:00,102.0,111.0,True
575,Persistence,2022-01-04 00:30:00,101.0,110.0,True
575,Persistence,2022-01-04 00:35:00,101.0,109.0,True
575,Persistence,2022-01-04 00:40:00,100.0,108.0,True
575,Persistence,2022-01-04 00:45:00,100.0,105.0,True
575,Persistence,2022-01-04 00:50:00,100.0,103.0,True
575,Persistence,2022-01-04 00:55:00,100.0,102.0,True
575,Persistence,2022-01-04 01:00:00,100.0,101.0,True
575,Persistence,2022-01-04 01:05:00,99.0,101.0,True
575,Persistence,2022-01-04 01:10:00,98.0,100.0,True
575,Persistence,2022-01-04 01:15:00,97.0,100.0,True
575,Persistence,2022-01-04 01:20:00,97.0,100.0,True
575,Persistence,2022-01-04 01:25:00,95.0,100.0,True
575,Persistence,2022-01-04 01:30:00,94.0,100.0,True
575,Persistence,2022-01-04 01:35:00,93.0,99.0,True
575,Persistence,2022-01-04 01:40:00,93.0,98.0,True
575,Persistence,2022-01-04 01:45:00,92.0,97.0,True
575,Persistence,2022-01-04 01:50:00,92.0,97.0,True
575,Persistence,2022-01-04 01:55:00,91.0,95.0,True
575,Persistence,2022-01-04 02:00:00,90.0,94.0,True
575,Persistence,2022-01-04 02:05:00,90.0,93.0,True
575,Persistence,2022-01-04 02:10:00,88.0,93.0,True
575,Persistence,2022-01-04 02:15:00,87.0,92.0,True
575,Persistence,2022-01-04 02:20:00,86.0,92.0,True
575,Persistence,2022-01-04 02:25:00,85.0,91.0,True
575,Persistence,2022-01-04 02:30:00,85.0,90.0,True
575,Persistence,2022-01-04 02:35:00,85.0,90.0,True
575,Persistence,2022-01-04 02:40:00,85.0,88.0,True
575,Persistence,2022-01-04 02:45:00,85.0,87.0,True
575,Persistence,2022-01-04 02:50:00,85.0,86.0,True
575,Persistence,2022-01-04 02:55:00,85.0,85.0,True
575,Persistence,2022-01-04 03:00:00,85.0,85.0,True
575,Persistence,2022-01-04 03:05:00,84.0,85.0,True
575,Persistence,2022-01-04 03:10:00,84.0,85.0,True
575,Persistence,2022-01-04 03:15:00,84.0,85.0,True
575,Persistence,2022-01-04 03:20:00,85.0,85.0,True
575,Persistence,2022-01-04 03:25:00,85.0,85.0,True
575,Persistence,2022-01-04 03:30:00,86.0,85.0,True
575,Persistence,2022-01-04 03:35:00,87.0,84.0,True
575,Persistence,2022-01-04 03:40:00,89.0,84.0,True
575,Persistence,2022-01-04 03:45:00,91.0,84.0,True
575,Persistence,2022-01-04 03:50:00,91.0,85.0,True
575,Persistence,2022-01-04 03:55:00,92.0,85.0,True
575,Persistence,2022-01-04 04:00:00,92.0,86.0,True
575,Persistence,2022-01-04 04:05:00,93.0,87.0,True
575,Persistence,2022-01-04 04:10:00,94.0,89.0,True
575,Persistence,2022-01-04 04:15:00,94.0,91.0,True
575,Persistence,2022-01-04 04:20:00,94.0,91.0,True
575,Persistence,2022-01-04 04:25:00,94.0,92.0,True
575,Persistence,2022-01-04 04:30:00,95.0,92.0,True
575,Persistence,2022-01-04 04:35:00,94.0,93.0,True
575,Persistence,2022-01-04 04:40:00,94.0,94.0,True
575,Persistence,2022-01-04 04:45:00,94.0,94.0,True
575,Persistence,2022-01-04 04:50:00,94.0,94.0,True
575,Persistence,2022-01-04 04:55:00,95.0,94.0,True
575,Persistence,2022-01-04 05:00:00,95.0,95.0,True
575,Persistence,2022-01-04 05:05:00,95.0,94.0,True
575,Persistence,2022-01-04 05:10:00,96.0,94.0,True
575,Persistence,2022-01-04 05:15:00,97.0,94.0,True
575,Persistence,2022-01-04 05:20:00,98.0,94.0,True
575,Persistence,2022-01-04 05:25:00,98.0,95.0,True
575,Persistence,2022-01-04 05:30:00,99.0,95.0,True
575,Persistence,2022-01-04 05:35:00,99.0,95.0,True
575,Persistence,2022-01-04 05:40:00,100.0,96.0,True
575,Persistence,2022-01-04 05:45:00,100.0,97.0,True
575,Persistence,2022-01-04 05:50:00,100.0,98.0,True
575,Persistence,2022-01-04 05:55:00,101.0,98.0,True
575,Persistence,2022-01-04 06:00:00,101.0,99.0,True
575,Persistence,2022-01-04 06:05:00,101.0,99.0,True
575,Persistence,2022-01-04 06:10:00,102.0,100.0,True
575,Persistence,2022-01-04 06:15:00,102.0,100.0,True
575,Persistence,2022-01-04 06:20:00,103.0,100.0,True
575,Persistence,2022-01-04 06:25:00,106.0,101.0,True
575,Persistence,2022-01-04 06:30:00,107.0,101.0,True
575,Persistence,2022-01-04 06:35:00,107.0,101.0,True
575,Persistence,2022-01-04 06:40:00,107.0,102.0,True
575,Persistence,2022-01-04 06:45:00,107.0,102.0,True
575,Persistence,2022-01-04 06:50:00,107.0,103.0,True
575,Persistence,2022-01-04 06:55:00,107.0,106.0,True
575,Persistence,2022-01-04 07:00:00,138.0,107.0,True
575,Persistence,2022-01-04 07:05:00,143.0,107.0,True
575,Persistence,2022-01-04 07:10:00,145.0,107.0,True
575,Persistence,2022-01-04 07:15:00,149.0,107.0,True
575,Persistence,2022-01-04 07:20:00,155.0,107.0,True
575,Persistence,2022-01-04 07:25:00,164.0,107.0,True
575,Persistence,2022-01-04 07:30:00,169.0,138.0,True
575,Persistence,2022-01-04 07:35:00,170.0,143.0,True
575,Persistence,2022-01-04 07:40:00,173.0,145.0,True
575,Persistence,2022-01-04 07:45:00,178.0,149.0,True
575,Persistence,2022-01-04 07:50:00,182.0,155.0,True
575,Persistence,2022-01-04 07:55:00,184.0,164.0,True
575,Persistence,2022-01-04 08:00:00,187.0,169.0,True
575,Persistence,2022-01-04 08:05:00,190.0,170.0,True
575,Persistence,2022-01-04 08:10:00,195.0,173.0,True
575,Persistence,2022-01-04 08:15:00,197.0,178.0,True
575,Persistence,2022-01-04 08:20:00,200.0,182.0,True
575,Persistence,2022-01-04 08:25:00,201.0,184.0,True
575,Persistence,2022-01-04 08:30:00,202.0,187.0,True
575,Persistence,2022-01-04 08:35:00,202.0,190.0,True
575,Persistence,2022-01-04 08:40:00,202.0,195.0,True
575,Persistence,2022-01-04 08:45:00,203.0,197.0,True
575,Persistence,2022-01-04 08:50:00,203.0,200.0,True
575,Persistence,2022-01-04 08:55:00,206.0,201.0,True
575,Persistence,2022-01-04 09:00:00,208.0,202.0,True
575,Persistence,2022-01-04 09:05:00,206.0,202.0,True
575,Persistence,2022-01-04 09:10:00,205.0,202.0,True
575,Persistence,2022-01-04 09:15:00,205.0,203.0,True
575,Persistence,2022-01-04 09:20:00,203.0,203.0,True
575,Persistence,2022-01-04 09:25:00,201.0,206.0,True
575,Persistence,2022-01-04 09:30:00,198.0,208.0,True
575,Persistence,2022-01-04 09:35:00,194.0,206.0,True
575,Persistence,2022-01-04 09:40:00,193.0,205.0,True
575,Persistence,2022-01-04 09:45:00,190.0,205.0,True
575,Persistence,2022-01-04 09:50:00,189.0,203.0,True
575,Persistence,2022-01-04 09:55:00,187.0,201.0,True
575,Persistence,2022-01-04 10:00:00,185.0,198.0,True
575,Persistence,2022-01-04 10:05:00,184.0,194.0,True
575,Persistence,2022-01-04 10:10:00,182.0,193.0,True
575,Persistence,2022-01-04 10:15:00,181.0,190.0,True
575,Persistence,2022-01-04 10:20:00,180.0,189.0,True
575,Persistence,2022-01-04 10:25:00,179.0,187.0,True
575,Persistence,2022-01-04 10:30:00,176.0,185.0,True
575,Persistence,2022-01-04 10:35:00,176.0,184.0,True
575,Persistence,2022-01-04 10:40:00,177.0,182.0,True
575,Persistence,2022-01-04 10:45:00,177.0,181.0,True
575,Persistence,2022-01-04 10:50:00,177.0,180.0,True
575,Persistence,2022-01-04 10:55:00,177.0,179.0,True
575,Persistence,2022-01-04 11:00:00,178.0,176.0,True
575,Persistence,2022-01-04 11:05:00,180.0,176.0,True
575,Persistence,2022-01-04 11:10:00,181.0,177.0,True
575,Persistence,2022-01-04 11:15:00,183.0,177.0,True
575,Persistence,2022-01-04 11:20:00,185.0,177.0,True
575,Persistence,2022-01-04 11:25:00,188.0,177.0,True
575,Persistence,2022-01-04 11:30:00,189.0,178.0,True
575,Persistence,2022-01-04 11:35:00,191.0,180.0,True
575,Persistence,2022-01-04 11:40:00,194.0,181.0,True
575,Persistence,2022-01-04 11:45:00,198.0,183.0,True
575,Persistence,2022-01-04 11:50:00,200.0,185.0,True
575,Persistence,2022-01-04 11:55:00,203.0,188.0,True
575,Persistence,2022-01-04 12:00:00,205.0,189.0,True
575,Persistence,2022-01-04 12:05:00,208.0,191.0,True
575,Persistence,2022-01-04 12:10:00,210.0,194.0,True
575,Persistence,2022-01-04 12:15:00,211.0,198.0,True
575,Persistence,2022-01-04 12:20:00,211.0,200.0,True
575,Persistence,2022-01-04 12:25:00,212.0,203.0,True
575,Persistence,2022-01-04 12:30:00,211.0,205.0,True
575,Persistence,2022-01-04 12:35:00,212.0,208.0,True
575,Persistence,2022-01-04 12:40:00,214.0,210.0,True
575,Persistence,2022-01-04 12:45:00,214.0,211.0,True
575,Persistence,2022-01-04 12:50:00,215.0,211.0,True
575,Persistence,2022-01-04 12:55:00,217.0,212.0,True
575,Persistence,2022-01-04 13:00:00,223.0,211.0,True
575,Persistence,2022-01-04 13:05:00,223.0,212.0,True
575,Persistence,2022-01-04 13:10:00,223.0,214.0,True
575,Persistence,2022-01-04 13:15:00,227.0,214.0,True
575,Persistence,2022-01-04 13:20:00,232.0,215.0,True
575,Persistence,2022-01-04 13:25:00,237.0,217.0,True
575,Persistence,2022-01-04 13:30:00,242.0,223.0,True
575,Persistence,2022-01-04 13:35:00,246.0,223.0,True
575,Persistence,2022-01-04 13:40:00,252.0,223.0,True
575,Persistence,2022-01-04 13:45:00,263.0,227.0,True
575,Persistence,2022-01-04 13:50:00,267.0,232.0,True
575,Persistence,2022-01-04 13:55:00,268.0,237.0,True
575,Persistence,2022-01-04 14:00:00,267.0,242.0,True
575,Persistence,2022-01-04 14:05:00,272.0,246.0,True
575,Persistence,2022-01-04 14:10:00,276.0,252.0,True
575,Persistence,2022-01-04 14:15:00,282.0,263.0,True
575,Persistence,2022-01-04 14:20:00,287.0,267.0,True
575,Persistence,2022-01-04 14:25:00,290.0,268.0,True
575,Persistence,2022-01-04 14:30:00,296.0,267.0,True
575,Persistence,2022-01-04 14:35:00,301.0,272.0,True
575,Persistence,2022-01-04 14:40:00,308.0,276.0,True
575,Persistence,2022-01-04 14:45:00,315.0,282.0,True
575,Persistence,2022-01-04 14:50:00,317.0,287.0,True
575,Persistence,2022-01-04 14:55:00,324.0,290.0,True
575,Persistence,2022-01-04 15:00:00,331.0,296.0,True
575,Persistence,2022-01-04 15:05:00,334.0,301.0,True
575,Persistence,2022-01-04 15:10:00,337.0,308.0,True
575,Persistence,2022-01-04 15:15:00,339.0,315.0,True
575,Persistence,2022-01-04 15:20:00,338.0,317.0,True
575,Persistence,2022-01-04 15:25:00,338.0,324.0,True
575,Persistence,2022-01-04 15:30:00,339.0,331.0,True
575,Persistence,2022-01-04 15:35:00,342.0,334.0,True
575,Persistence,2022-01-04 15:40:00,340.0,337.0,True
575,Persistence,2022-01-04 15:45:00,340.0,339.0,True
575,Persistence,2022-01-04 15:50:00,338.0,338.0,True
575,Persistence,2022-01-04 15:55:00,333.0,338.0,True
575,Persistence,2022-01-04 16:00:00,332.0,339.0,True
575,Persistence,2022-01-04 16:05:00,331.0,342.0,True
575,Persistence,2022-01-04 16:10:00,329.0,340.0,True
575,Persistence,2022-01-04 16:15:00,325.0,340.0,True
575,Persistence,2022-01-04 16:20:00,319.0,338.0,True
575,Persistence,2022-01-04 16:25:00,318.0,333.0,True
575,Persistence,2022-01-04 16:30:00,315.0,332.0,True
575,Persistence,2022-01-04 16:35:00,308.0,331.0,True
575,Persistence,2022-01-04 16:40:00,305.0,329.0,True
575,Persistence,2022-01-04 16:45:00,302.0,325.0,True
575,Persistence,2022-01-04 16:50:00,300.0,319.0,True
575,Persistence,2022-01-04 16:55:00,296.0,318.0,True
575,Persistence,2022-01-04 17:00:00,293.0,315.0,True
575,Persistence,2022-01-04 17:05:00,290.0,308.0,True
575,Persistence,2022-01-04 17:10:00,286.0,305.0,True
575,Persistence,2022-01-04 17:15:00,282.0,302.0,True
575,Persistence,2022-01-04 17:20:00,279.0,300.0,True
575,Persistence,2022-01-04 17:25:00,277.0,296.0,True
575,Persistence,2022-01-04 17:30:00,271.0,293.0,True
575,Persistence,2022-01-04 17:35:00,267.0,290.0,True
575,Persistence,2022-01-04 17:40:00,263.0,286.0,True
575,Persistence,2022-01-04 17:45:00,261.0,282.0,True
575,Persistence,2022-01-04 17:50:00,259.0,279.0,True
575,Persistence,2022-01-04 17:55:00,259.0,277.0,True
575,Persistence,2022-01-04 18:00:00,259.0,271.0,True
575,Persistence,2022-01-04 18:05:00,260.0,267.0,True
575,Persistence,2022-01-04 18:10:00,260.0,263.0,True
575,Persistence,2022-01-04 18:15:00,259.0,261.0,True
575,Persistence,2022-01-04 18:20:00,260.0,259.0,True
575,Persistence,2022-01-04 18:25:00,260.0,259.0,True
575,Persistence,2022-01-04 18:30:00,258.0,259.0,True
575,Persistence,2022-01-04 18:35:00,258.0,260.0,True
575,Persistence,2022-01-04 18:40:00,259.0,260.0,True
575,Persistence,2022-01-04 18:45:00,262.0,259.0,True
575,Persistence,2022-01-04 18:50:00,262.0,260.0,True
575,Persistence,2022-01-04 18:55:00,262.0,260.0,True
575,Persistence,2022-01-04 19:00:00,262.0,258.0,True
575,Persistence,2022-01-04 19:05:00,262.0,258.0,True
575,Persistence,2022-01-04 19:10:00,262.0,259.0,True
575,Persistence,2022-01-04 19:15:00,262.0,262.0,True
575,Persistence,2022-01-04 19:20:00,262.0,262.0,True
575,Persistence,2022-01-04 20:05:00,262.0,,False
575,Persistence,2022-01-04 20:10:00,265.0,,False
575,Persistence,2022-01-04 20:15:00,270.0,,False
575,Persistence,2022-01-04 20:20:00,271.0,,False
575,Persistence,2022-01-04 20:25:00,272.0,,False
575,Persistence,2022-01-04 20:30:00,273.0,,False
575,Persistence,2022-01-04 20:35:00,267.0,262.0,True
575,Persistence,2022-01-04 20:40:00,258.0,265.0,True
575,Persistence,2022-01-04 20:45:00,253.0,270.0,True
575,Persistence,2022-01-04 20:50:00,248.0,271.0,True
575,Persistence,2022-01-04 20:55:00,239.0,272.0,True
575,Persistence,2022-01-04 21:00:00,225.0,273.0,True
575,Persistence,2022-01-04 21:05:00,211.0,267.0,True
575,Persistence,2022-01-04 21:10:00,197.0,258.0,True
575,Persistence,2022-01-04 21:15:00,182.0,253.0,True
575,Persistence,2022-01-04 21:20:00,171.0,248.0,True
575,Persistence,2022-01-04 21:25:00,161.0,239.0,True
575,Persistence,2022-01-04 21:30:00,154.0,225.0,True
575,Persistence,2022-01-04 21:35:00,146.0,211.0,True
575,Persistence,2022-01-04 21:40:00,140.0,197.0,True
575,Persistence,2022-01-04 21:45:00,137.0,182.0,True
575,Persistence,2022-01-04 21:50:00,131.0,171.0,True
575,Persistence,2022-01-04 21:55:00,125.0,161.0,True
575,Persistence,2022-01-04 22:00:00,122.0,154.0,True
575,Persistence,2022-01-04 22:05:00,115.0,146.0,True
575,Persistence,2022-01-04 22:10:00,106.0,140.0,True
575,Persistence,2022-01-04 22:15:00,98.0,137.0,True
575,Persistence,2022-01-04 22:20:00,92.0,131.0,True
575,Persistence,2022-01-04 22:25:00,88.0,125.0,True
575,Persistence,2022-01-04 22:30:00,86.0,122.0,True
575,Persistence,2022-01-04 22:35:00,84.0,115.0,True
575,Persistence,2022-01-04 22:40:00,81.0,106.0,True
575,Persistence,2022-01-04 22:45:00,77.0,98.0,True
575,Persistence,2022-01-04 22:50:00,75.0,92.0,True
575,Persistence,2022-01-04 22:55:00,74.0,88.0,True
575,Persistence,2022-01-04 23:00:00,72.0,86.0,True
575,Persistence,2022-01-04 23:05:00,69.0,84.0,True
575,Persistence,2022-01-04 23:10:00,63.0,81.0,True
575,Persistence,2022-01-04 23:15:00,57.0,77.0,True
575,Persistence,2022-01-04 23:20:00,52.0,75.0,True
575,Persistence,2022-01-04 23:25:00,50.0,74.0,True
575,Persistence,2022-01-04 23:30:00,51.0,72.0,True
575,Persistence,2022-01-04 23:35:00,55.0,69.0,True
575,Persistence,2022-01-04 23:40:00,59.0,63.0,True
575,Persistence,2022-01-04 23:45:00,62.0,57.0,True
575,Persistence,2022-01-04 23:50:00,68.0,52.0,True
575,Persistence,2022-01-04 23:55:00,73.0,50.0,True
575,Persistence,2022-01-05 00:00:00,77.0,51.0,True
575,Persistence,2022-01-05 00:05:00,76.0,55.0,True
575,Persistence,2022-01-05 00:10:00,76.0,59.0,True
575,Persistence,2022-01-05 00:15:00,77.0,62.0,True
575,Persistence,2022-01-05 00:20:00,76.0,68.0,True
575,Persistence,2022-01-05 00:25:00,77.0,73.0,True
575,Persistence,2022-01-05 00:30:00,78.0,77.0,True
575,Persistence,2022-01-05 00:35:00,77.0,76.0,True
575,Persistence,2022-01-05 00:40:00,75.0,76.0,True
575,Persistence,2022-01-05 00:45:00,75.0,77.0,True
575,Persistence,2022-01-05 00:50:00,76.0,76.0,True
575,Persistence,2022-01-05 00:55:00,77.0,77.0,True
575,Persistence,2022-01-05 01:00:00,80.0,78.0,True
575,Persistence,2022-01-05 01:05:00,82.0,77.0,True
575,Persistence,2022-01-05 01:10:00,85.0,75.0,True
575,Persistence,2022-01-05 01:15:00,88.0,75.0,True
575,Persistence,2022-01-05 01:20:00,91.0,76.0,True
575,Persistence,2022-01-05 01:25:00,93.0,77.0,True
575,Persistence,2022-01-05 01:30:00,94.0,80.0,True
575,Persistence,2022-01-05 01:35:00,95.0,82.0,True
575,Persistence,2022-01-05 01:40:00,97.0,85.0,True
575,Persistence,2022-01-05 01:45:00,99.0,88.0,True
575,Persistence,2022-01-05 01:50:00,100.0,91.0,True
575,Persistence,2022-01-05 01:55:00,99.0,93.0,True
575,Persistence,2022-01-05 02:00:00,98.0,94.0,True
575,Persistence,2022-01-05 02:05:00,96.0,95.0,True
575,Persistence,2022-01-05 02:10:00,95.0,97.0,True
575,Persistence,2022-01-05 02:15:00,94.0,99.0,True
575,Persistence,2022-01-05 02:20:00,93.0,100.0,True
575,Persistence,2022-01-05 02:25:00,92.0,99.0,True
575,Persistence,2022-01-05 02:30:00,91.0,98.0,True
575,Persistence,2022-01-05 02:35:00,91.0,96.0,True
575,Persistence,2022-01-05 02:40:00,90.0,95.0,True
575,Persistence,2022-01-05 02:45:00,89.0,94.0,True
575,Persistence,2022-01-05 02:50:00,88.0,93.0,True
575,Persistence,2022-01-05 02:55:00,88.0,92.0,True
575,Persistence,2022-01-05 03:00:00,88.0,91.0,True
575,Persistence,2022-01-05 03:05:00,87.0,91.0,True
575,Persistence,2022-01-05 03:10:00,87.0,90.0,True
575,Persistence,2022-01-05 03:15:00,87.0,89.0,True
575,Persistence,2022-01-05 03:20:00,87.0,88.0,True
575,Persistence,2022-01-05 03:25:00,87.0,88.0,True
575,Persistence,2022-01-05 03:30:00,87.0,88.0,True
575,Persistence,2022-01-05 03:35:00,87.0,87.0,True
575,Persistence,2022-01-05 03:40:00,86.0,87.0,True
575,Persistence,2022-01-05 03:45:00,86.0,87.0,True
575,Persistence,2022-01-05 03:50:00,85.0,87.0,True
575,Persistence,2022-01-05 03:55:00,84.0,87.0,True
575,Persistence,2022-01-05 04:00:00,82.0,87.0,True
575,Persistence,2022-01-05 04:05:00,81.0,87.0,True
575,Persistence,2022-01-05 04:10:00,81.0,86.0,True
575,Persistence,2022-01-05 04:15:00,80.0,86.0,True
575,Persistence,2022-01-05 04:20:00,79.0,85.0,True
575,Persistence,2022-01-05 04:25:00,78.0,84.0,True
575,Persistence,2022-01-05 04:30:00,77.0,82.0,True
575,Persistence,2022-01-05 04:35:00,76.0,81.0,True
575,Persistence,2022-01-05 04:40:00,75.0,81.0,True
575,Persistence,2022-01-05 04:45:00,75.0,80.0,True
575,Persistence,2022-01-05 04:50:00,74.0,79.0,True
575,Persistence,2022-01-05 04:55:00,74.0,78.0,True
575,Persistence,2022-01-05 05:00:00,74.0,77.0,True
575,Persistence,2022-01-05 05:05:00,73.0,76.0,True
575,Persistence,2022-01-05 05:10:00,73.0,75.0,True
575,Persistence,2022-01-05 05:15:00,73.0,75.0,True
575,Persistence,2022-01-05 05:20:00,73.0,74.0,True
575,Persistence,2022-01-05 05:25:00,73.0,74.0,True
575,Persistence,2022-01-05 05:30:00,73.0,74.0,True
575,Persistence,2022-01-05 05:35:00,73.0,73.0,True
575,Persistence,2022-01-05 05:40:00,72.0,73.0,True
575,Persistence,2022-01-05 05:45:00,72.0,73.0,True
575,Persistence,2022-01-05 05:50:00,71.0,73.0,True
575,Persistence,2022-01-05 05:55:00,71.0,73.0,True
575,Persistence,2022-01-05 06:00:00,71.0,73.0,True
575,Persistence,2022-01-05 06:05:00,71.0,73.0,True
575,Persistence,2022-01-05 06:10:00,71.0,72.0,True
575,Persistence,2022-01-05 06:15:00,72.0,72.0,True
575,Persistence,2022-01-05 06:20:00,73.0,71.0,True
575,Persistence,2022-01-05 06:25:00,74.0,71.0,True
575,Persistence,2022-01-05 06:30:00,74.0,71.0,True
575,Persistence,2022-01-05 06:35:00,75.0,71.0,True
575,Persistence,2022-01-05 06:40:00,77.0,71.0,True
575,Persistence,2022-01-05 06:45:00,78.0,72.0,True
575,Persistence,2022-01-05 06:50:00,80.0,73.0,True
575,Persistence,2022-01-05 06:55:00,83.0,74.0,True
575,Persistence,2022-01-05 07:00:00,86.0,74.0,True
575,Persistence,2022-01-05 07:05:00,89.0,75.0,True
575,Persistence,2022-01-05 07:10:00,79.0,77.0,True
575,Persistence,2022-01-05 07:15:00,81.0,78.0,True
575,Persistence,2022-01-05 07:20:00,84.0,80.0,True
575,Persistence,2022-01-05 07:25:00,89.0,83.0,True
575,Persistence,2022-01-05 07:30:00,98.0,86.0,True
575,Persistence,2022-01-05 07:35:00,114.0,89.0,True
575,Persistence,2022-01-05 07:40:00,130.0,79.0,True
575,Persistence,2022-01-05 07:45:00,142.0,81.0,True
575,Persistence,2022-01-05 07:50:00,152.0,84.0,True
575,Persistence,2022-01-05 07:55:00,163.0,89.0,True
575,Persistence,2022-01-05 08:00:00,174.0,98.0,True
575,Persistence,2022-01-05 08:05:00,184.0,114.0,True
575,Persistence,2022-01-05 08:10:00,194.0,130.0,True
575,Persistence,2022-01-05 08:15:00,201.0,142.0,True
575,Persistence,2022-01-05 08:20:00,205.0,152.0,True
575,Persistence,2022-01-05 08:25:00,208.0,163.0,True
575,Persistence,2022-01-05 08:30:00,208.0,174.0,True
575,Persistence,2022-01-05 08:35:00,209.0,184.0,True
575,Persistence,2022-01-05 08:40:00,208.0,194.0,True
575,Persistence,2022-01-05 08:45:00,205.0,201.0,True
575,Persistence,2022-01-05 08:50:00,201.0,205.0,True
575,Persistence,2022-01-05 08:55:00,196.0,208.0,True
575,Persistence,2022-01-05 09:00:00,193.0,208.0,True
575,Persistence,2022-01-05 09:05:00,191.0,209.0,True
575,Persistence,2022-01-05 09:10:00,187.0,208.0,True
575,Persistence,2022-01-05 09:15:00,183.0,205.0,True
575,Persistence,2022-01-05 09:20:00,179.0,201.0,True
575,Persistence,2022-01-05 09:25:00,175.0,196.0,True
575,Persistence,2022-01-05 09:30:00,171.0,193.0,True
575,Persistence,2022-01-05 09:35:00,164.0,191.0,True
575,Persistence,2022-01-05 09:40:00,159.0,187.0,True
575,Persistence,2022-01-05 09:45:00,153.0,183.0,True
575,Persistence,2022-01-05 09:50:00,147.0,179.0,True
575,Persistence,2022-01-05 09:55:00,142.0,175.0,True
575,Persistence,2022-01-05 10:00:00,137.0,171.0,True
575,Persistence,2022-01-05 10:05:00,133.0,164.0,True
575,Persistence,2022-01-05 10:10:00,128.0,159.0,True
575,Persistence,2022-01-05 10:15:00,124.0,153.0,True
575,Persistence,2022-01-05 10:20:00,119.0,147.0,True
575,Persistence,2022-01-05 10:25:00,116.0,142.0,True
575,Persistence,2022-01-05 10:30:00,112.0,137.0,True
575,Persistence,2022-01-05 10:35:00,109.0,133.0,True
575,Persistence,2022-01-05 10:40:00,106.0,128.0,True
575,Persistence,2022-01-05 10:45:00,102.0,124.0,True
575,Persistence,2022-01-05 10:50:00,98.0,119.0,True
575,Persistence,2022-01-05 10:55:00,95.0,116.0,True
575,Persistence,2022-01-05 11:00:00,93.0,112.0,True
575,Persistence,2022-01-05 11:05:00,90.0,109.0,True
575,Persistence,2022-01-05 11:10:00,88.0,106.0,True
575,Persistence,2022-01-05 11:15:00,85.0,102.0,True
575,Persistence,2022-01-05 11:20:00,83.0,98.0,True
575,Persistence,2022-01-05 11:25:00,80.0,95.0,True
575,Persistence,2022-01-05 11:30:00,78.0,93.0,True
575,Persistence,2022-01-05 11:35:00,76.0,90.0,True
575,Persistence,2022-01-05 11:40:00,74.0,88.0,True
575,Persistence,2022-01-05 11:45:00,72.0,85.0,True
575,Persistence,2022-01-05 11:50:00,70.0,83.0,True
575,Persistence,2022-01-05 11:55:00,68.0,80.0,True
575,Persistence,2022-01-05 12:00:00,66.0,78.0,True
575,Persistence,2022-01-05 12:05:00,63.0,76.0,True
575,Persistence,2022-01-05 12:10:00,62.0,74.0,True
575,Persistence,2022-01-05 12:15:00,61.0,72.0,True
575,Persistence,2022-01-05 12:20:00,59.0,70.0,True
575,Persistence,2022-01-05 12:25:00,58.0,68.0,True
575,Persistence,2022-01-05 12:30:00,58.0,66.0,True
575,Persistence,2022-01-05 12:35:00,59.0,63.0,True
575,Persistence,2022-01-05 12:40:00,62.0,62.0,True
575,Persistence,2022-01-05 12:45:00,71.0,61.0,True
575,Persistence,2022-01-05 12:50:00,79.0,59.0,True
575,Persistence,2022-01-05 12:55:00,92.0,58.0,True
575,Persistence,2022-01-05 13:00:00,104.0,58.0,True
575,Persistence,2022-01-05 13:05:00,118.0,59.0,True
575,Persistence,2022-01-05 13:10:00,134.0,62.0,True
575,Persistence,2022-01-05 13:15:00,146.0,71.0,True
575,Persistence,2022-01-05 13:20:00,156.0,79.0,True
575,Persistence,2022-01-05 13:25:00,172.0,92.0,True
575,Persistence,2022-01-05 13:30:00,188.0,104.0,True
575,Persistence,2022-01-05 13:35:00,204.0,118.0,True
575,Persistence,2022-01-05 13:40:00,217.0,134.0,True
575,Persistence,2022-01-05 13:45:00,228.0,146.0,True
575,Persistence,2022-01-05 13:50:00,238.0,156.0,True
575,Persistence,2022-01-05 13:55:00,245.0,172.0,True
575,Persistence,2022-01-05 14:00:00,251.0,188.0,True
575,Persistence,2022-01-05 14:05:00,254.0,204.0,True
575,Persistence,2022-01-05 14:10:00,254.0,217.0,True
575,Persistence,2022-01-05 14:15:00,251.0,228.0,True
575,Persistence,2022-01-05 14:20:00,247.0,238.0,True
575,Persistence,2022-01-05 14:25:00,243.0,245.0,True
575,Persistence,2022-01-05 14:30:00,234.0,251.0,True
575,Persistence,2022-01-05 14:35:00,225.0,254.0,True
575,Persistence,2022-01-05 14:40:00,217.0,254.0,True
575,Persistence,2022-01-05 14:45:00,208.0,251.0,True
575,Persistence,2022-01-05 14:50:00,199.0,247.0,True
575,Persistence,2022-01-05 14:55:00,190.0,243.0,True
575,Persistence,2022-01-05 15:00:00,180.0,234.0,True
575,Persistence,2022-01-05 15:05:00,170.0,225.0,True
575,Persistence,2022-01-05 15:10:00,162.0,217.0,True
575,Persistence,2022-01-05 15:15:00,152.0,208.0,True
575,Persistence,2022-01-05 15:20:00,143.0,199.0,True
575,Persistence,2022-01-05 15:25:00,135.0,190.0,True
575,Persistence,2022-01-05 15:30:00,127.0,180.0,True
575,Persistence,2022-01-05 15:35:00,119.0,170.0,True
575,Persistence,2022-01-05 15:40:00,110.0,162.0,True
575,Persistence,2022-01-05 15:45:00,101.0,152.0,True
575,Persistence,2022-01-05 15:50:00,93.0,143.0,True
575,Persistence,2022-01-05 15:55:00,86.0,135.0,True
575,Persistence,2022-01-05 16:00:00,79.0,127.0,True
575,Persistence,2022-01-05 16:05:00,72.0,119.0,True
575,Persistence,2022-01-05 16:10:00,66.0,110.0,True
575,Persistence,2022-01-05 16:15:00,61.0,101.0,True
575,Persistence,2022-01-05 16:20:00,56.0,93.0,True
575,Persistence,2022-01-05 16:25:00,52.0,86.0,True
575,Persistence,2022-01-05 16:30:00,49.0,79.0,True
575,Persistence,2022-01-05 16:35:00,46.0,72.0,True
575,Persistence,2022-01-05 16:40:00,46.0,66.0,True
575,Persistence,2022-01-05 16:45:00,48.0,61.0,True
575,Persistence,2022-01-05 16:50:00,53.0,56.0,True
575,Persistence,2022-01-05 16:55:00,57.0,52.0,True
575,Persistence,2022-01-05 17:00:00,59.0,49.0,True
575,Persistence,2022-01-05 17:05:00,64.0,46.0,True
575,Persistence,2022-01-05 17:10:00,68.0,46.0,True
575,Persistence,2022-01-05 17:15:00,72.0,48.0,True
575,Persistence,2022-01-05 17:20:00,75.0,53.0,True
575,Persistence,2022-01-05 17:25:00,78.0,57.0,True
575,Persistence,2022-01-05 17:30:00,81.0,59.0,True
575,Persistence,2022-01-05 17:35:00,86.0,64.0,True
575,Persistence,2022-01-05 17:40:00,91.0,68.0,True
575,Persistence,2022-01-05 17:45:00,96.0,72.0,True
575,Persistence,2022-01-05 17:50:00,101.0,75.0,True
575,Persistence,2022-01-05 17:55:00,105.0,78.0,True
575,Persistence,2022-01-05 18:00:00,107.0,81.0,True
575,Persistence,2022-01-05 18:05:00,109.0,86.0,True
575,Persistence,2022-01-05 18:10:00,112.0,91.0,True
575,Persistence,2022-01-05 18:15:00,114.0,96.0,True
575,Persistence,2022-01-05 18:20:00,114.0,101.0,True
575,Persistence,2022-01-05 18:25:00,115.0,105.0,True
575,Persistence,2022-01-05 18:30:00,116.0,107.0,True
575,Persistence,2022-01-05 18:35:00,117.0,109.0,True
575,Persistence,2022-01-05 18:40:00,117.0,112.0,True
575,Persistence,2022-01-05 18:45:00,117.0,114.0,True
575,Persistence,2022-01-05 18:50:00,117.0,114.0,True
575,Persistence,2022-01-05 18:55:00,118.0,115.0,True
575,Persistence,2022-01-05 19:00:00,118.0,116.0,True
575,Persistence,2022-01-05 19:05:00,118.0,117.0,True
575,Persistence,2022-01-05 19:10:00,118.0,117.0,True
575,Persistence,2022-01-05 19:15:00,128.0,117.0,True
575,Persistence,2022-01-05 19:20:00,136.0,117.0,True
575,Persistence,2022-01-05 19:25:00,145.0,118.0,True
575,Persistence,2022-01-05 19:30:00,154.0,118.0,True
575,Persistence,2022-01-05 19:35:00,161.0,118.0,True
575,Persistence,2022-01-05 19:40:00,168.0,118.0,True
575,Persistence,2022-01-05 19:45:00,175.0,128.0,True
575,Persistence,2022-01-05 19:50:00,181.0,136.0,True
575,Persistence,2022-01-05 19:55:00,188.0,145.0,True
575,Persistence,2022-01-05 20:00:00,195.0,154.0,True
575,Persistence,2022-01-05 20:05:00,200.0,161.0,True
575,Persistence,2022-01-05 20:10:00,204.0,168.0,True
575,Persistence,2022-01-05 20:15:00,206.0,175.0,True
575,Persistence,2022-01-05 20:20:00,206.0,181.0,True
575,Persistence,2022-01-05 20:25:00,207.0,188.0,True
575,Persistence,2022-01-05 20:30:00,205.0,195.0,True
575,Persistence,2022-01-05 20:35:00,203.0,200.0,True
575,Persistence,2022-01-05 20:40:00,201.0,204.0,True
575,Persistence,2022-01-05 20:45:00,199.0,206.0,True
575,Persistence,2022-01-05 20:50:00,195.0,206.0,True
575,Persistence,2022-01-05 20:55:00,193.0,207.0,True
575,Persistence,2022-01-05 21:00:00,196.0,205.0,True
575,Persistence,2022-01-05 21:05:00,199.0,203.0,True
575,Persistence,2022-01-05 21:10:00,201.0,201.0,True
575,Persistence,2022-01-05 21:15:00,202.0,199.0,True
575,Persistence,2022-01-05 21:20:00,200.0,195.0,True
575,Persistence,2022-01-05 21:25:00,196.0,193.0,True
575,Persistence,2022-01-05 21:30:00,193.0,196.0,True
575,Persistence,2022-01-05 21:35:00,191.0,199.0,True
575,Persistence,2022-01-05 21:40:00,188.0,201.0,True
575,Persistence,2022-01-05 21:45:00,188.0,202.0,True
575,Persistence,2022-01-05 21:50:00,191.0,200.0,True
575,Persistence,2022-01-05 21:55:00,192.0,196.0,True
575,Persistence,2022-01-05 22:00:00,193.0,193.0,True
575,Persistence,2022-01-05 22:05:00,192.0,191.0,True
575,Persistence,2022-01-05 22:10:00,188.0,188.0,True
575,Persistence,2022-01-05 22:15:00,184.0,188.0,True
575,Persistence,2022-01-05 22:20:00,177.0,191.0,True
575,Persistence,2022-01-05 22:25:00,168.0,192.0,True
575,Persistence,2022-01-05 22:30:00,161.0,193.0,True
575,Persistence,2022-01-05 22:35:00,158.0,192.0,True
575,Persistence,2022-01-05 22:40:00,158.0,188.0,True
575,Persistence,2022-01-05 22:45:00,163.0,184.0,True
575,Persistence,2022-01-05 22:50:00,172.0,177.0,True
575,Persistence,2022-01-05 22:55:00,178.0,168.0,True
575,Persistence,2022-01-05 23:00:00,185.0,161.0,True
575,Persistence,2022-01-05 23:05:00,190.0,158.0,True
575,Persistence,2022-01-05 23:10:00,194.0,158.0,True
575,Persistence,2022-01-05 23:15:00,198.0,163.0,True
575,Persistence,2022-01-05 23:20:00,204.0,172.0,True
575,Persistence,2022-01-05 23:25:00,209.0,178.0,True
575,Persistence,2022-01-05 23:30:00,213.0,185.0,True
575,Persistence,2022-01-05 23:35:00,216.0,190.0,True
575,Persistence,2022-01-05 23:40:00,219.0,194.0,True
575,Persistence,2022-01-05 23:45:00,220.0,198.0,True
575,Persistence,2022-01-05 23:50:00,220.0,204.0,True
575,Persistence,2022-01-05 23:55:00,219.0,209.0,True
575,Persistence,2022-01-06 00:00:00,218.0,213.0,True
575,Persistence,2022-01-06 00:05:00,216.0,216.0,True
575,Persistence,2022-01-06 00:10:00,214.0,219.0,True
575,Persistence,2022-01-06 00:15:00,211.0,220.0,True
575,Persistence,2022-01-06 00:20:00,210.0,220.0,True
575,Persistence,2022-01-06 00:25:00,209.0,219.0,True
575,Persistence,2022-01-06 00:30:00,208.0,218.0,True
575,Persistence,2022-01-06 00:35:00,208.0,216.0,True
575,Persistence,2022-01-06 00:40:00,206.0,214.0,True
575,Persistence,2022-01-06 00:45:00,205.0,211.0,True
575,Persistence,2022-01-06 00:50:00,204.0,210.0,True
575,Persistence,2022-01-06 00:55:00,202.0,209.0,True
575,Persistence,2022-01-06 01:00:00,199.0,208.0,True
575,Persistence,2022-01-06 01:05:00,198.0,208.0,True
575,Persistence,2022-01-06 01:10:00,197.0,206.0,True
575,Persistence,2022-01-06 01:15:00,196.0,205.0,True
575,Persistence,2022-01-06 01:20:00,195.0,204.0,True
575,Persistence,2022-01-06 01:25:00,194.0,202.0,True
575,Persistence,2022-01-06 01:30:00,192.0,199.0,True
575,Persistence,2022-01-06 01:35:00,191.0,198.0,True
575,Persistence,2022-01-06 01:40:00,189.0,197.0,True
575,Persistence,2022-01-06 01:45:00,186.0,196.0,True
575,Persistence,2022-01-06 01:50:00,184.0,195.0,True
575,Persistence,2022-01-06 01:55:00,182.0,194.0,True
575,Persistence,2022-01-06 02:00:00,181.0,192.0,True
575,Persistence,2022-01-06 02:05:00,180.0,191.0,True
575,Persistence,2022-01-06 02:10:00,179.0,189.0,True
575,Persistence,2022-01-06 02:15:00,179.0,186.0,True
575,Persistence,2022-01-06 02:20:00,178.0,184.0,True
575,Persistence,2022-01-06 02:25:00,178.0,182.0,True
575,Persistence,2022-01-06 02:30:00,178.0,181.0,True
575,Persistence,2022-01-06 02:35:00,179.0,180.0,True
575,Persistence,2022-01-06 02:40:00,180.0,179.0,True
575,Persistence,2022-01-06 02:45:00,181.0,179.0,True
575,Persistence,2022-01-06 02:50:00,183.0,178.0,True
575,Persistence,2022-01-06 02:55:00,184.0,178.0,True
575,Persistence,2022-01-06 03:00:00,184.0,178.0,True
575,Persistence,2022-01-06 03:05:00,184.0,179.0,True
575,Persistence,2022-01-06 03:10:00,184.0,180.0,True
575,Persistence,2022-01-06 03:15:00,183.0,181.0,True
575,Persistence,2022-01-06 03:20:00,182.0,183.0,True
575,Persistence,2022-01-06 03:25:00,182.0,184.0,True
575,Persistence,2022-01-06 03:30:00,182.0,184.0,True
575,Persistence,2022-01-06 03:35:00,182.0,184.0,True
575,Persistence,2022-01-06 03:40:00,181.0,184.0,True
575,Persistence,2022-01-06 03:45:00,181.0,183.0,True
575,Persistence,2022-01-06 03:50:00,181.0,182.0,True
575,Persistence,2022-01-06 03:55:00,181.0,182.0,True
575,Persistence,2022-01-06 04:00:00,181.0,182.0,True
575,Persistence,2022-01-06 04:05:00,181.0,182.0,True
575,Persistence,2022-01-06 04:10:00,182.0,181.0,True
575,Persistence,2022-01-06 04:15:00,182.0,181.0,True
575,Persistence,2022-01-06 04:20:00,183.0,181.0,True
575,Persistence,2022-01-06 04:25:00,184.0,181.0,True
575,Persistence,2022-01-06 04:30:00,185.0,181.0,True
575,Persistence,2022-01-06 04:35:00,186.0,181.0,True
575,Persistence,2022-01-06 04:40:00,187.0,182.0,True
575,Persistence,2022-01-06 04:45:00,187.0,182.0,True
575,Persistence,2022-01-06 04:50:00,187.0,183.0,True
575,Persistence,2022-01-06 04:55:00,188.0,184.0,True
575,Persistence,2022-01-06 05:00:00,188.0,185.0,True
575,Persistence,2022-01-06 05:05:00,188.0,186.0,True
575,Persistence,2022-01-06 05:10:00,187.0,187.0,True
575,Persistence,2022-01-06 05:15:00,187.0,187.0,True
575,Persistence,2022-01-06 05:20:00,186.0,187.0,True
575,Persistence,2022-01-06 05:25:00,186.0,188.0,True
575,Persistence,2022-01-06 05:30:00,184.0,188.0,True
575,Persistence,2022-01-06 05:35:00,184.0,188.0,True
575,Persistence,2022-01-06 05:40:00,185.0,187.0,True
575,Persistence,2022-01-06 05:45:00,188.0,187.0,True
575,Persistence,2022-01-06 05:50:00,189.0,186.0,True
575,Persistence,2022-01-06 05:55:00,190.0,186.0,True
575,Persistence,2022-01-06 06:00:00,190.0,184.0,True
575,Persistence,2022-01-06 06:05:00,191.0,184.0,True
575,Persistence,2022-01-06 06:10:00,193.0,185.0,True
575,Persistence,2022-01-06 06:15:00,194.0,188.0,True
575,Persistence,2022-01-06 06:20:00,195.0,189.0,True
575,Persistence,2022-01-06 06:25:00,197.0,190.0,True
575,Persistence,2022-01-06 06:30:00,199.0,190.0,True
575,Persistence,2022-01-06 06:35:00,200.0,191.0,True
575,Persistence,2022-01-06 06:40:00,202.0,193.0,True
575,Persistence,2022-01-06 06:45:00,202.0,194.0,True
575,Persistence,2022-01-06 06:50:00,203.0,195.0,True
575,Persistence,2022-01-06 06:55:00,204.0,197.0,True
575,Persistence,2022-01-06 07:00:00,204.0,199.0,True
575,Persistence,2022-01-06 07:05:00,204.0,200.0,True
575,Persistence,2022-01-06 07:10:00,204.0,202.0,True
575,Persistence,2022-01-06 07:15:00,204.0,202.0,True
575,Persistence,2022-01-06 07:20:00,204.0,203.0,True
575,Persistence,2022-01-06 07:25:00,204.0,204.0,True
575,Persistence,2022-01-06 07:30:00,204.0,204.0,True
575,Persistence,2022-01-06 07:40:00,270.0,204.0,True
575,Persistence,2022-01-06 07:45:00,272.0,204.0,True
575,Persistence,2022-01-06 07:50:00,267.0,204.0,True
575,Persistence,2022-01-06 07:55:00,265.0,204.0,True
575,Persistence,2022-01-06 08:00:00,267.0,204.0,True
575,Persistence,2022-01-06 08:05:00,268.0,,False
575,Persistence,2022-01-06 08:10:00,268.0,270.0,True
575,Persistence,2022-01-06 08:15:00,267.0,272.0,True
575,Persistence,2022-01-06 08:20:00,266.0,267.0,True
575,Persistence,2022-01-06 08:25:00,274.0,265.0,True
575,Persistence,2022-01-06 08:30:00,273.0,267.0,True
575,Persistence,2022-01-06 08:35:00,269.0,268.0,True
575,Persistence,2022-01-06 08:40:00,261.0,268.0,True
575,Persistence,2022-01-06 08:45:00,256.0,267.0,True
575,Persistence,2022-01-06 08:50:00,249.0,266.0,True
575,Persistence,2022-01-06 08:55:00,244.0,274.0,True
575,Persistence,2022-01-06 09:00:00,242.0,273.0,True
575,Persistence,2022-01-06 09:05:00,239.0,269.0,True
575,Persistence,2022-01-06 09:10:00,235.0,261.0,True
575,Persistence,2022-01-06 09:15:00,230.0,256.0,True
575,Persistence,2022-01-06 09:20:00,223.0,249.0,True
575,Persistence,2022-01-06 09:25:00,216.0,244.0,True
575,Persistence,2022-01-06 09:30:00,209.0,242.0,True
575,Persistence,2022-01-06 09:35:00,203.0,239.0,True
575,Persistence,2022-01-06 09:40:00,193.0,235.0,True
575,Persistence,2022-01-06 09:45:00,182.0,230.0,True
575,Persistence,2022-01-06 09:50:00,171.0,223.0,True
575,Persistence,2022-01-06 09:55:00,162.0,216.0,True
575,Persistence,2022-01-06 10:00:00,155.0,209.0,True
575,Persistence,2022-01-06 10:05:00,150.0,203.0,True
575,Persistence,2022-01-06 10:10:00,146.0,193.0,True
575,Persistence,2022-01-06 10:15:00,143.0,182.0,True
575,Persistence,2022-01-06 10:20:00,139.0,171.0,True
575,Persistence,2022-01-06 10:25:00,135.0,162.0,True
575,Persistence,2022-01-06 10:30:00,130.0,155.0,True
575,Persistence,2022-01-06 10:35:00,125.0,150.0,True
575,Persistence,2022-01-06 10:40:00,121.0,146.0,True
575,Persistence,2022-01-06 10:45:00,116.0,143.0,True
575,Persistence,2022-01-06 10:50:00,109.0,139.0,True
575,Persistence,2022-01-06 10:55:00,105.0,135.0,True
575,Persistence,2022-01-06 11:00:00,100.0,130.0,True
575,Persistence,2022-01-06 11:05:00,95.0,125.0,True
575,Persistence,2022-01-06 11:10:00,90.0,121.0,True
575,Persistence,2022-01-06 11:15:00,86.0,116.0,True
575,Persistence,2022-01-06 11:20:00,81.0,109.0,True
575,Persistence,2022-01-06 11:25:00,77.0,105.0,True
575,Persistence,2022-01-06 11:30:00,72.0,100.0,True
575,Persistence,2022-01-06 11:35:00,67.0,95.0,True
575,Persistence,2022-01-06 11:40:00,61.0,90.0,True
575,Persistence,2022-01-06 11:45:00,58.0,86.0,True
575,Persistence,2022-01-06 11:50:00,54.0,81.0,True
575,Persistence,2022-01-06 11:55:00,51.0,77.0,True
575,Persistence,2022-01-06 12:00:00,49.0,72.0,True
575,Persistence,2022-01-06 12:05:00,48.0,67.0,True
575,Persistence,2022-01-06 12:10:00,48.0,61.0,True
575,Persistence,2022-01-06 12:15:00,48.0,58.0,True
575,Persistence,2022-01-06 12:20:00,50.0,54.0,True
575,Persistence,2022-01-06 12:25:00,57.0,51.0,True
575,Persistence,2022-01-06 12:30:00,65.0,49.0,True
575,Persistence,2022-01-06 12:35:00,69.0,48.0,True
575,Persistence,2022-01-06 12:40:00,75.0,48.0,True
575,Persistence,2022-01-06 12:45:00,80.0,48.0,True
575,Persistence,2022-01-06 12:50:00,91.0,50.0,True
575,Persistence,2022-01-06 12:55:00,106.0,57.0,True
575,Persistence,2022-01-06 13:00:00,117.0,65.0,True
575,Persistence,2022-01-06 13:05:00,127.0,69.0,True
575,Persistence,2022-01-06 13:10:00,134.0,75.0,True
575,Persistence,2022-01-06 13:15:00,139.0,80.0,True
575,Persistence,2022-01-06 13:20:00,146.0,91.0,True
575,Persistence,2022-01-06 13:25:00,153.0,106.0,True
575,Persistence,2022-01-06 13:30:00,153.0,117.0,True
575,Persistence,2022-01-06 13:35:00,150.0,127.0,True
575,Persistence,2022-01-06 13:40:00,145.0,134.0,True
575,Persistence,2022-01-06 13:45:00,139.0,139.0,True
575,Persistence,2022-01-06 13:50:00,132.0,146.0,True
575,Persistence,2022-01-06 13:55:00,126.0,153.0,True
575,Persistence,2022-01-06 14:00:00,121.0,153.0,True
575,Persistence,2022-01-06 14:05:00,118.0,150.0,True
575,Persistence,2022-01-06 14:10:00,116.0,145.0,True
575,Persistence,2022-01-06 14:15:00,117.0,139.0,True
575,Persistence,2022-01-06 14:20:00,116.0,132.0,True
575,Persistence,2022-01-06 14:25:00,115.0,126.0,True
575,Persistence,2022-01-06 14:30:00,116.0,121.0,True
575,Persistence,2022-01-06 14:35:00,118.0,118.0,True
575,Persistence,2022-01-06 14:40:00,121.0,116.0,True
575,Persistence,2022-01-06 14:45:00,125.0,117.0,True
575,Persistence,2022-01-06 14:50:00,129.0,116.0,True
575,Persistence,2022-01-06 14:55:00,134.0,115.0,True
575,Persistence,2022-01-06 15:00:00,138.0,116.0,True
575,Persistence,2022-01-06 15:05:00,138.0,118.0,True
575,Persistence,2022-01-06 15:10:00,138.0,121.0,True
575,Persistence,2022-01-06 15:15:00,136.0,125.0,True
575,Persistence,2022-01-06 15:20:00,136.0,129.0,True
575,Persistence,2022-01-06 15:25:00,136.0,134.0,True
575,Persistence,2022-01-06 15:30:00,135.0,138.0,True
575,Persistence,2022-01-06 15:35:00,135.0,138.0,True
575,Persistence,2022-01-06 15:40:00,134.0,138.0,True
575,Persistence,2022-01-06 15:45:00,133.0,136.0,True
575,Persistence,2022-01-06 15:50:00,133.0,136.0,True
575,Persistence,2022-01-06 15:55:00,132.0,136.0,True
575,Persistence,2022-01-06 16:00:00,132.0,135.0,True
575,Persistence,2022-01-06 16:05:00,132.0,135.0,True
575,Persistence,2022-01-06 16:10:00,133.0,134.0,True
575,Persistence,2022-01-06 16:15:00,133.0,133.0,True
575,Persistence,2022-01-06 16:20:00,131.0,133.0,True
575,Persistence,2022-01-06 16:25:00,132.0,132.0,True
575,Persistence,2022-01-06 16:30:00,133.0,132.0,True
575,Persistence,2022-01-06 16:35:00,134.0,132.0,True
575,Persistence,2022-01-06 16:40:00,134.0,133.0,True
575,Persistence,2022-01-06 16:45:00,134.0,133.0,True
575,Persistence,2022-01-06 16:50:00,135.0,131.0,True
575,Persistence,2022-01-06 16:55:00,134.0,132.0,True
575,Persistence,2022-01-06 17:00:00,135.0,133.0,True
575,Persistence,2022-01-06 17:05:00,137.0,134.0,True
575,Persistence,2022-01-06 17:10:00,137.0,134.0,True
575,Persistence,2022-01-06 17:15:00,138.0,134.0,True
575,Persistence,2022-01-06 17:20:00,139.0,135.0,True
575,Persistence,2022-01-06 17:25:00,140.0,134.0,True
575,Persistence,2022-01-06 17:30:00,140.0,135.0,True
575,Persistence,2022-01-06 17:35:00,140.0,137.0,True
575,Persistence,2022-01-06 17:40:00,139.0,137.0,True
575,Persistence,2022-01-06 17:45:00,139.0,138.0,True
575,Persistence,2022-01-06 17:50:00,140.0,139.0,True
575,Persistence,2022-01-06 17:55:00,140.0,140.0,True
575,Persistence,2022-01-06 18:00:00,140.0,140.0,True
575,Persistence,2022-01-06 18:05:00,140.0,140.0,True
575,Persistence,2022-01-06 18:10:00,140.0,139.0,True
575,Persistence,2022-01-06 18:15:00,140.0,139.0,True
575,Persistence,2022-01-06 18:20:00,140.0,140.0,True
575,Persistence,2022-01-06 18:25:00,141.0,140.0,True
575,Persistence,2022-01-06 18:30:00,142.0,140.0,True
575,Persistence,2022-01-06 18:35:00,143.0,140.0,True
575,Persistence,2022-01-06 18:40:00,144.0,140.0,True
575,Persistence,2022-01-06 18:45:00,145.0,140.0,True
575,Persistence,2022-01-06 18:50:00,144.0,140.0,True
575,Persistence,2022-01-06 18:55:00,144.0,141.0,True
575,Persistence,2022-01-06 19:00:00,146.0,142.0,True
575,Persistence,2022-01-06 19:05:00,146.0,143.0,True
575,Persistence,2022-01-06 19:10:00,146.0,144.0,True
575,Persistence,2022-01-06 19:15:00,146.0,145.0,True
575,Persistence,2022-01-06 19:20:00,145.0,144.0,True
575,Persistence,2022-01-06 19:25:00,143.0,144.0,True
575,Persistence,2022-01-06 19:30:00,142.0,146.0,True
575,Persistence,2022-01-06 19:35:00,133.0,146.0,True
575,Persistence,2022-01-06 19:40:00,134.0,146.0,True
575,Persistence,2022-01-06 19:45:00,132.0,146.0,True
575,Persistence,2022-01-06 19:50:00,131.0,145.0,True
575,Persistence,2022-01-06 19:55:00,132.0,143.0,True
575,Persistence,2022-01-06 20:00:00,131.0,142.0,True
575,Persistence,2022-01-06 20:05:00,130.0,133.0,True
575,Persistence,2022-01-06 20:10:00,128.0,134.0,True
575,Persistence,2022-01-06 20:15:00,127.0,132.0,True
575,Persistence,2022-01-06 20:20:00,124.0,131.0,True
575,Persistence,2022-01-06 20:25:00,124.0,132.0,True
575,Persistence,2022-01-06 20:30:00,123.0,131.0,True
575,Persistence,2022-01-06 20:35:00,125.0,130.0,True
575,Persistence,2022-01-06 20:40:00,127.0,128.0,True
575,Persistence,2022-01-06 20:45:00,129.0,127.0,True
575,Persistence,2022-01-06 20:50:00,130.0,124.0,True
575,Persistence,2022-01-06 20:55:00,133.0,124.0,True
575,Persistence,2022-01-06 21:00:00,139.0,123.0,True
575,Persistence,2022-01-06 21:05:00,141.0,125.0,True
575,Persistence,2022-01-06 21:10:00,142.0,127.0,True
575,Persistence,2022-01-06 21:15:00,142.0,129.0,True
575,Persistence,2022-01-06 21:20:00,143.0,130.0,True
575,Persistence,2022-01-06 21:25:00,142.0,133.0,True
575,Persistence,2022-01-06 21:30:00,142.0,139.0,True
575,Persistence,2022-01-06 21:35:00,144.0,141.0,True
575,Persistence,2022-01-06 21:40:00,145.0,142.0,True
575,Persistence,2022-01-06 21:45:00,147.0,142.0,True
575,Persistence,2022-01-06 21:50:00,151.0,143.0,True
575,Persistence,2022-01-06 21:55:00,153.0,142.0,True
575,Persistence,2022-01-06 22:00:00,154.0,142.0,True
575,Persistence,2022-01-06 22:05:00,160.0,144.0,True
575,Persistence,2022-01-06 22:10:00,165.0,145.0,True
575,Persistence,2022-01-06 22:15:00,171.0,147.0,True
575,Persistence,2022-01-06 22:20:00,180.0,151.0,True
575,Persistence,2022-01-06 22:25:00,187.0,153.0,True
575,Persistence,2022-01-06 22:30:00,192.0,154.0,True
575,Persistence,2022-01-06 22:35:00,196.0,160.0,True
575,Persistence,2022-01-06 22:40:00,199.0,165.0,True
575,Persistence,2022-01-06 22:45:00,201.0,171.0,True
575,Persistence,2022-01-06 22:50:00,197.0,180.0,True
575,Persistence,2022-01-06 22:55:00,188.0,187.0,True
575,Persistence,2022-01-06 23:00:00,178.0,192.0,True
575,Persistence,2022-01-06 23:05:00,167.0,196.0,True
575,Persistence,2022-01-06 23:10:00,154.0,199.0,True
575,Persistence,2022-01-06 23:15:00,143.0,201.0,True
575,Persistence,2022-01-06 23:20:00,134.0,197.0,True
575,Persistence,2022-01-06 23:25:00,123.0,188.0,True
575,Persistence,2022-01-06 23:30:00,112.0,178.0,True
575,Persistence,2022-01-06 23:35:00,106.0,167.0,True
575,Persistence,2022-01-06 23:40:00,101.0,154.0,True
575,Persistence,2022-01-06 23:45:00,99.0,143.0,True
575,Persistence,2022-01-06 23:50:00,101.0,134.0,True
575,Persistence,2022-01-06 23:55:00,103.0,123.0,True
575,Persistence,2022-01-07 00:00:00,102.0,112.0,True
575,Persistence,2022-01-07 00:05:00,105.0,106.0,True
575,Persistence,2022-01-07 00:10:00,112.0,101.0,True
575,Persistence,2022-01-07 00:15:00,119.0,99.0,True
575,Persistence,2022-01-07 00:20:00,125.0,101.0,True
575,Persistence,2022-01-07 00:25:00,130.0,103.0,True
575,Persistence,2022-01-07 00:30:00,136.0,102.0,True
575,Persistence,2022-01-07 00:35:00,142.0,105.0,True
575,Persistence,2022-01-07 00:40:00,148.0,112.0,True
575,Persistence,2022-01-07 00:45:00,154.0,119.0,True
575,Persistence,2022-01-07 00:50:00,159.0,125.0,True
575,Persistence,2022-01-07 00:55:00,164.0,130.0,True
575,Persistence,2022-01-07 01:00:00,167.0,136.0,True
575,Persistence,2022-01-07 01:05:00,169.0,142.0,True
575,Persistence,2022-01-07 01:10:00,170.0,148.0,True
575,Persistence,2022-01-07 01:15:00,170.0,154.0,True
575,Persistence,2022-01-07 01:20:00,168.0,159.0,True
575,Persistence,2022-01-07 01:25:00,166.0,164.0,True
575,Persistence,2022-01-07 01:30:00,162.0,167.0,True
575,Persistence,2022-01-07 01:35:00,156.0,169.0,True
575,Persistence,2022-01-07 01:40:00,151.0,170.0,True
575,Persistence,2022-01-07 01:45:00,148.0,170.0,True
575,Persistence,2022-01-07 01:50:00,145.0,168.0,True
575,Persistence,2022-01-07 01:55:00,143.0,166.0,True
575,Persistence,2022-01-07 02:00:00,139.0,162.0,True
575,Persistence,2022-01-07 02:05:00,135.0,156.0,True
575,Persistence,2022-01-07 02:10:00,132.0,151.0,True
575,Persistence,2022-01-07 02:15:00,130.0,148.0,True
575,Persistence,2022-01-07 02:20:00,128.0,145.0,True
575,Persistence,2022-01-07 02:25:00,125.0,143.0,True
575,Persistence,2022-01-07 02:30:00,123.0,139.0,True
575,Persistence,2022-01-07 02:35:00,119.0,135.0,True
575,Persistence,2022-01-07 02:40:00,116.0,132.0,True
575,Persistence,2022-01-07 02:45:00,115.0,130.0,True
575,Persistence,2022-01-07 02:50:00,115.0,128.0,True
575,Persistence,2022-01-07 02:55:00,115.0,125.0,True
575,Persistence,2022-01-07 03:00:00,117.0,123.0,True
575,Persistence,2022-01-07 03:05:00,118.0,119.0,True
575,Persistence,2022-01-07 03:10:00,118.0,116.0,True
575,Persistence,2022-01-07 03:15:00,118.0,115.0,True
575,Persistence,2022-01-07 03:20:00,118.0,115.0,True
575,Persistence,2022-01-07 03:25:00,119.0,115.0,True
575,Persistence,2022-01-07 03:30:00,120.0,117.0,True
575,Persistence,2022-01-07 03:35:00,121.0,118.0,True
575,Persistence,2022-01-07 03:40:00,121.0,118.0,True
575,Persistence,2022-01-07 03:45:00,122.0,118.0,True
575,Persistence,2022-01-07 03:50:00,122.0,118.0,True
575,Persistence,2022-01-07 03:55:00,123.0,119.0,True
575,Persistence,2022-01-07 04:00:00,124.0,120.0,True
575,Persistence,2022-01-07 04:05:00,123.0,121.0,True
575,Persistence,2022-01-07 04:10:00,123.0,121.0,True
575,Persistence,2022-01-07 04:15:00,123.0,122.0,True
575,Persistence,2022-01-07 04:20:00,124.0,122.0,True
575,Persistence,2022-01-07 04:25:00,123.0,123.0,True
575,Persistence,2022-01-07 04:30:00,122.0,124.0,True
575,Persistence,2022-01-07 04:35:00,120.0,123.0,True
575,Persistence,2022-01-07 04:40:00,119.0,123.0,True
575,Persistence,2022-01-07 04:45:00,118.0,123.0,True
575,Persistence,2022-01-07 04:50:00,117.0,124.0,True
575,Persistence,2022-01-07 04:55:00,117.0,123.0,True
575,Persistence,2022-01-07 05:00:00,116.0,122.0,True
575,Persistence,2022-01-07 05:05:00,115.0,120.0,True
575,Persistence,2022-01-07 05:10:00,114.0,119.0,True
575,Persistence,2022-01-07 05:15:00,113.0,118.0,True
575,Persistence,2022-01-07 05:20:00,112.0,117.0,True
575,Persistence,2022-01-07 05:25:00,112.0,117.0,True
575,Persistence,2022-01-07 05:30:00,111.0,116.0,True
575,Persistence,2022-01-07 05:35:00,112.0,115.0,True
575,Persistence,2022-01-07 05:40:00,112.0,114.0,True
575,Persistence,2022-01-07 05:45:00,113.0,113.0,True
575,Persistence,2022-01-07 05:50:00,114.0,112.0,True
575,Persistence,2022-01-07 05:55:00,115.0,112.0,True
575,Persistence,2022-01-07 06:00:00,116.0,111.0,True
575,Persistence,2022-01-07 06:05:00,119.0,112.0,True
575,Persistence,2022-01-07 06:10:00,121.0,112.0,True
575,Persistence,2022-01-07 06:15:00,123.0,113.0,True
575,Persistence,2022-01-07 06:20:00,126.0,114.0,True
575,Persistence,2022-01-07 06:25:00,129.0,115.0,True
575,Persistence,2022-01-07 06:30:00,131.0,116.0,True
575,Persistence,2022-01-07 06:35:00,133.0,119.0,True
575,Persistence,2022-01-07 06:40:00,136.0,121.0,True
575,Persistence,2022-01-07 06:45:00,136.0,123.0,True
575,Persistence,2022-01-07 06:50:00,134.0,126.0,True
575,Persistence,2022-01-07 06:55:00,139.0,129.0,True
575,Persistence,2022-01-07 07:00:00,147.0,131.0,True
575,Persistence,2022-01-07 07:05:00,154.0,133.0,True
575,Persistence,2022-01-07 07:10:00,160.0,136.0,True
575,Persistence,2022-01-07 07:15:00,168.0,136.0,True
575,Persistence,2022-01-07 07:20:00,173.0,134.0,True
575,Persistence,2022-01-07 07:25:00,178.0,139.0,True
575,Persistence,2022-01-07 07:30:00,182.0,147.0,True
575,Persistence,2022-01-07 07:35:00,181.0,154.0,True
575,Persistence,2022-01-07 07:40:00,180.0,160.0,True
575,Persistence,2022-01-07 07:45:00,182.0,168.0,True
575,Persistence,2022-01-07 07:50:00,186.0,173.0,True
575,Persistence,2022-01-07 07:55:00,188.0,178.0,True
575,Persistence,2022-01-07 08:00:00,190.0,182.0,True
575,Persistence,2022-01-07 08:05:00,192.0,181.0,True
575,Persistence,2022-01-07 08:10:00,192.0,180.0,True
575,Persistence,2022-01-07 08:15:00,191.0,182.0,True
575,Persistence,2022-01-07 08:20:00,190.0,186.0,True
575,Persistence,2022-01-07 08:25:00,188.0,188.0,True
575,Persistence,2022-01-07 08:30:00,183.0,190.0,True
575,Persistence,2022-01-07 08:35:00,178.0,192.0,True
575,Persistence,2022-01-07 08:40:00,173.0,192.0,True
575,Persistence,2022-01-07 08:45:00,167.0,191.0,True
575,Persistence,2022-01-07 08:50:00,160.0,190.0,True
575,Persistence,2022-01-07 08:55:00,154.0,188.0,True
575,Persistence,2022-01-07 09:00:00,148.0,183.0,True
575,Persistence,2022-01-07 09:05:00,144.0,178.0,True
575,Persistence,2022-01-07 09:10:00,139.0,173.0,True
575,Persistence,2022-01-07 09:15:00,136.0,167.0,True
575,Persistence,2022-01-07 09:20:00,131.0,160.0,True
575,Persistence,2022-01-07 09:25:00,127.0,154.0,True
575,Persistence,2022-01-07 09:30:00,122.0,148.0,True
575,Persistence,2022-01-07 09:35:00,116.0,144.0,True
575,Persistence,2022-01-07 09:40:00,111.0,139.0,True
575,Persistence,2022-01-07 09:45:00,107.0,136.0,True
575,Persistence,2022-01-07 09:50:00,103.0,131.0,True
575,Persistence,2022-01-07 09:55:00,100.0,127.0,True
575,Persistence,2022-01-07 10:00:00,100.0,122.0,True
575,Persistence,2022-01-07 10:05:00,100.0,116.0,True
575,Persistence,2022-01-07 10:10:00,98.0,111.0,True
575,Persistence,2022-01-07 10:15:00,95.0,107.0,True
575,Persistence,2022-01-07 10:20:00,90.0,103.0,True
575,Persistence,2022-01-07 10:25:00,88.0,100.0,True
575,Persistence,2022-01-07 10:30:00,86.0,100.0,True
575,Persistence,2022-01-07 10:35:00,83.0,100.0,True
575,Persistence,2022-01-07 10:40:00,80.0,98.0,True
575,Persistence,2022-01-07 10:45:00,77.0,95.0,True
575,Persistence,2022-01-07 10:50:00,75.0,90.0,True
575,Persistence,2022-01-07 10:55:00,71.0,88.0,True
575,Persistence,2022-01-07 11:00:00,70.0,86.0,True
575,Persistence,2022-01-07 11:05:00,66.0,83.0,True
575,Persistence,2022-01-07 11:10:00,64.0,80.0,True
575,Persistence,2022-01-07 11:15:00,63.0,77.0,True
575,Persistence,2022-01-07 11:20:00,61.0,75.0,True
575,Persistence,2022-01-07 11:25:00,61.0,71.0,True
575,Persistence,2022-01-07 11:30:00,61.0,70.0,True
575,Persistence,2022-01-07 11:35:00,61.0,66.0,True
575,Persistence,2022-01-07 11:40:00,61.0,64.0,True
575,Persistence,2022-01-07 11:45:00,61.0,63.0,True
575,Persistence,2022-01-07 11:50:00,61.0,61.0,True
575,Persistence,2022-01-07 11:55:00,61.0,61.0,True
575,Persistence,2022-01-07 13:20:00,95.0,,False
575,Persistence,2022-01-07 13:25:00,96.0,,False
575,Persistence,2022-01-07 13:30:00,99.0,,False
575,Persistence,2022-01-07 13:35:00,106.0,,False
575,Persistence,2022-01-07 13:40:00,115.0,,False
575,Persistence,2022-01-07 13:45:00,124.0,,False
575,Persistence,2022-01-07 13:50:00,130.0,95.0,True
575,Persistence,2022-01-07 13:55:00,135.0,96.0,True
575,Persistence,2022-01-07 14:00:00,140.0,99.0,True
575,Persistence,2022-01-07 14:05:00,144.0,106.0,True
575,Persistence,2022-01-07 14:10:00,148.0,115.0,True
575,Persistence,2022-01-07 14:15:00,155.0,124.0,True
575,Persistence,2022-01-07 14:20:00,165.0,130.0,True
575,Persistence,2022-01-07 14:25:00,175.0,135.0,True
575,Persistence,2022-01-07 14:30:00,183.0,140.0,True
575,Persistence,2022-01-07 14:35:00,191.0,144.0,True
575,Persistence,2022-01-07 14:40:00,200.0,148.0,True
575,Persistence,2022-01-07 14:45:00,208.0,155.0,True
575,Persistence,2022-01-07 14:50:00,215.0,165.0,True
575,Persistence,2022-01-07 14:55:00,221.0,175.0,True
575,Persistence,2022-01-07 15:00:00,229.0,183.0,True
575,Persistence,2022-01-07 15:05:00,238.0,191.0,True
575,Persistence,2022-01-07 15:10:00,245.0,200.0,True
575,Persistence,2022-01-07 15:15:00,252.0,208.0,True
575,Persistence,2022-01-07 15:20:00,256.0,215.0,True
575,Persistence,2022-01-07 15:25:00,256.0,221.0,True
575,Persistence,2022-01-07 15:30:00,255.0,229.0,True
575,Persistence,2022-01-07 15:35:00,251.0,238.0,True
575,Persistence,2022-01-07 15:40:00,247.0,245.0,True
575,Persistence,2022-01-07 15:45:00,247.0,252.0,True
575,Persistence,2022-01-07 15:50:00,245.0,256.0,True
575,Persistence,2022-01-07 15:55:00,243.0,256.0,True
575,Persistence,2022-01-07 16:00:00,243.0,255.0,True
575,Persistence,2022-01-07 16:05:00,243.0,251.0,True
575,Persistence,2022-01-07 16:10:00,242.0,247.0,True
575,Persistence,2022-01-07 16:15:00,240.0,247.0,True
575,Persistence,2022-01-07 16:20:00,238.0,245.0,True
575,Persistence,2022-01-07 16:25:00,237.0,243.0,True
575,Persistence,2022-01-07 16:30:00,237.0,243.0,True
575,Persistence,2022-01-07 16:35:00,236.0,243.0,True
575,Persistence,2022-01-07 16:40:00,233.0,242.0,True
575,Persistence,2022-01-07 16:45:00,231.0,240.0,True
575,Persistence,2022-01-07 16:50:00,229.0,238.0,True
575,Persistence,2022-01-07 16:55:00,228.0,237.0,True
575,Persistence,2022-01-07 17:00:00,226.0,237.0,True
575,Persistence,2022-01-07 17:05:00,225.0,236.0,True
575,Persistence,2022-01-07 17:10:00,224.0,233.0,True
575,Persistence,2022-01-07 17:15:00,222.0,231.0,True
575,Persistence,2022-01-07 17:20:00,221.0,229.0,True
575,Persistence,2022-01-07 17:25:00,221.0,228.0,True
575,Persistence,2022-01-07 17:30:00,220.0,226.0,True
575,Persistence,2022-01-07 17:35:00,219.0,225.0,True
575,Persistence,2022-01-07 17:40:00,218.0,224.0,True
575,Persistence,2022-01-07 17:45:00,218.0,222.0,True
575,Persistence,2022-01-07 17:50:00,216.0,221.0,True
575,Persistence,2022-01-07 17:55:00,214.0,221.0,True
575,Persistence,2022-01-07 18:00:00,214.0,220.0,True
575,Persistence,2022-01-07 18:05:00,213.0,219.0,True
575,Persistence,2022-01-07 18:10:00,212.0,218.0,True
575,Persistence,2022-01-07 18:15:00,212.0,218.0,True
575,Persistence,2022-01-07 18:20:00,211.0,216.0,True
575,Persistence,2022-01-07 18:25:00,212.0,214.0,True
575,Persistence,2022-01-07 18:30:00,211.0,214.0,True
575,Persistence,2022-01-07 18:35:00,211.0,213.0,True
575,Persistence,2022-01-07 18:40:00,211.0,212.0,True
575,Persistence,2022-01-07 18:45:00,210.0,212.0,True
575,Persistence,2022-01-07 18:50:00,209.0,211.0,True
575,Persistence,2022-01-07 18:55:00,208.0,212.0,True
575,Persistence,2022-01-07 19:00:00,206.0,211.0,True
575,Persistence,2022-01-07 19:05:00,205.0,211.0,True
575,Persistence,2022-01-07 19:10:00,205.0,211.0,True
575,Persistence,2022-01-07 19:15:00,205.0,210.0,True
575,Persistence,2022-01-07 19:20:00,205.0,209.0,True
575,Persistence,2022-01-07 19:25:00,205.0,208.0,True
575,Persistence,2022-01-07 19:30:00,205.0,206.0,True
575,Persistence,2022-01-07 19:35:00,184.0,205.0,True
575,Persistence,2022-01-07 19:40:00,182.0,205.0,True
575,Persistence,2022-01-07 19:45:00,180.0,205.0,True
575,Persistence,2022-01-07 19:50:00,177.0,205.0,True
575,Persistence,2022-01-07 19:55:00,174.0,205.0,True
575,Persistence,2022-01-07 20:00:00,170.0,205.0,True
575,Persistence,2022-01-07 20:05:00,167.0,184.0,True
575,Persistence,2022-01-07 20:10:00,165.0,182.0,True
575,Persistence,2022-01-07 20:15:00,161.0,180.0,True
575,Persistence,2022-01-07 20:20:00,157.0,177.0,True
575,Persistence,2022-01-07 20:25:00,154.0,174.0,True
575,Persistence,2022-01-07 20:30:00,151.0,170.0,True
575,Persistence,2022-01-07 20:35:00,149.0,167.0,True
575,Persistence,2022-01-07 20:40:00,146.0,165.0,True
575,Persistence,2022-01-07 20:45:00,144.0,161.0,True
575,Persistence,2022-01-07 20:50:00,145.0,157.0,True
575,Persistence,2022-01-07 20:55:00,152.0,154.0,True
575,Persistence,2022-01-07 21:00:00,162.0,151.0,True
575,Persistence,2022-01-07 21:05:00,171.0,149.0,True
575,Persistence,2022-01-07 21:10:00,182.0,146.0,True
575,Persistence,2022-01-07 21:15:00,197.0,144.0,True
575,Persistence,2022-01-07 21:20:00,210.0,145.0,True
575,Persistence,2022-01-07 21:25:00,223.0,152.0,True
575,Persistence,2022-01-07 21:30:00,233.0,162.0,True
575,Persistence,2022-01-07 21:35:00,237.0,171.0,True
575,Persistence,2022-01-07 21:40:00,233.0,182.0,True
575,Persistence,2022-01-07 21:45:00,229.0,197.0,True
575,Persistence,2022-01-07 21:50:00,219.0,210.0,True
575,Persistence,2022-01-07 21:55:00,206.0,223.0,True
575,Persistence,2022-01-07 22:00:00,193.0,233.0,True
575,Persistence,2022-01-07 22:05:00,180.0,237.0,True
575,Persistence,2022-01-07 22:10:00,166.0,233.0,True
575,Persistence,2022-01-07 22:15:00,151.0,229.0,True
575,Persistence,2022-01-07 22:20:00,138.0,219.0,True
575,Persistence,2022-01-07 22:25:00,127.0,206.0,True
575,Persistence,2022-01-07 22:30:00,115.0,193.0,True
575,Persistence,2022-01-07 22:35:00,105.0,180.0,True
575,Persistence,2022-01-07 22:40:00,93.0,166.0,True
575,Persistence,2022-01-07 22:45:00,88.0,151.0,True
575,Persistence,2022-01-07 22:50:00,80.0,138.0,True
575,Persistence,2022-01-07 22:55:00,74.0,127.0,True
575,Persistence,2022-01-07 23:00:00,67.0,115.0,True
575,Persistence,2022-01-07 23:05:00,62.0,105.0,True
575,Persistence,2022-01-07 23:10:00,60.0,93.0,True
575,Persistence,2022-01-07 23:15:00,59.0,88.0,True
575,Persistence,2022-01-07 23:20:00,58.0,80.0,True
575,Persistence,2022-01-07 23:25:00,59.0,74.0,True
575,Persistence,2022-01-07 23:30:00,58.0,67.0,True
575,Persistence,2022-01-07 23:35:00,58.0,62.0,True
575,Persistence,2022-01-07 23:40:00,61.0,60.0,True
575,Persistence,2022-01-07 23:45:00,65.0,59.0,True
575,Persistence,2022-01-07 23:50:00,61.0,58.0,True
575,Persistence,2022-01-07 23:55:00,55.0,59.0,True
575,Persistence,2022-01-08 00:00:00,53.0,58.0,True
575,Persistence,2022-01-08 00:05:00,52.0,58.0,True
575,Persistence,2022-01-08 00:10:00,52.0,61.0,True
575,Persistence,2022-01-08 00:15:00,56.0,65.0,True
575,Persistence,2022-01-08 00:20:00,61.0,61.0,True
575,Persistence,2022-01-08 00:25:00,66.0,55.0,True
575,Persistence,2022-01-08 00:30:00,70.0,53.0,True
575,Persistence,2022-01-08 00:35:00,73.0,52.0,True
575,Persistence,2022-01-08 00:40:00,77.0,52.0,True
575,Persistence,2022-01-08 00:45:00,81.0,56.0,True
575,Persistence,2022-01-08 00:50:00,85.0,61.0,True
575,Persistence,2022-01-08 00:55:00,89.0,66.0,True
575,Persistence,2022-01-08 01:00:00,94.0,70.0,True
575,Persistence,2022-01-08 01:05:00,99.0,73.0,True
575,Persistence,2022-01-08 01:10:00,104.0,77.0,True
575,Persistence,2022-01-08 01:15:00,108.0,81.0,True
575,Persistence,2022-01-08 01:20:00,113.0,85.0,True
575,Persistence,2022-01-08 01:25:00,118.0,89.0,True
575,Persistence,2022-01-08 01:30:00,123.0,94.0,True
575,Persistence,2022-01-08 01:35:00,129.0,99.0,True
575,Persistence,2022-01-08 01:40:00,133.0,104.0,True
575,Persistence,2022-01-08 01:45:00,131.0,108.0,True
575,Persistence,2022-01-08 01:50:00,124.0,113.0,True
575,Persistence,2022-01-08 01:55:00,121.0,118.0,True
575,Persistence,2022-01-08 02:00:00,121.0,123.0,True
575,Persistence,2022-01-08 02:05:00,126.0,129.0,True
575,Persistence,2022-01-08 02:10:00,131.0,133.0,True
575,Persistence,2022-01-08 02:15:00,133.0,131.0,True
575,Persistence,2022-01-08 02:20:00,135.0,124.0,True
575,Persistence,2022-01-08 02:25:00,140.0,121.0,True
575,Persistence,2022-01-08 02:30:00,146.0,121.0,True
575,Persistence,2022-01-08 02:35:00,150.0,126.0,True
575,Persistence,2022-01-08 02:40:00,155.0,131.0,True
575,Persistence,2022-01-08 02:45:00,158.0,133.0,True
575,Persistence,2022-01-08 02:50:00,159.0,135.0,True
575,Persistence,2022-01-08 02:55:00,162.0,140.0,True
575,Persistence,2022-01-08 03:00:00,164.0,146.0,True
575,Persistence,2022-01-08 03:05:00,166.0,150.0,True
575,Persistence,2022-01-08 03:10:00,168.0,155.0,True
575,Persistence,2022-01-08 03:15:00,170.0,158.0,True
575,Persistence,2022-01-08 03:20:00,172.0,159.0,True
575,Persistence,2022-01-08 03:25:00,174.0,162.0,True
575,Persistence,2022-01-08 03:30:00,176.0,164.0,True
575,Persistence,2022-01-08 03:35:00,177.0,166.0,True
575,Persistence,2022-01-08 03:40:00,178.0,168.0,True
575,Persistence,2022-01-08 03:45:00,179.0,170.0,True
575,Persistence,2022-01-08 03:50:00,179.0,172.0,True
575,Persistence,2022-01-08 03:55:00,178.0,174.0,True
575,Persistence,2022-01-08 04:00:00,177.0,176.0,True
575,Persistence,2022-01-08 04:05:00,175.0,177.0,True
575,Persistence,2022-01-08 04:10:00,173.0,178.0,True
575,Persistence,2022-01-08 04:15:00,171.0,179.0,True
575,Persistence,2022-01-08 04:20:00,172.0,179.0,True
575,Persistence,2022-01-08 04:25:00,171.0,178.0,True
575,Persistence,2022-01-08 04:30:00,172.0,177.0,True
575,Persistence,2022-01-08 04:35:00,175.0,175.0,True
575,Persistence,2022-01-08 04:40:00,177.0,173.0,True
575,Persistence,2022-01-08 04:45:00,177.0,171.0,True
575,Persistence,2022-01-08 04:50:00,176.0,172.0,True
575,Persistence,2022-01-08 04:55:00,178.0,171.0,True
575,Persistence,2022-01-08 05:00:00,179.0,172.0,True
575,Persistence,2022-01-08 05:05:00,182.0,175.0,True
575,Persistence,2022-01-08 05:10:00,185.0,177.0,True
575,Persistence,2022-01-08 05:15:00,188.0,177.0,True
575,Persistence,2022-01-08 05:20:00,190.0,176.0,True
575,Persistence,2022-01-08 05:25:00,194.0,178.0,True
575,Persistence,2022-01-08 05:30:00,197.0,179.0,True
575,Persistence,2022-01-08 05:35:00,200.0,182.0,True
575,Persistence,2022-01-08 05:40:00,204.0,185.0,True
575,Persistence,2022-01-08 05:45:00,207.0,188.0,True
575,Persistence,2022-01-08 05:50:00,213.0,190.0,True
575,Persistence,2022-01-08 05:55:00,219.0,194.0,True
575,Persistence,2022-01-08 06:00:00,226.0,197.0,True
575,Persistence,2022-01-08 06:05:00,230.0,200.0,True
575,Persistence,2022-01-08 06:10:00,231.0,204.0,True
575,Persistence,2022-01-08 06:15:00,233.0,207.0,True
575,Persistence,2022-01-08 06:20:00,233.0,213.0,True
575,Persistence,2022-01-08 06:25:00,233.0,219.0,True
575,Persistence,2022-01-08 06:30:00,233.0,226.0,True
575,Persistence,2022-01-08 06:35:00,232.0,230.0,True
575,Persistence,2022-01-08 06:40:00,232.0,231.0,True
575,Persistence,2022-01-08 06:45:00,231.0,233.0,True
575,Persistence,2022-01-08 06:50:00,231.0,233.0,True
575,Persistence,2022-01-08 06:55:00,230.0,233.0,True
575,Persistence,2022-01-08 07:00:00,229.0,233.0,True
575,Persistence,2022-01-08 07:05:00,228.0,232.0,True
575,Persistence,2022-01-08 07:10:00,227.0,232.0,True
575,Persistence,2022-01-08 07:15:00,227.0,231.0,True
575,Persistence,2022-01-08 07:20:00,226.0,231.0,True
575,Persistence,2022-01-08 07:25:00,226.0,230.0,True
575,Persistence,2022-01-08 07:30:00,226.0,229.0,True
575,Persistence,2022-01-08 07:35:00,226.0,228.0,True
575,Persistence,2022-01-08 07:40:00,226.0,227.0,True
575,Persistence,2022-01-08 07:45:00,226.0,227.0,True
575,Persistence,2022-01-08 07:50:00,226.0,226.0,True
575,Persistence,2022-01-08 07:55:00,226.0,226.0,True
575,Persistence,2022-01-08 08:10:00,280.0,226.0,True
575,Persistence,2022-01-08 08:15:00,277.0,226.0,True
575,Persistence,2022-01-08 08:20:00,273.0,226.0,True
575,Persistence,2022-01-08 08:25:00,267.0,226.0,True
575,Persistence,2022-01-08 08:30:00,262.0,,False
575,Persistence,2022-01-08 08:35:00,256.0,,False
575,Persistence,2022-01-08 08:40:00,250.0,280.0,True
575,Persistence,2022-01-08 08:45:00,244.0,277.0,True
575,Persistence,2022-01-08 08:50:00,238.0,273.0,True
575,Persistence,2022-01-08 08:55:00,232.0,267.0,True
575,Persistence,2022-01-08 09:00:00,227.0,262.0,True
575,Persistence,2022-01-08 09:05:00,221.0,256.0,True
575,Persistence,2022-01-08 09:10:00,216.0,250.0,True
575,Persistence,2022-01-08 09:15:00,211.0,244.0,True
575,Persistence,2022-01-08 09:20:00,211.0,238.0,True
575,Persistence,2022-01-08 09:25:00,211.0,232.0,True
575,Persistence,2022-01-08 09:30:00,211.0,227.0,True
575,Persistence,2022-01-08 09:35:00,211.0,221.0,True
575,Persistence,2022-01-08 09:40:00,211.0,216.0,True
575,Persistence,2022-01-08 09:45:00,211.0,211.0,True
575,Persistence,2022-01-08 09:50:00,211.0,211.0,True
575,Persistence,2022-01-08 13:35:00,186.0,,False
575,Persistence,2022-01-08 13:40:00,183.0,,False
575,Persistence,2022-01-08 13:45:00,180.0,,False
575,Persistence,2022-01-08 13:50:00,174.0,,False
575,Persistence,2022-01-08 13:55:00,168.0,,False
575,Persistence,2022-01-08 14:00:00,161.0,,False
575,Persistence,2022-01-08 14:05:00,155.0,186.0,True
575,Persistence,2022-01-08 14:10:00,152.0,183.0,True
575,Persistence,2022-01-08 14:15:00,150.0,180.0,True
575,Persistence,2022-01-08 14:20:00,148.0,174.0,True
575,Persistence,2022-01-08 14:25:00,143.0,168.0,True
575,Persistence,2022-01-08 14:30:00,139.0,161.0,True
575,Persistence,2022-01-08 14:35:00,134.0,155.0,True
575,Persistence,2022-01-08 14:40:00,132.0,152.0,True
575,Persistence,2022-01-08 14:45:00,132.0,150.0,True
575,Persistence,2022-01-08 14:50:00,131.0,148.0,True
575,Persistence,2022-01-08 14:55:00,130.0,143.0,True
575,Persistence,2022-01-08 15:00:00,129.0,139.0,True
575,Persistence,2022-01-08 15:05:00,128.0,134.0,True
575,Persistence,2022-01-08 15:10:00,124.0,132.0,True
575,Persistence,2022-01-08 15:15:00,117.0,132.0,True
575,Persistence,2022-01-08 15:20:00,112.0,131.0,True
575,Persistence,2022-01-08 15:25:00,111.0,130.0,True
575,Persistence,2022-01-08 15:30:00,115.0,129.0,True
575,Persistence,2022-01-08 15:35:00,111.0,128.0,True
575,Persistence,2022-01-08 15:40:00,108.0,124.0,True
575,Persistence,2022-01-08 15:45:00,106.0,117.0,True
575,Persistence,2022-01-08 15:50:00,105.0,112.0,True
575,Persistence,2022-01-08 15:55:00,102.0,111.0,True
575,Persistence,2022-01-08 16:00:00,101.0,115.0,True
575,Persistence,2022-01-08 16:05:00,100.0,111.0,True
575,Persistence,2022-01-08 16:10:00,99.0,108.0,True
575,Persistence,2022-01-08 16:15:00,96.0,106.0,True
575,Persistence,2022-01-08 16:20:00,93.0,105.0,True
575,Persistence,2022-01-08 16:25:00,92.0,102.0,True
575,Persistence,2022-01-08 16:30:00,93.0,101.0,True
575,Persistence,2022-01-08 16:35:00,102.0,100.0,True
575,Persistence,2022-01-08 16:40:00,114.0,99.0,True
575,Persistence,2022-01-08 16:45:00,121.0,96.0,True
575,Persistence,2022-01-08 16:50:00,127.0,93.0,True
575,Persistence,2022-01-08 16:55:00,130.0,92.0,True
575,Persistence,2022-01-08 17:00:00,132.0,93.0,True
575,Persistence,2022-01-08 17:05:00,145.0,102.0,True
575,Persistence,2022-01-08 17:10:00,149.0,114.0,True
575,Persistence,2022-01-08 17:15:00,144.0,121.0,True
575,Persistence,2022-01-08 17:20:00,144.0,127.0,True
575,Persistence,2022-01-08 17:25:00,144.0,130.0,True
575,Persistence,2022-01-08 17:30:00,140.0,132.0,True
575,Persistence,2022-01-08 17:35:00,137.0,145.0,True
575,Persistence,2022-01-08 17:40:00,144.0,149.0,True
575,Persistence,2022-01-08 17:45:00,144.0,144.0,True
575,Persistence,2022-01-08 17:50:00,142.0,144.0,True
575,Persistence,2022-01-08 17:55:00,139.0,144.0,True
575,Persistence,2022-01-08 18:00:00,127.0,140.0,True
575,Persistence,2022-01-08 18:05:00,134.0,137.0,True
575,Persistence,2022-01-08 18:10:00,136.0,144.0,True
575,Persistence,2022-01-08 18:15:00,139.0,144.0,True
575,Persistence,2022-01-08 18:20:00,141.0,142.0,True
575,Persistence,2022-01-08 18:25:00,141.0,139.0,True
575,Persistence,2022-01-08 18:30:00,132.0,127.0,True
575,Persistence,2022-01-08 18:35:00,129.0,134.0,True
575,Persistence,2022-01-08 18:40:00,125.0,136.0,True
575,Persistence,2022-01-08 18:45:00,113.0,139.0,True
575,Persistence,2022-01-08 18:50:00,107.0,141.0,True
575,Persistence,2022-01-08 18:55:00,103.0,141.0,True
575,Persistence,2022-01-08 19:00:00,105.0,132.0,True
575,Persistence,2022-01-08 19:05:00,113.0,129.0,True
575,Persistence,2022-01-08 19:10:00,122.0,125.0,True
575,Persistence,2022-01-08 19:15:00,135.0,113.0,True
575,Persistence,2022-01-08 19:20:00,150.0,107.0,True
575,Persistence,2022-01-08 19:25:00,155.0,103.0,True
575,Persistence,2022-01-08 19:30:00,168.0,105.0,True
575,Persistence,2022-01-08 19:35:00,172.0,113.0,True
575,Persistence,2022-01-08 19:40:00,180.0,122.0,True
575,Persistence,2022-01-08 19:45:00,195.0,135.0,True
575,Persistence,2022-01-08 19:50:00,204.0,150.0,True
575,Persistence,2022-01-08 19:55:00,205.0,155.0,True
575,Persistence,2022-01-08 20:00:00,217.0,168.0,True
575,Persistence,2022-01-08 20:05:00,225.0,172.0,True
575,Persistence,2022-01-08 20:10:00,235.0,180.0,True
575,Persistence,2022-01-08 20:15:00,235.0,195.0,True
575,Persistence,2022-01-08 20:20:00,232.0,204.0,True
575,Persistence,2022-01-08 20:25:00,225.0,205.0,True
575,Persistence,2022-01-08 20:30:00,216.0,217.0,True
575,Persistence,2022-01-08 20:35:00,208.0,225.0,True
575,Persistence,2022-01-08 20:40:00,201.0,235.0,True
575,Persistence,2022-01-08 20:45:00,199.0,235.0,True
575,Persistence,2022-01-08 20:50:00,201.0,232.0,True
575,Persistence,2022-01-08 20:55:00,196.0,225.0,True
575,Persistence,2022-01-08 21:00:00,193.0,216.0,True
575,Persistence,2022-01-08 21:05:00,192.0,208.0,True
575,Persistence,2022-01-08 21:10:00,193.0,201.0,True
575,Persistence,2022-01-08 21:15:00,204.0,199.0,True
575,Persistence,2022-01-08 21:20:00,209.0,201.0,True
575,Persistence,2022-01-08 21:25:00,210.0,196.0,True
575,Persistence,2022-01-08 21:30:00,210.0,193.0,True
575,Persistence,2022-01-08 21:35:00,210.0,192.0,True
575,Persistence,2022-01-08 21:40:00,199.0,193.0,True
575,Persistence,2022-01-08 21:45:00,185.0,204.0,True
575,Persistence,2022-01-08 21:50:00,178.0,209.0,True
575,Persistence,2022-01-08 21:55:00,175.0,210.0,True
575,Persistence,2022-01-08 22:00:00,186.0,210.0,True
575,Persistence,2022-01-08 22:05:00,192.0,210.0,True
575,Persistence,2022-01-08 22:10:00,193.0,199.0,True
575,Persistence,2022-01-08 22:15:00,188.0,185.0,True
575,Persistence,2022-01-08 22:20:00,183.0,178.0,True
575,Persistence,2022-01-08 22:25:00,179.0,175.0,True
575,Persistence,2022-01-08 22:30:00,174.0,186.0,True
575,Persistence,2022-01-08 22:35:00,169.0,192.0,True
575,Persistence,2022-01-08 22:40:00,165.0,193.0,True
575,Persistence,2022-01-08 22:45:00,163.0,188.0,True
575,Persistence,2022-01-08 22:50:00,156.0,183.0,True
575,Persistence,2022-01-08 22:55:00,151.0,179.0,True
575,Persistence,2022-01-08 23:00:00,144.0,174.0,True
575,Persistence,2022-01-08 23:05:00,139.0,169.0,True
575,Persistence,2022-01-08 23:10:00,137.0,165.0,True
575,Persistence,2022-01-08 23:15:00,138.0,163.0,True
575,Persistence,2022-01-08 23:20:00,138.0,156.0,True
575,Persistence,2022-01-08 23:25:00,135.0,151.0,True
575,Persistence,2022-01-08 23:30:00,133.0,144.0,True
575,Persistence,2022-01-08 23:35:00,134.0,139.0,True
575,Persistence,2022-01-08 23:40:00,136.0,137.0,True
575,Persistence,2022-01-08 23:45:00,139.0,138.0,True
575,Persistence,2022-01-08 23:50:00,141.0,138.0,True
575,Persistence,2022-01-08 23:55:00,140.0,135.0,True
575,Persistence,2022-01-09 00:00:00,135.0,133.0,True
575,Persistence,2022-01-09 00:05:00,128.0,134.0,True
575,Persistence,2022-01-09 00:10:00,128.0,136.0,True
575,Persistence,2022-01-09 00:15:00,126.0,139.0,True
575,Persistence,2022-01-09 00:20:00,123.0,141.0,True
575,Persistence,2022-01-09 00:25:00,119.0,140.0,True
575,Persistence,2022-01-09 00:30:00,114.0,135.0,True
575,Persistence,2022-01-09 00:35:00,110.0,128.0,True
575,Persistence,2022-01-09 00:40:00,107.0,128.0,True
575,Persistence,2022-01-09 00:45:00,104.0,126.0,True
575,Persistence,2022-01-09 00:50:00,101.0,123.0,True
575,Persistence,2022-01-09 00:55:00,103.0,119.0,True
575,Persistence,2022-01-09 01:00:00,104.0,114.0,True
575,Persistence,2022-01-09 01:05:00,107.0,110.0,True
575,Persistence,2022-01-09 01:10:00,110.0,107.0,True
575,Persistence,2022-01-09 01:15:00,109.0,104.0,True
575,Persistence,2022-01-09 01:20:00,108.0,101.0,True
575,Persistence,2022-01-09 01:25:00,106.0,103.0,True
575,Persistence,2022-01-09 01:30:00,105.0,104.0,True
575,Persistence,2022-01-09 01:35:00,105.0,107.0,True
575,Persistence,2022-01-09 01:40:00,104.0,110.0,True
575,Persistence,2022-01-09 01:45:00,105.0,109.0,True
575,Persistence,2022-01-09 01:50:00,109.0,108.0,True
575,Persistence,2022-01-09 01:55:00,111.0,106.0,True
575,Persistence,2022-01-09 02:00:00,113.0,105.0,True
575,Persistence,2022-01-09 02:05:00,114.0,105.0,True
575,Persistence,2022-01-09 02:10:00,116.0,104.0,True
575,Persistence,2022-01-09 02:15:00,116.0,105.0,True
575,Persistence,2022-01-09 02:20:00,115.0,109.0,True
575,Persistence,2022-01-09 02:25:00,112.0,111.0,True
575,Persistence,2022-01-09 02:30:00,110.0,113.0,True
575,Persistence,2022-01-09 02:35:00,109.0,114.0,True
575,Persistence,2022-01-09 02:40:00,108.0,116.0,True
575,Persistence,2022-01-09 02:45:00,105.0,116.0,True
575,Persistence,2022-01-09 02:50:00,103.0,115.0,True
575,Persistence,2022-01-09 02:55:00,101.0,112.0,True
575,Persistence,2022-01-09 03:00:00,100.0,110.0,True
575,Persistence,2022-01-09 03:05:00,99.0,109.0,True
575,Persistence,2022-01-09 03:10:00,96.0,108.0,True
575,Persistence,2022-01-09 03:15:00,96.0,105.0,True
575,Persistence,2022-01-09 03:20:00,99.0,103.0,True
575,Persistence,2022-01-09 03:25:00,100.0,101.0,True
575,Persistence,2022-01-09 03:30:00,100.0,100.0,True
575,Persistence,2022-01-09 03:35:00,99.0,99.0,True
575,Persistence,2022-01-09 03:40:00,103.0,96.0,True
575,Persistence,2022-01-09 03:45:00,106.0,96.0,True
575,Persistence,2022-01-09 03:50:00,106.0,99.0,True
575,Persistence,2022-01-09 03:55:00,106.0,100.0,True
575,Persistence,2022-01-09 04:00:00,102.0,100.0,True
575,Persistence,2022-01-09 04:05:00,95.0,99.0,True
575,Persistence,2022-01-09 04:10:00,92.0,103.0,True
575,Persistence,2022-01-09 04:15:00,95.0,106.0,True
575,Persistence,2022-01-09 04:20:00,103.0,106.0,True
575,Persistence,2022-01-09 04:25:00,105.0,106.0,True
575,Persistence,2022-01-09 04:30:00,106.0,102.0,True
575,Persistence,2022-01-09 04:35:00,107.0,95.0,True
575,Persistence,2022-01-09 04:40:00,107.0,92.0,True
575,Persistence,2022-01-09 04:45:00,105.0,95.0,True
575,Persistence,2022-01-09 04:50:00,104.0,103.0,True
575,Persistence,2022-01-09 04:55:00,104.0,105.0,True
575,Persistence,2022-01-09 05:00:00,105.0,106.0,True
575,Persistence,2022-01-09 05:05:00,105.0,107.0,True
575,Persistence,2022-01-09 05:10:00,105.0,107.0,True
575,Persistence,2022-01-09 05:15:00,105.0,105.0,True
575,Persistence,2022-01-09 05:20:00,104.0,104.0,True
575,Persistence,2022-01-09 05:25:00,103.0,104.0,True
575,Persistence,2022-01-09 05:30:00,111.0,105.0,True
575,Persistence,2022-01-09 05:35:00,113.0,105.0,True
575,Persistence,2022-01-09 05:40:00,111.0,105.0,True
575,Persistence,2022-01-09 05:45:00,100.0,105.0,True
575,Persistence,2022-01-09 05:50:00,97.0,104.0,True
575,Persistence,2022-01-09 05:55:00,97.0,103.0,True
575,Persistence,2022-01-09 06:00:00,96.0,111.0,True
575,Persistence,2022-01-09 06:05:00,103.0,113.0,True
575,Persistence,2022-01-09 06:10:00,110.0,111.0,True
575,Persistence,2022-01-09 06:15:00,112.0,100.0,True
575,Persistence,2022-01-09 06:20:00,112.0,97.0,True
575,Persistence,2022-01-09 06:25:00,112.0,97.0,True
575,Persistence,2022-01-09 06:30:00,112.0,96.0,True
575,Persistence,2022-01-09 06:35:00,112.0,103.0,True
575,Persistence,2022-01-09 06:40:00,112.0,110.0,True
575,Persistence,2022-01-09 06:45:00,112.0,112.0,True
575,Persistence,2022-01-09 07:00:00,77.0,112.0,True
575,Persistence,2022-01-09 07:05:00,79.0,112.0,True
575,Persistence,2022-01-09 07:10:00,81.0,112.0,True
575,Persistence,2022-01-09 07:15:00,80.0,112.0,True
575,Persistence,2022-01-09 07:20:00,80.0,,False
575,Persistence,2022-01-09 07:25:00,80.0,,False
575,Persistence,2022-01-09 07:30:00,80.0,77.0,True
575,Persistence,2022-01-09 07:35:00,79.0,79.0,True
575,Persistence,2022-01-09 07:40:00,79.0,81.0,True
575,Persistence,2022-01-09 07:45:00,77.0,80.0,True
575,Persistence,2022-01-09 07:50:00,77.0,80.0,True
575,Persistence,2022-01-09 07:55:00,77.0,80.0,True
575,Persistence,2022-01-09 08:00:00,76.0,80.0,True
575,Persistence,2022-01-09 08:05:00,74.0,79.0,True
575,Persistence,2022-01-09 08:10:00,76.0,79.0,True
575,Persistence,2022-01-09 08:15:00,76.0,77.0,True
575,Persistence,2022-01-09 08:20:00,75.0,77.0,True
575,Persistence,2022-01-09 08:25:00,74.0,77.0,True
575,Persistence,2022-01-09 08:30:00,75.0,76.0,True
575,Persistence,2022-01-09 08:35:00,71.0,74.0,True
575,Persistence,2022-01-09 08:40:00,72.0,76.0,True
575,Persistence,2022-01-09 08:45:00,76.0,76.0,True
575,Persistence,2022-01-09 08:50:00,79.0,75.0,True
575,Persistence,2022-01-09 08:55:00,83.0,74.0,True
575,Persistence,2022-01-09 09:00:00,86.0,75.0,True
575,Persistence,2022-01-09 09:05:00,90.0,71.0,True
575,Persistence,2022-01-09 09:10:00,91.0,72.0,True
575,Persistence,2022-01-09 09:15:00,93.0,76.0,True
575,Persistence,2022-01-09 09:20:00,98.0,79.0,True
575,Persistence,2022-01-09 09:25:00,102.0,83.0,True
575,Persistence,2022-01-09 09:30:00,109.0,86.0,True
575,Persistence,2022-01-09 09:35:00,109.0,90.0,True
575,Persistence,2022-01-09 09:40:00,118.0,91.0,True
575,Persistence,2022-01-09 09:45:00,122.0,93.0,True
575,Persistence,2022-01-09 09:50:00,122.0,98.0,True
575,Persistence,2022-01-09 09:55:00,123.0,102.0,True
575,Persistence,2022-01-09 10:00:00,123.0,109.0,True
575,Persistence,2022-01-09 10:05:00,123.0,109.0,True
575,Persistence,2022-01-09 10:10:00,122.0,118.0,True
575,Persistence,2022-01-09 10:15:00,120.0,122.0,True
575,Persistence,2022-01-09 10:20:00,119.0,122.0,True
575,Persistence,2022-01-09 10:25:00,116.0,123.0,True
575,Persistence,2022-01-09 10:30:00,114.0,123.0,True
575,Persistence,2022-01-09 10:35:00,115.0,123.0,True
575,Persistence,2022-01-09 10:40:00,118.0,122.0,True
575,Persistence,2022-01-09 10:45:00,120.0,120.0,True
575,Persistence,2022-01-09 10:50:00,121.0,119.0,True
575,Persistence,2022-01-09 10:55:00,119.0,116.0,True
575,Persistence,2022-01-09 11:00:00,118.0,114.0,True
575,Persistence,2022-01-09 11:05:00,120.0,115.0,True
575,Persistence,2022-01-09 11:10:00,124.0,118.0,True
575,Persistence,2022-01-09 11:15:00,124.0,120.0,True
575,Persistence,2022-01-09 11:20:00,129.0,121.0,True
575,Persistence,2022-01-09 11:25:00,136.0,119.0,True
575,Persistence,2022-01-09 11:30:00,140.0,118.0,True
575,Persistence,2022-01-09 11:35:00,139.0,120.0,True
575,Persistence,2022-01-09 11:40:00,143.0,124.0,True
575,Persistence,2022-01-09 11:45:00,147.0,124.0,True
575,Persistence,2022-01-09 11:50:00,151.0,129.0,True
575,Persistence,2022-01-09 11:55:00,143.0,136.0,True
575,Persistence,2022-01-09 12:00:00,148.0,140.0,True
575,Persistence,2022-01-09 12:05:00,153.0,139.0,True
575,Persistence,2022-01-09 12:10:00,151.0,143.0,True
575,Persistence,2022-01-09 12:15:00,145.0,147.0,True
575,Persistence,2022-01-09 12:20:00,131.0,151.0,True
575,Persistence,2022-01-09 12:25:00,112.0,143.0,True
575,Persistence,2022-01-09 12:30:00,100.0,148.0,True
575,Persistence,2022-01-09 12:35:00,96.0,153.0,True
575,Persistence,2022-01-09 12:40:00,122.0,151.0,True
575,Persistence,2022-01-09 12:45:00,162.0,145.0,True
575,Persistence,2022-01-09 12:50:00,185.0,131.0,True
575,Persistence,2022-01-09 12:55:00,193.0,112.0,True
575,Persistence,2022-01-09 13:00:00,191.0,100.0,True
575,Persistence,2022-01-09 13:05:00,184.0,96.0,True
575,Persistence,2022-01-09 13:10:00,174.0,122.0,True
575,Persistence,2022-01-09 13:15:00,165.0,162.0,True
575,Persistence,2022-01-09 13:20:00,158.0,185.0,True
575,Persistence,2022-01-09 13:25:00,149.0,193.0,True
575,Persistence,2022-01-09 13:30:00,141.0,191.0,True
575,Persistence,2022-01-09 13:35:00,131.0,184.0,True
575,Persistence,2022-01-09 13:40:00,124.0,174.0,True
575,Persistence,2022-01-09 13:45:00,109.0,165.0,True
575,Persistence,2022-01-09 13:50:00,109.0,158.0,True
575,Persistence,2022-01-09 13:55:00,112.0,149.0,True
575,Persistence,2022-01-09 14:00:00,110.0,141.0,True
575,Persistence,2022-01-09 14:05:00,108.0,131.0,True
575,Persistence,2022-01-09 14:10:00,105.0,124.0,True
575,Persistence,2022-01-09 14:15:00,101.0,109.0,True
575,Persistence,2022-01-09 14:20:00,97.0,109.0,True
575,Persistence,2022-01-09 14:25:00,94.0,112.0,True
575,Persistence,2022-01-09 14:30:00,91.0,110.0,True
575,Persistence,2022-01-09 14:35:00,88.0,108.0,True
575,Persistence,2022-01-09 14:40:00,85.0,105.0,True
575,Persistence,2022-01-09 14:45:00,84.0,101.0,True
575,Persistence,2022-01-09 14:50:00,84.0,97.0,True
575,Persistence,2022-01-09 14:55:00,83.0,94.0,True
575,Persistence,2022-01-09 15:00:00,85.0,91.0,True
575,Persistence,2022-01-09 15:05:00,89.0,88.0,True
575,Persistence,2022-01-09 15:10:00,94.0,85.0,True
575,Persistence,2022-01-09 15:15:00,100.0,84.0,True
575,Persistence,2022-01-09 15:20:00,107.0,84.0,True
575,Persistence,2022-01-09 15:25:00,115.0,83.0,True
575,Persistence,2022-01-09 15:30:00,120.0,85.0,True
575,Persistence,2022-01-09 15:35:00,126.0,89.0,True
575,Persistence,2022-01-09 15:40:00,132.0,94.0,True
575,Persistence,2022-01-09 15:45:00,137.0,100.0,True
575,Persistence,2022-01-09 15:50:00,140.0,107.0,True
575,Persistence,2022-01-09 15:55:00,140.0,115.0,True
575,Persistence,2022-01-09 16:00:00,139.0,120.0,True
575,Persistence,2022-01-09 16:05:00,137.0,126.0,True
575,Persistence,2022-01-09 16:10:00,135.0,132.0,True
575,Persistence,2022-01-09 16:15:00,135.0,137.0,True
575,Persistence,2022-01-09 16:20:00,136.0,140.0,True
575,Persistence,2022-01-09 16:25:00,139.0,140.0,True
575,Persistence,2022-01-09 16:30:00,143.0,139.0,True
575,Persistence,2022-01-09 16:35:00,147.0,137.0,True
575,Persistence,2022-01-09 16:40:00,151.0,135.0,True
575,Persistence,2022-01-09 16:45:00,156.0,135.0,True
575,Persistence,2022-01-09 16:50:00,160.0,136.0,True
575,Persistence,2022-01-09 16:55:00,159.0,139.0,True
575,Persistence,2022-01-09 17:00:00,157.0,143.0,True
575,Persistence,2022-01-09 17:05:00,158.0,147.0,True
575,Persistence,2022-01-09 17:10:00,160.0,151.0,True
575,Persistence,2022-01-09 17:15:00,162.0,156.0,True
575,Persistence,2022-01-09 17:20:00,162.0,160.0,True
575,Persistence,2022-01-09 17:25:00,160.0,159.0,True
575,Persistence,2022-01-09 17:30:00,157.0,157.0,True
575,Persistence,2022-01-09 17:35:00,154.0,158.0,True
575,Persistence,2022-01-09 17:40:00,149.0,160.0,True
575,Persistence,2022-01-09 17:45:00,145.0,162.0,True
575,Persistence,2022-01-09 17:50:00,149.0,162.0,True
575,Persistence,2022-01-09 17:55:00,151.0,160.0,True
575,Persistence,2022-01-09 18:00:00,142.0,157.0,True
575,Persistence,2022-01-09 18:05:00,129.0,154.0,True
575,Persistence,2022-01-09 18:10:00,119.0,149.0,True
575,Persistence,2022-01-09 18:15:00,106.0,145.0,True
575,Persistence,2022-01-09 18:20:00,96.0,149.0,True
575,Persistence,2022-01-09 18:25:00,91.0,151.0,True
575,Persistence,2022-01-09 18:30:00,97.0,142.0,True
575,Persistence,2022-01-09 18:35:00,102.0,129.0,True
575,Persistence,2022-01-09 18:40:00,105.0,119.0,True
575,Persistence,2022-01-09 18:45:00,107.0,106.0,True
575,Persistence,2022-01-09 18:50:00,109.0,96.0,True
575,Persistence,2022-01-09 18:55:00,110.0,91.0,True
575,Persistence,2022-01-09 19:00:00,134.0,97.0,True
575,Persistence,2022-01-09 19:05:00,134.0,102.0,True
575,Persistence,2022-01-09 19:10:00,133.0,105.0,True
575,Persistence,2022-01-09 19:15:00,137.0,107.0,True
575,Persistence,2022-01-09 19:20:00,136.0,109.0,True
575,Persistence,2022-01-09 19:25:00,134.0,110.0,True
575,Persistence,2022-01-09 19:30:00,131.0,134.0,True
575,Persistence,2022-01-09 19:35:00,125.0,134.0,True
575,Persistence,2022-01-09 19:40:00,132.0,133.0,True
575,Persistence,2022-01-09 19:45:00,135.0,137.0,True
575,Persistence,2022-01-09 19:50:00,150.0,136.0,True
575,Persistence,2022-01-09 19:55:00,152.0,134.0,True
575,Persistence,2022-01-09 20:00:00,144.0,131.0,True
575,Persistence,2022-01-09 20:05:00,148.0,125.0,True
575,Persistence,2022-01-09 20:10:00,151.0,132.0,True
575,Persistence,2022-01-09 20:15:00,153.0,135.0,True
575,Persistence,2022-01-09 20:20:00,154.0,150.0,True
575,Persistence,2022-01-09 20:25:00,148.0,152.0,True
575,Persistence,2022-01-09 20:30:00,142.0,144.0,True
575,Persistence,2022-01-09 20:35:00,148.0,148.0,True
575,Persistence,2022-01-09 20:40:00,145.0,151.0,True
575,Persistence,2022-01-09 20:45:00,134.0,153.0,True
575,Persistence,2022-01-09 20:50:00,129.0,154.0,True
575,Persistence,2022-01-09 20:55:00,123.0,148.0,True
575,Persistence,2022-01-09 21:00:00,118.0,142.0,True
575,Persistence,2022-01-09 21:05:00,111.0,148.0,True
575,Persistence,2022-01-09 21:10:00,104.0,145.0,True
575,Persistence,2022-01-09 21:15:00,97.0,134.0,True
575,Persistence,2022-01-09 21:20:00,90.0,129.0,True
575,Persistence,2022-01-09 21:25:00,82.0,123.0,True
575,Persistence,2022-01-09 21:30:00,69.0,118.0,True
575,Persistence,2022-01-09 21:35:00,63.0,111.0,True
575,Persistence,2022-01-09 21:40:00,56.0,104.0,True
575,Persistence,2022-01-09 21:45:00,56.0,97.0,True
575,Persistence,2022-01-09 21:50:00,51.0,90.0,True
575,Persistence,2022-01-09 21:55:00,40.0,82.0,True
575,Persistence,2022-01-09 22:00:00,40.0,69.0,True
575,Persistence,2022-01-09 22:05:00,40.0,63.0,True
575,Persistence,2022-01-09 22:10:00,40.0,56.0,True
575,Persistence,2022-01-09 22:15:00,40.0,56.0,True
575,Persistence,2022-01-09 22:20:00,54.0,51.0,True
575,Persistence,2022-01-09 22:25:00,61.0,40.0,True
575,Persistence,2022-01-09 22:30:00,62.0,40.0,True
575,Persistence,2022-01-09 22:35:00,61.0,40.0,True
575,Persistence,2022-01-09 22:40:00,60.0,40.0,True
575,Persistence,2022-01-09 22:45:00,54.0,40.0,True
575,Persistence,2022-01-09 22:50:00,40.0,54.0,True
575,Persistence,2022-01-09 22:55:00,40.0,61.0,True
575,Persistence,2022-01-09 23:00:00,40.0,62.0,True
575,Persistence,2022-01-09 23:05:00,40.0,61.0,True
575,Persistence,2022-01-09 23:10:00,41.0,60.0,True
575,Persistence,2022-01-09 23:15:00,46.0,54.0,True
575,Persistence,2022-01-09 23:20:00,48.0,40.0,True
575,Persistence,2022-01-09 23:25:00,53.0,40.0,True
575,Persistence,2022-01-09 23:30:00,57.0,40.0,True
575,Persistence,2022-01-09 23:35:00,56.0,40.0,True
575,Persistence,2022-01-09 23:40:00,56.0,41.0,True
575,Persistence,2022-01-09 23:45:00,62.0,46.0,True
575,Persistence,2022-01-09 23:50:00,74.0,48.0,True
575,Persistence,2022-01-09 23:55:00,88.0,53.0,True
575,Persistence,2022-01-10 00:00:00,96.0,57.0,True
575,Persistence,2022-01-10 00:05:00,99.0,56.0,True
575,Persistence,2022-01-10 00:10:00,85.0,56.0,True
575,Persistence,2022-01-10 00:15:00,69.0,62.0,True
575,Persistence,2022-01-10 00:20:00,63.0,74.0,True
575,Persistence,2022-01-10 00:25:00,59.0,88.0,True
575,Persistence,2022-01-10 00:30:00,72.0,96.0,True
575,Persistence,2022-01-10 00:35:00,109.0,99.0,True
575,Persistence,2022-01-10 00:40:00,135.0,85.0,True
575,Persistence,2022-01-10 00:45:00,152.0,69.0,True
575,Persistence,2022-01-10 00:50:00,162.0,63.0,True
575,Persistence,2022-01-10 00:55:00,170.0,59.0,True
575,Persistence,2022-01-10 01:00:00,175.0,72.0,True
575,Persistence,2022-01-10 01:05:00,179.0,109.0,True
575,Persistence,2022-01-10 01:10:00,177.0,135.0,True
575,Persistence,2022-01-10 01:15:00,161.0,152.0,True
575,Persistence,2022-01-10 01:20:00,147.0,162.0,True
575,Persistence,2022-01-10 01:25:00,141.0,170.0,True
575,Persistence,2022-01-10 01:30:00,141.0,175.0,True
575,Persistence,2022-01-10 01:35:00,145.0,179.0,True
575,Persistence,2022-01-10 01:40:00,150.0,177.0,True
575,Persistence,2022-01-10 01:45:00,170.0,161.0,True
575,Persistence,2022-01-10 01:50:00,190.0,147.0,True
575,Persistence,2022-01-10 01:55:00,203.0,141.0,True
575,Persistence,2022-01-10 02:00:00,210.0,141.0,True
575,Persistence,2022-01-10 02:05:00,215.0,145.0,True
575,Persistence,2022-01-10 02:10:00,221.0,150.0,True
575,Persistence,2022-01-10 02:15:00,227.0,170.0,True
575,Persistence,2022-01-10 02:20:00,232.0,190.0,True
575,Persistence,2022-01-10 02:25:00,235.0,203.0,True
575,Persistence,2022-01-10 02:30:00,234.0,210.0,True
575,Persistence,2022-01-10 02:35:00,230.0,215.0,True
575,Persistence,2022-01-10 02:40:00,227.0,221.0,True
575,Persistence,2022-01-10 02:45:00,233.0,227.0,True
575,Persistence,2022-01-10 02:50:00,232.0,232.0,True
575,Persistence,2022-01-10 02:55:00,232.0,235.0,True
575,Persistence,2022-01-10 03:00:00,230.0,234.0,True
575,Persistence,2022-01-10 03:05:00,227.0,230.0,True
575,Persistence,2022-01-10 03:10:00,227.0,227.0,True
575,Persistence,2022-01-10 03:15:00,221.0,233.0,True
575,Persistence,2022-01-10 03:20:00,205.0,232.0,True
575,Persistence,2022-01-10 03:25:00,191.0,232.0,True
575,Persistence,2022-01-10 03:30:00,183.0,230.0,True
575,Persistence,2022-01-10 03:35:00,180.0,227.0,True
575,Persistence,2022-01-10 03:40:00,180.0,227.0,True
575,Persistence,2022-01-10 03:45:00,181.0,221.0,True
575,Persistence,2022-01-10 03:50:00,180.0,205.0,True
575,Persistence,2022-01-10 03:55:00,177.0,191.0,True
575,Persistence,2022-01-10 04:00:00,173.0,183.0,True
575,Persistence,2022-01-10 04:05:00,173.0,180.0,True
575,Persistence,2022-01-10 04:10:00,197.0,180.0,True
575,Persistence,2022-01-10 04:15:00,225.0,181.0,True
575,Persistence,2022-01-10 04:20:00,232.0,180.0,True
575,Persistence,2022-01-10 04:25:00,222.0,177.0,True
575,Persistence,2022-01-10 04:30:00,214.0,173.0,True
575,Persistence,2022-01-10 04:35:00,218.0,173.0,True
575,Persistence,2022-01-10 04:40:00,237.0,197.0,True
575,Persistence,2022-01-10 04:45:00,250.0,225.0,True
575,Persistence,2022-01-10 04:50:00,255.0,232.0,True
575,Persistence,2022-01-10 04:55:00,257.0,222.0,True
575,Persistence,2022-01-10 05:00:00,257.0,214.0,True
575,Persistence,2022-01-10 05:05:00,257.0,218.0,True
575,Persistence,2022-01-10 05:10:00,257.0,237.0,True
575,Persistence,2022-01-10 05:15:00,257.0,250.0,True
575,Persistence,2022-01-10 05:20:00,257.0,255.0,True
575,Persistence,2022-01-10 05:25:00,257.0,257.0,True
575,Persistence,2022-01-10 05:30:00,257.0,257.0,True
575,Persistence,2022-01-10 05:35:00,257.0,257.0,True
575,Persistence,2022-01-10 05:40:00,257.0,257.0,True
575,Persistence,2022-01-10 05:45:00,259.0,257.0,True
575,Persistence,2022-01-10 05:50:00,261.0,257.0,True
575,Persistence,2022-01-10 05:55:00,262.0,257.0,True
575,Persistence,2022-01-10 06:00:00,254.0,257.0,True
575,Persistence,2022-01-10 06:05:00,255.0,257.0,True
575,Persistence,2022-01-10 06:10:00,251.0,257.0,True
575,Persistence,2022-01-10 06:15:00,251.0,259.0,True
575,Persistence,2022-01-10 06:20:00,259.0,261.0,True
575,Persistence,2022-01-10 06:25:00,263.0,262.0,True
575,Persistence,2022-01-10 06:30:00,264.0,254.0,True
575,Persistence,2022-01-10 06:35:00,256.0,255.0,True
575,Persistence,2022-01-10 06:40:00,258.0,251.0,True
575,Persistence,2022-01-10 06:45:00,238.0,251.0,True
575,Persistence,2022-01-10 06:50:00,238.0,259.0,True
575,Persistence,2022-01-10 06:55:00,238.0,263.0,True
575,Persistence,2022-01-10 07:00:00,230.0,264.0,True
575,Persistence,2022-01-10 07:05:00,206.0,256.0,True
575,Persistence,2022-01-10 07:10:00,197.0,258.0,True
575,Persistence,2022-01-10 07:15:00,211.0,238.0,True
575,Persistence,2022-01-10 07:20:00,216.0,238.0,True
575,Persistence,2022-01-10 07:25:00,212.0,238.0,True
575,Persistence,2022-01-10 07:30:00,259.0,230.0,True
575,Persistence,2022-01-10 07:35:00,290.0,206.0,True
575,Persistence,2022-01-10 07:40:00,260.0,197.0,True
575,Persistence,2022-01-10 07:45:00,240.0,211.0,True
575,Persistence,2022-01-10 07:50:00,221.0,216.0,True
575,Persistence,2022-01-10 07:55:00,209.0,212.0,True
575,Persistence,2022-01-10 08:00:00,204.0,259.0,True
575,Persistence,2022-01-10 08:05:00,211.0,290.0,True
575,Persistence,2022-01-10 08:10:00,230.0,260.0,True
575,Persistence,2022-01-10 08:15:00,256.0,240.0,True
575,Persistence,2022-01-10 08:20:00,239.0,221.0,True
575,Persistence,2022-01-10 08:25:00,202.0,209.0,True
575,Persistence,2022-01-10 08:30:00,177.0,204.0,True
575,Persistence,2022-01-10 08:35:00,189.0,211.0,True
575,Persistence,2022-01-10 08:40:00,239.0,230.0,True
575,Persistence,2022-01-10 08:45:00,290.0,256.0,True
575,Persistence,2022-01-10 08:50:00,329.0,239.0,True
575,Persistence,2022-01-10 08:55:00,333.0,202.0,True
575,Persistence,2022-01-10 09:00:00,329.0,177.0,True
575,Persistence,2022-01-10 09:05:00,328.0,189.0,True
575,Persistence,2022-01-10 09:10:00,318.0,239.0,True
575,Persistence,2022-01-10 09:15:00,281.0,290.0,True
575,Persistence,2022-01-10 09:20:00,247.0,329.0,True
575,Persistence,2022-01-10 09:25:00,237.0,333.0,True
575,Persistence,2022-01-10 09:30:00,235.0,329.0,True
575,Persistence,2022-01-10 09:35:00,237.0,328.0,True
575,Persistence,2022-01-10 09:40:00,231.0,318.0,True
575,Persistence,2022-01-10 09:45:00,224.0,281.0,True
575,Persistence,2022-01-10 09:50:00,212.0,247.0,True
575,Persistence,2022-01-10 09:55:00,207.0,237.0,True
575,Persistence,2022-01-10 10:00:00,229.0,235.0,True
575,Persistence,2022-01-10 10:05:00,262.0,237.0,True
575,Persistence,2022-01-10 10:10:00,278.0,231.0,True
575,Persistence,2022-01-10 10:15:00,275.0,224.0,True
575,Persistence,2022-01-10 10:20:00,263.0,212.0,True
575,Persistence,2022-01-10 10:25:00,245.0,207.0,True
575,Persistence,2022-01-10 10:30:00,229.0,229.0,True
575,Persistence,2022-01-10 10:35:00,219.0,262.0,True
575,Persistence,2022-01-10 10:40:00,215.0,278.0,True
575,Persistence,2022-01-10 10:45:00,208.0,275.0,True
575,Persistence,2022-01-10 10:50:00,211.0,263.0,True
575,Persistence,2022-01-10 10:55:00,222.0,245.0,True
575,Persistence,2022-01-10 11:00:00,234.0,229.0,True
575,Persistence,2022-01-10 11:05:00,244.0,219.0,True
575,Persistence,2022-01-10 11:10:00,269.0,215.0,True
575,Persistence,2022-01-10 11:15:00,286.0,208.0,True
575,Persistence,2022-01-10 11:20:00,282.0,211.0,True
575,Persistence,2022-01-10 11:25:00,270.0,222.0,True
575,Persistence,2022-01-10 11:30:00,261.0,234.0,True
575,Persistence,2022-01-10 11:35:00,256.0,244.0,True
575,Persistence,2022-01-10 11:40:00,260.0,269.0,True
575,Persistence,2022-01-10 11:45:00,268.0,286.0,True
575,Persistence,2022-01-10 11:50:00,285.0,282.0,True
575,Persistence,2022-01-10 11:55:00,298.0,270.0,True
575,Persistence,2022-01-10 12:00:00,304.0,261.0,True
575,Persistence,2022-01-10 12:05:00,306.0,256.0,True
575,Persistence,2022-01-10 12:10:00,304.0,260.0,True
575,Persistence,2022-01-10 12:15:00,299.0,268.0,True
575,Persistence,2022-01-10 12:20:00,286.0,285.0,True
575,Persistence,2022-01-10 12:25:00,240.0,298.0,True
575,Persistence,2022-01-10 12:30:00,226.0,304.0,True
575,Persistence,2022-01-10 12:35:00,241.0,306.0,True
575,Persistence,2022-01-10 12:40:00,226.0,304.0,True
575,Persistence,2022-01-10 12:45:00,212.0,299.0,True
575,Persistence,2022-01-10 12:50:00,205.0,286.0,True
575,Persistence,2022-01-10 12:55:00,188.0,240.0,True
575,Persistence,2022-01-10 13:00:00,183.0,226.0,True
575,Persistence,2022-01-10 13:05:00,164.0,241.0,True
575,Persistence,2022-01-10 13:10:00,184.0,226.0,True
575,Persistence,2022-01-10 13:15:00,224.0,212.0,True
575,Persistence,2022-01-10 13:20:00,260.0,205.0,True
575,Persistence,2022-01-10 13:25:00,280.0,188.0,True
575,Persistence,2022-01-10 13:30:00,288.0,183.0,True
575,Persistence,2022-01-10 13:35:00,291.0,164.0,True
575,Persistence,2022-01-10 13:40:00,292.0,184.0,True
575,Persistence,2022-01-10 13:45:00,292.0,224.0,True
575,Persistence,2022-01-10 13:50:00,292.0,260.0,True
575,Persistence,2022-01-10 13:55:00,289.0,280.0,True
575,Persistence,2022-01-10 14:00:00,285.0,288.0,True
575,Persistence,2022-01-10 14:05:00,283.0,291.0,True
575,Persistence,2022-01-10 14:10:00,271.0,292.0,True
575,Persistence,2022-01-10 14:15:00,269.0,292.0,True
575,Persistence,2022-01-10 14:20:00,278.0,292.0,True
575,Persistence,2022-01-10 14:25:00,212.0,289.0,True
575,Persistence,2022-01-10 14:30:00,206.0,285.0,True
575,Persistence,2022-01-10 14:35:00,193.0,283.0,True
575,Persistence,2022-01-10 14:40:00,188.0,271.0,True
575,Persistence,2022-01-10 14:45:00,185.0,269.0,True
575,Persistence,2022-01-10 14:50:00,187.0,278.0,True
575,Persistence,2022-01-10 14:55:00,177.0,212.0,True
575,Persistence,2022-01-10 15:00:00,181.0,206.0,True
575,Persistence,2022-01-10 15:05:00,189.0,193.0,True
575,Persistence,2022-01-10 15:10:00,186.0,188.0,True
575,Persistence,2022-01-10 15:15:00,165.0,185.0,True
575,Persistence,2022-01-10 15:20:00,138.0,187.0,True
575,Persistence,2022-01-10 15:25:00,127.0,177.0,True
575,Persistence,2022-01-10 15:30:00,132.0,181.0,True
575,Persistence,2022-01-10 15:35:00,140.0,189.0,True
575,Persistence,2022-01-10 15:40:00,157.0,186.0,True
575,Persistence,2022-01-10 15:45:00,164.0,165.0,True
575,Persistence,2022-01-10 15:50:00,197.0,138.0,True
575,Persistence,2022-01-10 15:55:00,214.0,127.0,True
575,Persistence,2022-01-10 16:00:00,212.0,132.0,True
575,Persistence,2022-01-10 16:05:00,193.0,140.0,True
575,Persistence,2022-01-10 16:10:00,147.0,157.0,True
575,Persistence,2022-01-10 16:15:00,125.0,164.0,True
575,Persistence,2022-01-10 16:20:00,168.0,197.0,True
575,Persistence,2022-01-10 16:25:00,169.0,214.0,True
575,Persistence,2022-01-10 16:30:00,157.0,212.0,True
575,Persistence,2022-01-10 16:35:00,152.0,193.0,True
575,Persistence,2022-01-10 16:40:00,173.0,147.0,True
575,Persistence,2022-01-10 16:45:00,198.0,125.0,True
575,Persistence,2022-01-10 16:50:00,205.0,168.0,True
575,Persistence,2022-01-10 16:55:00,197.0,169.0,True
575,Persistence,2022-01-10 17:00:00,210.0,157.0,True
575,Persistence,2022-01-10 17:05:00,221.0,152.0,True
575,Persistence,2022-01-10 17:10:00,225.0,173.0,True
575,Persistence,2022-01-10 17:15:00,221.0,198.0,True
575,Persistence,2022-01-10 17:20:00,209.0,205.0,True
575,Persistence,2022-01-10 17:25:00,205.0,197.0,True
575,Persistence,2022-01-10 17:30:00,195.0,210.0,True
575,Persistence,2022-01-10 17:35:00,179.0,221.0,True
575,Persistence,2022-01-10 17:40:00,168.0,225.0,True
575,Persistence,2022-01-10 17:45:00,161.0,221.0,True
575,Persistence,2022-01-10 17:50:00,159.0,209.0,True
575,Persistence,2022-01-10 17:55:00,158.0,205.0,True
575,Persistence,2022-01-10 18:00:00,163.0,195.0,True
575,Persistence,2022-01-10 18:05:00,159.0,179.0,True
575,Persistence,2022-01-10 18:10:00,150.0,168.0,True
575,Persistence,2022-01-10 18:15:00,148.0,161.0,True
575,Persistence,2022-01-10 18:20:00,152.0,159.0,True
575,Persistence,2022-01-10 18:25:00,147.0,158.0,True
575,Persistence,2022-01-10 18:30:00,144.0,163.0,True
575,Persistence,2022-01-10 18:35:00,142.0,159.0,True
575,Persistence,2022-01-10 18:40:00,138.0,150.0,True
575,Persistence,2022-01-10 18:45:00,136.0,148.0,True
575,Persistence,2022-01-10 18:50:00,131.0,152.0,True
575,Persistence,2022-01-10 18:55:00,128.0,147.0,True
575,Persistence,2022-01-10 19:00:00,126.0,144.0,True
575,Persistence,2022-01-10 19:05:00,126.0,142.0,True
575,Persistence,2022-01-10 19:10:00,126.0,138.0,True
575,Persistence,2022-01-10 19:15:00,123.0,136.0,True
575,Persistence,2022-01-10 19:20:00,126.0,131.0,True
575,Persistence,2022-01-10 19:25:00,139.0,128.0,True
575,Persistence,2022-01-10 19:30:00,129.0,126.0,True
575,Persistence,2022-01-10 19:35:00,127.0,126.0,True
575,Persistence,2022-01-10 19:40:00,135.0,126.0,True
575,Persistence,2022-01-10 19:45:00,147.0,123.0,True
575,Persistence,2022-01-10 19:50:00,148.0,126.0,True
575,Persistence,2022-01-10 19:55:00,135.0,139.0,True
575,Persistence,2022-01-10 20:00:00,124.0,129.0,True
575,Persistence,2022-01-10 20:05:00,118.0,127.0,True
575,Persistence,2022-01-10 20:10:00,117.0,135.0,True
575,Persistence,2022-01-10 20:15:00,118.0,147.0,True
575,Persistence,2022-01-10 20:20:00,117.0,148.0,True
575,Persistence,2022-01-10 20:25:00,115.0,135.0,True
575,Persistence,2022-01-10 20:30:00,126.0,124.0,True
575,Persistence,2022-01-10 20:35:00,137.0,118.0,True
575,Persistence,2022-01-10 20:40:00,141.0,117.0,True
575,Persistence,2022-01-10 20:45:00,141.0,118.0,True
575,Persistence,2022-01-10 20:50:00,133.0,117.0,True
575,Persistence,2022-01-10 20:55:00,134.0,115.0,True
575,Persistence,2022-01-10 21:00:00,139.0,126.0,True
575,Persistence,2022-01-10 21:05:00,139.0,137.0,True
575,Persistence,2022-01-10 21:10:00,144.0,141.0,True
575,Persistence,2022-01-10 21:15:00,145.0,141.0,True
575,Persistence,2022-01-10 21:20:00,140.0,133.0,True
575,Persistence,2022-01-10 21:25:00,148.0,134.0,True
575,Persistence,2022-01-10 21:30:00,158.0,139.0,True
575,Persistence,2022-01-10 21:35:00,163.0,139.0,True
575,Persistence,2022-01-10 21:40:00,158.0,144.0,True
575,Persistence,2022-01-10 21:45:00,148.0,145.0,True
575,Persistence,2022-01-10 21:50:00,155.0,140.0,True
575,Persistence,2022-01-10 21:55:00,170.0,148.0,True
575,Persistence,2022-01-10 22:00:00,181.0,158.0,True
575,Persistence,2022-01-10 22:05:00,176.0,163.0,True
575,Persistence,2022-01-10 22:10:00,174.0,158.0,True
575,Persistence,2022-01-10 22:15:00,175.0,148.0,True
575,Persistence,2022-01-10 22:20:00,165.0,155.0,True
575,Persistence,2022-01-10 22:25:00,153.0,170.0,True
575,Persistence,2022-01-10 22:30:00,148.0,181.0,True
575,Persistence,2022-01-10 22:35:00,140.0,176.0,True
575,Persistence,2022-01-10 22:40:00,133.0,174.0,True
575,Persistence,2022-01-10 22:45:00,127.0,175.0,True
575,Persistence,2022-01-10 22:50:00,123.0,165.0,True
575,Persistence,2022-01-10 22:55:00,131.0,153.0,True
575,Persistence,2022-01-10 23:00:00,140.0,148.0,True
575,Persistence,2022-01-10 23:05:00,148.0,140.0,True
575,Persistence,2022-01-10 23:10:00,154.0,133.0,True
575,Persistence,2022-01-10 23:15:00,159.0,127.0,True
575,Persistence,2022-01-10 23:20:00,169.0,123.0,True
575,Persistence,2022-01-10 23:25:00,167.0,131.0,True
575,Persistence,2022-01-10 23:30:00,160.0,140.0,True
575,Persistence,2022-01-10 23:35:00,162.0,148.0,True
575,Persistence,2022-01-10 23:40:00,169.0,154.0,True
575,Persistence,2022-01-10 23:45:00,171.0,159.0,True
575,Persistence,2022-01-10 23:50:00,171.0,169.0,True
575,Persistence,2022-01-10 23:55:00,176.0,167.0,True
575,Persistence,2022-01-11 00:00:00,177.0,160.0,True
575,Persistence,2022-01-11 00:05:00,172.0,162.0,True
575,Persistence,2022-01-11 00:10:00,165.0,169.0,True
575,Persistence,2022-01-11 00:15:00,159.0,171.0,True
575,Persistence,2022-01-11 00:20:00,153.0,171.0,True
575,Persistence,2022-01-11 00:25:00,148.0,176.0,True
575,Persistence,2022-01-11 00:30:00,138.0,177.0,True
575,Persistence,2022-01-11 00:35:00,116.0,172.0,True
575,Persistence,2022-01-11 00:40:00,112.0,165.0,True
575,Persistence,2022-01-11 00:45:00,117.0,159.0,True
575,Persistence,2022-01-11 00:50:00,116.0,153.0,True
575,Persistence,2022-01-11 00:55:00,109.0,148.0,True
575,Persistence,2022-01-11 01:00:00,103.0,138.0,True
575,Persistence,2022-01-11 01:05:00,95.0,116.0,True
575,Persistence,2022-01-11 01:10:00,99.0,112.0,True
575,Persistence,2022-01-11 01:15:00,99.0,117.0,True
575,Persistence,2022-01-11 01:20:00,93.0,116.0,True
575,Persistence,2022-01-11 01:25:00,87.0,109.0,True
575,Persistence,2022-01-11 01:30:00,80.0,103.0,True
575,Persistence,2022-01-11 01:35:00,73.0,95.0,True
575,Persistence,2022-01-11 01:40:00,72.0,99.0,True
575,Persistence,2022-01-11 01:45:00,80.0,99.0,True
575,Persistence,2022-01-11 01:50:00,86.0,93.0,True
575,Persistence,2022-01-11 01:55:00,93.0,87.0,True
575,Persistence,2022-01-11 02:00:00,96.0,80.0,True
575,Persistence,2022-01-11 02:05:00,97.0,73.0,True
575,Persistence,2022-01-11 02:10:00,97.0,72.0,True
575,Persistence,2022-01-11 02:15:00,97.0,80.0,True
575,Persistence,2022-01-11 02:20:00,97.0,86.0,True
575,Persistence,2022-01-11 02:25:00,98.0,93.0,True
575,Persistence,2022-01-11 02:30:00,98.0,96.0,True
575,Persistence,2022-01-11 02:35:00,98.0,97.0,True
575,Persistence,2022-01-11 02:40:00,97.0,97.0,True
575,Persistence,2022-01-11 02:45:00,96.0,97.0,True
575,Persistence,2022-01-11 02:50:00,95.0,97.0,True
575,Persistence,2022-01-11 02:55:00,94.0,98.0,True
575,Persistence,2022-01-11 03:00:00,94.0,98.0,True
575,Persistence,2022-01-11 03:05:00,96.0,98.0,True
575,Persistence,2022-01-11 03:10:00,96.0,97.0,True
575,Persistence,2022-01-11 03:15:00,96.0,96.0,True
575,Persistence,2022-01-11 03:20:00,96.0,95.0,True
575,Persistence,2022-01-11 03:25:00,96.0,94.0,True
575,Persistence,2022-01-11 03:30:00,95.0,94.0,True
575,Persistence,2022-01-11 03:35:00,94.0,96.0,True
575,Persistence,2022-01-11 03:40:00,90.0,96.0,True
575,Persistence,2022-01-11 03:45:00,87.0,96.0,True
575,Persistence,2022-01-11 03:50:00,87.0,96.0,True
575,Persistence,2022-01-11 03:55:00,88.0,96.0,True
575,Persistence,2022-01-11 04:00:00,90.0,95.0,True
575,Persistence,2022-01-11 04:05:00,91.0,94.0,True
575,Persistence,2022-01-11 04:10:00,91.0,90.0,True
575,Persistence,2022-01-11 04:15:00,90.0,87.0,True
575,Persistence,2022-01-11 04:20:00,91.0,87.0,True
575,Persistence,2022-01-11 04:25:00,91.0,88.0,True
575,Persistence,2022-01-11 04:30:00,91.0,90.0,True
575,Persistence,2022-01-11 04:35:00,91.0,91.0,True
575,Persistence,2022-01-11 04:40:00,92.0,91.0,True
575,Persistence,2022-01-11 04:45:00,92.0,90.0,True
575,Persistence,2022-01-11 04:50:00,92.0,91.0,True
575,Persistence,2022-01-11 04:55:00,92.0,91.0,True
575,Persistence,2022-01-11 05:00:00,91.0,91.0,True
575,Persistence,2022-01-11 05:05:00,91.0,91.0,True
575,Persistence,2022-01-11 05:10:00,90.0,92.0,True
575,Persistence,2022-01-11 05:15:00,88.0,92.0,True
575,Persistence,2022-01-11 05:20:00,87.0,92.0,True
575,Persistence,2022-01-11 05:25:00,87.0,92.0,True
575,Persistence,2022-01-11 05:30:00,87.0,91.0,True
575,Persistence,2022-01-11 05:35:00,87.0,91.0,True
575,Persistence,2022-01-11 05:40:00,87.0,90.0,True
575,Persistence,2022-01-11 05:45:00,88.0,88.0,True
575,Persistence,2022-01-11 05:50:00,88.0,87.0,True
575,Persistence,2022-01-11 05:55:00,89.0,87.0,True
575,Persistence,2022-01-11 06:00:00,90.0,87.0,True
575,Persistence,2022-01-11 06:05:00,92.0,87.0,True
575,Persistence,2022-01-11 06:10:00,94.0,87.0,True
575,Persistence,2022-01-11 06:15:00,96.0,88.0,True
575,Persistence,2022-01-11 06:20:00,96.0,88.0,True
575,Persistence,2022-01-11 06:25:00,97.0,89.0,True
575,Persistence,2022-01-11 06:30:00,98.0,90.0,True
575,Persistence,2022-01-11 06:35:00,98.0,92.0,True
575,Persistence,2022-01-11 06:40:00,99.0,94.0,True
575,Persistence,2022-01-11 06:45:00,99.0,96.0,True
575,Persistence,2022-01-11 06:50:00,99.0,96.0,True
575,Persistence,2022-01-11 06:55:00,98.0,97.0,True
575,Persistence,2022-01-11 07:00:00,98.0,98.0,True
575,Persistence,2022-01-11 07:05:00,95.0,98.0,True
575,Persistence,2022-01-11 07:10:00,89.0,99.0,True
575,Persistence,2022-01-11 07:15:00,89.0,99.0,True
575,Persistence,2022-01-11 07:20:00,91.0,99.0,True
575,Persistence,2022-01-11 07:25:00,85.0,98.0,True
575,Persistence,2022-01-11 07:30:00,88.0,98.0,True
575,Persistence,2022-01-11 07:35:00,100.0,95.0,True
575,Persistence,2022-01-11 07:40:00,89.0,89.0,True
575,Persistence,2022-01-11 07:45:00,96.0,89.0,True
575,Persistence,2022-01-11 07:50:00,102.0,91.0,True
575,Persistence,2022-01-11 07:55:00,107.0,85.0,True
575,Persistence,2022-01-11 08:00:00,111.0,88.0,True
575,Persistence,2022-01-11 08:05:00,110.0,100.0,True
575,Persistence,2022-01-11 08:10:00,114.0,89.0,True
575,Persistence,2022-01-11 08:15:00,121.0,96.0,True
575,Persistence,2022-01-11 08:20:00,130.0,102.0,True
575,Persistence,2022-01-11 08:25:00,115.0,107.0,True
575,Persistence,2022-01-11 08:30:00,107.0,111.0,True
575,Persistence,2022-01-11 08:35:00,101.0,110.0,True
575,Persistence,2022-01-11 08:40:00,110.0,114.0,True
575,Persistence,2022-01-11 08:45:00,123.0,121.0,True
575,Persistence,2022-01-11 08:50:00,132.0,130.0,True
575,Persistence,2022-01-11 08:55:00,128.0,115.0,True
575,Persistence,2022-01-11 09:00:00,124.0,107.0,True
575,Persistence,2022-01-11 09:05:00,126.0,101.0,True
575,Persistence,2022-01-11 09:10:00,128.0,110.0,True
575,Persistence,2022-01-11 09:15:00,130.0,123.0,True
575,Persistence,2022-01-11 09:20:00,124.0,132.0,True
575,Persistence,2022-01-11 09:25:00,120.0,128.0,True
575,Persistence,2022-01-11 09:30:00,117.0,124.0,True
575,Persistence,2022-01-11 09:35:00,118.0,126.0,True
575,Persistence,2022-01-11 09:40:00,119.0,128.0,True
575,Persistence,2022-01-11 09:45:00,123.0,130.0,True
575,Persistence,2022-01-11 09:50:00,129.0,124.0,True
575,Persistence,2022-01-11 09:55:00,139.0,120.0,True
575,Persistence,2022-01-11 10:00:00,157.0,117.0,True
575,Ridge,2022-01-02 00:00:00,209.0,207.04017151152917,True
575,Ridge,2022-01-02 00:05:00,209.0,212.9288584266337,True
575,Ridge,2022-01-02 00:10:00,208.0,209.5796817294617,True
575,Ridge,2022-01-02 00:15:00,207.0,198.31900874544436,True
575,Ridge,2022-01-02 00:20:00,201.0,199.51323835111072,True
575,Ridge,2022-01-02 00:25:00,190.0,200.69060157497722,True
575,Ridge,2022-01-02 00:30:00,183.0,204.5535745651341,True
575,Ridge,2022-01-02 00:35:00,179.0,203.16060469115607,True
575,Ridge,2022-01-02 00:40:00,180.0,201.09548311755134,True
575,Ridge,2022-01-02 00:45:00,177.0,200.0419504204258,True
575,Ridge,2022-01-02 00:50:00,174.0,186.55093385492995,True
575,Ridge,2022-01-02 00:55:00,173.0,168.32161240662978,True
575,Ridge,2022-01-02 01:00:00,173.0,166.60355358249942,True
575,Ridge,2022-01-02 01:05:00,171.0,166.3296728493796,True
575,Ridge,2022-01-02 01:10:00,169.0,174.71268249184521,True
575,Ridge,2022-01-02 01:15:00,167.0,166.53759690116598,True
575,Ridge,2022-01-02 01:20:00,162.0,164.90462869504367,True
575,Ridge,2022-01-02 01:25:00,160.0,166.93454336251705,True
575,Ridge,2022-01-02 01:30:00,158.0,168.77674015222436,True
575,Ridge,2022-01-02 01:35:00,156.0,164.55908019738146,True
575,Ridge,2022-01-02 01:40:00,155.0,163.216778958195,True
575,Ridge,2022-01-02 01:45:00,154.0,161.42317594261445,True
575,Ridge,2022-01-02 01:50:00,153.0,152.21642166802482,True
575,Ridge,2022-01-02 01:55:00,153.0,154.60665831755583,True
575,Ridge,2022-01-02 02:00:00,153.0,152.65164723581324,True
575,Ridge,2022-01-02 02:05:00,153.0,151.34820985586148,True
575,Ridge,2022-01-02 02:10:00,152.0,151.40758979635672,True
575,Ridge,2022-01-02 02:15:00,151.0,151.16050639134758,True
575,Ridge,2022-01-02 02:20:00,150.0,150.59088820731134,True
575,Ridge,2022-01-02 02:25:00,148.0,152.32524457883625,True
575,Ridge,2022-01-02 02:30:00,148.0,152.6245531996089,True
575,Ridge,2022-01-02 02:35:00,148.0,152.96522807259896,True
575,Ridge,2022-01-02 02:40:00,147.0,150.77160634565143,True
575,Ridge,2022-01-02 02:45:00,146.0,149.93333153379206,True
575,Ridge,2022-01-02 02:50:00,145.0,148.92440534704338,True
575,Ridge,2022-01-02 02:55:00,145.0,145.64583073152917,True
575,Ridge,2022-01-02 03:00:00,146.0,148.56121677951504,True
575,Ridge,2022-01-02 03:05:00,148.0,148.53046715145626,True
575,Ridge,2022-01-02 03:10:00,147.0,146.42735166474733,True
575,Ridge,2022-01-02 03:15:00,146.0,145.5190573297288,True
575,Ridge,2022-01-02 03:20:00,146.0,144.5334305552093,True
575,Ridge,2022-01-02 03:25:00,146.0,146.047525662563,True
575,Ridge,2022-01-02 03:30:00,146.0,148.5051844815326,True
575,Ridge,2022-01-02 03:35:00,145.0,152.09779990322613,True
575,Ridge,2022-01-02 03:40:00,145.0,147.03869777134094,True
575,Ridge,2022-01-02 03:45:00,143.0,146.26502406995442,True
575,Ridge,2022-01-02 03:50:00,142.0,147.41399727703353,True
575,Ridge,2022-01-02 03:55:00,142.0,147.4335708263,True
575,Ridge,2022-01-02 04:00:00,142.0,147.5767996066761,True
575,Ridge,2022-01-02 04:05:00,142.0,145.188976228317,True
575,Ridge,2022-01-02 04:10:00,141.0,146.6383579053162,True
575,Ridge,2022-01-02 04:15:00,141.0,141.6375564560577,True
575,Ridge,2022-01-02 04:20:00,141.0,141.96678550876987,True
575,Ridge,2022-01-02 04:25:00,140.0,143.40438254296208,True
575,Ridge,2022-01-02 04:30:00,141.0,143.58169087542993,True
575,Ridge,2022-01-02 04:35:00,141.0,143.71242923587127,True
575,Ridge,2022-01-02 04:40:00,141.0,141.3241218355985,True
575,Ridge,2022-01-02 04:45:00,144.0,142.87124905151913,True
575,Ridge,2022-01-02 04:50:00,146.0,142.82511108511918,True
575,Ridge,2022-01-02 04:55:00,146.0,140.56613734583092,True
575,Ridge,2022-01-02 05:00:00,146.0,144.47601182089807,True
575,Ridge,2022-01-02 05:05:00,147.0,142.9945391850436,True
575,Ridge,2022-01-02 05:10:00,147.0,143.25599105827632,True
575,Ridge,2022-01-02 05:15:00,147.0,150.33950471560038,True
575,Ridge,2022-01-02 05:20:00,148.0,150.93750890966967,True
575,Ridge,2022-01-02 05:25:00,149.0,148.4866956903177,True
575,Ridge,2022-01-02 05:30:00,150.0,148.41632307271192,True
575,Ridge,2022-01-02 05:35:00,150.0,150.63975153800158,True
575,Ridge,2022-01-02 05:40:00,150.0,149.17355153138698,True
575,Ridge,2022-01-02 05:45:00,150.0,149.22930069996167,True
575,Ridge,2022-01-02 05:50:00,150.0,151.48643542039727,True
575,Ridge,2022-01-02 05:55:00,150.0,152.40121005000978,True
575,Ridge,2022-01-02 06:00:00,150.0,153.40271415961766,True
575,Ridge,2022-01-02 06:05:00,150.0,151.8949121723492,True
575,Ridge,2022-01-02 06:10:00,148.0,151.94041738807258,True
575,Ridge,2022-01-02 06:15:00,148.0,151.84547161929672,True
575,Ridge,2022-01-02 06:20:00,148.0,151.73303120215456,True
575,Ridge,2022-01-02 06:25:00,148.0,151.65700778697658,True
575,Ridge,2022-01-02 06:30:00,149.0,151.635499417571,True
575,Ridge,2022-01-02 06:35:00,150.0,151.60643664400337,True
575,Ridge,2022-01-02 06:40:00,152.0,146.68534152471958,True
575,Ridge,2022-01-02 06:45:00,154.0,149.52377751292218,True
575,Ridge,2022-01-02 06:50:00,155.0,149.29747066697763,True
575,Ridge,2022-01-02 06:55:00,156.0,149.50317495063024,True
575,Ridge,2022-01-02 07:00:00,156.0,151.91924407394376,True
575,Ridge,2022-01-02 07:05:00,156.0,152.93802900837866,True
575,Ridge,2022-01-02 07:10:00,157.0,156.46983189543158,True
575,Ridge,2022-01-02 07:15:00,157.0,158.4339267646488,True
575,Ridge,2022-01-02 07:20:00,156.0,158.16445273357652,True
575,Ridge,2022-01-02 07:25:00,155.0,159.2092244134095,True
575,Ridge,2022-01-02 07:30:00,155.0,157.68352282669605,True
575,Ridge,2022-01-02 07:35:00,156.0,157.64938997370626,True
575,Ridge,2022-01-02 07:40:00,157.0,159.8690603384576,True
575,Ridge,2022-01-02 07:45:00,158.0,158.40808858522982,True
575,Ridge,2022-01-02 07:50:00,159.0,156.02522429126515,True
575,Ridge,2022-01-02 07:55:00,160.0,154.84015308461122,True
575,Ridge,2022-01-02 08:00:00,163.0,156.08721843900415,True
575,Ridge,2022-01-02 08:05:00,163.0,158.40950271416355,True
575,Ridge,2022-01-02 08:10:00,162.0,159.46949640617663,True
575,Ridge,2022-01-02 08:15:00,164.0,160.56626292712147,True
575,Ridge,2022-01-02 08:20:00,166.0,161.5448802712825,True
575,Ridge,2022-01-02 08:25:00,171.0,162.52062305745295,True
575,Ridge,2022-01-02 08:30:00,173.0,168.29311121407375,True
575,Ridge,2022-01-02 08:35:00,175.0,164.0447269829109,True
575,Ridge,2022-01-02 08:40:00,179.0,161.90645662114107,True
575,Ridge,2022-01-02 08:45:00,183.0,167.7678508653439,True
575,Ridge,2022-01-02 08:50:00,185.0,169.51025905352338,True
575,Ridge,2022-01-02 08:55:00,191.0,178.89394842120453,True
575,Ridge,2022-01-02 09:00:00,199.0,176.51774701389516,True
575,Ridge,2022-01-02 09:05:00,202.0,178.85218661030362,True
575,Ridge,2022-01-02 09:10:00,208.0,185.22301757882343,True
575,Ridge,2022-01-02 09:15:00,171.0,189.00292488482611,True
575,Ridge,2022-01-02 09:20:00,179.0,188.2458941427259,True
575,Ridge,2022-01-02 09:25:00,188.0,206.06397456194574,True
575,Ridge,2022-01-02 09:30:00,197.0,213.7819968696685,True
575,Ridge,2022-01-02 09:35:00,204.0,210.85374170365742,True
575,Ridge,2022-01-02 09:40:00,212.0,219.1820312181735,True
575,Ridge,2022-01-02 09:45:00,219.0,118.97817368379819,True
575,Ridge,2022-01-02 09:50:00,224.0,189.95208453194573,True
575,Ridge,2022-01-02 09:55:00,230.0,193.18376388007596,True
575,Ridge,2022-01-02 10:00:00,235.0,205.50417051375393,True
575,Ridge,2022-01-02 10:05:00,241.0,209.25044432464745,True
575,Ridge,2022-01-02 10:10:00,248.0,219.323189392625,True
575,Ridge,2022-01-02 10:15:00,252.0,224.7710141436643,True
575,Ridge,2022-01-02 10:20:00,255.0,226.41961834619934,True
575,Ridge,2022-01-02 10:25:00,257.0,234.62328557160257,True
575,Ridge,2022-01-02 10:30:00,258.0,238.31231827155784,True
575,Ridge,2022-01-02 10:35:00,257.0,245.359024334045,True
575,Ridge,2022-01-02 10:40:00,261.0,252.6183069590316,True
575,Ridge,2022-01-02 10:45:00,261.0,251.67780708694437,True
575,Ridge,2022-01-02 10:50:00,260.0,254.04938611845705,True
575,Ridge,2022-01-02 10:55:00,257.0,253.81213400897298,True
575,Ridge,2022-01-02 11:00:00,252.0,252.80508271094448,True
575,Ridge,2022-01-02 11:05:00,246.0,248.39167023709433,True
575,Ridge,2022-01-02 11:10:00,240.0,258.9135123762705,True
575,Ridge,2022-01-02 11:15:00,236.0,252.52736363107402,True
575,Ridge,2022-01-02 11:20:00,233.0,250.2769776395823,True
575,Ridge,2022-01-02 11:25:00,230.0,243.74696390798033,True
575,Ridge,2022-01-02 11:30:00,226.0,235.57712031228004,True
575,Ridge,2022-01-02 11:35:00,224.0,227.68959907056237,True
575,Ridge,2022-01-02 11:40:00,221.0,221.21425314933512,True
575,Ridge,2022-01-02 11:45:00,217.0,219.81415341648338,True
575,Ridge,2022-01-02 11:50:00,212.0,218.20300414563152,True
575,Ridge,2022-01-02 11:55:00,204.0,215.53723932266436,True
575,Ridge,2022-01-02 12:00:00,198.0,210.52088983653226,True
575,Ridge,2022-01-02 12:05:00,196.0,211.80779490696312,True
575,Ridge,2022-01-02 12:10:00,197.0,207.7509112151535,True
575,Ridge,2022-01-02 12:15:00,203.0,202.88322916430408,True
575,Ridge,2022-01-02 12:20:00,205.0,192.9969507674399,True
575,Ridge,2022-01-02 12:25:00,204.0,184.7872536175249,True
575,Ridge,2022-01-02 12:30:00,211.0,181.81202970430272,True
575,Ridge,2022-01-02 12:35:00,215.0,185.44080180743725,True
575,Ridge,2022-01-02 12:40:00,218.0,191.32222301523012,True
575,Ridge,2022-01-02 12:45:00,220.0,205.35757366694372,True
575,Ridge,2022-01-02 12:50:00,222.0,202.5605432161137,True
575,Ridge,2022-01-02 12:55:00,235.0,198.43516757164548,True
575,Ridge,2022-01-02 13:00:00,242.0,216.72746008026482,True
575,Ridge,2022-01-02 13:05:00,251.0,216.39494999844715,True
575,Ridge,2022-01-02 13:10:00,257.0,219.0384445154414,True
575,Ridge,2022-01-02 13:15:00,265.0,229.7335543017886,True
575,Ridge,2022-01-02 13:20:00,267.0,230.39358614124478,True
575,Ridge,2022-01-02 13:25:00,268.0,256.4429327968466,True
575,Ridge,2022-01-02 13:30:00,267.0,252.33380608774138,True
575,Ridge,2022-01-02 13:35:00,266.0,262.60938772540675,True
575,Ridge,2022-01-02 13:40:00,265.0,261.68565841362147,True
575,Ridge,2022-01-02 13:45:00,262.0,270.110578664001,True
575,Ridge,2022-01-02 13:50:00,259.0,261.3813672589622,True
575,Ridge,2022-01-02 13:55:00,257.0,260.35899225226024,True
575,Ridge,2022-01-02 14:00:00,255.0,255.95038519190598,True
575,Ridge,2022-01-02 14:05:00,256.0,254.08152426993018,True
575,Ridge,2022-01-02 14:10:00,253.0,252.0944956586943,True
575,Ridge,2022-01-02 14:15:00,246.0,246.36452315319133,True
575,Ridge,2022-01-02 14:20:00,229.0,243.2476969591758,True
575,Ridge,2022-01-02 14:25:00,218.0,242.37049778735576,True
575,Ridge,2022-01-02 14:30:00,213.0,240.11091447704428,True
575,Ridge,2022-01-02 14:35:00,210.0,245.51587664879554,True
575,Ridge,2022-01-02 14:40:00,207.0,236.98034009493222,True
575,Ridge,2022-01-02 14:45:00,209.0,224.88748058080205,True
575,Ridge,2022-01-02 14:50:00,216.0,193.28458671333252,True
575,Ridge,2022-01-02 14:55:00,216.0,190.52899927760484,True
575,Ridge,2022-01-02 15:00:00,216.0,192.9618406686535,True
575,Ridge,2022-01-02 15:05:00,217.0,193.6309577442109,True
575,Ridge,2022-01-02 15:10:00,221.0,191.8346196721329,True
575,Ridge,2022-01-02 15:15:00,225.0,202.07016075426873,True
575,Ridge,2022-01-02 15:20:00,228.0,216.99234974914526,True
575,Ridge,2022-01-02 15:25:00,229.0,208.2522191834459,True
575,Ridge,2022-01-02 15:30:00,227.0,209.72338285963863,True
575,Ridge,2022-01-02 15:35:00,229.0,212.26603731146886,True
575,Ridge,2022-01-02 15:40:00,231.0,222.66977069706672,True
575,Ridge,2022-01-02 15:45:00,230.0,227.0437296707002,True
575,Ridge,2022-01-02 15:50:00,229.0,228.72628079830423,True
575,Ridge,2022-01-02 15:55:00,229.0,226.60901704122114,True
575,Ridge,2022-01-02 16:00:00,227.0,219.76612976876282,True
575,Ridge,2022-01-02 16:05:00,222.0,226.69543290772322,True
575,Ridge,2022-01-02 16:10:00,221.0,227.6933129756922,True
575,Ridge,2022-01-02 16:15:00,221.0,222.59003435665036,True
575,Ridge,2022-01-02 16:20:00,224.0,221.35811235660094,True
575,Ridge,2022-01-02 16:25:00,232.0,222.20148680439104,True
575,Ridge,2022-01-02 16:30:00,235.0,217.17253433246447,True
575,Ridge,2022-01-02 16:35:00,230.0,207.85424876103502,True
575,Ridge,2022-01-02 16:40:00,224.0,212.54995321966766,True
575,Ridge,2022-01-02 16:45:00,221.0,213.6266117356788,True
575,Ridge,2022-01-02 16:50:00,218.0,221.21043210617808,True
575,Ridge,2022-01-02 16:55:00,219.0,236.2888981344833,True
575,Ridge,2022-01-02 17:00:00,219.0,232.63363842088555,True
575,Ridge,2022-01-02 17:05:00,222.0,217.23731422221337,True
575,Ridge,2022-01-02 17:10:00,226.0,207.73536290631213,True
575,Ridge,2022-01-02 17:15:00,234.0,208.2987902089073,True
575,Ridge,2022-01-02 17:20:00,239.0,206.4942827523177,True
575,Ridge,2022-01-02 17:25:00,240.0,213.34444293544823,True
575,Ridge,2022-01-02 17:30:00,245.0,212.01694602492847,True
575,Ridge,2022-01-02 17:35:00,250.0,219.88407037690985,True
575,Ridge,2022-01-02 17:40:00,254.0,225.24821918321743,True
575,Ridge,2022-01-02 17:45:00,253.0,247.29122074761005,True
575,Ridge,2022-01-02 17:50:00,248.0,247.40000227677427,True
575,Ridge,2022-01-02 17:55:00,241.0,242.61631775549347,True
575,Ridge,2022-01-02 18:00:00,233.0,250.51904746105393,True
575,Ridge,2022-01-02 18:05:00,225.0,252.72413793821914,True
575,Ridge,2022-01-02 18:10:00,218.0,254.09000986250686,True
575,Ridge,2022-01-02 18:15:00,208.0,244.05340367656635,True
575,Ridge,2022-01-02 18:20:00,199.0,232.19743039488128,True
575,Ridge,2022-01-02 18:25:00,192.0,221.19877717696363,True
575,Ridge,2022-01-02 18:30:00,183.0,210.91320980930922,True
575,Ridge,2022-01-02 18:35:00,175.0,202.1750265181884,True
575,Ridge,2022-01-02 18:40:00,166.0,196.16659304630997,True
575,Ridge,2022-01-02 18:45:00,158.0,182.3857508376359,True
575,Ridge,2022-01-02 18:50:00,152.0,174.9814200421496,True
575,Ridge,2022-01-02 18:55:00,146.0,170.81114515033383,True
575,Ridge,2022-01-02 19:00:00,137.0,159.71106045229197,True
575,Ridge,2022-01-02 19:05:00,132.0,154.03938332674457,True
575,Ridge,2022-01-02 19:10:00,126.0,144.17038669895234,True
575,Ridge,2022-01-02 19:15:00,122.0,138.45871195465486,True
575,Ridge,2022-01-02 19:20:00,120.0,135.93819816397053,True
575,Ridge,2022-01-02 19:25:00,120.0,130.95212156850988,True
575,Ridge,2022-01-02 19:30:00,114.0,118.93011531392365,True
575,Ridge,2022-01-02 19:35:00,107.0,120.63477964044799,True
575,Ridge,2022-01-02 19:40:00,102.0,113.39291113749763,True
575,Ridge,2022-01-02 19:45:00,100.0,113.85641991481299,True
575,Ridge,2022-01-02 19:50:00,97.0,115.52814233097925,True
575,Ridge,2022-01-02 19:55:00,99.0,119.58309159124674,True
575,Ridge,2022-01-02 20:00:00,98.0,106.10832124202562,True
575,Ridge,2022-01-02 20:05:00,96.0,98.70086314350257,True
575,Ridge,2022-01-02 20:10:00,95.0,96.56696189891957,True
575,Ridge,2022-01-02 20:15:00,96.0,99.25731393357954,True
575,Ridge,2022-01-02 20:20:00,98.0,95.49239763312922,True
575,Ridge,2022-01-02 20:25:00,101.0,105.46501848150452,True
575,Ridge,2022-01-02 20:30:00,104.0,100.71026452829435,True
575,Ridge,2022-01-02 20:35:00,108.0,98.42867463546648,True
575,Ridge,2022-01-02 20:40:00,110.0,98.9329003618997,True
575,Ridge,2022-01-02 20:45:00,109.0,103.16817635713687,True
575,Ridge,2022-01-02 20:50:00,78.0,107.04972146856284,True
575,Ridge,2022-01-02 20:55:00,81.0,111.81833945249963,True
575,Ridge,2022-01-02 21:00:00,80.0,114.97663050317678,True
575,Ridge,2022-01-02 21:05:00,81.0,120.60855161169856,True
575,Ridge,2022-01-02 21:10:00,81.0,119.88225509974566,True
575,Ridge,2022-01-02 21:15:00,80.0,114.89368828012667,True
575,Ridge,2022-01-02 21:20:00,78.0,41.11430329437452,True
575,Ridge,2022-01-02 21:25:00,78.0,92.1024950313159,True
575,Ridge,2022-01-02 21:30:00,78.0,81.39522065052736,True
575,Ridge,2022-01-02 21:35:00,77.0,88.58796635536831,True
575,Ridge,2022-01-02 21:40:00,76.0,86.90709690087678,True
575,Ridge,2022-01-02 21:45:00,78.0,84.55558908875409,True
575,Ridge,2022-01-02 21:50:00,80.0,82.55989662481541,True
575,Ridge,2022-01-02 21:55:00,81.0,85.20868738688038,True
575,Ridge,2022-01-02 22:00:00,80.0,85.76077602394633,True
575,Ridge,2022-01-02 22:05:00,82.0,84.13184141290779,True
575,Ridge,2022-01-02 22:10:00,84.0,83.2239761919483,True
575,Ridge,2022-01-02 22:15:00,90.0,89.10244180576156,True
575,Ridge,2022-01-02 22:20:00,93.0,90.9681141833347,True
575,Ridge,2022-01-02 22:25:00,95.0,91.69291719232929,True
575,Ridge,2022-01-02 22:30:00,96.0,87.89759692959093,True
575,Ridge,2022-01-02 22:35:00,99.0,94.16369409943498,True
575,Ridge,2022-01-02 22:40:00,103.0,95.83908631520505,True
575,Ridge,2022-01-02 22:45:00,105.0,106.72121390574637,True
575,Ridge,2022-01-02 22:50:00,108.0,109.00193619697346,True
575,Ridge,2022-01-02 22:55:00,108.0,109.70645257575609,True
575,Ridge,2022-01-02 23:00:00,111.0,108.60808272138787,True
575,Ridge,2022-01-02 23:05:00,113.0,113.34919699867439,True
575,Ridge,2022-01-02 23:10:00,114.0,117.76414078756198,True
575,Ridge,2022-01-02 23:15:00,112.0,116.44876690232806,True
575,Ridge,2022-01-02 23:20:00,109.0,120.12762708010155,True
575,Ridge,2022-01-02 23:25:00,107.0,115.00484325590648,True
575,Ridge,2022-01-02 23:30:00,105.0,121.9523443451915,True
575,Ridge,2022-01-02 23:35:00,104.0,122.01107196028768,True
575,Ridge,2022-01-02 23:40:00,102.0,121.70140990555973,True
575,Ridge,2022-01-02 23:45:00,101.0,115.19027112808168,True
575,Ridge,2022-01-02 23:50:00,101.0,110.58824883921372,True
575,Ridge,2022-01-02 23:55:00,100.0,109.45440099649241,True
575,Ridge,2022-01-03 00:00:00,100.0,107.07823177212506,True
575,Ridge,2022-01-03 00:05:00,99.0,107.51486405878867,True
575,Ridge,2022-01-03 00:10:00,100.0,104.05854391716348,True
575,Ridge,2022-01-03 00:15:00,100.0,104.59286185911306,True
575,Ridge,2022-01-03 00:20:00,101.0,105.93223827988045,True
575,Ridge,2022-01-03 00:25:00,101.0,103.706965370705,True
575,Ridge,2022-01-03 00:30:00,102.0,105.48828268465644,True
575,Ridge,2022-01-03 00:35:00,102.0,103.12992839572465,True
575,Ridge,2022-01-03 00:40:00,103.0,107.20198774317944,True
575,Ridge,2022-01-03 00:45:00,102.0,105.71044730028632,True
575,Ridge,2022-01-03 00:50:00,100.0,108.48372844684926,True
575,Ridge,2022-01-03 00:55:00,98.0,107.10735820167736,True
575,Ridge,2022-01-03 01:00:00,96.0,109.72862699528747,True
575,Ridge,2022-01-03 01:05:00,94.0,108.26652034994669,True
575,Ridge,2022-01-03 01:10:00,93.0,110.81031594913142,True
575,Ridge,2022-01-03 01:15:00,91.0,106.94109944941175,True
575,Ridge,2022-01-03 01:20:00,91.0,103.65906659785355,True
575,Ridge,2022-01-03 01:25:00,90.0,101.39644961975704,True
575,Ridge,2022-01-03 01:30:00,90.0,99.22771818585836,True
575,Ridge,2022-01-03 01:35:00,91.0,97.15968966557594,True
575,Ridge,2022-01-03 01:40:00,90.0,97.59153481716163,True
575,Ridge,2022-01-03 01:45:00,90.0,94.21038203810488,True
575,Ridge,2022-01-03 01:50:00,88.0,97.24899415846889,True
575,Ridge,2022-01-03 01:55:00,86.0,94.8027749110114,True
575,Ridge,2022-01-03 02:00:00,85.0,96.62054572536887,True
575,Ridge,2022-01-03 02:05:00,85.0,99.08083683346214,True
575,Ridge,2022-01-03 02:10:00,84.0,95.53171226675337,True
575,Ridge,2022-01-03 02:15:00,83.0,97.17152578557773,True
575,Ridge,2022-01-03 02:20:00,82.0,92.2067363734606,True
575,Ridge,2022-01-03 02:25:00,80.0,90.42312878187015,True
575,Ridge,2022-01-03 02:30:00,80.0,90.65269344785817,True
575,Ridge,2022-01-03 02:35:00,79.0,92.1216405590278,True
575,Ridge,2022-01-03 02:40:00,78.0,89.87692248483074,True
575,Ridge,2022-01-03 02:45:00,78.0,89.07840123105197,True
575,Ridge,2022-01-03 02:50:00,77.0,87.68077205422692,True
575,Ridge,2022-01-03 02:55:00,75.0,84.71882576643348,True
575,Ridge,2022-01-03 03:00:00,74.0,87.66382283313979,True
575,Ridge,2022-01-03 03:05:00,74.0,85.24511534053376,True
575,Ridge,2022-01-03 03:10:00,73.0,84.57739528344437,True
575,Ridge,2022-01-03 03:15:00,73.0,85.9999247686271,True
575,Ridge,2022-01-03 03:20:00,72.0,83.66383456055209,True
575,Ridge,2022-01-03 03:25:00,72.0,80.47669703576125,True
575,Ridge,2022-01-03 03:30:00,72.0,80.92067635787592,True
575,Ridge,2022-01-03 03:35:00,71.0,82.34231475108221,True
575,Ridge,2022-01-03 03:40:00,71.0,80.07217476144861,True
575,Ridge,2022-01-03 03:45:00,70.0,81.70128675820696,True
575,Ridge,2022-01-03 03:50:00,70.0,79.30583994905234,True
575,Ridge,2022-01-03 03:55:00,69.0,80.94894848283491,True
575,Ridge,2022-01-03 04:00:00,68.0,80.92567889617732,True
575,Ridge,2022-01-03 04:05:00,67.0,78.69868310622894,True
575,Ridge,2022-01-03 04:10:00,66.0,80.24236743817013,True
575,Ridge,2022-01-03 04:15:00,65.0,77.78432660107582,True
575,Ridge,2022-01-03 04:20:00,65.0,79.33599420790192,True
575,Ridge,2022-01-03 04:25:00,65.0,76.83330524464427,True
575,Ridge,2022-01-03 04:30:00,64.0,76.05167010203942,True
575,Ridge,2022-01-03 04:35:00,62.0,74.99873587728929,True
575,Ridge,2022-01-03 04:40:00,60.0,74.01971376993197,True
575,Ridge,2022-01-03 04:45:00,59.0,73.07331368614551,True
575,Ridge,2022-01-03 04:50:00,59.0,74.54251445712978,True
575,Ridge,2022-01-03 04:55:00,59.0,74.64532120008761,True
575,Ridge,2022-01-03 05:00:00,58.0,72.41111722575641,True
575,Ridge,2022-01-03 05:05:00,58.0,69.07756078938468,True
575,Ridge,2022-01-03 05:10:00,57.0,67.06977419246707,True
575,Ridge,2022-01-03 05:15:00,55.0,67.41990898806628,True
575,Ridge,2022-01-03 05:20:00,54.0,68.88564384719162,True
575,Ridge,2022-01-03 05:25:00,54.0,69.06512968951489,True
575,Ridge,2022-01-03 05:30:00,53.0,66.90773405859315,True
575,Ridge,2022-01-03 05:35:00,53.0,68.4761582503855,True
575,Ridge,2022-01-03 05:40:00,54.0,66.04385429690939,True
575,Ridge,2022-01-03 05:45:00,53.0,62.835459665395305,True
575,Ridge,2022-01-03 05:50:00,54.0,63.26964187920022,True
575,Ridge,2022-01-03 05:55:00,56.0,64.6575557396982,True
575,Ridge,2022-01-03 06:00:00,55.0,62.366741822927196,True
575,Ridge,2022-01-03 06:05:00,55.0,63.95938932901461,True
575,Ridge,2022-01-03 06:10:00,56.0,66.4173202247648,True
575,Ridge,2022-01-03 06:15:00,56.0,62.829267817517945,True
575,Ridge,2022-01-03 06:20:00,56.0,66.87351760629409,True
575,Ridge,2022-01-03 06:25:00,58.0,70.10947551201,True
575,Ridge,2022-01-03 06:30:00,59.0,65.15551471110356,True
575,Ridge,2022-01-03 06:35:00,59.0,66.76410476238655,True
575,Ridge,2022-01-03 06:40:00,59.0,68.85987114281234,True
575,Ridge,2022-01-03 06:45:00,60.0,67.57200563289173,True
575,Ridge,2022-01-03 06:50:00,71.0,67.68125558708036,True
575,Ridge,2022-01-03 06:55:00,73.0,72.3943835914179,True
575,Ridge,2022-01-03 07:00:00,76.0,71.94766121916378,True
575,Ridge,2022-01-03 07:05:00,81.0,75.12586298701031,True
575,Ridge,2022-01-03 07:10:00,87.0,74.45248256225645,True
575,Ridge,2022-01-03 07:15:00,93.0,75.50626031278946,True
575,Ridge,2022-01-03 07:20:00,100.0,101.04355939497118,True
575,Ridge,2022-01-03 07:25:00,104.0,88.85875439242812,True
575,Ridge,2022-01-03 07:30:00,106.0,93.17605728612806,True
575,Ridge,2022-01-03 07:35:00,110.0,98.70404669783974,True
575,Ridge,2022-01-03 07:40:00,113.0,105.2552233482304,True
575,Ridge,2022-01-03 07:45:00,117.0,110.6394834944627,True
575,Ridge,2022-01-03 07:50:00,121.0,118.7943523780917,True
575,Ridge,2022-01-03 07:55:00,124.0,118.30943294233212,True
575,Ridge,2022-01-03 08:00:00,128.0,117.18778249921013,True
575,Ridge,2022-01-03 08:05:00,132.0,123.55494504418618,True
575,Ridge,2022-01-03 08:10:00,130.0,124.62635662572342,True
575,Ridge,2022-01-03 08:15:00,130.0,130.12732495210827,True
575,Ridge,2022-01-03 08:20:00,133.0,133.68470790276768,True
575,Ridge,2022-01-03 08:25:00,132.0,134.8121278067581,True
575,Ridge,2022-01-03 08:30:00,133.0,139.9026135474832,True
575,Ridge,2022-01-03 08:35:00,135.0,143.4506062751559,True
575,Ridge,2022-01-03 08:40:00,133.0,132.85725386645717,True
575,Ridge,2022-01-03 08:45:00,130.0,135.53410566905012,True
575,Ridge,2022-01-03 08:50:00,126.0,141.8211035013421,True
575,Ridge,2022-01-03 08:55:00,126.0,134.9724422600026,True
575,Ridge,2022-01-03 09:00:00,122.0,138.8512789910073,True
575,Ridge,2022-01-03 09:05:00,118.0,141.66124306319648,True
575,Ridge,2022-01-03 09:10:00,116.0,134.08028621714988,True
575,Ridge,2022-01-03 09:15:00,115.0,129.61533468831786,True
575,Ridge,2022-01-03 09:20:00,112.0,123.64400413544847,True
575,Ridge,2022-01-03 09:25:00,109.0,129.1702696744864,True
575,Ridge,2022-01-03 09:30:00,108.0,119.21408818750635,True
575,Ridge,2022-01-03 09:35:00,105.0,115.59421436095101,True
575,Ridge,2022-01-03 09:40:00,103.0,116.03820681261905,True
575,Ridge,2022-01-03 09:45:00,101.0,116.64192422729232,True
575,Ridge,2022-01-03 09:50:00,100.0,111.12366804827371,True
575,Ridge,2022-01-03 09:55:00,99.0,108.45503898127143,True
575,Ridge,2022-01-03 10:00:00,98.0,110.51559759550484,True
575,Ridge,2022-01-03 10:05:00,98.0,104.86679299253322,True
575,Ridge,2022-01-03 10:10:00,98.0,104.62873753308206,True
575,Ridge,2022-01-03 10:15:00,98.0,102.7223201734217,True
575,Ridge,2022-01-03 10:20:00,99.0,103.61974670783857,True
575,Ridge,2022-01-03 10:25:00,100.0,102.88116789551745,True
575,Ridge,2022-01-03 10:30:00,97.0,102.18086139517538,True
575,Ridge,2022-01-03 10:35:00,95.0,103.95619510239686,True
575,Ridge,2022-01-03 10:40:00,95.0,104.26652462895262,True
575,Ridge,2022-01-03 10:45:00,93.0,104.59628346047182,True
575,Ridge,2022-01-03 10:50:00,92.0,107.18521633112184,True
575,Ridge,2022-01-03 10:55:00,91.0,108.37654214532088,True
575,Ridge,2022-01-03 11:00:00,91.0,99.98679058447097,True
575,Ridge,2022-01-03 11:05:00,91.0,98.79726742551759,True
575,Ridge,2022-01-03 11:10:00,90.0,101.91742313105823,True
575,Ridge,2022-01-03 11:15:00,90.0,96.99306489397463,True
575,Ridge,2022-01-03 11:20:00,91.0,97.86393730116674,True
575,Ridge,2022-01-03 11:25:00,92.0,96.78151230227192,True
575,Ridge,2022-01-03 11:30:00,93.0,98.45053610032178,True
575,Ridge,2022-01-03 11:35:00,93.0,98.50739283355526,True
575,Ridge,2022-01-03 11:40:00,94.0,96.34532329172069,True
575,Ridge,2022-01-03 11:45:00,95.0,97.98465946870778,True
575,Ridge,2022-01-03 11:50:00,96.0,100.41423693931176,True
575,Ridge,2022-01-03 11:55:00,98.0,101.52816542271961,True
575,Ridge,2022-01-03 12:00:00,98.0,102.63732770590073,True
575,Ridge,2022-01-03 12:05:00,99.0,101.37461136391647,True
575,Ridge,2022-01-03 12:10:00,101.0,103.88467130517341,True
575,Ridge,2022-01-03 12:15:00,101.0,104.73196092008702,True
575,Ridge,2022-01-03 12:20:00,101.0,105.85598276683507,True
575,Ridge,2022-01-03 12:25:00,102.0,109.25818801324891,True
575,Ridge,2022-01-03 12:30:00,103.0,106.4126229653836,True
575,Ridge,2022-01-03 12:35:00,103.0,108.89344706804525,True
575,Ridge,2022-01-03 12:40:00,104.0,111.9827892489107,True
575,Ridge,2022-01-03 12:45:00,105.0,109.22242928020479,True
575,Ridge,2022-01-03 12:50:00,106.0,109.30546915723005,True
575,Ridge,2022-01-03 12:55:00,106.0,111.42274847042165,True
575,Ridge,2022-01-03 13:00:00,107.0,112.31700321262834,True
575,Ridge,2022-01-03 13:05:00,107.0,110.87510037055182,True
575,Ridge,2022-01-03 13:10:00,108.0,113.23253109763657,True
575,Ridge,2022-01-03 13:15:00,108.0,114.06325790219508,True
575,Ridge,2022-01-03 13:20:00,109.0,115.07440899568597,True
575,Ridge,2022-01-03 13:25:00,109.0,113.56720895850493,True
575,Ridge,2022-01-03 13:30:00,107.0,115.92286625575717,True
575,Ridge,2022-01-03 13:35:00,108.0,114.38261718742277,True
575,Ridge,2022-01-03 13:40:00,110.0,116.81727170307127,True
575,Ridge,2022-01-03 13:45:00,111.0,115.17552685341401,True
575,Ridge,2022-01-03 13:50:00,116.0,117.66637624217744,True
575,Ridge,2022-01-03 13:55:00,123.0,116.09254513741512,True
575,Ridge,2022-01-03 14:00:00,132.0,109.47662107154063,True
575,Ridge,2022-01-03 14:05:00,142.0,116.40715816248033,True
575,Ridge,2022-01-03 14:10:00,152.0,119.51588949684307,True
575,Ridge,2022-01-03 14:15:00,161.0,119.32864201749345,True
575,Ridge,2022-01-03 14:20:00,167.0,129.96950722423915,True
575,Ridge,2022-01-03 14:25:00,172.0,139.5231769267654,True
575,Ridge,2022-01-03 14:30:00,176.0,151.58786744662228,True
575,Ridge,2022-01-03 14:35:00,181.0,162.94094676530506,True
575,Ridge,2022-01-03 14:40:00,185.0,172.9912275173735,True
575,Ridge,2022-01-03 14:45:00,189.0,180.47642153816108,True
575,Ridge,2022-01-03 14:50:00,193.0,181.93863141219884,True
575,Ridge,2022-01-03 14:55:00,195.0,185.05184819443778,True
575,Ridge,2022-01-03 15:00:00,195.0,193.74417705712602,True
575,Ridge,2022-01-03 15:05:00,194.0,198.6490084170944,True
575,Ridge,2022-01-03 15:10:00,195.0,199.69533301456917,True
575,Ridge,2022-01-03 15:15:00,196.0,201.04355087043245,True
575,Ridge,2022-01-03 15:20:00,194.0,202.51917493832133,True
575,Ridge,2022-01-03 15:25:00,187.0,199.779434157295,True
575,Ridge,2022-01-03 15:30:00,185.0,194.86124303996002,True
575,Ridge,2022-01-03 15:35:00,184.0,190.86776199389124,True
575,Ridge,2022-01-03 15:40:00,181.0,193.693189351418,True
575,Ridge,2022-01-03 15:45:00,177.0,194.19377831692452,True
575,Ridge,2022-01-03 15:50:00,170.0,187.60737131013997,True
575,Ridge,2022-01-03 15:55:00,166.0,173.12695310682088,True
575,Ridge,2022-01-03 16:00:00,162.0,178.18197255697476,True
575,Ridge,2022-01-03 16:05:00,158.0,177.89801830452961,True
575,Ridge,2022-01-03 16:10:00,154.0,172.51529805210907,True
575,Ridge,2022-01-03 16:15:00,152.0,167.3981316637134,True
575,Ridge,2022-01-03 16:20:00,148.0,156.22031038588767,True
575,Ridge,2022-01-03 16:25:00,144.0,156.48713250738996,True
575,Ridge,2022-01-03 16:30:00,140.0,152.20147828029343,True
575,Ridge,2022-01-03 16:35:00,138.0,148.89350940346966,True
575,Ridge,2022-01-03 16:40:00,136.0,145.41549933157438,True
575,Ridge,2022-01-03 16:45:00,131.0,146.68724448574392,True
575,Ridge,2022-01-03 16:50:00,126.0,140.14563668536346,True
575,Ridge,2022-01-03 16:55:00,124.0,136.79334151218788,True
575,Ridge,2022-01-03 17:00:00,122.0,133.24206980917398,True
575,Ridge,2022-01-03 17:05:00,117.0,134.57475921158877,True
575,Ridge,2022-01-03 17:10:00,115.0,132.91461512371254,True
575,Ridge,2022-01-03 17:15:00,114.0,124.27341074192785,True
575,Ridge,2022-01-03 17:20:00,113.0,119.75511656799947,True
575,Ridge,2022-01-03 17:25:00,109.0,122.15889492550656,True
575,Ridge,2022-01-03 17:30:00,106.0,120.46042711097886,True
575,Ridge,2022-01-03 17:35:00,106.0,111.89112174554502,True
575,Ridge,2022-01-03 17:40:00,102.0,114.67287064253912,True
575,Ridge,2022-01-03 17:45:00,100.0,115.20786832902905,True
575,Ridge,2022-01-03 17:50:00,99.0,114.78723240768106,True
575,Ridge,2022-01-03 17:55:00,102.0,106.99704327444803,True
575,Ridge,2022-01-03 18:00:00,101.0,105.94579326005001,True
575,Ridge,2022-01-03 18:05:00,98.0,110.25910173994765,True
575,Ridge,2022-01-03 18:10:00,95.0,100.82346849150163,True
575,Ridge,2022-01-03 18:15:00,95.0,102.22811948978307,True
575,Ridge,2022-01-03 18:20:00,96.0,102.60731743384484,True
575,Ridge,2022-01-03 18:25:00,96.0,111.82552158913956,True
575,Ridge,2022-01-03 18:30:00,96.0,105.36287842411812,True
575,Ridge,2022-01-03 18:35:00,95.0,100.29332861887369,True
575,Ridge,2022-01-03 18:40:00,96.0,97.27714470304969,True
575,Ridge,2022-01-03 18:45:00,119.0,101.45231164633857,True
575,Ridge,2022-01-03 18:50:00,127.0,102.72199817895405,True
575,Ridge,2022-01-03 18:55:00,134.0,102.83740104768447,True
575,Ridge,2022-01-03 19:00:00,141.0,102.19032579419171,True
575,Ridge,2022-01-03 19:05:00,144.0,104.53936483763096,True
575,Ridge,2022-01-03 19:10:00,145.0,107.89712142144387,True
575,Ridge,2022-01-03 19:15:00,152.0,161.2360059304834,True
575,Ridge,2022-01-03 19:20:00,161.0,146.85189153674654,True
575,Ridge,2022-01-03 19:25:00,168.0,154.0371575099657,True
575,Ridge,2022-01-03 19:30:00,172.0,158.704663031279,True
575,Ridge,2022-01-03 19:35:00,173.0,155.07111475351243,True
575,Ridge,2022-01-03 19:40:00,178.0,152.5632201626779,True
575,Ridge,2022-01-03 19:45:00,182.0,166.99553335098526,True
575,Ridge,2022-01-03 19:50:00,182.0,178.22770818816366,True
575,Ridge,2022-01-03 19:55:00,183.0,182.0396741785604,True
575,Ridge,2022-01-03 20:00:00,185.0,181.09065164051174,True
575,Ridge,2022-01-03 20:05:00,188.0,177.46173491219736,True
575,Ridge,2022-01-03 20:10:00,192.0,187.67917957191924,True
575,Ridge,2022-01-03 20:15:00,194.0,189.57003722475733,True
575,Ridge,2022-01-03 20:20:00,199.0,183.50925751852634,True
575,Ridge,2022-01-03 20:25:00,202.0,195.0792876486905,True
575,Ridge,2022-01-03 20:30:00,204.0,196.33164043882033,True
575,Ridge,2022-01-03 20:35:00,205.0,199.25075601264,True
575,Ridge,2022-01-03 20:40:00,205.0,201.44707465338195,True
575,Ridge,2022-01-03 20:45:00,207.0,195.29559392864763,True
575,Ridge,2022-01-03 20:50:00,202.0,205.43610423539963,True
575,Ridge,2022-01-03 20:55:00,192.0,202.74213771242626,True
575,Ridge,2022-01-03 21:00:00,192.0,202.0679856076219,True
575,Ridge,2022-01-03 21:05:00,188.0,200.81046022384334,True
575,Ridge,2022-01-03 21:10:00,184.0,199.41945381223147,True
575,Ridge,2022-01-03 21:15:00,180.0,203.73458778710017,True
575,Ridge,2022-01-03 21:20:00,177.0,188.2754523743963,True
575,Ridge,2022-01-03 21:25:00,173.0,171.9207903634738,True
575,Ridge,2022-01-03 21:30:00,170.0,185.33187851599942,True
575,Ridge,2022-01-03 21:35:00,165.0,174.93892970040287,True
575,Ridge,2022-01-03 21:40:00,158.0,171.98832709601737,True
575,Ridge,2022-01-03 21:45:00,152.0,167.79055010107047,True
575,Ridge,2022-01-03 21:50:00,148.0,166.72330364265406,True
575,Ridge,2022-01-03 21:55:00,147.0,161.44970892905877,True
575,Ridge,2022-01-03 22:00:00,146.0,160.2447836664087,True
575,Ridge,2022-01-03 22:05:00,144.0,152.86894686616574,True
575,Ridge,2022-01-03 22:10:00,143.0,143.65685620517073,True
575,Ridge,2022-01-03 22:15:00,142.0,139.19593505911627,True
575,Ridge,2022-01-03 22:20:00,139.0,138.02043458725035,True
575,Ridge,2022-01-03 22:25:00,135.0,141.86657310347687,True
575,Ridge,2022-01-03 22:30:00,135.0,141.77703365411006,True
575,Ridge,2022-01-03 22:35:00,131.0,139.2487983779302,True
575,Ridge,2022-01-03 22:40:00,128.0,140.32507007833738,True
575,Ridge,2022-01-03 22:45:00,126.0,139.7600074464101,True
575,Ridge,2022-01-03 22:50:00,125.0,134.50002458020472,True
575,Ridge,2022-01-03 22:55:00,122.0,129.51290663750706,True
575,Ridge,2022-01-03 23:00:00,117.0,135.3709813277456,True
575,Ridge,2022-01-03 23:05:00,116.0,125.15956317502432,True
575,Ridge,2022-01-03 23:10:00,115.0,124.75801066952448,True
575,Ridge,2022-01-03 23:15:00,116.0,124.07882609417413,True
575,Ridge,2022-01-03 23:20:00,114.0,124.99336499376902,True
575,Ridge,2022-01-03 23:25:00,112.0,119.51919418214925,True
575,Ridge,2022-01-03 23:30:00,112.0,112.06333507455463,True
575,Ridge,2022-01-03 23:35:00,112.0,116.8826469222978,True
575,Ridge,2022-01-03 23:40:00,112.0,115.8806253470552,True
575,Ridge,2022-01-03 23:45:00,112.0,120.33678843049839,True
575,Ridge,2022-01-03 23:50:00,111.0,114.37154600282204,True
575,Ridge,2022-01-03 23:55:00,111.0,113.05653122761288,True
575,Ridge,2022-01-04 00:00:00,110.0,115.84300076813078,True
575,Ridge,2022-01-04 00:05:00,109.0,115.90149163755486,True
575,Ridge,2022-01-04 00:10:00,108.0,116.36867014032507,True
575,Ridge,2022-01-04 00:15:00,105.0,116.65406128491298,True
575,Ridge,2022-01-04 00:20:00,103.0,114.44009363460111,True
575,Ridge,2022-01-04 00:25:00,102.0,114.33098858337763,True
575,Ridge,2022-01-04 00:30:00,101.0,113.24850824296934,True
575,Ridge,2022-01-04 00:35:00,101.0,112.57169585181029,True
575,Ridge,2022-01-04 00:40:00,100.0,111.59564262437755,True
575,Ridge,2022-01-04 00:45:00,100.0,105.83260293631307,True
575,Ridge,2022-01-04 00:50:00,100.0,105.24132045890349,True
575,Ridge,2022-01-04 00:55:00,100.0,105.52670920838244,True
575,Ridge,2022-01-04 01:00:00,100.0,104.7553999059387,True
575,Ridge,2022-01-04 01:05:00,99.0,106.37367810221099,True
575,Ridge,2022-01-04 01:10:00,98.0,104.10769977355895,True
575,Ridge,2022-01-04 01:15:00,97.0,105.80710239189281,True
575,Ridge,2022-01-04 01:20:00,97.0,105.8092801898895,True
575,Ridge,2022-01-04 01:25:00,95.0,106.06217884159757,True
575,Ridge,2022-01-04 01:30:00,94.0,106.18198532449225,True
575,Ridge,2022-01-04 01:35:00,93.0,103.88314928109142,True
575,Ridge,2022-01-04 01:40:00,93.0,102.94177206685949,True
575,Ridge,2022-01-04 01:45:00,92.0,101.83362038476753,True
575,Ridge,2022-01-04 01:50:00,92.0,103.32032545905577,True
575,Ridge,2022-01-04 01:55:00,91.0,98.52372904648215,True
575,Ridge,2022-01-04 02:00:00,90.0,99.11773805781192,True
575,Ridge,2022-01-04 02:05:00,90.0,97.94798645859171,True
575,Ridge,2022-01-04 02:10:00,88.0,99.49984719912501,True
575,Ridge,2022-01-04 02:15:00,87.0,97.14334230632173,True
575,Ridge,2022-01-04 02:20:00,86.0,98.79402083228578,True
575,Ridge,2022-01-04 02:25:00,85.0,96.37806724858856,True
575,Ridge,2022-01-04 02:30:00,85.0,95.5499489165811,True
575,Ridge,2022-01-04 02:35:00,85.0,96.90906606010782,True
575,Ridge,2022-01-04 02:40:00,85.0,92.15568997827987,True
575,Ridge,2022-01-04 02:45:00,85.0,92.78350502174646,True
575,Ridge,2022-01-04 02:50:00,85.0,91.61488363520176,True
575,Ridge,2022-01-04 02:55:00,85.0,90.76147597076111,True
575,Ridge,2022-01-04 03:00:00,85.0,92.26045050707557,True
575,Ridge,2022-01-04 03:05:00,84.0,92.37254883778076,True
575,Ridge,2022-01-04 03:10:00,84.0,92.61848268052834,True
575,Ridge,2022-01-04 03:15:00,84.0,92.70503740224797,True
575,Ridge,2022-01-04 03:20:00,85.0,92.83151498000144,True
575,Ridge,2022-01-04 03:25:00,85.0,92.90019307857361,True
575,Ridge,2022-01-04 03:30:00,86.0,92.97591828762702,True
575,Ridge,2022-01-04 03:35:00,87.0,90.60499312919144,True
575,Ridge,2022-01-04 03:40:00,89.0,92.0363977334328,True
575,Ridge,2022-01-04 03:45:00,91.0,91.95892011033135,True
575,Ridge,2022-01-04 03:50:00,91.0,94.48658435047838,True
575,Ridge,2022-01-04 03:55:00,92.0,93.08692669291987,True
575,Ridge,2022-01-04 04:00:00,92.0,95.66267956067911,True
575,Ridge,2022-01-04 04:05:00,93.0,96.5501297735939,True
575,Ridge,2022-01-04 04:10:00,94.0,100.039725196574,True
575,Ridge,2022-01-04 04:15:00,94.0,102.0005975282366,True
575,Ridge,2022-01-04 04:20:00,94.0,99.28158471586443,True
575,Ridge,2022-01-04 04:25:00,94.0,101.71489069449014,True
575,Ridge,2022-01-04 04:30:00,95.0,100.02110007244384,True
575,Ridge,2022-01-04 04:35:00,94.0,102.47846748763138,True
575,Ridge,2022-01-04 04:40:00,94.0,103.28393368238162,True
575,Ridge,2022-01-04 04:45:00,94.0,101.90666122402088,True
575,Ridge,2022-01-04 04:50:00,94.0,101.84842562412047,True
575,Ridge,2022-01-04 04:55:00,95.0,101.62573473423224,True
575,Ridge,2022-01-04 05:00:00,95.0,103.98226673074022,True
575,Ridge,2022-01-04 05:05:00,95.0,100.0796738743783,True
575,Ridge,2022-01-04 05:10:00,96.0,101.59696999378336,True
575,Ridge,2022-01-04 05:15:00,97.0,101.30881064025648,True
575,Ridge,2022-01-04 05:20:00,98.0,101.3268568618961,True
575,Ridge,2022-01-04 05:25:00,98.0,103.69709964670416,True
575,Ridge,2022-01-04 05:30:00,99.0,102.26170761148236,True
575,Ridge,2022-01-04 05:35:00,99.0,102.42116790690628,True
575,Ridge,2022-01-04 05:40:00,100.0,104.68480022751021,True
575,Ridge,2022-01-04 05:45:00,100.0,105.63470530673825,True
575,Ridge,2022-01-04 05:50:00,100.0,106.728502896735,True
575,Ridge,2022-01-04 05:55:00,101.0,105.31941769049254,True
575,Ridge,2022-01-04 06:00:00,101.0,107.74474935321177,True
575,Ridge,2022-01-04 06:05:00,101.0,106.15222947787865,True
575,Ridge,2022-01-04 06:10:00,102.0,108.6552369834909,True
575,Ridge,2022-01-04 06:15:00,102.0,107.09129403009193,True
575,Ridge,2022-01-04 06:20:00,103.0,107.18974252512916,True
575,Ridge,2022-01-04 06:25:00,106.0,109.44589404650094,True
575,Ridge,2022-01-04 06:30:00,107.0,107.93046831065617,True
575,Ridge,2022-01-04 06:35:00,107.0,108.02692491383628,True
575,Ridge,2022-01-04 06:40:00,107.0,110.3055232700392,True
575,Ridge,2022-01-04 06:45:00,107.0,108.85032914654101,True
575,Ridge,2022-01-04 06:50:00,107.0,111.31573503630791,True
575,Ridge,2022-01-04 06:55:00,107.0,116.92989687921349,True
575,Ridge,2022-01-04 07:00:00,138.0,115.1633410009491,True
575,Ridge,2022-01-04 07:05:00,143.0,113.94299650247106,True
575,Ridge,2022-01-04 07:10:00,145.0,113.73521668691339,True
575,Ridge,2022-01-04 07:15:00,149.0,120.2038595999842,True
575,Ridge,2022-01-04 07:20:00,155.0,119.32262448943321,True
575,Ridge,2022-01-04 07:25:00,164.0,118.59559462222433,True
575,Ridge,2022-01-04 07:30:00,169.0,188.7730461883925,True
575,Ridge,2022-01-04 07:35:00,170.0,156.6661494476792,True
575,Ridge,2022-01-04 07:40:00,173.0,156.74451835039665,True
575,Ridge,2022-01-04 07:45:00,178.0,159.41795843216033,True
575,Ridge,2022-01-04 07:50:00,182.0,167.05226272700307,True
575,Ridge,2022-01-04 07:55:00,184.0,179.65981957568727,True
575,Ridge,2022-01-04 08:00:00,187.0,178.52444197720789,True
575,Ridge,2022-01-04 08:05:00,190.0,174.0350816306297,True
575,Ridge,2022-01-04 08:10:00,195.0,178.69413153212227,True
575,Ridge,2022-01-04 08:15:00,197.0,185.62120142081142,True
575,Ridge,2022-01-04 08:20:00,200.0,187.94081758114305,True
575,Ridge,2022-01-04 08:25:00,201.0,187.35262919229046,True
575,Ridge,2022-01-04 08:30:00,202.0,191.67384539212773,True
575,Ridge,2022-01-04 08:35:00,202.0,193.3665908469154,True
575,Ridge,2022-01-04 08:40:00,202.0,200.8077955211076,True
575,Ridge,2022-01-04 08:45:00,203.0,198.31004212324484,True
575,Ridge,2022-01-04 08:50:00,203.0,202.84242970409983,True
575,Ridge,2022-01-04 08:55:00,206.0,200.45095600116704,True
575,Ridge,2022-01-04 09:00:00,208.0,201.1597294682457,True
575,Ridge,2022-01-04 09:05:00,206.0,199.25097380063636,True
575,Ridge,2022-01-04 09:10:00,205.0,199.1364884091322,True
575,Ridge,2022-01-04 09:15:00,205.0,201.28138420730576,True
575,Ridge,2022-01-04 09:20:00,203.0,199.56592659298525,True
575,Ridge,2022-01-04 09:25:00,201.0,206.67451039392736,True
575,Ridge,2022-01-04 09:30:00,198.0,206.97210592782832,True
575,Ridge,2022-01-04 09:35:00,194.0,199.60104172785282,True
575,Ridge,2022-01-04 09:40:00,193.0,199.9267195561919,True
575,Ridge,2022-01-04 09:45:00,190.0,200.81568983739982,True
575,Ridge,2022-01-04 09:50:00,189.0,196.00405570062213,True
575,Ridge,2022-01-04 09:55:00,187.0,193.96609933294712,True
575,Ridge,2022-01-04 10:00:00,185.0,189.33653843984396,True
575,Ridge,2022-01-04 10:05:00,184.0,183.88586225703278,True
575,Ridge,2022-01-04 10:10:00,182.0,186.96787006109093,True
575,Ridge,2022-01-04 10:15:00,181.0,181.0621938048113,True
575,Ridge,2022-01-04 10:20:00,180.0,183.42626004961843,True
575,Ridge,2022-01-04 10:25:00,179.0,180.02138494680904,True
575,Ridge,2022-01-04 10:30:00,176.0,178.41200430001157,True
575,Ridge,2022-01-04 10:35:00,176.0,178.87175706492917,True
575,Ridge,2022-01-04 10:40:00,177.0,175.7424855155839,True
575,Ridge,2022-01-04 10:45:00,177.0,176.55466568126042,True
575,Ridge,2022-01-04 10:50:00,177.0,175.6408927819355,True
575,Ridge,2022-01-04 10:55:00,177.0,174.99087521767584,True
575,Ridge,2022-01-04 11:00:00,178.0,169.3319257262955,True
575,Ridge,2022-01-04 11:05:00,180.0,173.82838281611703,True
575,Ridge,2022-01-04 11:10:00,181.0,176.2439617356869,True
575,Ridge,2022-01-04 11:15:00,183.0,174.23202372345298,True
575,Ridge,2022-01-04 11:20:00,185.0,175.5315380102013,True
575,Ridge,2022-01-04 11:25:00,188.0,175.64401785325538,True
575,Ridge,2022-01-04 11:30:00,189.0,178.24004287621366,True
575,Ridge,2022-01-04 11:35:00,191.0,181.71033783508668,True
575,Ridge,2022-01-04 11:40:00,194.0,181.48528303028863,True
575,Ridge,2022-01-04 11:45:00,198.0,185.14275366575438,True
575,Ridge,2022-01-04 11:50:00,200.0,187.03381479710407,True
575,Ridge,2022-01-04 11:55:00,203.0,191.48533462421943,True
575,Ridge,2022-01-04 12:00:00,205.0,189.59341337198504,True
575,Ridge,2022-01-04 12:05:00,208.0,193.17357315415174,True
575,Ridge,2022-01-04 12:10:00,210.0,197.27743966422543,True
575,Ridge,2022-01-04 12:15:00,211.0,202.56513585789804,True
575,Ridge,2022-01-04 12:20:00,211.0,201.64799919663324,True
575,Ridge,2022-01-04 12:25:00,212.0,206.03651253509796,True
575,Ridge,2022-01-04 12:30:00,211.0,206.27161431100353,True
575,Ridge,2022-01-04 12:35:00,212.0,210.5725704299179,True
575,Ridge,2022-01-04 12:40:00,214.0,210.7833430786966,True
575,Ridge,2022-01-04 12:45:00,214.0,210.3055287271185,True
575,Ridge,2022-01-04 12:50:00,215.0,208.60811214601577,True
575,Ridge,2022-01-04 12:55:00,217.0,210.6645136372839,True
575,Ridge,2022-01-04 13:00:00,223.0,206.45842674453098,True
575,Ridge,2022-01-04 13:05:00,223.0,210.22334968252846,True
575,Ridge,2022-01-04 13:10:00,223.0,213.20374470745236,True
575,Ridge,2022-01-04 13:15:00,227.0,210.38417980009302,True
575,Ridge,2022-01-04 13:20:00,232.0,212.72684894280854,True
575,Ridge,2022-01-04 13:25:00,237.0,215.80221007230062,True
575,Ridge,2022-01-04 13:30:00,242.0,227.38253087859025,True
575,Ridge,2022-01-04 13:35:00,246.0,218.83141129813,True
575,Ridge,2022-01-04 13:40:00,252.0,219.2579925043374,True
575,Ridge,2022-01-04 13:45:00,263.0,228.1980210716083,True
575,Ridge,2022-01-04 13:50:00,267.0,234.35586878036213,True
575,Ridge,2022-01-04 13:55:00,268.0,239.4879023296313,True
575,Ridge,2022-01-04 14:00:00,267.0,244.36675551256138,True
575,Ridge,2022-01-04 14:05:00,272.0,246.89739453801712,True
575,Ridge,2022-01-04 14:10:00,276.0,255.41722122349555,True
575,Ridge,2022-01-04 14:15:00,282.0,272.8719071804236,True
575,Ridge,2022-01-04 14:20:00,287.0,266.85900273089055,True
575,Ridge,2022-01-04 14:25:00,290.0,264.02692518996787,True
575,Ridge,2022-01-04 14:30:00,296.0,259.1887564737086,True
575,Ridge,2022-01-04 14:35:00,301.0,271.814225025234,True
575,Ridge,2022-01-04 14:40:00,308.0,273.5864151423821,True
575,Ridge,2022-01-04 14:45:00,315.0,282.53532358443107,True
575,Ridge,2022-01-04 14:50:00,317.0,285.5530463580284,True
575,Ridge,2022-01-04 14:55:00,324.0,294.01766448812964,True
575,Ridge,2022-01-04 15:00:00,331.0,304.5951099914206,True
575,Ridge,2022-01-04 15:05:00,334.0,306.4105747774746,True
575,Ridge,2022-01-04 15:10:00,337.0,313.1156794853245,True
575,Ridge,2022-01-04 15:15:00,339.0,316.7297565211968,True
575,Ridge,2022-01-04 15:20:00,338.0,309.2553800160673,True
575,Ridge,2022-01-04 15:25:00,338.0,320.3710768020509,True
575,Ridge,2022-01-04 15:30:00,339.0,324.846924371741,True
575,Ridge,2022-01-04 15:35:00,342.0,321.8330906597781,True
575,Ridge,2022-01-04 15:40:00,340.0,324.60010366074494,True
575,Ridge,2022-01-04 15:45:00,340.0,324.21332484468456,True
575,Ridge,2022-01-04 15:50:00,338.0,318.4035403339222,True
575,Ridge,2022-01-04 15:55:00,333.0,319.9922169122797,True
575,Ridge,2022-01-04 16:00:00,332.0,321.9226983047228,True
575,Ridge,2022-01-04 16:05:00,331.0,327.6230060684985,True
575,Ridge,2022-01-04 16:10:00,329.0,318.4089268972973,True
575,Ridge,2022-01-04 16:15:00,325.0,321.32038329148247,True
575,Ridge,2022-01-04 16:20:00,319.0,315.86021055495917,True
575,Ridge,2022-01-04 16:25:00,318.0,306.8458161121455,True
575,Ridge,2022-01-04 16:30:00,315.0,311.18866252314206,True
575,Ridge,2022-01-04 16:35:00,308.0,309.80145714494995,True
575,Ridge,2022-01-04 16:40:00,305.0,306.89802774451476,True
575,Ridge,2022-01-04 16:45:00,302.0,300.10466834585725,True
575,Ridge,2022-01-04 16:50:00,300.0,291.3548110705287,True
575,Ridge,2022-01-04 16:55:00,296.0,297.4740508181518,True
575,Ridge,2022-01-04 17:00:00,293.0,291.5586576905604,True
575,Ridge,2022-01-04 17:05:00,290.0,279.7045616416013,True
575,Ridge,2022-01-04 17:10:00,286.0,282.4855395862485,True
575,Ridge,2022-01-04 17:15:00,282.0,279.40121170611377,True
575,Ridge,2022-01-04 17:20:00,279.0,279.4326528057082,True
575,Ridge,2022-01-04 17:25:00,277.0,272.93987650851705,True
575,Ridge,2022-01-04 17:30:00,271.0,272.1643823692528,True
575,Ridge,2022-01-04 17:35:00,267.0,269.3612368728055,True
575,Ridge,2022-01-04 17:40:00,263.0,264.3053222546083,True
575,Ridge,2022-01-04 17:45:00,261.0,260.6497297508512,True
575,Ridge,2022-01-04 17:50:00,259.0,259.43058034697526,True
575,Ridge,2022-01-04 17:55:00,259.0,259.30710176254513,True
575,Ridge,2022-01-04 18:00:00,259.0,247.96492640902795,True
575,Ridge,2022-01-04 18:05:00,260.0,247.29674731708013,True
575,Ridge,2022-01-04 18:10:00,260.0,243.33387247353022,True
575,Ridge,2022-01-04 18:15:00,259.0,244.7244269929506,True
575,Ridge,2022-01-04 18:20:00,260.0,243.04968997460088,True
575,Ridge,2022-01-04 18:25:00,260.0,246.56548025494527,True
575,Ridge,2022-01-04 18:30:00,258.0,247.0665469850115,True
575,Ridge,2022-01-04 18:35:00,258.0,250.09564787249002,True
575,Ridge,2022-01-04 18:40:00,259.0,249.05173444892387,True
575,Ridge,2022-01-04 18:45:00,262.0,247.15115491712072,True
575,Ridge,2022-01-04 18:50:00,262.0,251.20292670386726,True
575,Ridge,2022-01-04 18:55:00,262.0,248.078591793356,True
575,Ridge,2022-01-04 19:00:00,262.0,245.10160729668627,True
575,Ridge,2022-01-04 19:05:00,262.0,248.00874822188285,True
575,Ridge,2022-01-04 19:10:00,262.0,249.67040040156937,True
575,Ridge,2022-01-04 19:15:00,262.0,256.42296872563816,True
575,Ridge,2022-01-04 19:20:00,262.0,252.29599556774616,True
575,Ridge,2022-01-04 20:05:00,262.0,206.16705602163526,False
575,Ridge,2022-01-04 20:10:00,265.0,205.24434103871363,False
575,Ridge,2022-01-04 20:15:00,270.0,203.30419853143027,False
575,Ridge,2022-01-04 20:20:00,271.0,174.65597419492104,False
575,Ridge,2022-01-04 20:25:00,272.0,168.00797162327933,False
575,Ridge,2022-01-04 20:30:00,273.0,168.7348674955507,False
575,Ridge,2022-01-04 20:35:00,267.0,254.609790876391,True
575,Ridge,2022-01-04 20:40:00,258.0,257.0566885975296,True
575,Ridge,2022-01-04 20:45:00,253.0,267.168047645633,True
575,Ridge,2022-01-04 20:50:00,248.0,261.6081349742567,True
575,Ridge,2022-01-04 20:55:00,239.0,261.2585884135349,True
575,Ridge,2022-01-04 21:00:00,225.0,257.8809828120732,True
575,Ridge,2022-01-04 21:05:00,211.0,245.0256464080863,True
575,Ridge,2022-01-04 21:10:00,197.0,232.1401725036008,True
575,Ridge,2022-01-04 21:15:00,182.0,230.0060478893201,True
575,Ridge,2022-01-04 21:20:00,171.0,225.08553609297567,True
575,Ridge,2022-01-04 21:25:00,161.0,210.27675902287004,True
575,Ridge,2022-01-04 21:30:00,154.0,189.03873663756613,True
575,Ridge,2022-01-04 21:35:00,146.0,176.9290697202908,True
575,Ridge,2022-01-04 21:40:00,140.0,162.72322523608,True
575,Ridge,2022-01-04 21:45:00,137.0,146.62166336196185,True
575,Ridge,2022-01-04 21:50:00,131.0,141.9509706876045,True
575,Ridge,2022-01-04 21:55:00,125.0,134.25167704072155,True
575,Ridge,2022-01-04 22:00:00,122.0,132.9368306145427,True
575,Ridge,2022-01-04 22:05:00,115.0,124.65021776698845,True
575,Ridge,2022-01-04 22:10:00,106.0,123.28485653344913,True
575,Ridge,2022-01-04 22:15:00,98.0,125.97816544033655,True
575,Ridge,2022-01-04 22:20:00,92.0,117.23246381576232,True
575,Ridge,2022-01-04 22:25:00,88.0,112.74025325007648,True
575,Ridge,2022-01-04 22:30:00,86.0,114.79714421786753,True
575,Ridge,2022-01-04 22:35:00,84.0,103.1533890216053,True
575,Ridge,2022-01-04 22:40:00,81.0,92.48056928671413,True
575,Ridge,2022-01-04 22:45:00,77.0,86.29869052967736,True
575,Ridge,2022-01-04 22:50:00,75.0,83.75077828631811,True
575,Ridge,2022-01-04 22:55:00,74.0,83.28974052752201,True
575,Ridge,2022-01-04 23:00:00,72.0,85.044493510675,True
575,Ridge,2022-01-04 23:05:00,69.0,84.11548325247797,True
575,Ridge,2022-01-04 23:10:00,63.0,80.79849567782175,True
575,Ridge,2022-01-04 23:15:00,57.0,76.1096799797164,True
575,Ridge,2022-01-04 23:20:00,52.0,77.44451241617631,True
575,Ridge,2022-01-04 23:25:00,50.0,78.37701832989984,True
575,Ridge,2022-01-04 23:30:00,51.0,75.71232497899351,True
575,Ridge,2022-01-04 23:35:00,55.0,71.79850430473702,True
575,Ridge,2022-01-04 23:40:00,59.0,60.81764504524088,True
575,Ridge,2022-01-04 23:45:00,62.0,56.09032407704099,True
575,Ridge,2022-01-04 23:50:00,68.0,52.45421301616207,True
575,Ridge,2022-01-04 23:55:00,73.0,55.01998400854532,True
575,Ridge,2022-01-05 00:00:00,77.0,60.72055798659301,True
575,Ridge,2022-01-05 00:05:00,76.0,69.66205235060035,True
575,Ridge,2022-01-05 00:10:00,76.0,74.34116635378975,True
575,Ridge,2022-01-05 00:15:00,77.0,75.89020286239133,True
575,Ridge,2022-01-05 00:20:00,76.0,85.49480953823623,True
575,Ridge,2022-01-05 00:25:00,77.0,90.73463202957865,True
575,Ridge,2022-01-05 00:30:00,78.0,93.792414796186,True
575,Ridge,2022-01-05 00:35:00,77.0,85.7397157125206,True
575,Ridge,2022-01-05 00:40:00,75.0,87.12141235404216,True
575,Ridge,2022-01-05 00:45:00,75.0,88.89028215388302,True
575,Ridge,2022-01-05 00:50:00,76.0,84.96652169437455,True
575,Ridge,2022-01-05 00:55:00,77.0,88.76163915359845,True
575,Ridge,2022-01-05 01:00:00,80.0,89.35218409995773,True
575,Ridge,2022-01-05 01:05:00,82.0,85.5273150771642,True
575,Ridge,2022-01-05 01:10:00,85.0,81.83598663977624,True
575,Ridge,2022-01-05 01:15:00,88.0,84.33955811115251,True
575,Ridge,2022-01-05 01:20:00,91.0,86.5808515284642,True
575,Ridge,2022-01-05 01:25:00,93.0,87.6115037595838,True
575,Ridge,2022-01-05 01:30:00,94.0,93.40162632205364,True
575,Ridge,2022-01-05 01:35:00,95.0,93.86681102630449,True
575,Ridge,2022-01-05 01:40:00,97.0,98.49141920189263,True
575,Ridge,2022-01-05 01:45:00,99.0,101.30269962368118,True
575,Ridge,2022-01-05 01:50:00,100.0,104.36760670663598,True
575,Ridge,2022-01-05 01:55:00,99.0,104.94926770882502,True
575,Ridge,2022-01-05 02:00:00,98.0,104.41267064618198,True
575,Ridge,2022-01-05 02:05:00,96.0,105.14387079009734,True
575,Ridge,2022-01-05 02:10:00,95.0,108.26007890809082,True
575,Ridge,2022-01-05 02:15:00,94.0,110.06565468080021,True
575,Ridge,2022-01-05 02:20:00,93.0,109.54208253771098,True
575,Ridge,2022-01-05 02:25:00,92.0,105.55453861121106,True
575,Ridge,2022-01-05 02:30:00,91.0,104.3197895210172,True
575,Ridge,2022-01-05 02:35:00,91.0,100.4693598051906,True
575,Ridge,2022-01-05 02:40:00,90.0,100.69164077906144,True
575,Ridge,2022-01-05 02:45:00,89.0,99.40135433623918,True
575,Ridge,2022-01-05 02:50:00,88.0,98.39766468173497,True
575,Ridge,2022-01-05 02:55:00,88.0,97.30065424493964,True
575,Ridge,2022-01-05 03:00:00,88.0,96.2688681347068,True
575,Ridge,2022-01-05 03:05:00,87.0,97.74014647996032,True
575,Ridge,2022-01-05 03:10:00,87.0,95.40441194408726,True
575,Ridge,2022-01-05 03:15:00,87.0,94.61001634504888,True
575,Ridge,2022-01-05 03:20:00,87.0,93.56273494085683,True
575,Ridge,2022-01-05 03:25:00,87.0,95.03213297798614,True
575,Ridge,2022-01-05 03:30:00,87.0,95.0920745779172,True
575,Ridge,2022-01-05 03:35:00,87.0,92.87924111113061,True
575,Ridge,2022-01-05 03:40:00,86.0,94.45398978632585,True
575,Ridge,2022-01-05 03:45:00,86.0,94.42460948993626,True
575,Ridge,2022-01-05 03:50:00,85.0,94.58756328336675,True
575,Ridge,2022-01-05 03:55:00,84.0,94.6533984166899,True
575,Ridge,2022-01-05 04:00:00,82.0,94.76782441050645,True
575,Ridge,2022-01-05 04:05:00,81.0,94.83187372574538,True
575,Ridge,2022-01-05 04:10:00,81.0,92.3975718060847,True
575,Ridge,2022-01-05 04:15:00,80.0,93.85761837960496,True
575,Ridge,2022-01-05 04:20:00,79.0,91.35896911657755,True
575,Ridge,2022-01-05 04:25:00,78.0,90.49851984859808,True
575,Ridge,2022-01-05 04:30:00,77.0,86.95541191317014,True
575,Ridge,2022-01-05 04:35:00,76.0,87.39238294513262,True
575,Ridge,2022-01-05 04:40:00,75.0,88.7311307969333,True
575,Ridge,2022-01-05 04:45:00,75.0,86.44610046470432,True
575,Ridge,2022-01-05 04:50:00,74.0,85.65262307729074,True
575,Ridge,2022-01-05 04:55:00,74.0,84.65727099121406,True
575,Ridge,2022-01-05 05:00:00,74.0,83.74235576636221,True
575,Ridge,2022-01-05 05:05:00,73.0,82.79160663555403,True
575,Ridge,2022-01-05 05:10:00,73.0,81.8900689941132,True
575,Ridge,2022-01-05 05:15:00,73.0,83.44899048454369,True
575,Ridge,2022-01-05 05:20:00,73.0,81.09700092061507,True
575,Ridge,2022-01-05 05:25:00,73.0,82.72337542700281,True
575,Ridge,2022-01-05 05:30:00,73.0,82.72135487653595,True
575,Ridge,2022-01-05 05:35:00,73.0,80.5622874176868,True
575,Ridge,2022-01-05 05:40:00,72.0,82.08435402997485,True
575,Ridge,2022-01-05 05:45:00,72.0,82.0383191489691,True
575,Ridge,2022-01-05 05:50:00,71.0,82.22847938028126,True
575,Ridge,2022-01-05 05:55:00,71.0,82.28325150860506,True
575,Ridge,2022-01-05 06:00:00,71.0,82.37265798215905,True
575,Ridge,2022-01-05 06:05:00,71.0,82.43230815380176,True
575,Ridge,2022-01-05 06:10:00,71.0,80.0394261041599,True
575,Ridge,2022-01-05 06:15:00,72.0,81.50985230565482,True
575,Ridge,2022-01-05 06:20:00,73.0,78.99024798452716,True
575,Ridge,2022-01-05 06:25:00,74.0,80.55755678990306,True
575,Ridge,2022-01-05 06:30:00,74.0,80.44322954298987,True
575,Ridge,2022-01-05 06:35:00,75.0,80.58807085890508,True
575,Ridge,2022-01-05 06:40:00,77.0,80.6506106161464,True
575,Ridge,2022-01-05 06:45:00,78.0,83.09685475379855,True
575,Ridge,2022-01-05 06:50:00,80.0,84.11314707705537,True
575,Ridge,2022-01-05 06:55:00,83.0,85.23197449224276,True
575,Ridge,2022-01-05 07:00:00,86.0,83.85591920191875,True
575,Ridge,2022-01-05 07:05:00,89.0,86.29984880109583,True
575,Ridge,2022-01-05 07:10:00,79.0,89.56297615658349,True
575,Ridge,2022-01-05 07:15:00,81.0,89.2115213713771,True
575,Ridge,2022-01-05 07:20:00,84.0,92.68912325073413,True
575,Ridge,2022-01-05 07:25:00,89.0,96.94073775697376,True
575,Ridge,2022-01-05 07:30:00,98.0,99.93516813356521,True
575,Ridge,2022-01-05 07:35:00,114.0,102.90849881093636,True
575,Ridge,2022-01-05 07:40:00,130.0,74.51017938449726,True
575,Ridge,2022-01-05 07:45:00,142.0,91.45967415377895,True
575,Ridge,2022-01-05 07:50:00,152.0,96.27620033711167,True
575,Ridge,2022-01-05 07:55:00,163.0,105.07290651528258,True
575,Ridge,2022-01-05 08:00:00,174.0,126.11702154766772,True
575,Ridge,2022-01-05 08:05:00,184.0,151.1761793018893,True
575,Ridge,2022-01-05 08:10:00,194.0,166.57877099787586,True
575,Ridge,2022-01-05 08:15:00,201.0,171.28518323252518,True
575,Ridge,2022-01-05 08:20:00,205.0,176.7409663437399,True
575,Ridge,2022-01-05 08:25:00,208.0,187.38230829256386,True
575,Ridge,2022-01-05 08:30:00,208.0,196.0623156069613,True
575,Ridge,2022-01-05 08:35:00,209.0,202.91441986654365,True
575,Ridge,2022-01-05 08:40:00,208.0,211.6113825969818,True
575,Ridge,2022-01-05 08:45:00,205.0,213.71448959993614,True
575,Ridge,2022-01-05 08:50:00,201.0,212.35822785949063,True
575,Ridge,2022-01-05 08:55:00,196.0,212.62328943078137,True
575,Ridge,2022-01-05 09:00:00,193.0,207.78542152545594,True
575,Ridge,2022-01-05 09:05:00,191.0,209.4710360122267,True
575,Ridge,2022-01-05 09:10:00,187.0,204.45221480240681,True
575,Ridge,2022-01-05 09:15:00,183.0,197.93795428055117,True
575,Ridge,2022-01-05 09:20:00,179.0,191.62499050416434,True
575,Ridge,2022-01-05 09:25:00,175.0,184.4689579411877,True
575,Ridge,2022-01-05 09:30:00,171.0,183.79564833789084,True
575,Ridge,2022-01-05 09:35:00,164.0,182.83673923252465,True
575,Ridge,2022-01-05 09:40:00,159.0,176.1760777106342,True
575,Ridge,2022-01-05 09:45:00,153.0,172.35204708936712,True
575,Ridge,2022-01-05 09:50:00,147.0,168.29589076891568,True
575,Ridge,2022-01-05 09:55:00,142.0,164.50606196768675,True
575,Ridge,2022-01-05 10:00:00,137.0,160.75636562061229,True
575,Ridge,2022-01-05 10:05:00,133.0,149.90614953031783,True
575,Ridge,2022-01-05 10:10:00,128.0,148.1238829761024,True
575,Ridge,2022-01-05 10:15:00,124.0,140.67795989615678,True
575,Ridge,2022-01-05 10:20:00,119.0,135.2617890859556,True
575,Ridge,2022-01-05 10:25:00,116.0,132.0402738582714,True
575,Ridge,2022-01-05 10:30:00,112.0,127.64325925919127,True
575,Ridge,2022-01-05 10:35:00,109.0,125.71336374945193,True
575,Ridge,2022-01-05 10:40:00,106.0,119.79784118467248,True
575,Ridge,2022-01-05 10:45:00,102.0,117.97253889874335,True
575,Ridge,2022-01-05 10:50:00,98.0,112.05667244878637,True
575,Ridge,2022-01-05 10:55:00,95.0,112.59757563574854,True
575,Ridge,2022-01-05 11:00:00,93.0,107.60156709550034,True
575,Ridge,2022-01-05 11:05:00,90.0,106.79361561394424,True
575,Ridge,2022-01-05 11:10:00,88.0,104.28051457223788,True
575,Ridge,2022-01-05 11:15:00,85.0,99.48494064456739,True
575,Ridge,2022-01-05 11:20:00,83.0,95.99550267850942,True
575,Ridge,2022-01-05 11:25:00,80.0,94.79175645041855,True
575,Ridge,2022-01-05 11:30:00,78.0,94.66283015926038,True
575,Ridge,2022-01-05 11:35:00,76.0,90.77367310000842,True
575,Ridge,2022-01-05 11:40:00,74.0,90.74508268810595,True
575,Ridge,2022-01-05 11:45:00,72.0,86.66302304257472,True
575,Ridge,2022-01-05 11:50:00,70.0,86.57440244321576,True
575,Ridge,2022-01-05 11:55:00,68.0,82.41329095104538,True
575,Ridge,2022-01-05 12:00:00,66.0,81.2468379474271,True
575,Ridge,2022-01-05 12:05:00,63.0,80.44429268399466,True
575,Ridge,2022-01-05 12:10:00,62.0,78.85932618397729,True
575,Ridge,2022-01-05 12:15:00,61.0,77.1753541822413,True
575,Ridge,2022-01-05 12:20:00,59.0,75.52433309267775,True
575,Ridge,2022-01-05 12:25:00,58.0,73.8651559540205,True
575,Ridge,2022-01-05 12:30:00,58.0,72.1554489493108,True
575,Ridge,2022-01-05 12:35:00,59.0,67.99506406752593,True
575,Ridge,2022-01-05 12:40:00,62.0,70.10526625419836,True
575,Ridge,2022-01-05 12:45:00,71.0,69.20237531976493,True
575,Ridge,2022-01-05 12:50:00,79.0,66.25056179186454,True
575,Ridge,2022-01-05 12:55:00,92.0,66.92002832590889,True
575,Ridge,2022-01-05 13:00:00,104.0,68.50277223031833,True
575,Ridge,2022-01-05 13:05:00,118.0,71.22982417119383,True
575,Ridge,2022-01-05 13:10:00,134.0,77.3180502581269,True
575,Ridge,2022-01-05 13:15:00,146.0,94.94251838949425,True
575,Ridge,2022-01-05 13:20:00,156.0,101.6885052377137,True
575,Ridge,2022-01-05 13:25:00,172.0,122.30882250748056,True
575,Ridge,2022-01-05 13:30:00,188.0,132.61719167547827,True
575,Ridge,2022-01-05 13:35:00,204.0,149.82991798280332,True
575,Ridge,2022-01-05 13:40:00,217.0,168.21815305342915,True
575,Ridge,2022-01-05 13:45:00,228.0,174.28655210270983,True
575,Ridge,2022-01-05 13:50:00,238.0,181.1994469906976,True
575,Ridge,2022-01-05 13:55:00,245.0,204.49487238225885,True
575,Ridge,2022-01-05 14:00:00,251.0,219.2156833379547,True
575,Ridge,2022-01-05 14:05:00,254.0,245.6603341878594,True
575,Ridge,2022-01-05 14:10:00,254.0,251.89477090408943,True
575,Ridge,2022-01-05 14:15:00,251.0,257.946528277866,True
575,Ridge,2022-01-05 14:20:00,247.0,261.7137193255702,True
575,Ridge,2022-01-05 14:25:00,243.0,260.1408789615686,True
575,Ridge,2022-01-05 14:30:00,234.0,261.36709612126094,True
575,Ridge,2022-01-05 14:35:00,225.0,256.11782893602447,True
575,Ridge,2022-01-05 14:40:00,217.0,249.09153198731067,True
575,Ridge,2022-01-05 14:45:00,208.0,239.72236437653402,True
575,Ridge,2022-01-05 14:50:00,199.0,233.19255520593953,True
575,Ridge,2022-01-05 14:55:00,190.0,227.82741926028265,True
575,Ridge,2022-01-05 15:00:00,180.0,210.54968916966297,True
575,Ridge,2022-01-05 15:05:00,170.0,201.6435492117522,True
575,Ridge,2022-01-05 15:10:00,162.0,194.18180811721754,True
575,Ridge,2022-01-05 15:15:00,152.0,183.63424879154837,True
575,Ridge,2022-01-05 15:20:00,143.0,174.83640662694393,True
575,Ridge,2022-01-05 15:25:00,135.0,166.12029276418957,True
575,Ridge,2022-01-05 15:30:00,127.0,155.2982375625374,True
575,Ridge,2022-01-05 15:35:00,119.0,145.87672900088359,True
575,Ridge,2022-01-05 15:40:00,110.0,141.33212076648647,True
575,Ridge,2022-01-05 15:45:00,101.0,129.37406762928194,True
575,Ridge,2022-01-05 15:50:00,93.0,123.00406112689245,True
575,Ridge,2022-01-05 15:55:00,86.0,117.18444344278001,True
575,Ridge,2022-01-05 16:00:00,79.0,110.25592915476425,True
575,Ridge,2022-01-05 16:05:00,72.0,103.43205652907969,True
575,Ridge,2022-01-05 16:10:00,66.0,94.1171075515134,True
575,Ridge,2022-01-05 16:15:00,61.0,86.1939990084361,True
575,Ridge,2022-01-05 16:20:00,56.0,80.49547240157467,True
575,Ridge,2022-01-05 16:25:00,52.0,75.87012558809081,True
575,Ridge,2022-01-05 16:30:00,49.0,69.95738696302737,True
575,Ridge,2022-01-05 16:35:00,46.0,64.10745130689553,True
575,Ridge,2022-01-05 16:40:00,46.0,60.54152818924503,True
575,Ridge,2022-01-05 16:45:00,48.0,56.61833636638197,True
575,Ridge,2022-01-05 16:50:00,53.0,53.92286574569836,True
575,Ridge,2022-01-05 16:55:00,57.0,52.39859125937073,True
575,Ridge,2022-01-05 17:00:00,59.0,51.713255889085715,True
575,Ridge,2022-01-05 17:05:00,64.0,49.627483745205026,True
575,Ridge,2022-01-05 17:10:00,68.0,54.73236612967382,True
575,Ridge,2022-01-05 17:15:00,72.0,60.300374674961034,True
575,Ridge,2022-01-05 17:20:00,75.0,70.52433907818356,True
575,Ridge,2022-01-05 17:25:00,78.0,73.78466957388937,True
575,Ridge,2022-01-05 17:30:00,81.0,73.72529382913085,True
575,Ridge,2022-01-05 17:35:00,86.0,83.22729189499759,True
575,Ridge,2022-01-05 17:40:00,91.0,85.77700221490286,True
575,Ridge,2022-01-05 17:45:00,96.0,90.1865475263466,True
575,Ridge,2022-01-05 17:50:00,101.0,91.64090032333529,True
575,Ridge,2022-01-05 17:55:00,105.0,94.58912813030291,True
575,Ridge,2022-01-05 18:00:00,107.0,97.2617443078006,True
575,Ridge,2022-01-05 18:05:00,109.0,102.98210362864302,True
575,Ridge,2022-01-05 18:10:00,112.0,109.27677499518575,True
575,Ridge,2022-01-05 18:15:00,114.0,114.20111798308317,True
575,Ridge,2022-01-05 18:20:00,114.0,118.90265397241468,True
575,Ridge,2022-01-05 18:25:00,115.0,121.10234289076732,True
575,Ridge,2022-01-05 18:30:00,116.0,119.95908572784055,True
575,Ridge,2022-01-05 18:35:00,117.0,121.61484430047926,True
575,Ridge,2022-01-05 18:40:00,117.0,125.43837236754402,True
575,Ridge,2022-01-05 18:45:00,117.0,125.58312182919454,True
575,Ridge,2022-01-05 18:50:00,117.0,122.42333410989156,True
575,Ridge,2022-01-05 18:55:00,118.0,124.3805739577214,True
575,Ridge,2022-01-05 19:00:00,118.0,124.82441943507195,True
575,Ridge,2022-01-05 19:05:00,118.0,125.59050489663525,True
575,Ridge,2022-01-05 19:10:00,118.0,123.86583620942284,True
575,Ridge,2022-01-05 19:15:00,128.0,123.67071877278848,True
575,Ridge,2022-01-05 19:20:00,136.0,123.35648533616148,True
575,Ridge,2022-01-05 19:25:00,145.0,123.27791009486357,True
575,Ridge,2022-01-05 19:30:00,154.0,123.89331941528098,True
575,Ridge,2022-01-05 19:35:00,161.0,123.93721854823218,True
575,Ridge,2022-01-05 19:40:00,168.0,123.7621973716981,True
575,Ridge,2022-01-05 19:45:00,175.0,147.59139267465878,True
575,Ridge,2022-01-05 19:50:00,181.0,152.359218971394,True
575,Ridge,2022-01-05 19:55:00,188.0,171.93687006738773,True
575,Ridge,2022-01-05 20:00:00,195.0,179.54416918911292,True
575,Ridge,2022-01-05 20:05:00,200.0,182.86483681604062,True
575,Ridge,2022-01-05 20:10:00,204.0,187.18037836849226,True
575,Ridge,2022-01-05 20:15:00,206.0,191.44799514412125,True
575,Ridge,2022-01-05 20:20:00,206.0,194.16843422366577,True
575,Ridge,2022-01-05 20:25:00,207.0,200.1212668903265,True
575,Ridge,2022-01-05 20:30:00,205.0,205.1472176722774,True
575,Ridge,2022-01-05 20:35:00,203.0,206.30450088399607,True
575,Ridge,2022-01-05 20:40:00,201.0,208.4860368506975,True
575,Ridge,2022-01-05 20:45:00,199.0,206.87565507999724,True
575,Ridge,2022-01-05 20:50:00,195.0,203.2251129702881,True
575,Ridge,2022-01-05 20:55:00,193.0,205.44253895027055,True
575,Ridge,2022-01-05 21:00:00,196.0,198.53470485179412,True
575,Ridge,2022-01-05 21:05:00,199.0,196.2348767371713,True
575,Ridge,2022-01-05 21:10:00,201.0,193.4949145109146,True
575,Ridge,2022-01-05 21:15:00,202.0,191.1605884976674,True
575,Ridge,2022-01-05 21:20:00,200.0,184.06776823313982,True
575,Ridge,2022-01-05 21:25:00,196.0,184.8442244597109,True
575,Ridge,2022-01-05 21:30:00,193.0,194.716434708082,True
575,Ridge,2022-01-05 21:35:00,191.0,197.90251299772655,True
575,Ridge,2022-01-05 21:40:00,188.0,199.12930158137038,True
575,Ridge,2022-01-05 21:45:00,188.0,198.92746108205046,True
575,Ridge,2022-01-05 21:50:00,191.0,192.85316649095125,True
575,Ridge,2022-01-05 21:55:00,192.0,186.10672966222893,True
575,Ridge,2022-01-05 22:00:00,193.0,184.2054684059489,True
575,Ridge,2022-01-05 22:05:00,192.0,183.4444441519783,True
575,Ridge,2022-01-05 22:10:00,188.0,179.09321396350234,True
575,Ridge,2022-01-05 22:15:00,184.0,183.44460366278676,True
575,Ridge,2022-01-05 22:20:00,177.0,189.99872259718347,True
575,Ridge,2022-01-05 22:25:00,168.0,189.37961192484462,True
575,Ridge,2022-01-05 22:30:00,161.0,190.9833816370715,True
575,Ridge,2022-01-05 22:35:00,158.0,187.1739428926885,True
575,Ridge,2022-01-05 22:40:00,158.0,179.14230802563594,True
575,Ridge,2022-01-05 22:45:00,163.0,174.93403418221365,True
575,Ridge,2022-01-05 22:50:00,172.0,163.2527022113503,True
575,Ridge,2022-01-05 22:55:00,178.0,151.38549944978587,True
575,Ridge,2022-01-05 23:00:00,185.0,146.87853611009078,True
575,Ridge,2022-01-05 23:05:00,190.0,149.35660329722913,True
575,Ridge,2022-01-05 23:10:00,194.0,153.96726080727066,True
575,Ridge,2022-01-05 23:15:00,198.0,166.9218710695599,True
575,Ridge,2022-01-05 23:20:00,204.0,182.38311107444395,True
575,Ridge,2022-01-05 23:25:00,209.0,184.98047695685048,True
575,Ridge,2022-01-05 23:30:00,213.0,194.18890752024254,True
575,Ridge,2022-01-05 23:35:00,216.0,196.3415028669127,True
575,Ridge,2022-01-05 23:40:00,219.0,199.30381421102794,True
575,Ridge,2022-01-05 23:45:00,220.0,203.13840936025446,True
575,Ridge,2022-01-05 23:50:00,220.0,211.63381436812244,True
575,Ridge,2022-01-05 23:55:00,219.0,213.5695936104473,True
575,Ridge,2022-01-06 00:00:00,218.0,217.18335639534564,True
575,Ridge,2022-01-06 00:05:00,216.0,218.33675842398367,True
575,Ridge,2022-01-06 00:10:00,214.0,220.93356613252445,True
575,Ridge,2022-01-06 00:15:00,211.0,218.6948694558186,True
575,Ridge,2022-01-06 00:20:00,210.0,216.90402681946708,True
575,Ridge,2022-01-06 00:25:00,209.0,213.8596967247286,True
575,Ridge,2022-01-06 00:30:00,208.0,212.36635733296055,True
575,Ridge,2022-01-06 00:35:00,208.0,208.33846458454872,True
575,Ridge,2022-01-06 00:40:00,206.0,205.92933128099276,True
575,Ridge,2022-01-06 00:45:00,205.0,201.14853741480718,True
575,Ridge,2022-01-06 00:50:00,204.0,202.8182134258204,True
575,Ridge,2022-01-06 00:55:00,202.0,201.51883125005602,True
575,Ridge,2022-01-06 01:00:00,199.0,200.69158861624655,True
575,Ridge,2022-01-06 01:05:00,198.0,202.1799555401529,True
575,Ridge,2022-01-06 01:10:00,197.0,197.45902064249105,True
575,Ridge,2022-01-06 01:15:00,196.0,198.07446303262384,True
575,Ridge,2022-01-06 01:20:00,195.0,196.9411686139881,True
575,Ridge,2022-01-06 01:25:00,194.0,193.7571339487739,True
575,Ridge,2022-01-06 01:30:00,192.0,189.4459896631917,True
575,Ridge,2022-01-06 01:35:00,191.0,191.27910686993664,True
575,Ridge,2022-01-06 01:40:00,189.0,190.25891214661874,True
575,Ridge,2022-01-06 01:45:00,186.0,189.5735405190836,True
575,Ridge,2022-01-06 01:50:00,184.0,188.78638535691917,True
575,Ridge,2022-01-06 01:55:00,182.0,187.99817435062715,True
575,Ridge,2022-01-06 02:00:00,181.0,184.72769667651255,True
575,Ridge,2022-01-06 02:05:00,180.0,185.26787921020866,True
575,Ridge,2022-01-06 02:10:00,179.0,181.85848181883748,True
575,Ridge,2022-01-06 02:15:00,179.0,177.71535859727373,True
575,Ridge,2022-01-06 02:20:00,178.0,177.1264001462414,True
575,Ridge,2022-01-06 02:25:00,178.0,175.09899641239997,True
575,Ridge,2022-01-06 02:30:00,178.0,175.75447961827092,True
575,Ridge,2022-01-06 02:35:00,179.0,174.948404150009,True
575,Ridge,2022-01-06 02:40:00,180.0,174.28200856731573,True
575,Ridge,2022-01-06 02:45:00,181.0,175.9116079240297,True
575,Ridge,2022-01-06 02:50:00,183.0,173.67835968711037,True
575,Ridge,2022-01-06 02:55:00,184.0,175.4016889256588,True
575,Ridge,2022-01-06 03:00:00,184.0,175.46688685148735,True
575,Ridge,2022-01-06 03:05:00,184.0,178.1657651563191,True
575,Ridge,2022-01-06 03:10:00,184.0,179.22373573798717,True
575,Ridge,2022-01-06 03:15:00,183.0,180.40891451162432,True
575,Ridge,2022-01-06 03:20:00,182.0,183.91238496131382,True
575,Ridge,2022-01-06 03:25:00,182.0,183.52844494414188,True
575,Ridge,2022-01-06 03:30:00,182.0,182.28499836110967,True
575,Ridge,2022-01-06 03:35:00,182.0,182.2031453908698,True
575,Ridge,2022-01-06 03:40:00,181.0,182.0984518255006,True
575,Ridge,2022-01-06 03:45:00,181.0,179.63865409896005,True
575,Ridge,2022-01-06 03:50:00,181.0,178.53359250886177,True
575,Ridge,2022-01-06 03:55:00,181.0,179.79562179659166,True
575,Ridge,2022-01-06 04:00:00,181.0,179.7182715101175,True
575,Ridge,2022-01-06 04:05:00,181.0,179.77812796238186,True
575,Ridge,2022-01-06 04:10:00,182.0,177.3640009511841,True
575,Ridge,2022-01-06 04:15:00,182.0,178.83493098782415,True
575,Ridge,2022-01-06 04:20:00,183.0,178.7264015439572,True
575,Ridge,2022-01-06 04:25:00,184.0,178.80783646965335,True
575,Ridge,2022-01-06 04:30:00,185.0,178.83708791450223,True
575,Ridge,2022-01-06 04:35:00,186.0,178.90977560901635,True
575,Ridge,2022-01-06 04:40:00,187.0,181.3224886238798,True
575,Ridge,2022-01-06 04:45:00,187.0,179.88087085890444,True
575,Ridge,2022-01-06 04:50:00,187.0,182.4494768383768,True
575,Ridge,2022-01-06 04:55:00,188.0,183.36901329232606,True
575,Ridge,2022-01-06 05:00:00,188.0,184.46811705486107,True
575,Ridge,2022-01-06 05:05:00,188.0,185.4345779115856,True
575,Ridge,2022-01-06 05:10:00,187.0,186.4059721564806,True
575,Ridge,2022-01-06 05:15:00,187.0,185.00972948301518,True
575,Ridge,2022-01-06 05:20:00,186.0,184.9797274709198,True
575,Ridge,2022-01-06 05:25:00,186.0,187.23510851159807,True
575,Ridge,2022-01-06 05:30:00,184.0,185.7509030020748,True
575,Ridge,2022-01-06 05:35:00,184.0,185.81002764834926,True
575,Ridge,2022-01-06 05:40:00,185.0,183.24163995346453,True
575,Ridge,2022-01-06 05:45:00,188.0,184.60679303577484,True
575,Ridge,2022-01-06 05:50:00,189.0,182.01113548935515,True
575,Ridge,2022-01-06 05:55:00,190.0,183.48900965896314,True
575,Ridge,2022-01-06 06:00:00,190.0,178.52101649695862,True
575,Ridge,2022-01-06 06:05:00,191.0,181.47795259965517,True
575,Ridge,2022-01-06 06:10:00,193.0,183.640648292781,True
575,Ridge,2022-01-06 06:15:00,194.0,189.64217816166038,True
575,Ridge,2022-01-06 06:20:00,195.0,187.93563913138723,True
575,Ridge,2022-01-06 06:25:00,197.0,189.24400480431004,True
575,Ridge,2022-01-06 06:30:00,199.0,187.67504840225465,True
575,Ridge,2022-01-06 06:35:00,200.0,190.1058539804727,True
575,Ridge,2022-01-06 06:40:00,202.0,193.36991408558703,True
575,Ridge,2022-01-06 06:45:00,202.0,193.0239716888031,True
575,Ridge,2022-01-06 06:50:00,203.0,194.08967964861404,True
575,Ridge,2022-01-06 06:55:00,204.0,197.29053166773994,True
575,Ridge,2022-01-06 07:00:00,204.0,199.14116535539324,True
575,Ridge,2022-01-06 07:05:00,204.0,198.78004089124906,True
575,Ridge,2022-01-06 07:10:00,204.0,202.15317844442342,True
575,Ridge,2022-01-06 07:15:00,204.0,199.15476876182606,True
575,Ridge,2022-01-06 07:20:00,204.0,201.53043522585313,True
575,Ridge,2022-01-06 07:25:00,204.0,202.15315037008583,True
575,Ridge,2022-01-06 07:30:00,204.0,200.73152823626617,True
575,Ridge,2022-01-06 07:40:00,270.0,200.44226726275895,True
575,Ridge,2022-01-06 07:45:00,272.0,200.32799781619246,True
575,Ridge,2022-01-06 07:50:00,267.0,200.2339701696268,True
575,Ridge,2022-01-06 07:55:00,265.0,207.42774632647786,True
575,Ridge,2022-01-06 08:00:00,267.0,207.82737577750578,True
575,Ridge,2022-01-06 08:05:00,268.0,187.61966864997177,False
575,Ridge,2022-01-06 08:10:00,268.0,238.6416004801375,True
575,Ridge,2022-01-06 08:15:00,267.0,242.66106378251672,True
575,Ridge,2022-01-06 08:20:00,266.0,234.8421375432119,True
575,Ridge,2022-01-06 08:25:00,274.0,241.31673223913188,True
575,Ridge,2022-01-06 08:30:00,273.0,256.913228520436,True
575,Ridge,2022-01-06 08:35:00,269.0,251.99424954284007,True
575,Ridge,2022-01-06 08:40:00,261.0,253.98743797009695,True
575,Ridge,2022-01-06 08:45:00,256.0,253.01843325830032,True
575,Ridge,2022-01-06 08:50:00,249.0,250.15492366059155,True
575,Ridge,2022-01-06 08:55:00,244.0,271.3784424948716,True
575,Ridge,2022-01-06 09:00:00,242.0,257.33382435463324,True
575,Ridge,2022-01-06 09:05:00,239.0,249.30868519022926,True
575,Ridge,2022-01-06 09:10:00,235.0,236.98443014033057,True
575,Ridge,2022-01-06 09:15:00,230.0,235.9616110583488,True
575,Ridge,2022-01-06 09:20:00,223.0,225.38252133688704,True
575,Ridge,2022-01-06 09:25:00,216.0,223.68216168280452,True
575,Ridge,2022-01-06 09:30:00,209.0,226.09698405140443,True
575,Ridge,2022-01-06 09:35:00,203.0,222.13147860835667,True
575,Ridge,2022-01-06 09:40:00,193.0,217.32111033215483,True
575,Ridge,2022-01-06 09:45:00,182.0,211.29554769800853,True
575,Ridge,2022-01-06 09:50:00,171.0,202.0534075869607,True
575,Ridge,2022-01-06 09:55:00,162.0,195.49197043401836,True
575,Ridge,2022-01-06 10:00:00,155.0,188.46697886706602,True
575,Ridge,2022-01-06 10:05:00,150.0,184.30106196410006,True
575,Ridge,2022-01-06 10:10:00,146.0,169.0835447022241,True
575,Ridge,2022-01-06 10:15:00,143.0,157.38344029518598,True
575,Ridge,2022-01-06 10:20:00,139.0,146.49657322523575,True
575,Ridge,2022-01-06 10:25:00,135.0,140.87738666299393,True
575,Ridge,2022-01-06 10:30:00,130.0,137.38853478254273,True
575,Ridge,2022-01-06 10:35:00,125.0,136.2333244864766,True
575,Ridge,2022-01-06 10:40:00,121.0,134.82555654075762,True
575,Ridge,2022-01-06 10:45:00,116.0,134.43424342423702,True
575,Ridge,2022-01-06 10:50:00,109.0,130.10353696254313,True
575,Ridge,2022-01-06 10:55:00,105.0,127.23230710301797,True
575,Ridge,2022-01-06 11:00:00,100.0,121.63671983799584,True
575,Ridge,2022-01-06 11:05:00,95.0,117.40923426064802,True
575,Ridge,2022-01-06 11:10:00,90.0,115.2940620006615,True
575,Ridge,2022-01-06 11:15:00,86.0,109.46034765988723,True
575,Ridge,2022-01-06 11:20:00,81.0,100.32306710343485,True
575,Ridge,2022-01-06 11:25:00,77.0,101.0760063190827,True
575,Ridge,2022-01-06 11:30:00,72.0,94.97953945070002,True
575,Ridge,2022-01-06 11:35:00,67.0,90.83927720648983,True
575,Ridge,2022-01-06 11:40:00,61.0,86.28794390926136,True
575,Ridge,2022-01-06 11:45:00,58.0,84.31209327789583,True
575,Ridge,2022-01-06 11:50:00,54.0,78.3811053936959,True
575,Ridge,2022-01-06 11:55:00,51.0,75.00620558471606,True
575,Ridge,2022-01-06 12:00:00,49.0,70.30902640256421,True
575,Ridge,2022-01-06 12:05:00,48.0,66.01512265143285,True
575,Ridge,2022-01-06 12:10:00,48.0,59.03920719264114,True
575,Ridge,2022-01-06 12:15:00,48.0,60.81173005269228,True
575,Ridge,2022-01-06 12:20:00,50.0,55.80590192521407,True
575,Ridge,2022-01-06 12:25:00,57.0,55.178244100639745,True
575,Ridge,2022-01-06 12:30:00,65.0,55.043086086873814,True
575,Ridge,2022-01-06 12:35:00,69.0,56.14909804938313,True
575,Ridge,2022-01-06 12:40:00,75.0,58.19190672744709,True
575,Ridge,2022-01-06 12:45:00,80.0,57.48791744791444,True
575,Ridge,2022-01-06 12:50:00,91.0,64.27445547449281,True
575,Ridge,2022-01-06 12:55:00,106.0,78.599196485578,True
575,Ridge,2022-01-06 13:00:00,117.0,88.28469210551053,True
575,Ridge,2022-01-06 13:05:00,127.0,90.74967153360149,True
575,Ridge,2022-01-06 13:10:00,134.0,99.46050148334325,True
575,Ridge,2022-01-06 13:15:00,139.0,102.3698412997314,True
575,Ridge,2022-01-06 13:20:00,146.0,120.85025852957656,True
575,Ridge,2022-01-06 13:25:00,153.0,140.02019566217987,True
575,Ridge,2022-01-06 13:30:00,153.0,144.93052907991483,True
575,Ridge,2022-01-06 13:35:00,150.0,152.77894023297628,True
575,Ridge,2022-01-06 13:40:00,145.0,154.13883011705494,True
575,Ridge,2022-01-06 13:45:00,139.0,155.53155040651134,True
575,Ridge,2022-01-06 13:50:00,132.0,164.50467336842874,True
575,Ridge,2022-01-06 13:55:00,126.0,170.52456793760615,True
575,Ridge,2022-01-06 14:00:00,121.0,159.98070824772904,True
575,Ridge,2022-01-06 14:05:00,118.0,152.15003348569252,True
575,Ridge,2022-01-06 14:10:00,116.0,142.906835806036,True
575,Ridge,2022-01-06 14:15:00,117.0,134.42753892844584,True
575,Ridge,2022-01-06 14:20:00,116.0,125.09456474327627,True
575,Ridge,2022-01-06 14:25:00,115.0,119.84660099399392,True
575,Ridge,2022-01-06 14:30:00,116.0,115.70536383193777,True
575,Ridge,2022-01-06 14:35:00,118.0,115.38370718672525,True
575,Ridge,2022-01-06 14:40:00,121.0,114.87424710118012,True
575,Ridge,2022-01-06 14:45:00,125.0,120.6895212014503,True
575,Ridge,2022-01-06 14:50:00,129.0,117.49497300077941,True
575,Ridge,2022-01-06 14:55:00,134.0,117.29929529110989,True
575,Ridge,2022-01-06 15:00:00,138.0,121.26332007020736,True
575,Ridge,2022-01-06 15:05:00,138.0,125.02277821223075,True
575,Ridge,2022-01-06 15:10:00,138.0,129.89665518403677,True
575,Ridge,2022-01-06 15:15:00,136.0,135.6085061212291,True
575,Ridge,2022-01-06 15:20:00,136.0,139.9014231561132,True
575,Ridge,2022-01-06 15:25:00,136.0,146.51943207464953,True
575,Ridge,2022-01-06 15:30:00,135.0,149.12413966164328,True
575,Ridge,2022-01-06 15:35:00,135.0,143.66179771001882,True
575,Ridge,2022-01-06 15:40:00,134.0,143.62094294851946,True
575,Ridge,2022-01-06 15:45:00,133.0,138.27575537370868,True
575,Ridge,2022-01-06 15:50:00,133.0,140.85112431118932,True
575,Ridge,2022-01-06 15:55:00,132.0,140.3182993692933,True
575,Ridge,2022-01-06 16:00:00,132.0,137.90688789398592,True
575,Ridge,2022-01-06 16:05:00,132.0,139.1530350865743,True
575,Ridge,2022-01-06 16:10:00,133.0,136.47522100325543,True
575,Ridge,2022-01-06 16:15:00,133.0,135.48962896610053,True
575,Ridge,2022-01-06 16:20:00,131.0,136.74393230037077,True
575,Ridge,2022-01-06 16:25:00,132.0,134.34483972434754,True
575,Ridge,2022-01-06 16:30:00,133.0,135.83268828871834,True
575,Ridge,2022-01-06 16:35:00,134.0,135.6630551782655,True
575,Ridge,2022-01-06 16:40:00,134.0,138.2368102475739,True
575,Ridge,2022-01-06 16:45:00,134.0,136.8445990617939,True
575,Ridge,2022-01-06 16:50:00,135.0,132.24126454783112,True
575,Ridge,2022-01-06 16:55:00,134.0,137.45642473814928,True
575,Ridge,2022-01-06 17:00:00,135.0,138.21169974868627,True
575,Ridge,2022-01-06 17:05:00,137.0,138.98047764802865,True
575,Ridge,2022-01-06 17:10:00,137.0,138.05673619172256,True
575,Ridge,2022-01-06 17:15:00,138.0,138.14912258906156,True
575,Ridge,2022-01-06 17:20:00,139.0,140.48423022019162,True
575,Ridge,2022-01-06 17:25:00,140.0,136.60066707869203,True
575,Ridge,2022-01-06 17:30:00,140.0,140.5946130282441,True
575,Ridge,2022-01-06 17:35:00,140.0,143.76104221583188,True
575,Ridge,2022-01-06 17:40:00,139.0,141.09364118971519,True
575,Ridge,2022-01-06 17:45:00,139.0,143.52009230951816,True
575,Ridge,2022-01-06 17:50:00,140.0,144.25544263535653,True
575,Ridge,2022-01-06 17:55:00,140.0,145.40613883621273,True
575,Ridge,2022-01-06 18:00:00,140.0,143.90335734460953,True
575,Ridge,2022-01-06 18:05:00,140.0,143.85408912653983,True
575,Ridge,2022-01-06 18:10:00,140.0,141.28834410681114,True
575,Ridge,2022-01-06 18:15:00,140.0,142.6195709278252,True
575,Ridge,2022-01-06 18:20:00,140.0,144.80610034922142,True
575,Ridge,2022-01-06 18:25:00,141.0,143.40031245767216,True
575,Ridge,2022-01-06 18:30:00,142.0,143.52368051731983,True
575,Ridge,2022-01-06 18:35:00,143.0,143.37217473921086,True
575,Ridge,2022-01-06 18:40:00,144.0,143.31128035403356,True
575,Ridge,2022-01-06 18:45:00,145.0,143.30178605684424,True
575,Ridge,2022-01-06 18:50:00,144.0,143.28380488512695,True
575,Ridge,2022-01-06 18:55:00,144.0,145.66830003973217,True
575,Ridge,2022-01-06 19:00:00,146.0,146.58140278783253,True
575,Ridge,2022-01-06 19:05:00,146.0,147.62818600536863,True
575,Ridge,2022-01-06 19:10:00,146.0,148.59529336289822,True
575,Ridge,2022-01-06 19:15:00,146.0,149.60927794260644,True
575,Ridge,2022-01-06 19:20:00,145.0,145.77015402342747,True
575,Ridge,2022-01-06 19:25:00,143.0,147.14901989839777,True
575,Ridge,2022-01-06 19:30:00,142.0,151.68878174105564,True
575,Ridge,2022-01-06 19:35:00,133.0,148.85802789477435,True
575,Ridge,2022-01-06 19:40:00,134.0,149.00685344883476,True
575,Ridge,2022-01-06 19:45:00,132.0,148.74733821150852,True
575,Ridge,2022-01-06 19:50:00,131.0,146.30366295728516,True
575,Ridge,2022-01-06 19:55:00,132.0,142.79655642904416,True
575,Ridge,2022-01-06 20:00:00,131.0,143.0323805914109,True
575,Ridge,2022-01-06 20:05:00,130.0,122.48210530139303,True
575,Ridge,2022-01-06 20:10:00,128.0,137.73709023883885,True
575,Ridge,2022-01-06 20:15:00,127.0,130.4400683659183,True
575,Ridge,2022-01-06 20:20:00,124.0,131.9694781996382,True
575,Ridge,2022-01-06 20:25:00,124.0,135.6450641581321,True
575,Ridge,2022-01-06 20:30:00,123.0,132.27144665473264,True
575,Ridge,2022-01-06 20:35:00,125.0,131.64987788936298,True
575,Ridge,2022-01-06 20:40:00,127.0,128.11910299500286,True
575,Ridge,2022-01-06 20:45:00,129.0,126.56449875636838,True
575,Ridge,2022-01-06 20:50:00,130.0,130.50740256365305,True
575,Ridge,2022-01-06 20:55:00,133.0,133.99945083002854,True
575,Ridge,2022-01-06 21:00:00,139.0,130.64277328177266,True
575,Ridge,2022-01-06 21:05:00,141.0,135.06903387502334,True
575,Ridge,2022-01-06 21:10:00,142.0,135.26320139831512,True
575,Ridge,2022-01-06 21:15:00,142.0,136.23610705398036,True
575,Ridge,2022-01-06 21:20:00,143.0,134.26490053041857,True
575,Ridge,2022-01-06 21:25:00,142.0,139.18692652804,True
575,Ridge,2022-01-06 21:30:00,142.0,148.87486673962948,True
575,Ridge,2022-01-06 21:35:00,144.0,145.49828768755862,True
575,Ridge,2022-01-06 21:40:00,145.0,145.33635972176972,True
575,Ridge,2022-01-06 21:45:00,147.0,143.4226223119418,True
575,Ridge,2022-01-06 21:50:00,151.0,146.1855477279892,True
575,Ridge,2022-01-06 21:55:00,153.0,142.25531672285558,True
575,Ridge,2022-01-06 22:00:00,154.0,143.7559930038877,True
575,Ridge,2022-01-06 22:05:00,160.0,148.37592009830888,True
575,Ridge,2022-01-06 22:10:00,165.0,147.89240348714287,True
575,Ridge,2022-01-06 22:15:00,171.0,151.37183630479004,True
575,Ridge,2022-01-06 22:20:00,180.0,158.01106020943757,True
575,Ridge,2022-01-06 22:25:00,187.0,155.11911779279626,True
575,Ridge,2022-01-06 22:30:00,192.0,157.15386924326293,True
575,Ridge,2022-01-06 22:35:00,196.0,169.84851986618685,True
575,Ridge,2022-01-06 22:40:00,199.0,173.16282541997634,True
575,Ridge,2022-01-06 22:45:00,201.0,180.92478174456733,True
575,Ridge,2022-01-06 22:50:00,197.0,193.80712941502682,True
575,Ridge,2022-01-06 22:55:00,188.0,197.83191817376147,True
575,Ridge,2022-01-06 23:00:00,178.0,200.12876431789752,True
575,Ridge,2022-01-06 23:05:00,167.0,202.24272744906298,True
575,Ridge,2022-01-06 23:10:00,154.0,203.36340719392715,True
575,Ridge,2022-01-06 23:15:00,143.0,203.50645129699774,True
575,Ridge,2022-01-06 23:20:00,134.0,190.4872440266635,True
575,Ridge,2022-01-06 23:25:00,123.0,173.8452023779403,True
575,Ridge,2022-01-06 23:30:00,112.0,161.20750920441708,True
575,Ridge,2022-01-06 23:35:00,106.0,147.6179438757074,True
575,Ridge,2022-01-06 23:40:00,101.0,131.0448481551684,True
575,Ridge,2022-01-06 23:45:00,99.0,122.54432103509018,True
575,Ridge,2022-01-06 23:50:00,101.0,116.22063613949756,True
575,Ridge,2022-01-06 23:55:00,103.0,102.74318182813437,True
575,Ridge,2022-01-07 00:00:00,102.0,92.41084241797009,True
575,Ridge,2022-01-07 00:05:00,105.0,94.08039039320589,True
575,Ridge,2022-01-07 00:10:00,112.0,91.38630242525548,True
575,Ridge,2022-01-07 00:15:00,119.0,95.0933709016836,True
575,Ridge,2022-01-07 00:20:00,125.0,103.87342219341278,True
575,Ridge,2022-01-07 00:25:00,130.0,107.34563755907502,True
575,Ridge,2022-01-07 00:30:00,136.0,103.58550883984064,True
575,Ridge,2022-01-07 00:35:00,142.0,113.1230947770415,True
575,Ridge,2022-01-07 00:40:00,148.0,126.07286910137992,True
575,Ridge,2022-01-07 00:45:00,154.0,133.93031455010373,True
575,Ridge,2022-01-07 00:50:00,159.0,137.99791743754986,True
575,Ridge,2022-01-07 00:55:00,164.0,142.88022267238358,True
575,Ridge,2022-01-07 01:00:00,167.0,150.335578192689,True
575,Ridge,2022-01-07 01:05:00,169.0,156.16596141543255,True
575,Ridge,2022-01-07 01:10:00,170.0,162.08241736264884,True
575,Ridge,2022-01-07 01:15:00,170.0,167.90200428907843,True
575,Ridge,2022-01-07 01:20:00,168.0,171.1447889408688,True
575,Ridge,2022-01-07 01:25:00,166.0,175.5711809222484,True
575,Ridge,2022-01-07 01:30:00,162.0,175.07107748525289,True
575,Ridge,2022-01-07 01:35:00,156.0,175.3075555929937,True
575,Ridge,2022-01-07 01:40:00,151.0,174.25925698245882,True
575,Ridge,2022-01-07 01:45:00,148.0,172.2079645643355,True
575,Ridge,2022-01-07 01:50:00,145.0,166.74355937793766,True
575,Ridge,2022-01-07 01:55:00,143.0,164.1518498197523,True
575,Ridge,2022-01-07 02:00:00,139.0,156.63185590270837,True
575,Ridge,2022-01-07 02:05:00,135.0,147.35422838194955,True
575,Ridge,2022-01-07 02:10:00,132.0,143.21998117801442,True
575,Ridge,2022-01-07 02:15:00,130.0,142.61552555329425,True
575,Ridge,2022-01-07 02:20:00,128.0,139.60545586324284,True
575,Ridge,2022-01-07 02:25:00,125.0,139.30676610804397,True
575,Ridge,2022-01-07 02:30:00,123.0,132.69003649433415,True
575,Ridge,2022-01-07 02:35:00,119.0,129.10009797798395,True
575,Ridge,2022-01-07 02:40:00,116.0,127.55535738691776,True
575,Ridge,2022-01-07 02:45:00,115.0,127.26377347725725,True
575,Ridge,2022-01-07 02:50:00,115.0,125.70680717962844,True
575,Ridge,2022-01-07 02:55:00,115.0,121.78316130369548,True
575,Ridge,2022-01-07 03:00:00,117.0,121.54702381873986,True
575,Ridge,2022-01-07 03:05:00,118.0,114.89322591779302,True
575,Ridge,2022-01-07 03:10:00,118.0,113.77775631808642,True
575,Ridge,2022-01-07 03:15:00,118.0,115.74648201584164,True
575,Ridge,2022-01-07 03:20:00,118.0,117.59465928602492,True
575,Ridge,2022-01-07 03:25:00,119.0,118.10711302005828,True
575,Ridge,2022-01-07 03:30:00,120.0,123.34837417711944,True
575,Ridge,2022-01-07 03:35:00,121.0,123.24945480986847,True
575,Ridge,2022-01-07 03:40:00,121.0,122.3260100495341,True
575,Ridge,2022-01-07 03:45:00,122.0,122.45934610417282,True
575,Ridge,2022-01-07 03:50:00,122.0,122.53683286241002,True
575,Ridge,2022-01-07 03:55:00,123.0,125.04419002303126,True
575,Ridge,2022-01-07 04:00:00,124.0,126.02868241200456,True
575,Ridge,2022-01-07 04:05:00,123.0,127.11118272818382,True
575,Ridge,2022-01-07 04:10:00,123.0,125.7382935088377,True
575,Ridge,2022-01-07 04:15:00,123.0,128.1729334570008,True
575,Ridge,2022-01-07 04:20:00,124.0,126.62357529724989,True
575,Ridge,2022-01-07 04:25:00,123.0,129.1303593887832,True
575,Ridge,2022-01-07 04:30:00,122.0,129.98602189745623,True
575,Ridge,2022-01-07 04:35:00,120.0,126.18560395711134,True
575,Ridge,2022-01-07 04:40:00,119.0,127.55280243046863,True
575,Ridge,2022-01-07 04:45:00,118.0,127.26748395821303,True
575,Ridge,2022-01-07 04:50:00,117.0,129.74420184627513,True
575,Ridge,2022-01-07 04:55:00,117.0,125.8583059902784,True
575,Ridge,2022-01-07 05:00:00,116.0,124.97045412131504,True
575,Ridge,2022-01-07 05:05:00,115.0,121.29604350489922,True
575,Ridge,2022-01-07 05:10:00,114.0,121.6391701199625,True
575,Ridge,2022-01-07 05:15:00,113.0,120.48299564429234,True
575,Ridge,2022-01-07 05:20:00,112.0,119.60213247829422,True
575,Ridge,2022-01-07 05:25:00,112.0,121.10417892279811,True
575,Ridge,2022-01-07 05:30:00,111.0,118.72042393200593,True
575,Ridge,2022-01-07 05:35:00,112.0,117.88380287657155,True
575,Ridge,2022-01-07 05:40:00,112.0,116.895537662265,True
575,Ridge,2022-01-07 05:45:00,113.0,116.01727077586379,True
575,Ridge,2022-01-07 05:50:00,114.0,115.09997429434408,True
575,Ridge,2022-01-07 05:55:00,115.0,116.56864941179514,True
575,Ridge,2022-01-07 06:00:00,116.0,114.25228266448369,True
575,Ridge,2022-01-07 06:05:00,119.0,118.30096350782367,True
575,Ridge,2022-01-07 06:10:00,121.0,116.8903870202419,True
575,Ridge,2022-01-07 06:15:00,123.0,119.63306259165304,True
575,Ridge,2022-01-07 06:20:00,126.0,120.59886120068029,True
575,Ridge,2022-01-07 06:25:00,129.0,121.78175324529462,True
575,Ridge,2022-01-07 06:30:00,131.0,122.81352202386599,True
575,Ridge,2022-01-07 06:35:00,133.0,128.62918980722984,True
575,Ridge,2022-01-07 06:40:00,136.0,129.1831173985561,True
575,Ridge,2022-01-07 06:45:00,136.0,131.3648327653856,True
575,Ridge,2022-01-07 06:50:00,134.0,135.6206550179315,True
575,Ridge,2022-01-07 06:55:00,139.0,144.172646889646,True
575,Ridge,2022-01-07 07:00:00,147.0,144.03405006232464,True
575,Ridge,2022-01-07 07:05:00,154.0,143.59274982792226,True
575,Ridge,2022-01-07 07:10:00,160.0,147.8710402209943,True
575,Ridge,2022-01-07 07:15:00,168.0,142.00681470616445,True
575,Ridge,2022-01-07 07:20:00,173.0,136.1003007582256,True
575,Ridge,2022-01-07 07:25:00,178.0,149.20635800461264,True
575,Ridge,2022-01-07 07:30:00,182.0,160.08737973306765,True
575,Ridge,2022-01-07 07:35:00,181.0,165.74267833802475,True
575,Ridge,2022-01-07 07:40:00,180.0,170.48596330437144,True
575,Ridge,2022-01-07 07:45:00,182.0,181.00935093950744,True
575,Ridge,2022-01-07 07:50:00,186.0,181.37965214185286,True
575,Ridge,2022-01-07 07:55:00,188.0,186.6929519186562,True
575,Ridge,2022-01-07 08:00:00,190.0,188.7999042784109,True
575,Ridge,2022-01-07 08:05:00,192.0,180.596983016231,True
575,Ridge,2022-01-07 08:10:00,192.0,179.18636139602543,True
575,Ridge,2022-01-07 08:15:00,191.0,184.35573718035275,True
575,Ridge,2022-01-07 08:20:00,190.0,190.74342975098835,True
575,Ridge,2022-01-07 08:25:00,188.0,189.90392187375915,True
575,Ridge,2022-01-07 08:30:00,183.0,191.82150182817236,True
575,Ridge,2022-01-07 08:35:00,178.0,193.3398572058355,True
575,Ridge,2022-01-07 08:40:00,173.0,190.28080209444738,True
575,Ridge,2022-01-07 08:45:00,167.0,187.73166121608784,True
575,Ridge,2022-01-07 08:50:00,160.0,186.39751943150904,True
575,Ridge,2022-01-07 08:55:00,154.0,182.7618169987175,True
575,Ridge,2022-01-07 09:00:00,148.0,173.18810961687163,True
575,Ridge,2022-01-07 09:05:00,144.0,167.8118503661263,True
575,Ridge,2022-01-07 09:10:00,139.0,162.43502290631977,True
575,Ridge,2022-01-07 09:15:00,136.0,155.0202987257652,True
575,Ridge,2022-01-07 09:20:00,131.0,146.62199911629423,True
575,Ridge,2022-01-07 09:25:00,127.0,142.06838403127858,True
575,Ridge,2022-01-07 09:30:00,122.0,136.21191628734292,True
575,Ridge,2022-01-07 09:35:00,116.0,135.44302439404714,True
575,Ridge,2022-01-07 09:40:00,111.0,129.41904992922187,True
575,Ridge,2022-01-07 09:45:00,107.0,130.06595467294667,True
575,Ridge,2022-01-07 09:50:00,103.0,122.70764655962262,True
575,Ridge,2022-01-07 09:55:00,100.0,120.91207057469697,True
575,Ridge,2022-01-07 10:00:00,100.0,114.80751271076346,True
575,Ridge,2022-01-07 10:05:00,100.0,108.09504184113976,True
575,Ridge,2022-01-07 10:10:00,98.0,104.93898306597308,True
575,Ridge,2022-01-07 10:15:00,95.0,102.72564271078613,True
575,Ridge,2022-01-07 10:20:00,90.0,99.33943330278503,True
575,Ridge,2022-01-07 10:25:00,88.0,98.41927378665352,True
575,Ridge,2022-01-07 10:30:00,86.0,103.27782078770728,True
575,Ridge,2022-01-07 10:35:00,83.0,103.97508933894949,True
575,Ridge,2022-01-07 10:40:00,80.0,100.02060652192273,True
575,Ridge,2022-01-07 10:45:00,77.0,96.19959920455689,True
575,Ridge,2022-01-07 10:50:00,75.0,88.57578160591312,True
575,Ridge,2022-01-07 10:55:00,71.0,90.14579678806311,True
575,Ridge,2022-01-07 11:00:00,70.0,88.91956952563775,True
575,Ridge,2022-01-07 11:05:00,66.0,85.13158154128242,True
575,Ridge,2022-01-07 11:10:00,64.0,82.51742492979065,True
575,Ridge,2022-01-07 11:15:00,63.0,79.74450078666327,True
575,Ridge,2022-01-07 11:20:00,61.0,79.4277870619832,True
575,Ridge,2022-01-07 11:25:00,61.0,72.90340047106403,True
575,Ridge,2022-01-07 11:30:00,61.0,76.69966981678171,True
575,Ridge,2022-01-07 11:35:00,61.0,68.50905103260006,True
575,Ridge,2022-01-07 11:40:00,61.0,69.91407449939832,True
575,Ridge,2022-01-07 11:45:00,61.0,70.23642715804992,True
575,Ridge,2022-01-07 11:50:00,61.0,67.3675674623303,True
575,Ridge,2022-01-07 11:55:00,61.0,70.69573414218901,True
575,Ridge,2022-01-07 13:20:00,95.0,160.30286807652965,False
575,Ridge,2022-01-07 13:25:00,96.0,159.93573005948784,False
575,Ridge,2022-01-07 13:30:00,99.0,161.7658558264212,False
575,Ridge,2022-01-07 13:35:00,106.0,168.65023927441084,False
575,Ridge,2022-01-07 13:40:00,115.0,167.79177478850184,False
575,Ridge,2022-01-07 13:45:00,124.0,167.11099578516541,False
575,Ridge,2022-01-07 13:50:00,130.0,108.63790876257251,True
575,Ridge,2022-01-07 13:55:00,135.0,110.49430075253912,True
575,Ridge,2022-01-07 14:00:00,140.0,113.43664284556061,True
575,Ridge,2022-01-07 14:05:00,144.0,124.08407894204245,True
575,Ridge,2022-01-07 14:10:00,148.0,133.73295334196055,True
575,Ridge,2022-01-07 14:15:00,155.0,144.11661696797535,True
575,Ridge,2022-01-07 14:20:00,165.0,144.3105665699051,True
575,Ridge,2022-01-07 14:25:00,175.0,147.35071412996766,True
575,Ridge,2022-01-07 14:30:00,183.0,152.96599514644336,True
575,Ridge,2022-01-07 14:35:00,191.0,155.74886715596944,True
575,Ridge,2022-01-07 14:40:00,200.0,159.83637523103613,True
575,Ridge,2022-01-07 14:45:00,208.0,170.80670650170657,True
575,Ridge,2022-01-07 14:50:00,215.0,183.25058073507626,True
575,Ridge,2022-01-07 14:55:00,221.0,192.92045911179144,True
575,Ridge,2022-01-07 15:00:00,229.0,197.9360238926161,True
575,Ridge,2022-01-07 15:05:00,238.0,205.6032980642999,True
575,Ridge,2022-01-07 15:10:00,245.0,215.32397323413088,True
575,Ridge,2022-01-07 15:15:00,252.0,221.25158764193407,True
575,Ridge,2022-01-07 15:20:00,256.0,226.26276332262037,True
575,Ridge,2022-01-07 15:25:00,256.0,230.1232843485723,True
575,Ridge,2022-01-07 15:30:00,255.0,240.1203913589298,True
575,Ridge,2022-01-07 15:35:00,251.0,249.52410648692847,True
575,Ridge,2022-01-07 15:40:00,247.0,253.10405521290167,True
575,Ridge,2022-01-07 15:45:00,247.0,259.5813636335996,True
575,Ridge,2022-01-07 15:50:00,245.0,258.47284227399024,True
575,Ridge,2022-01-07 15:55:00,243.0,252.14532257363214,True
575,Ridge,2022-01-07 16:00:00,243.0,248.75920249839834,True
575,Ridge,2022-01-07 16:05:00,243.0,239.5129856167907,True
575,Ridge,2022-01-07 16:10:00,242.0,234.76288099786836,True
575,Ridge,2022-01-07 16:15:00,240.0,239.32797722557422,True
575,Ridge,2022-01-07 16:20:00,238.0,233.87029073787278,True
575,Ridge,2022-01-07 16:25:00,237.0,231.9597275982902,True
575,Ridge,2022-01-07 16:30:00,237.0,234.47532369441865,True
575,Ridge,2022-01-07 16:35:00,236.0,234.45235298164533,True
575,Ridge,2022-01-07 16:40:00,233.0,232.21299871526992,True
575,Ridge,2022-01-07 16:45:00,231.0,228.8964706964804,True
575,Ridge,2022-01-07 16:50:00,229.0,226.90298149705148,True
575,Ridge,2022-01-07 16:55:00,228.0,227.2238388901444,True
575,Ridge,2022-01-07 17:00:00,226.0,228.64983586063966,True
575,Ridge,2022-01-07 17:05:00,225.0,226.43451896433777,True
575,Ridge,2022-01-07 17:10:00,224.0,220.95201464637205,True
575,Ridge,2022-01-07 17:15:00,222.0,220.46772994263557,True
575,Ridge,2022-01-07 17:20:00,221.0,218.27235323142537,True
575,Ridge,2022-01-07 17:25:00,221.0,218.90306382390634,True
575,Ridge,2022-01-07 17:30:00,220.0,215.65782460106462,True
575,Ridge,2022-01-07 17:35:00,219.0,215.27985738878198,True
575,Ridge,2022-01-07 17:40:00,218.0,215.28377850357901,True
575,Ridge,2022-01-07 17:45:00,218.0,212.10369353144915,True
575,Ridge,2022-01-07 17:50:00,216.0,212.7555586761338,True
575,Ridge,2022-01-07 17:55:00,214.0,214.32611549310724,True
575,Ridge,2022-01-07 18:00:00,214.0,212.21269254157073,True
575,Ridge,2022-01-07 18:05:00,213.0,211.4595506256906,True
575,Ridge,2022-01-07 18:10:00,212.0,210.51925832151323,True
575,Ridge,2022-01-07 18:15:00,212.0,212.1156344155584,True
575,Ridge,2022-01-07 18:20:00,211.0,207.3612472174156,True
575,Ridge,2022-01-07 18:25:00,212.0,205.60444692894015,True
575,Ridge,2022-01-07 18:30:00,211.0,208.33642788313074,True
575,Ridge,2022-01-07 18:35:00,211.0,205.98585918900557,True
575,Ridge,2022-01-07 18:40:00,211.0,205.25411597912048,True
575,Ridge,2022-01-07 18:45:00,210.0,206.68695305285482,True
575,Ridge,2022-01-07 18:50:00,209.0,204.44356277718836,True
575,Ridge,2022-01-07 18:55:00,208.0,208.4657573563373,True
575,Ridge,2022-01-07 19:00:00,206.0,204.57164826840256,True
575,Ridge,2022-01-07 19:05:00,205.0,206.36346630390352,True
575,Ridge,2022-01-07 19:10:00,205.0,206.22705635252626,True
575,Ridge,2022-01-07 19:15:00,205.0,203.96445809309319,True
575,Ridge,2022-01-07 19:20:00,205.0,202.96508323593446,True
575,Ridge,2022-01-07 19:25:00,205.0,201.91654361230945,True
575,Ridge,2022-01-07 19:30:00,205.0,198.55318731183218,True
575,Ridge,2022-01-07 19:35:00,184.0,198.94074533948677,True
575,Ridge,2022-01-07 19:40:00,182.0,200.28146987789216,True
575,Ridge,2022-01-07 19:45:00,180.0,200.450900521034,True
575,Ridge,2022-01-07 19:50:00,177.0,201.86416076140287,True
575,Ridge,2022-01-07 19:55:00,174.0,201.84715376910154,True
575,Ridge,2022-01-07 20:00:00,170.0,201.80259807133115,True
575,Ridge,2022-01-07 20:05:00,167.0,150.5348794229432,True
575,Ridge,2022-01-07 20:10:00,165.0,175.30169417409104,True
575,Ridge,2022-01-07 20:15:00,161.0,170.549989662007,True
575,Ridge,2022-01-07 20:20:00,157.0,167.83243586119195,True
575,Ridge,2022-01-07 20:25:00,154.0,164.83497965403333,True
575,Ridge,2022-01-07 20:30:00,151.0,160.03147823152045,True
575,Ridge,2022-01-07 20:35:00,149.0,158.93194472913999,True
575,Ridge,2022-01-07 20:40:00,146.0,158.311648353006,True
575,Ridge,2022-01-07 20:45:00,144.0,152.13340079314668,True
575,Ridge,2022-01-07 20:50:00,145.0,148.9754411351626,True
575,Ridge,2022-01-07 20:55:00,152.0,147.55139415062564,True
575,Ridge,2022-01-07 21:00:00,162.0,144.6106289674642,True
575,Ridge,2022-01-07 21:05:00,171.0,136.70367261000345,True
575,Ridge,2022-01-07 21:10:00,182.0,140.72494621148385,True
575,Ridge,2022-01-07 21:15:00,197.0,140.65091334891304,True
575,Ridge,2022-01-07 21:20:00,210.0,146.1052635702806,True
575,Ridge,2022-01-07 21:25:00,223.0,161.96116655741852,True
575,Ridge,2022-01-07 21:30:00,233.0,176.60595338799757,True
575,Ridge,2022-01-07 21:35:00,237.0,184.9745599118561,True
575,Ridge,2022-01-07 21:40:00,233.0,216.86901017949114,True
575,Ridge,2022-01-07 21:45:00,229.0,235.12206547267567,True
575,Ridge,2022-01-07 21:50:00,219.0,243.5541802005579,True
575,Ridge,2022-01-07 21:55:00,206.0,251.54395332863777,True
575,Ridge,2022-01-07 22:00:00,193.0,252.19323746972037,True
575,Ridge,2022-01-07 22:05:00,180.0,244.0348326367391,True
575,Ridge,2022-01-07 22:10:00,166.0,223.80249264994438,True
575,Ridge,2022-01-07 22:15:00,151.0,216.24441059160154,True
575,Ridge,2022-01-07 22:20:00,138.0,195.25289005265748,True
575,Ridge,2022-01-07 22:25:00,127.0,177.28138369822977,True
575,Ridge,2022-01-07 22:30:00,115.0,162.29968484080453,True
575,Ridge,2022-01-07 22:35:00,105.0,147.9784846060462,True
575,Ridge,2022-01-07 22:40:00,93.0,133.3654848062526,True
575,Ridge,2022-01-07 22:45:00,88.0,117.18996923287102,True
575,Ridge,2022-01-07 22:50:00,80.0,107.54526267746934,True
575,Ridge,2022-01-07 22:55:00,74.0,100.13363778466775,True
575,Ridge,2022-01-07 23:00:00,67.0,87.89545390243426,True
575,Ridge,2022-01-07 23:05:00,62.0,82.15004480625927,True
575,Ridge,2022-01-07 23:10:00,60.0,68.61214269548735,True
575,Ridge,2022-01-07 23:15:00,59.0,75.29001579221088,True
575,Ridge,2022-01-07 23:20:00,58.0,64.14721342012756,True
575,Ridge,2022-01-07 23:25:00,59.0,63.33521773221911,True
575,Ridge,2022-01-07 23:30:00,58.0,56.169031422713815,True
575,Ridge,2022-01-07 23:35:00,58.0,55.685935129038015,True
575,Ridge,2022-01-07 23:40:00,61.0,59.040696460921836,True
575,Ridge,2022-01-07 23:45:00,65.0,60.86051384729049,True
575,Ridge,2022-01-07 23:50:00,61.0,61.26612988431222,True
575,Ridge,2022-01-07 23:55:00,55.0,64.85097398628811,True
575,Ridge,2022-01-08 00:00:00,53.0,63.569411698986016,True
575,Ridge,2022-01-08 00:05:00,52.0,65.98140883369,True
575,Ridge,2022-01-08 00:10:00,52.0,73.61883753682685,True
575,Ridge,2022-01-08 00:15:00,56.0,79.65048194352296,True
575,Ridge,2022-01-08 00:20:00,61.0,64.96503724826509,True
575,Ridge,2022-01-08 00:25:00,66.0,56.63726179574681,True
575,Ridge,2022-01-08 00:30:00,70.0,59.64379689509225,True
575,Ridge,2022-01-08 00:35:00,73.0,59.845040363892366,True
575,Ridge,2022-01-08 00:40:00,77.0,61.66855334979317,True
575,Ridge,2022-01-08 00:45:00,81.0,71.63580356351963,True
575,Ridge,2022-01-08 00:50:00,85.0,78.33117036556399,True
575,Ridge,2022-01-08 00:55:00,89.0,83.71496096730608,True
575,Ridge,2022-01-08 01:00:00,94.0,86.39978983152568,True
575,Ridge,2022-01-08 01:05:00,99.0,88.27445194056135,True
575,Ridge,2022-01-08 01:10:00,104.0,93.77493950575814,True
575,Ridge,2022-01-08 01:15:00,108.0,97.48756362306275,True
575,Ridge,2022-01-08 01:20:00,113.0,101.24883630795782,True
575,Ridge,2022-01-08 01:25:00,118.0,105.04419245951794,True
575,Ridge,2022-01-08 01:30:00,123.0,111.24244178851319,True
575,Ridge,2022-01-08 01:35:00,129.0,115.87476792737245,True
575,Ridge,2022-01-08 01:40:00,133.0,117.82254842469035,True
575,Ridge,2022-01-08 01:45:00,131.0,122.66646022592265,True
575,Ridge,2022-01-08 01:50:00,124.0,128.74613271236,True
575,Ridge,2022-01-08 01:55:00,121.0,133.26772414794345,True
575,Ridge,2022-01-08 02:00:00,121.0,137.95853615009466,True
575,Ridge,2022-01-08 02:05:00,126.0,144.95253341170715,True
575,Ridge,2022-01-08 02:10:00,131.0,145.75197252437084,True
575,Ridge,2022-01-08 02:15:00,133.0,135.04579147816935,True
575,Ridge,2022-01-08 02:20:00,135.0,120.4768498841157,True
575,Ridge,2022-01-08 02:25:00,140.0,122.1124124553076,True
575,Ridge,2022-01-08 02:30:00,146.0,125.2302821614428,True
575,Ridge,2022-01-08 02:35:00,150.0,137.15557815351175,True
575,Ridge,2022-01-08 02:40:00,155.0,142.08123904957705,True
575,Ridge,2022-01-08 02:45:00,158.0,140.24925366120738,True
575,Ridge,2022-01-08 02:50:00,159.0,142.19484539884215,True
575,Ridge,2022-01-08 02:55:00,162.0,150.9981521211242,True
575,Ridge,2022-01-08 03:00:00,164.0,158.3285295840845,True
575,Ridge,2022-01-08 03:05:00,166.0,159.721081218118,True
575,Ridge,2022-01-08 03:10:00,168.0,166.03039210759152,True
575,Ridge,2022-01-08 03:15:00,170.0,165.60697475675565,True
575,Ridge,2022-01-08 03:20:00,172.0,163.57358328947686,True
575,Ridge,2022-01-08 03:25:00,174.0,169.02215180865505,True
575,Ridge,2022-01-08 03:30:00,176.0,169.19901086009835,True
575,Ridge,2022-01-08 03:35:00,177.0,171.16350968370315,True
575,Ridge,2022-01-08 03:40:00,178.0,172.5649884171271,True
575,Ridge,2022-01-08 03:45:00,179.0,174.1303883506759,True
575,Ridge,2022-01-08 03:50:00,179.0,175.82355375416336,True
575,Ridge,2022-01-08 03:55:00,178.0,177.55181447754808,True
575,Ridge,2022-01-08 04:00:00,177.0,179.2868582495887,True
575,Ridge,2022-01-08 04:05:00,175.0,178.60342567981428,True
575,Ridge,2022-01-08 04:10:00,173.0,179.38237384602127,True
575,Ridge,2022-01-08 04:15:00,171.0,179.99897943890647,True
575,Ridge,2022-01-08 04:20:00,172.0,178.38227735413534,True
575,Ridge,2022-01-08 04:25:00,171.0,175.84351418488413,True
575,Ridge,2022-01-08 04:30:00,172.0,174.55865618762022,True
575,Ridge,2022-01-08 04:35:00,175.0,170.85264050338338,True
575,Ridge,2022-01-08 04:40:00,177.0,168.66934856431263,True
575,Ridge,2022-01-08 04:45:00,177.0,166.42547891983736,True
575,Ridge,2022-01-08 04:50:00,176.0,171.62211860086708,True
575,Ridge,2022-01-08 04:55:00,178.0,167.74710701906946,True
575,Ridge,2022-01-08 05:00:00,179.0,171.97144645223517,True
575,Ridge,2022-01-08 05:05:00,182.0,177.63315226051824,True
575,Ridge,2022-01-08 05:10:00,185.0,178.47897265185208,True
575,Ridge,2022-01-08 05:15:00,188.0,175.9456469413592,True
575,Ridge,2022-01-08 05:20:00,190.0,173.53839545125888,True
575,Ridge,2022-01-08 05:25:00,194.0,179.67014412505387,True
575,Ridge,2022-01-08 05:30:00,197.0,179.07178751685615,True
575,Ridge,2022-01-08 05:35:00,200.0,185.1042422835867,True
575,Ridge,2022-01-08 05:40:00,204.0,187.91431837716598,True
575,Ridge,2022-01-08 05:45:00,207.0,191.07524281417196,True
575,Ridge,2022-01-08 05:50:00,213.0,191.56498893517463,True
575,Ridge,2022-01-08 05:55:00,219.0,198.23912650935353,True
575,Ridge,2022-01-08 06:00:00,226.0,199.66563137495916,True
575,Ridge,2022-01-08 06:05:00,230.0,202.74182598882473,True
575,Ridge,2022-01-08 06:10:00,231.0,207.78287696813828,True
575,Ridge,2022-01-08 06:15:00,233.0,209.07939632540837,True
575,Ridge,2022-01-08 06:20:00,233.0,219.15291938062143,True
575,Ridge,2022-01-08 06:25:00,233.0,224.70542865335818,True
575,Ridge,2022-01-08 06:30:00,233.0,233.09490839124572,True
575,Ridge,2022-01-08 06:35:00,232.0,232.54680205955916,True
575,Ridge,2022-01-08 06:40:00,232.0,229.14702675232726,True
575,Ridge,2022-01-08 06:45:00,231.0,231.9662795327564,True
575,Ridge,2022-01-08 06:50:00,231.0,228.44062447624418,True
575,Ridge,2022-01-08 06:55:00,230.0,228.2224167621697,True
575,Ridge,2022-01-08 07:00:00,229.0,227.57336878504455,True
575,Ridge,2022-01-08 07:05:00,228.0,224.78464235655696,True
575,Ridge,2022-01-08 07:10:00,227.0,225.82233380055962,True
575,Ridge,2022-01-08 07:15:00,227.0,222.94948383410505,True
575,Ridge,2022-01-08 07:20:00,226.0,224.3503842565032,True
575,Ridge,2022-01-08 07:25:00,226.0,221.67737203564923,True
575,Ridge,2022-01-08 07:30:00,226.0,220.6933837892277,True
575,Ridge,2022-01-08 07:35:00,226.0,219.4429126826975,True
575,Ridge,2022-01-08 07:40:00,226.0,218.3885512403103,True
575,Ridge,2022-01-08 07:45:00,226.0,219.83609641045553,True
575,Ridge,2022-01-08 07:50:00,226.0,217.4222470971851,True
575,Ridge,2022-01-08 07:55:00,226.0,219.05105707376714,True
575,Ridge,2022-01-08 08:10:00,280.0,219.30615324940146,True
575,Ridge,2022-01-08 08:15:00,277.0,219.4035999271946,True
575,Ridge,2022-01-08 08:20:00,273.0,219.49898481075243,True
575,Ridge,2022-01-08 08:25:00,267.0,223.23763817256645,True
575,Ridge,2022-01-08 08:30:00,262.0,193.8003821157011,False
575,Ridge,2022-01-08 08:35:00,256.0,194.7316645348065,False
575,Ridge,2022-01-08 08:40:00,250.0,249.2127626302657,True
575,Ridge,2022-01-08 08:45:00,244.0,244.07779323372512,True
575,Ridge,2022-01-08 08:50:00,238.0,245.39561565565435,True
575,Ridge,2022-01-08 08:55:00,232.0,244.5183214807928,True
575,Ridge,2022-01-08 09:00:00,227.0,240.9636490789548,True
575,Ridge,2022-01-08 09:05:00,221.0,229.69477723520404,True
575,Ridge,2022-01-08 09:10:00,216.0,228.43904472356544,True
575,Ridge,2022-01-08 09:15:00,211.0,223.29673233117245,True
575,Ridge,2022-01-08 09:20:00,211.0,215.74628851899786,True
575,Ridge,2022-01-08 09:25:00,211.0,210.4293376856994,True
575,Ridge,2022-01-08 09:30:00,211.0,205.5446407556887,True
575,Ridge,2022-01-08 09:35:00,211.0,198.27104051929223,True
575,Ridge,2022-01-08 09:40:00,211.0,197.591257857205,True
575,Ridge,2022-01-08 09:45:00,211.0,193.054356914093,True
575,Ridge,2022-01-08 09:50:00,211.0,200.90485025378007,True
575,Ridge,2022-01-08 13:35:00,186.0,161.77115474116218,False
575,Ridge,2022-01-08 13:40:00,183.0,161.77621232124224,False
575,Ridge,2022-01-08 13:45:00,180.0,161.78102615952716,False
575,Ridge,2022-01-08 13:50:00,174.0,161.78559396489064,False
575,Ridge,2022-01-08 13:55:00,168.0,161.7899135633047,False
575,Ridge,2022-01-08 14:00:00,161.0,161.7939828988745,False
575,Ridge,2022-01-08 14:05:00,155.0,183.65819553295543,True
575,Ridge,2022-01-08 14:10:00,152.0,175.98431013278542,True
575,Ridge,2022-01-08 14:15:00,150.0,173.01838945515453,True
575,Ridge,2022-01-08 14:20:00,148.0,162.52201460560534,True
575,Ridge,2022-01-08 14:25:00,143.0,157.15019725105532,True
575,Ridge,2022-01-08 14:30:00,139.0,148.12456389090354,True
575,Ridge,2022-01-08 14:35:00,134.0,144.28496734716023,True
575,Ridge,2022-01-08 14:40:00,132.0,145.69959267238653,True
575,Ridge,2022-01-08 14:45:00,132.0,144.99763648483207,True
575,Ridge,2022-01-08 14:50:00,131.0,143.6855075852672,True
575,Ridge,2022-01-08 14:55:00,130.0,134.92012715057464,True
575,Ridge,2022-01-08 15:00:00,129.0,132.794041360347,True
575,Ridge,2022-01-08 15:05:00,128.0,126.91128327935458,True
575,Ridge,2022-01-08 15:10:00,124.0,129.62207400858625,True
575,Ridge,2022-01-08 15:15:00,117.0,132.7406939693223,True
575,Ridge,2022-01-08 15:20:00,112.0,131.0752367044791,True
575,Ridge,2022-01-08 15:25:00,111.0,130.77579472165957,True
575,Ridge,2022-01-08 15:30:00,115.0,130.1079684711818,True
575,Ridge,2022-01-08 15:35:00,111.0,129.5409441389493,True
575,Ridge,2022-01-08 15:40:00,108.0,121.624608245297,True
575,Ridge,2022-01-08 15:45:00,106.0,110.63824265133428,True
575,Ridge,2022-01-08 15:50:00,105.0,108.31993146852642,True
575,Ridge,2022-01-08 15:55:00,102.0,112.68642401821532,True
575,Ridge,2022-01-08 16:00:00,101.0,124.07281711609187,True
575,Ridge,2022-01-08 16:05:00,100.0,109.43565599517015,True
575,Ridge,2022-01-08 16:10:00,99.0,109.013507423516,True
575,Ridge,2022-01-08 16:15:00,96.0,107.92679871001607,True
575,Ridge,2022-01-08 16:20:00,93.0,108.58914289409896,True
575,Ridge,2022-01-08 16:25:00,92.0,102.9966433465996,True
575,Ridge,2022-01-08 16:30:00,93.0,105.31807375670567,True
575,Ridge,2022-01-08 16:35:00,102.0,103.82003315265365,True
575,Ridge,2022-01-08 16:40:00,114.0,103.62146027471987,True
575,Ridge,2022-01-08 16:45:00,121.0,97.8890929255104,True
575,Ridge,2022-01-08 16:50:00,127.0,95.2790715815143,True
575,Ridge,2022-01-08 16:55:00,130.0,96.88945335554502,True
575,Ridge,2022-01-08 17:00:00,132.0,101.1741193493362,True
575,Ridge,2022-01-08 17:05:00,145.0,121.60546093787761,True
575,Ridge,2022-01-08 17:10:00,149.0,137.99778336406405,True
575,Ridge,2022-01-08 17:15:00,144.0,138.82751935129224,True
575,Ridge,2022-01-08 17:20:00,144.0,143.87705092110951,True
575,Ridge,2022-01-08 17:25:00,144.0,142.2140270344849,True
575,Ridge,2022-01-08 17:30:00,140.0,142.78734718652944,True
575,Ridge,2022-01-08 17:35:00,137.0,170.66848316785138,True
575,Ridge,2022-01-08 17:40:00,144.0,161.2617572191168,True
575,Ridge,2022-01-08 17:45:00,144.0,144.40266389942724,True
575,Ridge,2022-01-08 17:50:00,142.0,150.1449725091138,True
575,Ridge,2022-01-08 17:55:00,139.0,148.67046834847028,True
575,Ridge,2022-01-08 18:00:00,127.0,139.03548214792863,True
575,Ridge,2022-01-08 18:05:00,134.0,137.03712086422937,True
575,Ridge,2022-01-08 18:10:00,136.0,157.55339079342244,True
575,Ridge,2022-01-08 18:15:00,139.0,147.12097734018124,True
575,Ridge,2022-01-08 18:20:00,141.0,142.9664804589263,True
575,Ridge,2022-01-08 18:25:00,141.0,137.8085859430775,True
575,Ridge,2022-01-08 18:30:00,132.0,113.01664059118409,True
575,Ridge,2022-01-08 18:35:00,129.0,146.79288495062747,True
575,Ridge,2022-01-08 18:40:00,125.0,140.0885286055252,True
575,Ridge,2022-01-08 18:45:00,113.0,146.6597773259587,True
575,Ridge,2022-01-08 18:50:00,107.0,146.9484742282196,True
575,Ridge,2022-01-08 18:55:00,103.0,144.39091618487663,True
575,Ridge,2022-01-08 19:00:00,105.0,122.66952476807259,True
575,Ridge,2022-01-08 19:05:00,113.0,128.09132906267092,True
575,Ridge,2022-01-08 19:10:00,122.0,117.42723151877324,True
575,Ridge,2022-01-08 19:15:00,135.0,98.86062609749914,True
575,Ridge,2022-01-08 19:20:00,150.0,101.0864719930446,True
575,Ridge,2022-01-08 19:25:00,155.0,98.98933815928808,True
575,Ridge,2022-01-08 19:30:00,168.0,110.28871977904693,True
575,Ridge,2022-01-08 19:35:00,172.0,127.4800970460498,True
575,Ridge,2022-01-08 19:40:00,180.0,138.89077455321927,True
575,Ridge,2022-01-08 19:45:00,195.0,158.55271964914758,True
575,Ridge,2022-01-08 19:50:00,204.0,192.74364420107025,True
575,Ridge,2022-01-08 19:55:00,205.0,182.13432755230943,True
575,Ridge,2022-01-08 20:00:00,217.0,205.22491693759926,True
575,Ridge,2022-01-08 20:05:00,225.0,190.69426982125037,True
575,Ridge,2022-01-08 20:10:00,235.0,200.70498083674053,True
575,Ridge,2022-01-08 20:15:00,235.0,220.761431728618,True
575,Ridge,2022-01-08 20:20:00,232.0,217.2722123489632,True
575,Ridge,2022-01-08 20:25:00,225.0,204.9860405267588,True
575,Ridge,2022-01-08 20:30:00,216.0,230.39933195707795,True
575,Ridge,2022-01-08 20:35:00,208.0,231.38160227518688,True
575,Ridge,2022-01-08 20:40:00,201.0,244.20975472030136,True
575,Ridge,2022-01-08 20:45:00,199.0,228.67240559561358,True
575,Ridge,2022-01-08 20:50:00,201.0,222.35129917607048,True
575,Ridge,2022-01-08 20:55:00,196.0,208.1547630499104,True
575,Ridge,2022-01-08 21:00:00,193.0,195.34252412502093,True
575,Ridge,2022-01-08 21:05:00,192.0,187.5686426983514,True
575,Ridge,2022-01-08 21:10:00,193.0,181.48861786256663,True
575,Ridge,2022-01-08 21:15:00,204.0,186.49126478993074,True
575,Ridge,2022-01-08 21:20:00,209.0,193.9668976095942,True
575,Ridge,2022-01-08 21:25:00,210.0,179.88329170625585,True
575,Ridge,2022-01-08 21:30:00,210.0,181.0340735878377,True
575,Ridge,2022-01-08 21:35:00,210.0,182.68392142485385,True
575,Ridge,2022-01-08 21:40:00,199.0,187.21429438896243,True
575,Ridge,2022-01-08 21:45:00,185.0,212.7105545483462,True
575,Ridge,2022-01-08 21:50:00,178.0,209.73394344722692,True
575,Ridge,2022-01-08 21:55:00,175.0,206.67146418581598,True
575,Ridge,2022-01-08 22:00:00,186.0,205.01127471436303,True
575,Ridge,2022-01-08 22:05:00,192.0,204.94649350325244,True
575,Ridge,2022-01-08 22:10:00,193.0,178.50521918732477,True
575,Ridge,2022-01-08 22:15:00,188.0,160.27989304956233,True
575,Ridge,2022-01-08 22:20:00,183.0,161.88160610169638,True
575,Ridge,2022-01-08 22:25:00,179.0,163.69747992832265,True
575,Ridge,2022-01-08 22:30:00,174.0,195.05634089314793,True
575,Ridge,2022-01-08 22:35:00,169.0,194.654782125853,True
575,Ridge,2022-01-08 22:40:00,165.0,199.0536344112536,True
575,Ridge,2022-01-08 22:45:00,163.0,184.7061212353307,True
575,Ridge,2022-01-08 22:50:00,156.0,178.69844495090703,True
575,Ridge,2022-01-08 22:55:00,151.0,171.78544815428455,True
575,Ridge,2022-01-08 23:00:00,144.0,164.87969236174226,True
575,Ridge,2022-01-08 23:05:00,139.0,158.54324632564723,True
575,Ridge,2022-01-08 23:10:00,137.0,153.83815085662224,True
575,Ridge,2022-01-08 23:15:00,138.0,153.6714983834796,True
575,Ridge,2022-01-08 23:20:00,138.0,139.61357953939734,True
575,Ridge,2022-01-08 23:25:00,135.0,138.46102743137544,True
575,Ridge,2022-01-08 23:30:00,133.0,128.60377468217706,True
575,Ridge,2022-01-08 23:35:00,134.0,126.74727338544136,True
575,Ridge,2022-01-08 23:40:00,136.0,129.54038965965702,True
575,Ridge,2022-01-08 23:45:00,139.0,135.58620702465416,True
575,Ridge,2022-01-08 23:50:00,141.0,132.68286817990244,True
575,Ridge,2022-01-08 23:55:00,140.0,128.88611648304953,True
575,Ridge,2022-01-09 00:00:00,135.0,128.96917927160263,True
575,Ridge,2022-01-09 00:05:00,128.0,134.5781177771908,True
575,Ridge,2022-01-09 00:10:00,128.0,138.6458524324852,True
575,Ridge,2022-01-09 00:15:00,126.0,143.82112623225828,True
575,Ridge,2022-01-09 00:20:00,123.0,144.88785450519887,True
575,Ridge,2022-01-09 00:25:00,119.0,140.1494953950594,True
575,Ridge,2022-01-09 00:30:00,114.0,129.61837322854439,True
575,Ridge,2022-01-09 00:35:00,110.0,119.66883184930354,True
575,Ridge,2022-01-09 00:40:00,107.0,129.30564024008166,True
575,Ridge,2022-01-09 00:45:00,104.0,124.18334088297304,True
575,Ridge,2022-01-09 00:50:00,101.0,120.47503805224085,True
575,Ridge,2022-01-09 00:55:00,103.0,114.9846787895617,True
575,Ridge,2022-01-09 01:00:00,104.0,108.74772156303267,True
575,Ridge,2022-01-09 01:05:00,107.0,106.22128150516971,True
575,Ridge,2022-01-09 01:10:00,110.0,104.71716841304286,True
575,Ridge,2022-01-09 01:15:00,109.0,102.21264234450823,True
575,Ridge,2022-01-09 01:20:00,108.0,99.63876371204078,True
575,Ridge,2022-01-09 01:25:00,106.0,108.98039460871438,True
575,Ridge,2022-01-09 01:30:00,105.0,108.8246456960327,True
575,Ridge,2022-01-09 01:35:00,105.0,115.66174846353573,True
575,Ridge,2022-01-09 01:40:00,104.0,119.0365294955358,True
575,Ridge,2022-01-09 01:45:00,105.0,112.9091864221746,True
575,Ridge,2022-01-09 01:50:00,109.0,112.20745735615768,True
575,Ridge,2022-01-09 01:55:00,111.0,108.51393225431462,True
575,Ridge,2022-01-09 02:00:00,113.0,109.04774817667978,True
575,Ridge,2022-01-09 02:05:00,114.0,110.33118088398464,True
575,Ridge,2022-01-09 02:10:00,116.0,108.01419369607237,True
575,Ridge,2022-01-09 02:15:00,116.0,111.98112522279314,True
575,Ridge,2022-01-09 02:20:00,115.0,120.09469136279685,True
575,Ridge,2022-01-09 02:25:00,112.0,119.50126956591235,True
575,Ridge,2022-01-09 02:30:00,110.0,121.85444116237613,True
575,Ridge,2022-01-09 02:35:00,109.0,121.3426381016152,True
575,Ridge,2022-01-09 02:40:00,108.0,123.46410530358398,True
575,Ridge,2022-01-09 02:45:00,105.0,121.55742314469265,True
575,Ridge,2022-01-09 02:50:00,103.0,119.2404393954394,True
575,Ridge,2022-01-09 02:55:00,101.0,113.20711636637367,True
575,Ridge,2022-01-09 03:00:00,100.0,112.43258255691717,True
575,Ridge,2022-01-09 03:05:00,99.0,112.43321033182775,True
575,Ridge,2022-01-09 03:10:00,96.0,111.4125494979664,True
575,Ridge,2022-01-09 03:15:00,96.0,105.74077555055402,True
575,Ridge,2022-01-09 03:20:00,99.0,105.23834499509687,True
575,Ridge,2022-01-09 03:25:00,100.0,102.98510410387269,True
575,Ridge,2022-01-09 03:30:00,100.0,103.5404059605244,True
575,Ridge,2022-01-09 03:35:00,99.0,102.6508804627569,True
575,Ridge,2022-01-09 03:40:00,103.0,97.13152344779948,True
575,Ridge,2022-01-09 03:45:00,106.0,101.54237074102977,True
575,Ridge,2022-01-09 03:50:00,106.0,108.65712459818911,True
575,Ridge,2022-01-09 03:55:00,106.0,107.2560815749982,True
575,Ridge,2022-01-09 04:00:00,102.0,106.42401169369117,True
575,Ridge,2022-01-09 04:05:00,95.0,104.06393780713776,True
575,Ridge,2022-01-09 04:10:00,92.0,115.12990327469123,True
575,Ridge,2022-01-09 04:15:00,95.0,116.47971667114774,True
575,Ridge,2022-01-09 04:20:00,103.0,112.83761264637569,True
575,Ridge,2022-01-09 04:25:00,105.0,112.88089097810756,True
575,Ridge,2022-01-09 04:30:00,106.0,102.94228703941846,True
575,Ridge,2022-01-09 04:35:00,107.0,91.53043143741195,True
575,Ridge,2022-01-09 04:40:00,107.0,93.5546645434124,True
575,Ridge,2022-01-09 04:45:00,105.0,104.71021971136983,True
575,Ridge,2022-01-09 04:50:00,104.0,120.07420823753918,True
575,Ridge,2022-01-09 04:55:00,104.0,114.07610556411575,True
575,Ridge,2022-01-09 05:00:00,105.0,114.41522085389445,True
575,Ridge,2022-01-09 05:05:00,105.0,115.0232945441418,True
575,Ridge,2022-01-09 05:10:00,105.0,113.69289628556952,True
575,Ridge,2022-01-09 05:15:00,105.0,108.90059646941927,True
575,Ridge,2022-01-09 05:20:00,104.0,109.21658284965903,True
575,Ridge,2022-01-09 05:25:00,103.0,110.33206658301744,True
575,Ridge,2022-01-09 05:30:00,111.0,112.48106103366646,True
575,Ridge,2022-01-09 05:35:00,113.0,110.97802866176934,True
575,Ridge,2022-01-09 05:40:00,111.0,111.27795587594021,True
575,Ridge,2022-01-09 05:45:00,100.0,111.360080976341,True
575,Ridge,2022-01-09 05:50:00,97.0,108.9222976514951,True
575,Ridge,2022-01-09 05:55:00,97.0,107.75426340266421,True
575,Ridge,2022-01-09 06:00:00,96.0,128.2852911211943,True
575,Ridge,2022-01-09 06:05:00,103.0,121.63535631545338,True
575,Ridge,2022-01-09 06:10:00,110.0,114.97418760112834,True
575,Ridge,2022-01-09 06:15:00,112.0,90.6832762300883,True
575,Ridge,2022-01-09 06:20:00,112.0,98.70812439815009,True
575,Ridge,2022-01-09 06:25:00,112.0,101.67447180333139,True
575,Ridge,2022-01-09 06:30:00,112.0,99.8753540015318,True
575,Ridge,2022-01-09 06:35:00,112.0,118.65635251694906,True
575,Ridge,2022-01-09 06:40:00,112.0,125.62667128503404,True
575,Ridge,2022-01-09 06:45:00,112.0,121.40544792881664,True
575,Ridge,2022-01-09 07:00:00,77.0,118.74607289028984,True
575,Ridge,2022-01-09 07:05:00,79.0,118.45597093839466,True
575,Ridge,2022-01-09 07:10:00,81.0,118.19348894512363,True
575,Ridge,2022-01-09 07:15:00,80.0,118.00667700880618,True
575,Ridge,2022-01-09 07:20:00,80.0,139.51042195341887,False
575,Ridge,2022-01-09 07:25:00,80.0,138.41804607251095,False
575,Ridge,2022-01-09 07:30:00,80.0,98.4290506793517,True
575,Ridge,2022-01-09 07:35:00,79.0,101.43624643383032,True
575,Ridge,2022-01-09 07:40:00,79.0,98.70141493467297,True
575,Ridge,2022-01-09 07:45:00,77.0,88.35709778696706,True
575,Ridge,2022-01-09 07:50:00,77.0,89.42471933564364,True
575,Ridge,2022-01-09 07:55:00,77.0,91.73221702405704,True
575,Ridge,2022-01-09 08:00:00,76.0,88.62611184425079,True
575,Ridge,2022-01-09 08:05:00,74.0,85.55002558907066,True
575,Ridge,2022-01-09 08:10:00,76.0,88.20370098265126,True
575,Ridge,2022-01-09 08:15:00,76.0,83.14967126761265,True
575,Ridge,2022-01-09 08:20:00,75.0,87.34016802489393,True
575,Ridge,2022-01-09 08:25:00,74.0,87.39711712956992,True
575,Ridge,2022-01-09 08:30:00,75.0,83.73158239629497,True
575,Ridge,2022-01-09 08:35:00,71.0,80.39229393434498,True
575,Ridge,2022-01-09 08:40:00,72.0,87.97748945423162,True
575,Ridge,2022-01-09 08:45:00,76.0,84.99852037207239,True
575,Ridge,2022-01-09 08:50:00,79.0,83.10162817926337,True
575,Ridge,2022-01-09 08:55:00,83.0,82.00970439100355,True
575,Ridge,2022-01-09 09:00:00,86.0,85.83673467644749,True
575,Ridge,2022-01-09 09:05:00,90.0,74.70890958990383,True
575,Ridge,2022-01-09 09:10:00,91.0,83.06003688488855,True
575,Ridge,2022-01-09 09:15:00,93.0,90.7872403647215,True
575,Ridge,2022-01-09 09:20:00,98.0,92.91340912855345,True
575,Ridge,2022-01-09 09:25:00,102.0,98.57367383539761,True
575,Ridge,2022-01-09 09:30:00,109.0,100.06966073258366,True
575,Ridge,2022-01-09 09:35:00,109.0,105.70449665178478,True
575,Ridge,2022-01-09 09:40:00,118.0,102.33210147784645,True
575,Ridge,2022-01-09 09:45:00,122.0,105.78700099906713,True
575,Ridge,2022-01-09 09:50:00,122.0,114.58842443701519,True
575,Ridge,2022-01-09 09:55:00,123.0,117.00434809383957,True
575,Ridge,2022-01-09 10:00:00,123.0,128.19927921776213,True
575,Ridge,2022-01-09 10:05:00,123.0,117.86132359588066,True
575,Ridge,2022-01-09 10:10:00,122.0,139.85392633575935,True
575,Ridge,2022-01-09 10:15:00,120.0,135.60748468408218,True
575,Ridge,2022-01-09 10:20:00,119.0,130.6415513112206,True
575,Ridge,2022-01-09 10:25:00,116.0,132.3250114485561,True
575,Ridge,2022-01-09 10:30:00,114.0,130.16783686453275,True
575,Ridge,2022-01-09 10:35:00,115.0,129.9433358460453,True
575,Ridge,2022-01-09 10:40:00,118.0,126.88538083486085,True
575,Ridge,2022-01-09 10:45:00,120.0,123.261404967168,True
575,Ridge,2022-01-09 10:50:00,121.0,123.3209444787442,True
575,Ridge,2022-01-09 10:55:00,119.0,116.55592362600197,True
575,Ridge,2022-01-09 11:00:00,118.0,116.32752575918235,True
575,Ridge,2022-01-09 11:05:00,120.0,121.24749734420901,True
575,Ridge,2022-01-09 11:10:00,124.0,127.29511365370675,True
575,Ridge,2022-01-09 11:15:00,124.0,128.02369991704887,True
575,Ridge,2022-01-09 11:20:00,129.0,127.86294921492885,True
575,Ridge,2022-01-09 11:25:00,136.0,121.73035566152714,True
575,Ridge,2022-01-09 11:30:00,140.0,122.1703531456271,True
575,Ridge,2022-01-09 11:35:00,139.0,128.10488008310162,True
575,Ridge,2022-01-09 11:40:00,143.0,134.93384366971233,True
575,Ridge,2022-01-09 11:45:00,147.0,129.55083720377664,True
575,Ridge,2022-01-09 11:50:00,151.0,138.46979120483488,True
575,Ridge,2022-01-09 11:55:00,143.0,150.9875738048841,True
575,Ridge,2022-01-09 12:00:00,148.0,151.15557108106117,True
575,Ridge,2022-01-09 12:05:00,153.0,143.35867508411133,True
575,Ridge,2022-01-09 12:10:00,151.0,154.18140873663583,True
575,Ridge,2022-01-09 12:15:00,145.0,157.4088607564902,True
575,Ridge,2022-01-09 12:20:00,131.0,172.08166481783886,True
575,Ridge,2022-01-09 12:25:00,112.0,145.51307517440864,True
575,Ridge,2022-01-09 12:30:00,100.0,167.89528287626266,True
575,Ridge,2022-01-09 12:35:00,96.0,168.04490301811845,True
575,Ridge,2022-01-09 12:40:00,122.0,154.31703023028194,True
575,Ridge,2022-01-09 12:45:00,162.0,140.54694265633105,True
575,Ridge,2022-01-09 12:50:00,185.0,112.15497930940442,True
575,Ridge,2022-01-09 12:55:00,193.0,83.8762119251418,True
575,Ridge,2022-01-09 13:00:00,191.0,79.65175388382991,True
575,Ridge,2022-01-09 13:05:00,184.0,86.43700932874248,True
575,Ridge,2022-01-09 13:10:00,174.0,155.78601498054616,True
575,Ridge,2022-01-09 13:15:00,165.0,215.90871388579492,True
575,Ridge,2022-01-09 13:20:00,158.0,218.71073703824544,True
575,Ridge,2022-01-09 13:25:00,149.0,208.04699258388953,True
575,Ridge,2022-01-09 13:30:00,141.0,191.74555593860163,True
575,Ridge,2022-01-09 13:35:00,131.0,176.94074847668324,True
575,Ridge,2022-01-09 13:40:00,124.0,161.53723076300028,True
575,Ridge,2022-01-09 13:45:00,109.0,152.67303263119243,True
575,Ridge,2022-01-09 13:50:00,109.0,147.04089142421398,True
575,Ridge,2022-01-09 13:55:00,112.0,134.0379583872234,True
575,Ridge,2022-01-09 14:00:00,110.0,126.97872239869308,True
575,Ridge,2022-01-09 14:05:00,108.0,114.13186942829904,True
575,Ridge,2022-01-09 14:10:00,105.0,112.40602987607863,True
575,Ridge,2022-01-09 14:15:00,101.0,86.12283038020713,True
575,Ridge,2022-01-09 14:20:00,97.0,107.76238263482426,True
575,Ridge,2022-01-09 14:25:00,94.0,114.38509221344503,True
575,Ridge,2022-01-09 14:30:00,91.0,107.6021829133191,True
575,Ridge,2022-01-09 14:35:00,88.0,106.95154974401524,True
575,Ridge,2022-01-09 14:40:00,85.0,103.20871156434228,True
575,Ridge,2022-01-09 14:45:00,84.0,98.65761200086047,True
575,Ridge,2022-01-09 14:50:00,84.0,95.00934697987502,True
575,Ridge,2022-01-09 14:55:00,83.0,93.93969280356733,True
575,Ridge,2022-01-09 15:00:00,85.0,91.51385622867738,True
575,Ridge,2022-01-09 15:05:00,89.0,88.90116780681797,True
575,Ridge,2022-01-09 15:10:00,94.0,85.17062920052062,True
575,Ridge,2022-01-09 15:15:00,100.0,88.45013093634226,True
575,Ridge,2022-01-09 15:20:00,107.0,90.60147535554115,True
575,Ridge,2022-01-09 15:25:00,115.0,88.75390730839909,True
575,Ridge,2022-01-09 15:30:00,120.0,95.41431160271752,True
575,Ridge,2022-01-09 15:35:00,126.0,102.41602089035777,True
575,Ridge,2022-01-09 15:40:00,132.0,109.27589683858673,True
575,Ridge,2022-01-09 15:45:00,137.0,116.99799439916467,True
575,Ridge,2022-01-09 15:50:00,140.0,125.64429136593623,True
575,Ridge,2022-01-09 15:55:00,140.0,135.20463496099188,True
575,Ridge,2022-01-09 16:00:00,139.0,135.97424897071443,True
575,Ridge,2022-01-09 16:05:00,137.0,143.40300121843265,True
575,Ridge,2022-01-09 16:10:00,135.0,148.87657338500512,True
575,Ridge,2022-01-09 16:15:00,135.0,152.25545545311937,True
575,Ridge,2022-01-09 16:20:00,136.0,150.29289663625715,True
575,Ridge,2022-01-09 16:25:00,139.0,147.0590562334675,True
575,Ridge,2022-01-09 16:30:00,143.0,141.6760120152605,True
575,Ridge,2022-01-09 16:35:00,147.0,139.96749429191868,True
575,Ridge,2022-01-09 16:40:00,151.0,137.3854164207573,True
575,Ridge,2022-01-09 16:45:00,156.0,139.6427768172916,True
575,Ridge,2022-01-09 16:50:00,160.0,141.6894411545504,True
575,Ridge,2022-01-09 16:55:00,159.0,147.40596297613996,True
575,Ridge,2022-01-09 17:00:00,157.0,152.59373509154273,True
575,Ridge,2022-01-09 17:05:00,158.0,165.46863313930737,True
575,Ridge,2022-01-09 17:10:00,160.0,168.37635409303905,True
575,Ridge,2022-01-09 17:15:00,162.0,173.7943523069968,True
575,Ridge,2022-01-09 17:20:00,162.0,173.61473162901095,True
575,Ridge,2022-01-09 17:25:00,160.0,163.2444983198331,True
575,Ridge,2022-01-09 17:30:00,157.0,158.04284194172035,True
575,Ridge,2022-01-09 17:35:00,154.0,160.56232919089737,True
575,Ridge,2022-01-09 17:40:00,149.0,162.39653287435925,True
575,Ridge,2022-01-09 17:45:00,145.0,163.94414550932296,True
575,Ridge,2022-01-09 17:50:00,149.0,161.2065822390614,True
575,Ridge,2022-01-09 17:55:00,151.0,156.1997174863442,True
575,Ridge,2022-01-09 18:00:00,142.0,151.31663451635913,True
575,Ridge,2022-01-09 18:05:00,129.0,148.5285419182083,True
575,Ridge,2022-01-09 18:10:00,119.0,140.624708312085,True
575,Ridge,2022-01-09 18:15:00,106.0,138.13342132525756,True
575,Ridge,2022-01-09 18:20:00,96.0,153.2728631525903,True
575,Ridge,2022-01-09 18:25:00,91.0,152.52357355971895,True
575,Ridge,2022-01-09 18:30:00,97.0,129.12095869063427,True
575,Ridge,2022-01-09 18:35:00,102.0,110.72863793757911,True
575,Ridge,2022-01-09 18:40:00,105.0,104.09217989679455,True
575,Ridge,2022-01-09 18:45:00,107.0,86.3101753907951,True
575,Ridge,2022-01-09 18:50:00,109.0,80.87175836747927,True
575,Ridge,2022-01-09 18:55:00,110.0,83.09560622750739,True
575,Ridge,2022-01-09 19:00:00,134.0,105.66763520196628,True
575,Ridge,2022-01-09 19:05:00,134.0,110.30620987788105,True
575,Ridge,2022-01-09 19:10:00,133.0,112.57823548289952,True
575,Ridge,2022-01-09 19:15:00,137.0,114.28561576967414,True
575,Ridge,2022-01-09 19:20:00,136.0,117.09672809164844,True
575,Ridge,2022-01-09 19:25:00,134.0,117.0130081409036,True
575,Ridge,2022-01-09 19:30:00,131.0,173.34057737911078,True
575,Ridge,2022-01-09 19:35:00,125.0,139.24691989843913,True
575,Ridge,2022-01-09 19:40:00,132.0,139.76022468521384,True
575,Ridge,2022-01-09 19:45:00,135.0,148.23204784378876,True
575,Ridge,2022-01-09 19:50:00,150.0,140.01090395430472,True
575,Ridge,2022-01-09 19:55:00,152.0,137.1139910432326,True
575,Ridge,2022-01-09 20:00:00,144.0,131.87333430796875,True
575,Ridge,2022-01-09 20:05:00,148.0,121.30771794774913,True
575,Ridge,2022-01-09 20:10:00,151.0,145.8685548538682,True
575,Ridge,2022-01-09 20:15:00,153.0,142.11308565833963,True
575,Ridge,2022-01-09 20:20:00,154.0,175.24273162500842,True
575,Ridge,2022-01-09 20:25:00,148.0,158.45304389045734,True
575,Ridge,2022-01-09 20:30:00,142.0,138.04937440826248,True
575,Ridge,2022-01-09 20:35:00,148.0,157.2405324759501,True
575,Ridge,2022-01-09 20:40:00,145.0,157.54903374977772,True
575,Ridge,2022-01-09 20:45:00,134.0,159.32311966920133,True
575,Ridge,2022-01-09 20:50:00,129.0,164.5515012012337,True
575,Ridge,2022-01-09 20:55:00,123.0,149.7238132547988,True
575,Ridge,2022-01-09 21:00:00,118.0,142.45555980753417,True
575,Ridge,2022-01-09 21:05:00,111.0,160.35461086156812,True
575,Ridge,2022-01-09 21:10:00,104.0,143.70073253204316,True
575,Ridge,2022-01-09 21:15:00,97.0,121.19145073467865,True
575,Ridge,2022-01-09 21:20:00,90.0,122.01535693633181,True
575,Ridge,2022-01-09 21:25:00,82.0,112.1705707054276,True
575,Ridge,2022-01-09 21:30:00,69.0,108.5719225738619,True
575,Ridge,2022-01-09 21:35:00,63.0,99.19996621386994,True
575,Ridge,2022-01-09 21:40:00,56.0,92.82619676873772,True
575,Ridge,2022-01-09 21:45:00,56.0,85.8371659160318,True
575,Ridge,2022-01-09 21:50:00,51.0,79.55586311339715,True
575,Ridge,2022-01-09 21:55:00,40.0,70.70788804802183,True
575,Ridge,2022-01-09 22:00:00,40.0,51.58632061441888,True
575,Ridge,2022-01-09 22:05:00,40.0,56.32380497209357,True
575,Ridge,2022-01-09 22:10:00,40.0,47.70735697886606,True
575,Ridge,2022-01-09 22:15:00,40.0,59.12208968340187,True
575,Ridge,2022-01-09 22:20:00,54.0,47.98098645549402,True
575,Ridge,2022-01-09 22:25:00,61.0,30.36728229895229,True
575,Ridge,2022-01-09 22:30:00,62.0,46.40744268638167,True
575,Ridge,2022-01-09 22:35:00,61.0,46.40423140489098,True
575,Ridge,2022-01-09 22:40:00,60.0,46.146221221647664,True
575,Ridge,2022-01-09 22:45:00,54.0,49.261487243480204,True
575,Ridge,2022-01-09 22:50:00,40.0,83.82940328211741,True
575,Ridge,2022-01-09 22:55:00,40.0,81.04001791245874,True
575,Ridge,2022-01-09 23:00:00,40.0,75.38879754054605,True
575,Ridge,2022-01-09 23:05:00,40.0,71.61921489932152,True
575,Ridge,2022-01-09 23:10:00,41.0,70.4880469367259,True
575,Ridge,2022-01-09 23:15:00,46.0,57.26831503440745,True
575,Ridge,2022-01-09 23:20:00,48.0,31.33085923528543,True
575,Ridge,2022-01-09 23:25:00,53.0,50.577931317850854,True
575,Ridge,2022-01-09 23:30:00,57.0,49.51904823208382,True
575,Ridge,2022-01-09 23:35:00,56.0,50.65378278958332,True
575,Ridge,2022-01-09 23:40:00,56.0,53.21031925478731,True
575,Ridge,2022-01-09 23:45:00,62.0,64.55502313814392,True
575,Ridge,2022-01-09 23:50:00,74.0,62.75861320887752,True
575,Ridge,2022-01-09 23:55:00,88.0,72.24126629654282,True
575,Ridge,2022-01-10 00:00:00,96.0,74.6844326587603,True
575,Ridge,2022-01-10 00:05:00,99.0,67.23669328353158,True
575,Ridge,2022-01-10 00:10:00,85.0,68.59587685162637,True
575,Ridge,2022-01-10 00:15:00,69.0,82.24336993953347,True
575,Ridge,2022-01-10 00:20:00,63.0,102.49170909871779,True
575,Ridge,2022-01-10 00:25:00,59.0,119.68614101704674,True
575,Ridge,2022-01-10 00:30:00,72.0,119.47282359221902,True
575,Ridge,2022-01-10 00:35:00,109.0,115.54554597162345,True
575,Ridge,2022-01-10 00:40:00,135.0,76.8525144332137,True
575,Ridge,2022-01-10 00:45:00,152.0,57.340796276337386,True
575,Ridge,2022-01-10 00:50:00,162.0,61.57520191112535,True
575,Ridge,2022-01-10 00:55:00,170.0,60.503441470536984,True
575,Ridge,2022-01-10 01:00:00,175.0,97.90583645894694,True
575,Ridge,2022-01-10 01:05:00,179.0,168.26787624996555,True
575,Ridge,2022-01-10 01:10:00,177.0,179.91666147615624,True
575,Ridge,2022-01-10 01:15:00,161.0,186.903223860785,True
575,Ridge,2022-01-10 01:20:00,147.0,186.41480388306715,True
575,Ridge,2022-01-10 01:25:00,141.0,191.1088191000444,True
575,Ridge,2022-01-10 01:30:00,141.0,190.67326387751453,True
575,Ridge,2022-01-10 01:35:00,145.0,192.0275680700826,True
575,Ridge,2022-01-10 01:40:00,150.0,180.1169628070229,True
575,Ridge,2022-01-10 01:45:00,170.0,143.0440838912731,True
575,Ridge,2022-01-10 01:50:00,190.0,129.79948194534165,True
575,Ridge,2022-01-10 01:55:00,203.0,132.25948518448476,True
575,Ridge,2022-01-10 02:00:00,210.0,140.34042471567344,True
575,Ridge,2022-01-10 02:05:00,215.0,150.46736778298796,True
575,Ridge,2022-01-10 02:10:00,221.0,157.18634566710858,True
575,Ridge,2022-01-10 02:15:00,227.0,198.54502756843564,True
575,Ridge,2022-01-10 02:20:00,232.0,218.06498568718726,True
575,Ridge,2022-01-10 02:25:00,235.0,222.82334805841674,True
575,Ridge,2022-01-10 02:30:00,234.0,221.83397792848382,True
575,Ridge,2022-01-10 02:35:00,230.0,223.6010194885648,True
575,Ridge,2022-01-10 02:40:00,227.0,229.95805784743987,True
575,Ridge,2022-01-10 02:45:00,233.0,234.83068519104546,True
575,Ridge,2022-01-10 02:50:00,232.0,238.01587427436687,True
575,Ridge,2022-01-10 02:55:00,232.0,237.6055498051287,True
575,Ridge,2022-01-10 03:00:00,230.0,230.0016095832147,True
575,Ridge,2022-01-10 03:05:00,227.0,220.7301768503341,True
575,Ridge,2022-01-10 03:10:00,227.0,218.13878282318257,True
575,Ridge,2022-01-10 03:15:00,221.0,236.1050046610224,True
575,Ridge,2022-01-10 03:20:00,205.0,224.43138071992558,True
575,Ridge,2022-01-10 03:25:00,191.0,226.2163358126714,True
575,Ridge,2022-01-10 03:30:00,183.0,220.27368518857472,True
575,Ridge,2022-01-10 03:35:00,180.0,215.7955160770976,True
575,Ridge,2022-01-10 03:40:00,180.0,219.6269680072067,True
575,Ridge,2022-01-10 03:45:00,181.0,204.86858539700287,True
575,Ridge,2022-01-10 03:50:00,180.0,175.0084084666234,True
575,Ridge,2022-01-10 03:55:00,177.0,163.0221411959457,True
575,Ridge,2022-01-10 04:00:00,173.0,162.15103739663695,True
575,Ridge,2022-01-10 04:05:00,173.0,166.29962132012224,True
575,Ridge,2022-01-10 04:10:00,197.0,171.59954516661156,True
575,Ridge,2022-01-10 04:15:00,225.0,175.52594831197845,True
575,Ridge,2022-01-10 04:20:00,232.0,172.81711939258847,True
575,Ridge,2022-01-10 04:25:00,222.0,167.85704253400186,True
575,Ridge,2022-01-10 04:30:00,214.0,162.89222519851998,True
575,Ridge,2022-01-10 04:35:00,218.0,169.0872298813079,True
575,Ridge,2022-01-10 04:40:00,237.0,227.12493941816757,True
575,Ridge,2022-01-10 04:45:00,250.0,260.47722100434606,True
575,Ridge,2022-01-10 04:50:00,255.0,240.21686252475962,True
575,Ridge,2022-01-10 04:55:00,257.0,207.4861359619511,True
575,Ridge,2022-01-10 05:00:00,257.0,200.91225807792085,True
575,Ridge,2022-01-10 05:05:00,257.0,220.00296867937845,True
575,Ridge,2022-01-10 05:10:00,257.0,259.37111654431953,True
575,Ridge,2022-01-10 05:15:00,257.0,264.16540992856415,True
575,Ridge,2022-01-10 05:20:00,257.0,259.0092637482528,True
575,Ridge,2022-01-10 05:25:00,257.0,255.48288045177114,True
575,Ridge,2022-01-10 05:30:00,257.0,251.18916174611806,True
575,Ridge,2022-01-10 05:35:00,257.0,250.88022170675814,True
575,Ridge,2022-01-10 05:40:00,257.0,250.9263388643053,True
575,Ridge,2022-01-10 05:45:00,259.0,250.34779719537607,True
575,Ridge,2022-01-10 05:50:00,261.0,248.98683505211224,True
575,Ridge,2022-01-10 05:55:00,262.0,247.93867253657405,True
575,Ridge,2022-01-10 06:00:00,254.0,247.7245458379122,True
575,Ridge,2022-01-10 06:05:00,255.0,247.92494149965466,True
575,Ridge,2022-01-10 06:10:00,251.0,247.97436039653326,True
575,Ridge,2022-01-10 06:15:00,251.0,252.37048551568307,True
575,Ridge,2022-01-10 06:20:00,259.0,254.01199997161444,True
575,Ridge,2022-01-10 06:25:00,263.0,253.6751625759463,True
575,Ridge,2022-01-10 06:30:00,264.0,232.92271424487882,True
575,Ridge,2022-01-10 06:35:00,256.0,246.6580668714736,True
575,Ridge,2022-01-10 06:40:00,258.0,234.41742917116804,True
575,Ridge,2022-01-10 06:45:00,238.0,240.9684565545337,True
575,Ridge,2022-01-10 06:50:00,238.0,259.6675267889721,True
575,Ridge,2022-01-10 06:55:00,238.0,258.43987395393793,True
575,Ridge,2022-01-10 07:00:00,230.0,256.13050470373787,True
575,Ridge,2022-01-10 07:05:00,206.0,235.0986269731357,True
575,Ridge,2022-01-10 07:10:00,197.0,251.30055792736766,True
575,Ridge,2022-01-10 07:15:00,211.0,198.91730290331705,True
575,Ridge,2022-01-10 07:20:00,216.0,236.7943168520609,True
575,Ridge,2022-01-10 07:25:00,212.0,231.208900257827,True
575,Ridge,2022-01-10 07:30:00,259.0,214.91041888112224,True
575,Ridge,2022-01-10 07:35:00,290.0,165.83124156859986,True
575,Ridge,2022-01-10 07:40:00,260.0,175.44445427655202,True
575,Ridge,2022-01-10 07:45:00,240.0,219.1049683331259,True
575,Ridge,2022-01-10 07:50:00,221.0,210.95198465433657,True
575,Ridge,2022-01-10 07:55:00,209.0,196.42982752480088,True
575,Ridge,2022-01-10 08:00:00,204.0,314.83871451361017,True
575,Ridge,2022-01-10 08:05:00,211.0,321.7911146720206,True
575,Ridge,2022-01-10 08:10:00,230.0,211.34781487421407,True
575,Ridge,2022-01-10 08:15:00,256.0,205.15734861842992,True
575,Ridge,2022-01-10 08:20:00,239.0,182.86801163543822,True
575,Ridge,2022-01-10 08:25:00,202.0,180.5568259825656,True
575,Ridge,2022-01-10 08:30:00,177.0,183.27184913301392,True
575,Ridge,2022-01-10 08:35:00,189.0,208.63352118630584,True
575,Ridge,2022-01-10 08:40:00,239.0,246.44900208003526,True
575,Ridge,2022-01-10 08:45:00,290.0,282.90299856562257,True
575,Ridge,2022-01-10 08:50:00,329.0,206.5226176603389,True
575,Ridge,2022-01-10 08:55:00,333.0,144.38015089312123,True
575,Ridge,2022-01-10 09:00:00,329.0,133.48521183177672,True
575,Ridge,2022-01-10 09:05:00,328.0,194.04362583141668,True
575,Ridge,2022-01-10 09:10:00,318.0,296.6755683679322,True
575,Ridge,2022-01-10 09:15:00,281.0,352.6480406448938,True
575,Ridge,2022-01-10 09:20:00,247.0,379.18497656014586,True
575,Ridge,2022-01-10 09:25:00,237.0,334.6292188140591,True
575,Ridge,2022-01-10 09:30:00,235.0,319.23559076616556,True
575,Ridge,2022-01-10 09:35:00,237.0,319.6528268115353,True
575,Ridge,2022-01-10 09:40:00,231.0,296.2164595559825,True
575,Ridge,2022-01-10 09:45:00,224.0,219.47594553457253,True
575,Ridge,2022-01-10 09:50:00,212.0,185.51138847259654,True
575,Ridge,2022-01-10 09:55:00,207.0,204.07591589718973,True
575,Ridge,2022-01-10 10:00:00,229.0,212.15543836036693,True
575,Ridge,2022-01-10 10:05:00,262.0,222.9061922855442,True
575,Ridge,2022-01-10 10:10:00,278.0,208.50494600880256,True
575,Ridge,2022-01-10 10:15:00,275.0,202.0911910983181,True
575,Ridge,2022-01-10 10:20:00,263.0,182.18476029684084,True
575,Ridge,2022-01-10 10:25:00,245.0,187.1600553961335,True
575,Ridge,2022-01-10 10:30:00,229.0,248.1369747361918,True
575,Ridge,2022-01-10 10:35:00,219.0,297.93510891247325,True
575,Ridge,2022-01-10 10:40:00,215.0,292.65597390395703,True
575,Ridge,2022-01-10 10:45:00,208.0,264.4904944348066,True
575,Ridge,2022-01-10 10:50:00,211.0,239.63606049980007,True
575,Ridge,2022-01-10 10:55:00,222.0,212.26397540863843,True
575,Ridge,2022-01-10 11:00:00,234.0,197.66260022805906,True
575,Ridge,2022-01-10 11:05:00,244.0,194.63878147036704,True
575,Ridge,2022-01-10 11:10:00,269.0,198.57917158088458,True
575,Ridge,2022-01-10 11:15:00,286.0,187.28952727411263,True
575,Ridge,2022-01-10 11:20:00,282.0,203.64974139130427,True
575,Ridge,2022-01-10 11:25:00,270.0,227.77989232574166,True
575,Ridge,2022-01-10 11:30:00,261.0,243.42070996493987,True
575,Ridge,2022-01-10 11:35:00,256.0,252.00816607212772,True
575,Ridge,2022-01-10 11:40:00,260.0,298.2520585310491,True
575,Ridge,2022-01-10 11:45:00,268.0,303.46646752079204,True
575,Ridge,2022-01-10 11:50:00,285.0,271.5418611901509,True
575,Ridge,2022-01-10 11:55:00,298.0,247.90384942692134,True
575,Ridge,2022-01-10 12:00:00,304.0,241.18445148687326,True
575,Ridge,2022-01-10 12:05:00,306.0,240.26007211154985,True
575,Ridge,2022-01-10 12:10:00,304.0,255.95852967385156,True
575,Ridge,2022-01-10 12:15:00,299.0,269.4098969176283,True
575,Ridge,2022-01-10 12:20:00,286.0,299.83486303652046,True
575,Ridge,2022-01-10 12:25:00,240.0,306.8279263678279,True
575,Ridge,2022-01-10 12:30:00,226.0,303.57651763903453,True
575,Ridge,2022-01-10 12:35:00,241.0,299.8921978211789,True
575,Ridge,2022-01-10 12:40:00,226.0,291.9379373732334,True
575,Ridge,2022-01-10 12:45:00,212.0,281.7820092722599,True
575,Ridge,2022-01-10 12:50:00,205.0,255.96652060596622,True
575,Ridge,2022-01-10 12:55:00,188.0,161.80425390717073,True
575,Ridge,2022-01-10 13:00:00,183.0,191.77297305699489,True
575,Ridge,2022-01-10 13:05:00,164.0,243.31422228632854,True
575,Ridge,2022-01-10 13:10:00,184.0,188.82194212634687,True
575,Ridge,2022-01-10 13:15:00,224.0,180.4499165161519,True
575,Ridge,2022-01-10 13:20:00,260.0,182.08672135915697,True
575,Ridge,2022-01-10 13:25:00,280.0,151.70586645820566,True
575,Ridge,2022-01-10 13:30:00,288.0,164.4027395994835,True
575,Ridge,2022-01-10 13:35:00,291.0,125.69681417357764,True
575,Ridge,2022-01-10 13:40:00,292.0,204.3000498961174,True
575,Ridge,2022-01-10 13:45:00,292.0,270.8850351099169,True
575,Ridge,2022-01-10 13:50:00,292.0,304.6866337215323,True
575,Ridge,2022-01-10 13:55:00,289.0,304.9081906390476,True
575,Ridge,2022-01-10 14:00:00,285.0,298.03410335150465,True
575,Ridge,2022-01-10 14:05:00,283.0,293.5075677132602,True
575,Ridge,2022-01-10 14:10:00,271.0,289.57741881944344,True
575,Ridge,2022-01-10 14:15:00,269.0,287.4155919455299,True
575,Ridge,2022-01-10 14:20:00,278.0,286.5212089990378,True
575,Ridge,2022-01-10 14:25:00,212.0,277.5815364494284,True
575,Ridge,2022-01-10 14:30:00,206.0,270.4533228184142,True
575,Ridge,2022-01-10 14:35:00,193.0,269.6661103391701,True
575,Ridge,2022-01-10 14:40:00,188.0,241.3269899973592,True
575,Ridge,2022-01-10 14:45:00,185.0,263.49234227156194,True
575,Ridge,2022-01-10 14:50:00,187.0,285.13215640745807,True
575,Ridge,2022-01-10 14:55:00,177.0,111.90255380659818,True
575,Ridge,2022-01-10 15:00:00,181.0,190.0003190194597,True
575,Ridge,2022-01-10 15:05:00,189.0,156.3028494286749,True
575,Ridge,2022-01-10 15:10:00,186.0,167.66117823081038,True
575,Ridge,2022-01-10 15:15:00,165.0,165.1709067687539,True
575,Ridge,2022-01-10 15:20:00,138.0,176.77157188301493,True
575,Ridge,2022-01-10 15:25:00,127.0,151.29730589835842,True
575,Ridge,2022-01-10 15:30:00,132.0,176.5124979714599,True
575,Ridge,2022-01-10 15:35:00,140.0,190.25941409350173,True
575,Ridge,2022-01-10 15:40:00,157.0,174.70016244918037,True
575,Ridge,2022-01-10 15:45:00,164.0,130.52436515250207,True
575,Ridge,2022-01-10 15:50:00,197.0,94.07571849899462,True
575,Ridge,2022-01-10 15:55:00,214.0,103.38862524245518,True
575,Ridge,2022-01-10 16:00:00,212.0,131.49220142388845,True
575,Ridge,2022-01-10 16:05:00,193.0,145.67877848541798,True
575,Ridge,2022-01-10 16:10:00,147.0,178.5493892943049,True
575,Ridge,2022-01-10 16:15:00,125.0,172.79194841178403,True
575,Ridge,2022-01-10 16:20:00,168.0,243.8688390847783,True
575,Ridge,2022-01-10 16:25:00,169.0,237.16061030962686,True
575,Ridge,2022-01-10 16:30:00,157.0,212.53738321830184,True
575,Ridge,2022-01-10 16:35:00,152.0,168.84889025747216,True
575,Ridge,2022-01-10 16:40:00,173.0,82.23849820331617,True
575,Ridge,2022-01-10 16:45:00,198.0,90.87473902860268,True
575,Ridge,2022-01-10 16:50:00,205.0,221.13803357926727,True
575,Ridge,2022-01-10 16:55:00,197.0,164.4628179914145,True
575,Ridge,2022-01-10 17:00:00,210.0,142.10320999929002,True
575,Ridge,2022-01-10 17:05:00,221.0,143.76890145982452,True
575,Ridge,2022-01-10 17:10:00,225.0,200.62749975867487,True
575,Ridge,2022-01-10 17:15:00,221.0,231.22459501051952,True
575,Ridge,2022-01-10 17:20:00,209.0,216.09751274842586,True
575,Ridge,2022-01-10 17:25:00,205.0,188.74099685281476,True
575,Ridge,2022-01-10 17:30:00,195.0,229.21963572156852,True
575,Ridge,2022-01-10 17:35:00,179.0,233.9207127974998,True
575,Ridge,2022-01-10 17:40:00,168.0,229.50883347926452,True
575,Ridge,2022-01-10 17:45:00,161.0,215.47990196858208,True
575,Ridge,2022-01-10 17:50:00,159.0,192.1794703456885,True
575,Ridge,2022-01-10 17:55:00,158.0,196.42891556999962,True
575,Ridge,2022-01-10 18:00:00,163.0,175.39171757737543,True
575,Ridge,2022-01-10 18:05:00,159.0,151.72913213145796,True
575,Ridge,2022-01-10 18:10:00,150.0,147.53751259312196,True
575,Ridge,2022-01-10 18:15:00,148.0,145.0011865387666,True
575,Ridge,2022-01-10 18:20:00,152.0,149.79678459128715,True
575,Ridge,2022-01-10 18:25:00,147.0,150.9378789469194,True
575,Ridge,2022-01-10 18:30:00,144.0,166.51481393328288,True
575,Ridge,2022-01-10 18:35:00,142.0,150.70002671220558,True
575,Ridge,2022-01-10 18:40:00,138.0,135.8328734838321,True
575,Ridge,2022-01-10 18:45:00,136.0,142.05340579609714,True
575,Ridge,2022-01-10 18:50:00,131.0,155.70290587600877,True
575,Ridge,2022-01-10 18:55:00,128.0,139.18961576552505,True
575,Ridge,2022-01-10 19:00:00,126.0,140.0799918850402,True
575,Ridge,2022-01-10 19:05:00,126.0,139.11120510035727,True
575,Ridge,2022-01-10 19:10:00,126.0,132.8659364127272,True
575,Ridge,2022-01-10 19:15:00,123.0,133.98582967880773,True
575,Ridge,2022-01-10 19:20:00,126.0,125.01139653375967,True
575,Ridge,2022-01-10 19:25:00,139.0,125.59621405166715,True
575,Ridge,2022-01-10 19:30:00,129.0,124.78086959201755,True
575,Ridge,2022-01-10 19:35:00,127.0,127.76716159245039,True
575,Ridge,2022-01-10 19:40:00,135.0,128.21139294075206,True
575,Ridge,2022-01-10 19:45:00,147.0,121.79538619741503,True
575,Ridge,2022-01-10 19:50:00,148.0,133.68933202674265,True
575,Ridge,2022-01-10 19:55:00,135.0,160.29752854043582,True
575,Ridge,2022-01-10 20:00:00,124.0,118.60020668600971,True
575,Ridge,2022-01-10 20:05:00,118.0,129.53813493875455,True
575,Ridge,2022-01-10 20:10:00,117.0,149.3172615160256,True
575,Ridge,2022-01-10 20:15:00,118.0,167.54798769272261,True
575,Ridge,2022-01-10 20:20:00,117.0,153.6324179311815,True
575,Ridge,2022-01-10 20:25:00,115.0,121.67464269772051,True
575,Ridge,2022-01-10 20:30:00,126.0,112.8089247565738,True
575,Ridge,2022-01-10 20:35:00,137.0,111.7645127895318,True
575,Ridge,2022-01-10 20:40:00,141.0,117.26974501166913,True
575,Ridge,2022-01-10 20:45:00,141.0,121.57399327954334,True
575,Ridge,2022-01-10 20:50:00,133.0,118.93132261916897,True
575,Ridge,2022-01-10 20:55:00,134.0,115.92113592827224,True
575,Ridge,2022-01-10 21:00:00,139.0,144.65726290488783,True
575,Ridge,2022-01-10 21:05:00,139.0,155.801679625953,True
575,Ridge,2022-01-10 21:10:00,144.0,159.6313585647779,True
575,Ridge,2022-01-10 21:15:00,145.0,156.14362030884251,True
575,Ridge,2022-01-10 21:20:00,140.0,134.97932031580606,True
575,Ridge,2022-01-10 21:25:00,148.0,144.9140426694258,True
575,Ridge,2022-01-10 21:30:00,158.0,151.5847755117094,True
575,Ridge,2022-01-10 21:35:00,163.0,143.38967308368845,True
575,Ridge,2022-01-10 21:40:00,158.0,153.3743472173569,True
575,Ridge,2022-01-10 21:45:00,148.0,146.43375925794558,True
575,Ridge,2022-01-10 21:50:00,155.0,132.73548330880578,True
575,Ridge,2022-01-10 21:55:00,170.0,158.84148198882565,True
575,Ridge,2022-01-10 22:00:00,181.0,170.8268593833647,True
575,Ridge,2022-01-10 22:05:00,176.0,169.74743863884444,True
575,Ridge,2022-01-10 22:10:00,174.0,151.3079792140534,True
575,Ridge,2022-01-10 22:15:00,175.0,133.9480528134158,True
575,Ridge,2022-01-10 22:20:00,165.0,163.97949919692923,True
575,Ridge,2022-01-10 22:25:00,153.0,189.30865546996958,True
575,Ridge,2022-01-10 22:30:00,148.0,196.0771341124938,True
575,Ridge,2022-01-10 22:35:00,140.0,169.4566180376848,True
575,Ridge,2022-01-10 22:40:00,133.0,171.70377002108864,True
575,Ridge,2022-01-10 22:45:00,127.0,174.9351151726559,True
575,Ridge,2022-01-10 22:50:00,123.0,149.35554806495674,True
575,Ridge,2022-01-10 22:55:00,131.0,134.98299712077258,True
575,Ridge,2022-01-10 23:00:00,140.0,138.66982521950771,True
575,Ridge,2022-01-10 23:05:00,148.0,125.51660807703718,True
575,Ridge,2022-01-10 23:10:00,154.0,119.61203521011169,True
575,Ridge,2022-01-10 23:15:00,159.0,115.3767856694065,True
575,Ridge,2022-01-10 23:20:00,169.0,115.4676650844307,True
575,Ridge,2022-01-10 23:25:00,167.0,141.0516493423884,True
575,Ridge,2022-01-10 23:30:00,160.0,151.75749169003237,True
575,Ridge,2022-01-10 23:35:00,162.0,160.03380056600292,True
575,Ridge,2022-01-10 23:40:00,169.0,164.1181147693244,True
575,Ridge,2022-01-10 23:45:00,171.0,168.12338005406417,True
575,Ridge,2022-01-10 23:50:00,171.0,185.04724328718603,True
575,Ridge,2022-01-10 23:55:00,176.0,166.1501441168559,True
575,Ridge,2022-01-11 00:00:00,177.0,153.0713092228061,True
575,Ridge,2022-01-11 00:05:00,172.0,166.39184278516242,True
575,Ridge,2022-01-11 00:10:00,165.0,179.3330463024293,True
575,Ridge,2022-01-11 00:15:00,159.0,174.52898467040004,True
575,Ridge,2022-01-11 00:20:00,153.0,172.0929169096981,True
575,Ridge,2022-01-11 00:25:00,148.0,184.89575893701735,True
575,Ridge,2022-01-11 00:30:00,138.0,179.46779231833443,True
575,Ridge,2022-01-11 00:35:00,116.0,166.02858098316386,True
575,Ridge,2022-01-11 00:40:00,112.0,155.37059216923092,True
575,Ridge,2022-01-11 00:45:00,117.0,149.82804551361687,True
575,Ridge,2022-01-11 00:50:00,116.0,142.88847840904631,True
575,Ridge,2022-01-11 00:55:00,109.0,138.45069649688483,True
575,Ridge,2022-01-11 01:00:00,103.0,121.28409826433047,True
575,Ridge,2022-01-11 01:05:00,95.0,82.69114020509143,True
575,Ridge,2022-01-11 01:10:00,99.0,102.1339054295786,True
575,Ridge,2022-01-11 01:15:00,99.0,120.05616825333256,True
575,Ridge,2022-01-11 01:20:00,93.0,112.95474781615195,True
575,Ridge,2022-01-11 01:25:00,87.0,99.63060904633123,True
575,Ridge,2022-01-11 01:30:00,80.0,95.67909866786381,True
575,Ridge,2022-01-11 01:35:00,73.0,84.77958519764297,True
575,Ridge,2022-01-11 01:40:00,72.0,106.22338291133912,True
575,Ridge,2022-01-11 01:45:00,80.0,101.04553593213997,True
575,Ridge,2022-01-11 01:50:00,86.0,88.90840660864835,True
575,Ridge,2022-01-11 01:55:00,93.0,83.056165643549,True
575,Ridge,2022-01-11 02:00:00,96.0,74.06653024951717,True
575,Ridge,2022-01-11 02:05:00,97.0,67.26890709313098,True
575,Ridge,2022-01-11 02:10:00,97.0,75.44587793343491,True
575,Ridge,2022-01-11 02:15:00,97.0,96.79539152263723,True
575,Ridge,2022-01-11 02:20:00,97.0,100.72418181945577,True
575,Ridge,2022-01-11 02:25:00,98.0,110.25959758122261,True
575,Ridge,2022-01-11 02:30:00,98.0,107.82899011267415,True
575,Ridge,2022-01-11 02:35:00,98.0,106.73946308209128,True
575,Ridge,2022-01-11 02:40:00,97.0,105.41301390589976,True
575,Ridge,2022-01-11 02:45:00,96.0,105.18353623340477,True
575,Ridge,2022-01-11 02:50:00,95.0,105.02069276726891,True
575,Ridge,2022-01-11 02:55:00,94.0,107.21376608560722,True
575,Ridge,2022-01-11 03:00:00,94.0,105.47771394359074,True
575,Ridge,2022-01-11 03:05:00,96.0,105.40253648140873,True
575,Ridge,2022-01-11 03:10:00,96.0,102.90246064573554,True
575,Ridge,2022-01-11 03:15:00,96.0,101.90752744275132,True
575,Ridge,2022-01-11 03:20:00,96.0,100.60988093147341,True
575,Ridge,2022-01-11 03:25:00,96.0,99.47709825707864,True
575,Ridge,2022-01-11 03:30:00,95.0,100.7333230494906,True
575,Ridge,2022-01-11 03:35:00,94.0,105.49166712885108,True
575,Ridge,2022-01-11 03:40:00,90.0,102.75315770980527,True
575,Ridge,2022-01-11 03:45:00,87.0,103.04245660601889,True
575,Ridge,2022-01-11 03:50:00,87.0,102.91426377185613,True
575,Ridge,2022-01-11 03:55:00,88.0,102.98511461756968,True
575,Ridge,2022-01-11 04:00:00,90.0,100.56569675100792,True
575,Ridge,2022-01-11 04:05:00,91.0,99.57154127275149,True
575,Ridge,2022-01-11 04:10:00,91.0,91.18817403793136,True
575,Ridge,2022-01-11 04:15:00,90.0,89.56846468380341,True
575,Ridge,2022-01-11 04:20:00,91.0,93.43206651621126,True
575,Ridge,2022-01-11 04:25:00,91.0,95.77974056713111,True
575,Ridge,2022-01-11 04:30:00,91.0,99.7880433671694,True
575,Ridge,2022-01-11 04:35:00,91.0,99.65370454521396,True
575,Ridge,2022-01-11 04:40:00,92.0,98.48876631471853,True
575,Ridge,2022-01-11 04:45:00,92.0,96.1077217690706,True
575,Ridge,2022-01-11 04:50:00,92.0,99.9525558126547,True
575,Ridge,2022-01-11 04:55:00,92.0,98.5143887257411,True
575,Ridge,2022-01-11 05:00:00,91.0,98.75998151223881,True
575,Ridge,2022-01-11 05:05:00,91.0,98.62803821214612,True
575,Ridge,2022-01-11 05:10:00,90.0,100.9708430292019,True
575,Ridge,2022-01-11 05:15:00,88.0,99.56883238538184,True
575,Ridge,2022-01-11 05:20:00,87.0,99.73452046753704,True
575,Ridge,2022-01-11 05:25:00,87.0,99.67919350262576,True
575,Ridge,2022-01-11 05:30:00,87.0,97.26253540137594,True
575,Ridge,2022-01-11 05:35:00,87.0,98.60715619892207,True
575,Ridge,2022-01-11 05:40:00,87.0,96.01036777984997,True
575,Ridge,2022-01-11 05:45:00,88.0,92.70189753698838,True
575,Ridge,2022-01-11 05:50:00,88.0,93.02728751602774,True
575,Ridge,2022-01-11 05:55:00,89.0,94.30202356482974,True
575,Ridge,2022-01-11 06:00:00,90.0,94.41705333120132,True
575,Ridge,2022-01-11 06:05:00,92.0,94.59310477558527,True
575,Ridge,2022-01-11 06:10:00,94.0,94.73443382634667,True
575,Ridge,2022-01-11 06:15:00,96.0,97.21075190215686,True
575,Ridge,2022-01-11 06:20:00,96.0,95.83282968332692,True
575,Ridge,2022-01-11 06:25:00,97.0,98.41777032658898,True
575,Ridge,2022-01-11 06:30:00,98.0,99.35856632395087,True
575,Ridge,2022-01-11 06:35:00,98.0,102.90337016884618,True
575,Ridge,2022-01-11 06:40:00,99.0,104.83008915536703,True
575,Ridge,2022-01-11 06:45:00,99.0,106.90456203930073,True
575,Ridge,2022-01-11 06:50:00,99.0,104.11884101680027,True
575,Ridge,2022-01-11 06:55:00,98.0,106.54104884766542,True
575,Ridge,2022-01-11 07:00:00,98.0,107.25313216035605,True
575,Ridge,2022-01-11 07:05:00,95.0,105.86108014163071,True
575,Ridge,2022-01-11 07:10:00,89.0,108.19272799190271,True
575,Ridge,2022-01-11 07:15:00,89.0,106.5691064954939,True
575,Ridge,2022-01-11 07:20:00,91.0,106.57718462643105,True
575,Ridge,2022-01-11 07:25:00,85.0,103.95872606089674,True
575,Ridge,2022-01-11 07:30:00,88.0,105.31916701234489,True
575,Ridge,2022-01-11 07:35:00,100.0,97.87885877612192,True
575,Ridge,2022-01-11 07:40:00,89.0,87.62684457820407,True
575,Ridge,2022-01-11 07:45:00,96.0,95.74402323632525,True
575,Ridge,2022-01-11 07:50:00,102.0,100.12761455338374,True
575,Ridge,2022-01-11 07:55:00,107.0,83.4389858827459,True
575,Ridge,2022-01-11 08:00:00,111.0,99.61999446605728,True
575,Ridge,2022-01-11 08:05:00,110.0,123.49034716848966,True
575,Ridge,2022-01-11 08:10:00,114.0,80.95705134831928,True
575,Ridge,2022-01-11 08:15:00,121.0,114.6969056538603,True
575,Ridge,2022-01-11 08:20:00,130.0,116.8505341933481,True
575,Ridge,2022-01-11 08:25:00,115.0,122.43286895996333,True
575,Ridge,2022-01-11 08:30:00,107.0,124.61728448685237,True
575,Ridge,2022-01-11 08:35:00,101.0,116.51925227299624,True
575,Ridge,2022-01-11 08:40:00,110.0,127.75574074932182,True
575,Ridge,2022-01-11 08:45:00,123.0,137.99087759890787,True
575,Ridge,2022-01-11 08:50:00,132.0,149.88567832992362,True
575,Ridge,2022-01-11 08:55:00,128.0,101.14059996390463,True
575,Ridge,2022-01-11 09:00:00,124.0,103.6146366005963,True
575,Ridge,2022-01-11 09:05:00,126.0,97.24440024756777,True
575,Ridge,2022-01-11 09:10:00,128.0,127.2645904606409,True
575,Ridge,2022-01-11 09:15:00,130.0,145.85576437199154,True
575,Ridge,2022-01-11 09:20:00,124.0,150.7551497277516,True
575,Ridge,2022-01-11 09:25:00,120.0,129.05061993091476,True
575,Ridge,2022-01-11 09:30:00,117.0,124.685488397549,True
575,Ridge,2022-01-11 09:35:00,118.0,133.84781168924087,True
575,Ridge,2022-01-11 09:40:00,119.0,135.95307166840558,True
575,Ridge,2022-01-11 09:45:00,123.0,138.54874568872816,True
575,Ridge,2022-01-11 09:50:00,129.0,120.93845761669081,True
575,Ridge,2022-01-11 09:55:00,139.0,123.84922082669898,True
575,Ridge,2022-01-11 10:00:00,157.0,122.50196759930259,True
575,RandomForest,2022-01-02 00:00:00,209.0,210.25862618691247,True
575,RandomForest,2022-01-02 00:05:00,209.0,215.6435867850285,True
575,RandomForest,2022-01-02 00:10:00,208.0,215.42500994376206,True
575,RandomForest,2022-01-02 00:15:00,207.0,198.5649042184466,True
575,RandomForest,2022-01-02 00:20:00,201.0,198.0021757617257,True
575,RandomForest,2022-01-02 00:25:00,190.0,204.42573668891393,True
575,RandomForest,2022-01-02 00:30:00,183.0,206.8718322890449,True
575,RandomForest,2022-01-02 00:35:00,179.0,207.52311799151576,True
575,RandomForest,2022-01-02 00:40:00,180.0,203.79965937366572,True
575,RandomForest,2022-01-02 00:45:00,177.0,199.97138935576706,True
575,RandomForest,2022-01-02 00:50:00,174.0,183.81375102910457,True
575,RandomForest,2022-01-02 00:55:00,173.0,176.42015219074955,True
575,RandomForest,2022-01-02 01:00:00,173.0,161.08648564257908,True
575,RandomForest,2022-01-02 01:05:00,171.0,162.14104307959985,True
575,RandomForest,2022-01-02 01:10:00,169.0,176.6242516365815,True
575,RandomForest,2022-01-02 01:15:00,167.0,163.55781959105235,True
575,RandomForest,2022-01-02 01:20:00,162.0,163.75180096379873,True
575,RandomForest,2022-01-02 01:25:00,160.0,167.50979994504294,True
575,RandomForest,2022-01-02 01:30:00,158.0,171.15491207088377,True
575,RandomForest,2022-01-02 01:35:00,156.0,162.6436129886796,True
575,RandomForest,2022-01-02 01:40:00,155.0,162.81043396327541,True
575,RandomForest,2022-01-02 01:45:00,154.0,162.62720439935347,True
575,RandomForest,2022-01-02 01:50:00,153.0,151.47632208599612,True
575,RandomForest,2022-01-02 01:55:00,153.0,151.74028788022778,True
575,RandomForest,2022-01-02 02:00:00,153.0,148.9783013750492,True
575,RandomForest,2022-01-02 02:05:00,153.0,147.27873339958114,True
575,RandomForest,2022-01-02 02:10:00,152.0,146.9722835252208,True
575,RandomForest,2022-01-02 02:15:00,151.0,143.69783146753238,True
575,RandomForest,2022-01-02 02:20:00,150.0,144.13319064285596,True
575,RandomForest,2022-01-02 02:25:00,148.0,152.5715108318701,True
575,RandomForest,2022-01-02 02:30:00,148.0,152.87005122400305,True
575,RandomForest,2022-01-02 02:35:00,148.0,153.20252561423163,True
575,RandomForest,2022-01-02 02:40:00,147.0,145.22770679995998,True
575,RandomForest,2022-01-02 02:45:00,146.0,145.03217595816014,True
575,RandomForest,2022-01-02 02:50:00,145.0,145.3720078155745,True
575,RandomForest,2022-01-02 02:55:00,145.0,142.5838933167746,True
575,RandomForest,2022-01-02 03:00:00,146.0,147.97452792787718,True
575,RandomForest,2022-01-02 03:05:00,148.0,148.55187809181723,True
575,RandomForest,2022-01-02 03:10:00,147.0,142.82223018015387,True
575,RandomForest,2022-01-02 03:15:00,146.0,142.68921544354268,True
575,RandomForest,2022-01-02 03:20:00,146.0,142.80042520386138,True
575,RandomForest,2022-01-02 03:25:00,146.0,144.03033467742637,True
575,RandomForest,2022-01-02 03:30:00,146.0,148.4432939943845,True
575,RandomForest,2022-01-02 03:35:00,145.0,153.70613481814527,True
575,RandomForest,2022-01-02 03:40:00,145.0,144.85569022427055,True
575,RandomForest,2022-01-02 03:45:00,143.0,144.40852649816497,True
575,RandomForest,2022-01-02 03:50:00,142.0,145.5665687427555,True
575,RandomForest,2022-01-02 03:55:00,142.0,145.49449180926968,True
575,RandomForest,2022-01-02 04:00:00,142.0,145.74015440114843,True
575,RandomForest,2022-01-02 04:05:00,142.0,143.11720189005516,True
575,RandomForest,2022-01-02 04:10:00,141.0,144.84221185380736,True
575,RandomForest,2022-01-02 04:15:00,141.0,138.2031852130578,True
575,RandomForest,2022-01-02 04:20:00,141.0,138.02132915651464,True
575,RandomForest,2022-01-02 04:25:00,140.0,139.13467565475406,True
575,RandomForest,2022-01-02 04:30:00,141.0,138.81345725493446,True
575,RandomForest,2022-01-02 04:35:00,141.0,139.51939786710133,True
575,RandomForest,2022-01-02 04:40:00,141.0,138.40225750729843,True
575,RandomForest,2022-01-02 04:45:00,144.0,140.015993079113,True
575,RandomForest,2022-01-02 04:50:00,146.0,139.97414780727496,True
575,RandomForest,2022-01-02 04:55:00,146.0,137.82125542370457,True
575,RandomForest,2022-01-02 05:00:00,146.0,143.96120035561162,True
575,RandomForest,2022-01-02 05:05:00,147.0,139.37679653689892,True
575,RandomForest,2022-01-02 05:10:00,147.0,139.8068449814979,True
575,RandomForest,2022-01-02 05:15:00,147.0,154.75175262744787,True
575,RandomForest,2022-01-02 05:20:00,148.0,152.68833664085665,True
575,RandomForest,2022-01-02 05:25:00,149.0,148.24392296368237,True
575,RandomForest,2022-01-02 05:30:00,150.0,147.67456530025734,True
575,RandomForest,2022-01-02 05:35:00,150.0,152.50199886327226,True
575,RandomForest,2022-01-02 05:40:00,150.0,147.81291674666886,True
575,RandomForest,2022-01-02 05:45:00,150.0,149.12395436176897,True
575,RandomForest,2022-01-02 05:50:00,150.0,155.15364290201015,True
575,RandomForest,2022-01-02 05:55:00,150.0,157.49897348361384,True
575,RandomForest,2022-01-02 06:00:00,150.0,156.18711209454236,True
575,RandomForest,2022-01-02 06:05:00,150.0,151.2047108945572,True
575,RandomForest,2022-01-02 06:10:00,148.0,152.09245189151753,True
575,RandomForest,2022-01-02 06:15:00,148.0,152.11150180930682,True
575,RandomForest,2022-01-02 06:20:00,148.0,151.19348066465574,True
575,RandomForest,2022-01-02 06:25:00,148.0,153.30766515637558,True
575,RandomForest,2022-01-02 06:30:00,149.0,153.40666005216838,True
575,RandomForest,2022-01-02 06:35:00,150.0,153.55038530458947,True
575,RandomForest,2022-01-02 06:40:00,152.0,147.74471371374815,True
575,RandomForest,2022-01-02 06:45:00,154.0,150.46445081758444,True
575,RandomForest,2022-01-02 06:50:00,155.0,150.6665489984205,True
575,RandomForest,2022-01-02 06:55:00,156.0,150.72546329615977,True
575,RandomForest,2022-01-02 07:00:00,156.0,154.91410957702305,True
575,RandomForest,2022-01-02 07:05:00,156.0,155.95816771786252,True
575,RandomForest,2022-01-02 07:10:00,157.0,158.92209580065344,True
575,RandomForest,2022-01-02 07:15:00,157.0,159.818958051335,True
575,RandomForest,2022-01-02 07:20:00,156.0,158.05125671025914,True
575,RandomForest,2022-01-02 07:25:00,155.0,158.74690522623686,True
575,RandomForest,2022-01-02 07:30:00,155.0,158.0766583699982,True
575,RandomForest,2022-01-02 07:35:00,156.0,158.25070248764527,True
575,RandomForest,2022-01-02 07:40:00,157.0,158.87145091375814,True
575,RandomForest,2022-01-02 07:45:00,158.0,158.18586047520097,True
575,RandomForest,2022-01-02 07:50:00,159.0,155.57823959443039,True
575,RandomForest,2022-01-02 07:55:00,160.0,154.94117295324278,True
575,RandomForest,2022-01-02 08:00:00,163.0,156.63152628610325,True
575,RandomForest,2022-01-02 08:05:00,163.0,158.64037343170432,True
575,RandomForest,2022-01-02 08:10:00,162.0,158.73805052408701,True
575,RandomForest,2022-01-02 08:15:00,164.0,162.0586707975434,True
575,RandomForest,2022-01-02 08:20:00,166.0,163.8364113243966,True
575,RandomForest,2022-01-02 08:25:00,171.0,164.79537470499065,True
575,RandomForest,2022-01-02 08:30:00,173.0,169.63368708078102,True
575,RandomForest,2022-01-02 08:35:00,175.0,165.14185840845803,True
575,RandomForest,2022-01-02 08:40:00,179.0,164.02469385833362,True
575,RandomForest,2022-01-02 08:45:00,183.0,169.69510028198098,True
575,RandomForest,2022-01-02 08:50:00,185.0,172.1402834850677,True
575,RandomForest,2022-01-02 08:55:00,191.0,181.63075135629825,True
575,RandomForest,2022-01-02 09:00:00,199.0,181.0538316309643,True
575,RandomForest,2022-01-02 09:05:00,202.0,184.11479796922936,True
575,RandomForest,2022-01-02 09:10:00,208.0,190.68501098209828,True
575,RandomForest,2022-01-02 09:15:00,171.0,198.05309545678597,True
575,RandomForest,2022-01-02 09:20:00,179.0,193.0568886795393,True
575,RandomForest,2022-01-02 09:25:00,188.0,208.31532469112128,True
575,RandomForest,2022-01-02 09:30:00,197.0,219.35891491488658,True
575,RandomForest,2022-01-02 09:35:00,204.0,215.52019185289413,True
575,RandomForest,2022-01-02 09:40:00,212.0,225.64220039397836,True
575,RandomForest,2022-01-02 09:45:00,219.0,177.81134255684256,True
575,RandomForest,2022-01-02 09:50:00,224.0,202.74821978261264,True
575,RandomForest,2022-01-02 09:55:00,230.0,201.0834665382541,True
575,RandomForest,2022-01-02 10:00:00,235.0,217.75406788590251,True
575,RandomForest,2022-01-02 10:05:00,241.0,215.8497710886847,True
575,RandomForest,2022-01-02 10:10:00,248.0,223.88044815224723,True
575,RandomForest,2022-01-02 10:15:00,252.0,225.05186091684516,True
575,RandomForest,2022-01-02 10:20:00,255.0,229.9527489096003,True
575,RandomForest,2022-01-02 10:25:00,257.0,243.05925088705095,True
575,RandomForest,2022-01-02 10:30:00,258.0,239.82365999850902,True
575,RandomForest,2022-01-02 10:35:00,257.0,247.68835099561784,True
575,RandomForest,2022-01-02 10:40:00,261.0,254.5461232842359,True
575,RandomForest,2022-01-02 10:45:00,261.0,261.44254059180156,True
575,RandomForest,2022-01-02 10:50:00,260.0,260.40958121852645,True
575,RandomForest,2022-01-02 10:55:00,257.0,252.6165213745311,True
575,RandomForest,2022-01-02 11:00:00,252.0,252.51659175966492,True
575,RandomForest,2022-01-02 11:05:00,246.0,251.2267327036009,True
575,RandomForest,2022-01-02 11:10:00,240.0,266.01159391734143,True
575,RandomForest,2022-01-02 11:15:00,236.0,258.87808593267874,True
575,RandomForest,2022-01-02 11:20:00,233.0,258.5384095874977,True
575,RandomForest,2022-01-02 11:25:00,230.0,242.86730904025933,True
575,RandomForest,2022-01-02 11:30:00,226.0,234.18593169395365,True
575,RandomForest,2022-01-02 11:35:00,224.0,225.67164004806978,True
575,RandomForest,2022-01-02 11:40:00,221.0,214.06745274989157,True
575,RandomForest,2022-01-02 11:45:00,217.0,214.51815123709628,True
575,RandomForest,2022-01-02 11:50:00,212.0,214.89344039479263,True
575,RandomForest,2022-01-02 11:55:00,204.0,210.15519777718623,True
575,RandomForest,2022-01-02 12:00:00,198.0,206.21844048830525,True
575,RandomForest,2022-01-02 12:05:00,196.0,201.99873548836163,True
575,RandomForest,2022-01-02 12:10:00,197.0,200.57575674793318,True
575,RandomForest,2022-01-02 12:15:00,203.0,194.33679418625977,True
575,RandomForest,2022-01-02 12:20:00,205.0,193.48926365647677,True
575,RandomForest,2022-01-02 12:25:00,204.0,179.51313797500384,True
575,RandomForest,2022-01-02 12:30:00,211.0,177.66725146695964,True
575,RandomForest,2022-01-02 12:35:00,215.0,175.02987995238084,True
575,RandomForest,2022-01-02 12:40:00,218.0,188.532056704941,True
575,RandomForest,2022-01-02 12:45:00,220.0,197.28950542996313,True
575,RandomForest,2022-01-02 12:50:00,222.0,197.23685816465274,True
575,RandomForest,2022-01-02 12:55:00,235.0,189.1787056339806,True
575,RandomForest,2022-01-02 13:00:00,242.0,215.17737021452277,True
575,RandomForest,2022-01-02 13:05:00,251.0,220.916321419245,True
575,RandomForest,2022-01-02 13:10:00,257.0,218.37316959850457,True
575,RandomForest,2022-01-02 13:15:00,265.0,226.85137509899795,True
575,RandomForest,2022-01-02 13:20:00,267.0,223.11871183578583,True
575,RandomForest,2022-01-02 13:25:00,268.0,244.9872294135367,True
575,RandomForest,2022-01-02 13:30:00,267.0,246.34176596942845,True
575,RandomForest,2022-01-02 13:35:00,266.0,262.4944942525827,True
575,RandomForest,2022-01-02 13:40:00,265.0,260.00826542609377,True
575,RandomForest,2022-01-02 13:45:00,262.0,268.8560006007249,True
575,RandomForest,2022-01-02 13:50:00,259.0,260.11656569694594,True
575,RandomForest,2022-01-02 13:55:00,257.0,263.62602716306463,True
575,RandomForest,2022-01-02 14:00:00,255.0,249.8264075535781,True
575,RandomForest,2022-01-02 14:05:00,256.0,251.6048290062393,True
575,RandomForest,2022-01-02 14:10:00,253.0,255.21943978407555,True
575,RandomForest,2022-01-02 14:15:00,246.0,243.35549056724878,True
575,RandomForest,2022-01-02 14:20:00,229.0,237.71045853297824,True
575,RandomForest,2022-01-02 14:25:00,218.0,239.74233655967913,True
575,RandomForest,2022-01-02 14:30:00,213.0,236.94469011348804,True
575,RandomForest,2022-01-02 14:35:00,210.0,247.65862386635018,True
575,RandomForest,2022-01-02 14:40:00,207.0,236.80801770504888,True
575,RandomForest,2022-01-02 14:45:00,209.0,226.1241110917324,True
575,RandomForest,2022-01-02 14:50:00,216.0,200.76768954684212,True
575,RandomForest,2022-01-02 14:55:00,216.0,186.849827497205,True
575,RandomForest,2022-01-02 15:00:00,216.0,195.22119127821995,True
575,RandomForest,2022-01-02 15:05:00,217.0,193.07300284734572,True
575,RandomForest,2022-01-02 15:10:00,221.0,185.33551796300475,True
575,RandomForest,2022-01-02 15:15:00,225.0,197.398319214657,True
575,RandomForest,2022-01-02 15:20:00,228.0,215.1123850024681,True
575,RandomForest,2022-01-02 15:25:00,229.0,206.50990711430208,True
575,RandomForest,2022-01-02 15:30:00,227.0,210.02865810670625,True
575,RandomForest,2022-01-02 15:35:00,229.0,211.5909009133627,True
575,RandomForest,2022-01-02 15:40:00,231.0,221.3846526183873,True
575,RandomForest,2022-01-02 15:45:00,230.0,229.5483188714916,True
575,RandomForest,2022-01-02 15:50:00,229.0,229.92287067260153,True
575,RandomForest,2022-01-02 15:55:00,229.0,229.91957196703368,True
575,RandomForest,2022-01-02 16:00:00,227.0,213.88147178831798,True
575,RandomForest,2022-01-02 16:05:00,222.0,232.91315526955557,True
575,RandomForest,2022-01-02 16:10:00,221.0,229.74278042504645,True
575,RandomForest,2022-01-02 16:15:00,221.0,224.23712319304516,True
575,RandomForest,2022-01-02 16:20:00,224.0,222.33379077515815,True
575,RandomForest,2022-01-02 16:25:00,232.0,225.71615740281155,True
575,RandomForest,2022-01-02 16:30:00,235.0,210.26233624149597,True
575,RandomForest,2022-01-02 16:35:00,230.0,196.39349430637674,True
575,RandomForest,2022-01-02 16:40:00,224.0,212.91997983850632,True
575,RandomForest,2022-01-02 16:45:00,221.0,211.1518737857424,True
575,RandomForest,2022-01-02 16:50:00,218.0,216.01803062413416,True
575,RandomForest,2022-01-02 16:55:00,219.0,235.3395949477361,True
575,RandomForest,2022-01-02 17:00:00,219.0,234.13536802707893,True
575,RandomForest,2022-01-02 17:05:00,222.0,215.76276276521753,True
575,RandomForest,2022-01-02 17:10:00,226.0,206.59166981185172,True
575,RandomForest,2022-01-02 17:15:00,234.0,208.88856336721253,True
575,RandomForest,2022-01-02 17:20:00,239.0,208.95848397136083,True
575,RandomForest,2022-01-02 17:25:00,240.0,219.08481995249662,True
575,RandomForest,2022-01-02 17:30:00,245.0,217.7060506565754,True
575,RandomForest,2022-01-02 17:35:00,250.0,216.23632825612987,True
575,RandomForest,2022-01-02 17:40:00,254.0,224.63809411774037,True
575,RandomForest,2022-01-02 17:45:00,253.0,236.3382616713369,True
575,RandomForest,2022-01-02 17:50:00,248.0,244.27924565492998,True
575,RandomForest,2022-01-02 17:55:00,241.0,239.69354470177836,True
575,RandomForest,2022-01-02 18:00:00,233.0,246.094375126285,True
575,RandomForest,2022-01-02 18:05:00,225.0,246.1734736133743,True
575,RandomForest,2022-01-02 18:10:00,218.0,250.87537755484934,True
575,RandomForest,2022-01-02 18:15:00,208.0,245.44965274124283,True
575,RandomForest,2022-01-02 18:20:00,199.0,224.794971102255,True
575,RandomForest,2022-01-02 18:25:00,192.0,217.76232024630306,True
575,RandomForest,2022-01-02 18:30:00,183.0,192.46966052023006,True
575,RandomForest,2022-01-02 18:35:00,175.0,189.1688186396919,True
575,RandomForest,2022-01-02 18:40:00,166.0,184.44608495653316,True
575,RandomForest,2022-01-02 18:45:00,158.0,179.62771157489948,True
575,RandomForest,2022-01-02 18:50:00,152.0,166.46846902027244,True
575,RandomForest,2022-01-02 18:55:00,146.0,167.9389112966874,True
575,RandomForest,2022-01-02 19:00:00,137.0,152.80866314493161,True
575,RandomForest,2022-01-02 19:05:00,132.0,147.22083717973993,True
575,RandomForest,2022-01-02 19:10:00,126.0,133.35790440426211,True
575,RandomForest,2022-01-02 19:15:00,122.0,129.26999253082036,True
575,RandomForest,2022-01-02 19:20:00,120.0,128.46303616789567,True
575,RandomForest,2022-01-02 19:25:00,120.0,125.69417762241896,True
575,RandomForest,2022-01-02 19:30:00,114.0,113.90114167949221,True
575,RandomForest,2022-01-02 19:35:00,107.0,112.9029059786976,True
575,RandomForest,2022-01-02 19:40:00,102.0,106.93690467581358,True
575,RandomForest,2022-01-02 19:45:00,100.0,107.54628443383353,True
575,RandomForest,2022-01-02 19:50:00,97.0,105.36685112661378,True
575,RandomForest,2022-01-02 19:55:00,99.0,109.529698898621,True
575,RandomForest,2022-01-02 20:00:00,98.0,94.4243261678646,True
575,RandomForest,2022-01-02 20:05:00,96.0,90.7757769092537,True
575,RandomForest,2022-01-02 20:10:00,95.0,89.46484122304624,True
575,RandomForest,2022-01-02 20:15:00,96.0,93.18838886717056,True
575,RandomForest,2022-01-02 20:20:00,98.0,89.74267087932321,True
575,RandomForest,2022-01-02 20:25:00,101.0,107.25588515954794,True
575,RandomForest,2022-01-02 20:30:00,104.0,93.65422746419685,True
575,RandomForest,2022-01-02 20:35:00,108.0,89.00350633604428,True
575,RandomForest,2022-01-02 20:40:00,110.0,90.99025281554894,True
575,RandomForest,2022-01-02 20:45:00,109.0,100.26700144657069,True
575,RandomForest,2022-01-02 20:50:00,78.0,103.46660568110804,True
575,RandomForest,2022-01-02 20:55:00,81.0,113.80119666960118,True
575,RandomForest,2022-01-02 21:00:00,80.0,117.19318601648943,True
575,RandomForest,2022-01-02 21:05:00,81.0,118.55341636671393,True
575,RandomForest,2022-01-02 21:10:00,81.0,119.60924220995595,True
575,RandomForest,2022-01-02 21:15:00,80.0,110.64817800772752,True
575,RandomForest,2022-01-02 21:20:00,78.0,87.00014253374539,True
575,RandomForest,2022-01-02 21:25:00,78.0,96.53700108555367,True
575,RandomForest,2022-01-02 21:30:00,78.0,89.5509204792844,True
575,RandomForest,2022-01-02 21:35:00,77.0,93.85532332333622,True
575,RandomForest,2022-01-02 21:40:00,76.0,96.75370062282632,True
575,RandomForest,2022-01-02 21:45:00,78.0,85.74553043178999,True
575,RandomForest,2022-01-02 21:50:00,80.0,83.73418950706808,True
575,RandomForest,2022-01-02 21:55:00,81.0,87.36209820719151,True
575,RandomForest,2022-01-02 22:00:00,80.0,87.00086162859186,True
575,RandomForest,2022-01-02 22:05:00,82.0,84.06582162279611,True
575,RandomForest,2022-01-02 22:10:00,84.0,84.01071604133247,True
575,RandomForest,2022-01-02 22:15:00,90.0,91.24425069074903,True
575,RandomForest,2022-01-02 22:20:00,93.0,91.77787976169346,True
575,RandomForest,2022-01-02 22:25:00,95.0,84.97956576588929,True
575,RandomForest,2022-01-02 22:30:00,96.0,80.18618657972121,True
575,RandomForest,2022-01-02 22:35:00,99.0,92.30406607205695,True
575,RandomForest,2022-01-02 22:40:00,103.0,91.01431293712696,True
575,RandomForest,2022-01-02 22:45:00,105.0,115.54544147557971,True
575,RandomForest,2022-01-02 22:50:00,108.0,109.25693033402307,True
575,RandomForest,2022-01-02 22:55:00,108.0,105.34473031905625,True
575,RandomForest,2022-01-02 23:00:00,111.0,102.35821298534033,True
575,RandomForest,2022-01-02 23:05:00,113.0,117.50414714581684,True
575,RandomForest,2022-01-02 23:10:00,114.0,121.66108962467116,True
575,RandomForest,2022-01-02 23:15:00,112.0,117.44632501098788,True
575,RandomForest,2022-01-02 23:20:00,109.0,125.8729074956557,True
575,RandomForest,2022-01-02 23:25:00,107.0,114.005170410422,True
575,RandomForest,2022-01-02 23:30:00,105.0,123.5006105297956,True
575,RandomForest,2022-01-02 23:35:00,104.0,122.62234934594647,True
575,RandomForest,2022-01-02 23:40:00,102.0,119.99072462968549,True
575,RandomForest,2022-01-02 23:45:00,101.0,112.68804177012284,True
575,RandomForest,2022-01-02 23:50:00,101.0,105.44671595296293,True
575,RandomForest,2022-01-02 23:55:00,100.0,102.73743990229141,True
575,RandomForest,2022-01-03 00:00:00,100.0,99.70679468029674,True
575,RandomForest,2022-01-03 00:05:00,99.0,100.88620163910407,True
575,RandomForest,2022-01-03 00:10:00,100.0,97.55790783181048,True
575,RandomForest,2022-01-03 00:15:00,100.0,98.22726154652756,True
575,RandomForest,2022-01-03 00:20:00,101.0,101.19693477007527,True
575,RandomForest,2022-01-03 00:25:00,101.0,97.98908549359004,True
575,RandomForest,2022-01-03 00:30:00,102.0,99.44774411976434,True
575,RandomForest,2022-01-03 00:35:00,102.0,99.29995033691303,True
575,RandomForest,2022-01-03 00:40:00,103.0,101.23355807516741,True
575,RandomForest,2022-01-03 00:45:00,102.0,100.53493983096088,True
575,RandomForest,2022-01-03 00:50:00,100.0,100.99755656869696,True
575,RandomForest,2022-01-03 00:55:00,98.0,100.80018036080732,True
575,RandomForest,2022-01-03 01:00:00,96.0,106.2157673119605,True
575,RandomForest,2022-01-03 01:05:00,94.0,105.05176135704183,True
575,RandomForest,2022-01-03 01:10:00,93.0,108.07883937175285,True
575,RandomForest,2022-01-03 01:15:00,91.0,102.00432802116298,True
575,RandomForest,2022-01-03 01:20:00,91.0,98.2566104691519,True
575,RandomForest,2022-01-03 01:25:00,90.0,96.02459462785735,True
575,RandomForest,2022-01-03 01:30:00,90.0,91.91007461813889,True
575,RandomForest,2022-01-03 01:35:00,91.0,91.46837632811419,True
575,RandomForest,2022-01-03 01:40:00,90.0,92.03611869083021,True
575,RandomForest,2022-01-03 01:45:00,90.0,89.5718065585794,True
575,RandomForest,2022-01-03 01:50:00,88.0,93.52720031063109,True
575,RandomForest,2022-01-03 01:55:00,86.0,89.6052086260078,True
575,RandomForest,2022-01-03 02:00:00,85.0,92.59123019914665,True
575,RandomForest,2022-01-03 02:05:00,85.0,95.50358112479711,True
575,RandomForest,2022-01-03 02:10:00,84.0,89.3450996176934,True
575,RandomForest,2022-01-03 02:15:00,83.0,93.23096071486037,True
575,RandomForest,2022-01-03 02:20:00,82.0,86.60941053213159,True
575,RandomForest,2022-01-03 02:25:00,80.0,83.96701657362247,True
575,RandomForest,2022-01-03 02:30:00,80.0,83.39893413622647,True
575,RandomForest,2022-01-03 02:35:00,79.0,87.11564237273342,True
575,RandomForest,2022-01-03 02:40:00,78.0,83.78355991025839,True
575,RandomForest,2022-01-03 02:45:00,78.0,82.24274518396145,True
575,RandomForest,2022-01-03 02:50:00,77.0,80.90362662772924,True
575,RandomForest,2022-01-03 02:55:00,75.0,77.4493808775658,True
575,RandomForest,2022-01-03 03:00:00,74.0,81.55935849169299,True
575,RandomForest,2022-01-03 03:05:00,74.0,78.17153669228756,True
575,RandomForest,2022-01-03 03:10:00,73.0,77.13721237389443,True
575,RandomForest,2022-01-03 03:15:00,73.0,79.9416179556601,True
575,RandomForest,2022-01-03 03:20:00,72.0,75.54501594821424,True
575,RandomForest,2022-01-03 03:25:00,72.0,74.4015669525432,True
575,RandomForest,2022-01-03 03:30:00,72.0,75.07032308842355,True
575,RandomForest,2022-01-03 03:35:00,71.0,76.85657287445319,True
575,RandomForest,2022-01-03 03:40:00,71.0,75.53047472521396,True
575,RandomForest,2022-01-03 03:45:00,70.0,76.74249134723568,True
575,RandomForest,2022-01-03 03:50:00,70.0,72.86992303615607,True
575,RandomForest,2022-01-03 03:55:00,69.0,74.10070059239808,True
575,RandomForest,2022-01-03 04:00:00,68.0,74.65157213577542,True
575,RandomForest,2022-01-03 04:05:00,67.0,71.46174173107092,True
575,RandomForest,2022-01-03 04:10:00,66.0,72.2089947667571,True
575,RandomForest,2022-01-03 04:15:00,65.0,69.83483175217161,True
575,RandomForest,2022-01-03 04:20:00,65.0,71.1275333081702,True
575,RandomForest,2022-01-03 04:25:00,65.0,69.75501614487735,True
575,RandomForest,2022-01-03 04:30:00,64.0,70.10337384488537,True
575,RandomForest,2022-01-03 04:35:00,62.0,69.7717893620911,True
575,RandomForest,2022-01-03 04:40:00,60.0,69.86506675086271,True
575,RandomForest,2022-01-03 04:45:00,59.0,70.54890213898672,True
575,RandomForest,2022-01-03 04:50:00,59.0,71.2068322477174,True
575,RandomForest,2022-01-03 04:55:00,59.0,71.49398112268166,True
575,RandomForest,2022-01-03 05:00:00,58.0,70.87763898741949,True
575,RandomForest,2022-01-03 05:05:00,58.0,70.50977638848738,True
575,RandomForest,2022-01-03 05:10:00,57.0,68.31459802064026,True
575,RandomForest,2022-01-03 05:15:00,55.0,65.43279993724904,True
575,RandomForest,2022-01-03 05:20:00,54.0,71.81167492780295,True
575,RandomForest,2022-01-03 05:25:00,54.0,75.67692472605135,True
575,RandomForest,2022-01-03 05:30:00,53.0,69.5741002796584,True
575,RandomForest,2022-01-03 05:35:00,53.0,73.17330234544539,True
575,RandomForest,2022-01-03 05:40:00,54.0,64.46299890134314,True
575,RandomForest,2022-01-03 05:45:00,53.0,62.500205296726534,True
575,RandomForest,2022-01-03 05:50:00,54.0,60.811115809305484,True
575,RandomForest,2022-01-03 05:55:00,56.0,60.40385968422616,True
575,RandomForest,2022-01-03 06:00:00,55.0,60.26188387240641,True
575,RandomForest,2022-01-03 06:05:00,55.0,59.1870837291041,True
575,RandomForest,2022-01-03 06:10:00,56.0,61.210673329554986,True
575,RandomForest,2022-01-03 06:15:00,56.0,59.28805667967803,True
575,RandomForest,2022-01-03 06:20:00,56.0,61.30806024716463,True
575,RandomForest,2022-01-03 06:25:00,58.0,67.9438611149199,True
575,RandomForest,2022-01-03 06:30:00,59.0,60.95302269744207,True
575,RandomForest,2022-01-03 06:35:00,59.0,58.805106830181266,True
575,RandomForest,2022-01-03 06:40:00,59.0,61.35790543508383,True
575,RandomForest,2022-01-03 06:45:00,60.0,62.54497372653862,True
575,RandomForest,2022-01-03 06:50:00,71.0,67.90838884406931,True
575,RandomForest,2022-01-03 06:55:00,73.0,76.70962329625793,True
575,RandomForest,2022-01-03 07:00:00,76.0,80.99916357982289,True
575,RandomForest,2022-01-03 07:05:00,81.0,82.88142705551985,True
575,RandomForest,2022-01-03 07:10:00,87.0,83.88147246820265,True
575,RandomForest,2022-01-03 07:15:00,93.0,85.96113435688238,True
575,RandomForest,2022-01-03 07:20:00,100.0,124.98727685150101,True
575,RandomForest,2022-01-03 07:25:00,104.0,103.20055741364064,True
575,RandomForest,2022-01-03 07:30:00,106.0,99.7367641428052,True
575,RandomForest,2022-01-03 07:35:00,110.0,106.63547135782399,True
575,RandomForest,2022-01-03 07:40:00,113.0,114.62607818402175,True
575,RandomForest,2022-01-03 07:45:00,117.0,115.55598576295039,True
575,RandomForest,2022-01-03 07:50:00,121.0,129.394006879142,True
575,RandomForest,2022-01-03 07:55:00,124.0,123.70581450013907,True
575,RandomForest,2022-01-03 08:00:00,128.0,118.76889944902346,True
575,RandomForest,2022-01-03 08:05:00,132.0,131.0819254089982,True
575,RandomForest,2022-01-03 08:10:00,130.0,128.64431784064604,True
575,RandomForest,2022-01-03 08:15:00,130.0,134.8350721448955,True
575,RandomForest,2022-01-03 08:20:00,133.0,138.80547979400174,True
575,RandomForest,2022-01-03 08:25:00,132.0,136.49514898827582,True
575,RandomForest,2022-01-03 08:30:00,133.0,145.7790311172008,True
575,RandomForest,2022-01-03 08:35:00,135.0,147.94309070984775,True
575,RandomForest,2022-01-03 08:40:00,133.0,131.6853892589667,True
575,RandomForest,2022-01-03 08:45:00,130.0,136.0765144264423,True
575,RandomForest,2022-01-03 08:50:00,126.0,144.30609662175468,True
575,RandomForest,2022-01-03 08:55:00,126.0,131.72718042368055,True
575,RandomForest,2022-01-03 09:00:00,122.0,141.71018128600429,True
575,RandomForest,2022-01-03 09:05:00,118.0,145.4681099294135,True
575,RandomForest,2022-01-03 09:10:00,116.0,134.25154460581237,True
575,RandomForest,2022-01-03 09:15:00,115.0,131.19809190910664,True
575,RandomForest,2022-01-03 09:20:00,112.0,119.3345260475123,True
575,RandomForest,2022-01-03 09:25:00,109.0,128.66932476075107,True
575,RandomForest,2022-01-03 09:30:00,108.0,114.96143817176095,True
575,RandomForest,2022-01-03 09:35:00,105.0,113.61992065002461,True
575,RandomForest,2022-01-03 09:40:00,103.0,112.18908017672551,True
575,RandomForest,2022-01-03 09:45:00,101.0,111.72875700580414,True
575,RandomForest,2022-01-03 09:50:00,100.0,105.11306617513895,True
575,RandomForest,2022-01-03 09:55:00,99.0,100.10243472623316,True
575,RandomForest,2022-01-03 10:00:00,98.0,103.52177882635021,True
575,RandomForest,2022-01-03 10:05:00,98.0,97.70129076662008,True
575,RandomForest,2022-01-03 10:10:00,98.0,96.32861152145144,True
575,RandomForest,2022-01-03 10:15:00,98.0,96.14869025102873,True
575,RandomForest,2022-01-03 10:20:00,99.0,96.98234273510948,True
575,RandomForest,2022-01-03 10:25:00,100.0,95.79996560542517,True
575,RandomForest,2022-01-03 10:30:00,97.0,96.16332993668021,True
575,RandomForest,2022-01-03 10:35:00,95.0,100.35037985348386,True
575,RandomForest,2022-01-03 10:40:00,95.0,100.56524652623864,True
575,RandomForest,2022-01-03 10:45:00,93.0,101.02399080326542,True
575,RandomForest,2022-01-03 10:50:00,92.0,100.10599572128545,True
575,RandomForest,2022-01-03 10:55:00,91.0,101.75987878034103,True
575,RandomForest,2022-01-03 11:00:00,91.0,98.75147699137679,True
575,RandomForest,2022-01-03 11:05:00,91.0,95.77192791513902,True
575,RandomForest,2022-01-03 11:10:00,90.0,107.2239710011778,True
575,RandomForest,2022-01-03 11:15:00,90.0,95.90174771821441,True
575,RandomForest,2022-01-03 11:20:00,91.0,99.36549219839625,True
575,RandomForest,2022-01-03 11:25:00,92.0,97.35246973865841,True
575,RandomForest,2022-01-03 11:30:00,93.0,104.21657994986417,True
575,RandomForest,2022-01-03 11:35:00,93.0,104.29909243511793,True
575,RandomForest,2022-01-03 11:40:00,94.0,98.07613029036642,True
575,RandomForest,2022-01-03 11:45:00,95.0,102.08754245048357,True
575,RandomForest,2022-01-03 11:50:00,96.0,104.77616350214856,True
575,RandomForest,2022-01-03 11:55:00,98.0,107.74448058328495,True
575,RandomForest,2022-01-03 12:00:00,98.0,106.79240089207786,True
575,RandomForest,2022-01-03 12:05:00,99.0,108.02344345739844,True
575,RandomForest,2022-01-03 12:10:00,101.0,111.3798422846225,True
575,RandomForest,2022-01-03 12:15:00,101.0,109.78155586972736,True
575,RandomForest,2022-01-03 12:20:00,101.0,110.34396666678698,True
575,RandomForest,2022-01-03 12:25:00,102.0,110.52753393915572,True
575,RandomForest,2022-01-03 12:30:00,103.0,107.38048610177663,True
575,RandomForest,2022-01-03 12:35:00,103.0,107.73339240891019,True
575,RandomForest,2022-01-03 12:40:00,104.0,110.2851690607653,True
575,RandomForest,2022-01-03 12:45:00,105.0,109.86443883567634,True
575,RandomForest,2022-01-03 12:50:00,106.0,108.41376622784823,True
575,RandomForest,2022-01-03 12:55:00,106.0,111.92166120023533,True
575,RandomForest,2022-01-03 13:00:00,107.0,111.13331577662704,True
575,RandomForest,2022-01-03 13:05:00,107.0,110.55749316355703,True
575,RandomForest,2022-01-03 13:10:00,108.0,112.66715653121328,True
575,RandomForest,2022-01-03 13:15:00,108.0,111.98409006308479,True
575,RandomForest,2022-01-03 13:20:00,109.0,111.86920315585714,True
575,RandomForest,2022-01-03 13:25:00,109.0,110.55003611924047,True
575,RandomForest,2022-01-03 13:30:00,107.0,113.14788879863389,True
575,RandomForest,2022-01-03 13:35:00,108.0,111.74499442407792,True
575,RandomForest,2022-01-03 13:40:00,110.0,114.4841683892053,True
575,RandomForest,2022-01-03 13:45:00,111.0,112.37780231275123,True
575,RandomForest,2022-01-03 13:50:00,116.0,117.88398672479045,True
575,RandomForest,2022-01-03 13:55:00,123.0,114.14045180009172,True
575,RandomForest,2022-01-03 14:00:00,132.0,104.71171483610895,True
575,RandomForest,2022-01-03 14:05:00,142.0,111.3409395953642,True
575,RandomForest,2022-01-03 14:10:00,152.0,120.28795247468213,True
575,RandomForest,2022-01-03 14:15:00,161.0,118.62971101362818,True
575,RandomForest,2022-01-03 14:20:00,167.0,132.88948228917192,True
575,RandomForest,2022-01-03 14:25:00,172.0,151.0167095944895,True
575,RandomForest,2022-01-03 14:30:00,176.0,166.26278204881694,True
575,RandomForest,2022-01-03 14:35:00,181.0,176.1922395019153,True
575,RandomForest,2022-01-03 14:40:00,185.0,186.67111916772592,True
575,RandomForest,2022-01-03 14:45:00,189.0,194.1229905813777,True
575,RandomForest,2022-01-03 14:50:00,193.0,185.70192461880578,True
575,RandomForest,2022-01-03 14:55:00,195.0,190.59311019850776,True
575,RandomForest,2022-01-03 15:00:00,195.0,186.44303160384825,True
575,RandomForest,2022-01-03 15:05:00,194.0,198.05243850632414,True
575,RandomForest,2022-01-03 15:10:00,195.0,196.81145758971405,True
575,RandomForest,2022-01-03 15:15:00,196.0,191.83849579940943,True
575,RandomForest,2022-01-03 15:20:00,194.0,192.26928483601105,True
575,RandomForest,2022-01-03 15:25:00,187.0,194.13140440638614,True
575,RandomForest,2022-01-03 15:30:00,185.0,192.3647259090367,True
575,RandomForest,2022-01-03 15:35:00,184.0,185.55608680333842,True
575,RandomForest,2022-01-03 15:40:00,181.0,196.05347743234108,True
575,RandomForest,2022-01-03 15:45:00,177.0,195.6339076336978,True
575,RandomForest,2022-01-03 15:50:00,170.0,183.31493698709,True
575,RandomForest,2022-01-03 15:55:00,166.0,163.34572757212678,True
575,RandomForest,2022-01-03 16:00:00,162.0,177.94369724678072,True
575,RandomForest,2022-01-03 16:05:00,158.0,178.9421803417559,True
575,RandomForest,2022-01-03 16:10:00,154.0,166.6425342371545,True
575,RandomForest,2022-01-03 16:15:00,152.0,162.06537909050448,True
575,RandomForest,2022-01-03 16:20:00,148.0,146.86771659112722,True
575,RandomForest,2022-01-03 16:25:00,144.0,150.37278640610694,True
575,RandomForest,2022-01-03 16:30:00,140.0,146.99294866162953,True
575,RandomForest,2022-01-03 16:35:00,138.0,142.5036971579487,True
575,RandomForest,2022-01-03 16:40:00,136.0,136.01912482678208,True
575,RandomForest,2022-01-03 16:45:00,131.0,138.35798258481273,True
575,RandomForest,2022-01-03 16:50:00,126.0,134.1097423507632,True
575,RandomForest,2022-01-03 16:55:00,124.0,129.37840390611075,True
575,RandomForest,2022-01-03 17:00:00,122.0,127.28368539042543,True
575,RandomForest,2022-01-03 17:05:00,117.0,131.14948716686095,True
575,RandomForest,2022-01-03 17:10:00,115.0,130.4317316713946,True
575,RandomForest,2022-01-03 17:15:00,114.0,115.1525704291591,True
575,RandomForest,2022-01-03 17:20:00,113.0,111.96709294928029,True
575,RandomForest,2022-01-03 17:25:00,109.0,112.69221294479911,True
575,RandomForest,2022-01-03 17:30:00,106.0,111.45359434394692,True
575,RandomForest,2022-01-03 17:35:00,106.0,102.37051746563925,True
575,RandomForest,2022-01-03 17:40:00,102.0,106.93180670749065,True
575,RandomForest,2022-01-03 17:45:00,100.0,108.3973418070161,True
575,RandomForest,2022-01-03 17:50:00,99.0,109.63745756174019,True
575,RandomForest,2022-01-03 17:55:00,102.0,98.90545230622249,True
575,RandomForest,2022-01-03 18:00:00,101.0,97.65720701542044,True
575,RandomForest,2022-01-03 18:05:00,98.0,103.92915580291633,True
575,RandomForest,2022-01-03 18:10:00,95.0,94.25911319138685,True
575,RandomForest,2022-01-03 18:15:00,95.0,96.08377116922053,True
575,RandomForest,2022-01-03 18:20:00,96.0,95.36252651809616,True
575,RandomForest,2022-01-03 18:25:00,96.0,108.72596142480879,True
575,RandomForest,2022-01-03 18:30:00,96.0,97.78861619139988,True
575,RandomForest,2022-01-03 18:35:00,95.0,94.17205556951514,True
575,RandomForest,2022-01-03 18:40:00,96.0,89.97465505100143,True
575,RandomForest,2022-01-03 18:45:00,119.0,94.59325801900951,True
575,RandomForest,2022-01-03 18:50:00,127.0,98.11818079130957,True
575,RandomForest,2022-01-03 18:55:00,134.0,96.15253352531573,True
575,RandomForest,2022-01-03 19:00:00,141.0,97.35277408972003,True
575,RandomForest,2022-01-03 19:05:00,144.0,93.7079461421461,True
575,RandomForest,2022-01-03 19:10:00,145.0,102.89188879843158,True
575,RandomForest,2022-01-03 19:15:00,152.0,136.60554068320795,True
575,RandomForest,2022-01-03 19:20:00,161.0,140.76259267821305,True
575,RandomForest,2022-01-03 19:25:00,168.0,162.7899314178349,True
575,RandomForest,2022-01-03 19:30:00,172.0,162.53744327744795,True
575,RandomForest,2022-01-03 19:35:00,173.0,153.92212684617903,True
575,RandomForest,2022-01-03 19:40:00,178.0,149.6261086460048,True
575,RandomForest,2022-01-03 19:45:00,182.0,170.93598667376963,True
575,RandomForest,2022-01-03 19:50:00,182.0,184.33527888201309,True
575,RandomForest,2022-01-03 19:55:00,183.0,185.82152852751136,True
575,RandomForest,2022-01-03 20:00:00,185.0,176.86005209695227,True
575,RandomForest,2022-01-03 20:05:00,188.0,179.6442398644316,True
575,RandomForest,2022-01-03 20:10:00,192.0,193.71558839084256,True
575,RandomForest,2022-01-03 20:15:00,194.0,191.57297880178322,True
575,RandomForest,2022-01-03 20:20:00,199.0,183.3444172104508,True
575,RandomForest,2022-01-03 20:25:00,202.0,188.60364052960188,True
575,RandomForest,2022-01-03 20:30:00,204.0,190.16189684294153,True
575,RandomForest,2022-01-03 20:35:00,205.0,191.6701724793177,True
575,RandomForest,2022-01-03 20:40:00,205.0,194.38123634441,True
575,RandomForest,2022-01-03 20:45:00,207.0,191.7970311892102,True
575,RandomForest,2022-01-03 20:50:00,202.0,205.98593453644614,True
575,RandomForest,2022-01-03 20:55:00,192.0,206.57912587106046,True
575,RandomForest,2022-01-03 21:00:00,192.0,207.43683364202752,True
575,RandomForest,2022-01-03 21:05:00,188.0,207.58251928113452,True
575,RandomForest,2022-01-03 21:10:00,184.0,203.72722980000697,True
575,RandomForest,2022-01-03 21:15:00,180.0,211.02812853970877,True
575,RandomForest,2022-01-03 21:20:00,177.0,183.77838542038964,True
575,RandomForest,2022-01-03 21:25:00,173.0,175.92570774413946,True
575,RandomForest,2022-01-03 21:30:00,170.0,193.26256678641187,True
575,RandomForest,2022-01-03 21:35:00,165.0,171.3526195320549,True
575,RandomForest,2022-01-03 21:40:00,158.0,169.33169656821931,True
575,RandomForest,2022-01-03 21:45:00,152.0,162.41265868218503,True
575,RandomForest,2022-01-03 21:50:00,148.0,162.20764624376454,True
575,RandomForest,2022-01-03 21:55:00,147.0,158.39234145132647,True
575,RandomForest,2022-01-03 22:00:00,146.0,158.25750421195104,True
575,RandomForest,2022-01-03 22:05:00,144.0,151.92036496807097,True
575,RandomForest,2022-01-03 22:10:00,143.0,135.9706781434193,True
575,RandomForest,2022-01-03 22:15:00,142.0,131.61108462913907,True
575,RandomForest,2022-01-03 22:20:00,139.0,132.93399145581748,True
575,RandomForest,2022-01-03 22:25:00,135.0,135.378868723931,True
575,RandomForest,2022-01-03 22:30:00,135.0,133.6592762182863,True
575,RandomForest,2022-01-03 22:35:00,131.0,133.85369766430452,True
575,RandomForest,2022-01-03 22:40:00,128.0,133.56470282879374,True
575,RandomForest,2022-01-03 22:45:00,126.0,133.07643514661234,True
575,RandomForest,2022-01-03 22:50:00,125.0,128.05648178290403,True
575,RandomForest,2022-01-03 22:55:00,122.0,121.57185685365212,True
575,RandomForest,2022-01-03 23:00:00,117.0,131.8516543143689,True
575,RandomForest,2022-01-03 23:05:00,116.0,118.21568800223336,True
575,RandomForest,2022-01-03 23:10:00,115.0,121.20055197146671,True
575,RandomForest,2022-01-03 23:15:00,116.0,119.75080164281528,True
575,RandomForest,2022-01-03 23:20:00,114.0,119.14078913356634,True
575,RandomForest,2022-01-03 23:25:00,112.0,113.50919547393332,True
575,RandomForest,2022-01-03 23:30:00,112.0,105.59589071467087,True
575,RandomForest,2022-01-03 23:35:00,112.0,113.36648988041743,True
575,RandomForest,2022-01-03 23:40:00,112.0,110.82137195542933,True
575,RandomForest,2022-01-03 23:45:00,112.0,118.36747788608436,True
575,RandomForest,2022-01-03 23:50:00,111.0,108.93449406054243,True
575,RandomForest,2022-01-03 23:55:00,111.0,107.77056362013487,True
575,RandomForest,2022-01-04 00:00:00,110.0,113.99672195589523,True
575,RandomForest,2022-01-04 00:05:00,109.0,113.10730617166044,True
575,RandomForest,2022-01-04 00:10:00,108.0,113.2687304645933,True
575,RandomForest,2022-01-04 00:15:00,105.0,114.86084447076215,True
575,RandomForest,2022-01-04 00:20:00,103.0,109.69057056997883,True
575,RandomForest,2022-01-04 00:25:00,102.0,112.82661103893619,True
575,RandomForest,2022-01-04 00:30:00,101.0,110.49491707889392,True
575,RandomForest,2022-01-04 00:35:00,101.0,107.2199803051405,True
575,RandomForest,2022-01-04 00:40:00,100.0,104.59504329443176,True
575,RandomForest,2022-01-04 00:45:00,100.0,101.60334465178548,True
575,RandomForest,2022-01-04 00:50:00,100.0,99.62255227735044,True
575,RandomForest,2022-01-04 00:55:00,100.0,98.8717168582778,True
575,RandomForest,2022-01-04 01:00:00,100.0,97.8833179374598,True
575,RandomForest,2022-01-04 01:05:00,99.0,99.77831183753297,True
575,RandomForest,2022-01-04 01:10:00,98.0,97.86633978522187,True
575,RandomForest,2022-01-04 01:15:00,97.0,99.68241203150487,True
575,RandomForest,2022-01-04 01:20:00,97.0,99.31351768522335,True
575,RandomForest,2022-01-04 01:25:00,95.0,99.88052328392219,True
575,RandomForest,2022-01-04 01:30:00,94.0,99.87289381309627,True
575,RandomForest,2022-01-04 01:35:00,93.0,98.32608000787621,True
575,RandomForest,2022-01-04 01:40:00,93.0,96.54237376215406,True
575,RandomForest,2022-01-04 01:45:00,92.0,94.87467649415042,True
575,RandomForest,2022-01-04 01:50:00,92.0,95.29104050863609,True
575,RandomForest,2022-01-04 01:55:00,91.0,91.67162055858799,True
575,RandomForest,2022-01-04 02:00:00,90.0,92.59451322526598,True
575,RandomForest,2022-01-04 02:05:00,90.0,91.56552746841126,True
575,RandomForest,2022-01-04 02:10:00,88.0,92.96557944555092,True
575,RandomForest,2022-01-04 02:15:00,87.0,91.37614012899866,True
575,RandomForest,2022-01-04 02:20:00,86.0,92.56899897760539,True
575,RandomForest,2022-01-04 02:25:00,85.0,90.42561463386282,True
575,RandomForest,2022-01-04 02:30:00,85.0,89.60765967330612,True
575,RandomForest,2022-01-04 02:35:00,85.0,91.35248569650466,True
575,RandomForest,2022-01-04 02:40:00,85.0,86.41582834333946,True
575,RandomForest,2022-01-04 02:45:00,85.0,84.34148402897857,True
575,RandomForest,2022-01-04 02:50:00,85.0,83.87568852412898,True
575,RandomForest,2022-01-04 02:55:00,85.0,83.4498771740009,True
575,RandomForest,2022-01-04 03:00:00,85.0,86.25204814510293,True
575,RandomForest,2022-01-04 03:05:00,84.0,85.79368835260826,True
575,RandomForest,2022-01-04 03:10:00,84.0,85.7362545429181,True
575,RandomForest,2022-01-04 03:15:00,84.0,85.61555429153552,True
575,RandomForest,2022-01-04 03:20:00,85.0,85.64412572010693,True
575,RandomForest,2022-01-04 03:25:00,85.0,85.78745905344029,True
575,RandomForest,2022-01-04 03:30:00,86.0,85.72170813768935,True
575,RandomForest,2022-01-04 03:35:00,87.0,83.62075818862236,True
575,RandomForest,2022-01-04 03:40:00,89.0,85.4026933444232,True
575,RandomForest,2022-01-04 03:45:00,91.0,85.53504274515122,True
575,RandomForest,2022-01-04 03:50:00,91.0,86.44758396611637,True
575,RandomForest,2022-01-04 03:55:00,92.0,85.62660432707213,True
575,RandomForest,2022-01-04 04:00:00,92.0,87.45412634535762,True
575,RandomForest,2022-01-04 04:05:00,93.0,88.34824182551672,True
575,RandomForest,2022-01-04 04:10:00,94.0,95.53319826089347,True
575,RandomForest,2022-01-04 04:15:00,94.0,97.95053513646707,True
575,RandomForest,2022-01-04 04:20:00,94.0,94.48325126081053,True
575,RandomForest,2022-01-04 04:25:00,94.0,97.5337595524522,True
575,RandomForest,2022-01-04 04:30:00,95.0,94.10178994856851,True
575,RandomForest,2022-01-04 04:35:00,94.0,97.38380810753037,True
575,RandomForest,2022-01-04 04:40:00,94.0,97.5015881526701,True
575,RandomForest,2022-01-04 04:45:00,94.0,94.68476803419759,True
575,RandomForest,2022-01-04 04:50:00,94.0,94.57188563235657,True
575,RandomForest,2022-01-04 04:55:00,95.0,94.44760514477706,True
575,RandomForest,2022-01-04 05:00:00,95.0,97.79349678416473,True
575,RandomForest,2022-01-04 05:05:00,95.0,93.40248958247236,True
575,RandomForest,2022-01-04 05:10:00,96.0,94.28161722018208,True
575,RandomForest,2022-01-04 05:15:00,97.0,94.14014266697517,True
575,RandomForest,2022-01-04 05:20:00,98.0,94.08590846203393,True
575,RandomForest,2022-01-04 05:25:00,98.0,97.36281204992929,True
575,RandomForest,2022-01-04 05:30:00,99.0,95.06770834107274,True
575,RandomForest,2022-01-04 05:35:00,99.0,95.17208483997932,True
575,RandomForest,2022-01-04 05:40:00,100.0,99.45474917174886,True
575,RandomForest,2022-01-04 05:45:00,100.0,100.02072268975496,True
575,RandomForest,2022-01-04 05:50:00,100.0,101.07805688019504,True
575,RandomForest,2022-01-04 05:55:00,101.0,99.34828153717132,True
575,RandomForest,2022-01-04 06:00:00,101.0,102.68933048157284,True
575,RandomForest,2022-01-04 06:05:00,101.0,102.97644230683102,True
575,RandomForest,2022-01-04 06:10:00,102.0,104.95661162813022,True
575,RandomForest,2022-01-04 06:15:00,102.0,104.2419552619983,True
575,RandomForest,2022-01-04 06:20:00,103.0,106.92575083003645,True
575,RandomForest,2022-01-04 06:25:00,106.0,105.14357683405342,True
575,RandomForest,2022-01-04 06:30:00,107.0,107.04589063361125,True
575,RandomForest,2022-01-04 06:35:00,107.0,106.11280076136012,True
575,RandomForest,2022-01-04 06:40:00,107.0,110.0412480159956,True
575,RandomForest,2022-01-04 06:45:00,107.0,108.66165404747895,True
575,RandomForest,2022-01-04 06:50:00,107.0,110.62108757633477,True
575,RandomForest,2022-01-04 06:55:00,107.0,117.67825241327671,True
575,RandomForest,2022-01-04 07:00:00,138.0,112.36346968910526,True
575,RandomForest,2022-01-04 07:05:00,143.0,111.00012488368313,True
575,RandomForest,2022-01-04 07:10:00,145.0,110.53179047342564,True
575,RandomForest,2022-01-04 07:15:00,149.0,124.64137408506565,True
575,RandomForest,2022-01-04 07:20:00,155.0,136.43362545432572,True
575,RandomForest,2022-01-04 07:25:00,164.0,141.27276687757907,True
575,RandomForest,2022-01-04 07:30:00,169.0,172.71808138109333,True
575,RandomForest,2022-01-04 07:35:00,170.0,160.38442875076163,True
575,RandomForest,2022-01-04 07:40:00,173.0,154.44317408207672,True
575,RandomForest,2022-01-04 07:45:00,178.0,164.62521735956082,True
575,RandomForest,2022-01-04 07:50:00,182.0,175.74613089863522,True
575,RandomForest,2022-01-04 07:55:00,184.0,190.4593784063049,True
575,RandomForest,2022-01-04 08:00:00,187.0,180.1043885519381,True
575,RandomForest,2022-01-04 08:05:00,190.0,170.27078639232167,True
575,RandomForest,2022-01-04 08:10:00,195.0,178.94643157587055,True
575,RandomForest,2022-01-04 08:15:00,197.0,194.11136339532086,True
575,RandomForest,2022-01-04 08:20:00,200.0,188.07226433052793,True
575,RandomForest,2022-01-04 08:25:00,201.0,190.4623858752451,True
575,RandomForest,2022-01-04 08:30:00,202.0,194.2143407313334,True
575,RandomForest,2022-01-04 08:35:00,202.0,198.19922190929563,True
575,RandomForest,2022-01-04 08:40:00,202.0,206.97003221728565,True
575,RandomForest,2022-01-04 08:45:00,203.0,201.71175086847458,True
575,RandomForest,2022-01-04 08:50:00,203.0,206.28390267555318,True
575,RandomForest,2022-01-04 08:55:00,206.0,200.422768791895,True
575,RandomForest,2022-01-04 09:00:00,208.0,202.26787489583097,True
575,RandomForest,2022-01-04 09:05:00,206.0,201.41334570085482,True
575,RandomForest,2022-01-04 09:10:00,205.0,201.5650961688311,True
575,RandomForest,2022-01-04 09:15:00,205.0,202.5867958986402,True
575,RandomForest,2022-01-04 09:20:00,203.0,203.22975500850703,True
575,RandomForest,2022-01-04 09:25:00,201.0,206.81742328174667,True
575,RandomForest,2022-01-04 09:30:00,198.0,206.48759450546527,True
575,RandomForest,2022-01-04 09:35:00,194.0,197.71983815705818,True
575,RandomForest,2022-01-04 09:40:00,193.0,201.12913492539568,True
575,RandomForest,2022-01-04 09:45:00,190.0,201.69410490191228,True
575,RandomForest,2022-01-04 09:50:00,189.0,190.83923940636166,True
575,RandomForest,2022-01-04 09:55:00,187.0,191.51615366769158,True
575,RandomForest,2022-01-04 10:00:00,185.0,185.65168350221586,True
575,RandomForest,2022-01-04 10:05:00,184.0,183.05123075481944,True
575,RandomForest,2022-01-04 10:10:00,182.0,183.48073426933638,True
575,RandomForest,2022-01-04 10:15:00,181.0,179.07002436031325,True
575,RandomForest,2022-01-04 10:20:00,180.0,180.54563965116475,True
575,RandomForest,2022-01-04 10:25:00,179.0,177.93034666713484,True
575,RandomForest,2022-01-04 10:30:00,176.0,176.19271552238422,True
575,RandomForest,2022-01-04 10:35:00,176.0,178.45855844708274,True
575,RandomForest,2022-01-04 10:40:00,177.0,174.365845722107,True
575,RandomForest,2022-01-04 10:45:00,177.0,173.24661820063818,True
575,RandomForest,2022-01-04 10:50:00,177.0,169.25280158679183,True
575,RandomForest,2022-01-04 10:55:00,177.0,167.4316782853059,True
575,RandomForest,2022-01-04 11:00:00,178.0,164.51289731143882,True
575,RandomForest,2022-01-04 11:05:00,180.0,170.5863930746008,True
575,RandomForest,2022-01-04 11:10:00,181.0,173.6135552261121,True
575,RandomForest,2022-01-04 11:15:00,183.0,171.05829412974526,True
575,RandomForest,2022-01-04 11:20:00,185.0,173.75407362832942,True
575,RandomForest,2022-01-04 11:25:00,188.0,171.2947036683048,True
575,RandomForest,2022-01-04 11:30:00,189.0,174.71280804889594,True
575,RandomForest,2022-01-04 11:35:00,191.0,178.79813063589208,True
575,RandomForest,2022-01-04 11:40:00,194.0,177.35537034838345,True
575,RandomForest,2022-01-04 11:45:00,198.0,188.19722768339966,True
575,RandomForest,2022-01-04 11:50:00,200.0,190.9838637036045,True
575,RandomForest,2022-01-04 11:55:00,203.0,199.3925449616826,True
575,RandomForest,2022-01-04 12:00:00,205.0,193.16188975464468,True
575,RandomForest,2022-01-04 12:05:00,208.0,196.4405423064686,True
575,RandomForest,2022-01-04 12:10:00,210.0,201.7967168164577,True
575,RandomForest,2022-01-04 12:15:00,211.0,208.74436938581468,True
575,RandomForest,2022-01-04 12:20:00,211.0,203.21873289007183,True
575,RandomForest,2022-01-04 12:25:00,212.0,211.55298655599495,True
575,RandomForest,2022-01-04 12:30:00,211.0,206.589407629012,True
575,RandomForest,2022-01-04 12:35:00,212.0,214.53156317679608,True
575,RandomForest,2022-01-04 12:40:00,214.0,212.9329117250524,True
575,RandomForest,2022-01-04 12:45:00,214.0,212.9305017884214,True
575,RandomForest,2022-01-04 12:50:00,215.0,211.25938078196629,True
575,RandomForest,2022-01-04 12:55:00,217.0,216.48189335789365,True
575,RandomForest,2022-01-04 13:00:00,223.0,210.4138430013001,True
575,RandomForest,2022-01-04 13:05:00,223.0,213.06305477277547,True
575,RandomForest,2022-01-04 13:10:00,223.0,213.30951860583158,True
575,RandomForest,2022-01-04 13:15:00,227.0,209.9440841988787,True
575,RandomForest,2022-01-04 13:20:00,232.0,214.65953967843404,True
575,RandomForest,2022-01-04 13:25:00,237.0,216.44604975999667,True
575,RandomForest,2022-01-04 13:30:00,242.0,231.9788086887692,True
575,RandomForest,2022-01-04 13:35:00,246.0,221.36427223071686,True
575,RandomForest,2022-01-04 13:40:00,252.0,221.77635945155689,True
575,RandomForest,2022-01-04 13:45:00,263.0,233.4422257422645,True
575,RandomForest,2022-01-04 13:50:00,267.0,243.0237112874494,True
575,RandomForest,2022-01-04 13:55:00,268.0,242.9194841956943,True
575,RandomForest,2022-01-04 14:00:00,267.0,248.8998800803614,True
575,RandomForest,2022-01-04 14:05:00,272.0,251.69921531048766,True
575,RandomForest,2022-01-04 14:10:00,276.0,262.5118276058107,True
575,RandomForest,2022-01-04 14:15:00,282.0,278.4700978603545,True
575,RandomForest,2022-01-04 14:20:00,287.0,271.63274555901336,True
575,RandomForest,2022-01-04 14:25:00,290.0,275.01657676579043,True
575,RandomForest,2022-01-04 14:30:00,296.0,270.5159191540249,True
575,RandomForest,2022-01-04 14:35:00,301.0,288.0562690162635,True
575,RandomForest,2022-01-04 14:40:00,308.0,287.8930662758369,True
575,RandomForest,2022-01-04 14:45:00,315.0,294.8994195624071,True
575,RandomForest,2022-01-04 14:50:00,317.0,296.8064660425651,True
575,RandomForest,2022-01-04 14:55:00,324.0,286.0194549491899,True
575,RandomForest,2022-01-04 15:00:00,331.0,293.7964140201591,True
575,RandomForest,2022-01-04 15:05:00,334.0,297.9898762259863,True
575,RandomForest,2022-01-04 15:10:00,337.0,307.8708244194979,True
575,RandomForest,2022-01-04 15:15:00,339.0,309.83270098615236,True
575,RandomForest,2022-01-04 15:20:00,338.0,311.5738817195016,True
575,RandomForest,2022-01-04 15:25:00,338.0,324.9749289500489,True
575,RandomForest,2022-01-04 15:30:00,339.0,326.05638507725484,True
575,RandomForest,2022-01-04 15:35:00,342.0,335.9865889665889,True
575,RandomForest,2022-01-04 15:40:00,340.0,345.8400774624635,True
575,RandomForest,2022-01-04 15:45:00,340.0,342.95933322126416,True
575,RandomForest,2022-01-04 15:50:00,338.0,324.60181367043924,True
575,RandomForest,2022-01-04 15:55:00,333.0,321.47422538749106,True
575,RandomForest,2022-01-04 16:00:00,332.0,330.7116968253968,True
575,RandomForest,2022-01-04 16:05:00,331.0,337.1924954156953,True
575,RandomForest,2022-01-04 16:10:00,329.0,319.72611938962416,True
575,RandomForest,2022-01-04 16:15:00,325.0,319.2880057182714,True
575,RandomForest,2022-01-04 16:20:00,319.0,317.9714160856817,True
575,RandomForest,2022-01-04 16:25:00,318.0,308.3484993222588,True
575,RandomForest,2022-01-04 16:30:00,315.0,302.3179087914194,True
575,RandomForest,2022-01-04 16:35:00,308.0,302.54521192627277,True
575,RandomForest,2022-01-04 16:40:00,305.0,303.5105454718121,True
575,RandomForest,2022-01-04 16:45:00,302.0,296.6648796833821,True
575,RandomForest,2022-01-04 16:50:00,300.0,284.1407877406407,True
575,RandomForest,2022-01-04 16:55:00,296.0,290.42606371586385,True
575,RandomForest,2022-01-04 17:00:00,293.0,290.8645309117749,True
575,RandomForest,2022-01-04 17:05:00,290.0,278.09076801362147,True
575,RandomForest,2022-01-04 17:10:00,286.0,280.8982183722657,True
575,RandomForest,2022-01-04 17:15:00,282.0,274.9020317646856,True
575,RandomForest,2022-01-04 17:20:00,279.0,273.99514425607987,True
575,RandomForest,2022-01-04 17:25:00,277.0,264.6689909999589,True
575,RandomForest,2022-01-04 17:30:00,271.0,271.98806299523596,True
575,RandomForest,2022-01-04 17:35:00,267.0,269.35987025604413,True
575,RandomForest,2022-01-04 17:40:00,263.0,266.4228274837917,True
575,RandomForest,2022-01-04 17:45:00,261.0,258.7421413045995,True
575,RandomForest,2022-01-04 17:50:00,259.0,253.97466976271969,True
575,RandomForest,2022-01-04 17:55:00,259.0,251.35406039040754,True
575,RandomForest,2022-01-04 18:00:00,259.0,242.95448405424872,True
575,RandomForest,2022-01-04 18:05:00,260.0,244.83436024901204,True
575,RandomForest,2022-01-04 18:10:00,260.0,238.21409548289873,True
575,RandomForest,2022-01-04 18:15:00,259.0,235.70193619134935,True
575,RandomForest,2022-01-04 18:20:00,260.0,237.71504216718083,True
575,RandomForest,2022-01-04 18:25:00,260.0,252.12183965263105,True
575,RandomForest,2022-01-04 18:30:00,258.0,252.8908473841388,True
575,RandomForest,2022-01-04 18:35:00,258.0,254.20055991537953,True
575,RandomForest,2022-01-04 18:40:00,259.0,254.66344151066917,True
575,RandomForest,2022-01-04 18:45:00,262.0,255.33746578908895,True
575,RandomForest,2022-01-04 18:50:00,262.0,255.05178961934155,True
575,RandomForest,2022-01-04 18:55:00,262.0,255.44777640837435,True
575,RandomForest,2022-01-04 19:00:00,262.0,243.1624188878728,True
575,RandomForest,2022-01-04 19:05:00,262.0,255.7925857461505,True
575,RandomForest,2022-01-04 19:10:00,262.0,258.8303414122962,True
575,RandomForest,2022-01-04 19:15:00,262.0,263.8883116609531,True
575,RandomForest,2022-01-04 19:20:00,262.0,258.8968269616991,True
575,RandomForest,2022-01-04 20:05:00,262.0,244.6961117694036,False
575,RandomForest,2022-01-04 20:10:00,265.0,240.56684192813375,False
575,RandomForest,2022-01-04 20:15:00,270.0,248.47542068271247,False
575,RandomForest,2022-01-04 20:20:00,271.0,260.0111934732691,False
575,RandomForest,2022-01-04 20:25:00,272.0,243.65613133470964,False
575,RandomForest,2022-01-04 20:30:00,273.0,213.80132168664207,False
575,RandomForest,2022-01-04 20:35:00,267.0,257.29193932146757,True
575,RandomForest,2022-01-04 20:40:00,258.0,255.73084245095194,True
575,RandomForest,2022-01-04 20:45:00,253.0,266.76149370643884,True
575,RandomForest,2022-01-04 20:50:00,248.0,264.44421265923654,True
575,RandomForest,2022-01-04 20:55:00,239.0,268.66628239189004,True
575,RandomForest,2022-01-04 21:00:00,225.0,270.4281929337616,True
575,RandomForest,2022-01-04 21:05:00,211.0,243.0979975110124,True
575,RandomForest,2022-01-04 21:10:00,197.0,224.27951896399603,True
575,RandomForest,2022-01-04 21:15:00,182.0,228.8797022019579,True
575,RandomForest,2022-01-04 21:20:00,171.0,228.0214489848699,True
575,RandomForest,2022-01-04 21:25:00,161.0,207.59949517004495,True
575,RandomForest,2022-01-04 21:30:00,154.0,196.04640910055423,True
575,RandomForest,2022-01-04 21:35:00,146.0,177.9322412808934,True
575,RandomForest,2022-01-04 21:40:00,140.0,151.4764876530757,True
575,RandomForest,2022-01-04 21:45:00,137.0,135.14478269033185,True
575,RandomForest,2022-01-04 21:50:00,131.0,136.49091815747505,True
575,RandomForest,2022-01-04 21:55:00,125.0,128.20881349173746,True
575,RandomForest,2022-01-04 22:00:00,122.0,126.21026449186296,True
575,RandomForest,2022-01-04 22:05:00,115.0,115.27139957716808,True
575,RandomForest,2022-01-04 22:10:00,106.0,113.29053118216943,True
575,RandomForest,2022-01-04 22:15:00,98.0,122.27081491396142,True
575,RandomForest,2022-01-04 22:20:00,92.0,109.30665265892362,True
575,RandomForest,2022-01-04 22:25:00,88.0,104.97644642508004,True
575,RandomForest,2022-01-04 22:30:00,86.0,108.22615274042391,True
575,RandomForest,2022-01-04 22:35:00,84.0,98.66648463385269,True
575,RandomForest,2022-01-04 22:40:00,81.0,86.75805928516718,True
575,RandomForest,2022-01-04 22:45:00,77.0,79.29175987370726,True
575,RandomForest,2022-01-04 22:50:00,75.0,78.49893043661756,True
575,RandomForest,2022-01-04 22:55:00,74.0,79.11315978442022,True
575,RandomForest,2022-01-04 23:00:00,72.0,79.53396273825064,True
575,RandomForest,2022-01-04 23:05:00,69.0,78.02945562105066,True
575,RandomForest,2022-01-04 23:10:00,63.0,74.16220303488221,True
575,RandomForest,2022-01-04 23:15:00,57.0,70.81674202613343,True
575,RandomForest,2022-01-04 23:20:00,52.0,74.68750106554668,True
575,RandomForest,2022-01-04 23:25:00,50.0,75.09027068751887,True
575,RandomForest,2022-01-04 23:30:00,51.0,72.10449976083407,True
575,RandomForest,2022-01-04 23:35:00,55.0,65.56979656260525,True
575,RandomForest,2022-01-04 23:40:00,59.0,65.48525982294197,True
575,RandomForest,2022-01-04 23:45:00,62.0,63.09183663552052,True
575,RandomForest,2022-01-04 23:50:00,68.0,64.31080428111952,True
575,RandomForest,2022-01-04 23:55:00,73.0,71.6586164601361,True
575,RandomForest,2022-01-05 00:00:00,77.0,72.0528383627283,True
575,RandomForest,2022-01-05 00:05:00,76.0,79.39738413017139,True
575,RandomForest,2022-01-05 00:10:00,76.0,83.65951789763261,True
575,RandomForest,2022-01-05 00:15:00,77.0,81.88541540646968,True
575,RandomForest,2022-01-05 00:20:00,76.0,94.38962070533705,True
575,RandomForest,2022-01-05 00:25:00,77.0,86.10613906428117,True
575,RandomForest,2022-01-05 00:30:00,78.0,98.19958646098365,True
575,RandomForest,2022-01-05 00:35:00,77.0,95.8636242342196,True
575,RandomForest,2022-01-05 00:40:00,75.0,86.19871269964267,True
575,RandomForest,2022-01-05 00:45:00,75.0,84.66505039224523,True
575,RandomForest,2022-01-05 00:50:00,76.0,76.35879577585877,True
575,RandomForest,2022-01-05 00:55:00,77.0,82.18061364582623,True
575,RandomForest,2022-01-05 01:00:00,80.0,84.88966420204083,True
575,RandomForest,2022-01-05 01:05:00,82.0,77.99463912250935,True
575,RandomForest,2022-01-05 01:10:00,85.0,76.87403131056658,True
575,RandomForest,2022-01-05 01:15:00,88.0,79.62253251013101,True
575,RandomForest,2022-01-05 01:20:00,91.0,81.22773765308017,True
575,RandomForest,2022-01-05 01:25:00,93.0,81.80945541561783,True
575,RandomForest,2022-01-05 01:30:00,94.0,92.12208879579848,True
575,RandomForest,2022-01-05 01:35:00,95.0,88.86733893488613,True
575,RandomForest,2022-01-05 01:40:00,97.0,95.4282232055179,True
575,RandomForest,2022-01-05 01:45:00,99.0,98.65252163557612,True
575,RandomForest,2022-01-05 01:50:00,100.0,104.6566199627354,True
575,RandomForest,2022-01-05 01:55:00,99.0,102.70528374950287,True
575,RandomForest,2022-01-05 02:00:00,98.0,98.01478471261997,True
575,RandomForest,2022-01-05 02:05:00,96.0,97.68977519538157,True
575,RandomForest,2022-01-05 02:10:00,95.0,105.22549901189645,True
575,RandomForest,2022-01-05 02:15:00,94.0,110.07789358262895,True
575,RandomForest,2022-01-05 02:20:00,93.0,107.06939787117119,True
575,RandomForest,2022-01-05 02:25:00,92.0,103.67658424615952,True
575,RandomForest,2022-01-05 02:30:00,91.0,100.30262039832016,True
575,RandomForest,2022-01-05 02:35:00,91.0,93.19800581596581,True
575,RandomForest,2022-01-05 02:40:00,90.0,93.27640575535638,True
575,RandomForest,2022-01-05 02:45:00,89.0,92.84572009511562,True
575,RandomForest,2022-01-05 02:50:00,88.0,92.46173487831786,True
575,RandomForest,2022-01-05 02:55:00,88.0,91.83802609243926,True
575,RandomForest,2022-01-05 03:00:00,88.0,91.09619373966403,True
575,RandomForest,2022-01-05 03:05:00,87.0,92.27270686926049,True
575,RandomForest,2022-01-05 03:10:00,87.0,89.69884164197481,True
575,RandomForest,2022-01-05 03:15:00,87.0,87.72494518043213,True
575,RandomForest,2022-01-05 03:20:00,87.0,86.39076484462691,True
575,RandomForest,2022-01-05 03:25:00,87.0,89.63194492022498,True
575,RandomForest,2022-01-05 03:30:00,87.0,89.5645620859858,True
575,RandomForest,2022-01-05 03:35:00,87.0,84.60182248969048,True
575,RandomForest,2022-01-05 03:40:00,86.0,87.05067913023069,True
575,RandomForest,2022-01-05 03:45:00,86.0,86.74343897851226,True
575,RandomForest,2022-01-05 03:50:00,85.0,86.78366625123952,True
575,RandomForest,2022-01-05 03:55:00,84.0,86.59168291570106,True
575,RandomForest,2022-01-05 04:00:00,82.0,86.60622837024651,True
575,RandomForest,2022-01-05 04:05:00,81.0,86.64879188530817,True
575,RandomForest,2022-01-05 04:10:00,81.0,84.29273938252652,True
575,RandomForest,2022-01-05 04:15:00,80.0,85.77258243472298,True
575,RandomForest,2022-01-05 04:20:00,79.0,83.69134642391647,True
575,RandomForest,2022-01-05 04:25:00,78.0,83.41250031186875,True
575,RandomForest,2022-01-05 04:30:00,77.0,80.58816013848941,True
575,RandomForest,2022-01-05 04:35:00,76.0,78.45527070145559,True
575,RandomForest,2022-01-05 04:40:00,75.0,81.69027848742128,True
575,RandomForest,2022-01-05 04:45:00,75.0,77.9239554168005,True
575,RandomForest,2022-01-05 04:50:00,74.0,77.98636548862737,True
575,RandomForest,2022-01-05 04:55:00,74.0,77.31043399913763,True
575,RandomForest,2022-01-05 05:00:00,74.0,76.3091020972188,True
575,RandomForest,2022-01-05 05:05:00,73.0,76.2044404296636,True
575,RandomForest,2022-01-05 05:10:00,73.0,75.83671371225418,True
575,RandomForest,2022-01-05 05:15:00,73.0,74.58831238927328,True
575,RandomForest,2022-01-05 05:20:00,73.0,75.55971406411246,True
575,RandomForest,2022-01-05 05:25:00,73.0,75.08851349502649,True
575,RandomForest,2022-01-05 05:30:00,73.0,74.45918329648941,True
575,RandomForest,2022-01-05 05:35:00,73.0,75.81136258954882,True
575,RandomForest,2022-01-05 05:40:00,72.0,75.08693593452536,True
575,RandomForest,2022-01-05 05:45:00,72.0,75.11583739960089,True
575,RandomForest,2022-01-05 05:50:00,71.0,75.62194198610203,True
575,RandomForest,2022-01-05 05:55:00,71.0,75.48279633626315,True
575,RandomForest,2022-01-05 06:00:00,71.0,75.57275819879086,True
575,RandomForest,2022-01-05 06:05:00,71.0,75.63995819879086,True
575,RandomForest,2022-01-05 06:10:00,71.0,74.8534713205785,True
575,RandomForest,2022-01-05 06:15:00,72.0,75.10680022429065,True
575,RandomForest,2022-01-05 06:20:00,73.0,73.4665860426182,True
575,RandomForest,2022-01-05 06:25:00,74.0,74.91146837013079,True
575,RandomForest,2022-01-05 06:30:00,74.0,74.5924415971342,True
575,RandomForest,2022-01-05 06:35:00,75.0,75.34721565646804,True
575,RandomForest,2022-01-05 06:40:00,77.0,75.85798095923808,True
575,RandomForest,2022-01-05 06:45:00,78.0,77.3800633087362,True
575,RandomForest,2022-01-05 06:50:00,80.0,79.82251655823202,True
575,RandomForest,2022-01-05 06:55:00,83.0,81.22532022725125,True
575,RandomForest,2022-01-05 07:00:00,86.0,80.86365264190584,True
575,RandomForest,2022-01-05 07:05:00,89.0,82.3784152813516,True
575,RandomForest,2022-01-05 07:10:00,79.0,87.46784811938494,True
575,RandomForest,2022-01-05 07:15:00,81.0,83.82591617535756,True
575,RandomForest,2022-01-05 07:20:00,84.0,91.18016080679062,True
575,RandomForest,2022-01-05 07:25:00,89.0,99.05126487769986,True
575,RandomForest,2022-01-05 07:30:00,98.0,102.24937034002927,True
575,RandomForest,2022-01-05 07:35:00,114.0,105.49537699587418,True
575,RandomForest,2022-01-05 07:40:00,130.0,85.78402329138446,True
575,RandomForest,2022-01-05 07:45:00,142.0,95.3403441248556,True
575,RandomForest,2022-01-05 07:50:00,152.0,100.29532559518633,True
575,RandomForest,2022-01-05 07:55:00,163.0,111.83534180487096,True
575,RandomForest,2022-01-05 08:00:00,174.0,138.27463465521774,True
575,RandomForest,2022-01-05 08:05:00,184.0,167.63564400157165,True
575,RandomForest,2022-01-05 08:10:00,194.0,179.81749376953815,True
575,RandomForest,2022-01-05 08:15:00,201.0,181.30676675041616,True
575,RandomForest,2022-01-05 08:20:00,205.0,179.4998388054482,True
575,RandomForest,2022-01-05 08:25:00,208.0,193.7511317592938,True
575,RandomForest,2022-01-05 08:30:00,208.0,200.56853769960148,True
575,RandomForest,2022-01-05 08:35:00,209.0,205.0992729509033,True
575,RandomForest,2022-01-05 08:40:00,208.0,216.83581212741797,True
575,RandomForest,2022-01-05 08:45:00,205.0,213.39142436730205,True
575,RandomForest,2022-01-05 08:50:00,201.0,207.71232103826685,True
575,RandomForest,2022-01-05 08:55:00,196.0,203.9726790971786,True
575,RandomForest,2022-01-05 09:00:00,193.0,194.51976095411138,True
575,RandomForest,2022-01-05 09:05:00,191.0,196.28750697377458,True
575,RandomForest,2022-01-05 09:10:00,187.0,197.6973127471006,True
575,RandomForest,2022-01-05 09:15:00,183.0,184.93537718387478,True
575,RandomForest,2022-01-05 09:20:00,179.0,184.68129415433333,True
575,RandomForest,2022-01-05 09:25:00,175.0,169.55778266585494,True
575,RandomForest,2022-01-05 09:30:00,171.0,181.1482725784948,True
575,RandomForest,2022-01-05 09:35:00,164.0,181.1312795728265,True
575,RandomForest,2022-01-05 09:40:00,159.0,167.34834270791717,True
575,RandomForest,2022-01-05 09:45:00,153.0,165.03234242354813,True
575,RandomForest,2022-01-05 09:50:00,147.0,162.14255669827406,True
575,RandomForest,2022-01-05 09:55:00,142.0,156.6019827167096,True
575,RandomForest,2022-01-05 10:00:00,137.0,152.0676847118387,True
575,RandomForest,2022-01-05 10:05:00,133.0,139.52639921442415,True
575,RandomForest,2022-01-05 10:10:00,128.0,145.3394447196129,True
575,RandomForest,2022-01-05 10:15:00,124.0,128.82815921896025,True
575,RandomForest,2022-01-05 10:20:00,119.0,125.89806773610059,True
575,RandomForest,2022-01-05 10:25:00,116.0,122.71486284057913,True
575,RandomForest,2022-01-05 10:30:00,112.0,118.70677444023205,True
575,RandomForest,2022-01-05 10:35:00,109.0,114.3844204803675,True
575,RandomForest,2022-01-05 10:40:00,106.0,107.3954484288819,True
575,RandomForest,2022-01-05 10:45:00,102.0,106.64600058732925,True
575,RandomForest,2022-01-05 10:50:00,98.0,100.6879855077887,True
575,RandomForest,2022-01-05 10:55:00,95.0,102.97529709160673,True
575,RandomForest,2022-01-05 11:00:00,93.0,99.1887857166997,True
575,RandomForest,2022-01-05 11:05:00,90.0,95.906258887651,True
575,RandomForest,2022-01-05 11:10:00,88.0,91.36024951907066,True
575,RandomForest,2022-01-05 11:15:00,85.0,90.09054439357752,True
575,RandomForest,2022-01-05 11:20:00,83.0,88.47365145304695,True
575,RandomForest,2022-01-05 11:25:00,80.0,88.2364368353995,True
575,RandomForest,2022-01-05 11:30:00,78.0,88.51860765900565,True
575,RandomForest,2022-01-05 11:35:00,76.0,86.04239753836606,True
575,RandomForest,2022-01-05 11:40:00,74.0,85.98851896365991,True
575,RandomForest,2022-01-05 11:45:00,72.0,85.04276202857527,True
575,RandomForest,2022-01-05 11:50:00,70.0,84.32879245775406,True
575,RandomForest,2022-01-05 11:55:00,68.0,79.89104665662676,True
575,RandomForest,2022-01-05 12:00:00,66.0,79.46499498059671,True
575,RandomForest,2022-01-05 12:05:00,63.0,79.29329545503303,True
575,RandomForest,2022-01-05 12:10:00,62.0,79.42584954470482,True
575,RandomForest,2022-01-05 12:15:00,61.0,80.56597261203444,True
575,RandomForest,2022-01-05 12:20:00,59.0,79.21661771339181,True
575,RandomForest,2022-01-05 12:25:00,58.0,79.47005857002468,True
575,RandomForest,2022-01-05 12:30:00,58.0,79.33868578204232,True
575,RandomForest,2022-01-05 12:35:00,59.0,77.49781534982534,True
575,RandomForest,2022-01-05 12:40:00,62.0,78.43652862011285,True
575,RandomForest,2022-01-05 12:45:00,71.0,77.58052418694803,True
575,RandomForest,2022-01-05 12:50:00,79.0,80.06067356558981,True
575,RandomForest,2022-01-05 12:55:00,92.0,82.01272062384513,True
575,RandomForest,2022-01-05 13:00:00,104.0,82.9835993994358,True
575,RandomForest,2022-01-05 13:05:00,118.0,88.97426504433541,True
575,RandomForest,2022-01-05 13:10:00,134.0,105.59157481288956,True
575,RandomForest,2022-01-05 13:15:00,146.0,132.4508953919012,True
575,RandomForest,2022-01-05 13:20:00,156.0,130.07303271405598,True
575,RandomForest,2022-01-05 13:25:00,172.0,154.1512244893318,True
575,RandomForest,2022-01-05 13:30:00,188.0,152.63817214782327,True
575,RandomForest,2022-01-05 13:35:00,204.0,166.8068514168372,True
575,RandomForest,2022-01-05 13:40:00,217.0,183.07437721676808,True
575,RandomForest,2022-01-05 13:45:00,228.0,181.188696552626,True
575,RandomForest,2022-01-05 13:50:00,238.0,183.71106631333365,True
575,RandomForest,2022-01-05 13:55:00,245.0,203.14599341177785,True
575,RandomForest,2022-01-05 14:00:00,251.0,221.77223946434853,True
575,RandomForest,2022-01-05 14:05:00,254.0,239.57882810146623,True
575,RandomForest,2022-01-05 14:10:00,254.0,257.95742691295635,True
575,RandomForest,2022-01-05 14:15:00,251.0,261.6149286371918,True
575,RandomForest,2022-01-05 14:20:00,247.0,255.46229716453422,True
575,RandomForest,2022-01-05 14:25:00,243.0,261.30043580892004,True
575,RandomForest,2022-01-05 14:30:00,234.0,259.31590934748607,True
575,RandomForest,2022-01-05 14:35:00,225.0,247.2353400506576,True
575,RandomForest,2022-01-05 14:40:00,217.0,243.42552692594444,True
575,RandomForest,2022-01-05 14:45:00,208.0,218.32170925697395,True
575,RandomForest,2022-01-05 14:50:00,199.0,220.00649640075954,True
575,RandomForest,2022-01-05 14:55:00,190.0,219.1995178657553,True
575,RandomForest,2022-01-05 15:00:00,180.0,195.14049407991126,True
575,RandomForest,2022-01-05 15:05:00,170.0,201.08162448663518,True
575,RandomForest,2022-01-05 15:10:00,162.0,195.03709501561258,True
575,RandomForest,2022-01-05 15:15:00,152.0,180.09511554156654,True
575,RandomForest,2022-01-05 15:20:00,143.0,169.43386908480596,True
575,RandomForest,2022-01-05 15:25:00,135.0,163.3033178270739,True
575,RandomForest,2022-01-05 15:30:00,127.0,145.75662493900293,True
575,RandomForest,2022-01-05 15:35:00,119.0,133.45633632445083,True
575,RandomForest,2022-01-05 15:40:00,110.0,134.22893434593772,True
575,RandomForest,2022-01-05 15:45:00,101.0,118.49490910772437,True
575,RandomForest,2022-01-05 15:50:00,93.0,110.89796878485738,True
575,RandomForest,2022-01-05 15:55:00,86.0,106.11125054344684,True
575,RandomForest,2022-01-05 16:00:00,79.0,102.16946968113695,True
575,RandomForest,2022-01-05 16:05:00,72.0,96.17736887035568,True
575,RandomForest,2022-01-05 16:10:00,66.0,88.70089886360888,True
575,RandomForest,2022-01-05 16:15:00,61.0,84.85466645798974,True
575,RandomForest,2022-01-05 16:20:00,56.0,77.13491380013508,True
575,RandomForest,2022-01-05 16:25:00,52.0,71.58172260273713,True
575,RandomForest,2022-01-05 16:30:00,49.0,73.02569694587949,True
575,RandomForest,2022-01-05 16:35:00,46.0,70.10332995576114,True
575,RandomForest,2022-01-05 16:40:00,46.0,68.84199056527123,True
575,RandomForest,2022-01-05 16:45:00,48.0,72.63913601712194,True
575,RandomForest,2022-01-05 16:50:00,53.0,71.51621769289723,True
575,RandomForest,2022-01-05 16:55:00,57.0,74.13253217838012,True
575,RandomForest,2022-01-05 17:00:00,59.0,73.84684683703168,True
575,RandomForest,2022-01-05 17:05:00,64.0,69.05867931938862,True
575,RandomForest,2022-01-05 17:10:00,68.0,65.13164685185615,True
575,RandomForest,2022-01-05 17:15:00,72.0,81.9026007402559,True
575,RandomForest,2022-01-05 17:20:00,75.0,89.97862851806217,True
575,RandomForest,2022-01-05 17:25:00,78.0,98.60897471516105,True
575,RandomForest,2022-01-05 17:30:00,81.0,94.48729958841132,True
575,RandomForest,2022-01-05 17:35:00,86.0,99.31542383488114,True
575,RandomForest,2022-01-05 17:40:00,91.0,98.92953588482145,True
575,RandomForest,2022-01-05 17:45:00,96.0,100.12393370423447,True
575,RandomForest,2022-01-05 17:50:00,101.0,97.82651684006336,True
575,RandomForest,2022-01-05 17:55:00,105.0,105.68591849615481,True
575,RandomForest,2022-01-05 18:00:00,107.0,109.39733358704223,True
575,RandomForest,2022-01-05 18:05:00,109.0,115.72140704717093,True
575,RandomForest,2022-01-05 18:10:00,112.0,115.24346922923853,True
575,RandomForest,2022-01-05 18:15:00,114.0,122.87062390703557,True
575,RandomForest,2022-01-05 18:20:00,114.0,117.32051046294625,True
575,RandomForest,2022-01-05 18:25:00,115.0,121.76628206049718,True
575,RandomForest,2022-01-05 18:30:00,116.0,117.18418746722986,True
575,RandomForest,2022-01-05 18:35:00,117.0,116.09654907239441,True
575,RandomForest,2022-01-05 18:40:00,117.0,127.66778343712485,True
575,RandomForest,2022-01-05 18:45:00,117.0,126.32265248638792,True
575,RandomForest,2022-01-05 18:50:00,117.0,121.23047072769481,True
575,RandomForest,2022-01-05 18:55:00,118.0,120.2503236512055,True
575,RandomForest,2022-01-05 19:00:00,118.0,122.68945811451897,True
575,RandomForest,2022-01-05 19:05:00,118.0,122.00178778194393,True
575,RandomForest,2022-01-05 19:10:00,118.0,120.43021552180986,True
575,RandomForest,2022-01-05 19:15:00,128.0,119.19853491760229,True
575,RandomForest,2022-01-05 19:20:00,136.0,120.42580269656668,True
575,RandomForest,2022-01-05 19:25:00,145.0,125.17370222002222,True
575,RandomForest,2022-01-05 19:30:00,154.0,120.5306360572922,True
575,RandomForest,2022-01-05 19:35:00,161.0,120.54512713665967,True
575,RandomForest,2022-01-05 19:40:00,168.0,120.67517150698416,True
575,RandomForest,2022-01-05 19:45:00,175.0,149.06556034867506,True
575,RandomForest,2022-01-05 19:50:00,181.0,156.29395012515945,True
575,RandomForest,2022-01-05 19:55:00,188.0,176.41358865746793,True
575,RandomForest,2022-01-05 20:00:00,195.0,184.91440933770744,True
575,RandomForest,2022-01-05 20:05:00,200.0,184.94159345579467,True
575,RandomForest,2022-01-05 20:10:00,204.0,186.45154240012627,True
575,RandomForest,2022-01-05 20:15:00,206.0,196.15995798161424,True
575,RandomForest,2022-01-05 20:20:00,206.0,194.8884216704211,True
575,RandomForest,2022-01-05 20:25:00,207.0,200.08042197072848,True
575,RandomForest,2022-01-05 20:30:00,205.0,205.92243790854525,True
575,RandomForest,2022-01-05 20:35:00,203.0,203.91037811611787,True
575,RandomForest,2022-01-05 20:40:00,201.0,211.18201451647863,True
575,RandomForest,2022-01-05 20:45:00,199.0,208.2801872931501,True
575,RandomForest,2022-01-05 20:50:00,195.0,204.54108683144688,True
575,RandomForest,2022-01-05 20:55:00,193.0,205.46376580769504,True
575,RandomForest,2022-01-05 21:00:00,196.0,193.33699410182103,True
575,RandomForest,2022-01-05 21:05:00,199.0,193.37403685499498,True
575,RandomForest,2022-01-05 21:10:00,201.0,191.50012529504363,True
575,RandomForest,2022-01-05 21:15:00,202.0,190.91504414243872,True
575,RandomForest,2022-01-05 21:20:00,200.0,177.30252783449887,True
575,RandomForest,2022-01-05 21:25:00,196.0,186.34587746626818,True
575,RandomForest,2022-01-05 21:30:00,193.0,201.5709876767044,True
575,RandomForest,2022-01-05 21:35:00,191.0,204.11380939253354,True
575,RandomForest,2022-01-05 21:40:00,188.0,206.15815741586002,True
575,RandomForest,2022-01-05 21:45:00,188.0,205.5926073351764,True
575,RandomForest,2022-01-05 21:50:00,191.0,191.1687687655168,True
575,RandomForest,2022-01-05 21:55:00,192.0,183.1471380847832,True
575,RandomForest,2022-01-05 22:00:00,193.0,182.24747976360138,True
575,RandomForest,2022-01-05 22:05:00,192.0,183.42982697633232,True
575,RandomForest,2022-01-05 22:10:00,188.0,177.0719556359687,True
575,RandomForest,2022-01-05 22:15:00,184.0,185.8891509475,True
575,RandomForest,2022-01-05 22:20:00,177.0,197.66878240358955,True
575,RandomForest,2022-01-05 22:25:00,168.0,194.16699539800314,True
575,RandomForest,2022-01-05 22:30:00,161.0,194.80577981336796,True
575,RandomForest,2022-01-05 22:35:00,158.0,186.698932062283,True
575,RandomForest,2022-01-05 22:40:00,158.0,178.7317565056293,True
575,RandomForest,2022-01-05 22:45:00,163.0,172.82070021476648,True
575,RandomForest,2022-01-05 22:50:00,172.0,162.7522120145185,True
575,RandomForest,2022-01-05 22:55:00,178.0,151.57635492037906,True
575,RandomForest,2022-01-05 23:00:00,185.0,144.71015443366795,True
575,RandomForest,2022-01-05 23:05:00,190.0,146.47682890075754,True
575,RandomForest,2022-01-05 23:10:00,194.0,156.97813633328903,True
575,RandomForest,2022-01-05 23:15:00,198.0,166.34702835107714,True
575,RandomForest,2022-01-05 23:20:00,204.0,176.89562702594355,True
575,RandomForest,2022-01-05 23:25:00,209.0,186.44426609967334,True
575,RandomForest,2022-01-05 23:30:00,213.0,200.4690111104797,True
575,RandomForest,2022-01-05 23:35:00,216.0,199.26973901266553,True
575,RandomForest,2022-01-05 23:40:00,219.0,197.67120974954304,True
575,RandomForest,2022-01-05 23:45:00,220.0,206.72291142122265,True
575,RandomForest,2022-01-05 23:50:00,220.0,214.91039975101936,True
575,RandomForest,2022-01-05 23:55:00,219.0,219.4318282704611,True
575,RandomForest,2022-01-06 00:00:00,218.0,227.119453342787,True
575,RandomForest,2022-01-06 00:05:00,216.0,221.91306358216082,True
575,RandomForest,2022-01-06 00:10:00,214.0,226.54255451544424,True
575,RandomForest,2022-01-06 00:15:00,211.0,223.89109522046772,True
575,RandomForest,2022-01-06 00:20:00,210.0,221.53666745700966,True
575,RandomForest,2022-01-06 00:25:00,209.0,217.77203557904681,True
575,RandomForest,2022-01-06 00:30:00,208.0,219.2088317932854,True
575,RandomForest,2022-01-06 00:35:00,208.0,208.79631156559608,True
575,RandomForest,2022-01-06 00:40:00,206.0,209.48019107108138,True
575,RandomForest,2022-01-06 00:45:00,205.0,208.40515882684605,True
575,RandomForest,2022-01-06 00:50:00,204.0,210.8482033488212,True
575,RandomForest,2022-01-06 00:55:00,202.0,204.98729262863165,True
575,RandomForest,2022-01-06 01:00:00,199.0,202.844047246903,True
575,RandomForest,2022-01-06 01:05:00,198.0,206.9632985094757,True
575,RandomForest,2022-01-06 01:10:00,197.0,201.2029008759981,True
575,RandomForest,2022-01-06 01:15:00,196.0,200.10868472010793,True
575,RandomForest,2022-01-06 01:20:00,195.0,196.65362957638024,True
575,RandomForest,2022-01-06 01:25:00,194.0,194.76279057785487,True
575,RandomForest,2022-01-06 01:30:00,192.0,192.87712003042307,True
575,RandomForest,2022-01-06 01:35:00,191.0,191.1519931637345,True
575,RandomForest,2022-01-06 01:40:00,189.0,190.0423236675833,True
575,RandomForest,2022-01-06 01:45:00,186.0,188.6110467024716,True
575,RandomForest,2022-01-06 01:50:00,184.0,189.01739998415724,True
575,RandomForest,2022-01-06 01:55:00,182.0,189.2553195176633,True
575,RandomForest,2022-01-06 02:00:00,181.0,188.58479443689174,True
575,RandomForest,2022-01-06 02:05:00,180.0,189.21941838117743,True
575,RandomForest,2022-01-06 02:10:00,179.0,182.04741797931646,True
575,RandomForest,2022-01-06 02:15:00,179.0,179.734067352399,True
575,RandomForest,2022-01-06 02:20:00,178.0,178.73508379896356,True
575,RandomForest,2022-01-06 02:25:00,178.0,176.57937951298405,True
575,RandomForest,2022-01-06 02:30:00,178.0,176.19039205855427,True
575,RandomForest,2022-01-06 02:35:00,179.0,173.9266001563998,True
575,RandomForest,2022-01-06 02:40:00,180.0,173.83755015593007,True
575,RandomForest,2022-01-06 02:45:00,181.0,176.4543809250949,True
575,RandomForest,2022-01-06 02:50:00,183.0,172.4417102761977,True
575,RandomForest,2022-01-06 02:55:00,184.0,175.659446945778,True
575,RandomForest,2022-01-06 03:00:00,184.0,175.73268704385563,True
575,RandomForest,2022-01-06 03:05:00,184.0,178.4037942232105,True
575,RandomForest,2022-01-06 03:10:00,184.0,179.65667837503443,True
575,RandomForest,2022-01-06 03:15:00,183.0,180.26638646806407,True
575,RandomForest,2022-01-06 03:20:00,182.0,187.66474497684675,True
575,RandomForest,2022-01-06 03:25:00,182.0,187.158931534556,True
575,RandomForest,2022-01-06 03:30:00,182.0,186.27040833495815,True
575,RandomForest,2022-01-06 03:35:00,182.0,185.9431819239734,True
575,RandomForest,2022-01-06 03:40:00,181.0,185.76519011824828,True
575,RandomForest,2022-01-06 03:45:00,181.0,181.5184962396387,True
575,RandomForest,2022-01-06 03:50:00,181.0,180.4486197502286,True
575,RandomForest,2022-01-06 03:55:00,181.0,181.05400188977939,True
575,RandomForest,2022-01-06 04:00:00,181.0,180.99025310691667,True
575,RandomForest,2022-01-06 04:05:00,181.0,181.5280797282885,True
575,RandomForest,2022-01-06 04:10:00,182.0,178.84719387338646,True
575,RandomForest,2022-01-06 04:15:00,182.0,177.40171658956217,True
575,RandomForest,2022-01-06 04:20:00,183.0,177.68858342241128,True
575,RandomForest,2022-01-06 04:25:00,184.0,177.60991319482434,True
575,RandomForest,2022-01-06 04:30:00,185.0,177.66803697768705,True
575,RandomForest,2022-01-06 04:35:00,186.0,177.40171658956217,True
575,RandomForest,2022-01-06 04:40:00,187.0,181.62699471272103,True
575,RandomForest,2022-01-06 04:45:00,187.0,181.28212644693744,True
575,RandomForest,2022-01-06 04:50:00,187.0,185.92420971347033,True
575,RandomForest,2022-01-06 04:55:00,188.0,185.44157158928112,True
575,RandomForest,2022-01-06 05:00:00,188.0,186.75690352715034,True
575,RandomForest,2022-01-06 05:05:00,188.0,188.63227334332777,True
575,RandomForest,2022-01-06 05:10:00,187.0,188.76228835746304,True
575,RandomForest,2022-01-06 05:15:00,187.0,188.57859868384483,True
575,RandomForest,2022-01-06 05:20:00,186.0,188.57859868384483,True
575,RandomForest,2022-01-06 05:25:00,186.0,189.04912980176996,True
575,RandomForest,2022-01-06 05:30:00,184.0,188.69302683357873,True
575,RandomForest,2022-01-06 05:35:00,184.0,188.69302683357873,True
575,RandomForest,2022-01-06 05:40:00,185.0,183.95908343684306,True
575,RandomForest,2022-01-06 05:45:00,188.0,187.90206177993784,True
575,RandomForest,2022-01-06 05:50:00,189.0,184.08963915138588,True
575,RandomForest,2022-01-06 05:55:00,190.0,187.7369134535289,True
575,RandomForest,2022-01-06 06:00:00,190.0,182.52048166128264,True
575,RandomForest,2022-01-06 06:05:00,191.0,183.03987383464388,True
575,RandomForest,2022-01-06 06:10:00,193.0,185.51217946048345,True
575,RandomForest,2022-01-06 06:15:00,194.0,191.77525129458255,True
575,RandomForest,2022-01-06 06:20:00,195.0,189.52685305552117,True
575,RandomForest,2022-01-06 06:25:00,197.0,192.9700129172299,True
575,RandomForest,2022-01-06 06:30:00,199.0,190.23028317707553,True
575,RandomForest,2022-01-06 06:35:00,200.0,194.67707068151987,True
575,RandomForest,2022-01-06 06:40:00,202.0,195.97075577787814,True
575,RandomForest,2022-01-06 06:45:00,202.0,195.5153312953653,True
575,RandomForest,2022-01-06 06:50:00,203.0,196.40548090242,True
575,RandomForest,2022-01-06 06:55:00,204.0,200.83394845642187,True
575,RandomForest,2022-01-06 07:00:00,204.0,203.0596782875287,True
575,RandomForest,2022-01-06 07:05:00,204.0,202.60814927550345,True
575,RandomForest,2022-01-06 07:10:00,204.0,204.41572492380655,True
575,RandomForest,2022-01-06 07:15:00,204.0,201.6579591770242,True
575,RandomForest,2022-01-06 07:20:00,204.0,204.05481976165996,True
575,RandomForest,2022-01-06 07:25:00,204.0,204.07466209266914,True
575,RandomForest,2022-01-06 07:30:00,204.0,202.4047459948119,True
575,RandomForest,2022-01-06 07:40:00,270.0,202.66021935359765,True
575,RandomForest,2022-01-06 07:45:00,272.0,203.24076205898535,True
575,RandomForest,2022-01-06 07:50:00,267.0,201.48793194452523,True
575,RandomForest,2022-01-06 07:55:00,265.0,204.58368304018364,True
575,RandomForest,2022-01-06 08:00:00,267.0,202.12339524312415,True
575,RandomForest,2022-01-06 08:05:00,268.0,184.94790089653864,False
575,RandomForest,2022-01-06 08:10:00,268.0,256.9091081034687,True
575,RandomForest,2022-01-06 08:15:00,267.0,259.7498572365849,True
575,RandomForest,2022-01-06 08:20:00,266.0,236.64645817693557,True
575,RandomForest,2022-01-06 08:25:00,274.0,242.75007223877572,True
575,RandomForest,2022-01-06 08:30:00,273.0,265.3815386498691,True
575,RandomForest,2022-01-06 08:35:00,269.0,264.80793361690115,True
575,RandomForest,2022-01-06 08:40:00,261.0,258.5118486398045,True
575,RandomForest,2022-01-06 08:45:00,256.0,253.63508088156405,True
575,RandomForest,2022-01-06 08:50:00,249.0,255.21385779520995,True
575,RandomForest,2022-01-06 08:55:00,244.0,274.6929138821166,True
575,RandomForest,2022-01-06 09:00:00,242.0,258.4549476134864,True
575,RandomForest,2022-01-06 09:05:00,239.0,249.0946815248677,True
575,RandomForest,2022-01-06 09:10:00,235.0,235.56032912490704,True
575,RandomForest,2022-01-06 09:15:00,230.0,229.12704118941986,True
575,RandomForest,2022-01-06 09:20:00,223.0,222.1510278746928,True
575,RandomForest,2022-01-06 09:25:00,216.0,221.4419857129876,True
575,RandomForest,2022-01-06 09:30:00,209.0,226.8885721428217,True
575,RandomForest,2022-01-06 09:35:00,203.0,215.9742140255907,True
575,RandomForest,2022-01-06 09:40:00,193.0,211.77227993683994,True
575,RandomForest,2022-01-06 09:45:00,182.0,205.21349808136037,True
575,RandomForest,2022-01-06 09:50:00,171.0,188.54679807377718,True
575,RandomForest,2022-01-06 09:55:00,162.0,186.2774797811787,True
575,RandomForest,2022-01-06 10:00:00,155.0,180.78678368129633,True
575,RandomForest,2022-01-06 10:05:00,150.0,178.18141334511117,True
575,RandomForest,2022-01-06 10:10:00,146.0,164.2753643745125,True
575,RandomForest,2022-01-06 10:15:00,143.0,153.95150039672643,True
575,RandomForest,2022-01-06 10:20:00,139.0,129.8975894962805,True
575,RandomForest,2022-01-06 10:25:00,135.0,131.39899865933697,True
575,RandomForest,2022-01-06 10:30:00,130.0,126.69626463318289,True
575,RandomForest,2022-01-06 10:35:00,125.0,133.56012955935475,True
575,RandomForest,2022-01-06 10:40:00,121.0,129.44661265184135,True
575,RandomForest,2022-01-06 10:45:00,116.0,126.56231332059374,True
575,RandomForest,2022-01-06 10:50:00,109.0,119.49584289184531,True
575,RandomForest,2022-01-06 10:55:00,105.0,115.30258719045952,True
575,RandomForest,2022-01-06 11:00:00,100.0,108.90929212418877,True
575,RandomForest,2022-01-06 11:05:00,95.0,106.98639624327657,True
575,RandomForest,2022-01-06 11:10:00,90.0,106.44489169170531,True
575,RandomForest,2022-01-06 11:15:00,86.0,98.04660049741517,True
575,RandomForest,2022-01-06 11:20:00,81.0,87.12004848482813,True
575,RandomForest,2022-01-06 11:25:00,77.0,89.21088756253576,True
575,RandomForest,2022-01-06 11:30:00,72.0,85.70218835770493,True
575,RandomForest,2022-01-06 11:35:00,67.0,83.85467203706528,True
575,RandomForest,2022-01-06 11:40:00,61.0,82.5278141619181,True
575,RandomForest,2022-01-06 11:45:00,58.0,78.2805752895037,True
575,RandomForest,2022-01-06 11:50:00,54.0,79.78345069416442,True
575,RandomForest,2022-01-06 11:55:00,51.0,79.8421889689196,True
575,RandomForest,2022-01-06 12:00:00,49.0,83.42277708446774,True
575,RandomForest,2022-01-06 12:05:00,48.0,83.53358546346448,True
575,RandomForest,2022-01-06 12:10:00,48.0,81.6690603370085,True
575,RandomForest,2022-01-06 12:15:00,48.0,81.37729170499424,True
575,RandomForest,2022-01-06 12:20:00,50.0,76.15886933527987,True
575,RandomForest,2022-01-06 12:25:00,57.0,78.23541142240619,True
575,RandomForest,2022-01-06 12:30:00,65.0,77.86965590685433,True
575,RandomForest,2022-01-06 12:35:00,69.0,77.4320248277708,True
575,RandomForest,2022-01-06 12:40:00,75.0,79.1254964160236,True
575,RandomForest,2022-01-06 12:45:00,80.0,79.08343310433528,True
575,RandomForest,2022-01-06 12:50:00,91.0,90.05432883782883,True
575,RandomForest,2022-01-06 12:55:00,106.0,108.39527923187923,True
575,RandomForest,2022-01-06 13:00:00,117.0,118.0374040649273,True
575,RandomForest,2022-01-06 13:05:00,127.0,120.00783562942465,True
575,RandomForest,2022-01-06 13:10:00,134.0,118.65539651975385,True
575,RandomForest,2022-01-06 13:15:00,139.0,121.32908982543802,True
575,RandomForest,2022-01-06 13:20:00,146.0,140.7383155733156,True
575,RandomForest,2022-01-06 13:25:00,153.0,162.10844157760192,True
575,RandomForest,2022-01-06 13:30:00,153.0,150.3827724081257,True
575,RandomForest,2022-01-06 13:35:00,150.0,159.25603612679583,True
575,RandomForest,2022-01-06 13:40:00,145.0,163.8652254023996,True
575,RandomForest,2022-01-06 13:45:00,139.0,156.9490669335686,True
575,RandomForest,2022-01-06 13:50:00,132.0,177.86960099577712,True
575,RandomForest,2022-01-06 13:55:00,126.0,174.13683683355285,True
575,RandomForest,2022-01-06 14:00:00,121.0,150.78838704155538,True
575,RandomForest,2022-01-06 14:05:00,118.0,139.41201954684615,True
575,RandomForest,2022-01-06 14:10:00,116.0,121.17134850958469,True
575,RandomForest,2022-01-06 14:15:00,117.0,117.12149093517715,True
575,RandomForest,2022-01-06 14:20:00,116.0,110.95266177512212,True
575,RandomForest,2022-01-06 14:25:00,115.0,107.54166783524182,True
575,RandomForest,2022-01-06 14:30:00,116.0,102.27139920827395,True
575,RandomForest,2022-01-06 14:35:00,118.0,109.88667112028928,True
575,RandomForest,2022-01-06 14:40:00,121.0,110.39889127586066,True
575,RandomForest,2022-01-06 14:45:00,125.0,116.33801562291993,True
575,RandomForest,2022-01-06 14:50:00,129.0,111.41149483177432,True
575,RandomForest,2022-01-06 14:55:00,134.0,109.97875274104933,True
575,RandomForest,2022-01-06 15:00:00,138.0,117.38536006848446,True
575,RandomForest,2022-01-06 15:05:00,138.0,121.74799241562994,True
575,RandomForest,2022-01-06 15:10:00,138.0,129.78233413302448,True
575,RandomForest,2022-01-06 15:15:00,136.0,135.38332618211905,True
575,RandomForest,2022-01-06 15:20:00,136.0,140.12967480455822,True
575,RandomForest,2022-01-06 15:25:00,136.0,149.26745407596619,True
575,RandomForest,2022-01-06 15:30:00,135.0,146.7145850965775,True
575,RandomForest,2022-01-06 15:35:00,135.0,141.65989544821153,True
575,RandomForest,2022-01-06 15:40:00,134.0,141.1719591633104,True
575,RandomForest,2022-01-06 15:45:00,133.0,138.94018538775856,True
575,RandomForest,2022-01-06 15:50:00,133.0,138.95668948198875,True
575,RandomForest,2022-01-06 15:55:00,132.0,139.76460056364837,True
575,RandomForest,2022-01-06 16:00:00,132.0,136.14478070349057,True
575,RandomForest,2022-01-06 16:05:00,132.0,135.53913004918667,True
575,RandomForest,2022-01-06 16:10:00,133.0,132.6308058551804,True
575,RandomForest,2022-01-06 16:15:00,133.0,131.52721923071064,True
575,RandomForest,2022-01-06 16:20:00,131.0,133.69379394470045,True
575,RandomForest,2022-01-06 16:25:00,132.0,129.85016775280707,True
575,RandomForest,2022-01-06 16:30:00,133.0,131.23269116316976,True
575,RandomForest,2022-01-06 16:35:00,134.0,132.10100386403792,True
575,RandomForest,2022-01-06 16:40:00,134.0,137.6616813192471,True
575,RandomForest,2022-01-06 16:45:00,134.0,134.45235040908648,True
575,RandomForest,2022-01-06 16:50:00,135.0,130.44516234355652,True
575,RandomForest,2022-01-06 16:55:00,134.0,133.7686453069906,True
575,RandomForest,2022-01-06 17:00:00,135.0,138.3540870697139,True
575,RandomForest,2022-01-06 17:05:00,137.0,137.93562852119328,True
575,RandomForest,2022-01-06 17:10:00,137.0,135.3938290997211,True
575,RandomForest,2022-01-06 17:15:00,138.0,135.41221610165223,True
575,RandomForest,2022-01-06 17:20:00,139.0,140.1127854958123,True
575,RandomForest,2022-01-06 17:25:00,140.0,132.9623430755509,True
575,RandomForest,2022-01-06 17:30:00,140.0,140.76270100860745,True
575,RandomForest,2022-01-06 17:35:00,140.0,147.1352298300701,True
575,RandomForest,2022-01-06 17:40:00,139.0,140.99476105286737,True
575,RandomForest,2022-01-06 17:45:00,139.0,143.89396580967207,True
575,RandomForest,2022-01-06 17:50:00,140.0,144.95206306353805,True
575,RandomForest,2022-01-06 17:55:00,140.0,145.58406243639024,True
575,RandomForest,2022-01-06 18:00:00,140.0,142.36736006984538,True
575,RandomForest,2022-01-06 18:05:00,140.0,142.04031016527975,True
575,RandomForest,2022-01-06 18:10:00,140.0,140.04439780848503,True
575,RandomForest,2022-01-06 18:15:00,140.0,141.18585800935304,True
575,RandomForest,2022-01-06 18:20:00,140.0,145.5243223259793,True
575,RandomForest,2022-01-06 18:25:00,141.0,141.34866824840037,True
575,RandomForest,2022-01-06 18:30:00,142.0,141.71153767790247,True
575,RandomForest,2022-01-06 18:35:00,143.0,141.54043365422615,True
575,RandomForest,2022-01-06 18:40:00,144.0,141.24227083990067,True
575,RandomForest,2022-01-06 18:45:00,145.0,141.46578646051876,True
575,RandomForest,2022-01-06 18:50:00,144.0,141.46578646051876,True
575,RandomForest,2022-01-06 18:55:00,144.0,145.06143375934636,True
575,RandomForest,2022-01-06 19:00:00,146.0,146.08611736461182,True
575,RandomForest,2022-01-06 19:05:00,146.0,146.67618887941532,True
575,RandomForest,2022-01-06 19:10:00,146.0,149.76102829133362,True
575,RandomForest,2022-01-06 19:15:00,146.0,150.82729075380877,True
575,RandomForest,2022-01-06 19:20:00,145.0,143.00952075907804,True
575,RandomForest,2022-01-06 19:25:00,143.0,143.45934930297008,True
575,RandomForest,2022-01-06 19:30:00,142.0,152.99327138761117,True
575,RandomForest,2022-01-06 19:35:00,133.0,147.3371798079384,True
575,RandomForest,2022-01-06 19:40:00,134.0,148.484188340178,True
575,RandomForest,2022-01-06 19:45:00,132.0,147.17312346017243,True
575,RandomForest,2022-01-06 19:50:00,131.0,146.81352015152078,True
575,RandomForest,2022-01-06 19:55:00,132.0,140.7495698535681,True
575,RandomForest,2022-01-06 20:00:00,131.0,138.03221130784627,True
575,RandomForest,2022-01-06 20:05:00,130.0,125.50130959517796,True
575,RandomForest,2022-01-06 20:10:00,128.0,138.5333991944384,True
575,RandomForest,2022-01-06 20:15:00,127.0,126.66287815867894,True
575,RandomForest,2022-01-06 20:20:00,124.0,126.55946600620153,True
575,RandomForest,2022-01-06 20:25:00,124.0,133.78386315521692,True
575,RandomForest,2022-01-06 20:30:00,123.0,127.84762799791872,True
575,RandomForest,2022-01-06 20:35:00,125.0,127.16660242109516,True
575,RandomForest,2022-01-06 20:40:00,127.0,123.33269990731407,True
575,RandomForest,2022-01-06 20:45:00,129.0,122.73811118314762,True
575,RandomForest,2022-01-06 20:50:00,130.0,135.04871680886504,True
575,RandomForest,2022-01-06 20:55:00,133.0,148.76919665404037,True
575,RandomForest,2022-01-06 21:00:00,139.0,139.72561356991773,True
575,RandomForest,2022-01-06 21:05:00,141.0,145.68587244454892,True
575,RandomForest,2022-01-06 21:10:00,142.0,152.5028378286502,True
575,RandomForest,2022-01-06 21:15:00,142.0,151.50386358083526,True
575,RandomForest,2022-01-06 21:20:00,143.0,143.33964153153184,True
575,RandomForest,2022-01-06 21:25:00,142.0,149.7872314725807,True
575,RandomForest,2022-01-06 21:30:00,142.0,154.7047113877621,True
575,RandomForest,2022-01-06 21:35:00,144.0,146.74139331913707,True
575,RandomForest,2022-01-06 21:40:00,145.0,147.35183592225124,True
575,RandomForest,2022-01-06 21:45:00,147.0,139.50268862879074,True
575,RandomForest,2022-01-06 21:50:00,151.0,147.6312267145876,True
575,RandomForest,2022-01-06 21:55:00,153.0,136.78687858862133,True
575,RandomForest,2022-01-06 22:00:00,154.0,139.38280968594077,True
575,RandomForest,2022-01-06 22:05:00,160.0,152.15568658328183,True
575,RandomForest,2022-01-06 22:10:00,165.0,149.91464667614508,True
575,RandomForest,2022-01-06 22:15:00,171.0,153.9716075879811,True
575,RandomForest,2022-01-06 22:20:00,180.0,162.27569908403802,True
575,RandomForest,2022-01-06 22:25:00,187.0,158.10436411703304,True
575,RandomForest,2022-01-06 22:30:00,192.0,156.0975825415619,True
575,RandomForest,2022-01-06 22:35:00,196.0,174.05795723123742,True
575,RandomForest,2022-01-06 22:40:00,199.0,181.94068720948962,True
575,RandomForest,2022-01-06 22:45:00,201.0,184.42889158704466,True
575,RandomForest,2022-01-06 22:50:00,197.0,204.0248139454127,True
575,RandomForest,2022-01-06 22:55:00,188.0,202.65151790070405,True
575,RandomForest,2022-01-06 23:00:00,178.0,205.5333566179044,True
575,RandomForest,2022-01-06 23:05:00,167.0,209.6432348415093,True
575,RandomForest,2022-01-06 23:10:00,154.0,212.29725127511622,True
575,RandomForest,2022-01-06 23:15:00,143.0,207.693334483419,True
575,RandomForest,2022-01-06 23:20:00,134.0,188.4441065579652,True
575,RandomForest,2022-01-06 23:25:00,123.0,177.9185430673454,True
575,RandomForest,2022-01-06 23:30:00,112.0,163.9158942853349,True
575,RandomForest,2022-01-06 23:35:00,106.0,141.16184433282703,True
575,RandomForest,2022-01-06 23:40:00,101.0,132.25334059094857,True
575,RandomForest,2022-01-06 23:45:00,99.0,117.51784545326646,True
575,RandomForest,2022-01-06 23:50:00,101.0,105.95306170085108,True
575,RandomForest,2022-01-06 23:55:00,103.0,93.24616963797281,True
575,RandomForest,2022-01-07 00:00:00,102.0,87.93296062276055,True
575,RandomForest,2022-01-07 00:05:00,105.0,93.21191613373043,True
575,RandomForest,2022-01-07 00:10:00,112.0,90.19743508290453,True
575,RandomForest,2022-01-07 00:15:00,119.0,91.9251117304764,True
575,RandomForest,2022-01-07 00:20:00,125.0,106.5716935286935,True
575,RandomForest,2022-01-07 00:25:00,130.0,119.9696195041553,True
575,RandomForest,2022-01-07 00:30:00,136.0,104.19618497774118,True
575,RandomForest,2022-01-07 00:35:00,142.0,117.06760085619052,True
575,RandomForest,2022-01-07 00:40:00,148.0,119.09960075956315,True
575,RandomForest,2022-01-07 00:45:00,154.0,136.92698289542832,True
575,RandomForest,2022-01-07 00:50:00,159.0,142.09487642329583,True
575,RandomForest,2022-01-07 00:55:00,164.0,140.3608228289241,True
575,RandomForest,2022-01-07 01:00:00,167.0,149.2274488946402,True
575,RandomForest,2022-01-07 01:05:00,169.0,156.80773134584612,True
575,RandomForest,2022-01-07 01:10:00,170.0,166.1709197460278,True
575,RandomForest,2022-01-07 01:15:00,170.0,169.89432956220082,True
575,RandomForest,2022-01-07 01:20:00,168.0,174.35442658782003,True
575,RandomForest,2022-01-07 01:25:00,166.0,182.32670936952707,True
575,RandomForest,2022-01-07 01:30:00,162.0,174.89218568121268,True
575,RandomForest,2022-01-07 01:35:00,156.0,177.92442629101012,True
575,RandomForest,2022-01-07 01:40:00,151.0,178.32369357039053,True
575,RandomForest,2022-01-07 01:45:00,148.0,177.26893354670972,True
575,RandomForest,2022-01-07 01:50:00,145.0,170.1183198928061,True
575,RandomForest,2022-01-07 01:55:00,143.0,171.13877008095892,True
575,RandomForest,2022-01-07 02:00:00,139.0,158.87914193058498,True
575,RandomForest,2022-01-07 02:05:00,135.0,151.54474264896925,True
575,RandomForest,2022-01-07 02:10:00,132.0,151.30869750884446,True
575,RandomForest,2022-01-07 02:15:00,130.0,150.1526229767423,True
575,RandomForest,2022-01-07 02:20:00,128.0,141.8552222074545,True
575,RandomForest,2022-01-07 02:25:00,125.0,140.86322042852237,True
575,RandomForest,2022-01-07 02:30:00,123.0,132.06286528743837,True
575,RandomForest,2022-01-07 02:35:00,119.0,126.44346366643367,True
575,RandomForest,2022-01-07 02:40:00,116.0,122.05971352572291,True
575,RandomForest,2022-01-07 02:45:00,115.0,119.47952720868373,True
575,RandomForest,2022-01-07 02:50:00,115.0,118.91603464007882,True
575,RandomForest,2022-01-07 02:55:00,115.0,114.89213329378371,True
575,RandomForest,2022-01-07 03:00:00,117.0,113.39060432249579,True
575,RandomForest,2022-01-07 03:05:00,118.0,108.502009082292,True
575,RandomForest,2022-01-07 03:10:00,118.0,107.15614141960103,True
575,RandomForest,2022-01-07 03:15:00,118.0,110.4450937024869,True
575,RandomForest,2022-01-07 03:20:00,118.0,114.01880555812295,True
575,RandomForest,2022-01-07 03:25:00,119.0,113.01046037734574,True
575,RandomForest,2022-01-07 03:30:00,120.0,122.50753483246035,True
575,RandomForest,2022-01-07 03:35:00,121.0,118.9352327162239,True
575,RandomForest,2022-01-07 03:40:00,121.0,117.75553635493863,True
575,RandomForest,2022-01-07 03:45:00,122.0,119.06994380127045,True
575,RandomForest,2022-01-07 03:50:00,122.0,119.01521600390144,True
575,RandomForest,2022-01-07 03:55:00,123.0,121.38124429044436,True
575,RandomForest,2022-01-07 04:00:00,124.0,121.89762081166255,True
575,RandomForest,2022-01-07 04:05:00,123.0,123.82399377996768,True
575,RandomForest,2022-01-07 04:10:00,123.0,123.32593894713405,True
575,RandomForest,2022-01-07 04:15:00,123.0,125.00041181617051,True
575,RandomForest,2022-01-07 04:20:00,124.0,124.04341365898915,True
575,RandomForest,2022-01-07 04:25:00,123.0,126.45920283597903,True
575,RandomForest,2022-01-07 04:30:00,122.0,126.99024727286385,True
575,RandomForest,2022-01-07 04:35:00,120.0,121.77200744921309,True
575,RandomForest,2022-01-07 04:40:00,119.0,124.43677820250798,True
575,RandomForest,2022-01-07 04:45:00,118.0,123.90159302229397,True
575,RandomForest,2022-01-07 04:50:00,117.0,127.31767575680566,True
575,RandomForest,2022-01-07 04:55:00,117.0,122.50777309974848,True
575,RandomForest,2022-01-07 05:00:00,116.0,120.15104149286778,True
575,RandomForest,2022-01-07 05:05:00,115.0,117.54762811166782,True
575,RandomForest,2022-01-07 05:10:00,114.0,116.7099465811712,True
575,RandomForest,2022-01-07 05:15:00,113.0,115.97236691786598,True
575,RandomForest,2022-01-07 05:20:00,112.0,116.03192874961269,True
575,RandomForest,2022-01-07 05:25:00,112.0,117.85880242744203,True
575,RandomForest,2022-01-07 05:30:00,111.0,112.61302051218829,True
575,RandomForest,2022-01-07 05:35:00,112.0,111.47124492732806,True
575,RandomForest,2022-01-07 05:40:00,112.0,111.18935576149305,True
575,RandomForest,2022-01-07 05:45:00,113.0,110.31579204019611,True
575,RandomForest,2022-01-07 05:50:00,114.0,109.25106912803074,True
575,RandomForest,2022-01-07 05:55:00,115.0,112.44095073912278,True
575,RandomForest,2022-01-07 06:00:00,116.0,108.82312046357958,True
575,RandomForest,2022-01-07 06:05:00,119.0,113.79763663741551,True
575,RandomForest,2022-01-07 06:10:00,121.0,113.334822963599,True
575,RandomForest,2022-01-07 06:15:00,123.0,115.33181116601384,True
575,RandomForest,2022-01-07 06:20:00,126.0,116.30106040965306,True
575,RandomForest,2022-01-07 06:25:00,129.0,116.70786384329857,True
575,RandomForest,2022-01-07 06:30:00,131.0,119.72147497483957,True
575,RandomForest,2022-01-07 06:35:00,133.0,125.77316210110584,True
575,RandomForest,2022-01-07 06:40:00,136.0,126.43305229381421,True
575,RandomForest,2022-01-07 06:45:00,136.0,127.48555919689149,True
575,RandomForest,2022-01-07 06:50:00,134.0,139.0067409204967,True
575,RandomForest,2022-01-07 06:55:00,139.0,163.7582983778964,True
575,RandomForest,2022-01-07 07:00:00,147.0,161.9039738485067,True
575,RandomForest,2022-01-07 07:05:00,154.0,157.98140168705095,True
575,RandomForest,2022-01-07 07:10:00,160.0,158.52084969915816,True
575,RandomForest,2022-01-07 07:15:00,168.0,150.15731740066624,True
575,RandomForest,2022-01-07 07:20:00,173.0,141.2417313189699,True
575,RandomForest,2022-01-07 07:25:00,178.0,157.73255573404495,True
575,RandomForest,2022-01-07 07:30:00,182.0,170.9957430316052,True
575,RandomForest,2022-01-07 07:35:00,181.0,178.87181474151984,True
575,RandomForest,2022-01-07 07:40:00,180.0,175.54841046497168,True
575,RandomForest,2022-01-07 07:45:00,182.0,187.33524039235326,True
575,RandomForest,2022-01-07 07:50:00,186.0,184.92971949319733,True
575,RandomForest,2022-01-07 07:55:00,188.0,192.0013676499037,True
575,RandomForest,2022-01-07 08:00:00,190.0,187.5928540511176,True
575,RandomForest,2022-01-07 08:05:00,192.0,169.23761739389553,True
575,RandomForest,2022-01-07 08:10:00,192.0,168.94664264933635,True
575,RandomForest,2022-01-07 08:15:00,191.0,184.01859988831976,True
575,RandomForest,2022-01-07 08:20:00,190.0,194.00296027283247,True
575,RandomForest,2022-01-07 08:25:00,188.0,189.4270235473659,True
575,RandomForest,2022-01-07 08:30:00,183.0,196.39589818460706,True
575,RandomForest,2022-01-07 08:35:00,178.0,198.362741034984,True
575,RandomForest,2022-01-07 08:40:00,173.0,191.76417183809733,True
575,RandomForest,2022-01-07 08:45:00,167.0,187.97952117505145,True
575,RandomForest,2022-01-07 08:50:00,160.0,187.5954210889175,True
575,RandomForest,2022-01-07 08:55:00,154.0,180.5744675568811,True
575,RandomForest,2022-01-07 09:00:00,148.0,171.88697763820372,True
575,RandomForest,2022-01-07 09:05:00,144.0,163.70252980114768,True
575,RandomForest,2022-01-07 09:10:00,139.0,157.89195491374173,True
575,RandomForest,2022-01-07 09:15:00,136.0,145.05093343208398,True
575,RandomForest,2022-01-07 09:20:00,131.0,136.51401475111007,True
575,RandomForest,2022-01-07 09:25:00,127.0,131.76784069498092,True
575,RandomForest,2022-01-07 09:30:00,122.0,129.82715481771513,True
575,RandomForest,2022-01-07 09:35:00,116.0,127.26925154368361,True
575,RandomForest,2022-01-07 09:40:00,111.0,121.2343274607002,True
575,RandomForest,2022-01-07 09:45:00,107.0,123.07114451030395,True
575,RandomForest,2022-01-07 09:50:00,103.0,112.7180399472722,True
575,RandomForest,2022-01-07 09:55:00,100.0,108.27250198937547,True
575,RandomForest,2022-01-07 10:00:00,100.0,104.14527031937929,True
575,RandomForest,2022-01-07 10:05:00,100.0,101.33200948795053,True
575,RandomForest,2022-01-07 10:10:00,98.0,94.48636781494412,True
575,RandomForest,2022-01-07 10:15:00,95.0,90.17809271752076,True
575,RandomForest,2022-01-07 10:20:00,90.0,88.64554583260151,True
575,RandomForest,2022-01-07 10:25:00,88.0,89.07843763454771,True
575,RandomForest,2022-01-07 10:30:00,86.0,101.03368677266118,True
575,RandomForest,2022-01-07 10:35:00,83.0,98.34548283527245,True
575,RandomForest,2022-01-07 10:40:00,80.0,92.42791960347675,True
575,RandomForest,2022-01-07 10:45:00,77.0,89.98481389394954,True
575,RandomForest,2022-01-07 10:50:00,75.0,85.95849176204416,True
575,RandomForest,2022-01-07 10:55:00,71.0,85.80428993309343,True
575,RandomForest,2022-01-07 11:00:00,70.0,83.61517329049003,True
575,RandomForest,2022-01-07 11:05:00,66.0,82.37388325094838,True
575,RandomForest,2022-01-07 11:10:00,64.0,79.44135153698056,True
575,RandomForest,2022-01-07 11:15:00,63.0,79.4065163201131,True
575,RandomForest,2022-01-07 11:20:00,61.0,79.16043709347265,True
575,RandomForest,2022-01-07 11:25:00,61.0,79.80316241245359,True
575,RandomForest,2022-01-07 11:30:00,61.0,81.24061461638861,True
575,RandomForest,2022-01-07 11:35:00,61.0,78.37462560549713,True
575,RandomForest,2022-01-07 11:40:00,61.0,78.63289908533386,True
575,RandomForest,2022-01-07 11:45:00,61.0,77.00652845059496,True
575,RandomForest,2022-01-07 11:50:00,61.0,77.20615221891212,True
575,RandomForest,2022-01-07 11:55:00,61.0,83.74381127072165,True
575,RandomForest,2022-01-07 13:20:00,95.0,141.04433585858905,False
575,RandomForest,2022-01-07 13:25:00,96.0,149.00249531870696,False
575,RandomForest,2022-01-07 13:30:00,99.0,164.29757867724857,False
575,RandomForest,2022-01-07 13:35:00,106.0,176.90644580073436,False
575,RandomForest,2022-01-07 13:40:00,115.0,177.8556338131622,False
575,RandomForest,2022-01-07 13:45:00,124.0,176.33620564794256,False
575,RandomForest,2022-01-07 13:50:00,130.0,101.54532538589756,True
575,RandomForest,2022-01-07 13:55:00,135.0,108.84435877110593,True
575,RandomForest,2022-01-07 14:00:00,140.0,119.22775627917332,True
575,RandomForest,2022-01-07 14:05:00,144.0,149.05451152206788,True
575,RandomForest,2022-01-07 14:10:00,148.0,153.42234728929301,True
575,RandomForest,2022-01-07 14:15:00,155.0,165.2663937386838,True
575,RandomForest,2022-01-07 14:20:00,165.0,153.0588418766087,True
575,RandomForest,2022-01-07 14:25:00,175.0,154.50904295051103,True
575,RandomForest,2022-01-07 14:30:00,183.0,154.8777091397977,True
575,RandomForest,2022-01-07 14:35:00,191.0,158.94444143349804,True
575,RandomForest,2022-01-07 14:40:00,200.0,157.63251241061408,True
575,RandomForest,2022-01-07 14:45:00,208.0,175.8084687075964,True
575,RandomForest,2022-01-07 14:50:00,215.0,197.49380849696502,True
575,RandomForest,2022-01-07 14:55:00,221.0,204.729696359786,True
575,RandomForest,2022-01-07 15:00:00,229.0,205.82208239593797,True
575,RandomForest,2022-01-07 15:05:00,238.0,216.04542307118038,True
575,RandomForest,2022-01-07 15:10:00,245.0,221.01374016281855,True
575,RandomForest,2022-01-07 15:15:00,252.0,224.566543602702,True
575,RandomForest,2022-01-07 15:20:00,256.0,227.2048829113372,True
575,RandomForest,2022-01-07 15:25:00,256.0,233.34760989093328,True
575,RandomForest,2022-01-07 15:30:00,255.0,248.97301252575636,True
575,RandomForest,2022-01-07 15:35:00,251.0,256.829836413919,True
575,RandomForest,2022-01-07 15:40:00,247.0,261.7501885062635,True
575,RandomForest,2022-01-07 15:45:00,247.0,271.7516032976707,True
575,RandomForest,2022-01-07 15:50:00,245.0,269.08595618703794,True
575,RandomForest,2022-01-07 15:55:00,243.0,257.2805081651979,True
575,RandomForest,2022-01-07 16:00:00,243.0,256.6499564145674,True
575,RandomForest,2022-01-07 16:05:00,243.0,241.593349585527,True
575,RandomForest,2022-01-07 16:10:00,242.0,236.13017982137703,True
575,RandomForest,2022-01-07 16:15:00,240.0,239.72570670256246,True
575,RandomForest,2022-01-07 16:20:00,238.0,233.14562566271044,True
575,RandomForest,2022-01-07 16:25:00,237.0,232.10042585240691,True
575,RandomForest,2022-01-07 16:30:00,237.0,236.65108348239102,True
575,RandomForest,2022-01-07 16:35:00,236.0,236.70285291430545,True
575,RandomForest,2022-01-07 16:40:00,233.0,237.38807104988607,True
575,RandomForest,2022-01-07 16:45:00,231.0,228.96198868344894,True
575,RandomForest,2022-01-07 16:50:00,229.0,229.4885603610562,True
575,RandomForest,2022-01-07 16:55:00,228.0,232.86829605137416,True
575,RandomForest,2022-01-07 17:00:00,226.0,234.70961107223022,True
575,RandomForest,2022-01-07 17:05:00,225.0,233.1566060445392,True
575,RandomForest,2022-01-07 17:10:00,224.0,221.18540638648844,True
575,RandomForest,2022-01-07 17:15:00,222.0,217.83546073816163,True
575,RandomForest,2022-01-07 17:20:00,221.0,214.55768654813616,True
575,RandomForest,2022-01-07 17:25:00,221.0,220.73553149338696,True
575,RandomForest,2022-01-07 17:30:00,220.0,213.36510006487154,True
575,RandomForest,2022-01-07 17:35:00,219.0,220.18789080055657,True
575,RandomForest,2022-01-07 17:40:00,218.0,214.8244864657794,True
575,RandomForest,2022-01-07 17:45:00,218.0,206.48415780324697,True
575,RandomForest,2022-01-07 17:50:00,216.0,215.4011750472487,True
575,RandomForest,2022-01-07 17:55:00,214.0,216.72645871101065,True
575,RandomForest,2022-01-07 18:00:00,214.0,217.623355513364,True
575,RandomForest,2022-01-07 18:05:00,213.0,216.40748099406505,True
575,RandomForest,2022-01-07 18:10:00,212.0,216.21887078253795,True
575,RandomForest,2022-01-07 18:15:00,212.0,217.5042009188982,True
575,RandomForest,2022-01-07 18:20:00,211.0,212.74247764663804,True
575,RandomForest,2022-01-07 18:25:00,212.0,212.41948301629535,True
575,RandomForest,2022-01-07 18:30:00,211.0,212.46713965393346,True
575,RandomForest,2022-01-07 18:35:00,211.0,212.64377879585973,True
575,RandomForest,2022-01-07 18:40:00,211.0,212.92059747815998,True
575,RandomForest,2022-01-07 18:45:00,210.0,212.53863136444735,True
575,RandomForest,2022-01-07 18:50:00,209.0,211.79330316693785,True
575,RandomForest,2022-01-07 18:55:00,208.0,212.3266523611788,True
575,RandomForest,2022-01-07 19:00:00,206.0,211.7168757268671,True
575,RandomForest,2022-01-07 19:05:00,205.0,211.94132732741863,True
575,RandomForest,2022-01-07 19:10:00,205.0,211.69428564714926,True
575,RandomForest,2022-01-07 19:15:00,205.0,208.5748797760315,True
575,RandomForest,2022-01-07 19:20:00,205.0,206.2379129467134,True
575,RandomForest,2022-01-07 19:25:00,205.0,204.97458127095604,True
575,RandomForest,2022-01-07 19:30:00,205.0,199.9144230242672,True
575,RandomForest,2022-01-07 19:35:00,184.0,200.7173340126901,True
575,RandomForest,2022-01-07 19:40:00,182.0,204.63439182972436,True
575,RandomForest,2022-01-07 19:45:00,180.0,204.4795329395392,True
575,RandomForest,2022-01-07 19:50:00,177.0,205.3283754551714,True
575,RandomForest,2022-01-07 19:55:00,174.0,205.69968043218225,True
575,RandomForest,2022-01-07 20:00:00,170.0,204.54062338369764,True
575,RandomForest,2022-01-07 20:05:00,167.0,176.53870549623431,True
575,RandomForest,2022-01-07 20:10:00,165.0,186.58240916942066,True
575,RandomForest,2022-01-07 20:15:00,161.0,177.4095737310762,True
575,RandomForest,2022-01-07 20:20:00,157.0,175.36743697746147,True
575,RandomForest,2022-01-07 20:25:00,154.0,166.66556913559103,True
575,RandomForest,2022-01-07 20:30:00,151.0,156.2493519760302,True
575,RandomForest,2022-01-07 20:35:00,149.0,157.01877888805114,True
575,RandomForest,2022-01-07 20:40:00,146.0,153.27669431437195,True
575,RandomForest,2022-01-07 20:45:00,144.0,149.90136923385415,True
575,RandomForest,2022-01-07 20:50:00,145.0,144.88826155297346,True
575,RandomForest,2022-01-07 20:55:00,152.0,141.00181666046055,True
575,RandomForest,2022-01-07 21:00:00,162.0,137.0446656240923,True
575,RandomForest,2022-01-07 21:05:00,171.0,139.28398599555192,True
575,RandomForest,2022-01-07 21:10:00,182.0,132.42175470705726,True
575,RandomForest,2022-01-07 21:15:00,197.0,134.71420947056745,True
575,RandomForest,2022-01-07 21:20:00,210.0,144.41429150132183,True
575,RandomForest,2022-01-07 21:25:00,223.0,163.37381058888596,True
575,RandomForest,2022-01-07 21:30:00,233.0,176.74987858010206,True
575,RandomForest,2022-01-07 21:35:00,237.0,183.3017867945014,True
575,RandomForest,2022-01-07 21:40:00,233.0,213.56599534167128,True
575,RandomForest,2022-01-07 21:45:00,229.0,230.03511826130867,True
575,RandomForest,2022-01-07 21:50:00,219.0,239.793527945998,True
575,RandomForest,2022-01-07 21:55:00,206.0,253.45659710272065,True
575,RandomForest,2022-01-07 22:00:00,193.0,249.0044587372684,True
575,RandomForest,2022-01-07 22:05:00,180.0,231.742095643893,True
575,RandomForest,2022-01-07 22:10:00,166.0,210.1617032634033,True
575,RandomForest,2022-01-07 22:15:00,151.0,197.01693286713288,True
575,RandomForest,2022-01-07 22:20:00,138.0,166.41699401767826,True
575,RandomForest,2022-01-07 22:25:00,127.0,151.49965268605635,True
575,RandomForest,2022-01-07 22:30:00,115.0,141.16195683272647,True
575,RandomForest,2022-01-07 22:35:00,105.0,134.4276468947495,True
575,RandomForest,2022-01-07 22:40:00,93.0,121.4617000915751,True
575,RandomForest,2022-01-07 22:45:00,88.0,110.67404399817508,True
575,RandomForest,2022-01-07 22:50:00,80.0,100.12758513786243,True
575,RandomForest,2022-01-07 22:55:00,74.0,92.05497833419479,True
575,RandomForest,2022-01-07 23:00:00,67.0,89.7762004297918,True
575,RandomForest,2022-01-07 23:05:00,62.0,78.46082091157876,True
575,RandomForest,2022-01-07 23:10:00,60.0,75.30379372604305,True
575,RandomForest,2022-01-07 23:15:00,59.0,81.34115018716956,True
575,RandomForest,2022-01-07 23:20:00,58.0,71.0662581271589,True
575,RandomForest,2022-01-07 23:25:00,59.0,72.62403876056743,True
575,RandomForest,2022-01-07 23:30:00,58.0,64.22919245158856,True
575,RandomForest,2022-01-07 23:35:00,58.0,64.45917580202384,True
575,RandomForest,2022-01-07 23:40:00,61.0,65.41781613594905,True
575,RandomForest,2022-01-07 23:45:00,65.0,67.4947762466502,True
575,RandomForest,2022-01-07 23:50:00,61.0,64.33927064279473,True
575,RandomForest,2022-01-07 23:55:00,55.0,80.55972963970734,True
575,RandomForest,2022-01-08 00:00:00,53.0,74.20470017179795,True
575,RandomForest,2022-01-08 00:05:00,52.0,73.26583030668093,True
575,RandomForest,2022-01-08 00:10:00,52.0,88.47890414768506,True
575,RandomForest,2022-01-08 00:15:00,56.0,89.40165480378806,True
575,RandomForest,2022-01-08 00:20:00,61.0,75.36356894020275,True
575,RandomForest,2022-01-08 00:25:00,66.0,63.98768703791455,True
575,RandomForest,2022-01-08 00:30:00,70.0,67.07324984873918,True
575,RandomForest,2022-01-08 00:35:00,73.0,63.83223943932882,True
575,RandomForest,2022-01-08 00:40:00,77.0,65.5850656066072,True
575,RandomForest,2022-01-08 00:45:00,81.0,81.03417354534555,True
575,RandomForest,2022-01-08 00:50:00,85.0,82.71760809189345,True
575,RandomForest,2022-01-08 00:55:00,89.0,87.4400733275876,True
575,RandomForest,2022-01-08 01:00:00,94.0,88.15127423240256,True
575,RandomForest,2022-01-08 01:05:00,99.0,87.97434124326668,True
575,RandomForest,2022-01-08 01:10:00,104.0,98.72548047842643,True
575,RandomForest,2022-01-08 01:15:00,108.0,97.62690203250993,True
575,RandomForest,2022-01-08 01:20:00,113.0,102.0879002046109,True
575,RandomForest,2022-01-08 01:25:00,118.0,102.70672499414987,True
575,RandomForest,2022-01-08 01:30:00,123.0,112.25278114806648,True
575,RandomForest,2022-01-08 01:35:00,129.0,114.09842615807248,True
575,RandomForest,2022-01-08 01:40:00,133.0,118.17948076722942,True
575,RandomForest,2022-01-08 01:45:00,131.0,123.10848517907657,True
575,RandomForest,2022-01-08 01:50:00,124.0,134.023696932049,True
575,RandomForest,2022-01-08 01:55:00,121.0,132.90020016922517,True
575,RandomForest,2022-01-08 02:00:00,121.0,142.7804222852177,True
575,RandomForest,2022-01-08 02:05:00,126.0,150.574732157632,True
575,RandomForest,2022-01-08 02:10:00,131.0,146.9477184469834,True
575,RandomForest,2022-01-08 02:15:00,133.0,130.30759908241365,True
575,RandomForest,2022-01-08 02:20:00,135.0,120.40659531513683,True
575,RandomForest,2022-01-08 02:25:00,140.0,119.58962559377446,True
575,RandomForest,2022-01-08 02:30:00,146.0,125.50579403560458,True
575,RandomForest,2022-01-08 02:35:00,150.0,141.13904538172238,True
575,RandomForest,2022-01-08 02:40:00,155.0,140.5535576167773,True
575,RandomForest,2022-01-08 02:45:00,158.0,140.9955818859871,True
575,RandomForest,2022-01-08 02:50:00,159.0,144.36151774844086,True
575,RandomForest,2022-01-08 02:55:00,162.0,153.77698210909773,True
575,RandomForest,2022-01-08 03:00:00,164.0,161.84247059927608,True
575,RandomForest,2022-01-08 03:05:00,166.0,165.26802035660344,True
575,RandomForest,2022-01-08 03:10:00,168.0,172.28987205153626,True
575,RandomForest,2022-01-08 03:15:00,170.0,166.42518216141391,True
575,RandomForest,2022-01-08 03:20:00,172.0,162.4636127824637,True
575,RandomForest,2022-01-08 03:25:00,174.0,170.5483416142164,True
575,RandomForest,2022-01-08 03:30:00,176.0,171.7942962011509,True
575,RandomForest,2022-01-08 03:35:00,177.0,174.00056499983256,True
575,RandomForest,2022-01-08 03:40:00,178.0,179.22685421641916,True
575,RandomForest,2022-01-08 03:45:00,179.0,179.79516501338077,True
575,RandomForest,2022-01-08 03:50:00,179.0,180.5815921904741,True
575,RandomForest,2022-01-08 03:55:00,178.0,182.16967962268416,True
575,RandomForest,2022-01-08 04:00:00,177.0,181.55323908633935,True
575,RandomForest,2022-01-08 04:05:00,175.0,179.8657000868706,True
575,RandomForest,2022-01-08 04:10:00,173.0,180.36907107353377,True
575,RandomForest,2022-01-08 04:15:00,171.0,180.81300481894138,True
575,RandomForest,2022-01-08 04:20:00,172.0,178.56410055404285,True
575,RandomForest,2022-01-08 04:25:00,171.0,173.67258481999343,True
575,RandomForest,2022-01-08 04:30:00,172.0,172.8530755137657,True
575,RandomForest,2022-01-08 04:35:00,175.0,171.74994995367757,True
575,RandomForest,2022-01-08 04:40:00,177.0,168.8785054140491,True
575,RandomForest,2022-01-08 04:45:00,177.0,163.73876740069457,True
575,RandomForest,2022-01-08 04:50:00,176.0,172.6571822206306,True
575,RandomForest,2022-01-08 04:55:00,178.0,164.62593647147725,True
575,RandomForest,2022-01-08 05:00:00,179.0,171.4563346527685,True
575,RandomForest,2022-01-08 05:05:00,182.0,181.30848725456613,True
575,RandomForest,2022-01-08 05:10:00,185.0,179.84206893464432,True
575,RandomForest,2022-01-08 05:15:00,188.0,175.7208166105786,True
575,RandomForest,2022-01-08 05:20:00,190.0,171.812900429249,True
575,RandomForest,2022-01-08 05:25:00,194.0,180.38129548070017,True
575,RandomForest,2022-01-08 05:30:00,197.0,178.21751016857735,True
575,RandomForest,2022-01-08 05:35:00,200.0,192.08971302755705,True
575,RandomForest,2022-01-08 05:40:00,204.0,195.84984536747342,True
575,RandomForest,2022-01-08 05:45:00,207.0,196.452156455173,True
575,RandomForest,2022-01-08 05:50:00,213.0,194.94433509307746,True
575,RandomForest,2022-01-08 05:55:00,219.0,199.66715192068747,True
575,RandomForest,2022-01-08 06:00:00,226.0,207.3116247056735,True
575,RandomForest,2022-01-08 06:05:00,230.0,208.34013108374674,True
575,RandomForest,2022-01-08 06:10:00,231.0,213.54504133560505,True
575,RandomForest,2022-01-08 06:15:00,233.0,215.5558161404324,True
575,RandomForest,2022-01-08 06:20:00,233.0,231.788146611946,True
575,RandomForest,2022-01-08 06:25:00,233.0,235.7861331063475,True
575,RandomForest,2022-01-08 06:30:00,233.0,241.8151950537573,True
575,RandomForest,2022-01-08 06:35:00,232.0,237.40431980211318,True
575,RandomForest,2022-01-08 06:40:00,232.0,235.05917550418997,True
575,RandomForest,2022-01-08 06:45:00,231.0,238.7193056229389,True
575,RandomForest,2022-01-08 06:50:00,231.0,235.32453434864155,True
575,RandomForest,2022-01-08 06:55:00,230.0,234.7745941346188,True
575,RandomForest,2022-01-08 07:00:00,229.0,228.74536041587155,True
575,RandomForest,2022-01-08 07:05:00,228.0,226.49470131472245,True
575,RandomForest,2022-01-08 07:10:00,227.0,227.02308186007602,True
575,RandomForest,2022-01-08 07:15:00,227.0,228.9297415981916,True
575,RandomForest,2022-01-08 07:20:00,226.0,228.93707780521643,True
575,RandomForest,2022-01-08 07:25:00,226.0,226.90155892362566,True
575,RandomForest,2022-01-08 07:30:00,226.0,225.02186023465518,True
575,RandomForest,2022-01-08 07:35:00,226.0,226.0098825402239,True
575,RandomForest,2022-01-08 07:40:00,226.0,226.61107930886047,True
575,RandomForest,2022-01-08 07:45:00,226.0,227.7931936989438,True
575,RandomForest,2022-01-08 07:50:00,226.0,226.00343370944654,True
575,RandomForest,2022-01-08 07:55:00,226.0,227.54168585136333,True
575,RandomForest,2022-01-08 08:10:00,280.0,222.82328276822227,True
575,RandomForest,2022-01-08 08:15:00,277.0,223.7022906362354,True
575,RandomForest,2022-01-08 08:20:00,273.0,223.19107045408055,True
575,RandomForest,2022-01-08 08:25:00,267.0,225.28475887993852,True
575,RandomForest,2022-01-08 08:30:00,262.0,197.18886334318822,False
575,RandomForest,2022-01-08 08:35:00,256.0,200.102690297998,False
575,RandomForest,2022-01-08 08:40:00,250.0,257.03742876176733,True
575,RandomForest,2022-01-08 08:45:00,244.0,254.43370279487743,True
575,RandomForest,2022-01-08 08:50:00,238.0,242.80751615111305,True
575,RandomForest,2022-01-08 08:55:00,232.0,237.8475970042281,True
575,RandomForest,2022-01-08 09:00:00,227.0,230.66173717204757,True
575,RandomForest,2022-01-08 09:05:00,221.0,225.14764248925903,True
575,RandomForest,2022-01-08 09:10:00,216.0,222.63971880120454,True
575,RandomForest,2022-01-08 09:15:00,211.0,213.91773105954871,True
575,RandomForest,2022-01-08 09:20:00,211.0,207.52206598115154,True
575,RandomForest,2022-01-08 09:25:00,211.0,205.93708913707582,True
575,RandomForest,2022-01-08 09:30:00,211.0,205.79562040787994,True
575,RandomForest,2022-01-08 09:35:00,211.0,193.55553217025735,True
575,RandomForest,2022-01-08 09:40:00,211.0,193.68408844138895,True
575,RandomForest,2022-01-08 09:45:00,211.0,187.31377792058495,True
575,RandomForest,2022-01-08 09:50:00,211.0,199.381096501343,True
575,RandomForest,2022-01-08 13:35:00,186.0,169.75696929360893,False
575,RandomForest,2022-01-08 13:40:00,183.0,171.03421679443932,False
575,RandomForest,2022-01-08 13:45:00,180.0,171.03421679443932,False
575,RandomForest,2022-01-08 13:50:00,174.0,171.03421679443932,False
575,RandomForest,2022-01-08 13:55:00,168.0,169.0119974066842,False
575,RandomForest,2022-01-08 14:00:00,161.0,169.0119974066842,False
575,RandomForest,2022-01-08 14:05:00,155.0,187.16881325228695,True
575,RandomForest,2022-01-08 14:10:00,152.0,181.32111747869098,True
575,RandomForest,2022-01-08 14:15:00,150.0,179.92847730946428,True
575,RandomForest,2022-01-08 14:20:00,148.0,166.4221573104308,True
575,RandomForest,2022-01-08 14:25:00,143.0,163.47601688108097,True
575,RandomForest,2022-01-08 14:30:00,139.0,146.278964967889,True
575,RandomForest,2022-01-08 14:35:00,134.0,138.00503647443497,True
575,RandomForest,2022-01-08 14:40:00,132.0,144.08110679348619,True
575,RandomForest,2022-01-08 14:45:00,132.0,147.41073392352132,True
575,RandomForest,2022-01-08 14:50:00,131.0,145.148066382293,True
575,RandomForest,2022-01-08 14:55:00,130.0,136.62886191675,True
575,RandomForest,2022-01-08 15:00:00,129.0,130.006915532594,True
575,RandomForest,2022-01-08 15:05:00,128.0,118.33254884925634,True
575,RandomForest,2022-01-08 15:10:00,124.0,119.57759092905789,True
575,RandomForest,2022-01-08 15:15:00,117.0,126.55506526165253,True
575,RandomForest,2022-01-08 15:20:00,112.0,119.80392833118167,True
575,RandomForest,2022-01-08 15:25:00,111.0,122.92371794695886,True
575,RandomForest,2022-01-08 15:30:00,115.0,125.27777094776683,True
575,RandomForest,2022-01-08 15:35:00,111.0,123.87224538813217,True
575,RandomForest,2022-01-08 15:40:00,108.0,120.28726157781772,True
575,RandomForest,2022-01-08 15:45:00,106.0,107.3649354598507,True
575,RandomForest,2022-01-08 15:50:00,105.0,102.72552307715654,True
575,RandomForest,2022-01-08 15:55:00,102.0,104.25799787876767,True
575,RandomForest,2022-01-08 16:00:00,101.0,120.82770468583749,True
575,RandomForest,2022-01-08 16:05:00,100.0,104.82689217630092,True
575,RandomForest,2022-01-08 16:10:00,99.0,101.011498421548,True
575,RandomForest,2022-01-08 16:15:00,96.0,101.93370498650087,True
575,RandomForest,2022-01-08 16:20:00,93.0,99.60459176191695,True
575,RandomForest,2022-01-08 16:25:00,92.0,95.66974344535335,True
575,RandomForest,2022-01-08 16:30:00,93.0,96.98899281231624,True
575,RandomForest,2022-01-08 16:35:00,102.0,95.63477757866309,True
575,RandomForest,2022-01-08 16:40:00,114.0,96.24461296083551,True
575,RandomForest,2022-01-08 16:45:00,121.0,88.77306423312437,True
575,RandomForest,2022-01-08 16:50:00,127.0,88.61426892574232,True
575,RandomForest,2022-01-08 16:55:00,130.0,91.21656904437752,True
575,RandomForest,2022-01-08 17:00:00,132.0,95.30526909773538,True
575,RandomForest,2022-01-08 17:05:00,145.0,121.00214948310395,True
575,RandomForest,2022-01-08 17:10:00,149.0,153.84853519842778,True
575,RandomForest,2022-01-08 17:15:00,144.0,140.756071006126,True
575,RandomForest,2022-01-08 17:20:00,144.0,143.01729796575785,True
575,RandomForest,2022-01-08 17:25:00,144.0,135.5824169281808,True
575,RandomForest,2022-01-08 17:30:00,140.0,133.81207348553423,True
575,RandomForest,2022-01-08 17:35:00,137.0,169.9040106354386,True
575,RandomForest,2022-01-08 17:40:00,144.0,156.37468438640147,True
575,RandomForest,2022-01-08 17:45:00,144.0,141.70713583931646,True
575,RandomForest,2022-01-08 17:50:00,142.0,149.2138759985443,True
575,RandomForest,2022-01-08 17:55:00,139.0,145.9115517004062,True
575,RandomForest,2022-01-08 18:00:00,127.0,142.70957014353877,True
575,RandomForest,2022-01-08 18:05:00,134.0,139.35388640283517,True
575,RandomForest,2022-01-08 18:10:00,136.0,153.97362012497658,True
575,RandomForest,2022-01-08 18:15:00,139.0,146.82580366835188,True
575,RandomForest,2022-01-08 18:20:00,141.0,137.87384369398072,True
575,RandomForest,2022-01-08 18:25:00,141.0,136.50802494568072,True
575,RandomForest,2022-01-08 18:30:00,132.0,119.20184420243275,True
575,RandomForest,2022-01-08 18:35:00,129.0,142.8354868945952,True
575,RandomForest,2022-01-08 18:40:00,125.0,137.13561924638572,True
575,RandomForest,2022-01-08 18:45:00,113.0,146.08159282807287,True
575,RandomForest,2022-01-08 18:50:00,107.0,146.43979596784087,True
575,RandomForest,2022-01-08 18:55:00,103.0,141.12312541887778,True
575,RandomForest,2022-01-08 19:00:00,105.0,126.07805459290809,True
575,RandomForest,2022-01-08 19:05:00,113.0,126.94509924648693,True
575,RandomForest,2022-01-08 19:10:00,122.0,120.22757777436605,True
575,RandomForest,2022-01-08 19:15:00,135.0,108.8590465311284,True
575,RandomForest,2022-01-08 19:20:00,150.0,107.97863350190202,True
575,RandomForest,2022-01-08 19:25:00,155.0,99.75692550844774,True
575,RandomForest,2022-01-08 19:30:00,168.0,113.1056926545531,True
575,RandomForest,2022-01-08 19:35:00,172.0,134.96503219882976,True
575,RandomForest,2022-01-08 19:40:00,180.0,141.5085414378684,True
575,RandomForest,2022-01-08 19:45:00,195.0,163.4332429778402,True
575,RandomForest,2022-01-08 19:50:00,204.0,189.62236595122548,True
575,RandomForest,2022-01-08 19:55:00,205.0,179.5660474274986,True
575,RandomForest,2022-01-08 20:00:00,217.0,197.95150474906214,True
575,RandomForest,2022-01-08 20:05:00,225.0,179.2723780659131,True
575,RandomForest,2022-01-08 20:10:00,235.0,201.9647656018272,True
575,RandomForest,2022-01-08 20:15:00,235.0,222.21857573249966,True
575,RandomForest,2022-01-08 20:20:00,232.0,212.68668654345186,True
575,RandomForest,2022-01-08 20:25:00,225.0,198.7576521323659,True
575,RandomForest,2022-01-08 20:30:00,216.0,236.16266394904233,True
575,RandomForest,2022-01-08 20:35:00,208.0,237.83426355598957,True
575,RandomForest,2022-01-08 20:40:00,201.0,255.29422824929264,True
575,RandomForest,2022-01-08 20:45:00,199.0,228.4892115519284,True
575,RandomForest,2022-01-08 20:50:00,201.0,213.95921241331757,True
575,RandomForest,2022-01-08 20:55:00,196.0,202.39996918048794,True
575,RandomForest,2022-01-08 21:00:00,193.0,183.67340149309385,True
575,RandomForest,2022-01-08 21:05:00,192.0,176.73738025779687,True
575,RandomForest,2022-01-08 21:10:00,193.0,174.6926929925873,True
575,RandomForest,2022-01-08 21:15:00,204.0,184.43500082346057,True
575,RandomForest,2022-01-08 21:20:00,209.0,196.85900166567043,True
575,RandomForest,2022-01-08 21:25:00,210.0,170.52445362786227,True
575,RandomForest,2022-01-08 21:30:00,210.0,178.2403003774807,True
575,RandomForest,2022-01-08 21:35:00,210.0,180.8848353665419,True
575,RandomForest,2022-01-08 21:40:00,199.0,187.03500757343951,True
575,RandomForest,2022-01-08 21:45:00,185.0,208.32657419474717,True
575,RandomForest,2022-01-08 21:50:00,178.0,211.2793837327259,True
575,RandomForest,2022-01-08 21:55:00,175.0,206.26922272006703,True
575,RandomForest,2022-01-08 22:00:00,186.0,209.07555378098291,True
575,RandomForest,2022-01-08 22:05:00,192.0,205.87459806052885,True
575,RandomForest,2022-01-08 22:10:00,193.0,184.7128375707229,True
575,RandomForest,2022-01-08 22:15:00,188.0,164.68714072928663,True
575,RandomForest,2022-01-08 22:20:00,183.0,157.2781034455766,True
575,RandomForest,2022-01-08 22:25:00,179.0,163.4486883837744,True
575,RandomForest,2022-01-08 22:30:00,174.0,189.3240406097029,True
575,RandomForest,2022-01-08 22:35:00,169.0,190.53968599376782,True
575,RandomForest,2022-01-08 22:40:00,165.0,194.27652975338268,True
575,RandomForest,2022-01-08 22:45:00,163.0,172.15939794481864,True
575,RandomForest,2022-01-08 22:50:00,156.0,171.05674815830596,True
575,RandomForest,2022-01-08 22:55:00,151.0,165.11429804493014,True
575,RandomForest,2022-01-08 23:00:00,144.0,159.85111047441,True
575,RandomForest,2022-01-08 23:05:00,139.0,154.9510431165416,True
575,RandomForest,2022-01-08 23:10:00,137.0,152.4858936512575,True
575,RandomForest,2022-01-08 23:15:00,138.0,147.50968408187714,True
575,RandomForest,2022-01-08 23:20:00,138.0,131.53383061813622,True
575,RandomForest,2022-01-08 23:25:00,135.0,129.8256881809143,True
575,RandomForest,2022-01-08 23:30:00,133.0,121.58439282991768,True
575,RandomForest,2022-01-08 23:35:00,134.0,120.90790630338826,True
575,RandomForest,2022-01-08 23:40:00,136.0,128.6155412175185,True
575,RandomForest,2022-01-08 23:45:00,139.0,135.4754468388973,True
575,RandomForest,2022-01-08 23:50:00,141.0,131.48028405848947,True
575,RandomForest,2022-01-08 23:55:00,140.0,123.37896486392324,True
575,RandomForest,2022-01-09 00:00:00,135.0,125.13383522216377,True
575,RandomForest,2022-01-09 00:05:00,128.0,131.33826882323243,True
575,RandomForest,2022-01-09 00:10:00,128.0,142.54673317614797,True
575,RandomForest,2022-01-09 00:15:00,126.0,149.6350167612165,True
575,RandomForest,2022-01-09 00:20:00,123.0,148.3921249109355,True
575,RandomForest,2022-01-09 00:25:00,119.0,135.17827748680514,True
575,RandomForest,2022-01-09 00:30:00,114.0,130.6225878764732,True
575,RandomForest,2022-01-09 00:35:00,110.0,119.24488059350573,True
575,RandomForest,2022-01-09 00:40:00,107.0,127.62723364089842,True
575,RandomForest,2022-01-09 00:45:00,104.0,123.43423329545301,True
575,RandomForest,2022-01-09 00:50:00,101.0,118.6620209048346,True
575,RandomForest,2022-01-09 00:55:00,103.0,111.84026922237862,True
575,RandomForest,2022-01-09 01:00:00,104.0,103.94452899462748,True
575,RandomForest,2022-01-09 01:05:00,107.0,99.67861756396198,True
575,RandomForest,2022-01-09 01:10:00,110.0,94.7364750189546,True
575,RandomForest,2022-01-09 01:15:00,109.0,95.28339032651957,True
575,RandomForest,2022-01-09 01:20:00,108.0,93.92006892657233,True
575,RandomForest,2022-01-09 01:25:00,106.0,105.89110332149113,True
575,RandomForest,2022-01-09 01:30:00,105.0,102.35970514496569,True
575,RandomForest,2022-01-09 01:35:00,105.0,116.46123525162643,True
575,RandomForest,2022-01-09 01:40:00,104.0,118.14928051944348,True
575,RandomForest,2022-01-09 01:45:00,105.0,108.8774143310847,True
575,RandomForest,2022-01-09 01:50:00,109.0,108.20037987836048,True
575,RandomForest,2022-01-09 01:55:00,111.0,102.71356620151235,True
575,RandomForest,2022-01-09 02:00:00,113.0,102.35356857803998,True
575,RandomForest,2022-01-09 02:05:00,114.0,105.4186906669182,True
575,RandomForest,2022-01-09 02:10:00,116.0,102.32708659037671,True
575,RandomForest,2022-01-09 02:15:00,116.0,107.21445964225288,True
575,RandomForest,2022-01-09 02:20:00,115.0,117.20626625959713,True
575,RandomForest,2022-01-09 02:25:00,112.0,116.85956172874408,True
575,RandomForest,2022-01-09 02:30:00,110.0,120.70325562591525,True
575,RandomForest,2022-01-09 02:35:00,109.0,117.71823274988111,True
575,RandomForest,2022-01-09 02:40:00,108.0,121.77031401471517,True
575,RandomForest,2022-01-09 02:45:00,105.0,118.35292215149924,True
575,RandomForest,2022-01-09 02:50:00,103.0,113.53071218373815,True
575,RandomForest,2022-01-09 02:55:00,101.0,112.38179563448712,True
575,RandomForest,2022-01-09 03:00:00,100.0,111.62224140164493,True
575,RandomForest,2022-01-09 03:05:00,99.0,109.20252896313781,True
575,RandomForest,2022-01-09 03:10:00,96.0,107.45703223200854,True
575,RandomForest,2022-01-09 03:15:00,96.0,102.04700681456417,True
575,RandomForest,2022-01-09 03:20:00,99.0,99.44267827465534,True
575,RandomForest,2022-01-09 03:25:00,100.0,97.20927465049485,True
575,RandomForest,2022-01-09 03:30:00,100.0,96.24577471823854,True
575,RandomForest,2022-01-09 03:35:00,99.0,96.58124498633539,True
575,RandomForest,2022-01-09 03:40:00,103.0,89.20983866439546,True
575,RandomForest,2022-01-09 03:45:00,106.0,93.88932940648893,True
575,RandomForest,2022-01-09 03:50:00,106.0,106.91782901052588,True
575,RandomForest,2022-01-09 03:55:00,106.0,99.74037736489568,True
575,RandomForest,2022-01-09 04:00:00,102.0,98.98836702562329,True
575,RandomForest,2022-01-09 04:05:00,95.0,98.19848129471467,True
575,RandomForest,2022-01-09 04:10:00,92.0,110.8744210770828,True
575,RandomForest,2022-01-09 04:15:00,95.0,115.99912732290036,True
575,RandomForest,2022-01-09 04:20:00,103.0,108.5048086710391,True
575,RandomForest,2022-01-09 04:25:00,105.0,107.95086388657201,True
575,RandomForest,2022-01-09 04:30:00,106.0,102.35666964954582,True
575,RandomForest,2022-01-09 04:35:00,107.0,91.41436068656654,True
575,RandomForest,2022-01-09 04:40:00,107.0,92.07226566007417,True
575,RandomForest,2022-01-09 04:45:00,105.0,96.96571879470139,True
575,RandomForest,2022-01-09 04:50:00,104.0,119.5069223146223,True
575,RandomForest,2022-01-09 04:55:00,104.0,112.0766728387988,True
575,RandomForest,2022-01-09 05:00:00,105.0,109.73224931413968,True
575,RandomForest,2022-01-09 05:05:00,105.0,112.94819063586439,True
575,RandomForest,2022-01-09 05:10:00,105.0,111.89949726432187,True
575,RandomForest,2022-01-09 05:15:00,105.0,105.5779253112147,True
575,RandomForest,2022-01-09 05:20:00,104.0,104.01654952441596,True
575,RandomForest,2022-01-09 05:25:00,103.0,108.30747903970672,True
575,RandomForest,2022-01-09 05:30:00,111.0,107.32955781678646,True
575,RandomForest,2022-01-09 05:35:00,113.0,106.11139159702967,True
575,RandomForest,2022-01-09 05:40:00,111.0,105.944232297288,True
575,RandomForest,2022-01-09 05:45:00,100.0,107.10596859763841,True
575,RandomForest,2022-01-09 05:50:00,97.0,102.6575855116867,True
575,RandomForest,2022-01-09 05:55:00,97.0,102.65264957636646,True
575,RandomForest,2022-01-09 06:00:00,96.0,129.23965159793673,True
575,RandomForest,2022-01-09 06:05:00,103.0,120.12593828187333,True
575,RandomForest,2022-01-09 06:10:00,110.0,113.59123862095996,True
575,RandomForest,2022-01-09 06:15:00,112.0,103.01783201307873,True
575,RandomForest,2022-01-09 06:20:00,112.0,98.69921752770479,True
575,RandomForest,2022-01-09 06:25:00,112.0,98.74921975875064,True
575,RandomForest,2022-01-09 06:30:00,112.0,94.2849433905413,True
575,RandomForest,2022-01-09 06:35:00,112.0,123.3248693649155,True
575,RandomForest,2022-01-09 06:40:00,112.0,127.59530824263052,True
575,RandomForest,2022-01-09 06:45:00,112.0,118.66180243793885,True
575,RandomForest,2022-01-09 07:00:00,77.0,115.04163224591301,True
575,RandomForest,2022-01-09 07:05:00,79.0,114.04099121306852,True
575,RandomForest,2022-01-09 07:10:00,81.0,116.16987308986947,True
575,RandomForest,2022-01-09 07:15:00,80.0,117.97980931262371,True
575,RandomForest,2022-01-09 07:20:00,80.0,119.51016204780336,False
575,RandomForest,2022-01-09 07:25:00,80.0,121.54958268272398,False
575,RandomForest,2022-01-09 07:30:00,80.0,90.61856567827225,True
575,RandomForest,2022-01-09 07:35:00,79.0,95.80432035863889,True
575,RandomForest,2022-01-09 07:40:00,79.0,98.57468785891093,True
575,RandomForest,2022-01-09 07:45:00,77.0,84.9749295179062,True
575,RandomForest,2022-01-09 07:50:00,77.0,87.62942448232076,True
575,RandomForest,2022-01-09 07:55:00,77.0,86.56085414061725,True
575,RandomForest,2022-01-09 08:00:00,76.0,84.50362479372845,True
575,RandomForest,2022-01-09 08:05:00,74.0,80.89653310391256,True
575,RandomForest,2022-01-09 08:10:00,76.0,83.75499100255915,True
575,RandomForest,2022-01-09 08:15:00,76.0,81.87262706093472,True
575,RandomForest,2022-01-09 08:20:00,75.0,84.18092471464439,True
575,RandomForest,2022-01-09 08:25:00,74.0,84.28482977294534,True
575,RandomForest,2022-01-09 08:30:00,75.0,79.99159652036042,True
575,RandomForest,2022-01-09 08:35:00,71.0,79.66491813202077,True
575,RandomForest,2022-01-09 08:40:00,72.0,93.30755891580988,True
575,RandomForest,2022-01-09 08:45:00,76.0,83.80363552115674,True
575,RandomForest,2022-01-09 08:50:00,79.0,79.5637890481059,True
575,RandomForest,2022-01-09 08:55:00,83.0,79.52056171619807,True
575,RandomForest,2022-01-09 09:00:00,86.0,86.71270635791169,True
575,RandomForest,2022-01-09 09:05:00,90.0,79.43943723534454,True
575,RandomForest,2022-01-09 09:10:00,91.0,90.73582340182305,True
575,RandomForest,2022-01-09 09:15:00,93.0,108.0525355396177,True
575,RandomForest,2022-01-09 09:20:00,98.0,111.687492749406,True
575,RandomForest,2022-01-09 09:25:00,102.0,113.42910936980192,True
575,RandomForest,2022-01-09 09:30:00,109.0,112.61393971532958,True
575,RandomForest,2022-01-09 09:35:00,109.0,122.25957384945178,True
575,RandomForest,2022-01-09 09:40:00,118.0,102.55621158780369,True
575,RandomForest,2022-01-09 09:45:00,122.0,111.03173528007255,True
575,RandomForest,2022-01-09 09:50:00,122.0,124.07299603732072,True
575,RandomForest,2022-01-09 09:55:00,123.0,119.63047707431654,True
575,RandomForest,2022-01-09 10:00:00,123.0,141.89632892590433,True
575,RandomForest,2022-01-09 10:05:00,123.0,115.29882246952344,True
575,RandomForest,2022-01-09 10:10:00,122.0,142.42082384769677,True
575,RandomForest,2022-01-09 10:15:00,120.0,133.88715246000515,True
575,RandomForest,2022-01-09 10:20:00,119.0,137.03955254253077,True
575,RandomForest,2022-01-09 10:25:00,116.0,128.02811135006027,True
575,RandomForest,2022-01-09 10:30:00,114.0,124.61006135362273,True
575,RandomForest,2022-01-09 10:35:00,115.0,121.32663776186477,True
575,RandomForest,2022-01-09 10:40:00,118.0,118.79996503250561,True
575,RandomForest,2022-01-09 10:45:00,120.0,113.83040374344115,True
575,RandomForest,2022-01-09 10:50:00,121.0,116.6212308647953,True
575,RandomForest,2022-01-09 10:55:00,119.0,111.34632010721123,True
575,RandomForest,2022-01-09 11:00:00,118.0,112.32930317587967,True
575,RandomForest,2022-01-09 11:05:00,120.0,116.44974422685604,True
575,RandomForest,2022-01-09 11:10:00,124.0,127.17965219582831,True
575,RandomForest,2022-01-09 11:15:00,124.0,131.7593201054724,True
575,RandomForest,2022-01-09 11:20:00,129.0,127.17713841577479,True
575,RandomForest,2022-01-09 11:25:00,136.0,118.14018756700608,True
575,RandomForest,2022-01-09 11:30:00,140.0,117.50688194166202,True
575,RandomForest,2022-01-09 11:35:00,139.0,130.7089807861067,True
575,RandomForest,2022-01-09 11:40:00,143.0,133.03826512407883,True
575,RandomForest,2022-01-09 11:45:00,147.0,129.25270236282654,True
575,RandomForest,2022-01-09 11:50:00,151.0,136.70769353557853,True
575,RandomForest,2022-01-09 11:55:00,143.0,160.51454395589178,True
575,RandomForest,2022-01-09 12:00:00,148.0,152.66369442751522,True
575,RandomForest,2022-01-09 12:05:00,153.0,141.94016861191244,True
575,RandomForest,2022-01-09 12:10:00,151.0,153.88438456914534,True
575,RandomForest,2022-01-09 12:15:00,145.0,158.00466838428434,True
575,RandomForest,2022-01-09 12:20:00,131.0,168.7067977187196,True
575,RandomForest,2022-01-09 12:25:00,112.0,158.2906971995376,True
575,RandomForest,2022-01-09 12:30:00,100.0,168.49105389989683,True
575,RandomForest,2022-01-09 12:35:00,96.0,175.99752300436285,True
575,RandomForest,2022-01-09 12:40:00,122.0,159.85373401267148,True
575,RandomForest,2022-01-09 12:45:00,162.0,154.0713058185753,True
575,RandomForest,2022-01-09 12:50:00,185.0,130.4631970340909,True
575,RandomForest,2022-01-09 12:55:00,193.0,99.33542154736338,True
575,RandomForest,2022-01-09 13:00:00,191.0,96.22651781474919,True
575,RandomForest,2022-01-09 13:05:00,184.0,91.17692026253549,True
575,RandomForest,2022-01-09 13:10:00,174.0,148.5283104150751,True
575,RandomForest,2022-01-09 13:15:00,165.0,180.58904094639536,True
575,RandomForest,2022-01-09 13:20:00,158.0,189.8222673565953,True
575,RandomForest,2022-01-09 13:25:00,149.0,189.71817263377605,True
575,RandomForest,2022-01-09 13:30:00,141.0,182.4146608929615,True
575,RandomForest,2022-01-09 13:35:00,131.0,153.66237521530658,True
575,RandomForest,2022-01-09 13:40:00,124.0,138.11178873275819,True
575,RandomForest,2022-01-09 13:45:00,109.0,130.27738280636547,True
575,RandomForest,2022-01-09 13:50:00,109.0,133.36196514969794,True
575,RandomForest,2022-01-09 13:55:00,112.0,123.12325258112159,True
575,RandomForest,2022-01-09 14:00:00,110.0,120.72555844729077,True
575,RandomForest,2022-01-09 14:05:00,108.0,109.80504869543225,True
575,RandomForest,2022-01-09 14:10:00,105.0,106.01430021068046,True
575,RandomForest,2022-01-09 14:15:00,101.0,96.57425754977767,True
575,RandomForest,2022-01-09 14:20:00,97.0,112.03624233491577,True
575,RandomForest,2022-01-09 14:25:00,94.0,117.66128125781941,True
575,RandomForest,2022-01-09 14:30:00,91.0,103.98135935329536,True
575,RandomForest,2022-01-09 14:35:00,88.0,98.49075127822482,True
575,RandomForest,2022-01-09 14:40:00,85.0,98.33339078930975,True
575,RandomForest,2022-01-09 14:45:00,84.0,93.64338536266638,True
575,RandomForest,2022-01-09 14:50:00,84.0,89.38591080410423,True
575,RandomForest,2022-01-09 14:55:00,83.0,88.01344396759603,True
575,RandomForest,2022-01-09 15:00:00,85.0,86.93558820057962,True
575,RandomForest,2022-01-09 15:05:00,89.0,84.17469759265228,True
575,RandomForest,2022-01-09 15:10:00,94.0,84.40213106499819,True
575,RandomForest,2022-01-09 15:15:00,100.0,86.75798037054703,True
575,RandomForest,2022-01-09 15:20:00,107.0,91.36059565096534,True
575,RandomForest,2022-01-09 15:25:00,115.0,85.26064250231019,True
575,RandomForest,2022-01-09 15:30:00,120.0,94.00370824901164,True
575,RandomForest,2022-01-09 15:35:00,126.0,101.43626039320432,True
575,RandomForest,2022-01-09 15:40:00,132.0,110.40657453717988,True
575,RandomForest,2022-01-09 15:45:00,137.0,123.68835240532754,True
575,RandomForest,2022-01-09 15:50:00,140.0,134.25050329748206,True
575,RandomForest,2022-01-09 15:55:00,140.0,142.45394738073443,True
575,RandomForest,2022-01-09 16:00:00,139.0,131.51567230526413,True
575,RandomForest,2022-01-09 16:05:00,137.0,142.81177695727942,True
575,RandomForest,2022-01-09 16:10:00,135.0,147.55502750685852,True
575,RandomForest,2022-01-09 16:15:00,135.0,151.8303844249661,True
575,RandomForest,2022-01-09 16:20:00,136.0,149.50373448343703,True
575,RandomForest,2022-01-09 16:25:00,139.0,141.69280160642455,True
575,RandomForest,2022-01-09 16:30:00,143.0,146.82782270438767,True
575,RandomForest,2022-01-09 16:35:00,147.0,141.08683934918838,True
575,RandomForest,2022-01-09 16:40:00,151.0,134.85919622639517,True
575,RandomForest,2022-01-09 16:45:00,156.0,137.50614282353644,True
575,RandomForest,2022-01-09 16:50:00,160.0,141.76923668499703,True
575,RandomForest,2022-01-09 16:55:00,159.0,148.58746701348804,True
575,RandomForest,2022-01-09 17:00:00,157.0,152.45676119912355,True
575,RandomForest,2022-01-09 17:05:00,158.0,164.05726798675866,True
575,RandomForest,2022-01-09 17:10:00,160.0,165.71643743369455,True
575,RandomForest,2022-01-09 17:15:00,162.0,176.65736894239436,True
575,RandomForest,2022-01-09 17:20:00,162.0,175.84986290635175,True
575,RandomForest,2022-01-09 17:25:00,160.0,173.21912115204682,True
575,RandomForest,2022-01-09 17:30:00,157.0,167.64567582732144,True
575,RandomForest,2022-01-09 17:35:00,154.0,168.52064969249892,True
575,RandomForest,2022-01-09 17:40:00,149.0,174.15011790677178,True
575,RandomForest,2022-01-09 17:45:00,145.0,172.3814869825116,True
575,RandomForest,2022-01-09 17:50:00,149.0,168.37083573306833,True
575,RandomForest,2022-01-09 17:55:00,151.0,160.9435243571911,True
575,RandomForest,2022-01-09 18:00:00,142.0,153.45529890986637,True
575,RandomForest,2022-01-09 18:05:00,129.0,144.29710235005857,True
575,RandomForest,2022-01-09 18:10:00,119.0,132.72865833046336,True
575,RandomForest,2022-01-09 18:15:00,106.0,132.73754724653065,True
575,RandomForest,2022-01-09 18:20:00,96.0,151.96470939485397,True
575,RandomForest,2022-01-09 18:25:00,91.0,150.3896966729519,True
575,RandomForest,2022-01-09 18:30:00,97.0,133.40397310843682,True
575,RandomForest,2022-01-09 18:35:00,102.0,116.14289454405817,True
575,RandomForest,2022-01-09 18:40:00,105.0,98.90789972326162,True
575,RandomForest,2022-01-09 18:45:00,107.0,93.66270348233058,True
575,RandomForest,2022-01-09 18:50:00,109.0,77.4066687880366,True
575,RandomForest,2022-01-09 18:55:00,110.0,82.31694986405024,True
575,RandomForest,2022-01-09 19:00:00,134.0,117.79790376491465,True
575,RandomForest,2022-01-09 19:05:00,134.0,120.79057283244822,True
575,RandomForest,2022-01-09 19:10:00,133.0,119.62726058022385,True
575,RandomForest,2022-01-09 19:15:00,137.0,122.29655248183376,True
575,RandomForest,2022-01-09 19:20:00,136.0,121.49831422427094,True
575,RandomForest,2022-01-09 19:25:00,134.0,115.37914207601116,True
575,RandomForest,2022-01-09 19:30:00,131.0,155.44301520114928,True
575,RandomForest,2022-01-09 19:35:00,125.0,138.10025144958973,True
575,RandomForest,2022-01-09 19:40:00,132.0,132.72067288670362,True
575,RandomForest,2022-01-09 19:45:00,135.0,148.56809768448002,True
575,RandomForest,2022-01-09 19:50:00,150.0,132.22981450728548,True
575,RandomForest,2022-01-09 19:55:00,152.0,130.40549860960007,True
575,RandomForest,2022-01-09 20:00:00,144.0,128.69167210474367,True
575,RandomForest,2022-01-09 20:05:00,148.0,115.69175037870771,True
575,RandomForest,2022-01-09 20:10:00,151.0,143.3944123587771,True
575,RandomForest,2022-01-09 20:15:00,153.0,140.2051004270078,True
575,RandomForest,2022-01-09 20:20:00,154.0,168.84402855204797,True
575,RandomForest,2022-01-09 20:25:00,148.0,158.8420896404725,True
575,RandomForest,2022-01-09 20:30:00,142.0,134.25282840864577,True
575,RandomForest,2022-01-09 20:35:00,148.0,157.644413059931,True
575,RandomForest,2022-01-09 20:40:00,145.0,157.8255874182456,True
575,RandomForest,2022-01-09 20:45:00,134.0,156.68803504899938,True
575,RandomForest,2022-01-09 20:50:00,129.0,172.8204521675438,True
575,RandomForest,2022-01-09 20:55:00,123.0,149.65245538139078,True
575,RandomForest,2022-01-09 21:00:00,118.0,146.2787722823064,True
575,RandomForest,2022-01-09 21:05:00,111.0,163.78653018834564,True
575,RandomForest,2022-01-09 21:10:00,104.0,142.62050379560185,True
575,RandomForest,2022-01-09 21:15:00,97.0,133.2804829583722,True
575,RandomForest,2022-01-09 21:20:00,90.0,126.42633042151198,True
575,RandomForest,2022-01-09 21:25:00,82.0,108.7376855926893,True
575,RandomForest,2022-01-09 21:30:00,69.0,101.43811120831438,True
575,RandomForest,2022-01-09 21:35:00,63.0,93.61723746504256,True
575,RandomForest,2022-01-09 21:40:00,56.0,88.6823178722963,True
575,RandomForest,2022-01-09 21:45:00,56.0,83.18276311257699,True
575,RandomForest,2022-01-09 21:50:00,51.0,76.44664100175099,True
575,RandomForest,2022-01-09 21:55:00,40.0,74.00924186179186,True
575,RandomForest,2022-01-09 22:00:00,40.0,69.34482417982076,True
575,RandomForest,2022-01-09 22:05:00,40.0,65.36953463614478,True
575,RandomForest,2022-01-09 22:10:00,40.0,59.68991854824596,True
575,RandomForest,2022-01-09 22:15:00,40.0,66.99236199532176,True
575,RandomForest,2022-01-09 22:20:00,54.0,60.65285248148767,True
575,RandomForest,2022-01-09 22:25:00,61.0,53.257215741987466,True
575,RandomForest,2022-01-09 22:30:00,62.0,50.792105975723615,True
575,RandomForest,2022-01-09 22:35:00,61.0,51.38916857978622,True
575,RandomForest,2022-01-09 22:40:00,60.0,53.04950679712443,True
575,RandomForest,2022-01-09 22:45:00,54.0,49.717859307359305,True
575,RandomForest,2022-01-09 22:50:00,40.0,102.23127189477192,True
575,RandomForest,2022-01-09 22:55:00,40.0,96.0368681318681,True
575,RandomForest,2022-01-09 23:00:00,40.0,110.7796071118424,True
575,RandomForest,2022-01-09 23:05:00,40.0,93.55969813482392,True
575,RandomForest,2022-01-09 23:10:00,41.0,93.14048789446868,True
575,RandomForest,2022-01-09 23:15:00,46.0,70.9905785284984,True
575,RandomForest,2022-01-09 23:20:00,48.0,62.70416509818685,True
575,RandomForest,2022-01-09 23:25:00,53.0,64.8380104427736,True
575,RandomForest,2022-01-09 23:30:00,57.0,66.52775919273165,True
575,RandomForest,2022-01-09 23:35:00,56.0,71.86010118407366,True
575,RandomForest,2022-01-09 23:40:00,56.0,74.48337535434783,True
575,RandomForest,2022-01-09 23:45:00,62.0,71.49690404040403,True
575,RandomForest,2022-01-09 23:50:00,74.0,70.13968476844789,True
575,RandomForest,2022-01-09 23:55:00,88.0,74.46238879478008,True
575,RandomForest,2022-01-10 00:00:00,96.0,82.25493144315267,True
575,RandomForest,2022-01-10 00:05:00,99.0,74.8691020101491,True
575,RandomForest,2022-01-10 00:10:00,85.0,77.29238835547875,True
575,RandomForest,2022-01-10 00:15:00,69.0,87.0825926184926,True
575,RandomForest,2022-01-10 00:20:00,63.0,109.76434859095154,True
575,RandomForest,2022-01-10 00:25:00,59.0,127.16126911976907,True
575,RandomForest,2022-01-10 00:30:00,72.0,125.2893558444403,True
575,RandomForest,2022-01-10 00:35:00,109.0,118.0058612041249,True
575,RandomForest,2022-01-10 00:40:00,135.0,97.10732272619165,True
575,RandomForest,2022-01-10 00:45:00,152.0,70.53730749699447,True
575,RandomForest,2022-01-10 00:50:00,162.0,71.43839220095539,True
575,RandomForest,2022-01-10 00:55:00,170.0,68.11574434757095,True
575,RandomForest,2022-01-10 01:00:00,175.0,96.55701065601065,True
575,RandomForest,2022-01-10 01:05:00,179.0,128.95926992615227,True
575,RandomForest,2022-01-10 01:10:00,177.0,134.7235107670108,True
575,RandomForest,2022-01-10 01:15:00,161.0,167.78465242652084,True
575,RandomForest,2022-01-10 01:20:00,147.0,182.2253329963999,True
575,RandomForest,2022-01-10 01:25:00,141.0,187.44027337514416,True
575,RandomForest,2022-01-10 01:30:00,141.0,188.43067775265786,True
575,RandomForest,2022-01-10 01:35:00,145.0,184.52391854478316,True
575,RandomForest,2022-01-10 01:40:00,150.0,171.9392289193372,True
575,RandomForest,2022-01-10 01:45:00,170.0,160.97026172173577,True
575,RandomForest,2022-01-10 01:50:00,190.0,156.15612699115795,True
575,RandomForest,2022-01-10 01:55:00,203.0,147.27910802891154,True
575,RandomForest,2022-01-10 02:00:00,210.0,151.04701820551637,True
575,RandomForest,2022-01-10 02:05:00,215.0,153.55870331761952,True
575,RandomForest,2022-01-10 02:10:00,221.0,160.65112075941397,True
575,RandomForest,2022-01-10 02:15:00,227.0,185.99501419113295,True
575,RandomForest,2022-01-10 02:20:00,232.0,209.8965694537506,True
575,RandomForest,2022-01-10 02:25:00,235.0,223.04019024496102,True
575,RandomForest,2022-01-10 02:30:00,234.0,214.8704729039321,True
575,RandomForest,2022-01-10 02:35:00,230.0,227.56993579323247,True
575,RandomForest,2022-01-10 02:40:00,227.0,235.1290391566334,True
575,RandomForest,2022-01-10 02:45:00,233.0,232.35234756309822,True
575,RandomForest,2022-01-10 02:50:00,232.0,243.38565274310596,True
575,RandomForest,2022-01-10 02:55:00,232.0,243.1777471262859,True
575,RandomForest,2022-01-10 03:00:00,230.0,232.14862769353525,True
575,RandomForest,2022-01-10 03:05:00,227.0,219.03403999777905,True
575,RandomForest,2022-01-10 03:10:00,227.0,214.2892898277477,True
575,RandomForest,2022-01-10 03:15:00,221.0,244.14106624735112,True
575,RandomForest,2022-01-10 03:20:00,205.0,231.7444707901881,True
575,RandomForest,2022-01-10 03:25:00,191.0,234.16547329000687,True
575,RandomForest,2022-01-10 03:30:00,183.0,221.5214223547481,True
575,RandomForest,2022-01-10 03:35:00,180.0,216.66103890829802,True
575,RandomForest,2022-01-10 03:40:00,180.0,227.7502089468131,True
575,RandomForest,2022-01-10 03:45:00,181.0,206.31448475170941,True
575,RandomForest,2022-01-10 03:50:00,180.0,187.0172325382214,True
575,RandomForest,2022-01-10 03:55:00,177.0,174.84710112449866,True
575,RandomForest,2022-01-10 04:00:00,173.0,172.39589197671995,True
575,RandomForest,2022-01-10 04:05:00,173.0,184.17933490911508,True
575,RandomForest,2022-01-10 04:10:00,197.0,177.3043768122227,True
575,RandomForest,2022-01-10 04:15:00,225.0,181.50212338410293,True
575,RandomForest,2022-01-10 04:20:00,232.0,169.87280671598504,True
575,RandomForest,2022-01-10 04:25:00,222.0,170.64028096289184,True
575,RandomForest,2022-01-10 04:30:00,214.0,160.31484651894564,True
575,RandomForest,2022-01-10 04:35:00,218.0,170.57889359496946,True
575,RandomForest,2022-01-10 04:40:00,237.0,201.97175715512563,True
575,RandomForest,2022-01-10 04:45:00,250.0,258.0702830541156,True
575,RandomForest,2022-01-10 04:50:00,255.0,239.92819040593412,True
575,RandomForest,2022-01-10 04:55:00,257.0,221.01059104722273,True
575,RandomForest,2022-01-10 05:00:00,257.0,211.2259748768897,True
575,RandomForest,2022-01-10 05:05:00,257.0,222.2118229254937,True
575,RandomForest,2022-01-10 05:10:00,257.0,238.33221663574164,True
575,RandomForest,2022-01-10 05:15:00,257.0,250.72811234458786,True
575,RandomForest,2022-01-10 05:20:00,257.0,254.50702808285266,True
575,RandomForest,2022-01-10 05:25:00,257.0,251.36836975049522,True
575,RandomForest,2022-01-10 05:30:00,257.0,255.13013862023453,True
575,RandomForest,2022-01-10 05:35:00,257.0,254.7513509334579,True
575,RandomForest,2022-01-10 05:40:00,257.0,253.97648247198566,True
575,RandomForest,2022-01-10 05:45:00,259.0,256.33718120828405,True
575,RandomForest,2022-01-10 05:50:00,261.0,257.28249658757,True
575,RandomForest,2022-01-10 05:55:00,262.0,258.01845385440174,True
575,RandomForest,2022-01-10 06:00:00,254.0,257.65935817196356,True
575,RandomForest,2022-01-10 06:05:00,255.0,258.24010417176845,True
575,RandomForest,2022-01-10 06:10:00,251.0,255.54423467687582,True
575,RandomForest,2022-01-10 06:15:00,251.0,262.0282357546658,True
575,RandomForest,2022-01-10 06:20:00,259.0,264.0037030657348,True
575,RandomForest,2022-01-10 06:25:00,263.0,263.1894020336695,True
575,RandomForest,2022-01-10 06:30:00,264.0,251.90306847996752,True
575,RandomForest,2022-01-10 06:35:00,256.0,253.9715057287379,True
575,RandomForest,2022-01-10 06:40:00,258.0,245.53611013302637,True
575,RandomForest,2022-01-10 06:45:00,238.0,254.69507344914754,True
575,RandomForest,2022-01-10 06:50:00,238.0,261.74222591602944,True
575,RandomForest,2022-01-10 06:55:00,238.0,262.4967598415499,True
575,RandomForest,2022-01-10 07:00:00,230.0,265.89526838431027,True
575,RandomForest,2022-01-10 07:05:00,206.0,253.65204824156314,True
575,RandomForest,2022-01-10 07:10:00,197.0,254.87875141745337,True
575,RandomForest,2022-01-10 07:15:00,211.0,228.08228511705408,True
575,RandomForest,2022-01-10 07:20:00,216.0,233.85821597568517,True
575,RandomForest,2022-01-10 07:25:00,212.0,232.78597123749904,True
575,RandomForest,2022-01-10 07:30:00,259.0,218.52406430465845,True
575,RandomForest,2022-01-10 07:35:00,290.0,189.43663874607466,True
575,RandomForest,2022-01-10 07:40:00,260.0,179.22495552647848,True
575,RandomForest,2022-01-10 07:45:00,240.0,216.4358029880414,True
575,RandomForest,2022-01-10 07:50:00,221.0,215.86517699559852,True
575,RandomForest,2022-01-10 07:55:00,209.0,198.3136761031761,True
575,RandomForest,2022-01-10 08:00:00,204.0,254.30424327469922,True
575,RandomForest,2022-01-10 08:05:00,211.0,291.47875204776983,True
575,RandomForest,2022-01-10 08:10:00,230.0,214.75114304641903,True
575,RandomForest,2022-01-10 08:15:00,256.0,201.52154101454096,True
575,RandomForest,2022-01-10 08:20:00,239.0,174.8799233362248,True
575,RandomForest,2022-01-10 08:25:00,202.0,174.09054704091636,True
575,RandomForest,2022-01-10 08:30:00,177.0,185.93495930964252,True
575,RandomForest,2022-01-10 08:35:00,189.0,193.3819151503213,True
575,RandomForest,2022-01-10 08:40:00,239.0,233.0825690560691,True
575,RandomForest,2022-01-10 08:45:00,290.0,244.2058654430365,True
575,RandomForest,2022-01-10 08:50:00,329.0,206.55124408899445,True
575,RandomForest,2022-01-10 08:55:00,333.0,179.75083115963523,True
575,RandomForest,2022-01-10 09:00:00,329.0,155.75738885935004,True
575,RandomForest,2022-01-10 09:05:00,328.0,189.86374030849117,True
575,RandomForest,2022-01-10 09:10:00,318.0,243.26375218115226,True
575,RandomForest,2022-01-10 09:15:00,281.0,296.0436871461871,True
575,RandomForest,2022-01-10 09:20:00,247.0,295.20006060606056,True
575,RandomForest,2022-01-10 09:25:00,237.0,296.4280339105338,True
575,RandomForest,2022-01-10 09:30:00,235.0,308.41771708030535,True
575,RandomForest,2022-01-10 09:35:00,237.0,304.37976551226546,True
575,RandomForest,2022-01-10 09:40:00,231.0,293.70854600573296,True
575,RandomForest,2022-01-10 09:45:00,224.0,247.63393364072917,True
575,RandomForest,2022-01-10 09:50:00,212.0,210.05433044733047,True
575,RandomForest,2022-01-10 09:55:00,207.0,208.93731415371423,True
575,RandomForest,2022-01-10 10:00:00,229.0,212.24479287989968,True
575,RandomForest,2022-01-10 10:05:00,262.0,217.23751888333598,True
575,RandomForest,2022-01-10 10:10:00,278.0,198.63037324237328,True
575,RandomForest,2022-01-10 10:15:00,275.0,192.38754595267136,True
575,RandomForest,2022-01-10 10:20:00,263.0,184.61866372332986,True
575,RandomForest,2022-01-10 10:25:00,245.0,180.57669116872185,True
575,RandomForest,2022-01-10 10:30:00,229.0,226.41597133203675,True
575,RandomForest,2022-01-10 10:35:00,219.0,254.22934484597522,True
575,RandomForest,2022-01-10 10:40:00,215.0,293.0638640688016,True
575,RandomForest,2022-01-10 10:45:00,208.0,262.44949329004334,True
575,RandomForest,2022-01-10 10:50:00,211.0,224.32366912846155,True
575,RandomForest,2022-01-10 10:55:00,222.0,228.2189244644245,True
575,RandomForest,2022-01-10 11:00:00,234.0,211.4414603174603,True
575,RandomForest,2022-01-10 11:05:00,244.0,199.94897033200832,True
575,RandomForest,2022-01-10 11:10:00,269.0,201.13143870946192,True
575,RandomForest,2022-01-10 11:15:00,286.0,179.90903972598036,True
575,RandomForest,2022-01-10 11:20:00,282.0,204.15983786225567,True
575,RandomForest,2022-01-10 11:25:00,270.0,222.16565936809758,True
575,RandomForest,2022-01-10 11:30:00,261.0,227.92959068182012,True
575,RandomForest,2022-01-10 11:35:00,256.0,236.27582323288317,True
575,RandomForest,2022-01-10 11:40:00,260.0,281.23096681096683,True
575,RandomForest,2022-01-10 11:45:00,268.0,312.48266252168884,True
575,RandomForest,2022-01-10 11:50:00,285.0,278.841419006919,True
575,RandomForest,2022-01-10 11:55:00,298.0,254.02669588744592,True
575,RandomForest,2022-01-10 12:00:00,304.0,232.65699252671374,True
575,RandomForest,2022-01-10 12:05:00,306.0,230.24223702650346,True
575,RandomForest,2022-01-10 12:10:00,304.0,258.6214815454417,True
575,RandomForest,2022-01-10 12:15:00,299.0,268.4138920372672,True
575,RandomForest,2022-01-10 12:20:00,286.0,300.1486818181818,True
575,RandomForest,2022-01-10 12:25:00,240.0,308.0528847010116,True
575,RandomForest,2022-01-10 12:30:00,226.0,297.65801114047247,True
575,RandomForest,2022-01-10 12:35:00,241.0,300.66606841652975,True
575,RandomForest,2022-01-10 12:40:00,226.0,294.7652976572447,True
575,RandomForest,2022-01-10 12:45:00,212.0,270.949814228061,True
575,RandomForest,2022-01-10 12:50:00,205.0,260.26281811950236,True
575,RandomForest,2022-01-10 12:55:00,188.0,217.73418553135335,True
575,RandomForest,2022-01-10 13:00:00,183.0,202.72873313782995,True
575,RandomForest,2022-01-10 13:05:00,164.0,240.5429486215539,True
575,RandomForest,2022-01-10 13:10:00,184.0,205.65937883031998,True
575,RandomForest,2022-01-10 13:15:00,224.0,186.21628366040903,True
575,RandomForest,2022-01-10 13:20:00,260.0,181.02378045867175,True
575,RandomForest,2022-01-10 13:25:00,280.0,164.20029313320666,True
575,RandomForest,2022-01-10 13:30:00,288.0,186.15753295137324,True
575,RandomForest,2022-01-10 13:35:00,291.0,144.233319442876,True
575,RandomForest,2022-01-10 13:40:00,292.0,207.62986348517373,True
575,RandomForest,2022-01-10 13:45:00,292.0,258.5423369408369,True
575,RandomForest,2022-01-10 13:50:00,292.0,265.5391502941504,True
575,RandomForest,2022-01-10 13:55:00,289.0,281.9344571909571,True
575,RandomForest,2022-01-10 14:00:00,285.0,267.3179804754632,True
575,RandomForest,2022-01-10 14:05:00,283.0,271.5709640098726,True
575,RandomForest,2022-01-10 14:10:00,271.0,274.36352079133223,True
575,RandomForest,2022-01-10 14:15:00,269.0,274.2514579088898,True
575,RandomForest,2022-01-10 14:20:00,278.0,268.68758715331,True
575,RandomForest,2022-01-10 14:25:00,212.0,255.55567804508792,True
575,RandomForest,2022-01-10 14:30:00,206.0,252.00988606165075,True
575,RandomForest,2022-01-10 14:35:00,193.0,258.10862657903897,True
575,RandomForest,2022-01-10 14:40:00,188.0,238.03129732769293,True
575,RandomForest,2022-01-10 14:45:00,185.0,246.1807895048951,True
575,RandomForest,2022-01-10 14:50:00,187.0,275.43891397997857,True
575,RandomForest,2022-01-10 14:55:00,177.0,189.2181444699092,True
575,RandomForest,2022-01-10 15:00:00,181.0,184.89918919968923,True
575,RandomForest,2022-01-10 15:05:00,189.0,170.81976839826842,True
575,RandomForest,2022-01-10 15:10:00,186.0,182.1936748347955,True
575,RandomForest,2022-01-10 15:15:00,165.0,180.88717843768598,True
575,RandomForest,2022-01-10 15:20:00,138.0,165.84253396603393,True
575,RandomForest,2022-01-10 15:25:00,127.0,148.3866801185354,True
575,RandomForest,2022-01-10 15:30:00,132.0,167.63217243867243,True
575,RandomForest,2022-01-10 15:35:00,140.0,192.4969767729198,True
575,RandomForest,2022-01-10 15:40:00,157.0,170.27924070270595,True
575,RandomForest,2022-01-10 15:45:00,164.0,157.81709406648943,True
575,RandomForest,2022-01-10 15:50:00,197.0,123.58741492036226,True
575,RandomForest,2022-01-10 15:55:00,214.0,121.62450437384494,True
575,RandomForest,2022-01-10 16:00:00,212.0,131.90426655145623,True
575,RandomForest,2022-01-10 16:05:00,193.0,151.67928633271492,True
575,RandomForest,2022-01-10 16:10:00,147.0,176.5466958399455,True
575,RandomForest,2022-01-10 16:15:00,125.0,178.79786955192307,True
575,RandomForest,2022-01-10 16:20:00,168.0,214.56315827464965,True
575,RandomForest,2022-01-10 16:25:00,169.0,220.8657215836021,True
575,RandomForest,2022-01-10 16:30:00,157.0,177.42140282245856,True
575,RandomForest,2022-01-10 16:35:00,152.0,181.93711590076106,True
575,RandomForest,2022-01-10 16:40:00,173.0,138.9291795339164,True
575,RandomForest,2022-01-10 16:45:00,198.0,120.57652642885573,True
575,RandomForest,2022-01-10 16:50:00,205.0,180.02431514120795,True
575,RandomForest,2022-01-10 16:55:00,197.0,159.97328002881918,True
575,RandomForest,2022-01-10 17:00:00,210.0,134.87300641288235,True
575,RandomForest,2022-01-10 17:05:00,221.0,135.78778810446457,True
575,RandomForest,2022-01-10 17:10:00,225.0,175.81321346271426,True
575,RandomForest,2022-01-10 17:15:00,221.0,209.8167526640831,True
575,RandomForest,2022-01-10 17:20:00,209.0,202.29618638955756,True
575,RandomForest,2022-01-10 17:25:00,205.0,192.9010714903867,True
575,RandomForest,2022-01-10 17:30:00,195.0,223.56038518647694,True
575,RandomForest,2022-01-10 17:35:00,179.0,238.49956202685283,True
575,RandomForest,2022-01-10 17:40:00,168.0,224.93038120000668,True
575,RandomForest,2022-01-10 17:45:00,161.0,215.44343494992495,True
575,RandomForest,2022-01-10 17:50:00,159.0,191.24833567799928,True
575,RandomForest,2022-01-10 17:55:00,158.0,194.78449559056872,True
575,RandomForest,2022-01-10 18:00:00,163.0,177.02597166207997,True
575,RandomForest,2022-01-10 18:05:00,159.0,161.77621204078443,True
575,RandomForest,2022-01-10 18:10:00,150.0,158.95595954769868,True
575,RandomForest,2022-01-10 18:15:00,148.0,142.80813415781256,True
575,RandomForest,2022-01-10 18:20:00,152.0,150.83289970112946,True
575,RandomForest,2022-01-10 18:25:00,147.0,147.49078741603898,True
575,RandomForest,2022-01-10 18:30:00,144.0,179.5385932919874,True
575,RandomForest,2022-01-10 18:35:00,142.0,145.1030896488459,True
575,RandomForest,2022-01-10 18:40:00,138.0,137.32251079998488,True
575,RandomForest,2022-01-10 18:45:00,136.0,137.37778413263177,True
575,RandomForest,2022-01-10 18:50:00,131.0,152.13022706450877,True
575,RandomForest,2022-01-10 18:55:00,128.0,132.1602825851929,True
575,RandomForest,2022-01-10 19:00:00,126.0,133.95330612675016,True
575,RandomForest,2022-01-10 19:05:00,126.0,136.0812252680642,True
575,RandomForest,2022-01-10 19:10:00,126.0,130.8558392441912,True
575,RandomForest,2022-01-10 19:15:00,123.0,131.96283073143522,True
575,RandomForest,2022-01-10 19:20:00,126.0,119.78576146995782,True
575,RandomForest,2022-01-10 19:25:00,139.0,118.5638120810732,True
575,RandomForest,2022-01-10 19:30:00,129.0,115.28861123993707,True
575,RandomForest,2022-01-10 19:35:00,127.0,122.03358163200201,True
575,RandomForest,2022-01-10 19:40:00,135.0,124.51017396942149,True
575,RandomForest,2022-01-10 19:45:00,147.0,115.3994255490888,True
575,RandomForest,2022-01-10 19:50:00,148.0,126.06663708164578,True
575,RandomForest,2022-01-10 19:55:00,135.0,153.53491176918493,True
575,RandomForest,2022-01-10 20:00:00,124.0,123.3880045934939,True
575,RandomForest,2022-01-10 20:05:00,118.0,123.25094246627881,True
575,RandomForest,2022-01-10 20:10:00,117.0,144.70988095227614,True
575,RandomForest,2022-01-10 20:15:00,118.0,162.68660962118736,True
575,RandomForest,2022-01-10 20:20:00,117.0,158.90659509334478,True
575,RandomForest,2022-01-10 20:25:00,115.0,125.53942225348139,True
575,RandomForest,2022-01-10 20:30:00,126.0,122.89492012892225,True
575,RandomForest,2022-01-10 20:35:00,137.0,118.96001381189471,True
575,RandomForest,2022-01-10 20:40:00,141.0,114.94923935708879,True
575,RandomForest,2022-01-10 20:45:00,141.0,125.78178466089834,True
575,RandomForest,2022-01-10 20:50:00,133.0,122.51567916081589,True
575,RandomForest,2022-01-10 20:55:00,134.0,109.88928840345334,True
575,RandomForest,2022-01-10 21:00:00,139.0,148.0029939045248,True
575,RandomForest,2022-01-10 21:05:00,139.0,146.59398030881647,True
575,RandomForest,2022-01-10 21:10:00,144.0,157.30064747135242,True
575,RandomForest,2022-01-10 21:15:00,145.0,155.14957306605632,True
575,RandomForest,2022-01-10 21:20:00,140.0,147.48368667496024,True
575,RandomForest,2022-01-10 21:25:00,148.0,153.8955391937339,True
575,RandomForest,2022-01-10 21:30:00,158.0,157.31325129984882,True
575,RandomForest,2022-01-10 21:35:00,163.0,147.9010062866915,True
575,RandomForest,2022-01-10 21:40:00,158.0,162.07627132882544,True
575,RandomForest,2022-01-10 21:45:00,148.0,153.49000241876044,True
575,RandomForest,2022-01-10 21:50:00,155.0,127.72374523435855,True
575,RandomForest,2022-01-10 21:55:00,170.0,167.27975354045347,True
575,RandomForest,2022-01-10 22:00:00,181.0,176.55439868262502,True
575,RandomForest,2022-01-10 22:05:00,176.0,176.95745992591605,True
575,RandomForest,2022-01-10 22:10:00,174.0,149.18900869781385,True
575,RandomForest,2022-01-10 22:15:00,175.0,137.2076741635645,True
575,RandomForest,2022-01-10 22:20:00,165.0,174.38868001057742,True
575,RandomForest,2022-01-10 22:25:00,153.0,186.91549773311326,True
575,RandomForest,2022-01-10 22:30:00,148.0,199.99605426435838,True
575,RandomForest,2022-01-10 22:35:00,140.0,175.2782162328138,True
575,RandomForest,2022-01-10 22:40:00,133.0,165.76497092070412,True
575,RandomForest,2022-01-10 22:45:00,127.0,172.5863359068075,True
575,RandomForest,2022-01-10 22:50:00,123.0,142.8426545436535,True
575,RandomForest,2022-01-10 22:55:00,131.0,125.8773774732786,True
575,RandomForest,2022-01-10 23:00:00,140.0,127.85625059969432,True
575,RandomForest,2022-01-10 23:05:00,148.0,115.26277715701046,True
575,RandomForest,2022-01-10 23:10:00,154.0,110.519314957154,True
575,RandomForest,2022-01-10 23:15:00,159.0,108.35069695959514,True
575,RandomForest,2022-01-10 23:20:00,169.0,105.39096965652406,True
575,RandomForest,2022-01-10 23:25:00,167.0,134.80206219574077,True
575,RandomForest,2022-01-10 23:30:00,160.0,145.50009814257322,True
575,RandomForest,2022-01-10 23:35:00,162.0,162.1910317953599,True
575,RandomForest,2022-01-10 23:40:00,169.0,168.69941088719858,True
575,RandomForest,2022-01-10 23:45:00,171.0,174.01521275405648,True
575,RandomForest,2022-01-10 23:50:00,171.0,191.8385937061535,True
575,RandomForest,2022-01-10 23:55:00,176.0,155.65231328386292,True
575,RandomForest,2022-01-11 00:00:00,177.0,142.05694471717453,True
575,RandomForest,2022-01-11 00:05:00,172.0,164.4995717758897,True
575,RandomForest,2022-01-11 00:10:00,165.0,177.32040004066457,True
575,RandomForest,2022-01-11 00:15:00,159.0,174.4568489865472,True
575,RandomForest,2022-01-11 00:20:00,153.0,173.97748380434732,True
575,RandomForest,2022-01-11 00:25:00,148.0,190.90014543901597,True
575,RandomForest,2022-01-11 00:30:00,138.0,177.7836349519358,True
575,RandomForest,2022-01-11 00:35:00,116.0,164.09531782544857,True
575,RandomForest,2022-01-11 00:40:00,112.0,154.97056971045424,True
575,RandomForest,2022-01-11 00:45:00,117.0,146.7083241106012,True
575,RandomForest,2022-01-11 00:50:00,116.0,142.4812972817055,True
575,RandomForest,2022-01-11 00:55:00,109.0,134.8405416210848,True
575,RandomForest,2022-01-11 01:00:00,103.0,119.97527984955903,True
575,RandomForest,2022-01-11 01:05:00,95.0,91.7618314883513,True
575,RandomForest,2022-01-11 01:10:00,99.0,104.13747457862202,True
575,RandomForest,2022-01-11 01:15:00,99.0,126.52544366744371,True
575,RandomForest,2022-01-11 01:20:00,93.0,110.53910203192291,True
575,RandomForest,2022-01-11 01:25:00,87.0,93.2862256556312,True
575,RandomForest,2022-01-11 01:30:00,80.0,92.76788743582827,True
575,RandomForest,2022-01-11 01:35:00,73.0,84.75483996346996,True
575,RandomForest,2022-01-11 01:40:00,72.0,110.16900101885587,True
575,RandomForest,2022-01-11 01:45:00,80.0,104.23738831167053,True
575,RandomForest,2022-01-11 01:50:00,86.0,89.7201894054676,True
575,RandomForest,2022-01-11 01:55:00,93.0,84.71227389817096,True
575,RandomForest,2022-01-11 02:00:00,96.0,77.50247083578722,True
575,RandomForest,2022-01-11 02:05:00,97.0,76.49074042690681,True
575,RandomForest,2022-01-11 02:10:00,97.0,70.65488010041749,True
575,RandomForest,2022-01-11 02:15:00,97.0,99.53913848569404,True
575,RandomForest,2022-01-11 02:20:00,97.0,99.54539274732372,True
575,RandomForest,2022-01-11 02:25:00,98.0,108.22810957854455,True
575,RandomForest,2022-01-11 02:30:00,98.0,109.66704556016525,True
575,RandomForest,2022-01-11 02:35:00,98.0,101.79203011334519,True
575,RandomForest,2022-01-11 02:40:00,97.0,98.20371735088156,True
575,RandomForest,2022-01-11 02:45:00,96.0,98.21816804052645,True
575,RandomForest,2022-01-11 02:50:00,95.0,99.18762690755447,True
575,RandomForest,2022-01-11 02:55:00,94.0,104.4443073217242,True
575,RandomForest,2022-01-11 03:00:00,94.0,105.0044756955319,True
575,RandomForest,2022-01-11 03:05:00,96.0,104.05138131555083,True
575,RandomForest,2022-01-11 03:10:00,96.0,96.4702560689232,True
575,RandomForest,2022-01-11 03:15:00,96.0,93.06203262265635,True
575,RandomForest,2022-01-11 03:20:00,96.0,92.6590551493304,True
575,RandomForest,2022-01-11 03:25:00,96.0,92.63484007103636,True
575,RandomForest,2022-01-11 03:30:00,95.0,93.97778936433437,True
575,RandomForest,2022-01-11 03:35:00,94.0,99.5733999482818,True
575,RandomForest,2022-01-11 03:40:00,90.0,94.99199937941358,True
575,RandomForest,2022-01-11 03:45:00,87.0,95.97212826183886,True
575,RandomForest,2022-01-11 03:50:00,87.0,96.06957705330723,True
575,RandomForest,2022-01-11 03:55:00,88.0,95.6162809706768,True
575,RandomForest,2022-01-11 04:00:00,90.0,92.58320860320977,True
575,RandomForest,2022-01-11 04:05:00,91.0,92.24696394046094,True
575,RandomForest,2022-01-11 04:10:00,91.0,89.49723034852337,True
575,RandomForest,2022-01-11 04:15:00,90.0,84.51965271464927,True
575,RandomForest,2022-01-11 04:20:00,91.0,88.33749632131267,True
575,RandomForest,2022-01-11 04:25:00,91.0,91.64420503023467,True
575,RandomForest,2022-01-11 04:30:00,91.0,95.01041428852302,True
575,RandomForest,2022-01-11 04:35:00,91.0,97.01587483615697,True
575,RandomForest,2022-01-11 04:40:00,92.0,93.54338105624777,True
575,RandomForest,2022-01-11 04:45:00,92.0,90.15350026012102,True
575,RandomForest,2022-01-11 04:50:00,92.0,96.65052959105786,True
575,RandomForest,2022-01-11 04:55:00,92.0,92.78518930451827,True
575,RandomForest,2022-01-11 05:00:00,91.0,93.85634391032082,True
575,RandomForest,2022-01-11 05:05:00,91.0,93.29042332790804,True
575,RandomForest,2022-01-11 05:10:00,90.0,98.4082642167893,True
575,RandomForest,2022-01-11 05:15:00,88.0,94.37737143059883,True
575,RandomForest,2022-01-11 05:20:00,87.0,94.49364728842808,True
575,RandomForest,2022-01-11 05:25:00,87.0,94.30657686236847,True
575,RandomForest,2022-01-11 05:30:00,87.0,93.18853092771671,True
575,RandomForest,2022-01-11 05:35:00,87.0,94.01662563206028,True
575,RandomForest,2022-01-11 05:40:00,87.0,91.79006795881318,True
575,RandomForest,2022-01-11 05:45:00,88.0,88.827841723144,True
575,RandomForest,2022-01-11 05:50:00,88.0,84.8768508669797,True
575,RandomForest,2022-01-11 05:55:00,89.0,87.42476550004248,True
575,RandomForest,2022-01-11 06:00:00,90.0,87.21435320864828,True
575,RandomForest,2022-01-11 06:05:00,92.0,87.10974332375474,True
575,RandomForest,2022-01-11 06:10:00,94.0,86.65637447322447,True
575,RandomForest,2022-01-11 06:15:00,96.0,92.35816301673204,True
575,RandomForest,2022-01-11 06:20:00,96.0,91.36583541966039,True
575,RandomForest,2022-01-11 06:25:00,97.0,93.4914609660698,True
575,RandomForest,2022-01-11 06:30:00,98.0,94.39850326839293,True
575,RandomForest,2022-01-11 06:35:00,98.0,100.71981945870266,True
575,RandomForest,2022-01-11 06:40:00,99.0,101.34224684600241,True
575,RandomForest,2022-01-11 06:45:00,99.0,102.46649481144836,True
575,RandomForest,2022-01-11 06:50:00,99.0,97.2306238740658,True
575,RandomForest,2022-01-11 06:55:00,98.0,100.42001054900169,True
575,RandomForest,2022-01-11 07:00:00,98.0,101.75838724193466,True
575,RandomForest,2022-01-11 07:05:00,95.0,101.2867310870883,True
575,RandomForest,2022-01-11 07:10:00,89.0,104.45934686264086,True
575,RandomForest,2022-01-11 07:15:00,89.0,104.38971939424917,True
575,RandomForest,2022-01-11 07:20:00,91.0,105.66523821702158,True
575,RandomForest,2022-01-11 07:25:00,85.0,99.82455758881873,True
575,RandomForest,2022-01-11 07:30:00,88.0,102.91928779933984,True
575,RandomForest,2022-01-11 07:35:00,100.0,92.42585882444024,True
575,RandomForest,2022-01-11 07:40:00,89.0,88.80788417723174,True
575,RandomForest,2022-01-11 07:45:00,96.0,91.62625691070143,True
575,RandomForest,2022-01-11 07:50:00,102.0,97.14753714420705,True
575,RandomForest,2022-01-11 07:55:00,107.0,84.66744542885118,True
575,RandomForest,2022-01-11 08:00:00,111.0,102.15940458279891,True
575,RandomForest,2022-01-11 08:05:00,110.0,124.4315895289198,True
575,RandomForest,2022-01-11 08:10:00,114.0,91.85803282652476,True
575,RandomForest,2022-01-11 08:15:00,121.0,120.62095711014112,True
575,RandomForest,2022-01-11 08:20:00,130.0,119.98543082591205,True
575,RandomForest,2022-01-11 08:25:00,115.0,122.60259085438226,True
575,RandomForest,2022-01-11 08:30:00,107.0,124.88988692150537,True
575,RandomForest,2022-01-11 08:35:00,101.0,111.45209138309554,True
575,RandomForest,2022-01-11 08:40:00,110.0,130.4099651214525,True
575,RandomForest,2022-01-11 08:45:00,123.0,147.43922326452753,True
575,RandomForest,2022-01-11 08:50:00,132.0,157.1505200860142,True
575,RandomForest,2022-01-11 08:55:00,128.0,117.15202681074851,True
575,RandomForest,2022-01-11 09:00:00,124.0,111.39485007846524,True
575,RandomForest,2022-01-11 09:05:00,126.0,106.83309884230071,True
575,RandomForest,2022-01-11 09:10:00,128.0,136.08165869769348,True
575,RandomForest,2022-01-11 09:15:00,130.0,155.42184762141318,True
575,RandomForest,2022-01-11 09:20:00,124.0,160.3738441617319,True
575,RandomForest,2022-01-11 09:25:00,120.0,132.90527732769831,True
575,RandomForest,2022-01-11 09:30:00,117.0,126.52178644103542,True
575,RandomForest,2022-01-11 09:35:00,118.0,133.43646570750636,True
575,RandomForest,2022-01-11 09:40:00,119.0,135.05358417262372,True
575,RandomForest,2022-01-11 09:45:00,123.0,137.29879740751386,True
575,RandomForest,2022-01-11 09:50:00,129.0,118.53557789434483,True
575,RandomForest,2022-01-11 09:55:00,139.0,121.52489578952128,True
575,RandomForest,2022-01-11 10:00:00,157.0,124.77001144843561,True
575,MLP,2022-01-02 00:00:00,209.0,204.40563122059677,True
575,MLP,2022-01-02 00:05:00,209.0,214.64187812266184,True
575,MLP,2022-01-02 00:10:00,208.0,207.88721161873102,True
575,MLP,2022-01-02 00:15:00,207.0,195.97833331942456,True
575,MLP,2022-01-02 00:20:00,201.0,201.96859191369987,True
575,MLP,2022-01-02 00:25:00,190.0,198.78546416605926,True
575,MLP,2022-01-02 00:30:00,183.0,201.7833263428027,True
575,MLP,2022-01-02 00:35:00,179.0,200.6193031866769,True
575,MLP,2022-01-02 00:40:00,180.0,199.36144172528043,True
575,MLP,2022-01-02 00:45:00,177.0,199.04914801432386,True
575,MLP,2022-01-02 00:50:00,174.0,184.2312950506991,True
575,MLP,2022-01-02 00:55:00,173.0,170.0542993052656,True
575,MLP,2022-01-02 01:00:00,173.0,166.58972196685522,True
575,MLP,2022-01-02 01:05:00,171.0,170.89608408501593,True
575,MLP,2022-01-02 01:10:00,169.0,173.62071433028248,True
575,MLP,2022-01-02 01:15:00,167.0,165.73012269655592,True
575,MLP,2022-01-02 01:20:00,162.0,159.70556903033457,True
575,MLP,2022-01-02 01:25:00,160.0,161.27690918160934,True
575,MLP,2022-01-02 01:30:00,158.0,163.28694866522102,True
575,MLP,2022-01-02 01:35:00,156.0,157.66586195064355,True
575,MLP,2022-01-02 01:40:00,155.0,159.082590109738,True
575,MLP,2022-01-02 01:45:00,154.0,154.77751939300848,True
575,MLP,2022-01-02 01:50:00,153.0,148.24547502672692,True
575,MLP,2022-01-02 01:55:00,153.0,149.49736896497882,True
575,MLP,2022-01-02 02:00:00,153.0,146.59174845553616,True
575,MLP,2022-01-02 02:05:00,153.0,145.70361330058512,True
575,MLP,2022-01-02 02:10:00,152.0,145.22589148826648,True
575,MLP,2022-01-02 02:15:00,151.0,144.68598333189396,True
575,MLP,2022-01-02 02:20:00,150.0,143.6957519256255,True
575,MLP,2022-01-02 02:25:00,148.0,146.24237699299567,True
575,MLP,2022-01-02 02:30:00,148.0,147.0979271550068,True
575,MLP,2022-01-02 02:35:00,148.0,148.36336853407997,True
575,MLP,2022-01-02 02:40:00,147.0,146.1394832718404,True
575,MLP,2022-01-02 02:45:00,146.0,145.85100329267996,True
575,MLP,2022-01-02 02:50:00,145.0,144.3066020094928,True
575,MLP,2022-01-02 02:55:00,145.0,141.85295121558448,True
575,MLP,2022-01-02 03:00:00,146.0,142.45714704919604,True
575,MLP,2022-01-02 03:05:00,148.0,143.23294167587608,True
575,MLP,2022-01-02 03:10:00,147.0,141.4461560016929,True
575,MLP,2022-01-02 03:15:00,146.0,139.82863757642394,True
575,MLP,2022-01-02 03:20:00,146.0,139.44723479787518,True
575,MLP,2022-01-02 03:25:00,146.0,140.0025010177572,True
575,MLP,2022-01-02 03:30:00,146.0,142.0895230107088,True
575,MLP,2022-01-02 03:35:00,145.0,146.71841862387032,True
575,MLP,2022-01-02 03:40:00,145.0,142.03953789773593,True
575,MLP,2022-01-02 03:45:00,143.0,142.61123727451297,True
575,MLP,2022-01-02 03:50:00,142.0,142.66651587095447,True
575,MLP,2022-01-02 03:55:00,142.0,143.03589456750865,True
575,MLP,2022-01-02 04:00:00,142.0,142.3073574400934,True
575,MLP,2022-01-02 04:05:00,142.0,141.29193828176267,True
575,MLP,2022-01-02 04:10:00,141.0,141.95188575656266,True
575,MLP,2022-01-02 04:15:00,141.0,137.51027464867167,True
575,MLP,2022-01-02 04:20:00,141.0,136.0868535656977,True
575,MLP,2022-01-02 04:25:00,140.0,136.80725938441498,True
575,MLP,2022-01-02 04:30:00,141.0,138.03985325147818,True
575,MLP,2022-01-02 04:35:00,141.0,137.97155229999993,True
575,MLP,2022-01-02 04:40:00,141.0,135.22851636973417,True
575,MLP,2022-01-02 04:45:00,144.0,135.98044506548652,True
575,MLP,2022-01-02 04:50:00,146.0,136.60876337182282,True
575,MLP,2022-01-02 04:55:00,146.0,134.22600826273344,True
575,MLP,2022-01-02 05:00:00,146.0,138.1007774464669,True
575,MLP,2022-01-02 05:05:00,147.0,137.75605098609384,True
575,MLP,2022-01-02 05:10:00,147.0,138.84051571117584,True
575,MLP,2022-01-02 05:15:00,147.0,145.68503574325374,True
575,MLP,2022-01-02 05:20:00,148.0,147.91967684312772,True
575,MLP,2022-01-02 05:25:00,149.0,144.6821959786201,True
575,MLP,2022-01-02 05:30:00,150.0,145.78015697692052,True
575,MLP,2022-01-02 05:35:00,150.0,148.2950970046557,True
575,MLP,2022-01-02 05:40:00,150.0,147.40188025720568,True
575,MLP,2022-01-02 05:45:00,150.0,148.1858563022068,True
575,MLP,2022-01-02 05:50:00,150.0,150.55382961225988,True
575,MLP,2022-01-02 05:55:00,150.0,152.58460936005275,True
575,MLP,2022-01-02 06:00:00,150.0,153.9703884330046,True
575,MLP,2022-01-02 06:05:00,150.0,151.2059325220731,True
575,MLP,2022-01-02 06:10:00,148.0,152.1448215871386,True
575,MLP,2022-01-02 06:15:00,148.0,152.89520607245797,True
575,MLP,2022-01-02 06:20:00,148.0,152.47592136322518,True
575,MLP,2022-01-02 06:25:00,148.0,152.09333067398484,True
575,MLP,2022-01-02 06:30:00,149.0,152.35832307143573,True
575,MLP,2022-01-02 06:35:00,150.0,152.56106242068256,True
575,MLP,2022-01-02 06:40:00,152.0,146.2252038490319,True
575,MLP,2022-01-02 06:45:00,154.0,148.26108454542327,True
575,MLP,2022-01-02 06:50:00,155.0,148.52157055115813,True
575,MLP,2022-01-02 06:55:00,156.0,149.20886528112942,True
575,MLP,2022-01-02 07:00:00,156.0,152.52775588622268,True
575,MLP,2022-01-02 07:05:00,156.0,154.23531401285962,True
575,MLP,2022-01-02 07:10:00,157.0,159.14379420009539,True
575,MLP,2022-01-02 07:15:00,157.0,161.56359937933735,True
575,MLP,2022-01-02 07:20:00,156.0,159.21430519028883,True
575,MLP,2022-01-02 07:25:00,155.0,161.6158680505324,True
575,MLP,2022-01-02 07:30:00,155.0,158.87450717509148,True
575,MLP,2022-01-02 07:35:00,156.0,160.4013903896421,True
575,MLP,2022-01-02 07:40:00,157.0,163.3166338346412,True
575,MLP,2022-01-02 07:45:00,158.0,162.56041192400312,True
575,MLP,2022-01-02 07:50:00,159.0,159.51951554748294,True
575,MLP,2022-01-02 07:55:00,160.0,157.8201167789745,True
575,MLP,2022-01-02 08:00:00,163.0,158.61702405284558,True
575,MLP,2022-01-02 08:05:00,163.0,161.83217270590865,True
575,MLP,2022-01-02 08:10:00,162.0,164.12025576230212,True
575,MLP,2022-01-02 08:15:00,164.0,165.42419923718538,True
575,MLP,2022-01-02 08:20:00,166.0,166.20990907182141,True
575,MLP,2022-01-02 08:25:00,171.0,166.47699984602988,True
575,MLP,2022-01-02 08:30:00,173.0,172.58162688708143,True
575,MLP,2022-01-02 08:35:00,175.0,165.8757673762733,True
575,MLP,2022-01-02 08:40:00,179.0,164.1101417830885,True
575,MLP,2022-01-02 08:45:00,183.0,171.02657144856607,True
575,MLP,2022-01-02 08:50:00,185.0,174.40349424658388,True
575,MLP,2022-01-02 08:55:00,191.0,185.61968793896023,True
575,MLP,2022-01-02 09:00:00,199.0,179.32768957024012,True
575,MLP,2022-01-02 09:05:00,202.0,183.4739063347017,True
575,MLP,2022-01-02 09:10:00,208.0,190.84417929866726,True
575,MLP,2022-01-02 09:15:00,171.0,194.11428665120627,True
575,MLP,2022-01-02 09:20:00,179.0,189.94622891371483,True
575,MLP,2022-01-02 09:25:00,188.0,223.74662562513873,True
575,MLP,2022-01-02 09:30:00,197.0,216.96861142810332,True
575,MLP,2022-01-02 09:35:00,204.0,219.1851677712384,True
575,MLP,2022-01-02 09:40:00,212.0,231.1867945185392,True
575,MLP,2022-01-02 09:45:00,219.0,183.31319791761783,True
575,MLP,2022-01-02 09:50:00,224.0,175.2493907564264,True
575,MLP,2022-01-02 09:55:00,230.0,204.82714707000298,True
575,MLP,2022-01-02 10:00:00,235.0,224.03066648661732,True
575,MLP,2022-01-02 10:05:00,241.0,225.49693221879886,True
575,MLP,2022-01-02 10:10:00,248.0,233.7172401730547,True
575,MLP,2022-01-02 10:15:00,252.0,223.88681908933856,True
575,MLP,2022-01-02 10:20:00,255.0,230.49352739552123,True
575,MLP,2022-01-02 10:25:00,257.0,243.5412426166223,True
575,MLP,2022-01-02 10:30:00,258.0,250.2771949601696,True
575,MLP,2022-01-02 10:35:00,257.0,248.22558807093543,True
575,MLP,2022-01-02 10:40:00,261.0,251.13607695933675,True
575,MLP,2022-01-02 10:45:00,261.0,236.99748905447865,True
575,MLP,2022-01-02 10:50:00,260.0,258.5292313179942,True
575,MLP,2022-01-02 10:55:00,257.0,258.20557513355277,True
575,MLP,2022-01-02 11:00:00,252.0,256.5039149323297,True
575,MLP,2022-01-02 11:05:00,246.0,250.00451135213666,True
575,MLP,2022-01-02 11:10:00,240.0,266.8075267222106,True
575,MLP,2022-01-02 11:15:00,236.0,254.42570836512752,True
575,MLP,2022-01-02 11:20:00,233.0,255.60518707432635,True
575,MLP,2022-01-02 11:25:00,230.0,246.18688161065467,True
575,MLP,2022-01-02 11:30:00,226.0,230.0491793632971,True
575,MLP,2022-01-02 11:35:00,224.0,219.60929603171735,True
575,MLP,2022-01-02 11:40:00,221.0,213.83371593899787,True
575,MLP,2022-01-02 11:45:00,217.0,213.91931810687785,True
575,MLP,2022-01-02 11:50:00,212.0,211.73754942276247,True
575,MLP,2022-01-02 11:55:00,204.0,207.5970051260073,True
575,MLP,2022-01-02 12:00:00,198.0,201.28110098345888,True
575,MLP,2022-01-02 12:05:00,196.0,202.5740857955994,True
575,MLP,2022-01-02 12:10:00,197.0,195.6225964240474,True
575,MLP,2022-01-02 12:15:00,203.0,191.1108669453537,True
575,MLP,2022-01-02 12:20:00,205.0,180.48993650778232,True
575,MLP,2022-01-02 12:25:00,204.0,175.78954012015907,True
575,MLP,2022-01-02 12:30:00,211.0,172.29890402734878,True
575,MLP,2022-01-02 12:35:00,215.0,176.5456681895671,True
575,MLP,2022-01-02 12:40:00,218.0,183.13392382865038,True
575,MLP,2022-01-02 12:45:00,220.0,196.00858502342714,True
575,MLP,2022-01-02 12:50:00,222.0,195.2648537308237,True
575,MLP,2022-01-02 12:55:00,235.0,192.13883492114888,True
575,MLP,2022-01-02 13:00:00,242.0,215.98317858341534,True
575,MLP,2022-01-02 13:05:00,251.0,217.01915405136157,True
575,MLP,2022-01-02 13:10:00,257.0,219.03957492138304,True
575,MLP,2022-01-02 13:15:00,265.0,235.14899055453654,True
575,MLP,2022-01-02 13:20:00,267.0,227.6245968444906,True
575,MLP,2022-01-02 13:25:00,268.0,243.1359171689395,True
575,MLP,2022-01-02 13:30:00,267.0,248.593389549313,True
575,MLP,2022-01-02 13:35:00,266.0,260.81218348310097,True
575,MLP,2022-01-02 13:40:00,265.0,263.7776602908521,True
575,MLP,2022-01-02 13:45:00,262.0,282.2579736088542,True
575,MLP,2022-01-02 13:50:00,259.0,262.7447883276565,True
575,MLP,2022-01-02 13:55:00,257.0,265.78009063267734,True
575,MLP,2022-01-02 14:00:00,255.0,255.5261876893369,True
575,MLP,2022-01-02 14:05:00,256.0,251.99491951982642,True
575,MLP,2022-01-02 14:10:00,253.0,250.07377837222035,True
575,MLP,2022-01-02 14:15:00,246.0,240.6547001865767,True
575,MLP,2022-01-02 14:20:00,229.0,240.4968008074279,True
575,MLP,2022-01-02 14:25:00,218.0,241.5675052583261,True
575,MLP,2022-01-02 14:30:00,213.0,236.23049439258284,True
575,MLP,2022-01-02 14:35:00,210.0,245.96304176230842,True
575,MLP,2022-01-02 14:40:00,207.0,230.40627002148722,True
575,MLP,2022-01-02 14:45:00,209.0,221.0029254037192,True
575,MLP,2022-01-02 14:50:00,216.0,201.9393649467071,True
575,MLP,2022-01-02 14:55:00,216.0,197.80448460839145,True
575,MLP,2022-01-02 15:00:00,216.0,202.32875443225566,True
575,MLP,2022-01-02 15:05:00,217.0,198.9695897255629,True
575,MLP,2022-01-02 15:10:00,221.0,191.12601382088212,True
575,MLP,2022-01-02 15:15:00,225.0,197.79907393797632,True
575,MLP,2022-01-02 15:20:00,228.0,219.19409272864354,True
575,MLP,2022-01-02 15:25:00,229.0,202.80925330956663,True
575,MLP,2022-01-02 15:30:00,227.0,204.0924784591391,True
575,MLP,2022-01-02 15:35:00,229.0,207.77464930258532,True
575,MLP,2022-01-02 15:40:00,231.0,211.08953054302845,True
575,MLP,2022-01-02 15:45:00,230.0,222.67433289453805,True
575,MLP,2022-01-02 15:50:00,229.0,223.2711954699535,True
575,MLP,2022-01-02 15:55:00,229.0,221.11536874866007,True
575,MLP,2022-01-02 16:00:00,227.0,214.30737142984037,True
575,MLP,2022-01-02 16:05:00,222.0,225.54673697224382,True
575,MLP,2022-01-02 16:10:00,221.0,225.99118793387686,True
575,MLP,2022-01-02 16:15:00,221.0,219.69593776248473,True
575,MLP,2022-01-02 16:20:00,224.0,222.90782310612826,True
575,MLP,2022-01-02 16:25:00,232.0,223.15858686876334,True
575,MLP,2022-01-02 16:30:00,235.0,215.6768049325757,True
575,MLP,2022-01-02 16:35:00,230.0,204.5468145844602,True
575,MLP,2022-01-02 16:40:00,224.0,210.55826559843374,True
575,MLP,2022-01-02 16:45:00,221.0,211.72949439429928,True
575,MLP,2022-01-02 16:50:00,218.0,220.60531252766597,True
575,MLP,2022-01-02 16:55:00,219.0,239.2581258614291,True
575,MLP,2022-01-02 17:00:00,219.0,235.15370031037384,True
575,MLP,2022-01-02 17:05:00,222.0,222.21040535813668,True
575,MLP,2022-01-02 17:10:00,226.0,203.54706576139026,True
575,MLP,2022-01-02 17:15:00,234.0,211.92083192472376,True
575,MLP,2022-01-02 17:20:00,239.0,204.62017010483612,True
575,MLP,2022-01-02 17:25:00,240.0,211.64339964622977,True
575,MLP,2022-01-02 17:30:00,245.0,209.8405735382893,True
575,MLP,2022-01-02 17:35:00,250.0,219.70128502588926,True
575,MLP,2022-01-02 17:40:00,254.0,230.44468622095593,True
575,MLP,2022-01-02 17:45:00,253.0,248.8155944396847,True
575,MLP,2022-01-02 17:50:00,248.0,247.46011374378918,True
575,MLP,2022-01-02 17:55:00,241.0,243.22895782686467,True
575,MLP,2022-01-02 18:00:00,233.0,248.3194533923102,True
575,MLP,2022-01-02 18:05:00,225.0,244.4734238233778,True
575,MLP,2022-01-02 18:10:00,218.0,244.61905947260686,True
575,MLP,2022-01-02 18:15:00,208.0,237.41096194192374,True
575,MLP,2022-01-02 18:20:00,199.0,223.1721187791763,True
575,MLP,2022-01-02 18:25:00,192.0,206.3083479222595,True
575,MLP,2022-01-02 18:30:00,183.0,197.33683349956777,True
575,MLP,2022-01-02 18:35:00,175.0,185.13436287444614,True
575,MLP,2022-01-02 18:40:00,166.0,179.55722602519924,True
575,MLP,2022-01-02 18:45:00,158.0,165.01805852882984,True
575,MLP,2022-01-02 18:50:00,152.0,164.8135534164213,True
575,MLP,2022-01-02 18:55:00,146.0,165.7201804902868,True
575,MLP,2022-01-02 19:00:00,137.0,151.74733436736778,True
575,MLP,2022-01-02 19:05:00,132.0,146.3782280487431,True
575,MLP,2022-01-02 19:10:00,126.0,131.4388232457289,True
575,MLP,2022-01-02 19:15:00,122.0,129.94461643086166,True
575,MLP,2022-01-02 19:20:00,120.0,132.499810061721,True
575,MLP,2022-01-02 19:25:00,120.0,126.56649916286067,True
575,MLP,2022-01-02 19:30:00,114.0,109.11223108702566,True
575,MLP,2022-01-02 19:35:00,107.0,117.46156746570658,True
575,MLP,2022-01-02 19:40:00,102.0,105.13791423671155,True
575,MLP,2022-01-02 19:45:00,100.0,108.37585862157194,True
575,MLP,2022-01-02 19:50:00,97.0,110.47413506121417,True
575,MLP,2022-01-02 19:55:00,99.0,117.84676365950432,True
575,MLP,2022-01-02 20:00:00,98.0,98.4840078918189,True
575,MLP,2022-01-02 20:05:00,96.0,92.2915562017035,True
575,MLP,2022-01-02 20:10:00,95.0,88.71072101557886,True
575,MLP,2022-01-02 20:15:00,96.0,96.36670263110265,True
575,MLP,2022-01-02 20:20:00,98.0,90.33252014417234,True
575,MLP,2022-01-02 20:25:00,101.0,109.47738487095687,True
575,MLP,2022-01-02 20:30:00,104.0,100.27301827539632,True
575,MLP,2022-01-02 20:35:00,108.0,97.43126717987786,True
575,MLP,2022-01-02 20:40:00,110.0,97.85747321248517,True
575,MLP,2022-01-02 20:45:00,109.0,103.37633986337568,True
575,MLP,2022-01-02 20:50:00,78.0,107.49307275137016,True
575,MLP,2022-01-02 20:55:00,81.0,112.39820397171202,True
575,MLP,2022-01-02 21:00:00,80.0,115.2567142363071,True
575,MLP,2022-01-02 21:05:00,81.0,122.74654407033611,True
575,MLP,2022-01-02 21:10:00,81.0,118.59283370808055,True
575,MLP,2022-01-02 21:15:00,80.0,112.90102006892572,True
575,MLP,2022-01-02 21:20:00,78.0,105.5525888725664,True
575,MLP,2022-01-02 21:25:00,78.0,82.67001321695285,True
575,MLP,2022-01-02 21:30:00,78.0,95.79098008387173,True
575,MLP,2022-01-02 21:35:00,77.0,103.17319681587402,True
575,MLP,2022-01-02 21:40:00,76.0,98.29701872103107,True
575,MLP,2022-01-02 21:45:00,78.0,87.75684816388417,True
575,MLP,2022-01-02 21:50:00,80.0,85.58318545078086,True
575,MLP,2022-01-02 21:55:00,81.0,92.76744949885429,True
575,MLP,2022-01-02 22:00:00,80.0,93.55694477593535,True
575,MLP,2022-01-02 22:05:00,82.0,87.12972504768017,True
575,MLP,2022-01-02 22:10:00,84.0,86.74957630029773,True
575,MLP,2022-01-02 22:15:00,90.0,88.1172729497274,True
575,MLP,2022-01-02 22:20:00,93.0,88.15165473577197,True
575,MLP,2022-01-02 22:25:00,95.0,94.07506734905111,True
575,MLP,2022-01-02 22:30:00,96.0,90.70961489079167,True
575,MLP,2022-01-02 22:35:00,99.0,99.04282490418446,True
575,MLP,2022-01-02 22:40:00,103.0,98.22761170009244,True
575,MLP,2022-01-02 22:45:00,105.0,109.81546382453854,True
575,MLP,2022-01-02 22:50:00,108.0,117.66554131589872,True
575,MLP,2022-01-02 22:55:00,108.0,114.9111274711977,True
575,MLP,2022-01-02 23:00:00,111.0,112.53807347886578,True
575,MLP,2022-01-02 23:05:00,113.0,118.03179041361003,True
575,MLP,2022-01-02 23:10:00,114.0,121.21397095839122,True
575,MLP,2022-01-02 23:15:00,112.0,115.17580939267658,True
575,MLP,2022-01-02 23:20:00,109.0,119.5948353981397,True
575,MLP,2022-01-02 23:25:00,107.0,108.0989045125714,True
575,MLP,2022-01-02 23:30:00,105.0,121.0015658420411,True
575,MLP,2022-01-02 23:35:00,104.0,119.24512975629113,True
575,MLP,2022-01-02 23:40:00,102.0,117.81285116474675,True
575,MLP,2022-01-02 23:45:00,101.0,109.39698800317565,True
575,MLP,2022-01-02 23:50:00,101.0,104.49710996164873,True
575,MLP,2022-01-02 23:55:00,100.0,105.31795525446553,True
575,MLP,2022-01-03 00:00:00,100.0,100.77932136428231,True
575,MLP,2022-01-03 00:05:00,99.0,102.66766059698809,True
575,MLP,2022-01-03 00:10:00,100.0,96.88970068372907,True
575,MLP,2022-01-03 00:15:00,100.0,99.40491382927236,True
575,MLP,2022-01-03 00:20:00,101.0,101.02213867058524,True
575,MLP,2022-01-03 00:25:00,101.0,97.6395663062158,True
575,MLP,2022-01-03 00:30:00,102.0,99.78681377055229,True
575,MLP,2022-01-03 00:35:00,102.0,95.18145077360954,True
575,MLP,2022-01-03 00:40:00,103.0,101.02440468462862,True
575,MLP,2022-01-03 00:45:00,102.0,97.3800173040413,True
575,MLP,2022-01-03 00:50:00,100.0,102.23175804562565,True
575,MLP,2022-01-03 00:55:00,98.0,99.34030869089614,True
575,MLP,2022-01-03 01:00:00,96.0,103.61422123343696,True
575,MLP,2022-01-03 01:05:00,94.0,100.39849587202649,True
575,MLP,2022-01-03 01:10:00,93.0,105.41870678217667,True
575,MLP,2022-01-03 01:15:00,91.0,99.7419678063239,True
575,MLP,2022-01-03 01:20:00,91.0,96.46181495299885,True
575,MLP,2022-01-03 01:25:00,90.0,92.92094009529991,True
575,MLP,2022-01-03 01:30:00,90.0,90.3934840822058,True
575,MLP,2022-01-03 01:35:00,91.0,86.33847470235663,True
575,MLP,2022-01-03 01:40:00,90.0,87.49263342154696,True
575,MLP,2022-01-03 01:45:00,90.0,82.83458451678165,True
575,MLP,2022-01-03 01:50:00,88.0,87.03839055664194,True
575,MLP,2022-01-03 01:55:00,86.0,84.52643557107216,True
575,MLP,2022-01-03 02:00:00,85.0,87.90521930960062,True
575,MLP,2022-01-03 02:05:00,85.0,91.47873286528296,True
575,MLP,2022-01-03 02:10:00,84.0,87.38396979137644,True
575,MLP,2022-01-03 02:15:00,83.0,89.17522199630714,True
575,MLP,2022-01-03 02:20:00,82.0,83.84225974262202,True
575,MLP,2022-01-03 02:25:00,80.0,80.2949952998613,True
575,MLP,2022-01-03 02:30:00,80.0,81.43662963602962,True
575,MLP,2022-01-03 02:35:00,79.0,81.85208054221492,True
575,MLP,2022-01-03 02:40:00,78.0,79.46773861393167,True
575,MLP,2022-01-03 02:45:00,78.0,79.29972300280612,True
575,MLP,2022-01-03 02:50:00,77.0,77.82815095460653,True
575,MLP,2022-01-03 02:55:00,75.0,75.7000728839616,True
575,MLP,2022-01-03 03:00:00,74.0,78.81530648243593,True
575,MLP,2022-01-03 03:05:00,74.0,75.87313982805252,True
575,MLP,2022-01-03 03:10:00,73.0,74.54996421601895,True
575,MLP,2022-01-03 03:15:00,73.0,75.84836710074823,True
575,MLP,2022-01-03 03:20:00,72.0,72.40973117910612,True
575,MLP,2022-01-03 03:25:00,72.0,70.28422259999833,True
575,MLP,2022-01-03 03:30:00,72.0,71.00923762546178,True
575,MLP,2022-01-03 03:35:00,71.0,72.01995560776666,True
575,MLP,2022-01-03 03:40:00,71.0,69.10076316744438,True
575,MLP,2022-01-03 03:45:00,70.0,70.67522962535335,True
575,MLP,2022-01-03 03:50:00,70.0,68.09010361603342,True
575,MLP,2022-01-03 03:55:00,69.0,69.94873843883299,True
575,MLP,2022-01-03 04:00:00,68.0,69.58791284455069,True
575,MLP,2022-01-03 04:05:00,67.0,68.26527597919424,True
575,MLP,2022-01-03 04:10:00,66.0,69.89987906113582,True
575,MLP,2022-01-03 04:15:00,65.0,66.36060620665594,True
575,MLP,2022-01-03 04:20:00,65.0,67.52501404169126,True
575,MLP,2022-01-03 04:25:00,65.0,64.82328330005157,True
575,MLP,2022-01-03 04:30:00,64.0,64.30968462605048,True
575,MLP,2022-01-03 04:35:00,62.0,63.022270436546776,True
575,MLP,2022-01-03 04:40:00,60.0,61.940600129737746,True
575,MLP,2022-01-03 04:45:00,59.0,61.088014067008714,True
575,MLP,2022-01-03 04:50:00,59.0,63.567024215002604,True
575,MLP,2022-01-03 04:55:00,59.0,63.42387935025509,True
575,MLP,2022-01-03 05:00:00,58.0,62.440035781943266,True
575,MLP,2022-01-03 05:05:00,58.0,60.53474309514159,True
575,MLP,2022-01-03 05:10:00,57.0,58.61509612264629,True
575,MLP,2022-01-03 05:15:00,55.0,58.74167400213042,True
575,MLP,2022-01-03 05:20:00,54.0,59.96003939433597,True
575,MLP,2022-01-03 05:25:00,54.0,59.34184192860944,True
575,MLP,2022-01-03 05:30:00,53.0,58.86510409515269,True
575,MLP,2022-01-03 05:35:00,53.0,60.40618231206474,True
575,MLP,2022-01-03 05:40:00,54.0,59.00396324532109,True
575,MLP,2022-01-03 05:45:00,53.0,57.97373986688956,True
575,MLP,2022-01-03 05:50:00,54.0,57.99705470952671,True
575,MLP,2022-01-03 05:55:00,56.0,58.05534287798585,True
575,MLP,2022-01-03 06:00:00,55.0,55.92793358712489,True
575,MLP,2022-01-03 06:05:00,55.0,57.42949741448282,True
575,MLP,2022-01-03 06:10:00,56.0,60.81956143735565,True
575,MLP,2022-01-03 06:15:00,56.0,59.49209366459763,True
575,MLP,2022-01-03 06:20:00,56.0,63.68959759721869,True
575,MLP,2022-01-03 06:25:00,58.0,68.6776468081071,True
575,MLP,2022-01-03 06:30:00,59.0,63.98068876940471,True
575,MLP,2022-01-03 06:35:00,59.0,63.55208991342748,True
575,MLP,2022-01-03 06:40:00,59.0,66.04644972434284,True
575,MLP,2022-01-03 06:45:00,60.0,64.09529941388054,True
575,MLP,2022-01-03 06:50:00,71.0,64.33481257415308,True
575,MLP,2022-01-03 06:55:00,73.0,73.68131817956065,True
575,MLP,2022-01-03 07:00:00,76.0,71.8378530122179,True
575,MLP,2022-01-03 07:05:00,81.0,84.32921139963308,True
575,MLP,2022-01-03 07:10:00,87.0,86.47784703640413,True
575,MLP,2022-01-03 07:15:00,93.0,92.67310176036237,True
575,MLP,2022-01-03 07:20:00,100.0,120.69887708870948,True
575,MLP,2022-01-03 07:25:00,104.0,107.72222939806998,True
575,MLP,2022-01-03 07:30:00,106.0,103.5135574466635,True
575,MLP,2022-01-03 07:35:00,110.0,106.6922229423427,True
575,MLP,2022-01-03 07:40:00,113.0,118.4384141832266,True
575,MLP,2022-01-03 07:45:00,117.0,120.87261708724583,True
575,MLP,2022-01-03 07:50:00,121.0,134.04045013302698,True
575,MLP,2022-01-03 07:55:00,124.0,121.19262376646687,True
575,MLP,2022-01-03 08:00:00,128.0,111.52447440292464,True
575,MLP,2022-01-03 08:05:00,132.0,120.38720574747747,True
575,MLP,2022-01-03 08:10:00,130.0,117.76064914323275,True
575,MLP,2022-01-03 08:15:00,130.0,127.93557241515262,True
575,MLP,2022-01-03 08:20:00,133.0,131.9520285216083,True
575,MLP,2022-01-03 08:25:00,132.0,128.69896352704313,True
575,MLP,2022-01-03 08:30:00,133.0,135.3357789438695,True
575,MLP,2022-01-03 08:35:00,135.0,140.89397825572354,True
575,MLP,2022-01-03 08:40:00,133.0,126.65164801436018,True
575,MLP,2022-01-03 08:45:00,130.0,129.85837738482536,True
575,MLP,2022-01-03 08:50:00,126.0,140.57427512467495,True
575,MLP,2022-01-03 08:55:00,126.0,129.38970403626257,True
575,MLP,2022-01-03 09:00:00,122.0,136.6202359350441,True
575,MLP,2022-01-03 09:05:00,118.0,139.70470311690678,True
575,MLP,2022-01-03 09:10:00,116.0,131.00148824216333,True
575,MLP,2022-01-03 09:15:00,115.0,124.50589923731786,True
575,MLP,2022-01-03 09:20:00,112.0,113.6357974978486,True
575,MLP,2022-01-03 09:25:00,109.0,121.8043389277597,True
575,MLP,2022-01-03 09:30:00,108.0,110.53795442496254,True
575,MLP,2022-01-03 09:35:00,105.0,105.14279526340086,True
575,MLP,2022-01-03 09:40:00,103.0,106.65327309898247,True
575,MLP,2022-01-03 09:45:00,101.0,108.20931238452351,True
575,MLP,2022-01-03 09:50:00,100.0,101.14344705687994,True
575,MLP,2022-01-03 09:55:00,99.0,96.91030679013532,True
575,MLP,2022-01-03 10:00:00,98.0,101.82340269938955,True
575,MLP,2022-01-03 10:05:00,98.0,95.33124023331372,True
575,MLP,2022-01-03 10:10:00,98.0,95.75319224822432,True
575,MLP,2022-01-03 10:15:00,98.0,94.29038556343515,True
575,MLP,2022-01-03 10:20:00,99.0,97.379359609344,True
575,MLP,2022-01-03 10:25:00,100.0,94.9435293683542,True
575,MLP,2022-01-03 10:30:00,97.0,94.59158663934991,True
575,MLP,2022-01-03 10:35:00,95.0,99.10487826683325,True
575,MLP,2022-01-03 10:40:00,95.0,97.90079914853176,True
575,MLP,2022-01-03 10:45:00,93.0,97.37577903533419,True
575,MLP,2022-01-03 10:50:00,92.0,103.40149518407497,True
575,MLP,2022-01-03 10:55:00,91.0,104.06837656125849,True
575,MLP,2022-01-03 11:00:00,91.0,93.63085454653955,True
575,MLP,2022-01-03 11:05:00,91.0,92.40286443024966,True
575,MLP,2022-01-03 11:10:00,90.0,99.8284997911771,True
575,MLP,2022-01-03 11:15:00,90.0,92.08171967952093,True
575,MLP,2022-01-03 11:20:00,91.0,92.64300776535646,True
575,MLP,2022-01-03 11:25:00,92.0,91.1083651911827,True
575,MLP,2022-01-03 11:30:00,93.0,95.2382245854712,True
575,MLP,2022-01-03 11:35:00,93.0,93.51696686463801,True
575,MLP,2022-01-03 11:40:00,94.0,93.23445382350958,True
575,MLP,2022-01-03 11:45:00,95.0,95.54440582111143,True
575,MLP,2022-01-03 11:50:00,96.0,98.40555971745941,True
575,MLP,2022-01-03 11:55:00,98.0,99.80909331716809,True
575,MLP,2022-01-03 12:00:00,98.0,102.19587165205019,True
575,MLP,2022-01-03 12:05:00,99.0,99.46804880137172,True
575,MLP,2022-01-03 12:10:00,101.0,104.71488894240959,True
575,MLP,2022-01-03 12:15:00,101.0,105.08137805393382,True
575,MLP,2022-01-03 12:20:00,101.0,106.94866802098504,True
575,MLP,2022-01-03 12:25:00,102.0,113.14615438837173,True
575,MLP,2022-01-03 12:30:00,103.0,106.89925462110983,True
575,MLP,2022-01-03 12:35:00,103.0,110.9234607819188,True
575,MLP,2022-01-03 12:40:00,104.0,115.45898643225813,True
575,MLP,2022-01-03 12:45:00,105.0,109.89138642346096,True
575,MLP,2022-01-03 12:50:00,106.0,109.43518806729166,True
575,MLP,2022-01-03 12:55:00,106.0,112.96313106909837,True
575,MLP,2022-01-03 13:00:00,107.0,112.13684006906486,True
575,MLP,2022-01-03 13:05:00,107.0,110.45370071704602,True
575,MLP,2022-01-03 13:10:00,108.0,114.67686812582075,True
575,MLP,2022-01-03 13:15:00,108.0,113.73184749933996,True
575,MLP,2022-01-03 13:20:00,109.0,114.27799552953645,True
575,MLP,2022-01-03 13:25:00,109.0,112.68351753415831,True
575,MLP,2022-01-03 13:30:00,107.0,117.04049571759491,True
575,MLP,2022-01-03 13:35:00,108.0,112.64852510509557,True
575,MLP,2022-01-03 13:40:00,110.0,116.40003813875632,True
575,MLP,2022-01-03 13:45:00,111.0,113.68840854764247,True
575,MLP,2022-01-03 13:50:00,116.0,117.27956523210548,True
575,MLP,2022-01-03 13:55:00,123.0,113.41108567086191,True
575,MLP,2022-01-03 14:00:00,132.0,109.61061463887783,True
575,MLP,2022-01-03 14:05:00,142.0,117.18289073121875,True
575,MLP,2022-01-03 14:10:00,152.0,118.40982729502701,True
575,MLP,2022-01-03 14:15:00,161.0,115.71654814386848,True
575,MLP,2022-01-03 14:20:00,167.0,134.49830347006326,True
575,MLP,2022-01-03 14:25:00,172.0,145.46160229781674,True
575,MLP,2022-01-03 14:30:00,176.0,159.27055267697278,True
575,MLP,2022-01-03 14:35:00,181.0,173.0041730218283,True
575,MLP,2022-01-03 14:40:00,185.0,184.78744508416227,True
575,MLP,2022-01-03 14:45:00,189.0,190.40724646258826,True
575,MLP,2022-01-03 14:50:00,193.0,187.0996684717685,True
575,MLP,2022-01-03 14:55:00,195.0,192.18484815387853,True
575,MLP,2022-01-03 15:00:00,195.0,193.98259170922273,True
575,MLP,2022-01-03 15:05:00,194.0,203.5178571835284,True
575,MLP,2022-01-03 15:10:00,195.0,202.5442321511553,True
575,MLP,2022-01-03 15:15:00,196.0,200.97179682743354,True
575,MLP,2022-01-03 15:20:00,194.0,200.5003951441527,True
575,MLP,2022-01-03 15:25:00,187.0,194.21033532821178,True
575,MLP,2022-01-03 15:30:00,185.0,191.98573303263436,True
575,MLP,2022-01-03 15:35:00,184.0,191.71325739841362,True
575,MLP,2022-01-03 15:40:00,181.0,200.42126777112964,True
575,MLP,2022-01-03 15:45:00,177.0,198.64423523839014,True
575,MLP,2022-01-03 15:50:00,170.0,188.57703035043252,True
575,MLP,2022-01-03 15:55:00,166.0,172.63433425346932,True
575,MLP,2022-01-03 16:00:00,162.0,182.20313718740857,True
575,MLP,2022-01-03 16:05:00,158.0,178.57336672964288,True
575,MLP,2022-01-03 16:10:00,154.0,169.43243172590172,True
575,MLP,2022-01-03 16:15:00,152.0,161.79811569804804,True
575,MLP,2022-01-03 16:20:00,148.0,151.99710129984143,True
575,MLP,2022-01-03 16:25:00,144.0,155.92091637235538,True
575,MLP,2022-01-03 16:30:00,140.0,147.86078106678468,True
575,MLP,2022-01-03 16:35:00,138.0,143.2231052794852,True
575,MLP,2022-01-03 16:40:00,136.0,138.16930815861792,True
575,MLP,2022-01-03 16:45:00,131.0,141.35467325069868,True
575,MLP,2022-01-03 16:50:00,126.0,129.8251558453462,True
575,MLP,2022-01-03 16:55:00,124.0,124.90618247450915,True
575,MLP,2022-01-03 17:00:00,122.0,120.73921497284483,True
575,MLP,2022-01-03 17:05:00,117.0,123.7653424202764,True
575,MLP,2022-01-03 17:10:00,115.0,121.57442863499493,True
575,MLP,2022-01-03 17:15:00,114.0,108.67290017211023,True
575,MLP,2022-01-03 17:20:00,113.0,104.35516732052716,True
575,MLP,2022-01-03 17:25:00,109.0,112.38313240446799,True
575,MLP,2022-01-03 17:30:00,106.0,108.87397843790758,True
575,MLP,2022-01-03 17:35:00,106.0,97.37219965500584,True
575,MLP,2022-01-03 17:40:00,102.0,106.66017283598173,True
575,MLP,2022-01-03 17:45:00,100.0,105.88082971240203,True
575,MLP,2022-01-03 17:50:00,99.0,105.50114975619773,True
575,MLP,2022-01-03 17:55:00,102.0,96.23095570509295,True
575,MLP,2022-01-03 18:00:00,101.0,96.36621633555478,True
575,MLP,2022-01-03 18:05:00,98.0,106.28280115523911,True
575,MLP,2022-01-03 18:10:00,95.0,94.72865320622851,True
575,MLP,2022-01-03 18:15:00,95.0,96.32541957290913,True
575,MLP,2022-01-03 18:20:00,96.0,97.6221044476672,True
575,MLP,2022-01-03 18:25:00,96.0,113.02505858579975,True
575,MLP,2022-01-03 18:30:00,96.0,101.78030295946398,True
575,MLP,2022-01-03 18:35:00,95.0,95.47406904763244,True
575,MLP,2022-01-03 18:40:00,96.0,92.57089030297278,True
575,MLP,2022-01-03 18:45:00,119.0,101.7846866743909,True
575,MLP,2022-01-03 18:50:00,127.0,107.9284931031519,True
575,MLP,2022-01-03 18:55:00,134.0,98.98476568867461,True
575,MLP,2022-01-03 19:00:00,141.0,100.93134892025853,True
575,MLP,2022-01-03 19:05:00,144.0,108.76858760678356,True
575,MLP,2022-01-03 19:10:00,145.0,113.41571846697393,True
575,MLP,2022-01-03 19:15:00,152.0,152.43674998898916,True
575,MLP,2022-01-03 19:20:00,161.0,148.53992008150175,True
575,MLP,2022-01-03 19:25:00,168.0,161.24480549911752,True
575,MLP,2022-01-03 19:30:00,172.0,157.7715746918774,True
575,MLP,2022-01-03 19:35:00,173.0,144.57010652525616,True
575,MLP,2022-01-03 19:40:00,178.0,137.79227107958476,True
575,MLP,2022-01-03 19:45:00,182.0,171.71894086219248,True
575,MLP,2022-01-03 19:50:00,182.0,183.53386149839164,True
575,MLP,2022-01-03 19:55:00,183.0,185.92057150393083,True
575,MLP,2022-01-03 20:00:00,185.0,180.60822362009696,True
575,MLP,2022-01-03 20:05:00,188.0,173.9103124045482,True
575,MLP,2022-01-03 20:10:00,192.0,192.20638746507424,True
575,MLP,2022-01-03 20:15:00,194.0,197.71888024206396,True
575,MLP,2022-01-03 20:20:00,199.0,182.9009242621259,True
575,MLP,2022-01-03 20:25:00,202.0,201.04175957004094,True
575,MLP,2022-01-03 20:30:00,204.0,201.92901721160405,True
575,MLP,2022-01-03 20:35:00,205.0,209.31475323590078,True
575,MLP,2022-01-03 20:40:00,205.0,205.65900963382614,True
575,MLP,2022-01-03 20:45:00,207.0,199.4388183888916,True
575,MLP,2022-01-03 20:50:00,202.0,204.89136110656273,True
575,MLP,2022-01-03 20:55:00,192.0,198.53692962343774,True
575,MLP,2022-01-03 21:00:00,192.0,205.3672768882883,True
575,MLP,2022-01-03 21:05:00,188.0,202.96143386548397,True
575,MLP,2022-01-03 21:10:00,184.0,203.33266588973345,True
575,MLP,2022-01-03 21:15:00,180.0,213.79317712219935,True
575,MLP,2022-01-03 21:20:00,177.0,188.32712422740065,True
575,MLP,2022-01-03 21:25:00,173.0,172.21528820991506,True
575,MLP,2022-01-03 21:30:00,170.0,192.59875449895506,True
575,MLP,2022-01-03 21:35:00,165.0,168.49912598067738,True
575,MLP,2022-01-03 21:40:00,158.0,166.94800105339363,True
575,MLP,2022-01-03 21:45:00,152.0,162.67512642990727,True
575,MLP,2022-01-03 21:50:00,148.0,164.56481589478727,True
575,MLP,2022-01-03 21:55:00,147.0,158.77479566717867,True
575,MLP,2022-01-03 22:00:00,146.0,158.40151048065968,True
575,MLP,2022-01-03 22:05:00,144.0,146.3849629603181,True
575,MLP,2022-01-03 22:10:00,143.0,133.75571438199123,True
575,MLP,2022-01-03 22:15:00,142.0,129.7259899456812,True
575,MLP,2022-01-03 22:20:00,139.0,129.56287570309058,True
575,MLP,2022-01-03 22:25:00,135.0,133.43636616375684,True
575,MLP,2022-01-03 22:30:00,135.0,136.40077891925694,True
575,MLP,2022-01-03 22:35:00,131.0,131.8554961071124,True
575,MLP,2022-01-03 22:40:00,128.0,137.07154802436503,True
575,MLP,2022-01-03 22:45:00,126.0,136.3249932893572,True
575,MLP,2022-01-03 22:50:00,125.0,127.01645820641896,True
575,MLP,2022-01-03 22:55:00,122.0,121.2974863442232,True
575,MLP,2022-01-03 23:00:00,117.0,129.6819548338375,True
575,MLP,2022-01-03 23:05:00,116.0,115.7750373386988,True
575,MLP,2022-01-03 23:10:00,115.0,117.47698157790842,True
575,MLP,2022-01-03 23:15:00,116.0,117.71608006381989,True
575,MLP,2022-01-03 23:20:00,114.0,117.43667386215647,True
575,MLP,2022-01-03 23:25:00,112.0,110.93781210847021,True
575,MLP,2022-01-03 23:30:00,112.0,102.79112253513816,True
575,MLP,2022-01-03 23:35:00,112.0,107.78583438112805,True
575,MLP,2022-01-03 23:40:00,112.0,107.5995687721376,True
575,MLP,2022-01-03 23:45:00,112.0,112.5190851046418,True
575,MLP,2022-01-03 23:50:00,111.0,105.99715714618044,True
575,MLP,2022-01-03 23:55:00,111.0,104.03443133522858,True
575,MLP,2022-01-04 00:00:00,110.0,109.55753158123348,True
575,MLP,2022-01-04 00:05:00,109.0,108.41870186552795,True
575,MLP,2022-01-04 00:10:00,108.0,109.07523150854523,True
575,MLP,2022-01-04 00:15:00,105.0,111.02104273122856,True
575,MLP,2022-01-04 00:20:00,103.0,105.37902817047545,True
575,MLP,2022-01-04 00:25:00,102.0,109.14520370180419,True
575,MLP,2022-01-04 00:30:00,101.0,105.07930044830302,True
575,MLP,2022-01-04 00:35:00,101.0,104.90277807419676,True
575,MLP,2022-01-04 00:40:00,100.0,103.85793367140997,True
575,MLP,2022-01-04 00:45:00,100.0,97.07661319995181,True
575,MLP,2022-01-04 00:50:00,100.0,96.25699908724859,True
575,MLP,2022-01-04 00:55:00,100.0,95.77735984773496,True
575,MLP,2022-01-04 01:00:00,100.0,94.83055334965107,True
575,MLP,2022-01-04 01:05:00,99.0,96.82963747465449,True
575,MLP,2022-01-04 01:10:00,98.0,94.49878041208682,True
575,MLP,2022-01-04 01:15:00,97.0,97.2254317917405,True
575,MLP,2022-01-04 01:20:00,97.0,96.71930520310603,True
575,MLP,2022-01-04 01:25:00,95.0,96.51236774010995,True
575,MLP,2022-01-04 01:30:00,94.0,96.9803374026733,True
575,MLP,2022-01-04 01:35:00,93.0,94.40726074645356,True
575,MLP,2022-01-04 01:40:00,93.0,93.16866895763711,True
575,MLP,2022-01-04 01:45:00,92.0,92.92600472728701,True
575,MLP,2022-01-04 01:50:00,92.0,93.94018430538881,True
575,MLP,2022-01-04 01:55:00,91.0,89.74020516894427,True
575,MLP,2022-01-04 02:00:00,90.0,90.45331940652903,True
575,MLP,2022-01-04 02:05:00,90.0,88.91735842692229,True
575,MLP,2022-01-04 02:10:00,88.0,90.51056167182607,True
575,MLP,2022-01-04 02:15:00,87.0,88.06885435928417,True
575,MLP,2022-01-04 02:20:00,86.0,91.04132035614195,True
575,MLP,2022-01-04 02:25:00,85.0,87.96513206982878,True
575,MLP,2022-01-04 02:30:00,85.0,87.61376060748124,True
575,MLP,2022-01-04 02:35:00,85.0,88.48768147448476,True
575,MLP,2022-01-04 02:40:00,85.0,84.35563563552496,True
575,MLP,2022-01-04 02:45:00,85.0,84.23463276000327,True
575,MLP,2022-01-04 02:50:00,85.0,82.45013985335291,True
575,MLP,2022-01-04 02:55:00,85.0,80.30827669388073,True
575,MLP,2022-01-04 03:00:00,85.0,82.37913726696443,True
575,MLP,2022-01-04 03:05:00,84.0,82.59475994574949,True
575,MLP,2022-01-04 03:10:00,84.0,82.88056441755236,True
575,MLP,2022-01-04 03:15:00,84.0,83.16281020794277,True
575,MLP,2022-01-04 03:20:00,85.0,83.29310939188896,True
575,MLP,2022-01-04 03:25:00,85.0,83.50681725287008,True
575,MLP,2022-01-04 03:30:00,86.0,83.17801801738528,True
575,MLP,2022-01-04 03:35:00,87.0,80.73028154830051,True
575,MLP,2022-01-04 03:40:00,89.0,81.56464715316737,True
575,MLP,2022-01-04 03:45:00,91.0,80.80599505302324,True
575,MLP,2022-01-04 03:50:00,91.0,84.09945176522758,True
575,MLP,2022-01-04 03:55:00,92.0,82.82843062615034,True
575,MLP,2022-01-04 04:00:00,92.0,86.59538920549446,True
575,MLP,2022-01-04 04:05:00,93.0,86.82664897986855,True
575,MLP,2022-01-04 04:10:00,94.0,91.07503174664919,True
575,MLP,2022-01-04 04:15:00,94.0,93.06880041168918,True
575,MLP,2022-01-04 04:20:00,94.0,90.67223588122027,True
575,MLP,2022-01-04 04:25:00,94.0,92.90437732845062,True
575,MLP,2022-01-04 04:30:00,95.0,89.32661279372942,True
575,MLP,2022-01-04 04:35:00,94.0,92.45468449160039,True
575,MLP,2022-01-04 04:40:00,94.0,93.63171341824344,True
575,MLP,2022-01-04 04:45:00,94.0,91.86840462836842,True
575,MLP,2022-01-04 04:50:00,94.0,92.29874131512413,True
575,MLP,2022-01-04 04:55:00,95.0,91.90595606870333,True
575,MLP,2022-01-04 05:00:00,95.0,95.11042876085367,True
575,MLP,2022-01-04 05:05:00,95.0,92.12150812589658,True
575,MLP,2022-01-04 05:10:00,96.0,93.36668462084084,True
575,MLP,2022-01-04 05:15:00,97.0,91.71988252760322,True
575,MLP,2022-01-04 05:20:00,98.0,90.97884108426165,True
575,MLP,2022-01-04 05:25:00,98.0,94.58588878140316,True
575,MLP,2022-01-04 05:30:00,99.0,92.57084039569845,True
575,MLP,2022-01-04 05:35:00,99.0,93.01235142372438,True
575,MLP,2022-01-04 05:40:00,100.0,96.45154739714233,True
575,MLP,2022-01-04 05:45:00,100.0,96.58792717014357,True
575,MLP,2022-01-04 05:50:00,100.0,98.2975826952452,True
575,MLP,2022-01-04 05:55:00,101.0,96.14826739645743,True
575,MLP,2022-01-04 06:00:00,101.0,100.36486802079015,True
575,MLP,2022-01-04 06:05:00,101.0,97.12200898733727,True
575,MLP,2022-01-04 06:10:00,102.0,102.00148612785195,True
575,MLP,2022-01-04 06:15:00,102.0,99.06818883089797,True
575,MLP,2022-01-04 06:20:00,103.0,99.77603310103805,True
575,MLP,2022-01-04 06:25:00,106.0,103.48563582759586,True
575,MLP,2022-01-04 06:30:00,107.0,100.62864533418539,True
575,MLP,2022-01-04 06:35:00,107.0,101.23592766054183,True
575,MLP,2022-01-04 06:40:00,107.0,105.24214080017653,True
575,MLP,2022-01-04 06:45:00,107.0,102.36528123645799,True
575,MLP,2022-01-04 06:50:00,107.0,106.43637774510462,True
575,MLP,2022-01-04 06:55:00,107.0,114.84939001788572,True
575,MLP,2022-01-04 07:00:00,138.0,110.44582017182194,True
575,MLP,2022-01-04 07:05:00,143.0,107.49175923461753,True
575,MLP,2022-01-04 07:10:00,145.0,108.99960747381517,True
575,MLP,2022-01-04 07:15:00,149.0,134.14801563023582,True
575,MLP,2022-01-04 07:20:00,155.0,135.37561201286826,True
575,MLP,2022-01-04 07:25:00,164.0,139.16147035978173,True
575,MLP,2022-01-04 07:30:00,169.0,152.43550822288634,True
575,MLP,2022-01-04 07:35:00,170.0,160.18927451517743,True
575,MLP,2022-01-04 07:40:00,173.0,148.39512580656753,True
575,MLP,2022-01-04 07:45:00,178.0,154.8293493855938,True
575,MLP,2022-01-04 07:50:00,182.0,170.0535579888836,True
575,MLP,2022-01-04 07:55:00,184.0,188.00403815688765,True
575,MLP,2022-01-04 08:00:00,187.0,175.2336928528409,True
575,MLP,2022-01-04 08:05:00,190.0,164.31248904104106,True
575,MLP,2022-01-04 08:10:00,195.0,172.4982121835694,True
575,MLP,2022-01-04 08:15:00,197.0,185.03534089030066,True
575,MLP,2022-01-04 08:20:00,200.0,181.29910220883914,True
575,MLP,2022-01-04 08:25:00,201.0,181.62315153683267,True
575,MLP,2022-01-04 08:30:00,202.0,195.5561311696064,True
575,MLP,2022-01-04 08:35:00,202.0,193.77253212060464,True
575,MLP,2022-01-04 08:40:00,202.0,204.37328295973126,True
575,MLP,2022-01-04 08:45:00,203.0,196.77831922496205,True
575,MLP,2022-01-04 08:50:00,203.0,207.3048768818652,True
575,MLP,2022-01-04 08:55:00,206.0,202.8181498586112,True
575,MLP,2022-01-04 09:00:00,208.0,204.06353705816923,True
575,MLP,2022-01-04 09:05:00,206.0,199.9600907145686,True
575,MLP,2022-01-04 09:10:00,205.0,201.95527924527744,True
575,MLP,2022-01-04 09:15:00,205.0,206.27289702067668,True
575,MLP,2022-01-04 09:20:00,203.0,203.08749730788145,True
575,MLP,2022-01-04 09:25:00,201.0,211.57481769353876,True
575,MLP,2022-01-04 09:30:00,198.0,210.7150429480498,True
575,MLP,2022-01-04 09:35:00,194.0,201.91777401663904,True
575,MLP,2022-01-04 09:40:00,193.0,203.1796053430474,True
575,MLP,2022-01-04 09:45:00,190.0,202.57950153605245,True
575,MLP,2022-01-04 09:50:00,189.0,194.83492006959494,True
575,MLP,2022-01-04 09:55:00,187.0,193.6792195533191,True
575,MLP,2022-01-04 10:00:00,185.0,186.9488496397071,True
575,MLP,2022-01-04 10:05:00,184.0,179.8487149186234,True
575,MLP,2022-01-04 10:10:00,182.0,182.57649329230074,True
575,MLP,2022-01-04 10:15:00,181.0,173.39890468100234,True
575,MLP,2022-01-04 10:20:00,180.0,177.78491590092534,True
575,MLP,2022-01-04 10:25:00,179.0,174.03467621403144,True
575,MLP,2022-01-04 10:30:00,176.0,172.0537237295677,True
575,MLP,2022-01-04 10:35:00,176.0,172.37055816475933,True
575,MLP,2022-01-04 10:40:00,177.0,168.4637870391345,True
575,MLP,2022-01-04 10:45:00,177.0,169.5650604519246,True
575,MLP,2022-01-04 10:50:00,177.0,168.366514209146,True
575,MLP,2022-01-04 10:55:00,177.0,167.4178452586126,True
575,MLP,2022-01-04 11:00:00,178.0,161.27412841603703,True
575,MLP,2022-01-04 11:05:00,180.0,166.1370101570446,True
575,MLP,2022-01-04 11:10:00,181.0,168.51715719741208,True
575,MLP,2022-01-04 11:15:00,183.0,166.91682671976974,True
575,MLP,2022-01-04 11:20:00,185.0,168.72316624276635,True
575,MLP,2022-01-04 11:25:00,188.0,169.26826587164518,True
575,MLP,2022-01-04 11:30:00,189.0,172.39807042981388,True
575,MLP,2022-01-04 11:35:00,191.0,177.21551673833716,True
575,MLP,2022-01-04 11:40:00,194.0,176.9390083805617,True
575,MLP,2022-01-04 11:45:00,198.0,183.32803462807794,True
575,MLP,2022-01-04 11:50:00,200.0,184.75417345174554,True
575,MLP,2022-01-04 11:55:00,203.0,191.46556522078458,True
575,MLP,2022-01-04 12:00:00,205.0,186.76077113970652,True
575,MLP,2022-01-04 12:05:00,208.0,193.21858680778283,True
575,MLP,2022-01-04 12:10:00,210.0,198.30097096121014,True
575,MLP,2022-01-04 12:15:00,211.0,206.03469634999698,True
575,MLP,2022-01-04 12:20:00,211.0,202.9023500911821,True
575,MLP,2022-01-04 12:25:00,212.0,210.6612433077458,True
575,MLP,2022-01-04 12:30:00,211.0,209.3533568135379,True
575,MLP,2022-01-04 12:35:00,212.0,215.9607208474863,True
575,MLP,2022-01-04 12:40:00,214.0,215.3930232746701,True
575,MLP,2022-01-04 12:45:00,214.0,214.50450125341,True
575,MLP,2022-01-04 12:50:00,215.0,211.47393531207638,True
575,MLP,2022-01-04 12:55:00,217.0,216.0250220620085,True
575,MLP,2022-01-04 13:00:00,223.0,209.00996964320169,True
575,MLP,2022-01-04 13:05:00,223.0,215.33669213893717,True
575,MLP,2022-01-04 13:10:00,223.0,219.8604113859658,True
575,MLP,2022-01-04 13:15:00,227.0,214.5909825928008,True
575,MLP,2022-01-04 13:20:00,232.0,217.01476530411003,True
575,MLP,2022-01-04 13:25:00,237.0,221.32433156455537,True
575,MLP,2022-01-04 13:30:00,242.0,235.59105420930936,True
575,MLP,2022-01-04 13:35:00,246.0,223.48671688288178,True
575,MLP,2022-01-04 13:40:00,252.0,223.1768807835175,True
575,MLP,2022-01-04 13:45:00,263.0,233.30672919236716,True
575,MLP,2022-01-04 13:50:00,267.0,242.67908538482465,True
575,MLP,2022-01-04 13:55:00,268.0,249.5160972212655,True
575,MLP,2022-01-04 14:00:00,267.0,255.89657394624572,True
575,MLP,2022-01-04 14:05:00,272.0,258.1514656561085,True
575,MLP,2022-01-04 14:10:00,276.0,269.2163681239528,True
575,MLP,2022-01-04 14:15:00,282.0,287.5123319345754,True
575,MLP,2022-01-04 14:20:00,287.0,280.4561550228382,True
575,MLP,2022-01-04 14:25:00,290.0,275.7664462214563,True
575,MLP,2022-01-04 14:30:00,296.0,273.4953566126736,True
575,MLP,2022-01-04 14:35:00,301.0,283.0358994435542,True
575,MLP,2022-01-04 14:40:00,308.0,287.47093456326166,True
575,MLP,2022-01-04 14:45:00,315.0,299.98505397106794,True
575,MLP,2022-01-04 14:50:00,317.0,303.3764672802426,True
575,MLP,2022-01-04 14:55:00,324.0,291.68507586216947,True
575,MLP,2022-01-04 15:00:00,331.0,312.5613776243573,True
575,MLP,2022-01-04 15:05:00,334.0,307.65283203553935,True
575,MLP,2022-01-04 15:10:00,337.0,312.3480833368165,True
575,MLP,2022-01-04 15:15:00,339.0,318.079204326623,True
575,MLP,2022-01-04 15:20:00,338.0,299.7558990498736,True
575,MLP,2022-01-04 15:25:00,338.0,324.9250416146956,True
575,MLP,2022-01-04 15:30:00,339.0,332.7258028023544,True
575,MLP,2022-01-04 15:35:00,342.0,325.8196851068928,True
575,MLP,2022-01-04 15:40:00,340.0,331.4038519986931,True
575,MLP,2022-01-04 15:45:00,340.0,327.3113314542509,True
575,MLP,2022-01-04 15:50:00,338.0,315.7695834336033,True
575,MLP,2022-01-04 15:55:00,333.0,319.07947298262945,True
575,MLP,2022-01-04 16:00:00,332.0,320.8612135846935,True
575,MLP,2022-01-04 16:05:00,331.0,327.8410213064087,True
575,MLP,2022-01-04 16:10:00,329.0,313.9525815675197,True
575,MLP,2022-01-04 16:15:00,325.0,322.4154223655874,True
575,MLP,2022-01-04 16:20:00,319.0,311.6122296698059,True
575,MLP,2022-01-04 16:25:00,318.0,300.944331359634,True
575,MLP,2022-01-04 16:30:00,315.0,307.9709557316844,True
575,MLP,2022-01-04 16:35:00,308.0,304.28766923996204,True
575,MLP,2022-01-04 16:40:00,305.0,302.44569338954216,True
575,MLP,2022-01-04 16:45:00,302.0,297.72548993418593,True
575,MLP,2022-01-04 16:50:00,300.0,290.8886701131608,True
575,MLP,2022-01-04 16:55:00,296.0,296.2881294362732,True
575,MLP,2022-01-04 17:00:00,293.0,289.0283580514726,True
575,MLP,2022-01-04 17:05:00,290.0,276.3444201942964,True
575,MLP,2022-01-04 17:10:00,286.0,279.6724170892645,True
575,MLP,2022-01-04 17:15:00,282.0,275.41672151162845,True
575,MLP,2022-01-04 17:20:00,279.0,276.2937126962846,True
575,MLP,2022-01-04 17:25:00,277.0,268.627977621406,True
575,MLP,2022-01-04 17:30:00,271.0,268.231470710306,True
575,MLP,2022-01-04 17:35:00,267.0,264.310997050326,True
575,MLP,2022-01-04 17:40:00,263.0,257.9549621831934,True
575,MLP,2022-01-04 17:45:00,261.0,253.79608363374635,True
575,MLP,2022-01-04 17:50:00,259.0,252.70473892623102,True
575,MLP,2022-01-04 17:55:00,259.0,253.8930364761191,True
575,MLP,2022-01-04 18:00:00,259.0,239.4804456692756,True
575,MLP,2022-01-04 18:05:00,260.0,241.33578191414702,True
575,MLP,2022-01-04 18:10:00,260.0,235.7943394258491,True
575,MLP,2022-01-04 18:15:00,259.0,237.96215447259038,True
575,MLP,2022-01-04 18:20:00,260.0,237.40764597773477,True
575,MLP,2022-01-04 18:25:00,260.0,241.3414515759102,True
575,MLP,2022-01-04 18:30:00,258.0,245.27144527300965,True
575,MLP,2022-01-04 18:35:00,258.0,250.65940074990434,True
575,MLP,2022-01-04 18:40:00,259.0,248.61935531046953,True
575,MLP,2022-01-04 18:45:00,262.0,247.12431431664527,True
575,MLP,2022-01-04 18:50:00,262.0,254.2182933167348,True
575,MLP,2022-01-04 18:55:00,262.0,252.3966076857516,True
575,MLP,2022-01-04 19:00:00,262.0,246.52013048549418,True
575,MLP,2022-01-04 19:05:00,262.0,252.3435753082132,True
575,MLP,2022-01-04 19:10:00,262.0,248.9353920460656,True
575,MLP,2022-01-04 19:15:00,262.0,261.92050209646396,True
575,MLP,2022-01-04 19:20:00,262.0,258.29220640391463,True
575,MLP,2022-01-04 20:05:00,262.0,207.35933701901607,False
575,MLP,2022-01-04 20:10:00,265.0,209.6327701924605,False
575,MLP,2022-01-04 20:15:00,270.0,208.9278348435098,False
575,MLP,2022-01-04 20:20:00,271.0,201.30152239070034,False
575,MLP,2022-01-04 20:25:00,272.0,180.06152414468576,False
575,MLP,2022-01-04 20:30:00,273.0,191.98519505456395,False
575,MLP,2022-01-04 20:35:00,267.0,256.5151661330204,True
575,MLP,2022-01-04 20:40:00,258.0,253.24816580451932,True
575,MLP,2022-01-04 20:45:00,253.0,264.1426935609179,True
575,MLP,2022-01-04 20:50:00,248.0,257.17509458302834,True
575,MLP,2022-01-04 20:55:00,239.0,267.7344407687925,True
575,MLP,2022-01-04 21:00:00,225.0,268.13158705867585,True
575,MLP,2022-01-04 21:05:00,211.0,247.926735229902,True
575,MLP,2022-01-04 21:10:00,197.0,233.43962077812736,True
575,MLP,2022-01-04 21:15:00,182.0,236.28146159357547,True
575,MLP,2022-01-04 21:20:00,171.0,224.2053453056945,True
575,MLP,2022-01-04 21:25:00,161.0,202.6945737671582,True
575,MLP,2022-01-04 21:30:00,154.0,183.24347323528448,True
575,MLP,2022-01-04 21:35:00,146.0,166.8950971180372,True
575,MLP,2022-01-04 21:40:00,140.0,147.3489850021624,True
575,MLP,2022-01-04 21:45:00,137.0,120.33434561100306,True
575,MLP,2022-01-04 21:50:00,131.0,125.71380670953532,True
575,MLP,2022-01-04 21:55:00,125.0,114.2849967947476,True
575,MLP,2022-01-04 22:00:00,122.0,118.49390456317578,True
575,MLP,2022-01-04 22:05:00,115.0,105.59394846141869,True
575,MLP,2022-01-04 22:10:00,106.0,105.84571057914798,True
575,MLP,2022-01-04 22:15:00,98.0,110.63426078228511,True
575,MLP,2022-01-04 22:20:00,92.0,99.8205090931489,True
575,MLP,2022-01-04 22:25:00,88.0,99.89050682965423,True
575,MLP,2022-01-04 22:30:00,86.0,106.58789445316138,True
575,MLP,2022-01-04 22:35:00,84.0,90.2204748009421,True
575,MLP,2022-01-04 22:40:00,81.0,76.22177548482101,True
575,MLP,2022-01-04 22:45:00,77.0,70.32931137423452,True
575,MLP,2022-01-04 22:50:00,75.0,68.17242653504066,True
575,MLP,2022-01-04 22:55:00,74.0,71.41444999187782,True
575,MLP,2022-01-04 23:00:00,72.0,78.35685526490634,True
575,MLP,2022-01-04 23:05:00,69.0,75.59520812013008,True
575,MLP,2022-01-04 23:10:00,63.0,75.63528475361012,True
575,MLP,2022-01-04 23:15:00,57.0,72.55624128824952,True
575,MLP,2022-01-04 23:20:00,52.0,73.08677980261176,True
575,MLP,2022-01-04 23:25:00,50.0,74.41983867554447,True
575,MLP,2022-01-04 23:30:00,51.0,70.97881183102642,True
575,MLP,2022-01-04 23:35:00,55.0,68.02366455805902,True
575,MLP,2022-01-04 23:40:00,59.0,67.08139430774796,True
575,MLP,2022-01-04 23:45:00,62.0,54.878960615208236,True
575,MLP,2022-01-04 23:50:00,68.0,52.12682825661932,True
575,MLP,2022-01-04 23:55:00,73.0,56.81285160172176,True
575,MLP,2022-01-05 00:00:00,77.0,65.48291976417336,True
575,MLP,2022-01-05 00:05:00,76.0,75.27166231423968,True
575,MLP,2022-01-05 00:10:00,76.0,79.23356570705373,True
575,MLP,2022-01-05 00:15:00,77.0,80.97382511419416,True
575,MLP,2022-01-05 00:20:00,76.0,98.35829459741431,True
575,MLP,2022-01-05 00:25:00,77.0,97.65164624274406,True
575,MLP,2022-01-05 00:30:00,78.0,95.97624266313056,True
575,MLP,2022-01-05 00:35:00,77.0,80.70897229017902,True
575,MLP,2022-01-05 00:40:00,75.0,81.97807510719379,True
575,MLP,2022-01-05 00:45:00,75.0,84.051545972809,True
575,MLP,2022-01-05 00:50:00,76.0,79.95569507785284,True
575,MLP,2022-01-05 00:55:00,77.0,86.80306815095673,True
575,MLP,2022-01-05 01:00:00,80.0,87.03977986287207,True
575,MLP,2022-01-05 01:05:00,82.0,85.23782064079226,True
575,MLP,2022-01-05 01:10:00,85.0,82.06003840674335,True
575,MLP,2022-01-05 01:15:00,88.0,84.83967062972106,True
575,MLP,2022-01-05 01:20:00,91.0,83.80298529983328,True
575,MLP,2022-01-05 01:25:00,93.0,83.23696182736627,True
575,MLP,2022-01-05 01:30:00,94.0,91.01412860258209,True
575,MLP,2022-01-05 01:35:00,95.0,89.78500134896392,True
575,MLP,2022-01-05 01:40:00,97.0,96.91615059348622,True
575,MLP,2022-01-05 01:45:00,99.0,99.53749723081859,True
575,MLP,2022-01-05 01:50:00,100.0,101.8607333697697,True
575,MLP,2022-01-05 01:55:00,99.0,99.63556174448719,True
575,MLP,2022-01-05 02:00:00,98.0,98.44595751321395,True
575,MLP,2022-01-05 02:05:00,96.0,99.71774871674269,True
575,MLP,2022-01-05 02:10:00,95.0,104.36605098972787,True
575,MLP,2022-01-05 02:15:00,94.0,106.32435323969973,True
575,MLP,2022-01-05 02:20:00,93.0,103.4411649709717,True
575,MLP,2022-01-05 02:25:00,92.0,100.94440978239672,True
575,MLP,2022-01-05 02:30:00,91.0,99.27816090053521,True
575,MLP,2022-01-05 02:35:00,91.0,95.00229108336107,True
575,MLP,2022-01-05 02:40:00,90.0,93.67923288527118,True
575,MLP,2022-01-05 02:45:00,89.0,90.48973122818383,True
575,MLP,2022-01-05 02:50:00,88.0,90.18248271301759,True
575,MLP,2022-01-05 02:55:00,88.0,88.43630917797508,True
575,MLP,2022-01-05 03:00:00,88.0,87.15507351744272,True
575,MLP,2022-01-05 03:05:00,87.0,88.21979628526708,True
575,MLP,2022-01-05 03:10:00,87.0,86.2411697204599,True
575,MLP,2022-01-05 03:15:00,87.0,84.72816932078281,True
575,MLP,2022-01-05 03:20:00,87.0,83.20678686154893,True
575,MLP,2022-01-05 03:25:00,87.0,83.93202778420361,True
575,MLP,2022-01-05 03:30:00,87.0,83.55645630671539,True
575,MLP,2022-01-05 03:35:00,87.0,81.29148830094165,True
575,MLP,2022-01-05 03:40:00,86.0,83.08629817988924,True
575,MLP,2022-01-05 03:45:00,86.0,83.1388292482546,True
575,MLP,2022-01-05 03:50:00,85.0,82.98193222058667,True
575,MLP,2022-01-05 03:55:00,84.0,83.46984291055519,True
575,MLP,2022-01-05 04:00:00,82.0,83.94414669209395,True
575,MLP,2022-01-05 04:05:00,81.0,84.1098578248428,True
575,MLP,2022-01-05 04:10:00,81.0,81.39222358220688,True
575,MLP,2022-01-05 04:15:00,80.0,82.547229216352,True
575,MLP,2022-01-05 04:20:00,79.0,79.57523289054402,True
575,MLP,2022-01-05 04:25:00,78.0,78.05422325305032,True
575,MLP,2022-01-05 04:30:00,77.0,75.16254813003683,True
575,MLP,2022-01-05 04:35:00,76.0,74.57101390356407,True
575,MLP,2022-01-05 04:40:00,75.0,75.66878549317316,True
575,MLP,2022-01-05 04:45:00,75.0,73.63679597497932,True
575,MLP,2022-01-05 04:50:00,74.0,72.87477143351704,True
575,MLP,2022-01-05 04:55:00,74.0,71.72308617706453,True
575,MLP,2022-01-05 05:00:00,74.0,70.27363659465932,True
575,MLP,2022-01-05 05:05:00,73.0,69.52531378378266,True
575,MLP,2022-01-05 05:10:00,73.0,69.26192659222575,True
575,MLP,2022-01-05 05:15:00,73.0,71.78245498346818,True
575,MLP,2022-01-05 05:20:00,73.0,68.56372258644235,True
575,MLP,2022-01-05 05:25:00,73.0,70.52978429682385,True
575,MLP,2022-01-05 05:30:00,73.0,70.58036570990733,True
575,MLP,2022-01-05 05:35:00,73.0,70.21208142829458,True
575,MLP,2022-01-05 05:40:00,72.0,71.47720147519662,True
575,MLP,2022-01-05 05:45:00,72.0,71.06389197052884,True
575,MLP,2022-01-05 05:50:00,71.0,71.09378657275342,True
575,MLP,2022-01-05 05:55:00,71.0,71.33102755839518,True
575,MLP,2022-01-05 06:00:00,71.0,72.2368617579575,True
575,MLP,2022-01-05 06:05:00,71.0,72.37335672254538,True
575,MLP,2022-01-05 06:10:00,71.0,71.92345571961405,True
575,MLP,2022-01-05 06:15:00,72.0,73.03722557969121,True
575,MLP,2022-01-05 06:20:00,73.0,71.0212668048565,True
575,MLP,2022-01-05 06:25:00,74.0,72.32883722706303,True
575,MLP,2022-01-05 06:30:00,74.0,71.54562037368704,True
575,MLP,2022-01-05 06:35:00,75.0,72.21334791130037,True
575,MLP,2022-01-05 06:40:00,77.0,72.8428768165578,True
575,MLP,2022-01-05 06:45:00,78.0,77.8232183266499,True
575,MLP,2022-01-05 06:50:00,80.0,78.63359696569107,True
575,MLP,2022-01-05 06:55:00,83.0,80.18810217545759,True
575,MLP,2022-01-05 07:00:00,86.0,78.90368248748517,True
575,MLP,2022-01-05 07:05:00,89.0,82.47224920090325,True
575,MLP,2022-01-05 07:10:00,79.0,87.39652734584057,True
575,MLP,2022-01-05 07:15:00,81.0,85.48386541594125,True
575,MLP,2022-01-05 07:20:00,84.0,91.67532742219598,True
575,MLP,2022-01-05 07:25:00,89.0,98.73416196740473,True
575,MLP,2022-01-05 07:30:00,98.0,101.06772400036841,True
575,MLP,2022-01-05 07:35:00,114.0,104.2544596861509,True
575,MLP,2022-01-05 07:40:00,130.0,87.45950339810715,True
575,MLP,2022-01-05 07:45:00,142.0,102.01492175349442,True
575,MLP,2022-01-05 07:50:00,152.0,98.51507174430101,True
575,MLP,2022-01-05 07:55:00,163.0,108.36197263691375,True
575,MLP,2022-01-05 08:00:00,174.0,159.21186820616464,True
575,MLP,2022-01-05 08:05:00,184.0,170.9942963835939,True
575,MLP,2022-01-05 08:10:00,194.0,188.68229448643908,True
575,MLP,2022-01-05 08:15:00,201.0,181.7565193929362,True
575,MLP,2022-01-05 08:20:00,205.0,179.3266312731363,True
575,MLP,2022-01-05 08:25:00,208.0,185.7072965389645,True
575,MLP,2022-01-05 08:30:00,208.0,198.66397520300498,True
575,MLP,2022-01-05 08:35:00,209.0,208.88229714955315,True
575,MLP,2022-01-05 08:40:00,208.0,210.74942353700658,True
575,MLP,2022-01-05 08:45:00,205.0,208.71138942169463,True
575,MLP,2022-01-05 08:50:00,201.0,200.36752559399957,True
575,MLP,2022-01-05 08:55:00,196.0,198.60380354546257,True
575,MLP,2022-01-05 09:00:00,193.0,194.90671057474242,True
575,MLP,2022-01-05 09:05:00,191.0,200.89389184068918,True
575,MLP,2022-01-05 09:10:00,187.0,193.70789635963456,True
575,MLP,2022-01-05 09:15:00,183.0,185.14128559350934,True
575,MLP,2022-01-05 09:20:00,179.0,174.25574251615205,True
575,MLP,2022-01-05 09:25:00,175.0,164.95856794113246,True
575,MLP,2022-01-05 09:30:00,171.0,171.41508203329704,True
575,MLP,2022-01-05 09:35:00,164.0,171.8674813404893,True
575,MLP,2022-01-05 09:40:00,159.0,163.98438940421488,True
575,MLP,2022-01-05 09:45:00,153.0,162.42620189961963,True
575,MLP,2022-01-05 09:50:00,147.0,158.57042528960895,True
575,MLP,2022-01-05 09:55:00,142.0,154.89762129801187,True
575,MLP,2022-01-05 10:00:00,137.0,151.01837984246845,True
575,MLP,2022-01-05 10:05:00,133.0,137.40795180785472,True
575,MLP,2022-01-05 10:10:00,128.0,131.84010637422088,True
575,MLP,2022-01-05 10:15:00,124.0,120.16158692938352,True
575,MLP,2022-01-05 10:20:00,119.0,115.93888552839857,True
575,MLP,2022-01-05 10:25:00,116.0,112.904756266396,True
575,MLP,2022-01-05 10:30:00,112.0,108.86712378698773,True
575,MLP,2022-01-05 10:35:00,109.0,108.93848497127229,True
575,MLP,2022-01-05 10:40:00,106.0,99.69357465209342,True
575,MLP,2022-01-05 10:45:00,102.0,100.37614819573167,True
575,MLP,2022-01-05 10:50:00,98.0,92.50337497328657,True
575,MLP,2022-01-05 10:55:00,95.0,97.93150388358718,True
575,MLP,2022-01-05 11:00:00,93.0,90.7695634915084,True
575,MLP,2022-01-05 11:05:00,90.0,93.77962898370309,True
575,MLP,2022-01-05 11:10:00,88.0,90.37931228606449,True
575,MLP,2022-01-05 11:15:00,85.0,86.30463547979342,True
575,MLP,2022-01-05 11:20:00,83.0,83.39291031586235,True
575,MLP,2022-01-05 11:25:00,80.0,85.75060503283741,True
575,MLP,2022-01-05 11:30:00,78.0,86.48017178954869,True
575,MLP,2022-01-05 11:35:00,76.0,82.59003564773847,True
575,MLP,2022-01-05 11:40:00,74.0,85.1211653093868,True
575,MLP,2022-01-05 11:45:00,72.0,81.50339212553864,True
575,MLP,2022-01-05 11:50:00,70.0,83.74232900922614,True
575,MLP,2022-01-05 11:55:00,68.0,80.32875734352588,True
575,MLP,2022-01-05 12:00:00,66.0,82.518437824689,True
575,MLP,2022-01-05 12:05:00,63.0,80.3894981112097,True
575,MLP,2022-01-05 12:10:00,62.0,79.96391963498009,True
575,MLP,2022-01-05 12:15:00,61.0,79.47478322302861,True
575,MLP,2022-01-05 12:20:00,59.0,79.55121853129872,True
575,MLP,2022-01-05 12:25:00,58.0,78.74751343145799,True
575,MLP,2022-01-05 12:30:00,58.0,78.34822595567057,True
575,MLP,2022-01-05 12:35:00,59.0,75.66788208181914,True
575,MLP,2022-01-05 12:40:00,62.0,80.91414558532342,True
575,MLP,2022-01-05 12:45:00,71.0,77.59893212067257,True
575,MLP,2022-01-05 12:50:00,79.0,75.35177006543039,True
575,MLP,2022-01-05 12:55:00,92.0,77.79904945151752,True
575,MLP,2022-01-05 13:00:00,104.0,79.86739662986938,True
575,MLP,2022-01-05 13:05:00,118.0,82.84676698814785,True
575,MLP,2022-01-05 13:10:00,134.0,91.52124256140459,True
575,MLP,2022-01-05 13:15:00,146.0,120.13122355305511,True
575,MLP,2022-01-05 13:20:00,156.0,118.43208928534999,True
575,MLP,2022-01-05 13:25:00,172.0,145.28523234243343,True
575,MLP,2022-01-05 13:30:00,188.0,150.10444783567027,True
575,MLP,2022-01-05 13:35:00,204.0,170.64619506238915,True
575,MLP,2022-01-05 13:40:00,217.0,191.18081962840554,True
575,MLP,2022-01-05 13:45:00,228.0,185.4127297826552,True
575,MLP,2022-01-05 13:50:00,238.0,187.59157275792384,True
575,MLP,2022-01-05 13:55:00,245.0,218.6770578129358,True
575,MLP,2022-01-05 14:00:00,251.0,237.57187565087625,True
575,MLP,2022-01-05 14:05:00,254.0,260.00703071597934,True
575,MLP,2022-01-05 14:10:00,254.0,257.6058985569593,True
575,MLP,2022-01-05 14:15:00,251.0,263.6752382161623,True
575,MLP,2022-01-05 14:20:00,247.0,266.18557260013637,True
575,MLP,2022-01-05 14:25:00,243.0,254.45500633743902,True
575,MLP,2022-01-05 14:30:00,234.0,250.83741568487233,True
575,MLP,2022-01-05 14:35:00,225.0,244.64546683698407,True
575,MLP,2022-01-05 14:40:00,217.0,244.0162255934419,True
575,MLP,2022-01-05 14:45:00,208.0,227.49563408037346,True
575,MLP,2022-01-05 14:50:00,199.0,220.93555990824277,True
575,MLP,2022-01-05 14:55:00,190.0,217.66091086366902,True
575,MLP,2022-01-05 15:00:00,180.0,198.57350244601855,True
575,MLP,2022-01-05 15:05:00,170.0,191.55316877797011,True
575,MLP,2022-01-05 15:10:00,162.0,182.6454744127338,True
575,MLP,2022-01-05 15:15:00,152.0,175.32156419503963,True
575,MLP,2022-01-05 15:20:00,143.0,171.47221939486195,True
575,MLP,2022-01-05 15:25:00,135.0,163.09384753435967,True
575,MLP,2022-01-05 15:30:00,127.0,149.2409781568707,True
575,MLP,2022-01-05 15:35:00,119.0,140.58047080873354,True
575,MLP,2022-01-05 15:40:00,110.0,139.00440262530466,True
575,MLP,2022-01-05 15:45:00,101.0,120.72848546341623,True
575,MLP,2022-01-05 15:50:00,93.0,112.68484424141322,True
575,MLP,2022-01-05 15:55:00,86.0,108.62980392702808,True
575,MLP,2022-01-05 16:00:00,79.0,99.63921838574477,True
575,MLP,2022-01-05 16:05:00,72.0,90.03988867207559,True
575,MLP,2022-01-05 16:10:00,66.0,79.33422307392067,True
575,MLP,2022-01-05 16:15:00,61.0,73.31004731270677,True
575,MLP,2022-01-05 16:20:00,56.0,68.96585822884181,True
575,MLP,2022-01-05 16:25:00,52.0,67.7278939192756,True
575,MLP,2022-01-05 16:30:00,49.0,63.577908119536744,True
575,MLP,2022-01-05 16:35:00,46.0,60.12502439122992,True
575,MLP,2022-01-05 16:40:00,46.0,59.65645051708661,True
575,MLP,2022-01-05 16:45:00,48.0,73.69920360954653,True
575,MLP,2022-01-05 16:50:00,53.0,56.75875337191586,True
575,MLP,2022-01-05 16:55:00,57.0,57.888659691753745,True
575,MLP,2022-01-05 17:00:00,59.0,59.206794981499726,True
575,MLP,2022-01-05 17:05:00,64.0,58.78848982937441,True
575,MLP,2022-01-05 17:10:00,68.0,66.3007559030737,True
575,MLP,2022-01-05 17:15:00,72.0,70.85912599217596,True
575,MLP,2022-01-05 17:20:00,75.0,85.83646979468098,True
575,MLP,2022-01-05 17:25:00,78.0,84.49304875791289,True
575,MLP,2022-01-05 17:30:00,81.0,81.47868678949506,True
575,MLP,2022-01-05 17:35:00,86.0,96.79947854111641,True
575,MLP,2022-01-05 17:40:00,91.0,93.85574635446554,True
575,MLP,2022-01-05 17:45:00,96.0,97.40247018013791,True
575,MLP,2022-01-05 17:50:00,101.0,97.5404058656312,True
575,MLP,2022-01-05 17:55:00,105.0,101.78489178180068,True
575,MLP,2022-01-05 18:00:00,107.0,103.12388385244921,True
575,MLP,2022-01-05 18:05:00,109.0,113.23065020891839,True
575,MLP,2022-01-05 18:10:00,112.0,116.33708336469049,True
575,MLP,2022-01-05 18:15:00,114.0,121.60487301510169,True
575,MLP,2022-01-05 18:20:00,114.0,126.89452501898968,True
575,MLP,2022-01-05 18:25:00,115.0,126.13962624201498,True
575,MLP,2022-01-05 18:30:00,116.0,122.58954545268368,True
575,MLP,2022-01-05 18:35:00,117.0,125.8864607404559,True
575,MLP,2022-01-05 18:40:00,117.0,131.270728309721,True
575,MLP,2022-01-05 18:45:00,117.0,127.95596947877904,True
575,MLP,2022-01-05 18:50:00,117.0,122.3134255657772,True
575,MLP,2022-01-05 18:55:00,118.0,127.37904305259137,True
575,MLP,2022-01-05 19:00:00,118.0,127.7220622008556,True
575,MLP,2022-01-05 19:05:00,118.0,128.54159032505734,True
575,MLP,2022-01-05 19:10:00,118.0,126.1577343136745,True
575,MLP,2022-01-05 19:15:00,128.0,127.51593729639372,True
575,MLP,2022-01-05 19:20:00,136.0,126.53133632262725,True
575,MLP,2022-01-05 19:25:00,145.0,132.86883716544082,True
575,MLP,2022-01-05 19:30:00,154.0,124.76865861047666,True
575,MLP,2022-01-05 19:35:00,161.0,125.67250851073094,True
575,MLP,2022-01-05 19:40:00,168.0,124.92042097941872,True
575,MLP,2022-01-05 19:45:00,175.0,152.60958805830336,True
575,MLP,2022-01-05 19:50:00,181.0,161.18228618433326,True
575,MLP,2022-01-05 19:55:00,188.0,186.14417607163824,True
575,MLP,2022-01-05 20:00:00,195.0,192.74956867815845,True
575,MLP,2022-01-05 20:05:00,200.0,195.21274443532417,True
575,MLP,2022-01-05 20:10:00,204.0,199.75765428626343,True
575,MLP,2022-01-05 20:15:00,206.0,190.05652470234637,True
575,MLP,2022-01-05 20:20:00,206.0,189.76041658509848,True
575,MLP,2022-01-05 20:25:00,207.0,198.1535850241873,True
575,MLP,2022-01-05 20:30:00,205.0,208.09448926921124,True
575,MLP,2022-01-05 20:35:00,203.0,207.09873565150428,True
575,MLP,2022-01-05 20:40:00,201.0,212.07016090362336,True
575,MLP,2022-01-05 20:45:00,199.0,212.13358075949807,True
575,MLP,2022-01-05 20:50:00,195.0,204.88053066295257,True
575,MLP,2022-01-05 20:55:00,193.0,208.52525724744746,True
575,MLP,2022-01-05 21:00:00,196.0,194.20894509930122,True
575,MLP,2022-01-05 21:05:00,199.0,193.1056281681341,True
575,MLP,2022-01-05 21:10:00,201.0,189.65166440249726,True
575,MLP,2022-01-05 21:15:00,202.0,187.00323461981765,True
575,MLP,2022-01-05 21:20:00,200.0,174.63209752924755,True
575,MLP,2022-01-05 21:25:00,196.0,184.19825140514007,True
575,MLP,2022-01-05 21:30:00,193.0,198.31330609836908,True
575,MLP,2022-01-05 21:35:00,191.0,201.6251169867739,True
575,MLP,2022-01-05 21:40:00,188.0,203.53126036741486,True
575,MLP,2022-01-05 21:45:00,188.0,203.42491110684142,True
575,MLP,2022-01-05 21:50:00,191.0,193.3415986435048,True
575,MLP,2022-01-05 21:55:00,192.0,184.7679332596564,True
575,MLP,2022-01-05 22:00:00,193.0,182.7013208506424,True
575,MLP,2022-01-05 22:05:00,192.0,180.5054965647767,True
575,MLP,2022-01-05 22:10:00,188.0,173.87037081348427,True
575,MLP,2022-01-05 22:15:00,184.0,179.03357170163198,True
575,MLP,2022-01-05 22:20:00,177.0,184.81149179394296,True
575,MLP,2022-01-05 22:25:00,168.0,188.1000027151782,True
575,MLP,2022-01-05 22:30:00,161.0,192.3562605363729,True
575,MLP,2022-01-05 22:35:00,158.0,184.94111092687993,True
575,MLP,2022-01-05 22:40:00,158.0,174.79414185678644,True
575,MLP,2022-01-05 22:45:00,163.0,169.7214650061518,True
575,MLP,2022-01-05 22:50:00,172.0,156.54877896234842,True
575,MLP,2022-01-05 22:55:00,178.0,144.68549610624905,True
575,MLP,2022-01-05 23:00:00,185.0,142.83516862975893,True
575,MLP,2022-01-05 23:05:00,190.0,147.97732822942243,True
575,MLP,2022-01-05 23:10:00,194.0,154.07364480173607,True
575,MLP,2022-01-05 23:15:00,198.0,164.2819048963171,True
575,MLP,2022-01-05 23:20:00,204.0,179.9261538934039,True
575,MLP,2022-01-05 23:25:00,209.0,182.21144450338159,True
575,MLP,2022-01-05 23:30:00,213.0,196.0460195084043,True
575,MLP,2022-01-05 23:35:00,216.0,194.48964004517939,True
575,MLP,2022-01-05 23:40:00,219.0,198.91681067392867,True
575,MLP,2022-01-05 23:45:00,220.0,208.19496609138096,True
575,MLP,2022-01-05 23:50:00,220.0,215.2855769249697,True
575,MLP,2022-01-05 23:55:00,219.0,216.77463666553507,True
575,MLP,2022-01-06 00:00:00,218.0,220.91768090177663,True
575,MLP,2022-01-06 00:05:00,216.0,223.94613821624006,True
575,MLP,2022-01-06 00:10:00,214.0,230.2502017684452,True
575,MLP,2022-01-06 00:15:00,211.0,227.30046267704472,True
575,MLP,2022-01-06 00:20:00,210.0,226.43150528618182,True
575,MLP,2022-01-06 00:25:00,209.0,221.54051743818366,True
575,MLP,2022-01-06 00:30:00,208.0,220.82766253194262,True
575,MLP,2022-01-06 00:35:00,208.0,214.59841299916874,True
575,MLP,2022-01-06 00:40:00,206.0,211.55930932663148,True
575,MLP,2022-01-06 00:45:00,205.0,204.1995095087322,True
575,MLP,2022-01-06 00:50:00,204.0,206.8851315857906,True
575,MLP,2022-01-06 00:55:00,202.0,205.03362318016227,True
575,MLP,2022-01-06 01:00:00,199.0,202.987152178051,True
575,MLP,2022-01-06 01:05:00,198.0,203.44383220537793,True
575,MLP,2022-01-06 01:10:00,197.0,197.87355886703173,True
575,MLP,2022-01-06 01:15:00,196.0,198.28809216675853,True
575,MLP,2022-01-06 01:20:00,195.0,197.59200188113383,True
575,MLP,2022-01-06 01:25:00,194.0,193.92205862571743,True
575,MLP,2022-01-06 01:30:00,192.0,189.04858442034862,True
575,MLP,2022-01-06 01:35:00,191.0,190.00440365407798,True
575,MLP,2022-01-06 01:40:00,189.0,190.0576522037718,True
575,MLP,2022-01-06 01:45:00,186.0,189.14107504571092,True
575,MLP,2022-01-06 01:50:00,184.0,188.7701858292185,True
575,MLP,2022-01-06 01:55:00,182.0,188.8786963284823,True
575,MLP,2022-01-06 02:00:00,181.0,184.7703234316341,True
575,MLP,2022-01-06 02:05:00,180.0,184.9886060358946,True
575,MLP,2022-01-06 02:10:00,179.0,182.33689495087316,True
575,MLP,2022-01-06 02:15:00,179.0,177.82887700827325,True
575,MLP,2022-01-06 02:20:00,178.0,176.02578271570195,True
575,MLP,2022-01-06 02:25:00,178.0,175.39470252495485,True
575,MLP,2022-01-06 02:30:00,178.0,174.91545381710347,True
575,MLP,2022-01-06 02:35:00,179.0,174.34523766055128,True
575,MLP,2022-01-06 02:40:00,180.0,173.19647736686173,True
575,MLP,2022-01-06 02:45:00,181.0,173.8888825135308,True
575,MLP,2022-01-06 02:50:00,183.0,173.0526955455913,True
575,MLP,2022-01-06 02:55:00,184.0,173.53538710829235,True
575,MLP,2022-01-06 03:00:00,184.0,174.20256615603833,True
575,MLP,2022-01-06 03:05:00,184.0,177.1531188462992,True
575,MLP,2022-01-06 03:10:00,184.0,177.93264484804575,True
575,MLP,2022-01-06 03:15:00,183.0,179.50275856057132,True
575,MLP,2022-01-06 03:20:00,182.0,183.29105331403315,True
575,MLP,2022-01-06 03:25:00,182.0,183.60980097594455,True
575,MLP,2022-01-06 03:30:00,182.0,182.6461609263928,True
575,MLP,2022-01-06 03:35:00,182.0,182.87456569596142,True
575,MLP,2022-01-06 03:40:00,181.0,183.2198899264174,True
575,MLP,2022-01-06 03:45:00,181.0,182.03004041065552,True
575,MLP,2022-01-06 03:50:00,181.0,179.96649136938169,True
575,MLP,2022-01-06 03:55:00,181.0,179.91565548382252,True
575,MLP,2022-01-06 04:00:00,181.0,180.1261858966044,True
575,MLP,2022-01-06 04:05:00,181.0,180.42990019688477,True
575,MLP,2022-01-06 04:10:00,182.0,178.1494026148872,True
575,MLP,2022-01-06 04:15:00,182.0,178.50891267217136,True
575,MLP,2022-01-06 04:20:00,183.0,178.6534434295072,True
575,MLP,2022-01-06 04:25:00,184.0,178.6956295155323,True
575,MLP,2022-01-06 04:30:00,185.0,178.27086118173432,True
575,MLP,2022-01-06 04:35:00,186.0,178.94795653829925,True
575,MLP,2022-01-06 04:40:00,187.0,180.2215612362829,True
575,MLP,2022-01-06 04:45:00,187.0,179.19300748275114,True
575,MLP,2022-01-06 04:50:00,187.0,181.0144372994591,True
575,MLP,2022-01-06 04:55:00,188.0,182.69337683507285,True
575,MLP,2022-01-06 05:00:00,188.0,184.09706044793126,True
575,MLP,2022-01-06 05:05:00,188.0,184.67927671823276,True
575,MLP,2022-01-06 05:10:00,187.0,185.81070709773513,True
575,MLP,2022-01-06 05:15:00,187.0,185.21208309090474,True
575,MLP,2022-01-06 05:20:00,186.0,185.49667967371164,True
575,MLP,2022-01-06 05:25:00,186.0,187.48411323529047,True
575,MLP,2022-01-06 05:30:00,184.0,187.43398631010004,True
575,MLP,2022-01-06 05:35:00,184.0,188.04371127715314,True
575,MLP,2022-01-06 05:40:00,185.0,185.17048571927867,True
575,MLP,2022-01-06 05:45:00,188.0,185.84742215780255,True
575,MLP,2022-01-06 05:50:00,189.0,183.96033414689316,True
575,MLP,2022-01-06 05:55:00,190.0,185.41713280791316,True
575,MLP,2022-01-06 06:00:00,190.0,179.82057194871635,True
575,MLP,2022-01-06 06:05:00,191.0,182.33623370462456,True
575,MLP,2022-01-06 06:10:00,193.0,184.2041373981278,True
575,MLP,2022-01-06 06:15:00,194.0,189.68464690382928,True
575,MLP,2022-01-06 06:20:00,195.0,187.22116600186558,True
575,MLP,2022-01-06 06:25:00,197.0,190.09226526854658,True
575,MLP,2022-01-06 06:30:00,199.0,187.31788783159982,True
575,MLP,2022-01-06 06:35:00,200.0,190.56904543305006,True
575,MLP,2022-01-06 06:40:00,202.0,195.54453053610746,True
575,MLP,2022-01-06 06:45:00,202.0,196.28147161321186,True
575,MLP,2022-01-06 06:50:00,203.0,197.4822763551054,True
575,MLP,2022-01-06 06:55:00,204.0,200.96842830432706,True
575,MLP,2022-01-06 07:00:00,204.0,202.0072610183998,True
575,MLP,2022-01-06 07:05:00,204.0,201.92261606865046,True
575,MLP,2022-01-06 07:10:00,204.0,206.22124257755632,True
575,MLP,2022-01-06 07:15:00,204.0,202.00056660406796,True
575,MLP,2022-01-06 07:20:00,204.0,205.8198601385965,True
575,MLP,2022-01-06 07:25:00,204.0,207.15291205277475,True
575,MLP,2022-01-06 07:30:00,204.0,205.40366844620834,True
575,MLP,2022-01-06 07:40:00,270.0,206.82284303106934,True
575,MLP,2022-01-06 07:45:00,272.0,206.67255841976908,True
575,MLP,2022-01-06 07:50:00,267.0,207.475097315363,True
575,MLP,2022-01-06 07:55:00,265.0,220.00722876427028,True
575,MLP,2022-01-06 08:00:00,267.0,223.25682131379608,True
575,MLP,2022-01-06 08:05:00,268.0,205.96860237297753,False
575,MLP,2022-01-06 08:10:00,268.0,227.08618122814056,True
575,MLP,2022-01-06 08:15:00,267.0,231.9481830336743,True
575,MLP,2022-01-06 08:20:00,266.0,215.8559914438768,True
575,MLP,2022-01-06 08:25:00,274.0,227.97191449882573,True
575,MLP,2022-01-06 08:30:00,273.0,265.1117596766117,True
575,MLP,2022-01-06 08:35:00,269.0,258.8036685400347,True
575,MLP,2022-01-06 08:40:00,261.0,262.6957144124717,True
575,MLP,2022-01-06 08:45:00,256.0,259.7368007296503,True
575,MLP,2022-01-06 08:50:00,249.0,252.6032620021338,True
575,MLP,2022-01-06 08:55:00,244.0,279.50656478023586,True
575,MLP,2022-01-06 09:00:00,242.0,259.24931649290556,True
575,MLP,2022-01-06 09:05:00,239.0,250.83305935693502,True
575,MLP,2022-01-06 09:10:00,235.0,232.98186936124117,True
575,MLP,2022-01-06 09:15:00,230.0,229.95393123457322,True
575,MLP,2022-01-06 09:20:00,223.0,214.4242448717824,True
575,MLP,2022-01-06 09:25:00,216.0,218.74070286836917,True
575,MLP,2022-01-06 09:30:00,209.0,216.1806292090438,True
575,MLP,2022-01-06 09:35:00,203.0,212.75322913635173,True
575,MLP,2022-01-06 09:40:00,193.0,209.19106596379615,True
575,MLP,2022-01-06 09:45:00,182.0,202.32598428858518,True
575,MLP,2022-01-06 09:50:00,171.0,186.80016794482088,True
575,MLP,2022-01-06 09:55:00,162.0,178.8577216250302,True
575,MLP,2022-01-06 10:00:00,155.0,170.0647255059773,True
575,MLP,2022-01-06 10:05:00,150.0,167.4897182253556,True
575,MLP,2022-01-06 10:10:00,146.0,147.30908861116598,True
575,MLP,2022-01-06 10:15:00,143.0,135.95302456225932,True
575,MLP,2022-01-06 10:20:00,139.0,124.68406801752765,True
575,MLP,2022-01-06 10:25:00,135.0,121.86906992379319,True
575,MLP,2022-01-06 10:30:00,130.0,121.4686235054481,True
575,MLP,2022-01-06 10:35:00,125.0,121.24480788533093,True
575,MLP,2022-01-06 10:40:00,121.0,118.94259134179981,True
575,MLP,2022-01-06 10:45:00,116.0,119.6693911096098,True
575,MLP,2022-01-06 10:50:00,109.0,110.08615730889476,True
575,MLP,2022-01-06 10:55:00,105.0,107.76375191566923,True
575,MLP,2022-01-06 11:00:00,100.0,99.05365238237985,True
575,MLP,2022-01-06 11:05:00,95.0,97.57388488693051,True
575,MLP,2022-01-06 11:10:00,90.0,97.1230590883084,True
575,MLP,2022-01-06 11:15:00,86.0,90.30300546595156,True
575,MLP,2022-01-06 11:20:00,81.0,84.33289149227738,True
575,MLP,2022-01-06 11:25:00,77.0,89.35427186430614,True
575,MLP,2022-01-06 11:30:00,72.0,80.04818189903436,True
575,MLP,2022-01-06 11:35:00,67.0,79.89243564100447,True
575,MLP,2022-01-06 11:40:00,61.0,77.98392671210925,True
575,MLP,2022-01-06 11:45:00,58.0,79.93514738280251,True
575,MLP,2022-01-06 11:50:00,54.0,74.13032050014385,True
575,MLP,2022-01-06 11:55:00,51.0,76.16044943645554,True
575,MLP,2022-01-06 12:00:00,49.0,71.60652097402962,True
575,MLP,2022-01-06 12:05:00,48.0,70.13894194712312,True
575,MLP,2022-01-06 12:10:00,48.0,67.40520388515505,True
575,MLP,2022-01-06 12:15:00,48.0,73.44388470437549,True
575,MLP,2022-01-06 12:20:00,50.0,66.34693934896357,True
575,MLP,2022-01-06 12:25:00,57.0,68.4965542267868,True
575,MLP,2022-01-06 12:30:00,65.0,69.5717000607593,True
575,MLP,2022-01-06 12:35:00,69.0,72.0249342192394,True
575,MLP,2022-01-06 12:40:00,75.0,75.2715911437444,True
575,MLP,2022-01-06 12:45:00,80.0,76.44778375825086,True
575,MLP,2022-01-06 12:50:00,91.0,82.1597980354979,True
575,MLP,2022-01-06 12:55:00,106.0,105.15641270959684,True
575,MLP,2022-01-06 13:00:00,117.0,112.09226263700967,True
575,MLP,2022-01-06 13:05:00,127.0,106.59546089502894,True
575,MLP,2022-01-06 13:10:00,134.0,115.89441775526362,True
575,MLP,2022-01-06 13:15:00,139.0,113.14319012720856,True
575,MLP,2022-01-06 13:20:00,146.0,139.05904816258266,True
575,MLP,2022-01-06 13:25:00,153.0,152.2692675113636,True
575,MLP,2022-01-06 13:30:00,153.0,152.5646780863923,True
575,MLP,2022-01-06 13:35:00,150.0,155.31346957368729,True
575,MLP,2022-01-06 13:40:00,145.0,151.7621708676052,True
575,MLP,2022-01-06 13:45:00,139.0,152.6528958589006,True
575,MLP,2022-01-06 13:50:00,132.0,171.46334927066135,True
575,MLP,2022-01-06 13:55:00,126.0,177.04920984410737,True
575,MLP,2022-01-06 14:00:00,121.0,152.13331410892837,True
575,MLP,2022-01-06 14:05:00,118.0,139.1427367235366,True
575,MLP,2022-01-06 14:10:00,116.0,128.24228380168998,True
575,MLP,2022-01-06 14:15:00,117.0,120.32373745454517,True
575,MLP,2022-01-06 14:20:00,116.0,110.63364027006479,True
575,MLP,2022-01-06 14:25:00,115.0,108.64664846951963,True
575,MLP,2022-01-06 14:30:00,116.0,107.16000537230018,True
575,MLP,2022-01-06 14:35:00,118.0,108.0681029573275,True
575,MLP,2022-01-06 14:40:00,121.0,107.95979280094723,True
575,MLP,2022-01-06 14:45:00,125.0,113.9509159028188,True
575,MLP,2022-01-06 14:50:00,129.0,108.33640193499232,True
575,MLP,2022-01-06 14:55:00,134.0,106.60031309958289,True
575,MLP,2022-01-06 15:00:00,138.0,114.78409252375457,True
575,MLP,2022-01-06 15:05:00,138.0,118.70124925485459,True
575,MLP,2022-01-06 15:10:00,138.0,126.27998444214329,True
575,MLP,2022-01-06 15:15:00,136.0,134.71801011454966,True
575,MLP,2022-01-06 15:20:00,136.0,139.91231204087032,True
575,MLP,2022-01-06 15:25:00,136.0,149.4665303592366,True
575,MLP,2022-01-06 15:30:00,135.0,150.2435660431421,True
575,MLP,2022-01-06 15:35:00,135.0,141.31835881682107,True
575,MLP,2022-01-06 15:40:00,134.0,141.71093250365044,True
575,MLP,2022-01-06 15:45:00,133.0,136.06168798397508,True
575,MLP,2022-01-06 15:50:00,133.0,140.66990132997861,True
575,MLP,2022-01-06 15:55:00,132.0,137.8687737047934,True
575,MLP,2022-01-06 16:00:00,132.0,133.20740887367774,True
575,MLP,2022-01-06 16:05:00,132.0,137.05970993237375,True
575,MLP,2022-01-06 16:10:00,133.0,130.90571817880726,True
575,MLP,2022-01-06 16:15:00,133.0,128.70337085709585,True
575,MLP,2022-01-06 16:20:00,131.0,131.0251162098386,True
575,MLP,2022-01-06 16:25:00,132.0,125.90221631846136,True
575,MLP,2022-01-06 16:30:00,133.0,128.95443261000338,True
575,MLP,2022-01-06 16:35:00,134.0,127.23631902408363,True
575,MLP,2022-01-06 16:40:00,134.0,131.40530407541164,True
575,MLP,2022-01-06 16:45:00,134.0,128.56631437652104,True
575,MLP,2022-01-06 16:50:00,135.0,125.16200093701875,True
575,MLP,2022-01-06 16:55:00,134.0,134.13440667320273,True
575,MLP,2022-01-06 17:00:00,135.0,131.48825550647902,True
575,MLP,2022-01-06 17:05:00,137.0,133.21563890185305,True
575,MLP,2022-01-06 17:10:00,137.0,132.08786837014145,True
575,MLP,2022-01-06 17:15:00,138.0,132.89374451643903,True
575,MLP,2022-01-06 17:20:00,139.0,136.92054770582803,True
575,MLP,2022-01-06 17:25:00,140.0,131.51152280436884,True
575,MLP,2022-01-06 17:30:00,140.0,139.3259062672053,True
575,MLP,2022-01-06 17:35:00,140.0,142.70689292019307,True
575,MLP,2022-01-06 17:40:00,139.0,137.45399467544107,True
575,MLP,2022-01-06 17:45:00,139.0,142.16977146291634,True
575,MLP,2022-01-06 17:50:00,140.0,142.1319075122079,True
575,MLP,2022-01-06 17:55:00,140.0,145.13509989042444,True
575,MLP,2022-01-06 18:00:00,140.0,142.67095588173387,True
575,MLP,2022-01-06 18:05:00,140.0,143.13080708857947,True
575,MLP,2022-01-06 18:10:00,140.0,139.16126784695203,True
575,MLP,2022-01-06 18:15:00,140.0,143.38211655173455,True
575,MLP,2022-01-06 18:20:00,140.0,145.43516560307296,True
575,MLP,2022-01-06 18:25:00,141.0,141.62654782054688,True
575,MLP,2022-01-06 18:30:00,142.0,143.46295360706088,True
575,MLP,2022-01-06 18:35:00,143.0,142.97301497665615,True
575,MLP,2022-01-06 18:40:00,144.0,143.1918645766251,True
575,MLP,2022-01-06 18:45:00,145.0,143.9921127248844,True
575,MLP,2022-01-06 18:50:00,144.0,144.02208174092618,True
575,MLP,2022-01-06 18:55:00,144.0,147.8700948349855,True
575,MLP,2022-01-06 19:00:00,146.0,147.87987644832324,True
575,MLP,2022-01-06 19:05:00,146.0,149.28439129244614,True
575,MLP,2022-01-06 19:10:00,146.0,150.49989678053947,True
575,MLP,2022-01-06 19:15:00,146.0,152.2340928170062,True
575,MLP,2022-01-06 19:20:00,145.0,145.74437061447003,True
575,MLP,2022-01-06 19:25:00,143.0,149.06905151166205,True
575,MLP,2022-01-06 19:30:00,142.0,156.4040323040668,True
575,MLP,2022-01-06 19:35:00,133.0,149.30296657498724,True
575,MLP,2022-01-06 19:40:00,134.0,150.2533531901313,True
575,MLP,2022-01-06 19:45:00,132.0,148.93352315633263,True
575,MLP,2022-01-06 19:50:00,131.0,144.82236892239274,True
575,MLP,2022-01-06 19:55:00,132.0,141.5258679190159,True
575,MLP,2022-01-06 20:00:00,131.0,143.72751344925211,True
575,MLP,2022-01-06 20:05:00,130.0,126.3638691149963,True
575,MLP,2022-01-06 20:10:00,128.0,136.52193363129857,True
575,MLP,2022-01-06 20:15:00,127.0,127.18044342320086,True
575,MLP,2022-01-06 20:20:00,124.0,129.17574940977687,True
575,MLP,2022-01-06 20:25:00,124.0,137.80359271684011,True
575,MLP,2022-01-06 20:30:00,123.0,129.51369249026283,True
575,MLP,2022-01-06 20:35:00,125.0,132.08280526222794,True
575,MLP,2022-01-06 20:40:00,127.0,126.54278269291761,True
575,MLP,2022-01-06 20:45:00,129.0,127.113767262623,True
575,MLP,2022-01-06 20:50:00,130.0,140.33407577912743,True
575,MLP,2022-01-06 20:55:00,133.0,143.456875926667,True
575,MLP,2022-01-06 21:00:00,139.0,136.0230926555933,True
575,MLP,2022-01-06 21:05:00,141.0,144.00224051392283,True
575,MLP,2022-01-06 21:10:00,142.0,137.60094086564132,True
575,MLP,2022-01-06 21:15:00,142.0,134.55333171244024,True
575,MLP,2022-01-06 21:20:00,143.0,127.27236891283135,True
575,MLP,2022-01-06 21:25:00,142.0,141.03206749417433,True
575,MLP,2022-01-06 21:30:00,142.0,156.76830440316525,True
575,MLP,2022-01-06 21:35:00,144.0,140.3062011775965,True
575,MLP,2022-01-06 21:40:00,145.0,141.81071238252463,True
575,MLP,2022-01-06 21:45:00,147.0,142.2617961318585,True
575,MLP,2022-01-06 21:50:00,151.0,153.71559187772914,True
575,MLP,2022-01-06 21:55:00,153.0,142.67805826110225,True
575,MLP,2022-01-06 22:00:00,154.0,148.93253251943727,True
575,MLP,2022-01-06 22:05:00,160.0,155.02639862056964,True
575,MLP,2022-01-06 22:10:00,165.0,150.01085761235885,True
575,MLP,2022-01-06 22:15:00,171.0,158.07083898862663,True
575,MLP,2022-01-06 22:20:00,180.0,166.1521673602138,True
575,MLP,2022-01-06 22:25:00,187.0,155.26000858638395,True
575,MLP,2022-01-06 22:30:00,192.0,162.0283190887452,True
575,MLP,2022-01-06 22:35:00,196.0,177.10120018680902,True
575,MLP,2022-01-06 22:40:00,199.0,179.9590869080129,True
575,MLP,2022-01-06 22:45:00,201.0,188.94963744834644,True
575,MLP,2022-01-06 22:50:00,197.0,200.83830953672725,True
575,MLP,2022-01-06 22:55:00,188.0,206.21027683774113,True
575,MLP,2022-01-06 23:00:00,178.0,208.0471551977845,True
575,MLP,2022-01-06 23:05:00,167.0,211.76455207353024,True
575,MLP,2022-01-06 23:10:00,154.0,209.20936221623245,True
575,MLP,2022-01-06 23:15:00,143.0,207.31537191136908,True
575,MLP,2022-01-06 23:20:00,134.0,190.71259143643007,True
575,MLP,2022-01-06 23:25:00,123.0,173.2875550214883,True
575,MLP,2022-01-06 23:30:00,112.0,157.01560524248822,True
575,MLP,2022-01-06 23:35:00,106.0,138.06050912417248,True
575,MLP,2022-01-06 23:40:00,101.0,124.47246327676025,True
575,MLP,2022-01-06 23:45:00,99.0,125.89385937004356,True
575,MLP,2022-01-06 23:50:00,101.0,125.88649321294758,True
575,MLP,2022-01-06 23:55:00,103.0,105.90143914888236,True
575,MLP,2022-01-07 00:00:00,102.0,90.5211551178421,True
575,MLP,2022-01-07 00:05:00,105.0,91.30140187761286,True
575,MLP,2022-01-07 00:10:00,112.0,85.61542802700116,True
575,MLP,2022-01-07 00:15:00,119.0,90.4747484834685,True
575,MLP,2022-01-07 00:20:00,125.0,100.64904232185823,True
575,MLP,2022-01-07 00:25:00,130.0,101.02988175661933,True
575,MLP,2022-01-07 00:30:00,136.0,93.69278662877541,True
575,MLP,2022-01-07 00:35:00,142.0,107.35788583126781,True
575,MLP,2022-01-07 00:40:00,148.0,122.93627542578054,True
575,MLP,2022-01-07 00:45:00,154.0,126.93648321000805,True
575,MLP,2022-01-07 00:50:00,159.0,132.73179605601155,True
575,MLP,2022-01-07 00:55:00,164.0,134.66975228554784,True
575,MLP,2022-01-07 01:00:00,167.0,148.35087387243158,True
575,MLP,2022-01-07 01:05:00,169.0,158.79011973151745,True
575,MLP,2022-01-07 01:10:00,170.0,167.69429449006046,True
575,MLP,2022-01-07 01:15:00,170.0,175.72541602489247,True
575,MLP,2022-01-07 01:20:00,168.0,179.74770742851604,True
575,MLP,2022-01-07 01:25:00,166.0,188.0771286078942,True
575,MLP,2022-01-07 01:30:00,162.0,181.71616612141096,True
575,MLP,2022-01-07 01:35:00,156.0,181.87517440862976,True
575,MLP,2022-01-07 01:40:00,151.0,178.74634423463056,True
575,MLP,2022-01-07 01:45:00,148.0,174.77946021792945,True
575,MLP,2022-01-07 01:50:00,145.0,165.76832033744927,True
575,MLP,2022-01-07 01:55:00,143.0,163.76623326742708,True
575,MLP,2022-01-07 02:00:00,139.0,155.2223010732883,True
575,MLP,2022-01-07 02:05:00,135.0,147.87073247789172,True
575,MLP,2022-01-07 02:10:00,132.0,148.39882230843725,True
575,MLP,2022-01-07 02:15:00,130.0,150.34013829591385,True
575,MLP,2022-01-07 02:20:00,128.0,145.47948922043258,True
575,MLP,2022-01-07 02:25:00,125.0,142.52297416107018,True
575,MLP,2022-01-07 02:30:00,123.0,133.75312082717022,True
575,MLP,2022-01-07 02:35:00,119.0,126.49179051113119,True
575,MLP,2022-01-07 02:40:00,116.0,123.08350343400438,True
575,MLP,2022-01-07 02:45:00,115.0,121.13153235972933,True
575,MLP,2022-01-07 02:50:00,115.0,118.61852953413945,True
575,MLP,2022-01-07 02:55:00,115.0,113.88593252327607,True
575,MLP,2022-01-07 03:00:00,117.0,112.41368604116619,True
575,MLP,2022-01-07 03:05:00,118.0,105.26359728162406,True
575,MLP,2022-01-07 03:10:00,118.0,103.71442996705802,True
575,MLP,2022-01-07 03:15:00,118.0,104.94674762374642,True
575,MLP,2022-01-07 03:20:00,118.0,107.33414870919755,True
575,MLP,2022-01-07 03:25:00,119.0,107.21941688584577,True
575,MLP,2022-01-07 03:30:00,120.0,112.69092052130527,True
575,MLP,2022-01-07 03:35:00,121.0,112.17574031649481,True
575,MLP,2022-01-07 03:40:00,121.0,111.83504499933477,True
575,MLP,2022-01-07 03:45:00,122.0,112.99441466820521,True
575,MLP,2022-01-07 03:50:00,122.0,112.74190027821645,True
575,MLP,2022-01-07 03:55:00,123.0,115.13739958858956,True
575,MLP,2022-01-07 04:00:00,124.0,117.5878821891438,True
575,MLP,2022-01-07 04:05:00,123.0,119.06070009753596,True
575,MLP,2022-01-07 04:10:00,123.0,118.32742005982065,True
575,MLP,2022-01-07 04:15:00,123.0,122.04467735609397,True
575,MLP,2022-01-07 04:20:00,124.0,120.0873053453606,True
575,MLP,2022-01-07 04:25:00,123.0,123.71324157981327,True
575,MLP,2022-01-07 04:30:00,122.0,124.97293100086256,True
575,MLP,2022-01-07 04:35:00,120.0,121.24968378838965,True
575,MLP,2022-01-07 04:40:00,119.0,122.20614641864277,True
575,MLP,2022-01-07 04:45:00,118.0,121.27274944544887,True
575,MLP,2022-01-07 04:50:00,117.0,124.07788707051712,True
575,MLP,2022-01-07 04:55:00,117.0,120.72910071189249,True
575,MLP,2022-01-07 05:00:00,116.0,119.53517303045464,True
575,MLP,2022-01-07 05:05:00,115.0,114.91191436612765,True
575,MLP,2022-01-07 05:10:00,114.0,114.47428442067488,True
575,MLP,2022-01-07 05:15:00,113.0,112.27736905276434,True
575,MLP,2022-01-07 05:20:00,112.0,111.53818874739271,True
575,MLP,2022-01-07 05:25:00,112.0,112.30341678504435,True
575,MLP,2022-01-07 05:30:00,111.0,109.7471945959109,True
575,MLP,2022-01-07 05:35:00,112.0,109.01013555443639,True
575,MLP,2022-01-07 05:40:00,112.0,108.53940694182991,True
575,MLP,2022-01-07 05:45:00,113.0,106.94508090270183,True
575,MLP,2022-01-07 05:50:00,114.0,106.11688113552098,True
575,MLP,2022-01-07 05:55:00,115.0,107.47527288023609,True
575,MLP,2022-01-07 06:00:00,116.0,104.78401748092399,True
575,MLP,2022-01-07 06:05:00,119.0,109.08984190617322,True
575,MLP,2022-01-07 06:10:00,121.0,107.79210455737541,True
575,MLP,2022-01-07 06:15:00,123.0,112.10555001749397,True
575,MLP,2022-01-07 06:20:00,126.0,112.67843194809312,True
575,MLP,2022-01-07 06:25:00,129.0,114.3736065763459,True
575,MLP,2022-01-07 06:30:00,131.0,116.00827814843329,True
575,MLP,2022-01-07 06:35:00,133.0,124.61266385294267,True
575,MLP,2022-01-07 06:40:00,136.0,123.9934951943818,True
575,MLP,2022-01-07 06:45:00,136.0,128.14436724543964,True
575,MLP,2022-01-07 06:50:00,134.0,134.76668443440428,True
575,MLP,2022-01-07 06:55:00,139.0,160.4798384286592,True
575,MLP,2022-01-07 07:00:00,147.0,157.65728144152803,True
575,MLP,2022-01-07 07:05:00,154.0,151.88772864193848,True
575,MLP,2022-01-07 07:10:00,160.0,161.9846164884524,True
575,MLP,2022-01-07 07:15:00,168.0,150.30736947251836,True
575,MLP,2022-01-07 07:20:00,173.0,138.35691878752385,True
575,MLP,2022-01-07 07:25:00,178.0,164.31265902364265,True
575,MLP,2022-01-07 07:30:00,182.0,179.23556546731353,True
575,MLP,2022-01-07 07:35:00,181.0,184.49311078123822,True
575,MLP,2022-01-07 07:40:00,180.0,186.0391243916488,True
575,MLP,2022-01-07 07:45:00,182.0,195.68024759463842,True
575,MLP,2022-01-07 07:50:00,186.0,181.82989610648298,True
575,MLP,2022-01-07 07:55:00,188.0,191.83434194626628,True
575,MLP,2022-01-07 08:00:00,190.0,191.77433674711568,True
575,MLP,2022-01-07 08:05:00,192.0,172.96069375552526,True
575,MLP,2022-01-07 08:10:00,192.0,174.1314185911375,True
575,MLP,2022-01-07 08:15:00,191.0,178.6492789316836,True
575,MLP,2022-01-07 08:20:00,190.0,188.51779509374632,True
575,MLP,2022-01-07 08:25:00,188.0,187.8432543734167,True
575,MLP,2022-01-07 08:30:00,183.0,190.71002804308984,True
575,MLP,2022-01-07 08:35:00,178.0,192.07124187844465,True
575,MLP,2022-01-07 08:40:00,173.0,188.51583379012436,True
575,MLP,2022-01-07 08:45:00,167.0,187.8495178716817,True
575,MLP,2022-01-07 08:50:00,160.0,188.4034423075315,True
575,MLP,2022-01-07 08:55:00,154.0,182.94941723611257,True
575,MLP,2022-01-07 09:00:00,148.0,171.65949756383364,True
575,MLP,2022-01-07 09:05:00,144.0,163.96644403431176,True
575,MLP,2022-01-07 09:10:00,139.0,155.0746000781447,True
575,MLP,2022-01-07 09:15:00,136.0,146.86852709952294,True
575,MLP,2022-01-07 09:20:00,131.0,138.13886496966902,True
575,MLP,2022-01-07 09:25:00,127.0,131.616548304685,True
575,MLP,2022-01-07 09:30:00,122.0,122.49890814115957,True
575,MLP,2022-01-07 09:35:00,116.0,122.33615672680749,True
575,MLP,2022-01-07 09:40:00,111.0,113.84993664559742,True
575,MLP,2022-01-07 09:45:00,107.0,116.51544128033166,True
575,MLP,2022-01-07 09:50:00,103.0,104.90594850910198,True
575,MLP,2022-01-07 09:55:00,100.0,104.87630556713653,True
575,MLP,2022-01-07 10:00:00,100.0,94.8289444356956,True
575,MLP,2022-01-07 10:05:00,100.0,89.28403935902004,True
575,MLP,2022-01-07 10:10:00,98.0,88.36949027045269,True
575,MLP,2022-01-07 10:15:00,95.0,88.9843498283921,True
575,MLP,2022-01-07 10:20:00,90.0,85.3013960934177,True
575,MLP,2022-01-07 10:25:00,88.0,89.06445290166972,True
575,MLP,2022-01-07 10:30:00,86.0,98.74758614954042,True
575,MLP,2022-01-07 10:35:00,83.0,98.035399190207,True
575,MLP,2022-01-07 10:40:00,80.0,89.45704835077429,True
575,MLP,2022-01-07 10:45:00,77.0,86.187864171763,True
575,MLP,2022-01-07 10:50:00,75.0,82.72779524532277,True
575,MLP,2022-01-07 10:55:00,71.0,87.73864391580625,True
575,MLP,2022-01-07 11:00:00,70.0,82.54020977251751,True
575,MLP,2022-01-07 11:05:00,66.0,79.86589830744089,True
575,MLP,2022-01-07 11:10:00,64.0,79.14201387843248,True
575,MLP,2022-01-07 11:15:00,63.0,78.42208506718185,True
575,MLP,2022-01-07 11:20:00,61.0,81.04924494729629,True
575,MLP,2022-01-07 11:25:00,61.0,76.4761435196672,True
575,MLP,2022-01-07 11:30:00,61.0,84.75505883533121,True
575,MLP,2022-01-07 11:35:00,61.0,74.74667899189889,True
575,MLP,2022-01-07 11:40:00,61.0,77.65190744880762,True
575,MLP,2022-01-07 11:45:00,61.0,78.94464251247878,True
575,MLP,2022-01-07 11:50:00,61.0,75.44006477482401,True
575,MLP,2022-01-07 11:55:00,61.0,82.06869772776277,True
575,MLP,2022-01-07 13:20:00,95.0,160.02982207626496,False
575,MLP,2022-01-07 13:25:00,96.0,157.92135398212537,False
575,MLP,2022-01-07 13:30:00,99.0,157.75601212121063,False
575,MLP,2022-01-07 13:35:00,106.0,184.49448373159743,False
575,MLP,2022-01-07 13:40:00,115.0,175.32393530365522,False
575,MLP,2022-01-07 13:45:00,124.0,174.4873688245351,False
575,MLP,2022-01-07 13:50:00,130.0,124.57601497181408,True
575,MLP,2022-01-07 13:55:00,135.0,118.96143922679418,True
575,MLP,2022-01-07 14:00:00,140.0,126.81878565947629,True
575,MLP,2022-01-07 14:05:00,144.0,147.25105484539566,True
575,MLP,2022-01-07 14:10:00,148.0,152.31238401595357,True
575,MLP,2022-01-07 14:15:00,155.0,161.33528921242714,True
575,MLP,2022-01-07 14:20:00,165.0,148.30521850446593,True
575,MLP,2022-01-07 14:25:00,175.0,158.7374524271607,True
575,MLP,2022-01-07 14:30:00,183.0,163.93397741446046,True
575,MLP,2022-01-07 14:35:00,191.0,158.52292290848013,True
575,MLP,2022-01-07 14:40:00,200.0,162.7204939130919,True
575,MLP,2022-01-07 14:45:00,208.0,175.89425682958733,True
575,MLP,2022-01-07 14:50:00,215.0,190.13887255231916,True
575,MLP,2022-01-07 14:55:00,221.0,204.44053275011424,True
575,MLP,2022-01-07 15:00:00,229.0,212.407270414708,True
575,MLP,2022-01-07 15:05:00,238.0,225.39388846231935,True
575,MLP,2022-01-07 15:10:00,245.0,236.9177055247771,True
575,MLP,2022-01-07 15:15:00,252.0,239.27665408798552,True
575,MLP,2022-01-07 15:20:00,256.0,241.79905491107885,True
575,MLP,2022-01-07 15:25:00,256.0,242.8129469413771,True
575,MLP,2022-01-07 15:30:00,255.0,256.4286033424293,True
575,MLP,2022-01-07 15:35:00,251.0,267.6066585832757,True
575,MLP,2022-01-07 15:40:00,247.0,271.1787842351172,True
575,MLP,2022-01-07 15:45:00,247.0,281.5514503261394,True
575,MLP,2022-01-07 15:50:00,245.0,277.057847920919,True
575,MLP,2022-01-07 15:55:00,243.0,266.5160122095075,True
575,MLP,2022-01-07 16:00:00,243.0,259.6411848963095,True
575,MLP,2022-01-07 16:05:00,243.0,242.64818231036367,True
575,MLP,2022-01-07 16:10:00,242.0,236.7207381501241,True
575,MLP,2022-01-07 16:15:00,240.0,245.88065515633386,True
575,MLP,2022-01-07 16:20:00,238.0,232.80411013409233,True
575,MLP,2022-01-07 16:25:00,237.0,232.27529457329013,True
575,MLP,2022-01-07 16:30:00,237.0,236.5153396703702,True
575,MLP,2022-01-07 16:35:00,236.0,234.47189096455276,True
575,MLP,2022-01-07 16:40:00,233.0,230.54300495659407,True
575,MLP,2022-01-07 16:45:00,231.0,225.76299732840542,True
575,MLP,2022-01-07 16:50:00,229.0,223.51546732859538,True
575,MLP,2022-01-07 16:55:00,228.0,224.5926645782442,True
575,MLP,2022-01-07 17:00:00,226.0,227.20125821924347,True
575,MLP,2022-01-07 17:05:00,225.0,224.53834473371978,True
575,MLP,2022-01-07 17:10:00,224.0,218.11372683643233,True
575,MLP,2022-01-07 17:15:00,222.0,219.6288750592392,True
575,MLP,2022-01-07 17:20:00,221.0,214.92626654687987,True
575,MLP,2022-01-07 17:25:00,221.0,215.69228698746238,True
575,MLP,2022-01-07 17:30:00,220.0,211.76306936280247,True
575,MLP,2022-01-07 17:35:00,219.0,214.420301579208,True
575,MLP,2022-01-07 17:40:00,218.0,213.41634448707586,True
575,MLP,2022-01-07 17:45:00,218.0,208.5433209222735,True
575,MLP,2022-01-07 17:50:00,216.0,210.85883870045362,True
575,MLP,2022-01-07 17:55:00,214.0,212.74455674987678,True
575,MLP,2022-01-07 18:00:00,214.0,210.05729860130862,True
575,MLP,2022-01-07 18:05:00,213.0,210.8472942622965,True
575,MLP,2022-01-07 18:10:00,212.0,210.24594686182672,True
575,MLP,2022-01-07 18:15:00,212.0,213.3723053592094,True
575,MLP,2022-01-07 18:20:00,211.0,205.16546126244583,True
575,MLP,2022-01-07 18:25:00,212.0,205.36329530707815,True
575,MLP,2022-01-07 18:30:00,211.0,209.41628493995654,True
575,MLP,2022-01-07 18:35:00,211.0,205.02333097337186,True
575,MLP,2022-01-07 18:40:00,211.0,205.9872530235583,True
575,MLP,2022-01-07 18:45:00,210.0,209.0242667524535,True
575,MLP,2022-01-07 18:50:00,209.0,204.88958955558263,True
575,MLP,2022-01-07 18:55:00,208.0,212.42637635735696,True
575,MLP,2022-01-07 19:00:00,206.0,205.21155381298922,True
575,MLP,2022-01-07 19:05:00,205.0,209.57673081726608,True
575,MLP,2022-01-07 19:10:00,205.0,208.64684283580561,True
575,MLP,2022-01-07 19:15:00,205.0,205.3665771524284,True
575,MLP,2022-01-07 19:20:00,205.0,204.9493946563947,True
575,MLP,2022-01-07 19:25:00,205.0,202.95998729432114,True
575,MLP,2022-01-07 19:30:00,205.0,197.85279065993066,True
575,MLP,2022-01-07 19:35:00,184.0,199.70358233156279,True
575,MLP,2022-01-07 19:40:00,182.0,201.68787028154833,True
575,MLP,2022-01-07 19:45:00,180.0,201.14290555980583,True
575,MLP,2022-01-07 19:50:00,177.0,207.97138884729378,True
575,MLP,2022-01-07 19:55:00,174.0,205.1926970504208,True
575,MLP,2022-01-07 20:00:00,170.0,204.9924745653779,True
575,MLP,2022-01-07 20:05:00,167.0,185.83801538446843,True
575,MLP,2022-01-07 20:10:00,165.0,184.09150038192962,True
575,MLP,2022-01-07 20:15:00,161.0,178.35362392427538,True
575,MLP,2022-01-07 20:20:00,157.0,171.8868750975485,True
575,MLP,2022-01-07 20:25:00,154.0,167.24816636336675,True
575,MLP,2022-01-07 20:30:00,151.0,152.82179752014406,True
575,MLP,2022-01-07 20:35:00,149.0,155.0584427884037,True
575,MLP,2022-01-07 20:40:00,146.0,154.33552138490174,True
575,MLP,2022-01-07 20:45:00,144.0,145.52325917880074,True
575,MLP,2022-01-07 20:50:00,145.0,142.92416584862775,True
575,MLP,2022-01-07 20:55:00,152.0,147.830307928291,True
575,MLP,2022-01-07 21:00:00,162.0,139.15106572531727,True
575,MLP,2022-01-07 21:05:00,171.0,139.57787288866007,True
575,MLP,2022-01-07 21:10:00,182.0,134.0188497775007,True
575,MLP,2022-01-07 21:15:00,197.0,135.90680110017564,True
575,MLP,2022-01-07 21:20:00,210.0,143.59798361996968,True
575,MLP,2022-01-07 21:25:00,223.0,158.90944222037763,True
575,MLP,2022-01-07 21:30:00,233.0,179.70659025274952,True
575,MLP,2022-01-07 21:35:00,237.0,190.62920627619985,True
575,MLP,2022-01-07 21:40:00,233.0,229.25971747736284,True
575,MLP,2022-01-07 21:45:00,229.0,232.82792456243544,True
575,MLP,2022-01-07 21:50:00,219.0,233.817917636866,True
575,MLP,2022-01-07 21:55:00,206.0,240.2439677225364,True
575,MLP,2022-01-07 22:00:00,193.0,248.93131365576522,True
575,MLP,2022-01-07 22:05:00,180.0,237.71573816584356,True
575,MLP,2022-01-07 22:10:00,166.0,208.80041566737523,True
575,MLP,2022-01-07 22:15:00,151.0,211.6684430148889,True
575,MLP,2022-01-07 22:20:00,138.0,174.78580754675306,True
575,MLP,2022-01-07 22:25:00,127.0,159.28533921781832,True
575,MLP,2022-01-07 22:30:00,115.0,150.92349773640794,True
575,MLP,2022-01-07 22:35:00,105.0,134.55844012601906,True
575,MLP,2022-01-07 22:40:00,93.0,128.97216404792533,True
575,MLP,2022-01-07 22:45:00,88.0,107.91559490162678,True
575,MLP,2022-01-07 22:50:00,80.0,93.99070685784345,True
575,MLP,2022-01-07 22:55:00,74.0,80.70946611514145,True
575,MLP,2022-01-07 23:00:00,67.0,72.27263404145208,True
575,MLP,2022-01-07 23:05:00,62.0,68.66210026038704,True
575,MLP,2022-01-07 23:10:00,60.0,59.40374691626772,True
575,MLP,2022-01-07 23:15:00,59.0,67.67374410583433,True
575,MLP,2022-01-07 23:20:00,58.0,55.38160740363588,True
575,MLP,2022-01-07 23:25:00,59.0,55.91480469654654,True
575,MLP,2022-01-07 23:30:00,58.0,48.0871604763269,True
575,MLP,2022-01-07 23:35:00,58.0,50.43714945282104,True
575,MLP,2022-01-07 23:40:00,61.0,56.97316338800266,True
575,MLP,2022-01-07 23:45:00,65.0,56.204972375533046,True
575,MLP,2022-01-07 23:50:00,61.0,56.96912737213273,True
575,MLP,2022-01-07 23:55:00,55.0,74.42089058122673,True
575,MLP,2022-01-08 00:00:00,53.0,62.748580602199254,True
575,MLP,2022-01-08 00:05:00,52.0,62.049000821867786,True
575,MLP,2022-01-08 00:10:00,52.0,71.29207677643055,True
575,MLP,2022-01-08 00:15:00,56.0,72.4712178899634,True
575,MLP,2022-01-08 00:20:00,61.0,61.217330542331126,True
575,MLP,2022-01-08 00:25:00,66.0,57.44174355563687,True
575,MLP,2022-01-08 00:30:00,70.0,62.0473559196433,True
575,MLP,2022-01-08 00:35:00,73.0,56.721987639102025,True
575,MLP,2022-01-08 00:40:00,77.0,58.949925332709654,True
575,MLP,2022-01-08 00:45:00,81.0,72.59722067039186,True
575,MLP,2022-01-08 00:50:00,85.0,81.48000408817866,True
575,MLP,2022-01-08 00:55:00,89.0,87.67110040499544,True
575,MLP,2022-01-08 01:00:00,94.0,89.736015224918,True
575,MLP,2022-01-08 01:05:00,99.0,90.11976916431344,True
575,MLP,2022-01-08 01:10:00,104.0,96.10741851679931,True
575,MLP,2022-01-08 01:15:00,108.0,98.45473449312423,True
575,MLP,2022-01-08 01:20:00,113.0,100.06120280039879,True
575,MLP,2022-01-08 01:25:00,118.0,103.97627262546503,True
575,MLP,2022-01-08 01:30:00,123.0,112.24422429286408,True
575,MLP,2022-01-08 01:35:00,129.0,116.58599906711345,True
575,MLP,2022-01-08 01:40:00,133.0,121.9974186527044,True
575,MLP,2022-01-08 01:45:00,131.0,123.02611821310258,True
575,MLP,2022-01-08 01:50:00,124.0,131.6091413879265,True
575,MLP,2022-01-08 01:55:00,121.0,136.9146973224546,True
575,MLP,2022-01-08 02:00:00,121.0,142.61681285175086,True
575,MLP,2022-01-08 02:05:00,126.0,151.6759925651972,True
575,MLP,2022-01-08 02:10:00,131.0,149.72715620210158,True
575,MLP,2022-01-08 02:15:00,133.0,133.9862770293517,True
575,MLP,2022-01-08 02:20:00,135.0,118.72988051494391,True
575,MLP,2022-01-08 02:25:00,140.0,124.25890627813217,True
575,MLP,2022-01-08 02:30:00,146.0,126.16476828707277,True
575,MLP,2022-01-08 02:35:00,150.0,134.01553820883748,True
575,MLP,2022-01-08 02:40:00,155.0,142.10211699695083,True
575,MLP,2022-01-08 02:45:00,158.0,138.85161807082437,True
575,MLP,2022-01-08 02:50:00,159.0,140.88004917694343,True
575,MLP,2022-01-08 02:55:00,162.0,150.75154367229055,True
575,MLP,2022-01-08 03:00:00,164.0,153.7394328205297,True
575,MLP,2022-01-08 03:05:00,166.0,155.97753647026985,True
575,MLP,2022-01-08 03:10:00,168.0,167.98073004353483,True
575,MLP,2022-01-08 03:15:00,170.0,166.5033489059682,True
575,MLP,2022-01-08 03:20:00,172.0,161.00343903788263,True
575,MLP,2022-01-08 03:25:00,174.0,170.41433837721328,True
575,MLP,2022-01-08 03:30:00,176.0,171.3520896732951,True
575,MLP,2022-01-08 03:35:00,177.0,174.83220530135722,True
575,MLP,2022-01-08 03:40:00,178.0,176.64660798781438,True
575,MLP,2022-01-08 03:45:00,179.0,176.50596220755298,True
575,MLP,2022-01-08 03:50:00,179.0,177.57945952464235,True
575,MLP,2022-01-08 03:55:00,178.0,180.75089363261924,True
575,MLP,2022-01-08 04:00:00,177.0,182.3727691443924,True
575,MLP,2022-01-08 04:05:00,175.0,179.5112084771501,True
575,MLP,2022-01-08 04:10:00,173.0,181.30929211768213,True
575,MLP,2022-01-08 04:15:00,171.0,180.78646375069317,True
575,MLP,2022-01-08 04:20:00,172.0,178.96609262026232,True
575,MLP,2022-01-08 04:25:00,171.0,177.36602264777184,True
575,MLP,2022-01-08 04:30:00,172.0,176.1390041132037,True
575,MLP,2022-01-08 04:35:00,175.0,171.91093717598974,True
575,MLP,2022-01-08 04:40:00,177.0,169.71878443172048,True
575,MLP,2022-01-08 04:45:00,177.0,167.58175174146132,True
575,MLP,2022-01-08 04:50:00,176.0,171.13060805265508,True
575,MLP,2022-01-08 04:55:00,178.0,167.66023330601132,True
575,MLP,2022-01-08 05:00:00,179.0,169.5986507113258,True
575,MLP,2022-01-08 05:05:00,182.0,173.83176236547484,True
575,MLP,2022-01-08 05:10:00,185.0,175.98922659042336,True
575,MLP,2022-01-08 05:15:00,188.0,172.19681731322012,True
575,MLP,2022-01-08 05:20:00,190.0,171.14459935134906,True
575,MLP,2022-01-08 05:25:00,194.0,176.77757593757673,True
575,MLP,2022-01-08 05:30:00,197.0,178.9515643917457,True
575,MLP,2022-01-08 05:35:00,200.0,184.54445424485843,True
575,MLP,2022-01-08 05:40:00,204.0,187.23538084521113,True
575,MLP,2022-01-08 05:45:00,207.0,191.4119734858889,True
575,MLP,2022-01-08 05:50:00,213.0,191.75995347760946,True
575,MLP,2022-01-08 05:55:00,219.0,198.16177740348917,True
575,MLP,2022-01-08 06:00:00,226.0,199.7996636509347,True
575,MLP,2022-01-08 06:05:00,230.0,205.36167506521252,True
575,MLP,2022-01-08 06:10:00,231.0,210.40886766357374,True
575,MLP,2022-01-08 06:15:00,233.0,211.42728952852733,True
575,MLP,2022-01-08 06:20:00,233.0,222.63283492034256,True
575,MLP,2022-01-08 06:25:00,233.0,230.0464617224255,True
575,MLP,2022-01-08 06:30:00,233.0,239.65208364433772,True
575,MLP,2022-01-08 06:35:00,232.0,236.82345564199417,True
575,MLP,2022-01-08 06:40:00,232.0,233.58882818137138,True
575,MLP,2022-01-08 06:45:00,231.0,237.75850531240695,True
575,MLP,2022-01-08 06:50:00,231.0,231.9110927880971,True
575,MLP,2022-01-08 06:55:00,230.0,236.24039064076604,True
575,MLP,2022-01-08 07:00:00,229.0,237.74099046878112,True
575,MLP,2022-01-08 07:05:00,228.0,233.74066455382035,True
575,MLP,2022-01-08 07:10:00,227.0,235.51197673176978,True
575,MLP,2022-01-08 07:15:00,227.0,231.08986081456132,True
575,MLP,2022-01-08 07:20:00,226.0,232.3312385276016,True
575,MLP,2022-01-08 07:25:00,226.0,229.0289276477202,True
575,MLP,2022-01-08 07:30:00,226.0,227.71479192558925,True
575,MLP,2022-01-08 07:35:00,226.0,225.4524424059201,True
575,MLP,2022-01-08 07:40:00,226.0,223.3964782960997,True
575,MLP,2022-01-08 07:45:00,226.0,223.735126357848,True
575,MLP,2022-01-08 07:50:00,226.0,221.47817775258105,True
575,MLP,2022-01-08 07:55:00,226.0,222.69674583615983,True
575,MLP,2022-01-08 08:10:00,280.0,223.9759584816545,True
575,MLP,2022-01-08 08:15:00,277.0,224.4041515543204,True
575,MLP,2022-01-08 08:20:00,273.0,224.7109033886118,True
575,MLP,2022-01-08 08:25:00,267.0,237.60738561538292,True
575,MLP,2022-01-08 08:30:00,262.0,203.7752168189116,False
575,MLP,2022-01-08 08:35:00,256.0,205.44080728581437,False
575,MLP,2022-01-08 08:40:00,250.0,228.64987296379797,True
575,MLP,2022-01-08 08:45:00,244.0,230.09137290593296,True
575,MLP,2022-01-08 08:50:00,238.0,234.04442507675301,True
575,MLP,2022-01-08 08:55:00,232.0,238.16903131201883,True
575,MLP,2022-01-08 09:00:00,227.0,233.7898401516007,True
575,MLP,2022-01-08 09:05:00,221.0,223.28276393262598,True
575,MLP,2022-01-08 09:10:00,216.0,227.1422026975476,True
575,MLP,2022-01-08 09:15:00,211.0,217.45584805458458,True
575,MLP,2022-01-08 09:20:00,211.0,204.56518182835688,True
575,MLP,2022-01-08 09:25:00,211.0,203.53416276858223,True
575,MLP,2022-01-08 09:30:00,211.0,196.24480889597447,True
575,MLP,2022-01-08 09:35:00,211.0,179.82489516015164,True
575,MLP,2022-01-08 09:40:00,211.0,182.19653913357251,True
575,MLP,2022-01-08 09:45:00,211.0,177.55077360146348,True
575,MLP,2022-01-08 09:50:00,211.0,191.37832634701394,True
575,MLP,2022-01-08 13:35:00,186.0,157.73065816626,False
575,MLP,2022-01-08 13:40:00,183.0,157.688317940616,False
575,MLP,2022-01-08 13:45:00,180.0,157.63297846775959,False
575,MLP,2022-01-08 13:50:00,174.0,157.62587039711087,False
575,MLP,2022-01-08 13:55:00,168.0,157.73147937062635,False
575,MLP,2022-01-08 14:00:00,161.0,157.8221176096831,False
575,MLP,2022-01-08 14:05:00,155.0,181.47148224947915,True
575,MLP,2022-01-08 14:10:00,152.0,172.8644356105457,True
575,MLP,2022-01-08 14:15:00,150.0,168.98139695946577,True
575,MLP,2022-01-08 14:20:00,148.0,159.6960727556818,True
575,MLP,2022-01-08 14:25:00,143.0,155.22681494836357,True
575,MLP,2022-01-08 14:30:00,139.0,146.46924945608566,True
575,MLP,2022-01-08 14:35:00,134.0,140.5757296788545,True
575,MLP,2022-01-08 14:40:00,132.0,140.06074912238026,True
575,MLP,2022-01-08 14:45:00,132.0,138.84952150553292,True
575,MLP,2022-01-08 14:50:00,131.0,135.1849074660326,True
575,MLP,2022-01-08 14:55:00,130.0,125.79961465141558,True
575,MLP,2022-01-08 15:00:00,129.0,123.3024178153082,True
575,MLP,2022-01-08 15:05:00,128.0,114.29845161082427,True
575,MLP,2022-01-08 15:10:00,124.0,121.44248454882943,True
575,MLP,2022-01-08 15:15:00,117.0,124.38276142390079,True
575,MLP,2022-01-08 15:20:00,112.0,119.06681186353806,True
575,MLP,2022-01-08 15:25:00,111.0,119.5852206352312,True
575,MLP,2022-01-08 15:30:00,115.0,118.35984915073321,True
575,MLP,2022-01-08 15:35:00,111.0,117.39412764522899,True
575,MLP,2022-01-08 15:40:00,108.0,111.23442237854444,True
575,MLP,2022-01-08 15:45:00,106.0,104.46523026352831,True
575,MLP,2022-01-08 15:50:00,105.0,102.65576853709725,True
575,MLP,2022-01-08 15:55:00,102.0,108.01359243299719,True
575,MLP,2022-01-08 16:00:00,101.0,121.2538737041396,True
575,MLP,2022-01-08 16:05:00,100.0,104.26606330580596,True
575,MLP,2022-01-08 16:10:00,99.0,100.26930527493604,True
575,MLP,2022-01-08 16:15:00,96.0,98.81358856353008,True
575,MLP,2022-01-08 16:20:00,93.0,97.76966121368774,True
575,MLP,2022-01-08 16:25:00,92.0,94.77610673745238,True
575,MLP,2022-01-08 16:30:00,93.0,99.50078170767753,True
575,MLP,2022-01-08 16:35:00,102.0,99.4100618659427,True
575,MLP,2022-01-08 16:40:00,114.0,94.80178272881089,True
575,MLP,2022-01-08 16:45:00,121.0,89.86434198929214,True
575,MLP,2022-01-08 16:50:00,127.0,85.65852226333008,True
575,MLP,2022-01-08 16:55:00,130.0,95.67518593153501,True
575,MLP,2022-01-08 17:00:00,132.0,95.5821852959233,True
575,MLP,2022-01-08 17:05:00,145.0,126.0826219999816,True
575,MLP,2022-01-08 17:10:00,149.0,144.04229704986955,True
575,MLP,2022-01-08 17:15:00,144.0,136.7464868583087,True
575,MLP,2022-01-08 17:20:00,144.0,141.60283934085652,True
575,MLP,2022-01-08 17:25:00,144.0,134.534632775356,True
575,MLP,2022-01-08 17:30:00,140.0,135.32614482559154,True
575,MLP,2022-01-08 17:35:00,137.0,167.926421846744,True
575,MLP,2022-01-08 17:40:00,144.0,164.05629556390033,True
575,MLP,2022-01-08 17:45:00,144.0,146.53548087137912,True
575,MLP,2022-01-08 17:50:00,142.0,159.50526949865565,True
575,MLP,2022-01-08 17:55:00,139.0,152.3909411096489,True
575,MLP,2022-01-08 18:00:00,127.0,137.42812470180053,True
575,MLP,2022-01-08 18:05:00,134.0,137.09668827707986,True
575,MLP,2022-01-08 18:10:00,136.0,162.0141163304985,True
575,MLP,2022-01-08 18:15:00,139.0,149.26886180160784,True
575,MLP,2022-01-08 18:20:00,141.0,144.28219551893153,True
575,MLP,2022-01-08 18:25:00,141.0,139.7980235721295,True
575,MLP,2022-01-08 18:30:00,132.0,129.63489091121167,True
575,MLP,2022-01-08 18:35:00,129.0,146.30073305656043,True
575,MLP,2022-01-08 18:40:00,125.0,140.0749825949873,True
575,MLP,2022-01-08 18:45:00,113.0,151.78968541292778,True
575,MLP,2022-01-08 18:50:00,107.0,153.37454750726147,True
575,MLP,2022-01-08 18:55:00,103.0,146.60971847671686,True
575,MLP,2022-01-08 19:00:00,105.0,131.37337436496813,True
575,MLP,2022-01-08 19:05:00,113.0,137.34701873750993,True
575,MLP,2022-01-08 19:10:00,122.0,116.78987447655003,True
575,MLP,2022-01-08 19:15:00,135.0,108.43477467699135,True
575,MLP,2022-01-08 19:20:00,150.0,104.32913605502144,True
575,MLP,2022-01-08 19:25:00,155.0,97.38804777161802,True
575,MLP,2022-01-08 19:30:00,168.0,115.02602189126884,True
575,MLP,2022-01-08 19:35:00,172.0,133.335020128765,True
575,MLP,2022-01-08 19:40:00,180.0,148.35239014732556,True
575,MLP,2022-01-08 19:45:00,195.0,175.18559330679292,True
575,MLP,2022-01-08 19:50:00,204.0,210.9413620988264,True
575,MLP,2022-01-08 19:55:00,205.0,174.85016352773604,True
575,MLP,2022-01-08 20:00:00,217.0,204.09882073547897,True
575,MLP,2022-01-08 20:05:00,225.0,184.0418940622519,True
575,MLP,2022-01-08 20:10:00,235.0,188.44500058083267,True
575,MLP,2022-01-08 20:15:00,235.0,212.97929805500806,True
575,MLP,2022-01-08 20:20:00,232.0,206.44983992820758,True
575,MLP,2022-01-08 20:25:00,225.0,193.4350288968239,True
575,MLP,2022-01-08 20:30:00,216.0,242.7120802304273,True
575,MLP,2022-01-08 20:35:00,208.0,241.99116820019373,True
575,MLP,2022-01-08 20:40:00,201.0,262.4008142821587,True
575,MLP,2022-01-08 20:45:00,199.0,233.1799786435856,True
575,MLP,2022-01-08 20:50:00,201.0,225.17070113552626,True
575,MLP,2022-01-08 20:55:00,196.0,200.74328743022699,True
575,MLP,2022-01-08 21:00:00,193.0,189.67454164103066,True
575,MLP,2022-01-08 21:05:00,192.0,179.23066434004414,True
575,MLP,2022-01-08 21:10:00,193.0,172.03674411554658,True
575,MLP,2022-01-08 21:15:00,204.0,189.440753864813,True
575,MLP,2022-01-08 21:20:00,209.0,197.8757744433396,True
575,MLP,2022-01-08 21:25:00,210.0,179.8549465272746,True
575,MLP,2022-01-08 21:30:00,210.0,185.5493096899282,True
575,MLP,2022-01-08 21:35:00,210.0,187.38066955140877,True
575,MLP,2022-01-08 21:40:00,199.0,190.63941208754966,True
575,MLP,2022-01-08 21:45:00,185.0,208.7875126486939,True
575,MLP,2022-01-08 21:50:00,178.0,207.94883408581995,True
575,MLP,2022-01-08 21:55:00,175.0,203.20266533005326,True
575,MLP,2022-01-08 22:00:00,186.0,210.72246899510273,True
575,MLP,2022-01-08 22:05:00,192.0,208.97545366814336,True
575,MLP,2022-01-08 22:10:00,193.0,183.65071356863203,True
575,MLP,2022-01-08 22:15:00,188.0,163.4803923548938,True
575,MLP,2022-01-08 22:20:00,183.0,163.4627527433122,True
575,MLP,2022-01-08 22:25:00,179.0,162.40249288371132,True
575,MLP,2022-01-08 22:30:00,174.0,190.3135042413498,True
575,MLP,2022-01-08 22:35:00,169.0,188.73526198198866,True
575,MLP,2022-01-08 22:40:00,165.0,202.76909716276143,True
575,MLP,2022-01-08 22:45:00,163.0,188.34847589715127,True
575,MLP,2022-01-08 22:50:00,156.0,185.76021765536345,True
575,MLP,2022-01-08 22:55:00,151.0,179.2421782095209,True
575,MLP,2022-01-08 23:00:00,144.0,173.5814195717292,True
575,MLP,2022-01-08 23:05:00,139.0,166.6442698181445,True
575,MLP,2022-01-08 23:10:00,137.0,157.11771137419208,True
575,MLP,2022-01-08 23:15:00,138.0,150.4489079760034,True
575,MLP,2022-01-08 23:20:00,138.0,127.88028571026202,True
575,MLP,2022-01-08 23:25:00,135.0,122.54040000168136,True
575,MLP,2022-01-08 23:30:00,133.0,110.57012333782001,True
575,MLP,2022-01-08 23:35:00,134.0,110.08112317622243,True
575,MLP,2022-01-08 23:40:00,136.0,124.02513727395923,True
575,MLP,2022-01-08 23:45:00,139.0,129.27797543150658,True
575,MLP,2022-01-08 23:50:00,141.0,126.55505407054058,True
575,MLP,2022-01-08 23:55:00,140.0,118.62040050436921,True
575,MLP,2022-01-09 00:00:00,135.0,121.10454597188114,True
575,MLP,2022-01-09 00:05:00,128.0,132.33565188892572,True
575,MLP,2022-01-09 00:10:00,128.0,137.65378932601192,True
575,MLP,2022-01-09 00:15:00,126.0,143.86341499948514,True
575,MLP,2022-01-09 00:20:00,123.0,142.39340271927517,True
575,MLP,2022-01-09 00:25:00,119.0,132.5112647707793,True
575,MLP,2022-01-09 00:30:00,114.0,126.4599512283645,True
575,MLP,2022-01-09 00:35:00,110.0,116.61877432300095,True
575,MLP,2022-01-09 00:40:00,107.0,125.19766474071662,True
575,MLP,2022-01-09 00:45:00,104.0,114.18380994276049,True
575,MLP,2022-01-09 00:50:00,101.0,109.20767835342109,True
575,MLP,2022-01-09 00:55:00,103.0,104.72991218767025,True
575,MLP,2022-01-09 01:00:00,104.0,98.41956981147561,True
575,MLP,2022-01-09 01:05:00,107.0,95.596675485133,True
575,MLP,2022-01-09 01:10:00,110.0,95.48651580789722,True
575,MLP,2022-01-09 01:15:00,109.0,88.4619761954062,True
575,MLP,2022-01-09 01:20:00,108.0,83.07569455105563,True
575,MLP,2022-01-09 01:25:00,106.0,96.87076506115788,True
575,MLP,2022-01-09 01:30:00,105.0,99.65241676704382,True
575,MLP,2022-01-09 01:35:00,105.0,108.90352193812978,True
575,MLP,2022-01-09 01:40:00,104.0,111.33666585989762,True
575,MLP,2022-01-09 01:45:00,105.0,101.83442297973916,True
575,MLP,2022-01-09 01:50:00,109.0,101.42883997407559,True
575,MLP,2022-01-09 01:55:00,111.0,97.84792450317259,True
575,MLP,2022-01-09 02:00:00,113.0,99.07365167037754,True
575,MLP,2022-01-09 02:05:00,114.0,99.58826029870035,True
575,MLP,2022-01-09 02:10:00,116.0,95.42499593586636,True
575,MLP,2022-01-09 02:15:00,116.0,102.87866397508394,True
575,MLP,2022-01-09 02:20:00,115.0,115.22348628418118,True
575,MLP,2022-01-09 02:25:00,112.0,112.97463342844061,True
575,MLP,2022-01-09 02:30:00,110.0,115.8703546603092,True
575,MLP,2022-01-09 02:35:00,109.0,113.87619782344451,True
575,MLP,2022-01-09 02:40:00,108.0,119.7006498210432,True
575,MLP,2022-01-09 02:45:00,105.0,113.93628100256264,True
575,MLP,2022-01-09 02:50:00,103.0,111.60342198096889,True
575,MLP,2022-01-09 02:55:00,101.0,107.93508842188866,True
575,MLP,2022-01-09 03:00:00,100.0,106.51278652353606,True
575,MLP,2022-01-09 03:05:00,99.0,103.46825423467978,True
575,MLP,2022-01-09 03:10:00,96.0,101.63662543676047,True
575,MLP,2022-01-09 03:15:00,96.0,98.69899319598083,True
575,MLP,2022-01-09 03:20:00,99.0,97.58026996049078,True
575,MLP,2022-01-09 03:25:00,100.0,94.15306502112621,True
575,MLP,2022-01-09 03:30:00,100.0,94.04008723949754,True
575,MLP,2022-01-09 03:35:00,99.0,91.89567059519193,True
575,MLP,2022-01-09 03:40:00,103.0,88.4575147745616,True
575,MLP,2022-01-09 03:45:00,106.0,89.35299661797465,True
575,MLP,2022-01-09 03:50:00,106.0,95.53891648546265,True
575,MLP,2022-01-09 03:55:00,106.0,94.13743951378036,True
575,MLP,2022-01-09 04:00:00,102.0,94.22423006435902,True
575,MLP,2022-01-09 04:05:00,95.0,92.11206246128903,True
575,MLP,2022-01-09 04:10:00,92.0,103.00513035174222,True
575,MLP,2022-01-09 04:15:00,95.0,105.6157158630793,True
575,MLP,2022-01-09 04:20:00,103.0,103.44220007779062,True
575,MLP,2022-01-09 04:25:00,105.0,104.82471927078971,True
575,MLP,2022-01-09 04:30:00,106.0,97.92208711322347,True
575,MLP,2022-01-09 04:35:00,107.0,90.94165372677446,True
575,MLP,2022-01-09 04:40:00,107.0,89.13208823164207,True
575,MLP,2022-01-09 04:45:00,105.0,94.73172471239742,True
575,MLP,2022-01-09 04:50:00,104.0,104.49687033951238,True
575,MLP,2022-01-09 04:55:00,104.0,103.73899236294828,True
575,MLP,2022-01-09 05:00:00,105.0,102.67389071024587,True
575,MLP,2022-01-09 05:05:00,105.0,102.92288297829629,True
575,MLP,2022-01-09 05:10:00,105.0,104.81281073753878,True
575,MLP,2022-01-09 05:15:00,105.0,102.85231765889021,True
575,MLP,2022-01-09 05:20:00,104.0,102.09498735909237,True
575,MLP,2022-01-09 05:25:00,103.0,99.79338945457381,True
575,MLP,2022-01-09 05:30:00,111.0,102.27791142736538,True
575,MLP,2022-01-09 05:35:00,113.0,100.40571075153225,True
575,MLP,2022-01-09 05:40:00,111.0,104.81942953467842,True
575,MLP,2022-01-09 05:45:00,100.0,104.93883151343643,True
575,MLP,2022-01-09 05:50:00,97.0,101.9913187555815,True
575,MLP,2022-01-09 05:55:00,97.0,99.35172107215074,True
575,MLP,2022-01-09 06:00:00,96.0,118.9655552549383,True
575,MLP,2022-01-09 06:05:00,103.0,116.2833580810166,True
575,MLP,2022-01-09 06:10:00,110.0,108.94708886109008,True
575,MLP,2022-01-09 06:15:00,112.0,99.22683724217528,True
575,MLP,2022-01-09 06:20:00,112.0,100.81292639494129,True
575,MLP,2022-01-09 06:25:00,112.0,100.75952413030758,True
575,MLP,2022-01-09 06:30:00,112.0,97.70139833689369,True
575,MLP,2022-01-09 06:35:00,112.0,116.42311049049617,True
575,MLP,2022-01-09 06:40:00,112.0,128.13324923713677,True
575,MLP,2022-01-09 06:45:00,112.0,115.74778832042833,True
575,MLP,2022-01-09 07:00:00,77.0,110.89515738531229,True
575,MLP,2022-01-09 07:05:00,79.0,109.93411567197055,True
575,MLP,2022-01-09 07:10:00,81.0,110.162336406291,True
575,MLP,2022-01-09 07:15:00,80.0,111.69928405992448,True
575,MLP,2022-01-09 07:20:00,80.0,136.14378204433837,False
575,MLP,2022-01-09 07:25:00,80.0,136.8929221413296,False
575,MLP,2022-01-09 07:30:00,80.0,97.57567745800561,True
575,MLP,2022-01-09 07:35:00,79.0,95.93374808789457,True
575,MLP,2022-01-09 07:40:00,79.0,94.59778268426243,True
575,MLP,2022-01-09 07:45:00,77.0,89.79505564814609,True
575,MLP,2022-01-09 07:50:00,77.0,87.98390075014379,True
575,MLP,2022-01-09 07:55:00,77.0,89.62460456249381,True
575,MLP,2022-01-09 08:00:00,76.0,89.39028864932378,True
575,MLP,2022-01-09 08:05:00,74.0,85.95156412027441,True
575,MLP,2022-01-09 08:10:00,76.0,87.81625791350821,True
575,MLP,2022-01-09 08:15:00,76.0,80.61515190012604,True
575,MLP,2022-01-09 08:20:00,75.0,85.96869075119442,True
575,MLP,2022-01-09 08:25:00,74.0,84.86133038376602,True
575,MLP,2022-01-09 08:30:00,75.0,81.43437348490397,True
575,MLP,2022-01-09 08:35:00,71.0,78.4280195570801,True
575,MLP,2022-01-09 08:40:00,72.0,89.58020159657144,True
575,MLP,2022-01-09 08:45:00,76.0,83.3978361071292,True
575,MLP,2022-01-09 08:50:00,79.0,80.56243684421516,True
575,MLP,2022-01-09 08:55:00,83.0,78.95782063340936,True
575,MLP,2022-01-09 09:00:00,86.0,87.36118102931047,True
575,MLP,2022-01-09 09:05:00,90.0,77.99069584044551,True
575,MLP,2022-01-09 09:10:00,91.0,85.20156839675273,True
575,MLP,2022-01-09 09:15:00,93.0,97.50394125198424,True
575,MLP,2022-01-09 09:20:00,98.0,97.36454601949424,True
575,MLP,2022-01-09 09:25:00,102.0,106.24408909964295,True
575,MLP,2022-01-09 09:30:00,109.0,105.24399096578865,True
575,MLP,2022-01-09 09:35:00,109.0,113.46640371234301,True
575,MLP,2022-01-09 09:40:00,118.0,103.30301877095147,True
575,MLP,2022-01-09 09:45:00,122.0,107.91775849316616,True
575,MLP,2022-01-09 09:50:00,122.0,123.63440284337848,True
575,MLP,2022-01-09 09:55:00,123.0,120.9840550581832,True
575,MLP,2022-01-09 10:00:00,123.0,141.35253541051145,True
575,MLP,2022-01-09 10:05:00,123.0,117.52796381987976,True
575,MLP,2022-01-09 10:10:00,122.0,150.5445384535787,True
575,MLP,2022-01-09 10:15:00,120.0,139.51737016908714,True
575,MLP,2022-01-09 10:20:00,119.0,131.7993723704623,True
575,MLP,2022-01-09 10:25:00,116.0,133.99874958875455,True
575,MLP,2022-01-09 10:30:00,114.0,126.4334999760759,True
575,MLP,2022-01-09 10:35:00,115.0,127.57093188479963,True
575,MLP,2022-01-09 10:40:00,118.0,122.2532389285845,True
575,MLP,2022-01-09 10:45:00,120.0,117.24535189717409,True
575,MLP,2022-01-09 10:50:00,121.0,117.35141151222953,True
575,MLP,2022-01-09 10:55:00,119.0,111.2915562961228,True
575,MLP,2022-01-09 11:00:00,118.0,109.74758934175755,True
575,MLP,2022-01-09 11:05:00,120.0,118.08591028874379,True
575,MLP,2022-01-09 11:10:00,124.0,123.27589312635017,True
575,MLP,2022-01-09 11:15:00,124.0,123.47532348166803,True
575,MLP,2022-01-09 11:20:00,129.0,124.13287734659708,True
575,MLP,2022-01-09 11:25:00,136.0,114.84121437683281,True
575,MLP,2022-01-09 11:30:00,140.0,116.32152799526081,True
575,MLP,2022-01-09 11:35:00,139.0,124.831105298146,True
575,MLP,2022-01-09 11:40:00,143.0,135.89659879748302,True
575,MLP,2022-01-09 11:45:00,147.0,127.95601628826147,True
575,MLP,2022-01-09 11:50:00,151.0,128.87664416808315,True
575,MLP,2022-01-09 11:55:00,143.0,157.84648221654308,True
575,MLP,2022-01-09 12:00:00,148.0,153.49144092833487,True
575,MLP,2022-01-09 12:05:00,153.0,142.08204715696752,True
575,MLP,2022-01-09 12:10:00,151.0,156.35902842383797,True
575,MLP,2022-01-09 12:15:00,145.0,157.94767689671784,True
575,MLP,2022-01-09 12:20:00,131.0,186.63585609344062,True
575,MLP,2022-01-09 12:25:00,112.0,151.58624373699718,True
575,MLP,2022-01-09 12:30:00,100.0,172.86262807099,True
575,MLP,2022-01-09 12:35:00,96.0,176.1185862907417,True
575,MLP,2022-01-09 12:40:00,122.0,159.9140224763227,True
575,MLP,2022-01-09 12:45:00,162.0,136.63834431193533,True
575,MLP,2022-01-09 12:50:00,185.0,121.28193767051745,True
575,MLP,2022-01-09 12:55:00,193.0,93.46781974704822,True
575,MLP,2022-01-09 13:00:00,191.0,88.45237519767741,True
575,MLP,2022-01-09 13:05:00,184.0,97.50046755410747,True
575,MLP,2022-01-09 13:10:00,174.0,130.98270723198877,True
575,MLP,2022-01-09 13:15:00,165.0,170.11572186102762,True
575,MLP,2022-01-09 13:20:00,158.0,172.08197465007743,True
575,MLP,2022-01-09 13:25:00,149.0,153.85568414289958,True
575,MLP,2022-01-09 13:30:00,141.0,158.99546575807943,True
575,MLP,2022-01-09 13:35:00,131.0,142.07122447818486,True
575,MLP,2022-01-09 13:40:00,124.0,142.1814193484702,True
575,MLP,2022-01-09 13:45:00,109.0,142.4053382378172,True
575,MLP,2022-01-09 13:50:00,109.0,156.182983293985,True
575,MLP,2022-01-09 13:55:00,112.0,150.98336484032183,True
575,MLP,2022-01-09 14:00:00,110.0,138.48140614998943,True
575,MLP,2022-01-09 14:05:00,108.0,126.8516447133396,True
575,MLP,2022-01-09 14:10:00,105.0,126.22305969589092,True
575,MLP,2022-01-09 14:15:00,101.0,106.73367901068455,True
575,MLP,2022-01-09 14:20:00,97.0,102.10116556969702,True
575,MLP,2022-01-09 14:25:00,94.0,113.28198269904725,True
575,MLP,2022-01-09 14:30:00,91.0,110.67308547581077,True
575,MLP,2022-01-09 14:35:00,88.0,107.10162941893367,True
575,MLP,2022-01-09 14:40:00,85.0,97.60500708227352,True
575,MLP,2022-01-09 14:45:00,84.0,89.13800924569392,True
575,MLP,2022-01-09 14:50:00,84.0,87.93079003810996,True
575,MLP,2022-01-09 14:55:00,83.0,89.53444915267319,True
575,MLP,2022-01-09 15:00:00,85.0,84.57090277769116,True
575,MLP,2022-01-09 15:05:00,89.0,83.93662010471839,True
575,MLP,2022-01-09 15:10:00,94.0,88.83840072931312,True
575,MLP,2022-01-09 15:15:00,100.0,86.6679670416733,True
575,MLP,2022-01-09 15:20:00,107.0,89.03394438487186,True
575,MLP,2022-01-09 15:25:00,115.0,86.19939938438385,True
575,MLP,2022-01-09 15:30:00,120.0,95.01859714325117,True
575,MLP,2022-01-09 15:35:00,126.0,103.01520254641024,True
575,MLP,2022-01-09 15:40:00,132.0,111.06269257662086,True
575,MLP,2022-01-09 15:45:00,137.0,121.90748020930629,True
575,MLP,2022-01-09 15:50:00,140.0,131.89618865581903,True
575,MLP,2022-01-09 15:55:00,140.0,142.29177950429553,True
575,MLP,2022-01-09 16:00:00,139.0,135.18911226832836,True
575,MLP,2022-01-09 16:05:00,137.0,148.1932155185141,True
575,MLP,2022-01-09 16:10:00,135.0,151.95929106756117,True
575,MLP,2022-01-09 16:15:00,135.0,152.98386394897227,True
575,MLP,2022-01-09 16:20:00,136.0,152.23358395131808,True
575,MLP,2022-01-09 16:25:00,139.0,146.3250201019772,True
575,MLP,2022-01-09 16:30:00,143.0,144.2189391167953,True
575,MLP,2022-01-09 16:35:00,147.0,137.6788067082595,True
575,MLP,2022-01-09 16:40:00,151.0,134.1923609658536,True
575,MLP,2022-01-09 16:45:00,156.0,140.6906857355814,True
575,MLP,2022-01-09 16:50:00,160.0,141.12746617344274,True
575,MLP,2022-01-09 16:55:00,159.0,149.49435475995938,True
575,MLP,2022-01-09 17:00:00,157.0,154.47885523736227,True
575,MLP,2022-01-09 17:05:00,158.0,187.9367896975009,True
575,MLP,2022-01-09 17:10:00,160.0,177.8342916299158,True
575,MLP,2022-01-09 17:15:00,162.0,182.95634499079068,True
575,MLP,2022-01-09 17:20:00,162.0,180.08408870642288,True
575,MLP,2022-01-09 17:25:00,160.0,163.43108261181882,True
575,MLP,2022-01-09 17:30:00,157.0,158.38187544236848,True
575,MLP,2022-01-09 17:35:00,154.0,167.38300057468197,True
575,MLP,2022-01-09 17:40:00,149.0,170.531521319408,True
575,MLP,2022-01-09 17:45:00,145.0,172.3887950238128,True
575,MLP,2022-01-09 17:50:00,149.0,167.71719955664202,True
575,MLP,2022-01-09 17:55:00,151.0,156.82504839957446,True
575,MLP,2022-01-09 18:00:00,142.0,148.90263419405173,True
575,MLP,2022-01-09 18:05:00,129.0,147.46584263882204,True
575,MLP,2022-01-09 18:10:00,119.0,138.43512210749333,True
575,MLP,2022-01-09 18:15:00,106.0,135.91186251465427,True
575,MLP,2022-01-09 18:20:00,96.0,158.08209733754296,True
575,MLP,2022-01-09 18:25:00,91.0,153.83081338926712,True
575,MLP,2022-01-09 18:30:00,97.0,137.39223564018596,True
575,MLP,2022-01-09 18:35:00,102.0,119.93852895008331,True
575,MLP,2022-01-09 18:40:00,105.0,102.87776993732497,True
575,MLP,2022-01-09 18:45:00,107.0,85.49941465421261,True
575,MLP,2022-01-09 18:50:00,109.0,73.50037428253863,True
575,MLP,2022-01-09 18:55:00,110.0,88.21556662251565,True
575,MLP,2022-01-09 19:00:00,134.0,111.03496803826977,True
575,MLP,2022-01-09 19:05:00,134.0,115.28878528894914,True
575,MLP,2022-01-09 19:10:00,133.0,117.52729223648568,True
575,MLP,2022-01-09 19:15:00,137.0,116.61972590942412,True
575,MLP,2022-01-09 19:20:00,136.0,119.22671399466832,True
575,MLP,2022-01-09 19:25:00,134.0,113.10846921152852,True
575,MLP,2022-01-09 19:30:00,131.0,156.41774771324194,True
575,MLP,2022-01-09 19:35:00,125.0,137.99666372971325,True
575,MLP,2022-01-09 19:40:00,132.0,132.4136971075865,True
575,MLP,2022-01-09 19:45:00,135.0,155.94279858265264,True
575,MLP,2022-01-09 19:50:00,150.0,135.13198462006494,True
575,MLP,2022-01-09 19:55:00,152.0,139.03190325249986,True
575,MLP,2022-01-09 20:00:00,144.0,129.38562652338476,True
575,MLP,2022-01-09 20:05:00,148.0,116.26790889701259,True
575,MLP,2022-01-09 20:10:00,151.0,146.93301931172954,True
575,MLP,2022-01-09 20:15:00,153.0,144.43300826483818,True
575,MLP,2022-01-09 20:20:00,154.0,170.04558903018452,True
575,MLP,2022-01-09 20:25:00,148.0,169.63507167083034,True
575,MLP,2022-01-09 20:30:00,142.0,144.9904059107941,True
575,MLP,2022-01-09 20:35:00,148.0,158.59197639029483,True
575,MLP,2022-01-09 20:40:00,145.0,158.6421125806172,True
575,MLP,2022-01-09 20:45:00,134.0,161.77276911079824,True
575,MLP,2022-01-09 20:50:00,129.0,168.29312503071046,True
575,MLP,2022-01-09 20:55:00,123.0,158.39778678595655,True
575,MLP,2022-01-09 21:00:00,118.0,156.85926463996717,True
575,MLP,2022-01-09 21:05:00,111.0,170.9296810939701,True
575,MLP,2022-01-09 21:10:00,104.0,151.82941089127027,True
575,MLP,2022-01-09 21:15:00,97.0,136.07078517858872,True
575,MLP,2022-01-09 21:20:00,90.0,127.84291340999401,True
575,MLP,2022-01-09 21:25:00,82.0,115.95412045397491,True
575,MLP,2022-01-09 21:30:00,69.0,103.01679692385619,True
575,MLP,2022-01-09 21:35:00,63.0,89.83310638788032,True
575,MLP,2022-01-09 21:40:00,56.0,82.6617596135312,True
575,MLP,2022-01-09 21:45:00,56.0,71.30081895836818,True
575,MLP,2022-01-09 21:50:00,51.0,76.221568682854,True
575,MLP,2022-01-09 21:55:00,40.0,69.64776494168443,True
575,MLP,2022-01-09 22:00:00,40.0,63.80812444935233,True
575,MLP,2022-01-09 22:05:00,40.0,62.4186631889748,True
575,MLP,2022-01-09 22:10:00,40.0,49.388504266069475,True
575,MLP,2022-01-09 22:15:00,40.0,62.65260201387957,True
575,MLP,2022-01-09 22:20:00,54.0,51.78902359632102,True
575,MLP,2022-01-09 22:25:00,61.0,44.659520423950596,True
575,MLP,2022-01-09 22:30:00,62.0,48.86852595604736,True
575,MLP,2022-01-09 22:35:00,61.0,55.09107834452335,True
575,MLP,2022-01-09 22:40:00,60.0,60.762559606818506,True
575,MLP,2022-01-09 22:45:00,54.0,58.934800758417154,True
575,MLP,2022-01-09 22:50:00,40.0,91.51136747835979,True
575,MLP,2022-01-09 22:55:00,40.0,84.07814612098683,True
575,MLP,2022-01-09 23:00:00,40.0,80.60098312092158,True
575,MLP,2022-01-09 23:05:00,40.0,75.57803425588811,True
575,MLP,2022-01-09 23:10:00,41.0,70.35945328720098,True
575,MLP,2022-01-09 23:15:00,46.0,62.09036791275743,True
575,MLP,2022-01-09 23:20:00,48.0,54.726438352432254,True
575,MLP,2022-01-09 23:25:00,53.0,61.754470820150615,True
575,MLP,2022-01-09 23:30:00,57.0,59.615728424809156,True
575,MLP,2022-01-09 23:35:00,56.0,62.27125673555044,True
575,MLP,2022-01-09 23:40:00,56.0,62.243736306400365,True
575,MLP,2022-01-09 23:45:00,62.0,84.48259851620882,True
575,MLP,2022-01-09 23:50:00,74.0,80.5264136973156,True
575,MLP,2022-01-09 23:55:00,88.0,89.63572373408856,True
575,MLP,2022-01-10 00:00:00,96.0,86.5818619435362,True
575,MLP,2022-01-10 00:05:00,99.0,74.37493951847613,True
575,MLP,2022-01-10 00:10:00,85.0,73.14728331066446,True
575,MLP,2022-01-10 00:15:00,69.0,88.3859693771361,True
575,MLP,2022-01-10 00:20:00,63.0,101.31490324533645,True
575,MLP,2022-01-10 00:25:00,59.0,120.33165486205682,True
575,MLP,2022-01-10 00:30:00,72.0,119.58814007496886,True
575,MLP,2022-01-10 00:35:00,109.0,108.78574438895136,True
575,MLP,2022-01-10 00:40:00,135.0,83.9042386412008,True
575,MLP,2022-01-10 00:45:00,152.0,75.68623481191867,True
575,MLP,2022-01-10 00:50:00,162.0,77.924044232763,True
575,MLP,2022-01-10 00:55:00,170.0,66.48889328851328,True
575,MLP,2022-01-10 01:00:00,175.0,97.40311865699913,True
575,MLP,2022-01-10 01:05:00,179.0,123.88333772413895,True
575,MLP,2022-01-10 01:10:00,177.0,136.56259661617025,True
575,MLP,2022-01-10 01:15:00,161.0,150.64055771156956,True
575,MLP,2022-01-10 01:20:00,147.0,163.42286360211415,True
575,MLP,2022-01-10 01:25:00,141.0,157.78675305016588,True
575,MLP,2022-01-10 01:30:00,141.0,166.834388660618,True
575,MLP,2022-01-10 01:35:00,145.0,187.5424357565694,True
575,MLP,2022-01-10 01:40:00,150.0,167.4375049321469,True
575,MLP,2022-01-10 01:45:00,170.0,162.32697953036984,True
575,MLP,2022-01-10 01:50:00,190.0,153.14887458359976,True
575,MLP,2022-01-10 01:55:00,203.0,163.44076199895733,True
575,MLP,2022-01-10 02:00:00,210.0,166.9381701910616,True
575,MLP,2022-01-10 02:05:00,215.0,158.37587603612673,True
575,MLP,2022-01-10 02:10:00,221.0,166.40220981385156,True
575,MLP,2022-01-10 02:15:00,227.0,175.4373755364212,True
575,MLP,2022-01-10 02:20:00,232.0,201.54952555051142,True
575,MLP,2022-01-10 02:25:00,235.0,212.28626909051576,True
575,MLP,2022-01-10 02:30:00,234.0,215.7223363109643,True
575,MLP,2022-01-10 02:35:00,230.0,210.89949076060674,True
575,MLP,2022-01-10 02:40:00,227.0,230.9513616510332,True
575,MLP,2022-01-10 02:45:00,233.0,231.31729204504634,True
575,MLP,2022-01-10 02:50:00,232.0,233.98530043696812,True
575,MLP,2022-01-10 02:55:00,232.0,233.86697366104596,True
575,MLP,2022-01-10 03:00:00,230.0,227.15988146105423,True
575,MLP,2022-01-10 03:05:00,227.0,216.17842158430838,True
575,MLP,2022-01-10 03:10:00,227.0,218.91581014005638,True
575,MLP,2022-01-10 03:15:00,221.0,242.83472189924078,True
575,MLP,2022-01-10 03:20:00,205.0,231.72086561329996,True
575,MLP,2022-01-10 03:25:00,191.0,237.59856760973503,True
575,MLP,2022-01-10 03:30:00,183.0,225.27492723586573,True
575,MLP,2022-01-10 03:35:00,180.0,219.3105891433472,True
575,MLP,2022-01-10 03:40:00,180.0,225.5347733301236,True
575,MLP,2022-01-10 03:45:00,181.0,216.95338437290832,True
575,MLP,2022-01-10 03:50:00,180.0,203.31320105522224,True
575,MLP,2022-01-10 03:55:00,177.0,185.9172019742307,True
575,MLP,2022-01-10 04:00:00,173.0,187.92365665625434,True
575,MLP,2022-01-10 04:05:00,173.0,187.9027162014668,True
575,MLP,2022-01-10 04:10:00,197.0,187.5569719866611,True
575,MLP,2022-01-10 04:15:00,225.0,183.68790319685084,True
575,MLP,2022-01-10 04:20:00,232.0,171.65704968202576,True
575,MLP,2022-01-10 04:25:00,222.0,164.36079587844424,True
575,MLP,2022-01-10 04:30:00,214.0,159.99670538524165,True
575,MLP,2022-01-10 04:35:00,218.0,167.09602433015232,True
575,MLP,2022-01-10 04:40:00,237.0,176.34902505592885,True
575,MLP,2022-01-10 04:45:00,250.0,214.18427588194263,True
575,MLP,2022-01-10 04:50:00,255.0,205.6682176264148,True
575,MLP,2022-01-10 04:55:00,257.0,185.34294657647752,True
575,MLP,2022-01-10 05:00:00,257.0,198.2360287158476,True
575,MLP,2022-01-10 05:05:00,257.0,216.7416241103644,True
575,MLP,2022-01-10 05:10:00,257.0,235.35482925851667,True
575,MLP,2022-01-10 05:15:00,257.0,245.0788234210005,True
575,MLP,2022-01-10 05:20:00,257.0,229.62902781468995,True
575,MLP,2022-01-10 05:25:00,257.0,245.476202880303,True
575,MLP,2022-01-10 05:30:00,257.0,249.53070269897762,True
575,MLP,2022-01-10 05:35:00,257.0,255.54013913861283,True
575,MLP,2022-01-10 05:40:00,257.0,264.91372535509686,True
575,MLP,2022-01-10 05:45:00,259.0,265.33655311323275,True
575,MLP,2022-01-10 05:50:00,261.0,255.8024210632513,True
575,MLP,2022-01-10 05:55:00,262.0,248.85365113805648,True
575,MLP,2022-01-10 06:00:00,254.0,252.8450506782346,True
575,MLP,2022-01-10 06:05:00,255.0,257.6192518893886,True
575,MLP,2022-01-10 06:10:00,251.0,261.01435774706044,True
575,MLP,2022-01-10 06:15:00,251.0,264.47395148070376,True
575,MLP,2022-01-10 06:20:00,259.0,262.90871296307483,True
575,MLP,2022-01-10 06:25:00,263.0,261.3151742246897,True
575,MLP,2022-01-10 06:30:00,264.0,243.63069841034658,True
575,MLP,2022-01-10 06:35:00,256.0,250.0065764599862,True
575,MLP,2022-01-10 06:40:00,258.0,238.3472643888129,True
575,MLP,2022-01-10 06:45:00,238.0,245.38382315129383,True
575,MLP,2022-01-10 06:50:00,238.0,256.57231258581896,True
575,MLP,2022-01-10 06:55:00,238.0,259.48191289404156,True
575,MLP,2022-01-10 07:00:00,230.0,256.1165683637144,True
575,MLP,2022-01-10 07:05:00,206.0,244.40127613198408,True
575,MLP,2022-01-10 07:10:00,197.0,252.99240010398452,True
575,MLP,2022-01-10 07:15:00,211.0,226.1299236423057,True
575,MLP,2022-01-10 07:20:00,216.0,245.6411990155986,True
575,MLP,2022-01-10 07:25:00,212.0,236.42843892149546,True
575,MLP,2022-01-10 07:30:00,259.0,227.2901430009913,True
575,MLP,2022-01-10 07:35:00,290.0,200.73945539200346,True
575,MLP,2022-01-10 07:40:00,260.0,194.5108950385178,True
575,MLP,2022-01-10 07:45:00,240.0,215.4244849128687,True
575,MLP,2022-01-10 07:50:00,221.0,219.2526980465401,True
575,MLP,2022-01-10 07:55:00,209.0,196.75816187373994,True
575,MLP,2022-01-10 08:00:00,204.0,260.5011920647356,True
575,MLP,2022-01-10 08:05:00,211.0,280.39393980697025,True
575,MLP,2022-01-10 08:10:00,230.0,184.67169757300837,True
575,MLP,2022-01-10 08:15:00,256.0,235.36355735845913,True
575,MLP,2022-01-10 08:20:00,239.0,187.77324028397032,True
575,MLP,2022-01-10 08:25:00,202.0,169.58164264081387,True
575,MLP,2022-01-10 08:30:00,177.0,185.4461505493774,True
575,MLP,2022-01-10 08:35:00,189.0,196.41994095067187,True
575,MLP,2022-01-10 08:40:00,239.0,226.94403140854223,True
575,MLP,2022-01-10 08:45:00,290.0,263.69879190076955,True
575,MLP,2022-01-10 08:50:00,329.0,178.5730605272865,True
575,MLP,2022-01-10 08:55:00,333.0,178.59086526968042,True
575,MLP,2022-01-10 09:00:00,329.0,169.5794993165149,True
575,MLP,2022-01-10 09:05:00,328.0,175.0058306751695,True
575,MLP,2022-01-10 09:10:00,318.0,217.8851724744436,True
575,MLP,2022-01-10 09:15:00,281.0,250.81959674335738,True
575,MLP,2022-01-10 09:20:00,247.0,297.98395144194956,True
575,MLP,2022-01-10 09:25:00,237.0,229.54136730085895,True
575,MLP,2022-01-10 09:30:00,235.0,275.17593599950254,True
575,MLP,2022-01-10 09:35:00,237.0,286.100124913229,True
575,MLP,2022-01-10 09:40:00,231.0,278.05657977280345,True
575,MLP,2022-01-10 09:45:00,224.0,229.30613492228025,True
575,MLP,2022-01-10 09:50:00,212.0,255.65800825208595,True
575,MLP,2022-01-10 09:55:00,207.0,271.1930442178241,True
575,MLP,2022-01-10 10:00:00,229.0,237.44717978099783,True
575,MLP,2022-01-10 10:05:00,262.0,235.00251384277834,True
575,MLP,2022-01-10 10:10:00,278.0,205.5694714814429,True
575,MLP,2022-01-10 10:15:00,275.0,173.15816349826775,True
575,MLP,2022-01-10 10:20:00,263.0,161.84239683360994,True
575,MLP,2022-01-10 10:25:00,245.0,167.93258606727971,True
575,MLP,2022-01-10 10:30:00,229.0,203.13985722033226,True
575,MLP,2022-01-10 10:35:00,219.0,234.4689074330881,True
575,MLP,2022-01-10 10:40:00,215.0,256.7550124401631,True
575,MLP,2022-01-10 10:45:00,208.0,206.74651243357118,True
575,MLP,2022-01-10 10:50:00,211.0,203.1416380617361,True
575,MLP,2022-01-10 10:55:00,222.0,210.46362639208212,True
575,MLP,2022-01-10 11:00:00,234.0,208.36222080432321,True
575,MLP,2022-01-10 11:05:00,244.0,201.7152293966318,True
575,MLP,2022-01-10 11:10:00,269.0,210.35302410480406,True
575,MLP,2022-01-10 11:15:00,286.0,185.4147008981956,True
575,MLP,2022-01-10 11:20:00,282.0,200.3841836975768,True
575,MLP,2022-01-10 11:25:00,270.0,209.78185157961758,True
575,MLP,2022-01-10 11:30:00,261.0,227.6325341551174,True
575,MLP,2022-01-10 11:35:00,256.0,240.68836132527883,True
575,MLP,2022-01-10 11:40:00,260.0,271.4450100186131,True
575,MLP,2022-01-10 11:45:00,268.0,303.03218886499474,True
575,MLP,2022-01-10 11:50:00,285.0,246.96226605849924,True
575,MLP,2022-01-10 11:55:00,298.0,229.5041430674476,True
575,MLP,2022-01-10 12:00:00,304.0,237.06546965575967,True
575,MLP,2022-01-10 12:05:00,306.0,248.49635203608096,True
575,MLP,2022-01-10 12:10:00,304.0,259.5489052653484,True
575,MLP,2022-01-10 12:15:00,299.0,266.38282994915176,True
575,MLP,2022-01-10 12:20:00,286.0,288.1441736643792,True
575,MLP,2022-01-10 12:25:00,240.0,307.2840476456676,True
575,MLP,2022-01-10 12:30:00,226.0,297.98281355767887,True
575,MLP,2022-01-10 12:35:00,241.0,299.9045086941108,True
575,MLP,2022-01-10 12:40:00,226.0,293.16633260160415,True
575,MLP,2022-01-10 12:45:00,212.0,286.0485670687301,True
575,MLP,2022-01-10 12:50:00,205.0,261.1680971541563,True
575,MLP,2022-01-10 12:55:00,188.0,210.7364368780264,True
575,MLP,2022-01-10 13:00:00,183.0,237.61309321535222,True
575,MLP,2022-01-10 13:05:00,164.0,241.82562850029868,True
575,MLP,2022-01-10 13:10:00,184.0,207.90631456667046,True
575,MLP,2022-01-10 13:15:00,224.0,178.3324003567523,True
575,MLP,2022-01-10 13:20:00,260.0,174.0325072863714,True
575,MLP,2022-01-10 13:25:00,280.0,140.59008461977973,True
575,MLP,2022-01-10 13:30:00,288.0,156.08874278160783,True
575,MLP,2022-01-10 13:35:00,291.0,128.42069228777225,True
575,MLP,2022-01-10 13:40:00,292.0,178.51151381147776,True
575,MLP,2022-01-10 13:45:00,292.0,216.49381818943516,True
575,MLP,2022-01-10 13:50:00,292.0,266.91983047331144,True
575,MLP,2022-01-10 13:55:00,289.0,242.3982669944823,True
575,MLP,2022-01-10 14:00:00,285.0,249.88370829674562,True
575,MLP,2022-01-10 14:05:00,283.0,252.04447576205422,True
575,MLP,2022-01-10 14:10:00,271.0,251.78361318296717,True
575,MLP,2022-01-10 14:15:00,269.0,277.03897591566306,True
575,MLP,2022-01-10 14:20:00,278.0,275.9659975676781,True
575,MLP,2022-01-10 14:25:00,212.0,278.33387604744576,True
575,MLP,2022-01-10 14:30:00,206.0,258.0580266085834,True
575,MLP,2022-01-10 14:35:00,193.0,267.84520612108497,True
575,MLP,2022-01-10 14:40:00,188.0,220.8294387640685,True
575,MLP,2022-01-10 14:45:00,185.0,256.3507920233969,True
575,MLP,2022-01-10 14:50:00,187.0,260.07697810844775,True
575,MLP,2022-01-10 14:55:00,177.0,201.87136417739234,True
575,MLP,2022-01-10 15:00:00,181.0,184.36851004474272,True
575,MLP,2022-01-10 15:05:00,189.0,173.11815500695056,True
575,MLP,2022-01-10 15:10:00,186.0,164.7691758818827,True
575,MLP,2022-01-10 15:15:00,165.0,145.19412204814822,True
575,MLP,2022-01-10 15:20:00,138.0,189.68524236401265,True
575,MLP,2022-01-10 15:25:00,127.0,124.53895899450006,True
575,MLP,2022-01-10 15:30:00,132.0,175.4455288641899,True
575,MLP,2022-01-10 15:35:00,140.0,205.2605968581328,True
575,MLP,2022-01-10 15:40:00,157.0,165.76632500356868,True
575,MLP,2022-01-10 15:45:00,164.0,156.93758829667993,True
575,MLP,2022-01-10 15:50:00,197.0,112.49035286209833,True
575,MLP,2022-01-10 15:55:00,214.0,133.77340653555262,True
575,MLP,2022-01-10 16:00:00,212.0,146.0970086337353,True
575,MLP,2022-01-10 16:05:00,193.0,148.44610532861037,True
575,MLP,2022-01-10 16:10:00,147.0,171.85847372128427,True
575,MLP,2022-01-10 16:15:00,125.0,158.95455903655028,True
575,MLP,2022-01-10 16:20:00,168.0,230.07434595204109,True
575,MLP,2022-01-10 16:25:00,169.0,212.41579187283642,True
575,MLP,2022-01-10 16:30:00,157.0,177.0671556870701,True
575,MLP,2022-01-10 16:35:00,152.0,163.50534191110665,True
575,MLP,2022-01-10 16:40:00,173.0,123.72700583717321,True
575,MLP,2022-01-10 16:45:00,198.0,143.80423858605008,True
575,MLP,2022-01-10 16:50:00,205.0,210.00742483566688,True
575,MLP,2022-01-10 16:55:00,197.0,188.84662070219667,True
575,MLP,2022-01-10 17:00:00,210.0,157.93043206467905,True
575,MLP,2022-01-10 17:05:00,221.0,166.32111861509287,True
575,MLP,2022-01-10 17:10:00,225.0,190.49700091575477,True
575,MLP,2022-01-10 17:15:00,221.0,215.54439626176594,True
575,MLP,2022-01-10 17:20:00,209.0,224.37547919691934,True
575,MLP,2022-01-10 17:25:00,205.0,209.7072158116536,True
575,MLP,2022-01-10 17:30:00,195.0,228.8021569262943,True
575,MLP,2022-01-10 17:35:00,179.0,252.9058182425663,True
575,MLP,2022-01-10 17:40:00,168.0,234.33549024369955,True
575,MLP,2022-01-10 17:45:00,161.0,222.1746489441141,True
575,MLP,2022-01-10 17:50:00,159.0,203.26114126292387,True
575,MLP,2022-01-10 17:55:00,158.0,214.37006864558884,True
575,MLP,2022-01-10 18:00:00,163.0,175.61670086419917,True
575,MLP,2022-01-10 18:05:00,159.0,154.13154520110862,True
575,MLP,2022-01-10 18:10:00,150.0,170.45022393289483,True
575,MLP,2022-01-10 18:15:00,148.0,169.52226601708855,True
575,MLP,2022-01-10 18:20:00,152.0,157.4146299765638,True
575,MLP,2022-01-10 18:25:00,147.0,151.1750985805113,True
575,MLP,2022-01-10 18:30:00,144.0,165.9566908665377,True
575,MLP,2022-01-10 18:35:00,142.0,152.4871998029144,True
575,MLP,2022-01-10 18:40:00,138.0,140.928794911141,True
575,MLP,2022-01-10 18:45:00,136.0,142.87286457355742,True
575,MLP,2022-01-10 18:50:00,131.0,151.02129442299815,True
575,MLP,2022-01-10 18:55:00,128.0,140.27271210191404,True
575,MLP,2022-01-10 19:00:00,126.0,140.47839544453188,True
575,MLP,2022-01-10 19:05:00,126.0,132.02068158209968,True
575,MLP,2022-01-10 19:10:00,126.0,124.66407184025309,True
575,MLP,2022-01-10 19:15:00,123.0,133.40493499037257,True
575,MLP,2022-01-10 19:20:00,126.0,120.74985674906742,True
575,MLP,2022-01-10 19:25:00,139.0,123.20486732147202,True
575,MLP,2022-01-10 19:30:00,129.0,123.635395472743,True
575,MLP,2022-01-10 19:35:00,127.0,124.40004819207068,True
575,MLP,2022-01-10 19:40:00,135.0,123.73384786205911,True
575,MLP,2022-01-10 19:45:00,147.0,119.72971331724115,True
575,MLP,2022-01-10 19:50:00,148.0,136.24451981050123,True
575,MLP,2022-01-10 19:55:00,135.0,159.89199289840897,True
575,MLP,2022-01-10 20:00:00,124.0,128.72661015950422,True
575,MLP,2022-01-10 20:05:00,118.0,136.5029003778575,True
575,MLP,2022-01-10 20:10:00,117.0,148.37126823889582,True
575,MLP,2022-01-10 20:15:00,118.0,170.17481168216224,True
575,MLP,2022-01-10 20:20:00,117.0,154.48046313219362,True
575,MLP,2022-01-10 20:25:00,115.0,136.42239875222242,True
575,MLP,2022-01-10 20:30:00,126.0,119.58829205828722,True
575,MLP,2022-01-10 20:35:00,137.0,127.57224746956435,True
575,MLP,2022-01-10 20:40:00,141.0,127.70497845491487,True
575,MLP,2022-01-10 20:45:00,141.0,128.6323160384557,True
575,MLP,2022-01-10 20:50:00,133.0,128.54867261570593,True
575,MLP,2022-01-10 20:55:00,134.0,113.53265899873917,True
575,MLP,2022-01-10 21:00:00,139.0,152.28201691187235,True
575,MLP,2022-01-10 21:05:00,139.0,158.67079442687444,True
575,MLP,2022-01-10 21:10:00,144.0,139.81088342115822,True
575,MLP,2022-01-10 21:15:00,145.0,174.97401579048608,True
575,MLP,2022-01-10 21:20:00,140.0,149.5293600859847,True
575,MLP,2022-01-10 21:25:00,148.0,161.33887363319292,True
575,MLP,2022-01-10 21:30:00,158.0,157.49403175410364,True
575,MLP,2022-01-10 21:35:00,163.0,145.77613724549272,True
575,MLP,2022-01-10 21:40:00,158.0,163.12250427586622,True
575,MLP,2022-01-10 21:45:00,148.0,147.94803684943008,True
575,MLP,2022-01-10 21:50:00,155.0,124.10556244715649,True
575,MLP,2022-01-10 21:55:00,170.0,171.3991891368191,True
575,MLP,2022-01-10 22:00:00,181.0,177.25460994423005,True
575,MLP,2022-01-10 22:05:00,176.0,177.2791885409249,True
575,MLP,2022-01-10 22:10:00,174.0,159.5540729522067,True
575,MLP,2022-01-10 22:15:00,175.0,140.90624703673603,True
575,MLP,2022-01-10 22:20:00,165.0,180.4747958437402,True
575,MLP,2022-01-10 22:25:00,153.0,190.0516425782196,True
575,MLP,2022-01-10 22:30:00,148.0,186.71094953224213,True
575,MLP,2022-01-10 22:35:00,140.0,169.95921912754363,True
575,MLP,2022-01-10 22:40:00,133.0,171.4733040950417,True
575,MLP,2022-01-10 22:45:00,127.0,186.89853830375074,True
575,MLP,2022-01-10 22:50:00,123.0,147.68844629056707,True
575,MLP,2022-01-10 22:55:00,131.0,141.23022808240694,True
575,MLP,2022-01-10 23:00:00,140.0,138.84429692120955,True
575,MLP,2022-01-10 23:05:00,148.0,110.06169108942508,True
575,MLP,2022-01-10 23:10:00,154.0,110.98336247230004,True
575,MLP,2022-01-10 23:15:00,159.0,111.05357698119694,True
575,MLP,2022-01-10 23:20:00,169.0,108.46251604612327,True
575,MLP,2022-01-10 23:25:00,167.0,121.75165605584918,True
575,MLP,2022-01-10 23:30:00,160.0,140.99080170630455,True
575,MLP,2022-01-10 23:35:00,162.0,153.11527445483546,True
575,MLP,2022-01-10 23:40:00,169.0,163.53492525564224,True
575,MLP,2022-01-10 23:45:00,171.0,163.5198155086021,True
575,MLP,2022-01-10 23:50:00,171.0,190.8594444942009,True
575,MLP,2022-01-10 23:55:00,176.0,157.98419843198732,True
575,MLP,2022-01-11 00:00:00,177.0,148.00781540465175,True
575,MLP,2022-01-11 00:05:00,172.0,162.42803146311485,True
575,MLP,2022-01-11 00:10:00,165.0,178.14779006386274,True
575,MLP,2022-01-11 00:15:00,159.0,176.20376509652675,True
575,MLP,2022-01-11 00:20:00,153.0,171.90543090360742,True
575,MLP,2022-01-11 00:25:00,148.0,193.5084571216313,True
575,MLP,2022-01-11 00:30:00,138.0,184.1660147724267,True
575,MLP,2022-01-11 00:35:00,116.0,171.22266689747235,True
575,MLP,2022-01-11 00:40:00,112.0,156.68911944523188,True
575,MLP,2022-01-11 00:45:00,117.0,149.11716322172654,True
575,MLP,2022-01-11 00:50:00,116.0,135.19763710698703,True
575,MLP,2022-01-11 00:55:00,109.0,137.14928115500095,True
575,MLP,2022-01-11 01:00:00,103.0,118.22662517865366,True
575,MLP,2022-01-11 01:05:00,95.0,100.06936501145377,True
575,MLP,2022-01-11 01:10:00,99.0,104.25876893808554,True
575,MLP,2022-01-11 01:15:00,99.0,118.27699779328749,True
575,MLP,2022-01-11 01:20:00,93.0,114.67466554600462,True
575,MLP,2022-01-11 01:25:00,87.0,96.46995506534462,True
575,MLP,2022-01-11 01:30:00,80.0,87.89685358425909,True
575,MLP,2022-01-11 01:35:00,73.0,75.08581725888826,True
575,MLP,2022-01-11 01:40:00,72.0,97.03029613824448,True
575,MLP,2022-01-11 01:45:00,80.0,91.24168585534203,True
575,MLP,2022-01-11 01:50:00,86.0,80.07368293021499,True
575,MLP,2022-01-11 01:55:00,93.0,79.77383496665749,True
575,MLP,2022-01-11 02:00:00,96.0,73.70701113637874,True
575,MLP,2022-01-11 02:05:00,97.0,60.069796589265536,True
575,MLP,2022-01-11 02:10:00,97.0,69.1272429510779,True
575,MLP,2022-01-11 02:15:00,97.0,79.4217512357669,True
575,MLP,2022-01-11 02:20:00,97.0,95.04841419787535,True
575,MLP,2022-01-11 02:25:00,98.0,111.01656295948814,True
575,MLP,2022-01-11 02:30:00,98.0,98.13194204021876,True
575,MLP,2022-01-11 02:35:00,98.0,94.12397582067581,True
575,MLP,2022-01-11 02:40:00,97.0,95.33630838423329,True
575,MLP,2022-01-11 02:45:00,96.0,95.79427632566224,True
575,MLP,2022-01-11 02:50:00,95.0,94.92415069440331,True
575,MLP,2022-01-11 02:55:00,94.0,99.87326507296572,True
575,MLP,2022-01-11 03:00:00,94.0,96.22302594778846,True
575,MLP,2022-01-11 03:05:00,96.0,97.65548083363068,True
575,MLP,2022-01-11 03:10:00,96.0,97.11377064035428,True
575,MLP,2022-01-11 03:15:00,96.0,94.88788768804345,True
575,MLP,2022-01-11 03:20:00,96.0,91.86151693900676,True
575,MLP,2022-01-11 03:25:00,96.0,89.55892662578191,True
575,MLP,2022-01-11 03:30:00,95.0,90.27117169440612,True
575,MLP,2022-01-11 03:35:00,94.0,94.71972945824113,True
575,MLP,2022-01-11 03:40:00,90.0,92.159059856952,True
575,MLP,2022-01-11 03:45:00,87.0,92.53484814103918,True
575,MLP,2022-01-11 03:50:00,87.0,92.44726023015497,True
575,MLP,2022-01-11 03:55:00,88.0,91.93782213840936,True
575,MLP,2022-01-11 04:00:00,90.0,89.73531867753933,True
575,MLP,2022-01-11 04:05:00,91.0,88.71367715456236,True
575,MLP,2022-01-11 04:10:00,91.0,82.98561323911743,True
575,MLP,2022-01-11 04:15:00,90.0,78.6400108386425,True
575,MLP,2022-01-11 04:20:00,91.0,80.37404996968935,True
575,MLP,2022-01-11 04:25:00,91.0,83.2664840858733,True
575,MLP,2022-01-11 04:30:00,91.0,87.37131699962409,True
575,MLP,2022-01-11 04:35:00,91.0,88.81001398502428,True
575,MLP,2022-01-11 04:40:00,92.0,85.99352168967887,True
575,MLP,2022-01-11 04:45:00,92.0,84.35847037301065,True
575,MLP,2022-01-11 04:50:00,92.0,89.0978659463422,True
575,MLP,2022-01-11 04:55:00,92.0,87.63553814758208,True
575,MLP,2022-01-11 05:00:00,91.0,88.11250657373441,True
575,MLP,2022-01-11 05:05:00,91.0,86.89558131186104,True
575,MLP,2022-01-11 05:10:00,90.0,89.41569009308739,True
575,MLP,2022-01-11 05:15:00,88.0,88.3103431529599,True
575,MLP,2022-01-11 05:20:00,87.0,90.20970382462502,True
575,MLP,2022-01-11 05:25:00,87.0,90.65213528325616,True
575,MLP,2022-01-11 05:30:00,87.0,88.01594039820986,True
575,MLP,2022-01-11 05:35:00,87.0,89.07917611588644,True
575,MLP,2022-01-11 05:40:00,87.0,85.67028094435535,True
575,MLP,2022-01-11 05:45:00,88.0,82.53127009819084,True
575,MLP,2022-01-11 05:50:00,88.0,82.66755419656289,True
575,MLP,2022-01-11 05:55:00,89.0,84.4160970707792,True
575,MLP,2022-01-11 06:00:00,90.0,83.91209567608185,True
575,MLP,2022-01-11 06:05:00,92.0,84.29458055966684,True
575,MLP,2022-01-11 06:10:00,94.0,84.92264466953242,True
575,MLP,2022-01-11 06:15:00,96.0,89.17944801310702,True
575,MLP,2022-01-11 06:20:00,96.0,86.03441159015894,True
575,MLP,2022-01-11 06:25:00,97.0,90.95884085987404,True
575,MLP,2022-01-11 06:30:00,98.0,91.58320898289172,True
575,MLP,2022-01-11 06:35:00,98.0,98.1208519631556,True
575,MLP,2022-01-11 06:40:00,99.0,100.21592207960174,True
575,MLP,2022-01-11 06:45:00,99.0,103.29714418160778,True
575,MLP,2022-01-11 06:50:00,99.0,97.45712229937818,True
575,MLP,2022-01-11 06:55:00,98.0,102.26726316233209,True
575,MLP,2022-01-11 07:00:00,98.0,102.76905109254542,True
575,MLP,2022-01-11 07:05:00,95.0,100.44382775032108,True
575,MLP,2022-01-11 07:10:00,89.0,104.90642212330806,True
575,MLP,2022-01-11 07:15:00,89.0,101.63271450676186,True
575,MLP,2022-01-11 07:20:00,91.0,101.5144532774893,True
575,MLP,2022-01-11 07:25:00,85.0,99.05776528658394,True
575,MLP,2022-01-11 07:30:00,88.0,101.9176356388577,True
575,MLP,2022-01-11 07:35:00,100.0,94.62744523881476,True
575,MLP,2022-01-11 07:40:00,89.0,88.1275067431003,True
575,MLP,2022-01-11 07:45:00,96.0,91.47116743936097,True
575,MLP,2022-01-11 07:50:00,102.0,97.66017604732211,True
575,MLP,2022-01-11 07:55:00,107.0,85.45222492577953,True
575,MLP,2022-01-11 08:00:00,111.0,98.14857761196849,True
575,MLP,2022-01-11 08:05:00,110.0,123.70994001710072,True
575,MLP,2022-01-11 08:10:00,114.0,96.34080099122897,True
575,MLP,2022-01-11 08:15:00,121.0,125.0272538153945,True
575,MLP,2022-01-11 08:20:00,130.0,119.94132540053278,True
575,MLP,2022-01-11 08:25:00,115.0,122.84169502884511,True
575,MLP,2022-01-11 08:30:00,107.0,125.42068178245339,True
575,MLP,2022-01-11 08:35:00,101.0,109.0547659805809,True
575,MLP,2022-01-11 08:40:00,110.0,124.34440912054124,True
575,MLP,2022-01-11 08:45:00,123.0,143.8463297073248,True
575,MLP,2022-01-11 08:50:00,132.0,164.1246252711153,True
575,MLP,2022-01-11 08:55:00,128.0,124.59505942784544,True
575,MLP,2022-01-11 09:00:00,124.0,110.54583584447404,True
575,MLP,2022-01-11 09:05:00,126.0,102.6201453809804,True
575,MLP,2022-01-11 09:10:00,128.0,132.94411194094258,True
575,MLP,2022-01-11 09:15:00,130.0,141.73041429210295,True
575,MLP,2022-01-11 09:20:00,124.0,149.96556807430662,True
575,MLP,2022-01-11 09:25:00,120.0,124.94145483689793,True
575,MLP,2022-01-11 09:30:00,117.0,127.4607223625043,True
575,MLP,2022-01-11 09:35:00,118.0,135.48287195813157,True
575,MLP,2022-01-11 09:40:00,119.0,134.95005099692673,True
575,MLP,2022-01-11 09:45:00,123.0,136.60593750193715,True
575,MLP,2022-01-11 09:50:00,129.0,118.93999395336819,True
575,MLP,2022-01-11 09:55:00,139.0,127.30743028244667,True
575,MLP,2022-01-11 10:00:00,157.0,136.41196484664013,True
575,LightGBM,2022-01-02 00:00:00,209.0,206.7452129454631,True
575,LightGBM,2022-01-02 00:05:00,209.0,213.87551194734417,True
575,LightGBM,2022-01-02 00:10:00,208.0,212.13011727671844,True
575,LightGBM,2022-01-02 00:15:00,207.0,198.95755955660013,True
575,LightGBM,2022-01-02 00:20:00,201.0,197.0390318090927,True
575,LightGBM,2022-01-02 00:25:00,190.0,202.7102114069795,True
575,LightGBM,2022-01-02 00:30:00,183.0,204.88387622856544,True
575,LightGBM,2022-01-02 00:35:00,179.0,203.0673517264935,True
575,LightGBM,2022-01-02 00:40:00,180.0,201.13340368011052,True
575,LightGBM,2022-01-02 00:45:00,177.0,202.7526750675724,True
575,LightGBM,2022-01-02 00:50:00,174.0,186.8818682236781,True
575,LightGBM,2022-01-02 00:55:00,173.0,171.4773056774808,True
575,LightGBM,2022-01-02 01:00:00,173.0,168.27852624381276,True
575,LightGBM,2022-01-02 01:05:00,171.0,165.61076594845298,True
575,LightGBM,2022-01-02 01:10:00,169.0,175.0959952471374,True
575,LightGBM,2022-01-02 01:15:00,167.0,161.36691259128963,True
575,LightGBM,2022-01-02 01:20:00,162.0,162.53536850537398,True
575,LightGBM,2022-01-02 01:25:00,160.0,165.14947377801002,True
575,LightGBM,2022-01-02 01:30:00,158.0,167.07107698995685,True
575,LightGBM,2022-01-02 01:35:00,156.0,159.8576749511352,True
575,LightGBM,2022-01-02 01:40:00,155.0,159.11413107401714,True
575,LightGBM,2022-01-02 01:45:00,154.0,156.7849261722786,True
575,LightGBM,2022-01-02 01:50:00,153.0,145.75487650665767,True
575,LightGBM,2022-01-02 01:55:00,153.0,149.49586306888816,True
575,LightGBM,2022-01-02 02:00:00,153.0,145.77186182386308,True
575,LightGBM,2022-01-02 02:05:00,153.0,145.01030169891058,True
575,LightGBM,2022-01-02 02:10:00,152.0,145.81039325807782,True
575,LightGBM,2022-01-02 02:15:00,151.0,142.63124514684003,True
575,LightGBM,2022-01-02 02:20:00,150.0,143.62410074902476,True
575,LightGBM,2022-01-02 02:25:00,148.0,149.8590390418439,True
575,LightGBM,2022-01-02 02:30:00,148.0,151.04365702930752,True
575,LightGBM,2022-01-02 02:35:00,148.0,152.58577068973548,True
575,LightGBM,2022-01-02 02:40:00,147.0,146.59781033464765,True
575,LightGBM,2022-01-02 02:45:00,146.0,145.64401660209364,True
575,LightGBM,2022-01-02 02:50:00,145.0,144.93160780333156,True
575,LightGBM,2022-01-02 02:55:00,145.0,141.78114913460814,True
575,LightGBM,2022-01-02 03:00:00,146.0,146.4122552979463,True
575,LightGBM,2022-01-02 03:05:00,148.0,146.29211138685156,True
575,LightGBM,2022-01-02 03:10:00,147.0,143.7150327690158,True
575,LightGBM,2022-01-02 03:15:00,146.0,143.49956070438856,True
575,LightGBM,2022-01-02 03:20:00,146.0,142.20475140424233,True
575,LightGBM,2022-01-02 03:25:00,146.0,143.79113248822236,True
575,LightGBM,2022-01-02 03:30:00,146.0,147.23947427976225,True
575,LightGBM,2022-01-02 03:35:00,145.0,151.6887240211713,True
575,LightGBM,2022-01-02 03:40:00,145.0,145.12493807837185,True
575,LightGBM,2022-01-02 03:45:00,143.0,144.86967787263592,True
575,LightGBM,2022-01-02 03:50:00,142.0,145.98333848629122,True
575,LightGBM,2022-01-02 03:55:00,142.0,145.78247172184388,True
575,LightGBM,2022-01-02 04:00:00,142.0,146.96540489372916,True
575,LightGBM,2022-01-02 04:05:00,142.0,143.84035272711137,True
575,LightGBM,2022-01-02 04:10:00,141.0,146.04765285664007,True
575,LightGBM,2022-01-02 04:15:00,141.0,139.80601118377498,True
575,LightGBM,2022-01-02 04:20:00,141.0,139.42734238071122,True
575,LightGBM,2022-01-02 04:25:00,140.0,140.87462708109894,True
575,LightGBM,2022-01-02 04:30:00,141.0,140.66430276745905,True
575,LightGBM,2022-01-02 04:35:00,141.0,140.9129136480568,True
575,LightGBM,2022-01-02 04:40:00,141.0,139.06594676785605,True
575,LightGBM,2022-01-02 04:45:00,144.0,140.96691846857556,True
575,LightGBM,2022-01-02 04:50:00,146.0,141.07996367756138,True
575,LightGBM,2022-01-02 04:55:00,146.0,137.5589782495361,True
575,LightGBM,2022-01-02 05:00:00,146.0,143.4465377588978,True
575,LightGBM,2022-01-02 05:05:00,147.0,140.75142871976763,True
575,LightGBM,2022-01-02 05:10:00,147.0,141.78187085736735,True
575,LightGBM,2022-01-02 05:15:00,147.0,154.04012578228898,True
575,LightGBM,2022-01-02 05:20:00,148.0,151.68489874211758,True
575,LightGBM,2022-01-02 05:25:00,149.0,149.54527754740636,True
575,LightGBM,2022-01-02 05:30:00,150.0,150.20395434586473,True
575,LightGBM,2022-01-02 05:35:00,150.0,152.35151883241892,True
575,LightGBM,2022-01-02 05:40:00,150.0,149.1617409745994,True
575,LightGBM,2022-01-02 05:45:00,150.0,149.66516821491015,True
575,LightGBM,2022-01-02 05:50:00,150.0,153.17826977483412,True
575,LightGBM,2022-01-02 05:55:00,150.0,153.89705083242285,True
575,LightGBM,2022-01-02 06:00:00,150.0,155.32507872328804,True
575,LightGBM,2022-01-02 06:05:00,150.0,153.5358480229105,True
575,LightGBM,2022-01-02 06:10:00,148.0,153.59049213261412,True
575,LightGBM,2022-01-02 06:15:00,148.0,153.52306630874236,True
575,LightGBM,2022-01-02 06:20:00,148.0,153.2102496642013,True
575,LightGBM,2022-01-02 06:25:00,148.0,153.25784953408004,True
575,LightGBM,2022-01-02 06:30:00,149.0,153.21961147679133,True
575,LightGBM,2022-01-02 06:35:00,150.0,153.3953043267768,True
575,LightGBM,2022-01-02 06:40:00,152.0,147.95934457351353,True
575,LightGBM,2022-01-02 06:45:00,154.0,150.5837741148841,True
575,LightGBM,2022-01-02 06:50:00,155.0,149.32555929703122,True
575,LightGBM,2022-01-02 06:55:00,156.0,149.76592847213186,True
575,LightGBM,2022-01-02 07:00:00,156.0,153.66501113651523,True
575,LightGBM,2022-01-02 07:05:00,156.0,154.9464730813154,True
575,LightGBM,2022-01-02 07:10:00,157.0,157.2295440059559,True
575,LightGBM,2022-01-02 07:15:00,157.0,159.31036191297235,True
575,LightGBM,2022-01-02 07:20:00,156.0,160.69554865299173,True
575,LightGBM,2022-01-02 07:25:00,155.0,162.3076063657152,True
575,LightGBM,2022-01-02 07:30:00,155.0,161.03975862081052,True
575,LightGBM,2022-01-02 07:35:00,156.0,160.8710673526203,True
575,LightGBM,2022-01-02 07:40:00,157.0,161.12289885272907,True
575,LightGBM,2022-01-02 07:45:00,158.0,160.7656704333576,True
575,LightGBM,2022-01-02 07:50:00,159.0,157.83258110156612,True
575,LightGBM,2022-01-02 07:55:00,160.0,155.9568753705338,True
575,LightGBM,2022-01-02 08:00:00,163.0,158.1552852567995,True
575,LightGBM,2022-01-02 08:05:00,163.0,158.6504139905755,True
575,LightGBM,2022-01-02 08:10:00,162.0,160.04284276347857,True
575,LightGBM,2022-01-02 08:15:00,164.0,162.61232489881087,True
575,LightGBM,2022-01-02 08:20:00,166.0,164.3170253811446,True
575,LightGBM,2022-01-02 08:25:00,171.0,165.24670371256087,True
575,LightGBM,2022-01-02 08:30:00,173.0,170.65343681037916,True
575,LightGBM,2022-01-02 08:35:00,175.0,166.28998557656192,True
575,LightGBM,2022-01-02 08:40:00,179.0,163.5863785685923,True
575,LightGBM,2022-01-02 08:45:00,183.0,168.7933146024596,True
575,LightGBM,2022-01-02 08:50:00,185.0,170.23552136560392,True
575,LightGBM,2022-01-02 08:55:00,191.0,184.33021208300394,True
575,LightGBM,2022-01-02 09:00:00,199.0,179.81113448686799,True
575,LightGBM,2022-01-02 09:05:00,202.0,184.06083618093635,True
575,LightGBM,2022-01-02 09:10:00,208.0,189.0380859888498,True
575,LightGBM,2022-01-02 09:15:00,171.0,195.9014506872682,True
575,LightGBM,2022-01-02 09:20:00,179.0,193.67420271949715,True
575,LightGBM,2022-01-02 09:25:00,188.0,210.2378900734504,True
575,LightGBM,2022-01-02 09:30:00,197.0,220.6974357830985,True
575,LightGBM,2022-01-02 09:35:00,204.0,215.50247770310742,True
575,LightGBM,2022-01-02 09:40:00,212.0,222.84119746242123,True
575,LightGBM,2022-01-02 09:45:00,219.0,173.6661794880082,True
575,LightGBM,2022-01-02 09:50:00,224.0,202.96272561086718,True
575,LightGBM,2022-01-02 09:55:00,230.0,208.5112312732053,True
575,LightGBM,2022-01-02 10:00:00,235.0,216.83803236007958,True
575,LightGBM,2022-01-02 10:05:00,241.0,213.65851327951748,True
575,LightGBM,2022-01-02 10:10:00,248.0,228.53957572799186,True
575,LightGBM,2022-01-02 10:15:00,252.0,229.49734181270668,True
575,LightGBM,2022-01-02 10:20:00,255.0,226.2454213368985,True
575,LightGBM,2022-01-02 10:25:00,257.0,241.2954266437332,True
575,LightGBM,2022-01-02 10:30:00,258.0,238.91378760113412,True
575,LightGBM,2022-01-02 10:35:00,257.0,250.64831262241236,True
575,LightGBM,2022-01-02 10:40:00,261.0,257.8305288207505,True
575,LightGBM,2022-01-02 10:45:00,261.0,253.73862813041984,True
575,LightGBM,2022-01-02 10:50:00,260.0,253.9766803479665,True
575,LightGBM,2022-01-02 10:55:00,257.0,252.85338606412665,True
575,LightGBM,2022-01-02 11:00:00,252.0,256.06310189910687,True
575,LightGBM,2022-01-02 11:05:00,246.0,249.93028125044927,True
575,LightGBM,2022-01-02 11:10:00,240.0,263.8982998907018,True
575,LightGBM,2022-01-02 11:15:00,236.0,254.70412569833871,True
575,LightGBM,2022-01-02 11:20:00,233.0,256.4150661763164,True
575,LightGBM,2022-01-02 11:25:00,230.0,239.84693097926993,True
575,LightGBM,2022-01-02 11:30:00,226.0,232.3411461967648,True
575,LightGBM,2022-01-02 11:35:00,224.0,219.34322283845634,True
575,LightGBM,2022-01-02 11:40:00,221.0,212.3388719957611,True
575,LightGBM,2022-01-02 11:45:00,217.0,214.90150197771334,True
575,LightGBM,2022-01-02 11:50:00,212.0,211.36590182355505,True
575,LightGBM,2022-01-02 11:55:00,204.0,208.09428038203416,True
575,LightGBM,2022-01-02 12:00:00,198.0,203.15698062472993,True
575,LightGBM,2022-01-02 12:05:00,196.0,201.60110021679586,True
575,LightGBM,2022-01-02 12:10:00,197.0,199.33328075460665,True
575,LightGBM,2022-01-02 12:15:00,203.0,195.90025294163172,True
575,LightGBM,2022-01-02 12:20:00,205.0,190.03598609875894,True
575,LightGBM,2022-01-02 12:25:00,204.0,177.49243091840415,True
575,LightGBM,2022-01-02 12:30:00,211.0,174.25419888221793,True
575,LightGBM,2022-01-02 12:35:00,215.0,177.90008888692552,True
575,LightGBM,2022-01-02 12:40:00,218.0,188.25403568875095,True
575,LightGBM,2022-01-02 12:45:00,220.0,202.5874726392055,True
575,LightGBM,2022-01-02 12:50:00,222.0,198.36238873031047,True
575,LightGBM,2022-01-02 12:55:00,235.0,195.24717780063045,True
575,LightGBM,2022-01-02 13:00:00,242.0,222.55310011354996,True
575,LightGBM,2022-01-02 13:05:00,251.0,219.86282555241002,True
575,LightGBM,2022-01-02 13:10:00,257.0,224.2849572804294,True
575,LightGBM,2022-01-02 13:15:00,265.0,226.4065712441382,True
575,LightGBM,2022-01-02 13:20:00,267.0,227.55958311789342,True
575,LightGBM,2022-01-02 13:25:00,268.0,252.98442330346708,True
575,LightGBM,2022-01-02 13:30:00,267.0,247.52830085090216,True
575,LightGBM,2022-01-02 13:35:00,266.0,266.92118779583075,True
575,LightGBM,2022-01-02 13:40:00,265.0,258.3942078748333,True
575,LightGBM,2022-01-02 13:45:00,262.0,272.4917606787646,True
575,LightGBM,2022-01-02 13:50:00,259.0,259.46553833531414,True
575,LightGBM,2022-01-02 13:55:00,257.0,257.1162762824742,True
575,LightGBM,2022-01-02 14:00:00,255.0,252.67892230857655,True
575,LightGBM,2022-01-02 14:05:00,256.0,256.1602474679166,True
575,LightGBM,2022-01-02 14:10:00,253.0,255.01561130917855,True
575,LightGBM,2022-01-02 14:15:00,246.0,242.76569472712725,True
575,LightGBM,2022-01-02 14:20:00,229.0,238.45592254924546,True
575,LightGBM,2022-01-02 14:25:00,218.0,239.69732939517922,True
575,LightGBM,2022-01-02 14:30:00,213.0,237.056470254266,True
575,LightGBM,2022-01-02 14:35:00,210.0,246.21143067591797,True
575,LightGBM,2022-01-02 14:40:00,207.0,233.46261588422314,True
575,LightGBM,2022-01-02 14:45:00,209.0,217.14687172157178,True
575,LightGBM,2022-01-02 14:50:00,216.0,196.6218199374104,True
575,LightGBM,2022-01-02 14:55:00,216.0,181.23464722307457,True
575,LightGBM,2022-01-02 15:00:00,216.0,188.31022122802014,True
575,LightGBM,2022-01-02 15:05:00,217.0,185.92285729889008,True
575,LightGBM,2022-01-02 15:10:00,221.0,183.43833463444918,True
575,LightGBM,2022-01-02 15:15:00,225.0,197.85646639003548,True
575,LightGBM,2022-01-02 15:20:00,228.0,214.0006677411633,True
575,LightGBM,2022-01-02 15:25:00,229.0,202.0123365657621,True
575,LightGBM,2022-01-02 15:30:00,227.0,209.90797393005133,True
575,LightGBM,2022-01-02 15:35:00,229.0,213.8158154066492,True
575,LightGBM,2022-01-02 15:40:00,231.0,226.4551869923034,True
575,LightGBM,2022-01-02 15:45:00,230.0,231.04813149066115,True
575,LightGBM,2022-01-02 15:50:00,229.0,230.30536783918063,True
575,LightGBM,2022-01-02 15:55:00,229.0,227.51243620717472,True
575,LightGBM,2022-01-02 16:00:00,227.0,215.3030309617037,True
575,LightGBM,2022-01-02 16:05:00,222.0,226.2664385344566,True
575,LightGBM,2022-01-02 16:10:00,221.0,225.90488579191836,True
575,LightGBM,2022-01-02 16:15:00,221.0,219.0384551965964,True
575,LightGBM,2022-01-02 16:20:00,224.0,222.13334766423264,True
575,LightGBM,2022-01-02 16:25:00,232.0,222.87523270312175,True
575,LightGBM,2022-01-02 16:30:00,235.0,212.64074832775077,True
575,LightGBM,2022-01-02 16:35:00,230.0,198.88328675092825,True
575,LightGBM,2022-01-02 16:40:00,224.0,211.5696038753154,True
575,LightGBM,2022-01-02 16:45:00,221.0,213.81624799279993,True
575,LightGBM,2022-01-02 16:50:00,218.0,221.17331542942722,True
575,LightGBM,2022-01-02 16:55:00,219.0,239.23076026862412,True
575,LightGBM,2022-01-02 17:00:00,219.0,236.1196990752836,True
575,LightGBM,2022-01-02 17:05:00,222.0,216.5979050549406,True
575,LightGBM,2022-01-02 17:10:00,226.0,207.66444795686766,True
575,LightGBM,2022-01-02 17:15:00,234.0,208.5672650498245,True
575,LightGBM,2022-01-02 17:20:00,239.0,205.22911612650103,True
575,LightGBM,2022-01-02 17:25:00,240.0,212.99797683083034,True
575,LightGBM,2022-01-02 17:30:00,245.0,210.62848381852513,True
575,LightGBM,2022-01-02 17:35:00,250.0,220.51110858300686,True
575,LightGBM,2022-01-02 17:40:00,254.0,228.1458648276417,True
575,LightGBM,2022-01-02 17:45:00,253.0,243.76563249718623,True
575,LightGBM,2022-01-02 17:50:00,248.0,244.77709607157658,True
575,LightGBM,2022-01-02 17:55:00,241.0,239.87732361306757,True
575,LightGBM,2022-01-02 18:00:00,233.0,247.65129516531135,True
575,LightGBM,2022-01-02 18:05:00,225.0,249.1762830588622,True
575,LightGBM,2022-01-02 18:10:00,218.0,251.9755448298112,True
575,LightGBM,2022-01-02 18:15:00,208.0,239.43435164415553,True
575,LightGBM,2022-01-02 18:20:00,199.0,224.26833245540934,True
575,LightGBM,2022-01-02 18:25:00,192.0,210.47652523475642,True
575,LightGBM,2022-01-02 18:30:00,183.0,199.25729919403378,True
575,LightGBM,2022-01-02 18:35:00,175.0,194.06199960208681,True
575,LightGBM,2022-01-02 18:40:00,166.0,188.5105627832691,True
575,LightGBM,2022-01-02 18:45:00,158.0,171.29325030846118,True
575,LightGBM,2022-01-02 18:50:00,152.0,169.22936134302049,True
575,LightGBM,2022-01-02 18:55:00,146.0,166.95187487824003,True
575,LightGBM,2022-01-02 19:00:00,137.0,154.31241736347704,True
575,LightGBM,2022-01-02 19:05:00,132.0,147.64462116881865,True
575,LightGBM,2022-01-02 19:10:00,126.0,133.45794209555677,True
575,LightGBM,2022-01-02 19:15:00,122.0,130.62830571956223,True
575,LightGBM,2022-01-02 19:20:00,120.0,129.85992782095713,True
575,LightGBM,2022-01-02 19:25:00,120.0,125.48285160631183,True
575,LightGBM,2022-01-02 19:30:00,114.0,112.90286663967424,True
575,LightGBM,2022-01-02 19:35:00,107.0,113.65126397968083,True
575,LightGBM,2022-01-02 19:40:00,102.0,107.09525771454304,True
575,LightGBM,2022-01-02 19:45:00,100.0,108.36891909073687,True
575,LightGBM,2022-01-02 19:50:00,97.0,112.14433751520625,True
575,LightGBM,2022-01-02 19:55:00,99.0,116.3588340674943,True
575,LightGBM,2022-01-02 20:00:00,98.0,97.29906287868124,True
575,LightGBM,2022-01-02 20:05:00,96.0,94.19103227588845,True
575,LightGBM,2022-01-02 20:10:00,95.0,92.76003405197343,True
575,LightGBM,2022-01-02 20:15:00,96.0,96.05639390633652,True
575,LightGBM,2022-01-02 20:20:00,98.0,90.99603337961166,True
575,LightGBM,2022-01-02 20:25:00,101.0,108.74041689528869,True
575,LightGBM,2022-01-02 20:30:00,104.0,95.61932241053165,True
575,LightGBM,2022-01-02 20:35:00,108.0,93.98141347136954,True
575,LightGBM,2022-01-02 20:40:00,110.0,93.53150077933014,True
575,LightGBM,2022-01-02 20:45:00,109.0,99.85480485670705,True
575,LightGBM,2022-01-02 20:50:00,78.0,105.03208847969734,True
575,LightGBM,2022-01-02 20:55:00,81.0,114.0601690485777,True
575,LightGBM,2022-01-02 21:00:00,80.0,118.75177186460006,True
575,LightGBM,2022-01-02 21:05:00,81.0,124.90686493217163,True
575,LightGBM,2022-01-02 21:10:00,81.0,120.663612843678,True
575,LightGBM,2022-01-02 21:15:00,80.0,111.37776368798757,True
575,LightGBM,2022-01-02 21:20:00,78.0,86.58359165145333,True
575,LightGBM,2022-01-02 21:25:00,78.0,100.97543011903105,True
575,LightGBM,2022-01-02 21:30:00,78.0,86.26225222239451,True
575,LightGBM,2022-01-02 21:35:00,77.0,92.60648734183633,True
575,LightGBM,2022-01-02 21:40:00,76.0,85.48206326887995,True
575,LightGBM,2022-01-02 21:45:00,78.0,84.37871834401511,True
575,LightGBM,2022-01-02 21:50:00,80.0,80.63417862768789,True
575,LightGBM,2022-01-02 21:55:00,81.0,84.94112054607959,True
575,LightGBM,2022-01-02 22:00:00,80.0,84.3745631095032,True
575,LightGBM,2022-01-02 22:05:00,82.0,80.44236054552923,True
575,LightGBM,2022-01-02 22:10:00,84.0,78.427652633767,True
575,LightGBM,2022-01-02 22:15:00,90.0,89.24450899197404,True
575,LightGBM,2022-01-02 22:20:00,93.0,90.22883854682485,True
575,LightGBM,2022-01-02 22:25:00,95.0,89.5706167554133,True
575,LightGBM,2022-01-02 22:30:00,96.0,84.76968743447317,True
575,LightGBM,2022-01-02 22:35:00,99.0,93.76013118631744,True
575,LightGBM,2022-01-02 22:40:00,103.0,95.54813556626983,True
575,LightGBM,2022-01-02 22:45:00,105.0,112.97506523378112,True
575,LightGBM,2022-01-02 22:50:00,108.0,108.53077466109767,True
575,LightGBM,2022-01-02 22:55:00,108.0,106.7265790957386,True
575,LightGBM,2022-01-02 23:00:00,111.0,104.17812802683677,True
575,LightGBM,2022-01-02 23:05:00,113.0,114.84521016485718,True
575,LightGBM,2022-01-02 23:10:00,114.0,120.53936963480128,True
575,LightGBM,2022-01-02 23:15:00,112.0,113.92752911489058,True
575,LightGBM,2022-01-02 23:20:00,109.0,121.16279933884375,True
575,LightGBM,2022-01-02 23:25:00,107.0,111.97321924564812,True
575,LightGBM,2022-01-02 23:30:00,105.0,122.02129100173477,True
575,LightGBM,2022-01-02 23:35:00,104.0,120.26235580212975,True
575,LightGBM,2022-01-02 23:40:00,102.0,120.02727960365405,True
575,LightGBM,2022-01-02 23:45:00,101.0,111.50719182258251,True
575,LightGBM,2022-01-02 23:50:00,101.0,106.09982908854018,True
575,LightGBM,2022-01-02 23:55:00,100.0,102.15026390473993,True
575,LightGBM,2022-01-03 00:00:00,100.0,100.13319905192817,True
575,LightGBM,2022-01-03 00:05:00,99.0,99.95949418306499,True
575,LightGBM,2022-01-03 00:10:00,100.0,96.50316976133979,True
575,LightGBM,2022-01-03 00:15:00,100.0,96.53132485730396,True
575,LightGBM,2022-01-03 00:20:00,101.0,99.8073659355956,True
575,LightGBM,2022-01-03 00:25:00,101.0,96.30656362974618,True
575,LightGBM,2022-01-03 00:30:00,102.0,98.85973620892584,True
575,LightGBM,2022-01-03 00:35:00,102.0,95.77762615557978,True
575,LightGBM,2022-01-03 00:40:00,103.0,102.56590935397057,True
575,LightGBM,2022-01-03 00:45:00,102.0,99.0371977448518,True
575,LightGBM,2022-01-03 00:50:00,100.0,104.28472010469488,True
575,LightGBM,2022-01-03 00:55:00,98.0,101.54587541054448,True
575,LightGBM,2022-01-03 01:00:00,96.0,105.9651192127031,True
575,LightGBM,2022-01-03 01:05:00,94.0,103.42951112893464,True
575,LightGBM,2022-01-03 01:10:00,93.0,108.00068195988764,True
575,LightGBM,2022-01-03 01:15:00,91.0,99.96866697276043,True
575,LightGBM,2022-01-03 01:20:00,91.0,97.55989183193547,True
575,LightGBM,2022-01-03 01:25:00,90.0,93.93407411362296,True
575,LightGBM,2022-01-03 01:30:00,90.0,92.36853556620504,True
575,LightGBM,2022-01-03 01:35:00,91.0,91.63174672528348,True
575,LightGBM,2022-01-03 01:40:00,90.0,91.53854129784717,True
575,LightGBM,2022-01-03 01:45:00,90.0,88.94087185338421,True
575,LightGBM,2022-01-03 01:50:00,88.0,92.67081464941332,True
575,LightGBM,2022-01-03 01:55:00,86.0,89.57574014892103,True
575,LightGBM,2022-01-03 02:00:00,85.0,91.45196972017902,True
575,LightGBM,2022-01-03 02:05:00,85.0,94.39665731742761,True
575,LightGBM,2022-01-03 02:10:00,84.0,89.43384838758878,True
575,LightGBM,2022-01-03 02:15:00,83.0,92.19362719849171,True
575,LightGBM,2022-01-03 02:20:00,82.0,86.63039031775824,True
575,LightGBM,2022-01-03 02:25:00,80.0,83.95656716924724,True
575,LightGBM,2022-01-03 02:30:00,80.0,84.15453892467808,True
575,LightGBM,2022-01-03 02:35:00,79.0,85.74390766226485,True
575,LightGBM,2022-01-03 02:40:00,78.0,84.18574450604788,True
575,LightGBM,2022-01-03 02:45:00,78.0,82.5349325339728,True
575,LightGBM,2022-01-03 02:50:00,77.0,81.0304501204665,True
575,LightGBM,2022-01-03 02:55:00,75.0,78.63164328287945,True
575,LightGBM,2022-01-03 03:00:00,74.0,81.46924720595253,True
575,LightGBM,2022-01-03 03:05:00,74.0,79.29634995012417,True
575,LightGBM,2022-01-03 03:10:00,73.0,76.88021706744938,True
575,LightGBM,2022-01-03 03:15:00,73.0,78.26776829827588,True
575,LightGBM,2022-01-03 03:20:00,72.0,76.06563043622612,True
575,LightGBM,2022-01-03 03:25:00,72.0,74.75523150105735,True
575,LightGBM,2022-01-03 03:30:00,72.0,75.09323144096109,True
575,LightGBM,2022-01-03 03:35:00,71.0,76.78601916981043,True
575,LightGBM,2022-01-03 03:40:00,71.0,75.45658513280601,True
575,LightGBM,2022-01-03 03:45:00,70.0,76.63046582676542,True
575,LightGBM,2022-01-03 03:50:00,70.0,73.38095177206588,True
575,LightGBM,2022-01-03 03:55:00,69.0,74.28621417961077,True
575,LightGBM,2022-01-03 04:00:00,68.0,75.09841712471392,True
575,LightGBM,2022-01-03 04:05:00,67.0,72.65314524992668,True
575,LightGBM,2022-01-03 04:10:00,66.0,73.6906522567656,True
575,LightGBM,2022-01-03 04:15:00,65.0,71.69158254290201,True
575,LightGBM,2022-01-03 04:20:00,65.0,72.37165984213372,True
575,LightGBM,2022-01-03 04:25:00,65.0,71.78164031167812,True
575,LightGBM,2022-01-03 04:30:00,64.0,70.28938925987404,True
575,LightGBM,2022-01-03 04:35:00,62.0,70.43800522165456,True
575,LightGBM,2022-01-03 04:40:00,60.0,70.04709692685437,True
575,LightGBM,2022-01-03 04:45:00,59.0,70.4299307295837,True
575,LightGBM,2022-01-03 04:50:00,59.0,71.7346734676874,True
575,LightGBM,2022-01-03 04:55:00,59.0,72.21632893437743,True
575,LightGBM,2022-01-03 05:00:00,58.0,71.33000458086481,True
575,LightGBM,2022-01-03 05:05:00,58.0,68.74907908196715,True
575,LightGBM,2022-01-03 05:10:00,57.0,66.23559902793335,True
575,LightGBM,2022-01-03 05:15:00,55.0,66.73928766115561,True
575,LightGBM,2022-01-03 05:20:00,54.0,67.86578512380783,True
575,LightGBM,2022-01-03 05:25:00,54.0,67.7505833778328,True
575,LightGBM,2022-01-03 05:30:00,53.0,66.96201289501586,True
575,LightGBM,2022-01-03 05:35:00,53.0,69.07701969020532,True
575,LightGBM,2022-01-03 05:40:00,54.0,66.06590344967917,True
575,LightGBM,2022-01-03 05:45:00,53.0,63.427631060811365,True
575,LightGBM,2022-01-03 05:50:00,54.0,64.04853588298302,True
575,LightGBM,2022-01-03 05:55:00,56.0,63.291747981269474,True
575,LightGBM,2022-01-03 06:00:00,55.0,63.10745583329432,True
575,LightGBM,2022-01-03 06:05:00,55.0,62.957966548416934,True
575,LightGBM,2022-01-03 06:10:00,56.0,67.42825626913184,True
575,LightGBM,2022-01-03 06:15:00,56.0,62.73299874254096,True
575,LightGBM,2022-01-03 06:20:00,56.0,69.77376638874122,True
575,LightGBM,2022-01-03 06:25:00,58.0,75.37321600541978,True
575,LightGBM,2022-01-03 06:30:00,59.0,67.2042635333006,True
575,LightGBM,2022-01-03 06:35:00,59.0,68.02934687761693,True
575,LightGBM,2022-01-03 06:40:00,59.0,69.57925384641013,True
575,LightGBM,2022-01-03 06:45:00,60.0,65.88894335533777,True
575,LightGBM,2022-01-03 06:50:00,71.0,68.62671869495357,True
575,LightGBM,2022-01-03 06:55:00,73.0,81.63235046647287,True
575,LightGBM,2022-01-03 07:00:00,76.0,77.12244111985802,True
575,LightGBM,2022-01-03 07:05:00,81.0,88.04058371535893,True
575,LightGBM,2022-01-03 07:10:00,87.0,87.57047000258127,True
575,LightGBM,2022-01-03 07:15:00,93.0,85.55735897660968,True
575,LightGBM,2022-01-03 07:20:00,100.0,120.71638716063616,True
575,LightGBM,2022-01-03 07:25:00,104.0,106.4197223293621,True
575,LightGBM,2022-01-03 07:30:00,106.0,104.94851748431856,True
575,LightGBM,2022-01-03 07:35:00,110.0,111.18864358042961,True
575,LightGBM,2022-01-03 07:40:00,113.0,112.9448553201997,True
575,LightGBM,2022-01-03 07:45:00,117.0,117.65032310033155,True
575,LightGBM,2022-01-03 07:50:00,121.0,129.76691718341448,True
575,LightGBM,2022-01-03 07:55:00,124.0,120.82970279423378,True
575,LightGBM,2022-01-03 08:00:00,128.0,115.31986329096112,True
575,LightGBM,2022-01-03 08:05:00,132.0,126.29555582907939,True
575,LightGBM,2022-01-03 08:10:00,130.0,122.30007408052077,True
575,LightGBM,2022-01-03 08:15:00,130.0,129.13989335040768,True
575,LightGBM,2022-01-03 08:20:00,133.0,133.15622016752326,True
575,LightGBM,2022-01-03 08:25:00,132.0,132.56193761935813,True
575,LightGBM,2022-01-03 08:30:00,133.0,143.48172040206043,True
575,LightGBM,2022-01-03 08:35:00,135.0,144.92858371413212,True
575,LightGBM,2022-01-03 08:40:00,133.0,129.34213522258446,True
575,LightGBM,2022-01-03 08:45:00,130.0,134.28566966372455,True
575,LightGBM,2022-01-03 08:50:00,126.0,143.47954295340074,True
575,LightGBM,2022-01-03 08:55:00,126.0,129.99195018919136,True
575,LightGBM,2022-01-03 09:00:00,122.0,139.24308488982342,True
575,LightGBM,2022-01-03 09:05:00,118.0,140.55426698544903,True
575,LightGBM,2022-01-03 09:10:00,116.0,129.96179056880047,True
575,LightGBM,2022-01-03 09:15:00,115.0,126.33382211609823,True
575,LightGBM,2022-01-03 09:20:00,112.0,117.87596377621036,True
575,LightGBM,2022-01-03 09:25:00,109.0,127.1499073758291,True
575,LightGBM,2022-01-03 09:30:00,108.0,113.58195170691558,True
575,LightGBM,2022-01-03 09:35:00,105.0,109.80254241173593,True
575,LightGBM,2022-01-03 09:40:00,103.0,112.02110446407436,True
575,LightGBM,2022-01-03 09:45:00,101.0,112.38645786846637,True
575,LightGBM,2022-01-03 09:50:00,100.0,103.93428279938621,True
575,LightGBM,2022-01-03 09:55:00,99.0,99.86824095557952,True
575,LightGBM,2022-01-03 10:00:00,98.0,104.20457951796998,True
575,LightGBM,2022-01-03 10:05:00,98.0,96.85697102658449,True
575,LightGBM,2022-01-03 10:10:00,98.0,97.70308074578912,True
575,LightGBM,2022-01-03 10:15:00,98.0,94.45846845692859,True
575,LightGBM,2022-01-03 10:20:00,99.0,96.36774597597258,True
575,LightGBM,2022-01-03 10:25:00,100.0,96.41448930229694,True
575,LightGBM,2022-01-03 10:30:00,97.0,93.8594052895811,True
575,LightGBM,2022-01-03 10:35:00,95.0,97.43863522990318,True
575,LightGBM,2022-01-03 10:40:00,95.0,98.17959829599897,True
575,LightGBM,2022-01-03 10:45:00,93.0,98.96978373111959,True
575,LightGBM,2022-01-03 10:50:00,92.0,105.2990171465482,True
575,LightGBM,2022-01-03 10:55:00,91.0,105.5089281568055,True
575,LightGBM,2022-01-03 11:00:00,91.0,96.71790165547424,True
575,LightGBM,2022-01-03 11:05:00,91.0,93.84302317173423,True
575,LightGBM,2022-01-03 11:10:00,90.0,98.28285534841872,True
575,LightGBM,2022-01-03 11:15:00,90.0,93.05222934742177,True
575,LightGBM,2022-01-03 11:20:00,91.0,93.65585514652078,True
575,LightGBM,2022-01-03 11:25:00,92.0,91.68522839467573,True
575,LightGBM,2022-01-03 11:30:00,93.0,95.62408403301224,True
575,LightGBM,2022-01-03 11:35:00,93.0,96.02432919359747,True
575,LightGBM,2022-01-03 11:40:00,94.0,91.74606933552734,True
575,LightGBM,2022-01-03 11:45:00,95.0,94.71061483021383,True
575,LightGBM,2022-01-03 11:50:00,96.0,99.21561585405219,True
575,LightGBM,2022-01-03 11:55:00,98.0,101.48434644814228,True
575,LightGBM,2022-01-03 12:00:00,98.0,102.02334270574106,True
575,LightGBM,2022-01-03 12:05:00,99.0,98.75466174688265,True
575,LightGBM,2022-01-03 12:10:00,101.0,103.32767980738183,True
575,LightGBM,2022-01-03 12:15:00,101.0,103.38226330320133,True
575,LightGBM,2022-01-03 12:20:00,101.0,104.5647002806534,True
575,LightGBM,2022-01-03 12:25:00,102.0,109.85403218458147,True
575,LightGBM,2022-01-03 12:30:00,103.0,104.14354573300088,True
575,LightGBM,2022-01-03 12:35:00,103.0,110.94757814151619,True
575,LightGBM,2022-01-03 12:40:00,104.0,114.14652683833276,True
575,LightGBM,2022-01-03 12:45:00,105.0,107.89864222411697,True
575,LightGBM,2022-01-03 12:50:00,106.0,107.91133767078826,True
575,LightGBM,2022-01-03 12:55:00,106.0,110.99363036736536,True
575,LightGBM,2022-01-03 13:00:00,107.0,112.20757609098463,True
575,LightGBM,2022-01-03 13:05:00,107.0,110.50867487935416,True
575,LightGBM,2022-01-03 13:10:00,108.0,112.75400101798073,True
575,LightGBM,2022-01-03 13:15:00,108.0,112.77292730410403,True
575,LightGBM,2022-01-03 13:20:00,109.0,114.5991135420125,True
575,LightGBM,2022-01-03 13:25:00,109.0,112.45153066687689,True
575,LightGBM,2022-01-03 13:30:00,107.0,115.38161468294611,True
575,LightGBM,2022-01-03 13:35:00,108.0,113.3365508837022,True
575,LightGBM,2022-01-03 13:40:00,110.0,116.6433104789673,True
575,LightGBM,2022-01-03 13:45:00,111.0,114.1252748240655,True
575,LightGBM,2022-01-03 13:50:00,116.0,118.31434845076043,True
575,LightGBM,2022-01-03 13:55:00,123.0,115.96691516092902,True
575,LightGBM,2022-01-03 14:00:00,132.0,107.95998372016832,True
575,LightGBM,2022-01-03 14:05:00,142.0,115.47456911389496,True
575,LightGBM,2022-01-03 14:10:00,152.0,120.76190440968846,True
575,LightGBM,2022-01-03 14:15:00,161.0,119.41210939018401,True
575,LightGBM,2022-01-03 14:20:00,167.0,133.29732888240085,True
575,LightGBM,2022-01-03 14:25:00,172.0,146.50880759574412,True
575,LightGBM,2022-01-03 14:30:00,176.0,161.49561129717347,True
575,LightGBM,2022-01-03 14:35:00,181.0,171.51233400211763,True
575,LightGBM,2022-01-03 14:40:00,185.0,184.15522471671335,True
575,LightGBM,2022-01-03 14:45:00,189.0,189.66333142928625,True
575,LightGBM,2022-01-03 14:50:00,193.0,187.38919092143976,True
575,LightGBM,2022-01-03 14:55:00,195.0,187.14665099692112,True
575,LightGBM,2022-01-03 15:00:00,195.0,191.1485032858745,True
575,LightGBM,2022-01-03 15:05:00,194.0,197.27452971775878,True
575,LightGBM,2022-01-03 15:10:00,195.0,198.018879237732,True
575,LightGBM,2022-01-03 15:15:00,196.0,198.31069023983338,True
575,LightGBM,2022-01-03 15:20:00,194.0,200.97048209995762,True
575,LightGBM,2022-01-03 15:25:00,187.0,193.21538593660375,True
575,LightGBM,2022-01-03 15:30:00,185.0,188.84584572907164,True
575,LightGBM,2022-01-03 15:35:00,184.0,185.5878502605242,True
575,LightGBM,2022-01-03 15:40:00,181.0,195.56649018375003,True
575,LightGBM,2022-01-03 15:45:00,177.0,195.994854790414,True
575,LightGBM,2022-01-03 15:50:00,170.0,182.58383053840745,True
575,LightGBM,2022-01-03 15:55:00,166.0,166.88828947745645,True
575,LightGBM,2022-01-03 16:00:00,162.0,175.9915239693015,True
575,LightGBM,2022-01-03 16:05:00,158.0,178.43906580801604,True
575,LightGBM,2022-01-03 16:10:00,154.0,165.7554320906671,True
575,LightGBM,2022-01-03 16:15:00,152.0,160.48415074135139,True
575,LightGBM,2022-01-03 16:20:00,148.0,148.46889051397213,True
575,LightGBM,2022-01-03 16:25:00,144.0,149.98536163199353,True
575,LightGBM,2022-01-03 16:30:00,140.0,145.15257920108738,True
575,LightGBM,2022-01-03 16:35:00,138.0,141.71693688125623,True
575,LightGBM,2022-01-03 16:40:00,136.0,137.51700513108736,True
575,LightGBM,2022-01-03 16:45:00,131.0,138.72737950043532,True
575,LightGBM,2022-01-03 16:50:00,126.0,132.9554219128196,True
575,LightGBM,2022-01-03 16:55:00,124.0,131.10455169132413,True
575,LightGBM,2022-01-03 17:00:00,122.0,125.69347095881311,True
575,LightGBM,2022-01-03 17:05:00,117.0,129.10581008668322,True
575,LightGBM,2022-01-03 17:10:00,115.0,126.6626783918058,True
575,LightGBM,2022-01-03 17:15:00,114.0,110.28189014346495,True
575,LightGBM,2022-01-03 17:20:00,113.0,108.51595842296435,True
575,LightGBM,2022-01-03 17:25:00,109.0,116.43495727386967,True
575,LightGBM,2022-01-03 17:30:00,106.0,113.43730306543164,True
575,LightGBM,2022-01-03 17:35:00,106.0,101.13794155108477,True
575,LightGBM,2022-01-03 17:40:00,102.0,109.91932013476654,True
575,LightGBM,2022-01-03 17:45:00,100.0,109.62607327408959,True
575,LightGBM,2022-01-03 17:50:00,99.0,108.26281493558363,True
575,LightGBM,2022-01-03 17:55:00,102.0,99.13047565866752,True
575,LightGBM,2022-01-03 18:00:00,101.0,98.39427458900987,True
575,LightGBM,2022-01-03 18:05:00,98.0,106.67791623411587,True
575,LightGBM,2022-01-03 18:10:00,95.0,94.64648501034121,True
575,LightGBM,2022-01-03 18:15:00,95.0,97.390245038132,True
575,LightGBM,2022-01-03 18:20:00,96.0,96.8167835400114,True
575,LightGBM,2022-01-03 18:25:00,96.0,113.09030903298495,True
575,LightGBM,2022-01-03 18:30:00,96.0,99.0947618296063,True
575,LightGBM,2022-01-03 18:35:00,95.0,95.49105080764505,True
575,LightGBM,2022-01-03 18:40:00,96.0,90.79612427425214,True
575,LightGBM,2022-01-03 18:45:00,119.0,97.52020110698697,True
575,LightGBM,2022-01-03 18:50:00,127.0,99.88649961885592,True
575,LightGBM,2022-01-03 18:55:00,134.0,97.07607782545638,True
575,LightGBM,2022-01-03 19:00:00,141.0,98.14364712852371,True
575,LightGBM,2022-01-03 19:05:00,144.0,100.2337015728717,True
575,LightGBM,2022-01-03 19:10:00,145.0,102.7684143529609,True
575,LightGBM,2022-01-03 19:15:00,152.0,146.5102912138808,True
575,LightGBM,2022-01-03 19:20:00,161.0,157.42197314528906,True
575,LightGBM,2022-01-03 19:25:00,168.0,153.97163932205856,True
575,LightGBM,2022-01-03 19:30:00,172.0,158.57498472028922,True
575,LightGBM,2022-01-03 19:35:00,173.0,151.40954294669945,True
575,LightGBM,2022-01-03 19:40:00,178.0,146.25364828606558,True
575,LightGBM,2022-01-03 19:45:00,182.0,167.34923703468112,True
575,LightGBM,2022-01-03 19:50:00,182.0,183.1086574484655,True
575,LightGBM,2022-01-03 19:55:00,183.0,181.5133498069407,True
575,LightGBM,2022-01-03 20:00:00,185.0,176.65839005125625,True
575,LightGBM,2022-01-03 20:05:00,188.0,172.18037066693296,True
575,LightGBM,2022-01-03 20:10:00,192.0,192.1224415247025,True
575,LightGBM,2022-01-03 20:15:00,194.0,189.83670879832846,True
575,LightGBM,2022-01-03 20:20:00,199.0,181.55844294265557,True
575,LightGBM,2022-01-03 20:25:00,202.0,191.6626785917701,True
575,LightGBM,2022-01-03 20:30:00,204.0,193.22464024174906,True
575,LightGBM,2022-01-03 20:35:00,205.0,197.25259307182262,True
575,LightGBM,2022-01-03 20:40:00,205.0,199.90807161752298,True
575,LightGBM,2022-01-03 20:45:00,207.0,188.12794836404055,True
575,LightGBM,2022-01-03 20:50:00,202.0,211.3513185952711,True
575,LightGBM,2022-01-03 20:55:00,192.0,202.4476537098608,True
575,LightGBM,2022-01-03 21:00:00,192.0,200.06688249618205,True
575,LightGBM,2022-01-03 21:05:00,188.0,198.18328597258736,True
575,LightGBM,2022-01-03 21:10:00,184.0,196.96835435151064,True
575,LightGBM,2022-01-03 21:15:00,180.0,206.80223009315299,True
575,LightGBM,2022-01-03 21:20:00,177.0,181.497346633724,True
575,LightGBM,2022-01-03 21:25:00,173.0,174.2425666243277,True
575,LightGBM,2022-01-03 21:30:00,170.0,188.02537768674512,True
575,LightGBM,2022-01-03 21:35:00,165.0,174.35280374674824,True
575,LightGBM,2022-01-03 21:40:00,158.0,172.78017250824664,True
575,LightGBM,2022-01-03 21:45:00,152.0,166.09052208003092,True
575,LightGBM,2022-01-03 21:50:00,148.0,162.60015793278552,True
575,LightGBM,2022-01-03 21:55:00,147.0,156.6592363230625,True
575,LightGBM,2022-01-03 22:00:00,146.0,156.33829375813886,True
575,LightGBM,2022-01-03 22:05:00,144.0,148.68494449925785,True
575,LightGBM,2022-01-03 22:10:00,143.0,132.3836825999171,True
575,LightGBM,2022-01-03 22:15:00,142.0,130.4566599328162,True
575,LightGBM,2022-01-03 22:20:00,139.0,133.88179157573975,True
575,LightGBM,2022-01-03 22:25:00,135.0,137.08210573666076,True
575,LightGBM,2022-01-03 22:30:00,135.0,135.32672796721627,True
575,LightGBM,2022-01-03 22:35:00,131.0,132.9230110913852,True
575,LightGBM,2022-01-03 22:40:00,128.0,134.6930200230703,True
575,LightGBM,2022-01-03 22:45:00,126.0,134.5593560542516,True
575,LightGBM,2022-01-03 22:50:00,125.0,127.50258443192317,True
575,LightGBM,2022-01-03 22:55:00,122.0,122.57459268032261,True
575,LightGBM,2022-01-03 23:00:00,117.0,130.68006860047723,True
575,LightGBM,2022-01-03 23:05:00,116.0,116.7188477972285,True
575,LightGBM,2022-01-03 23:10:00,115.0,121.4306097185564,True
575,LightGBM,2022-01-03 23:15:00,116.0,119.07666386452846,True
575,LightGBM,2022-01-03 23:20:00,114.0,119.36808991631813,True
575,LightGBM,2022-01-03 23:25:00,112.0,112.60669998132614,True
575,LightGBM,2022-01-03 23:30:00,112.0,101.41983019448374,True
575,LightGBM,2022-01-03 23:35:00,112.0,112.43963924670196,True
575,LightGBM,2022-01-03 23:40:00,112.0,110.32334862495937,True
575,LightGBM,2022-01-03 23:45:00,112.0,114.07399385441485,True
575,LightGBM,2022-01-03 23:50:00,111.0,107.08240897987297,True
575,LightGBM,2022-01-03 23:55:00,111.0,105.98117101347233,True
575,LightGBM,2022-01-04 00:00:00,110.0,111.16145047294204,True
575,LightGBM,2022-01-04 00:05:00,109.0,110.52322421558561,True
575,LightGBM,2022-01-04 00:10:00,108.0,111.6193845424633,True
575,LightGBM,2022-01-04 00:15:00,105.0,112.19333926975322,True
575,LightGBM,2022-01-04 00:20:00,103.0,108.31008278883529,True
575,LightGBM,2022-01-04 00:25:00,102.0,111.75860356259169,True
575,LightGBM,2022-01-04 00:30:00,101.0,107.48523293447126,True
575,LightGBM,2022-01-04 00:35:00,101.0,106.88574952995825,True
575,LightGBM,2022-01-04 00:40:00,100.0,104.73076320577364,True
575,LightGBM,2022-01-04 00:45:00,100.0,98.67239699277984,True
575,LightGBM,2022-01-04 00:50:00,100.0,98.4674140350324,True
575,LightGBM,2022-01-04 00:55:00,100.0,96.84461605264971,True
575,LightGBM,2022-01-04 01:00:00,100.0,97.05451759806051,True
575,LightGBM,2022-01-04 01:05:00,99.0,99.94963097066118,True
575,LightGBM,2022-01-04 01:10:00,98.0,96.33497913768886,True
575,LightGBM,2022-01-04 01:15:00,97.0,98.8918251376132,True
575,LightGBM,2022-01-04 01:20:00,97.0,98.98782965777431,True
575,LightGBM,2022-01-04 01:25:00,95.0,99.41324664785382,True
575,LightGBM,2022-01-04 01:30:00,94.0,99.59881291070076,True
575,LightGBM,2022-01-04 01:35:00,93.0,96.48756640617844,True
575,LightGBM,2022-01-04 01:40:00,93.0,94.55707710673417,True
575,LightGBM,2022-01-04 01:45:00,92.0,93.79894606361313,True
575,LightGBM,2022-01-04 01:50:00,92.0,96.5222175296969,True
575,LightGBM,2022-01-04 01:55:00,91.0,92.00517126758588,True
575,LightGBM,2022-01-04 02:00:00,90.0,92.71561083870263,True
575,LightGBM,2022-01-04 02:05:00,90.0,91.32419433795336,True
575,LightGBM,2022-01-04 02:10:00,88.0,93.29305957127882,True
575,LightGBM,2022-01-04 02:15:00,87.0,91.77387677225421,True
575,LightGBM,2022-01-04 02:20:00,86.0,93.22578626424001,True
575,LightGBM,2022-01-04 02:25:00,85.0,89.68167977101989,True
575,LightGBM,2022-01-04 02:30:00,85.0,88.93441041479551,True
575,LightGBM,2022-01-04 02:35:00,85.0,90.98879142021734,True
575,LightGBM,2022-01-04 02:40:00,85.0,86.5570358568881,True
575,LightGBM,2022-01-04 02:45:00,85.0,84.9089563385883,True
575,LightGBM,2022-01-04 02:50:00,85.0,84.20372796920124,True
575,LightGBM,2022-01-04 02:55:00,85.0,83.54443835073852,True
575,LightGBM,2022-01-04 03:00:00,85.0,85.60959268230586,True
575,LightGBM,2022-01-04 03:05:00,84.0,85.8691720620321,True
575,LightGBM,2022-01-04 03:10:00,84.0,86.05267410730765,True
575,LightGBM,2022-01-04 03:15:00,84.0,85.63813272872942,True
575,LightGBM,2022-01-04 03:20:00,85.0,85.77063878867841,True
575,LightGBM,2022-01-04 03:25:00,85.0,85.58364090568716,True
575,LightGBM,2022-01-04 03:30:00,86.0,85.7119697534031,True
575,LightGBM,2022-01-04 03:35:00,87.0,83.89457328363247,True
575,LightGBM,2022-01-04 03:40:00,89.0,84.73807732881625,True
575,LightGBM,2022-01-04 03:45:00,91.0,85.29633426826996,True
575,LightGBM,2022-01-04 03:50:00,91.0,88.16820464067985,True
575,LightGBM,2022-01-04 03:55:00,92.0,85.81655402251015,True
575,LightGBM,2022-01-04 04:00:00,92.0,89.9279684453284,True
575,LightGBM,2022-01-04 04:05:00,93.0,89.5434614388867,True
575,LightGBM,2022-01-04 04:10:00,94.0,96.98247738131386,True
575,LightGBM,2022-01-04 04:15:00,94.0,100.17028220683595,True
575,LightGBM,2022-01-04 04:20:00,94.0,96.2037037587115,True
575,LightGBM,2022-01-04 04:25:00,94.0,101.0147408631248,True
575,LightGBM,2022-01-04 04:30:00,95.0,95.36994827034783,True
575,LightGBM,2022-01-04 04:35:00,94.0,99.29595976368012,True
575,LightGBM,2022-01-04 04:40:00,94.0,99.37075345772615,True
575,LightGBM,2022-01-04 04:45:00,94.0,97.33467939750152,True
575,LightGBM,2022-01-04 04:50:00,94.0,97.42631077880839,True
575,LightGBM,2022-01-04 04:55:00,95.0,97.01494538737813,True
575,LightGBM,2022-01-04 05:00:00,95.0,99.67916926536685,True
575,LightGBM,2022-01-04 05:05:00,95.0,94.9717726788995,True
575,LightGBM,2022-01-04 05:10:00,96.0,97.04876174976623,True
575,LightGBM,2022-01-04 05:15:00,97.0,96.27192087679873,True
575,LightGBM,2022-01-04 05:20:00,98.0,96.65332393783763,True
575,LightGBM,2022-01-04 05:25:00,98.0,99.17808512684402,True
575,LightGBM,2022-01-04 05:30:00,99.0,96.6552144542452,True
575,LightGBM,2022-01-04 05:35:00,99.0,97.98850631472553,True
575,LightGBM,2022-01-04 05:40:00,100.0,99.7811715545485,True
575,LightGBM,2022-01-04 05:45:00,100.0,101.66685715959488,True
575,LightGBM,2022-01-04 05:50:00,100.0,102.90908894555415,True
575,LightGBM,2022-01-04 05:55:00,101.0,100.67816740846138,True
575,LightGBM,2022-01-04 06:00:00,101.0,106.12374684977476,True
575,LightGBM,2022-01-04 06:05:00,101.0,102.46977177229972,True
575,LightGBM,2022-01-04 06:10:00,102.0,106.44126705605122,True
575,LightGBM,2022-01-04 06:15:00,102.0,103.07682541145837,True
575,LightGBM,2022-01-04 06:20:00,103.0,103.29377932745197,True
575,LightGBM,2022-01-04 06:25:00,106.0,106.9142944113427,True
575,LightGBM,2022-01-04 06:30:00,107.0,104.34232546536695,True
575,LightGBM,2022-01-04 06:35:00,107.0,104.71921221477731,True
575,LightGBM,2022-01-04 06:40:00,107.0,107.94591934068285,True
575,LightGBM,2022-01-04 06:45:00,107.0,105.11121253120987,True
575,LightGBM,2022-01-04 06:50:00,107.0,110.16202395839359,True
575,LightGBM,2022-01-04 06:55:00,107.0,118.78696811302372,True
575,LightGBM,2022-01-04 07:00:00,138.0,113.10828164576374,True
575,LightGBM,2022-01-04 07:05:00,143.0,111.89144851959489,True
575,LightGBM,2022-01-04 07:10:00,145.0,111.85350467493221,True
575,LightGBM,2022-01-04 07:15:00,149.0,127.73168714745195,True
575,LightGBM,2022-01-04 07:20:00,155.0,130.2393073930757,True
575,LightGBM,2022-01-04 07:25:00,164.0,132.84272294015128,True
575,LightGBM,2022-01-04 07:30:00,169.0,175.1556232733341,True
575,LightGBM,2022-01-04 07:35:00,170.0,172.25248945831828,True
575,LightGBM,2022-01-04 07:40:00,173.0,167.47142062929015,True
575,LightGBM,2022-01-04 07:45:00,178.0,173.9809601826884,True
575,LightGBM,2022-01-04 07:50:00,182.0,180.50676072395783,True
575,LightGBM,2022-01-04 07:55:00,184.0,193.29111605871753,True
575,LightGBM,2022-01-04 08:00:00,187.0,177.6695100574849,True
575,LightGBM,2022-01-04 08:05:00,190.0,169.8648724943637,True
575,LightGBM,2022-01-04 08:10:00,195.0,183.98755080349747,True
575,LightGBM,2022-01-04 08:15:00,197.0,188.4190964241461,True
575,LightGBM,2022-01-04 08:20:00,200.0,188.54416217027423,True
575,LightGBM,2022-01-04 08:25:00,201.0,187.28506322535316,True
575,LightGBM,2022-01-04 08:30:00,202.0,194.72265446030383,True
575,LightGBM,2022-01-04 08:35:00,202.0,197.23598026925887,True
575,LightGBM,2022-01-04 08:40:00,202.0,207.43713545872046,True
575,LightGBM,2022-01-04 08:45:00,203.0,199.23246836609385,True
575,LightGBM,2022-01-04 08:50:00,203.0,208.7135486828503,True
575,LightGBM,2022-01-04 08:55:00,206.0,203.65263336755237,True
575,LightGBM,2022-01-04 09:00:00,208.0,207.41060892143963,True
575,LightGBM,2022-01-04 09:05:00,206.0,201.5031688463825,True
575,LightGBM,2022-01-04 09:10:00,205.0,202.28182787651983,True
575,LightGBM,2022-01-04 09:15:00,205.0,203.27963044885564,True
575,LightGBM,2022-01-04 09:20:00,203.0,201.18211121668256,True
575,LightGBM,2022-01-04 09:25:00,201.0,209.60972102308847,True
575,LightGBM,2022-01-04 09:30:00,198.0,207.6022460063895,True
575,LightGBM,2022-01-04 09:35:00,194.0,201.27916791261268,True
575,LightGBM,2022-01-04 09:40:00,193.0,200.67319850204646,True
575,LightGBM,2022-01-04 09:45:00,190.0,202.04578807648164,True
575,LightGBM,2022-01-04 09:50:00,189.0,194.3508774471795,True
575,LightGBM,2022-01-04 09:55:00,187.0,191.7674083528672,True
575,LightGBM,2022-01-04 10:00:00,185.0,185.71966060810905,True
575,LightGBM,2022-01-04 10:05:00,184.0,179.9197835795331,True
575,LightGBM,2022-01-04 10:10:00,182.0,182.6261021306968,True
575,LightGBM,2022-01-04 10:15:00,181.0,176.27475844093513,True
575,LightGBM,2022-01-04 10:20:00,180.0,177.4531390576223,True
575,LightGBM,2022-01-04 10:25:00,179.0,174.45652883697676,True
575,LightGBM,2022-01-04 10:30:00,176.0,174.1713166682964,True
575,LightGBM,2022-01-04 10:35:00,176.0,174.49694710225836,True
575,LightGBM,2022-01-04 10:40:00,177.0,169.8558777325896,True
575,LightGBM,2022-01-04 10:45:00,177.0,169.0433788478167,True
575,LightGBM,2022-01-04 10:50:00,177.0,168.84769814629064,True
575,LightGBM,2022-01-04 10:55:00,177.0,169.09002089401693,True
575,LightGBM,2022-01-04 11:00:00,178.0,160.96808948181834,True
575,LightGBM,2022-01-04 11:05:00,180.0,168.94958748962821,True
575,LightGBM,2022-01-04 11:10:00,181.0,172.24911611482858,True
575,LightGBM,2022-01-04 11:15:00,183.0,169.75602064016852,True
575,LightGBM,2022-01-04 11:20:00,185.0,170.09438883160954,True
575,LightGBM,2022-01-04 11:25:00,188.0,170.29945075885036,True
575,LightGBM,2022-01-04 11:30:00,189.0,175.62275092142963,True
575,LightGBM,2022-01-04 11:35:00,191.0,181.06519756843412,True
575,LightGBM,2022-01-04 11:40:00,194.0,178.75257036515728,True
575,LightGBM,2022-01-04 11:45:00,198.0,188.55516662455165,True
575,LightGBM,2022-01-04 11:50:00,200.0,189.02383994955525,True
575,LightGBM,2022-01-04 11:55:00,203.0,194.9759540933321,True
575,LightGBM,2022-01-04 12:00:00,205.0,189.57345088035632,True
575,LightGBM,2022-01-04 12:05:00,208.0,199.372626975581,True
575,LightGBM,2022-01-04 12:10:00,210.0,201.83817518014237,True
575,LightGBM,2022-01-04 12:15:00,211.0,210.88407599498206,True
575,LightGBM,2022-01-04 12:20:00,211.0,208.18576159541158,True
575,LightGBM,2022-01-04 12:25:00,212.0,214.79318782758804,True
575,LightGBM,2022-01-04 12:30:00,211.0,210.15789284098057,True
575,LightGBM,2022-01-04 12:35:00,212.0,217.90290887048695,True
575,LightGBM,2022-01-04 12:40:00,214.0,215.28414098160806,True
575,LightGBM,2022-01-04 12:45:00,214.0,218.11837932332776,True
575,LightGBM,2022-01-04 12:50:00,215.0,216.58406802475935,True
575,LightGBM,2022-01-04 12:55:00,217.0,217.58932906322897,True
575,LightGBM,2022-01-04 13:00:00,223.0,213.06669443897945,True
575,LightGBM,2022-01-04 13:05:00,223.0,216.6073053972518,True
575,LightGBM,2022-01-04 13:10:00,223.0,218.3065427407564,True
575,LightGBM,2022-01-04 13:15:00,227.0,216.6127619156234,True
575,LightGBM,2022-01-04 13:20:00,232.0,218.00090342934038,True
575,LightGBM,2022-01-04 13:25:00,237.0,222.2553348901895,True
575,LightGBM,2022-01-04 13:30:00,242.0,235.23720331694614,True
575,LightGBM,2022-01-04 13:35:00,246.0,224.91581095296567,True
575,LightGBM,2022-01-04 13:40:00,252.0,226.7846367489675,True
575,LightGBM,2022-01-04 13:45:00,263.0,236.52942389064023,True
575,LightGBM,2022-01-04 13:50:00,267.0,241.3805120046039,True
575,LightGBM,2022-01-04 13:55:00,268.0,245.60770146859957,True
575,LightGBM,2022-01-04 14:00:00,267.0,249.71959337568927,True
575,LightGBM,2022-01-04 14:05:00,272.0,253.22993865451969,True
575,LightGBM,2022-01-04 14:10:00,276.0,267.9642570929647,True
575,LightGBM,2022-01-04 14:15:00,282.0,279.440995412789,True
575,LightGBM,2022-01-04 14:20:00,287.0,276.22276866227435,True
575,LightGBM,2022-01-04 14:25:00,290.0,273.89564382875784,True
575,LightGBM,2022-01-04 14:30:00,296.0,268.35933351025704,True
575,LightGBM,2022-01-04 14:35:00,301.0,280.61811449662923,True
575,LightGBM,2022-01-04 14:40:00,308.0,282.04279615496245,True
575,LightGBM,2022-01-04 14:45:00,315.0,289.32332524675707,True
575,LightGBM,2022-01-04 14:50:00,317.0,291.3077359261863,True
575,LightGBM,2022-01-04 14:55:00,324.0,289.3536500985073,True
575,LightGBM,2022-01-04 15:00:00,331.0,299.2244287860947,True
575,LightGBM,2022-01-04 15:05:00,334.0,298.897785720027,True
575,LightGBM,2022-01-04 15:10:00,337.0,304.2530293687598,True
575,LightGBM,2022-01-04 15:15:00,339.0,310.60733105176166,True
575,LightGBM,2022-01-04 15:20:00,338.0,303.33836984219323,True
575,LightGBM,2022-01-04 15:25:00,338.0,317.2394070078446,True
575,LightGBM,2022-01-04 15:30:00,339.0,315.9882194627807,True
575,LightGBM,2022-01-04 15:35:00,342.0,329.07314966981545,True
575,LightGBM,2022-01-04 15:40:00,340.0,331.10605632944674,True
575,LightGBM,2022-01-04 15:45:00,340.0,330.8829119282985,True
575,LightGBM,2022-01-04 15:50:00,338.0,321.5934556692525,True
575,LightGBM,2022-01-04 15:55:00,333.0,324.01037712633155,True
575,LightGBM,2022-01-04 16:00:00,332.0,325.5955734091556,True
575,LightGBM,2022-01-04 16:05:00,331.0,335.6384672018882,True
575,LightGBM,2022-01-04 16:10:00,329.0,317.3422818729207,True
575,LightGBM,2022-01-04 16:15:00,325.0,321.12695039240947,True
575,LightGBM,2022-01-04 16:20:00,319.0,316.96649290609344,True
575,LightGBM,2022-01-04 16:25:00,318.0,306.34859357048003,True
575,LightGBM,2022-01-04 16:30:00,315.0,301.9279434526266,True
575,LightGBM,2022-01-04 16:35:00,308.0,299.89785789457903,True
575,LightGBM,2022-01-04 16:40:00,305.0,298.9162074599948,True
575,LightGBM,2022-01-04 16:45:00,302.0,296.1957728056484,True
575,LightGBM,2022-01-04 16:50:00,300.0,287.2825884524008,True
575,LightGBM,2022-01-04 16:55:00,296.0,290.5090231640295,True
575,LightGBM,2022-01-04 17:00:00,293.0,286.5229808293685,True
575,LightGBM,2022-01-04 17:05:00,290.0,271.7358438414311,True
575,LightGBM,2022-01-04 17:10:00,286.0,275.44645690327167,True
575,LightGBM,2022-01-04 17:15:00,282.0,269.15278239925937,True
575,LightGBM,2022-01-04 17:20:00,279.0,267.3988955281645,True
575,LightGBM,2022-01-04 17:25:00,277.0,263.49594398908624,True
575,LightGBM,2022-01-04 17:30:00,271.0,261.73399847267575,True
575,LightGBM,2022-01-04 17:35:00,267.0,261.7534861194758,True
575,LightGBM,2022-01-04 17:40:00,263.0,258.0924946473707,True
575,LightGBM,2022-01-04 17:45:00,261.0,253.59257743430857,True
575,LightGBM,2022-01-04 17:50:00,259.0,255.24235341594488,True
575,LightGBM,2022-01-04 17:55:00,259.0,255.04747736814394,True
575,LightGBM,2022-01-04 18:00:00,259.0,238.6471681580171,True
575,LightGBM,2022-01-04 18:05:00,260.0,245.59228719816622,True
575,LightGBM,2022-01-04 18:10:00,260.0,238.02336946306426,True
575,LightGBM,2022-01-04 18:15:00,259.0,245.63292107235804,True
575,LightGBM,2022-01-04 18:20:00,260.0,243.70231724012456,True
575,LightGBM,2022-01-04 18:25:00,260.0,251.18424249589086,True
575,LightGBM,2022-01-04 18:30:00,258.0,250.3290188026051,True
575,LightGBM,2022-01-04 18:35:00,258.0,257.0882618371393,True
575,LightGBM,2022-01-04 18:40:00,259.0,258.419583631931,True
575,LightGBM,2022-01-04 18:45:00,262.0,256.072307088163,True
575,LightGBM,2022-01-04 18:50:00,262.0,260.77380108117154,True
575,LightGBM,2022-01-04 18:55:00,262.0,259.73908531239726,True
575,LightGBM,2022-01-04 19:00:00,262.0,252.9485811250543,True
575,LightGBM,2022-01-04 19:05:00,262.0,259.3730988545705,True
575,LightGBM,2022-01-04 19:10:00,262.0,258.3277942622017,True
575,LightGBM,2022-01-04 19:15:00,262.0,265.07237590537153,True
575,LightGBM,2022-01-04 19:20:00,262.0,262.1682720337608,True
575,LightGBM,2022-01-04 20:05:00,262.0,224.41284411740736,False
575,LightGBM,2022-01-04 20:10:00,265.0,224.37886134062202,False
575,LightGBM,2022-01-04 20:15:00,270.0,219.5564662111313,False
575,LightGBM,2022-01-04 20:20:00,271.0,242.35449099202208,False
575,LightGBM,2022-01-04 20:25:00,272.0,227.42842030648487,False
575,LightGBM,2022-01-04 20:30:00,273.0,213.76522461428638,False
575,LightGBM,2022-01-04 20:35:00,267.0,258.35036708590354,True
575,LightGBM,2022-01-04 20:40:00,258.0,262.2424288176609,True
575,LightGBM,2022-01-04 20:45:00,253.0,266.4288691765602,True
575,LightGBM,2022-01-04 20:50:00,248.0,261.2411573344173,True
575,LightGBM,2022-01-04 20:55:00,239.0,264.2347077221147,True
575,LightGBM,2022-01-04 21:00:00,225.0,263.2174852190411,True
575,LightGBM,2022-01-04 21:05:00,211.0,241.81535094408724,True
575,LightGBM,2022-01-04 21:10:00,197.0,228.5532867133696,True
575,LightGBM,2022-01-04 21:15:00,182.0,230.5248157294906,True
575,LightGBM,2022-01-04 21:20:00,171.0,226.71904815290935,True
575,LightGBM,2022-01-04 21:25:00,161.0,204.8573152489853,True
575,LightGBM,2022-01-04 21:30:00,154.0,186.3873363560964,True
575,LightGBM,2022-01-04 21:35:00,146.0,165.24811897645645,True
575,LightGBM,2022-01-04 21:40:00,140.0,150.36168841972557,True
575,LightGBM,2022-01-04 21:45:00,137.0,136.06684952846348,True
575,LightGBM,2022-01-04 21:50:00,131.0,135.3564695136184,True
575,LightGBM,2022-01-04 21:55:00,125.0,125.80714927132317,True
575,LightGBM,2022-01-04 22:00:00,122.0,126.6204364746065,True
575,LightGBM,2022-01-04 22:05:00,115.0,117.11669618021055,True
575,LightGBM,2022-01-04 22:10:00,106.0,120.28976475367764,True
575,LightGBM,2022-01-04 22:15:00,98.0,125.21668225379,True
575,LightGBM,2022-01-04 22:20:00,92.0,108.55015687782715,True
575,LightGBM,2022-01-04 22:25:00,88.0,105.13701262998678,True
575,LightGBM,2022-01-04 22:30:00,86.0,110.72653428326906,True
575,LightGBM,2022-01-04 22:35:00,84.0,96.5089656857826,True
575,LightGBM,2022-01-04 22:40:00,81.0,89.7569388449693,True
575,LightGBM,2022-01-04 22:45:00,77.0,86.80131651727167,True
575,LightGBM,2022-01-04 22:50:00,75.0,86.2767024544872,True
575,LightGBM,2022-01-04 22:55:00,74.0,84.8323565972487,True
575,LightGBM,2022-01-04 23:00:00,72.0,84.41014740441547,True
575,LightGBM,2022-01-04 23:05:00,69.0,82.39128506435941,True
575,LightGBM,2022-01-04 23:10:00,63.0,77.67587851284613,True
575,LightGBM,2022-01-04 23:15:00,57.0,74.41018365094786,True
575,LightGBM,2022-01-04 23:20:00,52.0,78.2368494246391,True
575,LightGBM,2022-01-04 23:25:00,50.0,78.52004266957489,True
575,LightGBM,2022-01-04 23:30:00,51.0,74.98270089581472,True
575,LightGBM,2022-01-04 23:35:00,55.0,72.09242497396663,True
575,LightGBM,2022-01-04 23:40:00,59.0,69.4445114950727,True
575,LightGBM,2022-01-04 23:45:00,62.0,62.87487181923214,True
575,LightGBM,2022-01-04 23:50:00,68.0,61.06119734205117,True
575,LightGBM,2022-01-04 23:55:00,73.0,59.10451326028719,True
575,LightGBM,2022-01-05 00:00:00,77.0,66.15888592182604,True
575,LightGBM,2022-01-05 00:05:00,76.0,84.5685455102338,True
575,LightGBM,2022-01-05 00:10:00,76.0,88.99248637974192,True
575,LightGBM,2022-01-05 00:15:00,77.0,87.18041403528991,True
575,LightGBM,2022-01-05 00:20:00,76.0,97.23049673842976,True
575,LightGBM,2022-01-05 00:25:00,77.0,95.97596609285806,True
575,LightGBM,2022-01-05 00:30:00,78.0,96.60005221169538,True
575,LightGBM,2022-01-05 00:35:00,77.0,80.64738523152039,True
575,LightGBM,2022-01-05 00:40:00,75.0,82.13652267277085,True
575,LightGBM,2022-01-05 00:45:00,75.0,82.68411450217961,True
575,LightGBM,2022-01-05 00:50:00,76.0,77.47293632384758,True
575,LightGBM,2022-01-05 00:55:00,77.0,82.92084028212571,True
575,LightGBM,2022-01-05 01:00:00,80.0,83.06264265233256,True
575,LightGBM,2022-01-05 01:05:00,82.0,79.38506154366243,True
575,LightGBM,2022-01-05 01:10:00,85.0,77.99226872966881,True
575,LightGBM,2022-01-05 01:15:00,88.0,79.44142023255593,True
575,LightGBM,2022-01-05 01:20:00,91.0,82.39652263535726,True
575,LightGBM,2022-01-05 01:25:00,93.0,81.88223457457313,True
575,LightGBM,2022-01-05 01:30:00,94.0,92.9980073509609,True
575,LightGBM,2022-01-05 01:35:00,95.0,91.6443933570572,True
575,LightGBM,2022-01-05 01:40:00,97.0,99.57073408088316,True
575,LightGBM,2022-01-05 01:45:00,99.0,102.13300203937591,True
575,LightGBM,2022-01-05 01:50:00,100.0,104.23728153115493,True
575,LightGBM,2022-01-05 01:55:00,99.0,103.95462878609275,True
575,LightGBM,2022-01-05 02:00:00,98.0,101.8370998950131,True
575,LightGBM,2022-01-05 02:05:00,96.0,101.05952241292421,True
575,LightGBM,2022-01-05 02:10:00,95.0,106.11222443894901,True
575,LightGBM,2022-01-05 02:15:00,94.0,110.36281121582907,True
575,LightGBM,2022-01-05 02:20:00,93.0,107.24263891796663,True
575,LightGBM,2022-01-05 02:25:00,92.0,100.97761227694465,True
575,LightGBM,2022-01-05 02:30:00,91.0,97.42007348032122,True
575,LightGBM,2022-01-05 02:35:00,91.0,93.14915184408397,True
575,LightGBM,2022-01-05 02:40:00,90.0,94.1563969141579,True
575,LightGBM,2022-01-05 02:45:00,89.0,93.69202598394826,True
575,LightGBM,2022-01-05 02:50:00,88.0,91.65352532041156,True
575,LightGBM,2022-01-05 02:55:00,88.0,91.40592573367692,True
575,LightGBM,2022-01-05 03:00:00,88.0,90.01340783035567,True
575,LightGBM,2022-01-05 03:05:00,87.0,91.97151400409764,True
575,LightGBM,2022-01-05 03:10:00,87.0,89.47579079710546,True
575,LightGBM,2022-01-05 03:15:00,87.0,87.46711956130801,True
575,LightGBM,2022-01-05 03:20:00,87.0,86.97048598814276,True
575,LightGBM,2022-01-05 03:25:00,87.0,89.20839118195445,True
575,LightGBM,2022-01-05 03:30:00,87.0,89.73962305761835,True
575,LightGBM,2022-01-05 03:35:00,87.0,84.52768878157323,True
575,LightGBM,2022-01-05 03:40:00,86.0,85.79621432072166,True
575,LightGBM,2022-01-05 03:45:00,86.0,86.44102766754085,True
575,LightGBM,2022-01-05 03:50:00,85.0,86.80535695155565,True
575,LightGBM,2022-01-05 03:55:00,84.0,86.46955885591305,True
575,LightGBM,2022-01-05 04:00:00,82.0,86.32914560070208,True
575,LightGBM,2022-01-05 04:05:00,81.0,86.43425128800165,True
575,LightGBM,2022-01-05 04:10:00,81.0,84.29797440285867,True
575,LightGBM,2022-01-05 04:15:00,80.0,85.76214339347096,True
575,LightGBM,2022-01-05 04:20:00,79.0,83.89072722150081,True
575,LightGBM,2022-01-05 04:25:00,78.0,83.70239949114469,True
575,LightGBM,2022-01-05 04:30:00,77.0,80.58929065471875,True
575,LightGBM,2022-01-05 04:35:00,76.0,78.75738137186349,True
575,LightGBM,2022-01-05 04:40:00,75.0,80.52500026898659,True
575,LightGBM,2022-01-05 04:45:00,75.0,79.60710807354987,True
575,LightGBM,2022-01-05 04:50:00,74.0,78.7307926044852,True
575,LightGBM,2022-01-05 04:55:00,74.0,77.12370998701537,True
575,LightGBM,2022-01-05 05:00:00,74.0,75.74672514815182,True
575,LightGBM,2022-01-05 05:05:00,73.0,75.01783454417068,True
575,LightGBM,2022-01-05 05:10:00,73.0,74.55003095324199,True
575,LightGBM,2022-01-05 05:15:00,73.0,76.52670780180907,True
575,LightGBM,2022-01-05 05:20:00,73.0,75.21590564153378,True
575,LightGBM,2022-01-05 05:25:00,73.0,76.59208917217727,True
575,LightGBM,2022-01-05 05:30:00,73.0,76.93411223534441,True
575,LightGBM,2022-01-05 05:35:00,73.0,77.09384038954535,True
575,LightGBM,2022-01-05 05:40:00,72.0,78.30993954027895,True
575,LightGBM,2022-01-05 05:45:00,72.0,77.84326878131175,True
575,LightGBM,2022-01-05 05:50:00,71.0,78.4560498986568,True
575,LightGBM,2022-01-05 05:55:00,71.0,78.38762604351065,True
575,LightGBM,2022-01-05 06:00:00,71.0,78.4499422840709,True
575,LightGBM,2022-01-05 06:05:00,71.0,78.73738444326361,True
575,LightGBM,2022-01-05 06:10:00,71.0,75.33108438959113,True
575,LightGBM,2022-01-05 06:15:00,72.0,76.25157121497328,True
575,LightGBM,2022-01-05 06:20:00,73.0,74.18044013770479,True
575,LightGBM,2022-01-05 06:25:00,74.0,75.80529781703783,True
575,LightGBM,2022-01-05 06:30:00,74.0,76.60360126936283,True
575,LightGBM,2022-01-05 06:35:00,75.0,76.70452009745898,True
575,LightGBM,2022-01-05 06:40:00,77.0,77.270614331712,True
575,LightGBM,2022-01-05 06:45:00,78.0,80.62622861376656,True
575,LightGBM,2022-01-05 06:50:00,80.0,83.55945197021025,True
575,LightGBM,2022-01-05 06:55:00,83.0,84.80729160589652,True
575,LightGBM,2022-01-05 07:00:00,86.0,83.56601971440834,True
575,LightGBM,2022-01-05 07:05:00,89.0,86.94923345782642,True
575,LightGBM,2022-01-05 07:10:00,79.0,91.46536648737083,True
575,LightGBM,2022-01-05 07:15:00,81.0,89.26396786980547,True
575,LightGBM,2022-01-05 07:20:00,84.0,96.37843226738437,True
575,LightGBM,2022-01-05 07:25:00,89.0,99.77978859073518,True
575,LightGBM,2022-01-05 07:30:00,98.0,101.88564468490786,True
575,LightGBM,2022-01-05 07:35:00,114.0,104.71919279850786,True
575,LightGBM,2022-01-05 07:40:00,130.0,91.5895140053361,True
575,LightGBM,2022-01-05 07:45:00,142.0,99.23529982974775,True
575,LightGBM,2022-01-05 07:50:00,152.0,101.47057033686553,True
575,LightGBM,2022-01-05 07:55:00,163.0,113.1797934620248,True
575,LightGBM,2022-01-05 08:00:00,174.0,145.51562750721695,True
575,LightGBM,2022-01-05 08:05:00,184.0,170.74937932818068,True
575,LightGBM,2022-01-05 08:10:00,194.0,183.42992131766536,True
575,LightGBM,2022-01-05 08:15:00,201.0,184.47333077263764,True
575,LightGBM,2022-01-05 08:20:00,205.0,174.20671649503947,True
575,LightGBM,2022-01-05 08:25:00,208.0,194.0071734784299,True
575,LightGBM,2022-01-05 08:30:00,208.0,199.2568792140005,True
575,LightGBM,2022-01-05 08:35:00,209.0,199.2565006442121,True
575,LightGBM,2022-01-05 08:40:00,208.0,215.97996562975464,True
575,LightGBM,2022-01-05 08:45:00,205.0,205.35354174621517,True
575,LightGBM,2022-01-05 08:50:00,201.0,202.63980839082743,True
575,LightGBM,2022-01-05 08:55:00,196.0,204.49040866200224,True
575,LightGBM,2022-01-05 09:00:00,193.0,198.83972042667912,True
575,LightGBM,2022-01-05 09:05:00,191.0,205.90336052759184,True
575,LightGBM,2022-01-05 09:10:00,187.0,195.44108216525484,True
575,LightGBM,2022-01-05 09:15:00,183.0,185.37589934297648,True
575,LightGBM,2022-01-05 09:20:00,179.0,179.9166124652331,True
575,LightGBM,2022-01-05 09:25:00,175.0,171.6805369252716,True
575,LightGBM,2022-01-05 09:30:00,171.0,176.77379507967365,True
575,LightGBM,2022-01-05 09:35:00,164.0,176.2068821189542,True
575,LightGBM,2022-01-05 09:40:00,159.0,168.3816064117151,True
575,LightGBM,2022-01-05 09:45:00,153.0,165.60849863134584,True
575,LightGBM,2022-01-05 09:50:00,147.0,159.64816423618043,True
575,LightGBM,2022-01-05 09:55:00,142.0,156.51079803128866,True
575,LightGBM,2022-01-05 10:00:00,137.0,151.6342519625335,True
575,LightGBM,2022-01-05 10:05:00,133.0,137.1072885417723,True
575,LightGBM,2022-01-05 10:10:00,128.0,139.71387350375295,True
575,LightGBM,2022-01-05 10:15:00,124.0,127.71164665758882,True
575,LightGBM,2022-01-05 10:20:00,119.0,124.29046858743008,True
575,LightGBM,2022-01-05 10:25:00,116.0,121.46620924772452,True
575,LightGBM,2022-01-05 10:30:00,112.0,118.86733742399035,True
575,LightGBM,2022-01-05 10:35:00,109.0,117.02285562576326,True
575,LightGBM,2022-01-05 10:40:00,106.0,107.60818014200183,True
575,LightGBM,2022-01-05 10:45:00,102.0,107.43799471043268,True
575,LightGBM,2022-01-05 10:50:00,98.0,99.20187576726634,True
575,LightGBM,2022-01-05 10:55:00,95.0,105.49323139948572,True
575,LightGBM,2022-01-05 11:00:00,93.0,97.59474218670374,True
575,LightGBM,2022-01-05 11:05:00,90.0,99.33023628050807,True
575,LightGBM,2022-01-05 11:10:00,88.0,95.41290969163738,True
575,LightGBM,2022-01-05 11:15:00,85.0,91.28054545859803,True
575,LightGBM,2022-01-05 11:20:00,83.0,89.23315994628771,True
575,LightGBM,2022-01-05 11:25:00,80.0,89.17789061422505,True
575,LightGBM,2022-01-05 11:30:00,78.0,89.58726359838052,True
575,LightGBM,2022-01-05 11:35:00,76.0,86.47590278652402,True
575,LightGBM,2022-01-05 11:40:00,74.0,87.05443053055251,True
575,LightGBM,2022-01-05 11:45:00,72.0,83.07920381182991,True
575,LightGBM,2022-01-05 11:50:00,70.0,83.62122656492646,True
575,LightGBM,2022-01-05 11:55:00,68.0,80.50431913248786,True
575,LightGBM,2022-01-05 12:00:00,66.0,80.86878141296384,True
575,LightGBM,2022-01-05 12:05:00,63.0,81.44098185357774,True
575,LightGBM,2022-01-05 12:10:00,62.0,81.50684073361651,True
575,LightGBM,2022-01-05 12:15:00,61.0,81.27535158832013,True
575,LightGBM,2022-01-05 12:20:00,59.0,79.60351966181837,True
575,LightGBM,2022-01-05 12:25:00,58.0,78.22647663002465,True
575,LightGBM,2022-01-05 12:30:00,58.0,78.05941295568641,True
575,LightGBM,2022-01-05 12:35:00,59.0,78.04040351502525,True
575,LightGBM,2022-01-05 12:40:00,62.0,78.50894154501275,True
575,LightGBM,2022-01-05 12:45:00,71.0,75.78858639082489,True
575,LightGBM,2022-01-05 12:50:00,79.0,75.20851542638681,True
575,LightGBM,2022-01-05 12:55:00,92.0,75.98877342012852,True
575,LightGBM,2022-01-05 13:00:00,104.0,77.70909528941498,True
575,LightGBM,2022-01-05 13:05:00,118.0,83.44619226603166,True
575,LightGBM,2022-01-05 13:10:00,134.0,97.06820202799126,True
575,LightGBM,2022-01-05 13:15:00,146.0,118.3402128728855,True
575,LightGBM,2022-01-05 13:20:00,156.0,115.77414472806436,True
575,LightGBM,2022-01-05 13:25:00,172.0,142.37382958227442,True
575,LightGBM,2022-01-05 13:30:00,188.0,147.7153007402824,True
575,LightGBM,2022-01-05 13:35:00,204.0,167.68467989323432,True
575,LightGBM,2022-01-05 13:40:00,217.0,182.49412246422094,True
575,LightGBM,2022-01-05 13:45:00,228.0,177.99638351644532,True
575,LightGBM,2022-01-05 13:50:00,238.0,186.75218362508716,True
575,LightGBM,2022-01-05 13:55:00,245.0,211.44916794737037,True
575,LightGBM,2022-01-05 14:00:00,251.0,228.68478773873957,True
575,LightGBM,2022-01-05 14:05:00,254.0,249.71924725817817,True
575,LightGBM,2022-01-05 14:10:00,254.0,251.32091806474165,True
575,LightGBM,2022-01-05 14:15:00,251.0,258.9808518099477,True
575,LightGBM,2022-01-05 14:20:00,247.0,260.2687589627013,True
575,LightGBM,2022-01-05 14:25:00,243.0,243.54730583752865,True
575,LightGBM,2022-01-05 14:30:00,234.0,248.53901564771576,True
575,LightGBM,2022-01-05 14:35:00,225.0,242.6814585047879,True
575,LightGBM,2022-01-05 14:40:00,217.0,240.17995694686977,True
575,LightGBM,2022-01-05 14:45:00,208.0,229.70754997786852,True
575,LightGBM,2022-01-05 14:50:00,199.0,221.39622885712194,True
575,LightGBM,2022-01-05 14:55:00,190.0,220.95690996112594,True
575,LightGBM,2022-01-05 15:00:00,180.0,193.6731453630016,True
575,LightGBM,2022-01-05 15:05:00,170.0,190.5791881495649,True
575,LightGBM,2022-01-05 15:10:00,162.0,188.8513216783639,True
575,LightGBM,2022-01-05 15:15:00,152.0,173.13514363182045,True
575,LightGBM,2022-01-05 15:20:00,143.0,166.5644225526896,True
575,LightGBM,2022-01-05 15:25:00,135.0,160.3962784313532,True
575,LightGBM,2022-01-05 15:30:00,127.0,142.68887138108997,True
575,LightGBM,2022-01-05 15:35:00,119.0,132.87364947520973,True
575,LightGBM,2022-01-05 15:40:00,110.0,130.18586650353552,True
575,LightGBM,2022-01-05 15:45:00,101.0,117.7804813513154,True
575,LightGBM,2022-01-05 15:50:00,93.0,115.43242645972312,True
575,LightGBM,2022-01-05 15:55:00,86.0,110.73060810998484,True
575,LightGBM,2022-01-05 16:00:00,79.0,103.51888593045518,True
575,LightGBM,2022-01-05 16:05:00,72.0,97.15084392996262,True
575,LightGBM,2022-01-05 16:10:00,66.0,91.17135722697029,True
575,LightGBM,2022-01-05 16:15:00,61.0,85.53930495211233,True
575,LightGBM,2022-01-05 16:20:00,56.0,83.66962494510413,True
575,LightGBM,2022-01-05 16:25:00,52.0,80.53778856007813,True
575,LightGBM,2022-01-05 16:30:00,49.0,77.24637812424231,True
575,LightGBM,2022-01-05 16:35:00,46.0,74.69656304505752,True
575,LightGBM,2022-01-05 16:40:00,46.0,74.58894989928947,True
575,LightGBM,2022-01-05 16:45:00,48.0,73.02005638345004,True
575,LightGBM,2022-01-05 16:50:00,53.0,68.78455742671865,True
575,LightGBM,2022-01-05 16:55:00,57.0,70.20636214304156,True
575,LightGBM,2022-01-05 17:00:00,59.0,67.5965437195985,True
575,LightGBM,2022-01-05 17:05:00,64.0,64.07759007744336,True
575,LightGBM,2022-01-05 17:10:00,68.0,62.068285728534114,True
575,LightGBM,2022-01-05 17:15:00,72.0,75.55855530880648,True
575,LightGBM,2022-01-05 17:20:00,75.0,92.38688857594339,True
575,LightGBM,2022-01-05 17:25:00,78.0,96.17299062968091,True
575,LightGBM,2022-01-05 17:30:00,81.0,88.46561175405078,True
575,LightGBM,2022-01-05 17:35:00,86.0,100.25718329338827,True
575,LightGBM,2022-01-05 17:40:00,91.0,97.6564463524516,True
575,LightGBM,2022-01-05 17:45:00,96.0,100.08247291936286,True
575,LightGBM,2022-01-05 17:50:00,101.0,97.07541351306028,True
575,LightGBM,2022-01-05 17:55:00,105.0,99.71998926257979,True
575,LightGBM,2022-01-05 18:00:00,107.0,99.88174371346307,True
575,LightGBM,2022-01-05 18:05:00,109.0,109.52251050794929,True
575,LightGBM,2022-01-05 18:10:00,112.0,112.9653001801664,True
575,LightGBM,2022-01-05 18:15:00,114.0,116.14647017239923,True
575,LightGBM,2022-01-05 18:20:00,114.0,123.06053170143527,True
575,LightGBM,2022-01-05 18:25:00,115.0,124.09492972917387,True
575,LightGBM,2022-01-05 18:30:00,116.0,119.34308981113007,True
575,LightGBM,2022-01-05 18:35:00,117.0,122.26779544183407,True
575,LightGBM,2022-01-05 18:40:00,117.0,126.58477660003321,True
575,LightGBM,2022-01-05 18:45:00,117.0,124.5724258733299,True
575,LightGBM,2022-01-05 18:50:00,117.0,120.6956697786969,True
575,LightGBM,2022-01-05 18:55:00,118.0,123.96669723542328,True
575,LightGBM,2022-01-05 19:00:00,118.0,122.65823402787551,True
575,LightGBM,2022-01-05 19:05:00,118.0,123.92894558844667,True
575,LightGBM,2022-01-05 19:10:00,118.0,122.61074747405134,True
575,LightGBM,2022-01-05 19:15:00,128.0,122.22193650947318,True
575,LightGBM,2022-01-05 19:20:00,136.0,121.98396161951916,True
575,LightGBM,2022-01-05 19:25:00,145.0,124.25091347431444,True
575,LightGBM,2022-01-05 19:30:00,154.0,122.99530506529382,True
575,LightGBM,2022-01-05 19:35:00,161.0,122.95425214904766,True
575,LightGBM,2022-01-05 19:40:00,168.0,122.62514815422949,True
575,LightGBM,2022-01-05 19:45:00,175.0,155.64188603687026,True
575,LightGBM,2022-01-05 19:50:00,181.0,158.64574212947613,True
575,LightGBM,2022-01-05 19:55:00,188.0,186.4160663189321,True
575,LightGBM,2022-01-05 20:00:00,195.0,191.70616619677324,True
575,LightGBM,2022-01-05 20:05:00,200.0,191.5765372046475,True
575,LightGBM,2022-01-05 20:10:00,204.0,194.6411032341281,True
575,LightGBM,2022-01-05 20:15:00,206.0,195.74584730172324,True
575,LightGBM,2022-01-05 20:20:00,206.0,185.52840076174144,True
575,LightGBM,2022-01-05 20:25:00,207.0,205.84568442717028,True
575,LightGBM,2022-01-05 20:30:00,205.0,214.10474673201935,True
575,LightGBM,2022-01-05 20:35:00,203.0,205.84770312084575,True
575,LightGBM,2022-01-05 20:40:00,201.0,207.1680764078295,True
575,LightGBM,2022-01-05 20:45:00,199.0,204.10771614047368,True
575,LightGBM,2022-01-05 20:50:00,195.0,202.6069768329057,True
575,LightGBM,2022-01-05 20:55:00,193.0,209.32149475791462,True
575,LightGBM,2022-01-05 21:00:00,196.0,194.1405013830504,True
575,LightGBM,2022-01-05 21:05:00,199.0,192.31701184760644,True
575,LightGBM,2022-01-05 21:10:00,201.0,188.24121200702032,True
575,LightGBM,2022-01-05 21:15:00,202.0,186.61782433251653,True
575,LightGBM,2022-01-05 21:20:00,200.0,177.80984294104914,True
575,LightGBM,2022-01-05 21:25:00,196.0,181.06162994883513,True
575,LightGBM,2022-01-05 21:30:00,193.0,196.40754644754847,True
575,LightGBM,2022-01-05 21:35:00,191.0,200.46902642903356,True
575,LightGBM,2022-01-05 21:40:00,188.0,203.71403727860726,True
575,LightGBM,2022-01-05 21:45:00,188.0,203.50707514291807,True
575,LightGBM,2022-01-05 21:50:00,191.0,193.72354555983304,True
575,LightGBM,2022-01-05 21:55:00,192.0,184.28969437523594,True
575,LightGBM,2022-01-05 22:00:00,193.0,184.42279700083418,True
575,LightGBM,2022-01-05 22:05:00,192.0,183.72138827782027,True
575,LightGBM,2022-01-05 22:10:00,188.0,175.1215335391625,True
575,LightGBM,2022-01-05 22:15:00,184.0,180.39788776295094,True
575,LightGBM,2022-01-05 22:20:00,177.0,192.39882638325366,True
575,LightGBM,2022-01-05 22:25:00,168.0,190.38649895952966,True
575,LightGBM,2022-01-05 22:30:00,161.0,194.00383434700402,True
575,LightGBM,2022-01-05 22:35:00,158.0,188.48157707844518,True
575,LightGBM,2022-01-05 22:40:00,158.0,178.1060489010652,True
575,LightGBM,2022-01-05 22:45:00,163.0,174.91817156965584,True
575,LightGBM,2022-01-05 22:50:00,172.0,160.4887750155154,True
575,LightGBM,2022-01-05 22:55:00,178.0,147.43689403513673,True
575,LightGBM,2022-01-05 23:00:00,185.0,141.933050325354,True
575,LightGBM,2022-01-05 23:05:00,190.0,147.00023314325742,True
575,LightGBM,2022-01-05 23:10:00,194.0,155.52319508584964,True
575,LightGBM,2022-01-05 23:15:00,198.0,166.55067776043964,True
575,LightGBM,2022-01-05 23:20:00,204.0,186.23508667093645,True
575,LightGBM,2022-01-05 23:25:00,209.0,183.93172392557315,True
575,LightGBM,2022-01-05 23:30:00,213.0,201.61905642343677,True
575,LightGBM,2022-01-05 23:35:00,216.0,197.41708929149914,True
575,LightGBM,2022-01-05 23:40:00,219.0,200.6049208834272,True
575,LightGBM,2022-01-05 23:45:00,220.0,208.79245050864984,True
575,LightGBM,2022-01-05 23:50:00,220.0,217.45339390260003,True
575,LightGBM,2022-01-05 23:55:00,219.0,219.50221911024371,True
575,LightGBM,2022-01-06 00:00:00,218.0,223.1719184016642,True
575,LightGBM,2022-01-06 00:05:00,216.0,222.3314956856297,True
575,LightGBM,2022-01-06 00:10:00,214.0,228.53044657114768,True
575,LightGBM,2022-01-06 00:15:00,211.0,225.92522444050445,True
575,LightGBM,2022-01-06 00:20:00,210.0,225.05271411781433,True
575,LightGBM,2022-01-06 00:25:00,209.0,220.19547523084404,True
575,LightGBM,2022-01-06 00:30:00,208.0,219.62036248237106,True
575,LightGBM,2022-01-06 00:35:00,208.0,211.2934660367491,True
575,LightGBM,2022-01-06 00:40:00,206.0,209.32569236068795,True
575,LightGBM,2022-01-06 00:45:00,205.0,203.6141792307485,True
575,LightGBM,2022-01-06 00:50:00,204.0,206.51907874871776,True
575,LightGBM,2022-01-06 00:55:00,202.0,202.96226746228564,True
575,LightGBM,2022-01-06 01:00:00,199.0,203.7670144473997,True
575,LightGBM,2022-01-06 01:05:00,198.0,205.940868275268,True
575,LightGBM,2022-01-06 01:10:00,197.0,199.621278108291,True
575,LightGBM,2022-01-06 01:15:00,196.0,199.77918573370016,True
575,LightGBM,2022-01-06 01:20:00,195.0,197.1615571614747,True
575,LightGBM,2022-01-06 01:25:00,194.0,195.9028368962925,True
575,LightGBM,2022-01-06 01:30:00,192.0,190.83177077910432,True
575,LightGBM,2022-01-06 01:35:00,191.0,192.38607705382992,True
575,LightGBM,2022-01-06 01:40:00,189.0,191.60911212830288,True
575,LightGBM,2022-01-06 01:45:00,186.0,189.56772833511278,True
575,LightGBM,2022-01-06 01:50:00,184.0,190.5304075588513,True
575,LightGBM,2022-01-06 01:55:00,182.0,190.41539788694877,True
575,LightGBM,2022-01-06 02:00:00,181.0,187.5751026910572,True
575,LightGBM,2022-01-06 02:05:00,180.0,188.67301651147824,True
575,LightGBM,2022-01-06 02:10:00,179.0,181.93148475387937,True
575,LightGBM,2022-01-06 02:15:00,179.0,181.3989992994331,True
575,LightGBM,2022-01-06 02:20:00,178.0,179.43895465766346,True
575,LightGBM,2022-01-06 02:25:00,178.0,177.04523073214875,True
575,LightGBM,2022-01-06 02:30:00,178.0,175.10839994896804,True
575,LightGBM,2022-01-06 02:35:00,179.0,174.38637146572339,True
575,LightGBM,2022-01-06 02:40:00,180.0,173.5456006277761,True
575,LightGBM,2022-01-06 02:45:00,181.0,174.39808761638702,True
575,LightGBM,2022-01-06 02:50:00,183.0,172.85763333945832,True
575,LightGBM,2022-01-06 02:55:00,184.0,174.60112519154754,True
575,LightGBM,2022-01-06 03:00:00,184.0,174.42441054251378,True
575,LightGBM,2022-01-06 03:05:00,184.0,179.52908494028415,True
575,LightGBM,2022-01-06 03:10:00,184.0,180.7750687047754,True
575,LightGBM,2022-01-06 03:15:00,183.0,181.14105898544256,True
575,LightGBM,2022-01-06 03:20:00,182.0,189.04956115481718,True
575,LightGBM,2022-01-06 03:25:00,182.0,187.12289950309858,True
575,LightGBM,2022-01-06 03:30:00,182.0,186.0115232669433,True
575,LightGBM,2022-01-06 03:35:00,182.0,185.57060102284328,True
575,LightGBM,2022-01-06 03:40:00,181.0,185.19994369860018,True
575,LightGBM,2022-01-06 03:45:00,181.0,183.44118364925876,True
575,LightGBM,2022-01-06 03:50:00,181.0,180.51025188973153,True
575,LightGBM,2022-01-06 03:55:00,181.0,180.93171813892712,True
575,LightGBM,2022-01-06 04:00:00,181.0,180.74167898350015,True
575,LightGBM,2022-01-06 04:05:00,181.0,181.2400629213175,True
575,LightGBM,2022-01-06 04:10:00,182.0,178.0499005862302,True
575,LightGBM,2022-01-06 04:15:00,182.0,178.80418093191037,True
575,LightGBM,2022-01-06 04:20:00,183.0,178.3825706037675,True
575,LightGBM,2022-01-06 04:25:00,184.0,178.8527923289405,True
575,LightGBM,2022-01-06 04:30:00,185.0,178.85607523399196,True
575,LightGBM,2022-01-06 04:35:00,186.0,178.5865785609923,True
575,LightGBM,2022-01-06 04:40:00,187.0,183.69751891746492,True
575,LightGBM,2022-01-06 04:45:00,187.0,180.77611597602618,True
575,LightGBM,2022-01-06 04:50:00,187.0,187.1482386833911,True
575,LightGBM,2022-01-06 04:55:00,188.0,187.30337172114133,True
575,LightGBM,2022-01-06 05:00:00,188.0,188.7317774174829,True
575,LightGBM,2022-01-06 05:05:00,188.0,189.69143392356412,True
575,LightGBM,2022-01-06 05:10:00,187.0,189.74430121878726,True
575,LightGBM,2022-01-06 05:15:00,187.0,187.68946395235997,True
575,LightGBM,2022-01-06 05:20:00,186.0,187.74905184072128,True
575,LightGBM,2022-01-06 05:25:00,186.0,189.8155389803281,True
575,LightGBM,2022-01-06 05:30:00,184.0,187.28750920135084,True
575,LightGBM,2022-01-06 05:35:00,184.0,187.55618510404472,True
575,LightGBM,2022-01-06 05:40:00,185.0,186.1343494926861,True
575,LightGBM,2022-01-06 05:45:00,188.0,187.07396058167518,True
575,LightGBM,2022-01-06 05:50:00,189.0,185.52312282519657,True
575,LightGBM,2022-01-06 05:55:00,190.0,186.8973919828009,True
575,LightGBM,2022-01-06 06:00:00,190.0,182.02893860641248,True
575,LightGBM,2022-01-06 06:05:00,191.0,184.6111436762557,True
575,LightGBM,2022-01-06 06:10:00,193.0,186.8088750031482,True
575,LightGBM,2022-01-06 06:15:00,194.0,192.4333289376645,True
575,LightGBM,2022-01-06 06:20:00,195.0,187.9403694413733,True
575,LightGBM,2022-01-06 06:25:00,197.0,194.88785397039882,True
575,LightGBM,2022-01-06 06:30:00,199.0,191.12172149547348,True
575,LightGBM,2022-01-06 06:35:00,200.0,195.55505223568906,True
575,LightGBM,2022-01-06 06:40:00,202.0,196.9331336289176,True
575,LightGBM,2022-01-06 06:45:00,202.0,196.5595092555275,True
575,LightGBM,2022-01-06 06:50:00,203.0,199.21074353969843,True
575,LightGBM,2022-01-06 06:55:00,204.0,203.05221514015184,True
575,LightGBM,2022-01-06 07:00:00,204.0,204.93344199730046,True
575,LightGBM,2022-01-06 07:05:00,204.0,205.51280834866347,True
575,LightGBM,2022-01-06 07:10:00,204.0,209.55536953683927,True
575,LightGBM,2022-01-06 07:15:00,204.0,205.09410186891665,True
575,LightGBM,2022-01-06 07:20:00,204.0,208.192252596796,True
575,LightGBM,2022-01-06 07:25:00,204.0,206.85116734090107,True
575,LightGBM,2022-01-06 07:30:00,204.0,204.87426382948232,True
575,LightGBM,2022-01-06 07:40:00,270.0,204.34032601656278,True
575,LightGBM,2022-01-06 07:45:00,272.0,204.31536144972392,True
575,LightGBM,2022-01-06 07:50:00,267.0,204.65451980792577,True
575,LightGBM,2022-01-06 07:55:00,265.0,205.82867952614905,True
575,LightGBM,2022-01-06 08:00:00,267.0,207.3414000160704,True
575,LightGBM,2022-01-06 08:05:00,268.0,199.07448799145908,False
575,LightGBM,2022-01-06 08:10:00,268.0,256.0702758221889,True
575,LightGBM,2022-01-06 08:15:00,267.0,261.80383882610886,True
575,LightGBM,2022-01-06 08:20:00,266.0,241.8433751873919,True
575,LightGBM,2022-01-06 08:25:00,274.0,256.43703151436614,True
575,LightGBM,2022-01-06 08:30:00,273.0,261.09619384229563,True
575,LightGBM,2022-01-06 08:35:00,269.0,259.50903346402094,True
575,LightGBM,2022-01-06 08:40:00,261.0,257.66964711621193,True
575,LightGBM,2022-01-06 08:45:00,256.0,257.89218321442735,True
575,LightGBM,2022-01-06 08:50:00,249.0,255.65326520109107,True
575,LightGBM,2022-01-06 08:55:00,244.0,279.9431547849595,True
575,LightGBM,2022-01-06 09:00:00,242.0,259.83446179286426,True
575,LightGBM,2022-01-06 09:05:00,239.0,251.71513935611685,True
575,LightGBM,2022-01-06 09:10:00,235.0,231.49821530769205,True
575,LightGBM,2022-01-06 09:15:00,230.0,231.00043323503263,True
575,LightGBM,2022-01-06 09:20:00,223.0,218.38767565568327,True
575,LightGBM,2022-01-06 09:25:00,216.0,217.9786742124906,True
575,LightGBM,2022-01-06 09:30:00,209.0,219.89791499164784,True
575,LightGBM,2022-01-06 09:35:00,203.0,214.17185961331222,True
575,LightGBM,2022-01-06 09:40:00,193.0,212.37367832134322,True
575,LightGBM,2022-01-06 09:45:00,182.0,200.56681662432297,True
575,LightGBM,2022-01-06 09:50:00,171.0,188.9408734112538,True
575,LightGBM,2022-01-06 09:55:00,162.0,184.4322729446517,True
575,LightGBM,2022-01-06 10:00:00,155.0,177.38532668086074,True
575,LightGBM,2022-01-06 10:05:00,150.0,174.8840378612767,True
575,LightGBM,2022-01-06 10:10:00,146.0,157.55013137291783,True
575,LightGBM,2022-01-06 10:15:00,143.0,145.4677237181933,True
575,LightGBM,2022-01-06 10:20:00,139.0,129.37211846660378,True
575,LightGBM,2022-01-06 10:25:00,135.0,127.88595325496463,True
575,LightGBM,2022-01-06 10:30:00,130.0,126.33720704535958,True
575,LightGBM,2022-01-06 10:35:00,125.0,128.35268268619618,True
575,LightGBM,2022-01-06 10:40:00,121.0,127.85812541745908,True
575,LightGBM,2022-01-06 10:45:00,116.0,127.30962465760973,True
575,LightGBM,2022-01-06 10:50:00,109.0,124.0531207672964,True
575,LightGBM,2022-01-06 10:55:00,105.0,120.15968319636023,True
575,LightGBM,2022-01-06 11:00:00,100.0,108.55183849189426,True
575,LightGBM,2022-01-06 11:05:00,95.0,105.43595733753772,True
575,LightGBM,2022-01-06 11:10:00,90.0,105.19705034295446,True
575,LightGBM,2022-01-06 11:15:00,86.0,97.84738349541651,True
575,LightGBM,2022-01-06 11:20:00,81.0,93.29265390759193,True
575,LightGBM,2022-01-06 11:25:00,77.0,94.49819704144274,True
575,LightGBM,2022-01-06 11:30:00,72.0,88.16093099136097,True
575,LightGBM,2022-01-06 11:35:00,67.0,85.51753216100987,True
575,LightGBM,2022-01-06 11:40:00,61.0,84.82476429941927,True
575,LightGBM,2022-01-06 11:45:00,58.0,82.99817574564862,True
575,LightGBM,2022-01-06 11:50:00,54.0,79.17326423997426,True
575,LightGBM,2022-01-06 11:55:00,51.0,80.13304787882731,True
575,LightGBM,2022-01-06 12:00:00,49.0,77.31024146058223,True
575,LightGBM,2022-01-06 12:05:00,48.0,76.97990268322296,True
575,LightGBM,2022-01-06 12:10:00,48.0,73.44531621962392,True
575,LightGBM,2022-01-06 12:15:00,48.0,76.72757995424564,True
575,LightGBM,2022-01-06 12:20:00,50.0,71.25121259705516,True
575,LightGBM,2022-01-06 12:25:00,57.0,72.96606378385012,True
575,LightGBM,2022-01-06 12:30:00,65.0,69.14738703895208,True
575,LightGBM,2022-01-06 12:35:00,69.0,67.65798917872029,True
575,LightGBM,2022-01-06 12:40:00,75.0,67.41432264971293,True
575,LightGBM,2022-01-06 12:45:00,80.0,67.9130024394727,True
575,LightGBM,2022-01-06 12:50:00,91.0,83.21488247387342,True
575,LightGBM,2022-01-06 12:55:00,106.0,106.15630561862206,True
575,LightGBM,2022-01-06 13:00:00,117.0,122.76600092997818,True
575,LightGBM,2022-01-06 13:05:00,127.0,132.27798850697133,True
575,LightGBM,2022-01-06 13:10:00,134.0,134.8614828123716,True
575,LightGBM,2022-01-06 13:15:00,139.0,133.68848330238504,True
575,LightGBM,2022-01-06 13:20:00,146.0,146.6959441082659,True
575,LightGBM,2022-01-06 13:25:00,153.0,156.51950187703238,True
575,LightGBM,2022-01-06 13:30:00,153.0,148.95965724814064,True
575,LightGBM,2022-01-06 13:35:00,150.0,153.7439263843991,True
575,LightGBM,2022-01-06 13:40:00,145.0,152.5327881713082,True
575,LightGBM,2022-01-06 13:45:00,139.0,149.531614623122,True
575,LightGBM,2022-01-06 13:50:00,132.0,164.99326880485964,True
575,LightGBM,2022-01-06 13:55:00,126.0,169.23706357117007,True
575,LightGBM,2022-01-06 14:00:00,121.0,152.05264740815085,True
575,LightGBM,2022-01-06 14:05:00,118.0,141.24867687198568,True
575,LightGBM,2022-01-06 14:10:00,116.0,133.82119183014748,True
575,LightGBM,2022-01-06 14:15:00,117.0,125.16093976049002,True
575,LightGBM,2022-01-06 14:20:00,116.0,112.9354750132543,True
575,LightGBM,2022-01-06 14:25:00,115.0,111.47130925615326,True
575,LightGBM,2022-01-06 14:30:00,116.0,107.18513300115775,True
575,LightGBM,2022-01-06 14:35:00,118.0,111.75171653084044,True
575,LightGBM,2022-01-06 14:40:00,121.0,111.13122930376097,True
575,LightGBM,2022-01-06 14:45:00,125.0,117.6307254592473,True
575,LightGBM,2022-01-06 14:50:00,129.0,112.83000404387178,True
575,LightGBM,2022-01-06 14:55:00,134.0,113.83136516893056,True
575,LightGBM,2022-01-06 15:00:00,138.0,116.48141323524536,True
575,LightGBM,2022-01-06 15:05:00,138.0,120.37883457534966,True
575,LightGBM,2022-01-06 15:10:00,138.0,129.69074907696933,True
575,LightGBM,2022-01-06 15:15:00,136.0,137.09133098314197,True
575,LightGBM,2022-01-06 15:20:00,136.0,143.0079587229886,True
575,LightGBM,2022-01-06 15:25:00,136.0,150.14630977057334,True
575,LightGBM,2022-01-06 15:30:00,135.0,148.31496399051912,True
575,LightGBM,2022-01-06 15:35:00,135.0,140.66313615925196,True
575,LightGBM,2022-01-06 15:40:00,134.0,141.9533915637835,True
575,LightGBM,2022-01-06 15:45:00,133.0,136.65523781663782,True
575,LightGBM,2022-01-06 15:50:00,133.0,140.39526956791846,True
575,LightGBM,2022-01-06 15:55:00,132.0,139.02532258245458,True
575,LightGBM,2022-01-06 16:00:00,132.0,133.9639804444001,True
575,LightGBM,2022-01-06 16:05:00,132.0,136.43880785042094,True
575,LightGBM,2022-01-06 16:10:00,133.0,131.6913851109577,True
575,LightGBM,2022-01-06 16:15:00,133.0,131.6784692418825,True
575,LightGBM,2022-01-06 16:20:00,131.0,133.05597498491184,True
575,LightGBM,2022-01-06 16:25:00,132.0,127.81986545035845,True
575,LightGBM,2022-01-06 16:30:00,133.0,132.45905979028726,True
575,LightGBM,2022-01-06 16:35:00,134.0,130.76952689109075,True
575,LightGBM,2022-01-06 16:40:00,134.0,137.44319137095331,True
575,LightGBM,2022-01-06 16:45:00,134.0,134.75589530640076,True
575,LightGBM,2022-01-06 16:50:00,135.0,128.32091400499297,True
575,LightGBM,2022-01-06 16:55:00,134.0,136.29619281817708,True
575,LightGBM,2022-01-06 17:00:00,135.0,136.36746441128236,True
575,LightGBM,2022-01-06 17:05:00,137.0,139.33496716577406,True
575,LightGBM,2022-01-06 17:10:00,137.0,136.94157183274592,True
575,LightGBM,2022-01-06 17:15:00,138.0,137.46417861825105,True
575,LightGBM,2022-01-06 17:20:00,139.0,140.00294524666026,True
575,LightGBM,2022-01-06 17:25:00,140.0,133.93640162921884,True
575,LightGBM,2022-01-06 17:30:00,140.0,140.83633453911344,True
575,LightGBM,2022-01-06 17:35:00,140.0,144.7938367735584,True
575,LightGBM,2022-01-06 17:40:00,139.0,140.01594131191197,True
575,LightGBM,2022-01-06 17:45:00,139.0,143.11115098102385,True
575,LightGBM,2022-01-06 17:50:00,140.0,144.33974177469128,True
575,LightGBM,2022-01-06 17:55:00,140.0,144.90783290390308,True
575,LightGBM,2022-01-06 18:00:00,140.0,142.1393314886544,True
575,LightGBM,2022-01-06 18:05:00,140.0,142.2857183837915,True
575,LightGBM,2022-01-06 18:10:00,140.0,140.5158767373541,True
575,LightGBM,2022-01-06 18:15:00,140.0,142.0143489240097,True
575,LightGBM,2022-01-06 18:20:00,140.0,144.42212411938732,True
575,LightGBM,2022-01-06 18:25:00,141.0,141.16102290808797,True
575,LightGBM,2022-01-06 18:30:00,142.0,141.66130161688451,True
575,LightGBM,2022-01-06 18:35:00,143.0,141.78387980935517,True
575,LightGBM,2022-01-06 18:40:00,144.0,141.57521748364417,True
575,LightGBM,2022-01-06 18:45:00,145.0,141.3866482431387,True
575,LightGBM,2022-01-06 18:50:00,144.0,141.17394907437495,True
575,LightGBM,2022-01-06 18:55:00,144.0,145.80572752644196,True
575,LightGBM,2022-01-06 19:00:00,146.0,145.6822609471815,True
575,LightGBM,2022-01-06 19:05:00,146.0,147.82017113986902,True
575,LightGBM,2022-01-06 19:10:00,146.0,150.69312561741006,True
575,LightGBM,2022-01-06 19:15:00,146.0,151.18196066280913,True
575,LightGBM,2022-01-06 19:20:00,145.0,146.49782916184247,True
575,LightGBM,2022-01-06 19:25:00,143.0,148.31966987661184,True
575,LightGBM,2022-01-06 19:30:00,142.0,152.64489145309076,True
575,LightGBM,2022-01-06 19:35:00,133.0,148.7005256814273,True
575,LightGBM,2022-01-06 19:40:00,134.0,150.45477098087025,True
575,LightGBM,2022-01-06 19:45:00,132.0,149.73624572862596,True
575,LightGBM,2022-01-06 19:50:00,131.0,146.21566830986143,True
575,LightGBM,2022-01-06 19:55:00,132.0,142.79511882029507,True
575,LightGBM,2022-01-06 20:00:00,131.0,141.1579598753592,True
575,LightGBM,2022-01-06 20:05:00,130.0,125.34096135899142,True
575,LightGBM,2022-01-06 20:10:00,128.0,137.81585842134476,True
575,LightGBM,2022-01-06 20:15:00,127.0,126.94393852600795,True
575,LightGBM,2022-01-06 20:20:00,124.0,128.67875717357816,True
575,LightGBM,2022-01-06 20:25:00,124.0,134.46799236082708,True
575,LightGBM,2022-01-06 20:30:00,123.0,126.28971728240683,True
575,LightGBM,2022-01-06 20:35:00,125.0,128.60374510144234,True
575,LightGBM,2022-01-06 20:40:00,127.0,124.22646169521931,True
575,LightGBM,2022-01-06 20:45:00,129.0,124.8887155257973,True
575,LightGBM,2022-01-06 20:50:00,130.0,133.14436929922502,True
575,LightGBM,2022-01-06 20:55:00,133.0,141.9650299714897,True
575,LightGBM,2022-01-06 21:00:00,139.0,138.32448252801427,True
575,LightGBM,2022-01-06 21:05:00,141.0,145.69149440860394,True
575,LightGBM,2022-01-06 21:10:00,142.0,146.64530011284089,True
575,LightGBM,2022-01-06 21:15:00,142.0,145.91944437676295,True
575,LightGBM,2022-01-06 21:20:00,143.0,140.12203338608754,True
575,LightGBM,2022-01-06 21:25:00,142.0,151.22671600675864,True
575,LightGBM,2022-01-06 21:30:00,142.0,160.12358902708908,True
575,LightGBM,2022-01-06 21:35:00,144.0,151.54036669906597,True
575,LightGBM,2022-01-06 21:40:00,145.0,149.59840660390782,True
575,LightGBM,2022-01-06 21:45:00,147.0,145.94902790011577,True
575,LightGBM,2022-01-06 21:50:00,151.0,148.40652410994986,True
575,LightGBM,2022-01-06 21:55:00,153.0,140.26792436178576,True
575,LightGBM,2022-01-06 22:00:00,154.0,142.61780170632514,True
575,LightGBM,2022-01-06 22:05:00,160.0,150.25207623760443,True
575,LightGBM,2022-01-06 22:10:00,165.0,147.57893768748713,True
575,LightGBM,2022-01-06 22:15:00,171.0,153.93654927573024,True
575,LightGBM,2022-01-06 22:20:00,180.0,161.58148917062584,True
575,LightGBM,2022-01-06 22:25:00,187.0,158.05471066398638,True
575,LightGBM,2022-01-06 22:30:00,192.0,156.81600896993768,True
575,LightGBM,2022-01-06 22:35:00,196.0,174.7381881021379,True
575,LightGBM,2022-01-06 22:40:00,199.0,178.859058229176,True
575,LightGBM,2022-01-06 22:45:00,201.0,187.31820290306655,True
575,LightGBM,2022-01-06 22:50:00,197.0,204.90156731477157,True
575,LightGBM,2022-01-06 22:55:00,188.0,206.03611340652418,True
575,LightGBM,2022-01-06 23:00:00,178.0,204.56062299122593,True
575,LightGBM,2022-01-06 23:05:00,167.0,208.8269667111686,True
575,LightGBM,2022-01-06 23:10:00,154.0,210.4825828470489,True
575,LightGBM,2022-01-06 23:15:00,143.0,210.0050059002478,True
575,LightGBM,2022-01-06 23:20:00,134.0,193.76848998211412,True
575,LightGBM,2022-01-06 23:25:00,123.0,177.41241952118838,True
575,LightGBM,2022-01-06 23:30:00,112.0,156.9236982595061,True
575,LightGBM,2022-01-06 23:35:00,106.0,142.79092404035978,True
575,LightGBM,2022-01-06 23:40:00,101.0,122.79424643789726,True
575,LightGBM,2022-01-06 23:45:00,99.0,120.51860731210256,True
575,LightGBM,2022-01-06 23:50:00,101.0,114.46458413473484,True
575,LightGBM,2022-01-06 23:55:00,103.0,98.41090402930382,True
575,LightGBM,2022-01-07 00:00:00,102.0,91.94852651811715,True
575,LightGBM,2022-01-07 00:05:00,105.0,93.7612021318759,True
575,LightGBM,2022-01-07 00:10:00,112.0,91.41692901913882,True
575,LightGBM,2022-01-07 00:15:00,119.0,94.12156750584381,True
575,LightGBM,2022-01-07 00:20:00,125.0,105.12443424938618,True
575,LightGBM,2022-01-07 00:25:00,130.0,108.36252997454145,True
575,LightGBM,2022-01-07 00:30:00,136.0,98.40902589780231,True
575,LightGBM,2022-01-07 00:35:00,142.0,114.95867165230258,True
575,LightGBM,2022-01-07 00:40:00,148.0,127.48666968445828,True
575,LightGBM,2022-01-07 00:45:00,154.0,134.27073496765806,True
575,LightGBM,2022-01-07 00:50:00,159.0,138.6139120458521,True
575,LightGBM,2022-01-07 00:55:00,164.0,141.44338466570713,True
575,LightGBM,2022-01-07 01:00:00,167.0,152.66074429509248,True
575,LightGBM,2022-01-07 01:05:00,169.0,156.10338076867032,True
575,LightGBM,2022-01-07 01:10:00,170.0,163.03227326671322,True
575,LightGBM,2022-01-07 01:15:00,170.0,168.7653526902144,True
575,LightGBM,2022-01-07 01:20:00,168.0,174.91876092506996,True
575,LightGBM,2022-01-07 01:25:00,166.0,180.5587212362725,True
575,LightGBM,2022-01-07 01:30:00,162.0,176.396113832587,True
575,LightGBM,2022-01-07 01:35:00,156.0,176.68000779604836,True
575,LightGBM,2022-01-07 01:40:00,151.0,175.85050412464898,True
575,LightGBM,2022-01-07 01:45:00,148.0,174.15457733431413,True
575,LightGBM,2022-01-07 01:50:00,145.0,167.110943209841,True
575,LightGBM,2022-01-07 01:55:00,143.0,165.04730366865036,True
575,LightGBM,2022-01-07 02:00:00,139.0,157.12226565673734,True
575,LightGBM,2022-01-07 02:05:00,135.0,147.68185095746625,True
575,LightGBM,2022-01-07 02:10:00,132.0,144.389172927216,True
575,LightGBM,2022-01-07 02:15:00,130.0,145.06515972894476,True
575,LightGBM,2022-01-07 02:20:00,128.0,141.57193865776145,True
575,LightGBM,2022-01-07 02:25:00,125.0,138.5350109718606,True
575,LightGBM,2022-01-07 02:30:00,123.0,133.37863199450936,True
575,LightGBM,2022-01-07 02:35:00,119.0,126.53984793939114,True
575,LightGBM,2022-01-07 02:40:00,116.0,121.52946682248657,True
575,LightGBM,2022-01-07 02:45:00,115.0,119.90300202295195,True
575,LightGBM,2022-01-07 02:50:00,115.0,118.92046948373095,True
575,LightGBM,2022-01-07 02:55:00,115.0,114.02164557563697,True
575,LightGBM,2022-01-07 03:00:00,117.0,114.89998293390576,True
575,LightGBM,2022-01-07 03:05:00,118.0,107.8754752575002,True
575,LightGBM,2022-01-07 03:10:00,118.0,107.85816589314636,True
575,LightGBM,2022-01-07 03:15:00,118.0,110.76744143545638,True
575,LightGBM,2022-01-07 03:20:00,118.0,111.73814599402947,True
575,LightGBM,2022-01-07 03:25:00,119.0,112.71247802611758,True
575,LightGBM,2022-01-07 03:30:00,120.0,119.96986480295013,True
575,LightGBM,2022-01-07 03:35:00,121.0,118.800599760261,True
575,LightGBM,2022-01-07 03:40:00,121.0,119.71914864966487,True
575,LightGBM,2022-01-07 03:45:00,122.0,120.17889207451492,True
575,LightGBM,2022-01-07 03:50:00,122.0,119.76861869594653,True
575,LightGBM,2022-01-07 03:55:00,123.0,121.89725114653223,True
575,LightGBM,2022-01-07 04:00:00,124.0,122.72497932450617,True
575,LightGBM,2022-01-07 04:05:00,123.0,124.92460755075176,True
575,LightGBM,2022-01-07 04:10:00,123.0,125.02024613236507,True
575,LightGBM,2022-01-07 04:15:00,123.0,126.45854278624164,True
575,LightGBM,2022-01-07 04:20:00,124.0,125.6335992778808,True
575,LightGBM,2022-01-07 04:25:00,123.0,128.11867131602173,True
575,LightGBM,2022-01-07 04:30:00,122.0,129.13414714683876,True
575,LightGBM,2022-01-07 04:35:00,120.0,124.38049329777735,True
575,LightGBM,2022-01-07 04:40:00,119.0,127.26255211515996,True
575,LightGBM,2022-01-07 04:45:00,118.0,126.37471269303994,True
575,LightGBM,2022-01-07 04:50:00,117.0,128.07620541383866,True
575,LightGBM,2022-01-07 04:55:00,117.0,123.6464716440324,True
575,LightGBM,2022-01-07 05:00:00,116.0,121.75000667063071,True
575,LightGBM,2022-01-07 05:05:00,115.0,116.77596545555977,True
575,LightGBM,2022-01-07 05:10:00,114.0,116.79449671513962,True
575,LightGBM,2022-01-07 05:15:00,113.0,115.96867271701772,True
575,LightGBM,2022-01-07 05:20:00,112.0,114.56368355558224,True
575,LightGBM,2022-01-07 05:25:00,112.0,116.1712627124992,True
575,LightGBM,2022-01-07 05:30:00,111.0,113.88235562137659,True
575,LightGBM,2022-01-07 05:35:00,112.0,113.80018925427864,True
575,LightGBM,2022-01-07 05:40:00,112.0,111.24101843554095,True
575,LightGBM,2022-01-07 05:45:00,113.0,109.50955629522649,True
575,LightGBM,2022-01-07 05:50:00,114.0,107.70212746248046,True
575,LightGBM,2022-01-07 05:55:00,115.0,110.70501794288379,True
575,LightGBM,2022-01-07 06:00:00,116.0,107.15266837858115,True
575,LightGBM,2022-01-07 06:05:00,119.0,114.52337584763137,True
575,LightGBM,2022-01-07 06:10:00,121.0,112.2577350142594,True
575,LightGBM,2022-01-07 06:15:00,123.0,116.6534423693637,True
575,LightGBM,2022-01-07 06:20:00,126.0,117.63071536805815,True
575,LightGBM,2022-01-07 06:25:00,129.0,119.1663102398616,True
575,LightGBM,2022-01-07 06:30:00,131.0,121.0027955484204,True
575,LightGBM,2022-01-07 06:35:00,133.0,128.24283177970213,True
575,LightGBM,2022-01-07 06:40:00,136.0,129.59607658227344,True
575,LightGBM,2022-01-07 06:45:00,136.0,132.11190263324252,True
575,LightGBM,2022-01-07 06:50:00,134.0,139.60724032666712,True
575,LightGBM,2022-01-07 06:55:00,139.0,156.38497364392265,True
575,LightGBM,2022-01-07 07:00:00,147.0,151.54736337198602,True
575,LightGBM,2022-01-07 07:05:00,154.0,155.77870237366562,True
575,LightGBM,2022-01-07 07:10:00,160.0,160.46906629524221,True
575,LightGBM,2022-01-07 07:15:00,168.0,150.962146294307,True
575,LightGBM,2022-01-07 07:20:00,173.0,142.0247731194229,True
575,LightGBM,2022-01-07 07:25:00,178.0,160.37327068194728,True
575,LightGBM,2022-01-07 07:30:00,182.0,172.71460298898648,True
575,LightGBM,2022-01-07 07:35:00,181.0,173.6229253535031,True
575,LightGBM,2022-01-07 07:40:00,180.0,176.0958332207554,True
575,LightGBM,2022-01-07 07:45:00,182.0,191.64705478590608,True
575,LightGBM,2022-01-07 07:50:00,186.0,185.1142357309277,True
575,LightGBM,2022-01-07 07:55:00,188.0,189.64011464286992,True
575,LightGBM,2022-01-07 08:00:00,190.0,188.2800694339054,True
575,LightGBM,2022-01-07 08:05:00,192.0,172.95345570394588,True
575,LightGBM,2022-01-07 08:10:00,192.0,174.6309256581193,True
575,LightGBM,2022-01-07 08:15:00,191.0,184.27264182447092,True
575,LightGBM,2022-01-07 08:20:00,190.0,191.42328764974883,True
575,LightGBM,2022-01-07 08:25:00,188.0,189.50818512490474,True
575,LightGBM,2022-01-07 08:30:00,183.0,196.42731838157857,True
575,LightGBM,2022-01-07 08:35:00,178.0,197.44248899469517,True
575,LightGBM,2022-01-07 08:40:00,173.0,192.14922306504656,True
575,LightGBM,2022-01-07 08:45:00,167.0,190.5792682030334,True
575,LightGBM,2022-01-07 08:50:00,160.0,186.97285094040387,True
575,LightGBM,2022-01-07 08:55:00,154.0,178.58048547635207,True
575,LightGBM,2022-01-07 09:00:00,148.0,171.301069102765,True
575,LightGBM,2022-01-07 09:05:00,144.0,163.22936066883227,True
575,LightGBM,2022-01-07 09:10:00,139.0,157.64014831022865,True
575,LightGBM,2022-01-07 09:15:00,136.0,148.5811128907764,True
575,LightGBM,2022-01-07 09:20:00,131.0,134.3437958723754,True
575,LightGBM,2022-01-07 09:25:00,127.0,131.00670916431744,True
575,LightGBM,2022-01-07 09:30:00,122.0,127.45217891417711,True
575,LightGBM,2022-01-07 09:35:00,116.0,131.1313672941974,True
575,LightGBM,2022-01-07 09:40:00,111.0,122.90286532713175,True
575,LightGBM,2022-01-07 09:45:00,107.0,125.57580620075765,True
575,LightGBM,2022-01-07 09:50:00,103.0,109.52854021266569,True
575,LightGBM,2022-01-07 09:55:00,100.0,111.9542961094189,True
575,LightGBM,2022-01-07 10:00:00,100.0,102.78953652625667,True
575,LightGBM,2022-01-07 10:05:00,100.0,98.93656828675205,True
575,LightGBM,2022-01-07 10:10:00,98.0,96.06649169034807,True
575,LightGBM,2022-01-07 10:15:00,95.0,96.48404262863687,True
575,LightGBM,2022-01-07 10:20:00,90.0,93.06686900605943,True
575,LightGBM,2022-01-07 10:25:00,88.0,92.60130781010152,True
575,LightGBM,2022-01-07 10:30:00,86.0,100.11090061923562,True
575,LightGBM,2022-01-07 10:35:00,83.0,99.68457083035537,True
575,LightGBM,2022-01-07 10:40:00,80.0,93.67041341625593,True
575,LightGBM,2022-01-07 10:45:00,77.0,89.90398985554926,True
575,LightGBM,2022-01-07 10:50:00,75.0,86.2116790340946,True
575,LightGBM,2022-01-07 10:55:00,71.0,88.8850649616101,True
575,LightGBM,2022-01-07 11:00:00,70.0,84.70089123767353,True
575,LightGBM,2022-01-07 11:05:00,66.0,83.36028774788825,True
575,LightGBM,2022-01-07 11:10:00,64.0,81.32862510371413,True
575,LightGBM,2022-01-07 11:15:00,63.0,80.92669330358402,True
575,LightGBM,2022-01-07 11:20:00,61.0,82.15474681178924,True
575,LightGBM,2022-01-07 11:25:00,61.0,79.70460640209184,True
575,LightGBM,2022-01-07 11:30:00,61.0,81.26445438629779,True
575,LightGBM,2022-01-07 11:35:00,61.0,77.49338252227481,True
575,LightGBM,2022-01-07 11:40:00,61.0,78.49079025118378,True
575,LightGBM,2022-01-07 11:45:00,61.0,77.72400056997422,True
575,LightGBM,2022-01-07 11:50:00,61.0,73.85188280202094,True
575,LightGBM,2022-01-07 11:55:00,61.0,76.83636623163204,True
575,LightGBM,2022-01-07 13:20:00,95.0,159.34119791596314,False
575,LightGBM,2022-01-07 13:25:00,96.0,163.73729089005232,False
575,LightGBM,2022-01-07 13:30:00,99.0,164.2910396468165,False
575,LightGBM,2022-01-07 13:35:00,106.0,190.39701500319202,False
575,LightGBM,2022-01-07 13:40:00,115.0,188.79891311582819,False
575,LightGBM,2022-01-07 13:45:00,124.0,188.707007744866,False
575,LightGBM,2022-01-07 13:50:00,130.0,111.62589287584022,True
575,LightGBM,2022-01-07 13:55:00,135.0,114.88289453759452,True
575,LightGBM,2022-01-07 14:00:00,140.0,128.17648101757115,True
575,LightGBM,2022-01-07 14:05:00,144.0,141.24472557811472,True
575,LightGBM,2022-01-07 14:10:00,148.0,148.8202457553182,True
575,LightGBM,2022-01-07 14:15:00,155.0,157.47641693526,True
575,LightGBM,2022-01-07 14:20:00,165.0,152.79476786977727,True
575,LightGBM,2022-01-07 14:25:00,175.0,153.26499789839733,True
575,LightGBM,2022-01-07 14:30:00,183.0,155.85405198304326,True
575,LightGBM,2022-01-07 14:35:00,191.0,158.32675785169096,True
575,LightGBM,2022-01-07 14:40:00,200.0,162.3697402345212,True
575,LightGBM,2022-01-07 14:45:00,208.0,174.69523799873264,True
575,LightGBM,2022-01-07 14:50:00,215.0,191.6734383626229,True
575,LightGBM,2022-01-07 14:55:00,221.0,203.7261086521239,True
575,LightGBM,2022-01-07 15:00:00,229.0,203.80653248272117,True
575,LightGBM,2022-01-07 15:05:00,238.0,215.17458122664266,True
575,LightGBM,2022-01-07 15:10:00,245.0,224.2625645777722,True
575,LightGBM,2022-01-07 15:15:00,252.0,223.68928974293922,True
575,LightGBM,2022-01-07 15:20:00,256.0,228.24201972342823,True
575,LightGBM,2022-01-07 15:25:00,256.0,234.109146638113,True
575,LightGBM,2022-01-07 15:30:00,255.0,245.10985846908525,True
575,LightGBM,2022-01-07 15:35:00,251.0,258.40699207806733,True
575,LightGBM,2022-01-07 15:40:00,247.0,258.1176118247985,True
575,LightGBM,2022-01-07 15:45:00,247.0,268.321161569179,True
575,LightGBM,2022-01-07 15:50:00,245.0,261.68025556553175,True
575,LightGBM,2022-01-07 15:55:00,243.0,254.07600790685825,True
575,LightGBM,2022-01-07 16:00:00,243.0,251.91258179103065,True
575,LightGBM,2022-01-07 16:05:00,243.0,240.5750245726939,True
575,LightGBM,2022-01-07 16:10:00,242.0,233.64035163946477,True
575,LightGBM,2022-01-07 16:15:00,240.0,239.96280179795912,True
575,LightGBM,2022-01-07 16:20:00,238.0,232.86867374079924,True
575,LightGBM,2022-01-07 16:25:00,237.0,233.29348068835583,True
575,LightGBM,2022-01-07 16:30:00,237.0,236.51188545819565,True
575,LightGBM,2022-01-07 16:35:00,236.0,235.41031665468944,True
575,LightGBM,2022-01-07 16:40:00,233.0,235.08637215945328,True
575,LightGBM,2022-01-07 16:45:00,231.0,229.80354385831674,True
575,LightGBM,2022-01-07 16:50:00,229.0,229.0854676419116,True
575,LightGBM,2022-01-07 16:55:00,228.0,229.33306335848624,True
575,LightGBM,2022-01-07 17:00:00,226.0,229.5700318678668,True
575,LightGBM,2022-01-07 17:05:00,225.0,229.02786776884682,True
575,LightGBM,2022-01-07 17:10:00,224.0,222.68532013588666,True
575,LightGBM,2022-01-07 17:15:00,222.0,220.0679187892329,True
575,LightGBM,2022-01-07 17:20:00,221.0,216.98153461638412,True
575,LightGBM,2022-01-07 17:25:00,221.0,220.6465432230229,True
575,LightGBM,2022-01-07 17:30:00,220.0,212.9001777875667,True
575,LightGBM,2022-01-07 17:35:00,219.0,218.9068260354368,True
575,LightGBM,2022-01-07 17:40:00,218.0,215.80249621918634,True
575,LightGBM,2022-01-07 17:45:00,218.0,211.65870665903515,True
575,LightGBM,2022-01-07 17:50:00,216.0,215.7409824530026,True
575,LightGBM,2022-01-07 17:55:00,214.0,217.3664882880886,True
575,LightGBM,2022-01-07 18:00:00,214.0,217.40257271455587,True
575,LightGBM,2022-01-07 18:05:00,213.0,215.98736527786784,True
575,LightGBM,2022-01-07 18:10:00,212.0,216.03967309706994,True
575,LightGBM,2022-01-07 18:15:00,212.0,217.85090444725012,True
575,LightGBM,2022-01-07 18:20:00,211.0,208.86839477663946,True
575,LightGBM,2022-01-07 18:25:00,212.0,207.24373376844167,True
575,LightGBM,2022-01-07 18:30:00,211.0,212.64375681097084,True
575,LightGBM,2022-01-07 18:35:00,211.0,209.97417125438562,True
575,LightGBM,2022-01-07 18:40:00,211.0,210.2989656928752,True
575,LightGBM,2022-01-07 18:45:00,210.0,212.63695193473438,True
575,LightGBM,2022-01-07 18:50:00,209.0,210.50067896103545,True
575,LightGBM,2022-01-07 18:55:00,208.0,214.5516883125486,True
575,LightGBM,2022-01-07 19:00:00,206.0,211.18613557369142,True
575,LightGBM,2022-01-07 19:05:00,205.0,213.5406384157478,True
575,LightGBM,2022-01-07 19:10:00,205.0,213.04971643573938,True
575,LightGBM,2022-01-07 19:15:00,205.0,209.09150169520896,True
575,LightGBM,2022-01-07 19:20:00,205.0,206.60969691098995,True
575,LightGBM,2022-01-07 19:25:00,205.0,206.07990021962755,True
575,LightGBM,2022-01-07 19:30:00,205.0,200.60206779599363,True
575,LightGBM,2022-01-07 19:35:00,184.0,201.03726533709246,True
575,LightGBM,2022-01-07 19:40:00,182.0,202.41311856075873,True
575,LightGBM,2022-01-07 19:45:00,180.0,203.67872240635865,True
575,LightGBM,2022-01-07 19:50:00,177.0,203.04050666644315,True
575,LightGBM,2022-01-07 19:55:00,174.0,204.14969825304405,True
575,LightGBM,2022-01-07 20:00:00,170.0,204.0858452733509,True
575,LightGBM,2022-01-07 20:05:00,167.0,179.6488610452548,True
575,LightGBM,2022-01-07 20:10:00,165.0,179.54144261481835,True
575,LightGBM,2022-01-07 20:15:00,161.0,175.1127359694522,True
575,LightGBM,2022-01-07 20:20:00,157.0,169.71025874887664,True
575,LightGBM,2022-01-07 20:25:00,154.0,164.74241606757872,True
575,LightGBM,2022-01-07 20:30:00,151.0,157.9069627784369,True
575,LightGBM,2022-01-07 20:35:00,149.0,155.81131466084477,True
575,LightGBM,2022-01-07 20:40:00,146.0,155.65825641507777,True
575,LightGBM,2022-01-07 20:45:00,144.0,148.3194312983654,True
575,LightGBM,2022-01-07 20:50:00,145.0,142.8767129553125,True
575,LightGBM,2022-01-07 20:55:00,152.0,141.14674352692614,True
575,LightGBM,2022-01-07 21:00:00,162.0,139.00593228169942,True
575,LightGBM,2022-01-07 21:05:00,171.0,137.27506126023624,True
575,LightGBM,2022-01-07 21:10:00,182.0,134.20948935087006,True
575,LightGBM,2022-01-07 21:15:00,197.0,135.77202760103594,True
575,LightGBM,2022-01-07 21:20:00,210.0,143.59351649187872,True
575,LightGBM,2022-01-07 21:25:00,223.0,158.3707126444667,True
575,LightGBM,2022-01-07 21:30:00,233.0,176.96401015248023,True
575,LightGBM,2022-01-07 21:35:00,237.0,187.36576306869014,True
575,LightGBM,2022-01-07 21:40:00,233.0,209.34253439171957,True
575,LightGBM,2022-01-07 21:45:00,229.0,231.21830689296354,True
575,LightGBM,2022-01-07 21:50:00,219.0,234.64940381996473,True
575,LightGBM,2022-01-07 21:55:00,206.0,247.91708414678604,True
575,LightGBM,2022-01-07 22:00:00,193.0,245.68820707345515,True
575,LightGBM,2022-01-07 22:05:00,180.0,226.61146934000084,True
575,LightGBM,2022-01-07 22:10:00,166.0,202.2959930020032,True
575,LightGBM,2022-01-07 22:15:00,151.0,200.30424099383032,True
575,LightGBM,2022-01-07 22:20:00,138.0,170.08594089930813,True
575,LightGBM,2022-01-07 22:25:00,127.0,150.09266057595545,True
575,LightGBM,2022-01-07 22:30:00,115.0,140.69557109157455,True
575,LightGBM,2022-01-07 22:35:00,105.0,128.48987174419054,True
575,LightGBM,2022-01-07 22:40:00,93.0,117.83791444501716,True
575,LightGBM,2022-01-07 22:45:00,88.0,107.0836249121651,True
575,LightGBM,2022-01-07 22:50:00,80.0,108.15088820463647,True
575,LightGBM,2022-01-07 22:55:00,74.0,101.872653356125,True
575,LightGBM,2022-01-07 23:00:00,67.0,89.3309268815241,True
575,LightGBM,2022-01-07 23:05:00,62.0,88.96049447924982,True
575,LightGBM,2022-01-07 23:10:00,60.0,81.10419399092767,True
575,LightGBM,2022-01-07 23:15:00,59.0,84.49225388609953,True
575,LightGBM,2022-01-07 23:20:00,58.0,74.44451990269762,True
575,LightGBM,2022-01-07 23:25:00,59.0,75.7769229431137,True
575,LightGBM,2022-01-07 23:30:00,58.0,68.07427055340344,True
575,LightGBM,2022-01-07 23:35:00,58.0,69.25600974328238,True
575,LightGBM,2022-01-07 23:40:00,61.0,68.11248829990774,True
575,LightGBM,2022-01-07 23:45:00,65.0,66.20843273234394,True
575,LightGBM,2022-01-07 23:50:00,61.0,65.41393213224893,True
575,LightGBM,2022-01-07 23:55:00,55.0,71.33837290046084,True
575,LightGBM,2022-01-08 00:00:00,53.0,65.22848879216583,True
575,LightGBM,2022-01-08 00:05:00,52.0,67.40376883178877,True
575,LightGBM,2022-01-08 00:10:00,52.0,82.48333959679995,True
575,LightGBM,2022-01-08 00:15:00,56.0,89.83868458998832,True
575,LightGBM,2022-01-08 00:20:00,61.0,71.55125360390169,True
575,LightGBM,2022-01-08 00:25:00,66.0,64.63983027743272,True
575,LightGBM,2022-01-08 00:30:00,70.0,63.78599922118532,True
575,LightGBM,2022-01-08 00:35:00,73.0,63.42313728670656,True
575,LightGBM,2022-01-08 00:40:00,77.0,63.1878053105653,True
575,LightGBM,2022-01-08 00:45:00,81.0,84.80441090168638,True
575,LightGBM,2022-01-08 00:50:00,85.0,87.39246477783267,True
575,LightGBM,2022-01-08 00:55:00,89.0,92.88185720439868,True
575,LightGBM,2022-01-08 01:00:00,94.0,93.76271526760449,True
575,LightGBM,2022-01-08 01:05:00,99.0,93.80560472061899,True
575,LightGBM,2022-01-08 01:10:00,104.0,99.80742779828643,True
575,LightGBM,2022-01-08 01:15:00,108.0,100.89457235167714,True
575,LightGBM,2022-01-08 01:20:00,113.0,103.01794929300858,True
575,LightGBM,2022-01-08 01:25:00,118.0,106.2768380395059,True
575,LightGBM,2022-01-08 01:30:00,123.0,112.41872517532921,True
575,LightGBM,2022-01-08 01:35:00,129.0,118.42885549436008,True
575,LightGBM,2022-01-08 01:40:00,133.0,122.57533924071629,True
575,LightGBM,2022-01-08 01:45:00,131.0,124.18915031555002,True
575,LightGBM,2022-01-08 01:50:00,124.0,129.4623717144446,True
575,LightGBM,2022-01-08 01:55:00,121.0,133.5232939086574,True
575,LightGBM,2022-01-08 02:00:00,121.0,139.5316826127964,True
575,LightGBM,2022-01-08 02:05:00,126.0,149.55967687485816,True
575,LightGBM,2022-01-08 02:10:00,131.0,147.34553058366492,True
575,LightGBM,2022-01-08 02:15:00,133.0,130.2225866657903,True
575,LightGBM,2022-01-08 02:20:00,135.0,121.09305405955907,True
575,LightGBM,2022-01-08 02:25:00,140.0,119.46050732455797,True
575,LightGBM,2022-01-08 02:30:00,146.0,123.92100652364881,True
575,LightGBM,2022-01-08 02:35:00,150.0,137.09432909151533,True
575,LightGBM,2022-01-08 02:40:00,155.0,141.17205991259522,True
575,LightGBM,2022-01-08 02:45:00,158.0,140.82221403590162,True
575,LightGBM,2022-01-08 02:50:00,159.0,143.59419959637188,True
575,LightGBM,2022-01-08 02:55:00,162.0,152.85135520811735,True
575,LightGBM,2022-01-08 03:00:00,164.0,162.43622466848717,True
575,LightGBM,2022-01-08 03:05:00,166.0,161.80715647071452,True
575,LightGBM,2022-01-08 03:10:00,168.0,170.5832135138229,True
575,LightGBM,2022-01-08 03:15:00,170.0,167.74582220516504,True
575,LightGBM,2022-01-08 03:20:00,172.0,164.01657479941696,True
575,LightGBM,2022-01-08 03:25:00,174.0,171.63882615464598,True
575,LightGBM,2022-01-08 03:30:00,176.0,169.6403162456169,True
575,LightGBM,2022-01-08 03:35:00,177.0,173.29241955907267,True
575,LightGBM,2022-01-08 03:40:00,178.0,175.4146345216773,True
575,LightGBM,2022-01-08 03:45:00,179.0,177.86620310939117,True
575,LightGBM,2022-01-08 03:50:00,179.0,178.10753196236448,True
575,LightGBM,2022-01-08 03:55:00,178.0,183.68649588728394,True
575,LightGBM,2022-01-08 04:00:00,177.0,184.28278588541426,True
575,LightGBM,2022-01-08 04:05:00,175.0,181.30173663500673,True
575,LightGBM,2022-01-08 04:10:00,173.0,182.69596362642287,True
575,LightGBM,2022-01-08 04:15:00,171.0,182.76285372036844,True
575,LightGBM,2022-01-08 04:20:00,172.0,179.18850974183326,True
575,LightGBM,2022-01-08 04:25:00,171.0,177.37566132197378,True
575,LightGBM,2022-01-08 04:30:00,172.0,176.0399384246019,True
575,LightGBM,2022-01-08 04:35:00,175.0,172.77066483879136,True
575,LightGBM,2022-01-08 04:40:00,177.0,170.21518066882706,True
575,LightGBM,2022-01-08 04:45:00,177.0,167.16426467811584,True
575,LightGBM,2022-01-08 04:50:00,176.0,172.3030627147085,True
575,LightGBM,2022-01-08 04:55:00,178.0,168.30481379088974,True
575,LightGBM,2022-01-08 05:00:00,179.0,172.28656768813678,True
575,LightGBM,2022-01-08 05:05:00,182.0,179.8326205882659,True
575,LightGBM,2022-01-08 05:10:00,185.0,180.4786044061854,True
575,LightGBM,2022-01-08 05:15:00,188.0,176.41917908195578,True
575,LightGBM,2022-01-08 05:20:00,190.0,175.84241459622737,True
575,LightGBM,2022-01-08 05:25:00,194.0,182.851697563123,True
575,LightGBM,2022-01-08 05:30:00,197.0,180.08328659601636,True
575,LightGBM,2022-01-08 05:35:00,200.0,191.36693772001877,True
575,LightGBM,2022-01-08 05:40:00,204.0,194.26671516314025,True
575,LightGBM,2022-01-08 05:45:00,207.0,197.2996806637474,True
575,LightGBM,2022-01-08 05:50:00,213.0,197.56991282648818,True
575,LightGBM,2022-01-08 05:55:00,219.0,204.9664426999768,True
575,LightGBM,2022-01-08 06:00:00,226.0,208.49488352872618,True
575,LightGBM,2022-01-08 06:05:00,230.0,212.4143272160369,True
575,LightGBM,2022-01-08 06:10:00,231.0,217.26664836821382,True
575,LightGBM,2022-01-08 06:15:00,233.0,217.37225006490098,True
575,LightGBM,2022-01-08 06:20:00,233.0,229.13081837771048,True
575,LightGBM,2022-01-08 06:25:00,233.0,235.94002812672602,True
575,LightGBM,2022-01-08 06:30:00,233.0,242.81723810268593,True
575,LightGBM,2022-01-08 06:35:00,232.0,240.05638830965145,True
575,LightGBM,2022-01-08 06:40:00,232.0,235.8531483680059,True
575,LightGBM,2022-01-08 06:45:00,231.0,239.45405143420217,True
575,LightGBM,2022-01-08 06:50:00,231.0,233.91236209870485,True
575,LightGBM,2022-01-08 06:55:00,230.0,235.08180983962586,True
575,LightGBM,2022-01-08 07:00:00,229.0,233.97010391614882,True
575,LightGBM,2022-01-08 07:05:00,228.0,232.71276593819468,True
575,LightGBM,2022-01-08 07:10:00,227.0,233.13331181858402,True
575,LightGBM,2022-01-08 07:15:00,227.0,230.13671919835852,True
575,LightGBM,2022-01-08 07:20:00,226.0,230.80795971112852,True
575,LightGBM,2022-01-08 07:25:00,226.0,229.46028879150558,True
575,LightGBM,2022-01-08 07:30:00,226.0,229.00633332155903,True
575,LightGBM,2022-01-08 07:35:00,226.0,226.8595962275133,True
575,LightGBM,2022-01-08 07:40:00,226.0,226.98900155392857,True
575,LightGBM,2022-01-08 07:45:00,226.0,227.36582054521676,True
575,LightGBM,2022-01-08 07:50:00,226.0,225.14849435681083,True
575,LightGBM,2022-01-08 07:55:00,226.0,225.73421307977844,True
575,LightGBM,2022-01-08 08:10:00,280.0,226.83389497222427,True
575,LightGBM,2022-01-08 08:15:00,277.0,226.76504075061388,True
575,LightGBM,2022-01-08 08:20:00,273.0,226.79404959153146,True
575,LightGBM,2022-01-08 08:25:00,267.0,229.07578307178883,True
575,LightGBM,2022-01-08 08:30:00,262.0,200.36980938003163,False
575,LightGBM,2022-01-08 08:35:00,256.0,199.10510115761534,False
575,LightGBM,2022-01-08 08:40:00,250.0,264.576936153749,True
575,LightGBM,2022-01-08 08:45:00,244.0,255.77821659464857,True
575,LightGBM,2022-01-08 08:50:00,238.0,246.2427494307556,True
575,LightGBM,2022-01-08 08:55:00,232.0,236.2964456761619,True
575,LightGBM,2022-01-08 09:00:00,227.0,232.01416960611104,True
575,LightGBM,2022-01-08 09:05:00,221.0,225.92181905885118,True
575,LightGBM,2022-01-08 09:10:00,216.0,221.22958278336537,True
575,LightGBM,2022-01-08 09:15:00,211.0,214.20150870470823,True
575,LightGBM,2022-01-08 09:20:00,211.0,206.03511127539642,True
575,LightGBM,2022-01-08 09:25:00,211.0,200.8984660721402,True
575,LightGBM,2022-01-08 09:30:00,211.0,198.13653380001816,True
575,LightGBM,2022-01-08 09:35:00,211.0,190.36089539676132,True
575,LightGBM,2022-01-08 09:40:00,211.0,187.1384434786823,True
575,LightGBM,2022-01-08 09:45:00,211.0,184.1426162133105,True
575,LightGBM,2022-01-08 09:50:00,211.0,198.64095034736144,True
575,LightGBM,2022-01-08 13:35:00,186.0,164.45144573731568,False
575,LightGBM,2022-01-08 13:40:00,183.0,164.28612932934007,False
575,LightGBM,2022-01-08 13:45:00,180.0,164.19422395837788,False
575,LightGBM,2022-01-08 13:50:00,174.0,164.19422395837788,False
575,LightGBM,2022-01-08 13:55:00,168.0,164.19422395837788,False
575,LightGBM,2022-01-08 14:00:00,161.0,164.19422395837788,False
575,LightGBM,2022-01-08 14:05:00,155.0,185.46283006024953,True
575,LightGBM,2022-01-08 14:10:00,152.0,180.28708745305082,True
575,LightGBM,2022-01-08 14:15:00,150.0,174.40334915173804,True
575,LightGBM,2022-01-08 14:20:00,148.0,165.91138287678177,True
575,LightGBM,2022-01-08 14:25:00,143.0,159.07902224025779,True
575,LightGBM,2022-01-08 14:30:00,139.0,149.09866398565222,True
575,LightGBM,2022-01-08 14:35:00,134.0,143.9767428499934,True
575,LightGBM,2022-01-08 14:40:00,132.0,145.55371397405023,True
575,LightGBM,2022-01-08 14:45:00,132.0,144.2960462841745,True
575,LightGBM,2022-01-08 14:50:00,131.0,141.2116769629212,True
575,LightGBM,2022-01-08 14:55:00,130.0,132.30078975927015,True
575,LightGBM,2022-01-08 15:00:00,129.0,132.65729934199686,True
575,LightGBM,2022-01-08 15:05:00,128.0,120.68096249691844,True
575,LightGBM,2022-01-08 15:10:00,124.0,122.67112287921216,True
575,LightGBM,2022-01-08 15:15:00,117.0,126.66039735825493,True
575,LightGBM,2022-01-08 15:20:00,112.0,121.90249107984022,True
575,LightGBM,2022-01-08 15:25:00,111.0,124.9424117120001,True
575,LightGBM,2022-01-08 15:30:00,115.0,124.2858319760605,True
575,LightGBM,2022-01-08 15:35:00,111.0,123.09537787010561,True
575,LightGBM,2022-01-08 15:40:00,108.0,113.40245123864715,True
575,LightGBM,2022-01-08 15:45:00,106.0,106.65763618550389,True
575,LightGBM,2022-01-08 15:50:00,105.0,103.4785896724555,True
575,LightGBM,2022-01-08 15:55:00,102.0,108.75166514364243,True
575,LightGBM,2022-01-08 16:00:00,101.0,123.95993071350108,True
575,LightGBM,2022-01-08 16:05:00,100.0,104.29579514147109,True
575,LightGBM,2022-01-08 16:10:00,99.0,105.7508710482485,True
575,LightGBM,2022-01-08 16:15:00,96.0,100.79120923060891,True
575,LightGBM,2022-01-08 16:20:00,93.0,101.64334189692406,True
575,LightGBM,2022-01-08 16:25:00,92.0,95.34249238329465,True
575,LightGBM,2022-01-08 16:30:00,93.0,98.45390173367386,True
575,LightGBM,2022-01-08 16:35:00,102.0,97.09728869477671,True
575,LightGBM,2022-01-08 16:40:00,114.0,96.61694939255617,True
575,LightGBM,2022-01-08 16:45:00,121.0,90.1022236388083,True
575,LightGBM,2022-01-08 16:50:00,127.0,88.39286454545561,True
575,LightGBM,2022-01-08 16:55:00,130.0,92.58558188508754,True
575,LightGBM,2022-01-08 17:00:00,132.0,98.09142751476963,True
575,LightGBM,2022-01-08 17:05:00,145.0,126.70313797481265,True
575,LightGBM,2022-01-08 17:10:00,149.0,148.09933375050886,True
575,LightGBM,2022-01-08 17:15:00,144.0,140.20781380406183,True
575,LightGBM,2022-01-08 17:20:00,144.0,145.62792797802328,True
575,LightGBM,2022-01-08 17:25:00,144.0,140.49800386649514,True
575,LightGBM,2022-01-08 17:30:00,140.0,140.02582748682295,True
575,LightGBM,2022-01-08 17:35:00,137.0,173.55970269043914,True
575,LightGBM,2022-01-08 17:40:00,144.0,161.27162626632918,True
575,LightGBM,2022-01-08 17:45:00,144.0,142.61107155445163,True
575,LightGBM,2022-01-08 17:50:00,142.0,150.05220663824,True
575,LightGBM,2022-01-08 17:55:00,139.0,146.8972708912305,True
575,LightGBM,2022-01-08 18:00:00,127.0,137.69329216251404,True
575,LightGBM,2022-01-08 18:05:00,134.0,135.5294771776917,True
575,LightGBM,2022-01-08 18:10:00,136.0,158.6291270441166,True
575,LightGBM,2022-01-08 18:15:00,139.0,144.6331515811233,True
575,LightGBM,2022-01-08 18:20:00,141.0,141.11472779659013,True
575,LightGBM,2022-01-08 18:25:00,141.0,136.27634096077614,True
575,LightGBM,2022-01-08 18:30:00,132.0,120.83608797744577,True
575,LightGBM,2022-01-08 18:35:00,129.0,150.32311119689513,True
575,LightGBM,2022-01-08 18:40:00,125.0,141.26321466037373,True
575,LightGBM,2022-01-08 18:45:00,113.0,149.87440261408594,True
575,LightGBM,2022-01-08 18:50:00,107.0,148.32756530609407,True
575,LightGBM,2022-01-08 18:55:00,103.0,142.9737997075102,True
575,LightGBM,2022-01-08 19:00:00,105.0,127.84498275321484,True
575,LightGBM,2022-01-08 19:05:00,113.0,129.9527649729676,True
575,LightGBM,2022-01-08 19:10:00,122.0,115.97831109079289,True
575,LightGBM,2022-01-08 19:15:00,135.0,107.71302830910471,True
575,LightGBM,2022-01-08 19:20:00,150.0,102.2386007112898,True
575,LightGBM,2022-01-08 19:25:00,155.0,97.31993291932315,True
575,LightGBM,2022-01-08 19:30:00,168.0,113.98452529281147,True
575,LightGBM,2022-01-08 19:35:00,172.0,129.88995372932678,True
575,LightGBM,2022-01-08 19:40:00,180.0,143.71920932412476,True
575,LightGBM,2022-01-08 19:45:00,195.0,172.19969732693923,True
575,LightGBM,2022-01-08 19:50:00,204.0,192.89323644448632,True
575,LightGBM,2022-01-08 19:55:00,205.0,179.15955054156285,True
575,LightGBM,2022-01-08 20:00:00,217.0,199.87034762785692,True
575,LightGBM,2022-01-08 20:05:00,225.0,184.39054476592224,True
575,LightGBM,2022-01-08 20:10:00,235.0,200.94027836366052,True
575,LightGBM,2022-01-08 20:15:00,235.0,219.06897785584695,True
575,LightGBM,2022-01-08 20:20:00,232.0,202.16984274836307,True
575,LightGBM,2022-01-08 20:25:00,225.0,187.33178842242071,True
575,LightGBM,2022-01-08 20:30:00,216.0,228.86489080627783,True
575,LightGBM,2022-01-08 20:35:00,208.0,224.283436545104,True
575,LightGBM,2022-01-08 20:40:00,201.0,251.72191700469418,True
575,LightGBM,2022-01-08 20:45:00,199.0,224.19976538137388,True
575,LightGBM,2022-01-08 20:50:00,201.0,218.58691556838355,True
575,LightGBM,2022-01-08 20:55:00,196.0,200.5124583453399,True
575,LightGBM,2022-01-08 21:00:00,193.0,183.2466808928955,True
575,LightGBM,2022-01-08 21:05:00,192.0,184.2876636688082,True
575,LightGBM,2022-01-08 21:10:00,193.0,178.51885080323873,True
575,LightGBM,2022-01-08 21:15:00,204.0,184.89749321655358,True
575,LightGBM,2022-01-08 21:20:00,209.0,196.89690135757624,True
575,LightGBM,2022-01-08 21:25:00,210.0,173.15324543335964,True
575,LightGBM,2022-01-08 21:30:00,210.0,181.74164521218225,True
575,LightGBM,2022-01-08 21:35:00,210.0,182.0989215455136,True
575,LightGBM,2022-01-08 21:40:00,199.0,189.28431133230657,True
575,LightGBM,2022-01-08 21:45:00,185.0,212.61054161940518,True
575,LightGBM,2022-01-08 21:50:00,178.0,210.9204282173432,True
575,LightGBM,2022-01-08 21:55:00,175.0,205.4075158103482,True
575,LightGBM,2022-01-08 22:00:00,186.0,206.3029488987015,True
575,LightGBM,2022-01-08 22:05:00,192.0,206.5952921938311,True
575,LightGBM,2022-01-08 22:10:00,193.0,180.81250336311064,True
575,LightGBM,2022-01-08 22:15:00,188.0,168.02862973454867,True
575,LightGBM,2022-01-08 22:20:00,183.0,160.75505687322558,True
575,LightGBM,2022-01-08 22:25:00,179.0,164.2291803645178,True
575,LightGBM,2022-01-08 22:30:00,174.0,196.05631913311976,True
575,LightGBM,2022-01-08 22:35:00,169.0,192.1171732743407,True
575,LightGBM,2022-01-08 22:40:00,165.0,191.28771246311985,True
575,LightGBM,2022-01-08 22:45:00,163.0,173.10831358959092,True
575,LightGBM,2022-01-08 22:50:00,156.0,172.87832527504432,True
575,LightGBM,2022-01-08 22:55:00,151.0,166.3785708782625,True
575,LightGBM,2022-01-08 23:00:00,144.0,157.15365675908163,True
575,LightGBM,2022-01-08 23:05:00,139.0,151.78309705159862,True
575,LightGBM,2022-01-08 23:10:00,137.0,148.82696520190197,True
575,LightGBM,2022-01-08 23:15:00,138.0,150.60143281116322,True
575,LightGBM,2022-01-08 23:20:00,138.0,129.569931389891,True
575,LightGBM,2022-01-08 23:25:00,135.0,133.5843299056168,True
575,LightGBM,2022-01-08 23:30:00,133.0,120.00811529653544,True
575,LightGBM,2022-01-08 23:35:00,134.0,124.23787197822585,True
575,LightGBM,2022-01-08 23:40:00,136.0,128.90360029037564,True
575,LightGBM,2022-01-08 23:45:00,139.0,134.6220308335945,True
575,LightGBM,2022-01-08 23:50:00,141.0,131.81346697808408,True
575,LightGBM,2022-01-08 23:55:00,140.0,122.89787714096444,True
575,LightGBM,2022-01-09 00:00:00,135.0,124.91877019727728,True
575,LightGBM,2022-01-09 00:05:00,128.0,131.93740875694766,True
575,LightGBM,2022-01-09 00:10:00,128.0,138.4854598311976,True
575,LightGBM,2022-01-09 00:15:00,126.0,144.56071901696305,True
575,LightGBM,2022-01-09 00:20:00,123.0,144.13033696173605,True
575,LightGBM,2022-01-09 00:25:00,119.0,135.4768348443643,True
575,LightGBM,2022-01-09 00:30:00,114.0,126.02636987211017,True
575,LightGBM,2022-01-09 00:35:00,110.0,114.49817189826483,True
575,LightGBM,2022-01-09 00:40:00,107.0,128.40286896975203,True
575,LightGBM,2022-01-09 00:45:00,104.0,120.51655391971455,True
575,LightGBM,2022-01-09 00:50:00,101.0,115.48386076796699,True
575,LightGBM,2022-01-09 00:55:00,103.0,106.9652751568778,True
575,LightGBM,2022-01-09 01:00:00,104.0,100.60308914719462,True
575,LightGBM,2022-01-09 01:05:00,107.0,101.1989907080022,True
575,LightGBM,2022-01-09 01:10:00,110.0,97.9700919434731,True
575,LightGBM,2022-01-09 01:15:00,109.0,94.2335339894459,True
575,LightGBM,2022-01-09 01:20:00,108.0,91.70370979705238,True
575,LightGBM,2022-01-09 01:25:00,106.0,108.37345422557647,True
575,LightGBM,2022-01-09 01:30:00,105.0,104.5475767080429,True
575,LightGBM,2022-01-09 01:35:00,105.0,116.62096287134301,True
575,LightGBM,2022-01-09 01:40:00,104.0,119.40998326950678,True
575,LightGBM,2022-01-09 01:45:00,105.0,107.97443675170723,True
575,LightGBM,2022-01-09 01:50:00,109.0,106.19748776704192,True
575,LightGBM,2022-01-09 01:55:00,111.0,100.02262692318544,True
575,LightGBM,2022-01-09 02:00:00,113.0,101.34573551569154,True
575,LightGBM,2022-01-09 02:05:00,114.0,104.7586532627035,True
575,LightGBM,2022-01-09 02:10:00,116.0,100.21193504850245,True
575,LightGBM,2022-01-09 02:15:00,116.0,107.36251163591763,True
575,LightGBM,2022-01-09 02:20:00,115.0,120.50020249020234,True
575,LightGBM,2022-01-09 02:25:00,112.0,117.94740023729503,True
575,LightGBM,2022-01-09 02:30:00,110.0,121.51402322277679,True
575,LightGBM,2022-01-09 02:35:00,109.0,120.08351155114252,True
575,LightGBM,2022-01-09 02:40:00,108.0,125.20671953573628,True
575,LightGBM,2022-01-09 02:45:00,105.0,119.87224860609811,True
575,LightGBM,2022-01-09 02:50:00,103.0,117.85494596272936,True
575,LightGBM,2022-01-09 02:55:00,101.0,109.52618031706912,True
575,LightGBM,2022-01-09 03:00:00,100.0,108.47437735811768,True
575,LightGBM,2022-01-09 03:05:00,99.0,107.99283955305734,True
575,LightGBM,2022-01-09 03:10:00,96.0,105.86834998804768,True
575,LightGBM,2022-01-09 03:15:00,96.0,98.92446448953564,True
575,LightGBM,2022-01-09 03:20:00,99.0,98.99216508768156,True
575,LightGBM,2022-01-09 03:25:00,100.0,95.79631729006212,True
575,LightGBM,2022-01-09 03:30:00,100.0,95.9191809596037,True
575,LightGBM,2022-01-09 03:35:00,99.0,95.76989217312233,True
575,LightGBM,2022-01-09 03:40:00,103.0,90.2133043212282,True
575,LightGBM,2022-01-09 03:45:00,106.0,94.37048176919102,True
575,LightGBM,2022-01-09 03:50:00,106.0,107.92696459301233,True
575,LightGBM,2022-01-09 03:55:00,106.0,102.45120283079008,True
575,LightGBM,2022-01-09 04:00:00,102.0,101.36944020300702,True
575,LightGBM,2022-01-09 04:05:00,95.0,97.76594180121575,True
575,LightGBM,2022-01-09 04:10:00,92.0,116.27895266080819,True
575,LightGBM,2022-01-09 04:15:00,95.0,115.73555219134727,True
575,LightGBM,2022-01-09 04:20:00,103.0,108.52281134194695,True
575,LightGBM,2022-01-09 04:25:00,105.0,108.58192727786249,True
575,LightGBM,2022-01-09 04:30:00,106.0,98.14263096054214,True
575,LightGBM,2022-01-09 04:35:00,107.0,91.47893892604147,True
575,LightGBM,2022-01-09 04:40:00,107.0,92.57993982248769,True
575,LightGBM,2022-01-09 04:45:00,105.0,104.44555436264962,True
575,LightGBM,2022-01-09 04:50:00,104.0,126.00405053644577,True
575,LightGBM,2022-01-09 04:55:00,104.0,114.17753957142956,True
575,LightGBM,2022-01-09 05:00:00,105.0,111.19923095063633,True
575,LightGBM,2022-01-09 05:05:00,105.0,112.22917507417105,True
575,LightGBM,2022-01-09 05:10:00,105.0,110.54872517488838,True
575,LightGBM,2022-01-09 05:15:00,105.0,102.73406651185668,True
575,LightGBM,2022-01-09 05:20:00,104.0,102.12404701388589,True
575,LightGBM,2022-01-09 05:25:00,103.0,104.94235490141196,True
575,LightGBM,2022-01-09 05:30:00,111.0,108.14970716152469,True
575,LightGBM,2022-01-09 05:35:00,113.0,106.33772258535832,True
575,LightGBM,2022-01-09 05:40:00,111.0,106.90978637224751,True
575,LightGBM,2022-01-09 05:45:00,100.0,107.3575887797459,True
575,LightGBM,2022-01-09 05:50:00,97.0,102.94035844060278,True
575,LightGBM,2022-01-09 05:55:00,97.0,102.26178803633385,True
575,LightGBM,2022-01-09 06:00:00,96.0,127.8424417505296,True
575,LightGBM,2022-01-09 06:05:00,103.0,118.0417736720375,True
575,LightGBM,2022-01-09 06:10:00,110.0,109.89122912023541,True
575,LightGBM,2022-01-09 06:15:00,112.0,99.46314853826114,True
575,LightGBM,2022-01-09 06:20:00,112.0,99.95458064020016,True
575,LightGBM,2022-01-09 06:25:00,112.0,99.93945208663922,True
575,LightGBM,2022-01-09 06:30:00,112.0,94.97018591149732,True
575,LightGBM,2022-01-09 06:35:00,112.0,126.45104541741522,True
575,LightGBM,2022-01-09 06:40:00,112.0,128.09384759538122,True
575,LightGBM,2022-01-09 06:45:00,112.0,119.44397968667084,True
575,LightGBM,2022-01-09 07:00:00,77.0,115.7882310910912,True
575,LightGBM,2022-01-09 07:05:00,79.0,115.48211268784372,True
575,LightGBM,2022-01-09 07:10:00,81.0,115.49356146001762,True
575,LightGBM,2022-01-09 07:15:00,80.0,115.20611153081029,True
575,LightGBM,2022-01-09 07:20:00,80.0,139.64330802179703,False
575,LightGBM,2022-01-09 07:25:00,80.0,140.09093506705062,False
575,LightGBM,2022-01-09 07:30:00,80.0,85.84939067913929,True
575,LightGBM,2022-01-09 07:35:00,79.0,96.0020012646095,True
575,LightGBM,2022-01-09 07:40:00,79.0,95.04059431460983,True
575,LightGBM,2022-01-09 07:45:00,77.0,88.73033979188415,True
575,LightGBM,2022-01-09 07:50:00,77.0,91.06059324371067,True
575,LightGBM,2022-01-09 07:55:00,77.0,88.12162829188864,True
575,LightGBM,2022-01-09 08:00:00,76.0,88.98541055365222,True
575,LightGBM,2022-01-09 08:05:00,74.0,85.78614542977644,True
575,LightGBM,2022-01-09 08:10:00,76.0,87.50807330995576,True
575,LightGBM,2022-01-09 08:15:00,76.0,83.06430695850437,True
575,LightGBM,2022-01-09 08:20:00,75.0,87.82667938543814,True
575,LightGBM,2022-01-09 08:25:00,74.0,85.67445551182217,True
575,LightGBM,2022-01-09 08:30:00,75.0,83.00600611286882,True
575,LightGBM,2022-01-09 08:35:00,71.0,81.69766888477066,True
575,LightGBM,2022-01-09 08:40:00,72.0,94.96399500312977,True
575,LightGBM,2022-01-09 08:45:00,76.0,85.95264442800121,True
575,LightGBM,2022-01-09 08:50:00,79.0,85.87573330626314,True
575,LightGBM,2022-01-09 08:55:00,83.0,82.2919377855427,True
575,LightGBM,2022-01-09 09:00:00,86.0,89.34990612371875,True
575,LightGBM,2022-01-09 09:05:00,90.0,80.5536310114982,True
575,LightGBM,2022-01-09 09:10:00,91.0,89.78869414992263,True
575,LightGBM,2022-01-09 09:15:00,93.0,102.47549149443942,True
575,LightGBM,2022-01-09 09:20:00,98.0,100.15902616475934,True
575,LightGBM,2022-01-09 09:25:00,102.0,109.4426982008582,True
575,LightGBM,2022-01-09 09:30:00,109.0,103.40308670841073,True
575,LightGBM,2022-01-09 09:35:00,109.0,114.85602490420614,True
575,LightGBM,2022-01-09 09:40:00,118.0,103.28978257002123,True
575,LightGBM,2022-01-09 09:45:00,122.0,109.00345990739586,True
575,LightGBM,2022-01-09 09:50:00,122.0,118.67099360392399,True
575,LightGBM,2022-01-09 09:55:00,123.0,120.11259898794516,True
575,LightGBM,2022-01-09 10:00:00,123.0,137.88174432850238,True
575,LightGBM,2022-01-09 10:05:00,123.0,116.68778468522821,True
575,LightGBM,2022-01-09 10:10:00,122.0,143.6699575057022,True
575,LightGBM,2022-01-09 10:15:00,120.0,135.34439988959616,True
575,LightGBM,2022-01-09 10:20:00,119.0,128.05444734507358,True
575,LightGBM,2022-01-09 10:25:00,116.0,131.298416407016,True
575,LightGBM,2022-01-09 10:30:00,114.0,128.594472748273,True
575,LightGBM,2022-01-09 10:35:00,115.0,128.45640876993934,True
575,LightGBM,2022-01-09 10:40:00,118.0,123.48185814948089,True
575,LightGBM,2022-01-09 10:45:00,120.0,118.77387396907714,True
575,LightGBM,2022-01-09 10:50:00,121.0,117.82988891552412,True
575,LightGBM,2022-01-09 10:55:00,119.0,112.5482883643402,True
575,LightGBM,2022-01-09 11:00:00,118.0,111.20086777821297,True
575,LightGBM,2022-01-09 11:05:00,120.0,118.04163957862086,True
575,LightGBM,2022-01-09 11:10:00,124.0,124.9987857235485,True
575,LightGBM,2022-01-09 11:15:00,124.0,125.085860017929,True
575,LightGBM,2022-01-09 11:20:00,129.0,127.13411168188524,True
575,LightGBM,2022-01-09 11:25:00,136.0,119.47436216749722,True
575,LightGBM,2022-01-09 11:30:00,140.0,119.81565696677947,True
575,LightGBM,2022-01-09 11:35:00,139.0,124.31579261164603,True
575,LightGBM,2022-01-09 11:40:00,143.0,134.15273592128526,True
575,LightGBM,2022-01-09 11:45:00,147.0,128.16792723541943,True
575,LightGBM,2022-01-09 11:50:00,151.0,144.10411513947784,True
575,LightGBM,2022-01-09 11:55:00,143.0,156.67026426327433,True
575,LightGBM,2022-01-09 12:00:00,148.0,152.53958916623142,True
575,LightGBM,2022-01-09 12:05:00,153.0,141.68556721919848,True
575,LightGBM,2022-01-09 12:10:00,151.0,156.7731916536708,True
575,LightGBM,2022-01-09 12:15:00,145.0,158.03506085386007,True
575,LightGBM,2022-01-09 12:20:00,131.0,177.8609841573404,True
575,LightGBM,2022-01-09 12:25:00,112.0,156.51322686035107,True
575,LightGBM,2022-01-09 12:30:00,100.0,175.13119746158063,True
575,LightGBM,2022-01-09 12:35:00,96.0,174.5000618697627,True
575,LightGBM,2022-01-09 12:40:00,122.0,156.3368812761937,True
575,LightGBM,2022-01-09 12:45:00,162.0,144.5989985769028,True
575,LightGBM,2022-01-09 12:50:00,185.0,121.91368007831856,True
575,LightGBM,2022-01-09 12:55:00,193.0,91.75210800938073,True
575,LightGBM,2022-01-09 13:00:00,191.0,96.69757097845569,True
575,LightGBM,2022-01-09 13:05:00,184.0,97.29651071390921,True
575,LightGBM,2022-01-09 13:10:00,174.0,150.89675509023303,True
575,LightGBM,2022-01-09 13:15:00,165.0,173.4160574770506,True
575,LightGBM,2022-01-09 13:20:00,158.0,174.21123045305012,True
575,LightGBM,2022-01-09 13:25:00,149.0,152.61366240101464,True
575,LightGBM,2022-01-09 13:30:00,141.0,152.1759040595158,True
575,LightGBM,2022-01-09 13:35:00,131.0,148.02010970367775,True
575,LightGBM,2022-01-09 13:40:00,124.0,137.1743741032137,True
575,LightGBM,2022-01-09 13:45:00,109.0,141.7717004804969,True
575,LightGBM,2022-01-09 13:50:00,109.0,137.13181314639328,True
575,LightGBM,2022-01-09 13:55:00,112.0,124.85286649355025,True
575,LightGBM,2022-01-09 14:00:00,110.0,127.17327885745972,True
575,LightGBM,2022-01-09 14:05:00,108.0,111.98994437384204,True
575,LightGBM,2022-01-09 14:10:00,105.0,109.25995286962018,True
575,LightGBM,2022-01-09 14:15:00,101.0,92.70426201541744,True
575,LightGBM,2022-01-09 14:20:00,97.0,109.53684764987251,True
575,LightGBM,2022-01-09 14:25:00,94.0,118.05099866810855,True
575,LightGBM,2022-01-09 14:30:00,91.0,105.08857746667877,True
575,LightGBM,2022-01-09 14:35:00,88.0,102.86511685219143,True
575,LightGBM,2022-01-09 14:40:00,85.0,96.55422061663947,True
575,LightGBM,2022-01-09 14:45:00,84.0,92.18909906862704,True
575,LightGBM,2022-01-09 14:50:00,84.0,90.3432048875434,True
575,LightGBM,2022-01-09 14:55:00,83.0,90.6888527658495,True
575,LightGBM,2022-01-09 15:00:00,85.0,86.78018757828386,True
575,LightGBM,2022-01-09 15:05:00,89.0,86.06510578869366,True
575,LightGBM,2022-01-09 15:10:00,94.0,83.32381197318357,True
575,LightGBM,2022-01-09 15:15:00,100.0,87.38980924865942,True
575,LightGBM,2022-01-09 15:20:00,107.0,89.08332558378335,True
575,LightGBM,2022-01-09 15:25:00,115.0,85.66502130470701,True
575,LightGBM,2022-01-09 15:30:00,120.0,97.14672301810268,True
575,LightGBM,2022-01-09 15:35:00,126.0,107.06851733845541,True
575,LightGBM,2022-01-09 15:40:00,132.0,114.50165798579451,True
575,LightGBM,2022-01-09 15:45:00,137.0,125.40723321978392,True
575,LightGBM,2022-01-09 15:50:00,140.0,132.84716535190736,True
575,LightGBM,2022-01-09 15:55:00,140.0,139.95917053785865,True
575,LightGBM,2022-01-09 16:00:00,139.0,133.9386108019296,True
575,LightGBM,2022-01-09 16:05:00,137.0,147.07427198654514,True
575,LightGBM,2022-01-09 16:10:00,135.0,149.90329071390832,True
575,LightGBM,2022-01-09 16:15:00,135.0,150.16398767595274,True
575,LightGBM,2022-01-09 16:20:00,136.0,151.50778877219466,True
575,LightGBM,2022-01-09 16:25:00,139.0,142.98004224933885,True
575,LightGBM,2022-01-09 16:30:00,143.0,140.428664210886,True
575,LightGBM,2022-01-09 16:35:00,147.0,136.23557170888063,True
575,LightGBM,2022-01-09 16:40:00,151.0,132.76566178392747,True
575,LightGBM,2022-01-09 16:45:00,156.0,136.22726593138458,True
575,LightGBM,2022-01-09 16:50:00,160.0,139.7759589168412,True
575,LightGBM,2022-01-09 16:55:00,159.0,148.2980856937036,True
575,LightGBM,2022-01-09 17:00:00,157.0,153.61918356813354,True
575,LightGBM,2022-01-09 17:05:00,158.0,170.47674176510122,True
575,LightGBM,2022-01-09 17:10:00,160.0,171.26961467865556,True
575,LightGBM,2022-01-09 17:15:00,162.0,180.0756327587215,True
575,LightGBM,2022-01-09 17:20:00,162.0,181.55179148611649,True
575,LightGBM,2022-01-09 17:25:00,160.0,164.9391283443458,True
575,LightGBM,2022-01-09 17:30:00,157.0,154.10846419841175,True
575,LightGBM,2022-01-09 17:35:00,154.0,166.64270725778,True
575,LightGBM,2022-01-09 17:40:00,149.0,168.9549956413915,True
575,LightGBM,2022-01-09 17:45:00,145.0,170.36212960995135,True
575,LightGBM,2022-01-09 17:50:00,149.0,167.57538845868186,True
575,LightGBM,2022-01-09 17:55:00,151.0,157.40332396388553,True
575,LightGBM,2022-01-09 18:00:00,142.0,147.00358782995167,True
575,LightGBM,2022-01-09 18:05:00,129.0,143.30025057525867,True
575,LightGBM,2022-01-09 18:10:00,119.0,134.8595303439442,True
575,LightGBM,2022-01-09 18:15:00,106.0,135.1385233317695,True
575,LightGBM,2022-01-09 18:20:00,96.0,154.3138646953568,True
575,LightGBM,2022-01-09 18:25:00,91.0,151.78530586186602,True
575,LightGBM,2022-01-09 18:30:00,97.0,130.39698235922634,True
575,LightGBM,2022-01-09 18:35:00,102.0,120.3064132344738,True
575,LightGBM,2022-01-09 18:40:00,105.0,107.48334802400497,True
575,LightGBM,2022-01-09 18:45:00,107.0,90.37630251275333,True
575,LightGBM,2022-01-09 18:50:00,109.0,88.26842321055354,True
575,LightGBM,2022-01-09 18:55:00,110.0,87.70764347052308,True
575,LightGBM,2022-01-09 19:00:00,134.0,116.14707781505574,True
575,LightGBM,2022-01-09 19:05:00,134.0,114.94203935440062,True
575,LightGBM,2022-01-09 19:10:00,133.0,117.39285054126736,True
575,LightGBM,2022-01-09 19:15:00,137.0,114.3131822312966,True
575,LightGBM,2022-01-09 19:20:00,136.0,119.78417776122336,True
575,LightGBM,2022-01-09 19:25:00,134.0,118.31963974216977,True
575,LightGBM,2022-01-09 19:30:00,131.0,172.0254000970679,True
575,LightGBM,2022-01-09 19:35:00,125.0,136.40145949627916,True
575,LightGBM,2022-01-09 19:40:00,132.0,133.3081825484969,True
575,LightGBM,2022-01-09 19:45:00,135.0,149.24419101610218,True
575,LightGBM,2022-01-09 19:50:00,150.0,135.38768350592855,True
575,LightGBM,2022-01-09 19:55:00,152.0,132.4770345665868,True
575,LightGBM,2022-01-09 20:00:00,144.0,123.17105071049659,True
575,LightGBM,2022-01-09 20:05:00,148.0,110.77709087605693,True
575,LightGBM,2022-01-09 20:10:00,151.0,147.868560122366,True
575,LightGBM,2022-01-09 20:15:00,153.0,142.53717226871396,True
575,LightGBM,2022-01-09 20:20:00,154.0,173.43187333385944,True
575,LightGBM,2022-01-09 20:25:00,148.0,158.86011862318423,True
575,LightGBM,2022-01-09 20:30:00,142.0,138.71097582370425,True
575,LightGBM,2022-01-09 20:35:00,148.0,160.82706732548706,True
575,LightGBM,2022-01-09 20:40:00,145.0,156.7301239137816,True
575,LightGBM,2022-01-09 20:45:00,134.0,158.43568192368886,True
575,LightGBM,2022-01-09 20:50:00,129.0,167.06468649082788,True
575,LightGBM,2022-01-09 20:55:00,123.0,150.41199221558006,True
575,LightGBM,2022-01-09 21:00:00,118.0,139.86016017344616,True
575,LightGBM,2022-01-09 21:05:00,111.0,164.36173174993715,True
575,LightGBM,2022-01-09 21:10:00,104.0,141.79294297629096,True
575,LightGBM,2022-01-09 21:15:00,97.0,125.84531878708104,True
575,LightGBM,2022-01-09 21:20:00,90.0,122.51569634071008,True
575,LightGBM,2022-01-09 21:25:00,82.0,105.20476838694837,True
575,LightGBM,2022-01-09 21:30:00,69.0,107.14673731971315,True
575,LightGBM,2022-01-09 21:35:00,63.0,93.23652786963086,True
575,LightGBM,2022-01-09 21:40:00,56.0,88.19583038864289,True
575,LightGBM,2022-01-09 21:45:00,56.0,85.9068427318246,True
575,LightGBM,2022-01-09 21:50:00,51.0,83.33407722152117,True
575,LightGBM,2022-01-09 21:55:00,40.0,78.20411351519802,True
575,LightGBM,2022-01-09 22:00:00,40.0,69.10557750818624,True
575,LightGBM,2022-01-09 22:05:00,40.0,72.29059897606889,True
575,LightGBM,2022-01-09 22:10:00,40.0,61.847458296594425,True
575,LightGBM,2022-01-09 22:15:00,40.0,67.18207136023082,True
575,LightGBM,2022-01-09 22:20:00,54.0,62.920140554596976,True
575,LightGBM,2022-01-09 22:25:00,61.0,57.14890929963619,True
575,LightGBM,2022-01-09 22:30:00,62.0,58.35310284793513,True
575,LightGBM,2022-01-09 22:35:00,61.0,57.17793082489202,True
575,LightGBM,2022-01-09 22:40:00,60.0,57.60782071841188,True
575,LightGBM,2022-01-09 22:45:00,54.0,56.438607959350215,True
575,LightGBM,2022-01-09 22:50:00,40.0,92.21513730897858,True
575,LightGBM,2022-01-09 22:55:00,40.0,91.65942911530408,True
575,LightGBM,2022-01-09 23:00:00,40.0,75.94712634736294,True
575,LightGBM,2022-01-09 23:05:00,40.0,72.94135678443419,True
575,LightGBM,2022-01-09 23:10:00,41.0,75.01582212946911,True
575,LightGBM,2022-01-09 23:15:00,46.0,63.341665392534644,True
575,LightGBM,2022-01-09 23:20:00,48.0,57.51563685702777,True
575,LightGBM,2022-01-09 23:25:00,53.0,56.55394023521921,True
575,LightGBM,2022-01-09 23:30:00,57.0,61.74479740265404,True
575,LightGBM,2022-01-09 23:35:00,56.0,60.93858020371524,True
575,LightGBM,2022-01-09 23:40:00,56.0,63.542345795289584,True
575,LightGBM,2022-01-09 23:45:00,62.0,84.16479403595864,True
575,LightGBM,2022-01-09 23:50:00,74.0,75.78266473827566,True
575,LightGBM,2022-01-09 23:55:00,88.0,88.41682243742106,True
575,LightGBM,2022-01-10 00:00:00,96.0,91.71820352561119,True
575,LightGBM,2022-01-10 00:05:00,99.0,66.44340847922678,True
575,LightGBM,2022-01-10 00:10:00,85.0,71.51851258543371,True
575,LightGBM,2022-01-10 00:15:00,69.0,92.74967260096179,True
575,LightGBM,2022-01-10 00:20:00,63.0,105.299402987634,True
575,LightGBM,2022-01-10 00:25:00,59.0,122.97401915756214,True
575,LightGBM,2022-01-10 00:30:00,72.0,119.78419585861293,True
575,LightGBM,2022-01-10 00:35:00,109.0,116.08336986695102,True
575,LightGBM,2022-01-10 00:40:00,135.0,91.06659613812543,True
575,LightGBM,2022-01-10 00:45:00,152.0,74.97176673965622,True
575,LightGBM,2022-01-10 00:50:00,162.0,76.19435631087873,True
575,LightGBM,2022-01-10 00:55:00,170.0,71.95877890853926,True
575,LightGBM,2022-01-10 01:00:00,175.0,100.25303224405062,True
575,LightGBM,2022-01-10 01:05:00,179.0,130.45237463467205,True
575,LightGBM,2022-01-10 01:10:00,177.0,141.62385911776028,True
575,LightGBM,2022-01-10 01:15:00,161.0,144.6558117327223,True
575,LightGBM,2022-01-10 01:20:00,147.0,168.65414293961254,True
575,LightGBM,2022-01-10 01:25:00,141.0,186.050485334397,True
575,LightGBM,2022-01-10 01:30:00,141.0,184.10484904422506,True
575,LightGBM,2022-01-10 01:35:00,145.0,187.58578126370728,True
575,LightGBM,2022-01-10 01:40:00,150.0,168.0322745975096,True
575,LightGBM,2022-01-10 01:45:00,170.0,152.50236576105158,True
575,LightGBM,2022-01-10 01:50:00,190.0,147.76977834781601,True
575,LightGBM,2022-01-10 01:55:00,203.0,144.72626500423792,True
575,LightGBM,2022-01-10 02:00:00,210.0,145.11342118673412,True
575,LightGBM,2022-01-10 02:05:00,215.0,154.4920940501918,True
575,LightGBM,2022-01-10 02:10:00,221.0,164.41895148361624,True
575,LightGBM,2022-01-10 02:15:00,227.0,190.03615851268373,True
575,LightGBM,2022-01-10 02:20:00,232.0,211.30286222228386,True
575,LightGBM,2022-01-10 02:25:00,235.0,214.1277702074427,True
575,LightGBM,2022-01-10 02:30:00,234.0,221.32032362731297,True
575,LightGBM,2022-01-10 02:35:00,230.0,229.1063720121845,True
575,LightGBM,2022-01-10 02:40:00,227.0,237.82445594747082,True
575,LightGBM,2022-01-10 02:45:00,233.0,237.88836847888984,True
575,LightGBM,2022-01-10 02:50:00,232.0,237.5583417103367,True
575,LightGBM,2022-01-10 02:55:00,232.0,237.2704208518915,True
575,LightGBM,2022-01-10 03:00:00,230.0,233.19495388938955,True
575,LightGBM,2022-01-10 03:05:00,227.0,222.7118601448798,True
575,LightGBM,2022-01-10 03:10:00,227.0,221.18933528468682,True
575,LightGBM,2022-01-10 03:15:00,221.0,238.0621777728934,True
575,LightGBM,2022-01-10 03:20:00,205.0,229.53151577064108,True
575,LightGBM,2022-01-10 03:25:00,191.0,233.14135199728653,True
575,LightGBM,2022-01-10 03:30:00,183.0,221.18580672069106,True
575,LightGBM,2022-01-10 03:35:00,180.0,217.7412584594622,True
575,LightGBM,2022-01-10 03:40:00,180.0,223.86384732428246,True
575,LightGBM,2022-01-10 03:45:00,181.0,205.2399646869469,True
575,LightGBM,2022-01-10 03:50:00,180.0,184.61872621496838,True
575,LightGBM,2022-01-10 03:55:00,177.0,173.05461587095425,True
575,LightGBM,2022-01-10 04:00:00,173.0,183.2233512117619,True
575,LightGBM,2022-01-10 04:05:00,173.0,179.70458105842852,True
575,LightGBM,2022-01-10 04:10:00,197.0,183.19468874649448,True
575,LightGBM,2022-01-10 04:15:00,225.0,185.04584478346268,True
575,LightGBM,2022-01-10 04:20:00,232.0,170.9367876838111,True
575,LightGBM,2022-01-10 04:25:00,222.0,164.87383370191847,True
575,LightGBM,2022-01-10 04:30:00,214.0,162.05783449496616,True
575,LightGBM,2022-01-10 04:35:00,218.0,170.13843883559795,True
575,LightGBM,2022-01-10 04:40:00,237.0,207.66345252952277,True
575,LightGBM,2022-01-10 04:45:00,250.0,237.99324664652303,True
575,LightGBM,2022-01-10 04:50:00,255.0,234.8636978440726,True
575,LightGBM,2022-01-10 04:55:00,257.0,200.58879829667322,True
575,LightGBM,2022-01-10 05:00:00,257.0,210.8936341607958,True
575,LightGBM,2022-01-10 05:05:00,257.0,224.20651492773496,True
575,LightGBM,2022-01-10 05:10:00,257.0,241.370898498441,True
575,LightGBM,2022-01-10 05:15:00,257.0,257.56636824087025,True
575,LightGBM,2022-01-10 05:20:00,257.0,250.84081314962714,True
575,LightGBM,2022-01-10 05:25:00,257.0,254.01574010763937,True
575,LightGBM,2022-01-10 05:30:00,257.0,261.2986043841603,True
575,LightGBM,2022-01-10 05:35:00,257.0,257.2378245205783,True
575,LightGBM,2022-01-10 05:40:00,257.0,257.70292783609676,True
575,LightGBM,2022-01-10 05:45:00,259.0,257.51654420766397,True
575,LightGBM,2022-01-10 05:50:00,261.0,256.83484098527424,True
575,LightGBM,2022-01-10 05:55:00,262.0,256.77296027116677,True
575,LightGBM,2022-01-10 06:00:00,254.0,254.04419600134798,True
575,LightGBM,2022-01-10 06:05:00,255.0,257.1787386242411,True
575,LightGBM,2022-01-10 06:10:00,251.0,257.79197341538503,True
575,LightGBM,2022-01-10 06:15:00,251.0,261.7772515639455,True
575,LightGBM,2022-01-10 06:20:00,259.0,263.84128647625414,True
575,LightGBM,2022-01-10 06:25:00,263.0,264.4930654529734,True
575,LightGBM,2022-01-10 06:30:00,264.0,241.46399264599785,True
575,LightGBM,2022-01-10 06:35:00,256.0,256.2247362972972,True
575,LightGBM,2022-01-10 06:40:00,258.0,243.33124364105333,True
575,LightGBM,2022-01-10 06:45:00,238.0,253.35625579000342,True
575,LightGBM,2022-01-10 06:50:00,238.0,261.69643679731746,True
575,LightGBM,2022-01-10 06:55:00,238.0,265.4625606680869,True
575,LightGBM,2022-01-10 07:00:00,230.0,267.39986857834197,True
575,LightGBM,2022-01-10 07:05:00,206.0,240.79339507919286,True
575,LightGBM,2022-01-10 07:10:00,197.0,261.7753409786158,True
575,LightGBM,2022-01-10 07:15:00,211.0,223.95235317967834,True
575,LightGBM,2022-01-10 07:20:00,216.0,238.5563613037714,True
575,LightGBM,2022-01-10 07:25:00,212.0,235.08267763944744,True
575,LightGBM,2022-01-10 07:30:00,259.0,210.9397728225171,True
575,LightGBM,2022-01-10 07:35:00,290.0,201.4244731497091,True
575,LightGBM,2022-01-10 07:40:00,260.0,188.15010594834038,True
575,LightGBM,2022-01-10 07:45:00,240.0,223.7747179416852,True
575,LightGBM,2022-01-10 07:50:00,221.0,217.82847150971344,True
575,LightGBM,2022-01-10 07:55:00,209.0,199.1391837960419,True
575,LightGBM,2022-01-10 08:00:00,204.0,263.24462788820847,True
575,LightGBM,2022-01-10 08:05:00,211.0,290.55477905374676,True
575,LightGBM,2022-01-10 08:10:00,230.0,223.3240801854937,True
575,LightGBM,2022-01-10 08:15:00,256.0,211.18464276579277,True
575,LightGBM,2022-01-10 08:20:00,239.0,182.99079160469532,True
575,LightGBM,2022-01-10 08:25:00,202.0,172.08402763044367,True
575,LightGBM,2022-01-10 08:30:00,177.0,180.78235332629393,True
575,LightGBM,2022-01-10 08:35:00,189.0,208.40682099000514,True
575,LightGBM,2022-01-10 08:40:00,239.0,229.3677876736283,True
575,LightGBM,2022-01-10 08:45:00,290.0,245.14049444554098,True
575,LightGBM,2022-01-10 08:50:00,329.0,197.47276653429518,True
575,LightGBM,2022-01-10 08:55:00,333.0,181.60546683674892,True
575,LightGBM,2022-01-10 09:00:00,329.0,151.9432333632451,True
575,LightGBM,2022-01-10 09:05:00,328.0,200.41155026076788,True
575,LightGBM,2022-01-10 09:10:00,318.0,244.5134829834308,True
575,LightGBM,2022-01-10 09:15:00,281.0,268.5942475930982,True
575,LightGBM,2022-01-10 09:20:00,247.0,271.79569186931116,True
575,LightGBM,2022-01-10 09:25:00,237.0,263.1669714982431,True
575,LightGBM,2022-01-10 09:30:00,235.0,254.60447957711796,True
575,LightGBM,2022-01-10 09:35:00,237.0,266.8936310305204,True
575,LightGBM,2022-01-10 09:40:00,231.0,270.1295624991301,True
575,LightGBM,2022-01-10 09:45:00,224.0,230.11509007894867,True
575,LightGBM,2022-01-10 09:50:00,212.0,213.87481579546625,True
575,LightGBM,2022-01-10 09:55:00,207.0,213.9519774036958,True
575,LightGBM,2022-01-10 10:00:00,229.0,215.99772541963577,True
575,LightGBM,2022-01-10 10:05:00,262.0,228.56908167435634,True
575,LightGBM,2022-01-10 10:10:00,278.0,206.15771071388244,True
575,LightGBM,2022-01-10 10:15:00,275.0,197.66856855358608,True
575,LightGBM,2022-01-10 10:20:00,263.0,182.53276209787057,True
575,LightGBM,2022-01-10 10:25:00,245.0,183.87085184053618,True
575,LightGBM,2022-01-10 10:30:00,229.0,229.813094310487,True
575,LightGBM,2022-01-10 10:35:00,219.0,256.3890008000218,True
575,LightGBM,2022-01-10 10:40:00,215.0,271.6269200046676,True
575,LightGBM,2022-01-10 10:45:00,208.0,242.37041423616404,True
575,LightGBM,2022-01-10 10:50:00,211.0,236.6292217227929,True
575,LightGBM,2022-01-10 10:55:00,222.0,211.47481967192965,True
575,LightGBM,2022-01-10 11:00:00,234.0,204.83056549023757,True
575,LightGBM,2022-01-10 11:05:00,244.0,193.75132415498155,True
575,LightGBM,2022-01-10 11:10:00,269.0,194.83474945089392,True
575,LightGBM,2022-01-10 11:15:00,286.0,178.82077809054277,True
575,LightGBM,2022-01-10 11:20:00,282.0,207.22167254961724,True
575,LightGBM,2022-01-10 11:25:00,270.0,218.01127123666237,True
575,LightGBM,2022-01-10 11:30:00,261.0,239.4723412609861,True
575,LightGBM,2022-01-10 11:35:00,256.0,244.82127847589027,True
575,LightGBM,2022-01-10 11:40:00,260.0,289.21835714170356,True
575,LightGBM,2022-01-10 11:45:00,268.0,293.8822374779426,True
575,LightGBM,2022-01-10 11:50:00,285.0,265.06731489938613,True
575,LightGBM,2022-01-10 11:55:00,298.0,247.69313839058222,True
575,LightGBM,2022-01-10 12:00:00,304.0,237.41919986338013,True
575,LightGBM,2022-01-10 12:05:00,306.0,237.33641688386356,True
575,LightGBM,2022-01-10 12:10:00,304.0,257.1870814037651,True
575,LightGBM,2022-01-10 12:15:00,299.0,266.58756307803634,True
575,LightGBM,2022-01-10 12:20:00,286.0,287.94717021847725,True
575,LightGBM,2022-01-10 12:25:00,240.0,298.5144734419227,True
575,LightGBM,2022-01-10 12:30:00,226.0,302.5099251311601,True
575,LightGBM,2022-01-10 12:35:00,241.0,303.66765357828274,True
575,LightGBM,2022-01-10 12:40:00,226.0,295.5252376970754,True
575,LightGBM,2022-01-10 12:45:00,212.0,276.9633391085627,True
575,LightGBM,2022-01-10 12:50:00,205.0,255.27642428485555,True
575,LightGBM,2022-01-10 12:55:00,188.0,222.22826507283122,True
575,LightGBM,2022-01-10 13:00:00,183.0,224.2913004007284,True
575,LightGBM,2022-01-10 13:05:00,164.0,253.45600506422528,True
575,LightGBM,2022-01-10 13:10:00,184.0,213.46382985154222,True
575,LightGBM,2022-01-10 13:15:00,224.0,192.61478613980628,True
575,LightGBM,2022-01-10 13:20:00,260.0,186.42795992531478,True
575,LightGBM,2022-01-10 13:25:00,280.0,170.326085905568,True
575,LightGBM,2022-01-10 13:30:00,288.0,180.443667577334,True
575,LightGBM,2022-01-10 13:35:00,291.0,155.74581993751374,True
575,LightGBM,2022-01-10 13:40:00,292.0,196.10090466567715,True
575,LightGBM,2022-01-10 13:45:00,292.0,226.17289048018588,True
575,LightGBM,2022-01-10 13:50:00,292.0,261.86816427163296,True
575,LightGBM,2022-01-10 13:55:00,289.0,254.4300892762352,True
575,LightGBM,2022-01-10 14:00:00,285.0,256.3361452996207,True
575,LightGBM,2022-01-10 14:05:00,283.0,263.66455356591274,True
575,LightGBM,2022-01-10 14:10:00,271.0,274.4889439812141,True
575,LightGBM,2022-01-10 14:15:00,269.0,278.79998806152764,True
575,LightGBM,2022-01-10 14:20:00,278.0,283.2754734001942,True
575,LightGBM,2022-01-10 14:25:00,212.0,267.7354190449351,True
575,LightGBM,2022-01-10 14:30:00,206.0,263.8181834604582,True
575,LightGBM,2022-01-10 14:35:00,193.0,268.1716305651356,True
575,LightGBM,2022-01-10 14:40:00,188.0,242.3698009117981,True
575,LightGBM,2022-01-10 14:45:00,185.0,255.36451500406284,True
575,LightGBM,2022-01-10 14:50:00,187.0,275.3967911284184,True
575,LightGBM,2022-01-10 14:55:00,177.0,192.17161595279137,True
575,LightGBM,2022-01-10 15:00:00,181.0,195.77355828735514,True
575,LightGBM,2022-01-10 15:05:00,189.0,188.6632043657121,True
575,LightGBM,2022-01-10 15:10:00,186.0,184.67007040059542,True
575,LightGBM,2022-01-10 15:15:00,165.0,178.6148524927485,True
575,LightGBM,2022-01-10 15:20:00,138.0,188.21081148681375,True
575,LightGBM,2022-01-10 15:25:00,127.0,145.12776286190487,True
575,LightGBM,2022-01-10 15:30:00,132.0,183.6490495540188,True
575,LightGBM,2022-01-10 15:35:00,140.0,196.19312713578344,True
575,LightGBM,2022-01-10 15:40:00,157.0,175.45794349515896,True
575,LightGBM,2022-01-10 15:45:00,164.0,145.51641477742837,True
575,LightGBM,2022-01-10 15:50:00,197.0,116.26956547732891,True
575,LightGBM,2022-01-10 15:55:00,214.0,118.4244055197393,True
575,LightGBM,2022-01-10 16:00:00,212.0,139.43829145901077,True
575,LightGBM,2022-01-10 16:05:00,193.0,154.7987619259047,True
575,LightGBM,2022-01-10 16:10:00,147.0,177.74886557244167,True
575,LightGBM,2022-01-10 16:15:00,125.0,168.6546133587556,True
575,LightGBM,2022-01-10 16:20:00,168.0,219.7613883355471,True
575,LightGBM,2022-01-10 16:25:00,169.0,217.26770812656378,True
575,LightGBM,2022-01-10 16:30:00,157.0,183.25813839840424,True
575,LightGBM,2022-01-10 16:35:00,152.0,179.01790826562467,True
575,LightGBM,2022-01-10 16:40:00,173.0,151.9041917761161,True
575,LightGBM,2022-01-10 16:45:00,198.0,148.61989282488116,True
575,LightGBM,2022-01-10 16:50:00,205.0,194.27193328154448,True
575,LightGBM,2022-01-10 16:55:00,197.0,159.5338060390739,True
575,LightGBM,2022-01-10 17:00:00,210.0,137.4857340668066,True
575,LightGBM,2022-01-10 17:05:00,221.0,137.73490254042576,True
575,LightGBM,2022-01-10 17:10:00,225.0,190.64841060847436,True
575,LightGBM,2022-01-10 17:15:00,221.0,209.68492513281495,True
575,LightGBM,2022-01-10 17:20:00,209.0,197.2656982232482,True
575,LightGBM,2022-01-10 17:25:00,205.0,179.95498238760592,True
575,LightGBM,2022-01-10 17:30:00,195.0,227.79781144369082,True
575,LightGBM,2022-01-10 17:35:00,179.0,231.44456385061304,True
575,LightGBM,2022-01-10 17:40:00,168.0,224.9771683436721,True
575,LightGBM,2022-01-10 17:45:00,161.0,207.22241284077018,True
575,LightGBM,2022-01-10 17:50:00,159.0,191.98018778506918,True
575,LightGBM,2022-01-10 17:55:00,158.0,195.19938516751645,True
575,LightGBM,2022-01-10 18:00:00,163.0,171.33180077998952,True
575,LightGBM,2022-01-10 18:05:00,159.0,152.2961219848535,True
575,LightGBM,2022-01-10 18:10:00,150.0,146.0968754592175,True
575,LightGBM,2022-01-10 18:15:00,148.0,142.69695777621013,True
575,LightGBM,2022-01-10 18:20:00,152.0,150.69838061310608,True
575,LightGBM,2022-01-10 18:25:00,147.0,149.7207806426236,True
575,LightGBM,2022-01-10 18:30:00,144.0,166.2709114807227,True
575,LightGBM,2022-01-10 18:35:00,142.0,148.04508599679775,True
575,LightGBM,2022-01-10 18:40:00,138.0,132.18978507300042,True
575,LightGBM,2022-01-10 18:45:00,136.0,140.26762298713592,True
575,LightGBM,2022-01-10 18:50:00,131.0,155.76570842984813,True
575,LightGBM,2022-01-10 18:55:00,128.0,134.82917263658345,True
575,LightGBM,2022-01-10 19:00:00,126.0,140.07687237657913,True
575,LightGBM,2022-01-10 19:05:00,126.0,135.85427173837974,True
575,LightGBM,2022-01-10 19:10:00,126.0,130.6132290668944,True
575,LightGBM,2022-01-10 19:15:00,123.0,132.87119455340718,True
575,LightGBM,2022-01-10 19:20:00,126.0,117.69822984512325,True
575,LightGBM,2022-01-10 19:25:00,139.0,121.62156096586814,True
575,LightGBM,2022-01-10 19:30:00,129.0,119.53512756227184,True
575,LightGBM,2022-01-10 19:35:00,127.0,125.43766992627002,True
575,LightGBM,2022-01-10 19:40:00,135.0,124.65469153799972,True
575,LightGBM,2022-01-10 19:45:00,147.0,116.4753849277879,True
575,LightGBM,2022-01-10 19:50:00,148.0,135.57487159865002,True
575,LightGBM,2022-01-10 19:55:00,135.0,159.0254587045159,True
575,LightGBM,2022-01-10 20:00:00,124.0,124.01953690626831,True
575,LightGBM,2022-01-10 20:05:00,118.0,127.46682488895286,True
575,LightGBM,2022-01-10 20:10:00,117.0,153.4552528390303,True
575,LightGBM,2022-01-10 20:15:00,118.0,163.60384059789544,True
575,LightGBM,2022-01-10 20:20:00,117.0,151.9952753484205,True
575,LightGBM,2022-01-10 20:25:00,115.0,130.41445630907876,True
575,LightGBM,2022-01-10 20:30:00,126.0,122.32223431552698,True
575,LightGBM,2022-01-10 20:35:00,137.0,116.00944385431907,True
575,LightGBM,2022-01-10 20:40:00,141.0,119.10850821260547,True
575,LightGBM,2022-01-10 20:45:00,141.0,121.31756306581426,True
575,LightGBM,2022-01-10 20:50:00,133.0,115.95110484607495,True
575,LightGBM,2022-01-10 20:55:00,134.0,113.86443926188956,True
575,LightGBM,2022-01-10 21:00:00,139.0,145.30640524031423,True
575,LightGBM,2022-01-10 21:05:00,139.0,156.3680181191865,True
575,LightGBM,2022-01-10 21:10:00,144.0,164.3987775351259,True
575,LightGBM,2022-01-10 21:15:00,145.0,157.33876831586883,True
575,LightGBM,2022-01-10 21:20:00,140.0,140.7738608260213,True
575,LightGBM,2022-01-10 21:25:00,148.0,151.21663992313236,True
575,LightGBM,2022-01-10 21:30:00,158.0,159.29640299664024,True
575,LightGBM,2022-01-10 21:35:00,163.0,146.41285457211134,True
575,LightGBM,2022-01-10 21:40:00,158.0,163.8704420540303,True
575,LightGBM,2022-01-10 21:45:00,148.0,154.54526785283423,True
575,LightGBM,2022-01-10 21:50:00,155.0,130.66090043885967,True
575,LightGBM,2022-01-10 21:55:00,170.0,169.84796046671417,True
575,LightGBM,2022-01-10 22:00:00,181.0,179.84365099659493,True
575,LightGBM,2022-01-10 22:05:00,176.0,175.0266642016922,True
575,LightGBM,2022-01-10 22:10:00,174.0,149.5337571914516,True
575,LightGBM,2022-01-10 22:15:00,175.0,134.2129835305353,True
575,LightGBM,2022-01-10 22:20:00,165.0,167.52714485943432,True
575,LightGBM,2022-01-10 22:25:00,153.0,188.76814934731897,True
575,LightGBM,2022-01-10 22:30:00,148.0,195.53685790422614,True
575,LightGBM,2022-01-10 22:35:00,140.0,164.9722967680521,True
575,LightGBM,2022-01-10 22:40:00,133.0,169.49084169222925,True
575,LightGBM,2022-01-10 22:45:00,127.0,173.75305730367728,True
575,LightGBM,2022-01-10 22:50:00,123.0,141.5949563946305,True
575,LightGBM,2022-01-10 22:55:00,131.0,126.45261395128806,True
575,LightGBM,2022-01-10 23:00:00,140.0,134.97667123774187,True
575,LightGBM,2022-01-10 23:05:00,148.0,119.25340960143969,True
575,LightGBM,2022-01-10 23:10:00,154.0,115.43432988363158,True
575,LightGBM,2022-01-10 23:15:00,159.0,110.32689791332825,True
575,LightGBM,2022-01-10 23:20:00,169.0,110.48267159616721,True
575,LightGBM,2022-01-10 23:25:00,167.0,143.30656270949905,True
575,LightGBM,2022-01-10 23:30:00,160.0,153.46993174330242,True
575,LightGBM,2022-01-10 23:35:00,162.0,158.90908460886564,True
575,LightGBM,2022-01-10 23:40:00,169.0,160.75462191314753,True
575,LightGBM,2022-01-10 23:45:00,171.0,169.3999120924417,True
575,LightGBM,2022-01-10 23:50:00,171.0,189.23428105126084,True
575,LightGBM,2022-01-10 23:55:00,176.0,157.50998323142292,True
575,LightGBM,2022-01-11 00:00:00,177.0,141.6410118098743,True
575,LightGBM,2022-01-11 00:05:00,172.0,162.28520821560656,True
575,LightGBM,2022-01-11 00:10:00,165.0,181.69335993683526,True
575,LightGBM,2022-01-11 00:15:00,159.0,170.80232173976242,True
575,LightGBM,2022-01-11 00:20:00,153.0,168.92157990581902,True
575,LightGBM,2022-01-11 00:25:00,148.0,189.04800579108363,True
575,LightGBM,2022-01-11 00:30:00,138.0,177.2222321952999,True
575,LightGBM,2022-01-11 00:35:00,116.0,164.3918924467124,True
575,LightGBM,2022-01-11 00:40:00,112.0,152.54825928181663,True
575,LightGBM,2022-01-11 00:45:00,117.0,148.20748380456382,True
575,LightGBM,2022-01-11 00:50:00,116.0,136.94768080625545,True
575,LightGBM,2022-01-11 00:55:00,109.0,134.49849370149775,True
575,LightGBM,2022-01-11 01:00:00,103.0,111.82692903006631,True
575,LightGBM,2022-01-11 01:05:00,95.0,97.4893539371763,True
575,LightGBM,2022-01-11 01:10:00,99.0,105.28184217726591,True
575,LightGBM,2022-01-11 01:15:00,99.0,124.02756721441088,True
575,LightGBM,2022-01-11 01:20:00,93.0,109.69189309703764,True
575,LightGBM,2022-01-11 01:25:00,87.0,99.26798815850518,True
575,LightGBM,2022-01-11 01:30:00,80.0,91.16278072762607,True
575,LightGBM,2022-01-11 01:35:00,73.0,85.0034532316201,True
575,LightGBM,2022-01-11 01:40:00,72.0,111.66552513469034,True
575,LightGBM,2022-01-11 01:45:00,80.0,97.89172858496266,True
575,LightGBM,2022-01-11 01:50:00,86.0,90.29732551950478,True
575,LightGBM,2022-01-11 01:55:00,93.0,81.13484339742178,True
575,LightGBM,2022-01-11 02:00:00,96.0,77.89706614179708,True
575,LightGBM,2022-01-11 02:05:00,97.0,75.48276395723532,True
575,LightGBM,2022-01-11 02:10:00,97.0,76.50335316040639,True
575,LightGBM,2022-01-11 02:15:00,97.0,101.57263253793906,True
575,LightGBM,2022-01-11 02:20:00,97.0,100.90555006049985,True
575,LightGBM,2022-01-11 02:25:00,98.0,115.93834175089087,True
575,LightGBM,2022-01-11 02:30:00,98.0,106.1217002382833,True
575,LightGBM,2022-01-11 02:35:00,98.0,102.29848771211236,True
575,LightGBM,2022-01-11 02:40:00,97.0,100.2618175117551,True
575,LightGBM,2022-01-11 02:45:00,96.0,99.34775030211829,True
575,LightGBM,2022-01-11 02:50:00,95.0,97.6566456923965,True
575,LightGBM,2022-01-11 02:55:00,94.0,100.5777397490084,True
575,LightGBM,2022-01-11 03:00:00,94.0,97.41859956304964,True
575,LightGBM,2022-01-11 03:05:00,96.0,98.02759483764858,True
575,LightGBM,2022-01-11 03:10:00,96.0,96.13717552413816,True
575,LightGBM,2022-01-11 03:15:00,96.0,93.70979082560446,True
575,LightGBM,2022-01-11 03:20:00,96.0,93.49805961077877,True
575,LightGBM,2022-01-11 03:25:00,96.0,93.78268789636633,True
575,LightGBM,2022-01-11 03:30:00,95.0,95.2314392321608,True
575,LightGBM,2022-01-11 03:35:00,94.0,101.32635837190166,True
575,LightGBM,2022-01-11 03:40:00,90.0,96.76220065250712,True
575,LightGBM,2022-01-11 03:45:00,87.0,97.84596014439818,True
575,LightGBM,2022-01-11 03:50:00,87.0,96.22279090279143,True
575,LightGBM,2022-01-11 03:55:00,88.0,96.25356399699044,True
575,LightGBM,2022-01-11 04:00:00,90.0,93.98006972950903,True
575,LightGBM,2022-01-11 04:05:00,91.0,93.17148481132763,True
575,LightGBM,2022-01-11 04:10:00,91.0,87.5961883247658,True
575,LightGBM,2022-01-11 04:15:00,90.0,84.60432207943275,True
575,LightGBM,2022-01-11 04:20:00,91.0,87.58108641374288,True
575,LightGBM,2022-01-11 04:25:00,91.0,92.27715624424394,True
575,LightGBM,2022-01-11 04:30:00,91.0,97.76939576518603,True
575,LightGBM,2022-01-11 04:35:00,91.0,97.0375091856977,True
575,LightGBM,2022-01-11 04:40:00,92.0,95.78071886533218,True
575,LightGBM,2022-01-11 04:45:00,92.0,91.78057014687153,True
575,LightGBM,2022-01-11 04:50:00,92.0,96.58092022699367,True
575,LightGBM,2022-01-11 04:55:00,92.0,92.91434219427853,True
575,LightGBM,2022-01-11 05:00:00,91.0,93.17582952843426,True
575,LightGBM,2022-01-11 05:05:00,91.0,92.25299704803577,True
575,LightGBM,2022-01-11 05:10:00,90.0,96.51065321102699,True
575,LightGBM,2022-01-11 05:15:00,88.0,94.21123659783927,True
575,LightGBM,2022-01-11 05:20:00,87.0,95.64079512191172,True
575,LightGBM,2022-01-11 05:25:00,87.0,94.79281254528377,True
575,LightGBM,2022-01-11 05:30:00,87.0,91.31882114704732,True
575,LightGBM,2022-01-11 05:35:00,87.0,93.93027813003913,True
575,LightGBM,2022-01-11 05:40:00,87.0,90.85251524204622,True
575,LightGBM,2022-01-11 05:45:00,88.0,87.83474098050428,True
575,LightGBM,2022-01-11 05:50:00,88.0,86.42726794208859,True
575,LightGBM,2022-01-11 05:55:00,89.0,87.87764004716254,True
575,LightGBM,2022-01-11 06:00:00,90.0,88.23365352280567,True
575,LightGBM,2022-01-11 06:05:00,92.0,87.99996877376043,True
575,LightGBM,2022-01-11 06:10:00,94.0,88.01292804921894,True
575,LightGBM,2022-01-11 06:15:00,96.0,93.22488212507781,True
575,LightGBM,2022-01-11 06:20:00,96.0,91.36285002313691,True
575,LightGBM,2022-01-11 06:25:00,97.0,94.39075418463096,True
575,LightGBM,2022-01-11 06:30:00,98.0,95.19259292875871,True
575,LightGBM,2022-01-11 06:35:00,98.0,102.04354662417737,True
575,LightGBM,2022-01-11 06:40:00,99.0,103.74233625669366,True
575,LightGBM,2022-01-11 06:45:00,99.0,105.1408387585938,True
575,LightGBM,2022-01-11 06:50:00,99.0,99.83372047082582,True
575,LightGBM,2022-01-11 06:55:00,98.0,105.06898273284497,True
575,LightGBM,2022-01-11 07:00:00,98.0,102.893907463618,True
575,LightGBM,2022-01-11 07:05:00,95.0,100.99819691909883,True
575,LightGBM,2022-01-11 07:10:00,89.0,106.96337576366393,True
575,LightGBM,2022-01-11 07:15:00,89.0,103.36670101403318,True
575,LightGBM,2022-01-11 07:20:00,91.0,103.85570420243359,True
575,LightGBM,2022-01-11 07:25:00,85.0,98.38476012211788,True
575,LightGBM,2022-01-11 07:30:00,88.0,99.76993486558214,True
575,LightGBM,2022-01-11 07:35:00,100.0,93.81470881795032,True
575,LightGBM,2022-01-11 07:40:00,89.0,87.73389854246058,True
575,LightGBM,2022-01-11 07:45:00,96.0,94.03780689884863,True
575,LightGBM,2022-01-11 07:50:00,102.0,101.60925206789325,True
575,LightGBM,2022-01-11 07:55:00,107.0,88.42199193246742,True
575,LightGBM,2022-01-11 08:00:00,111.0,106.1932351028769,True
575,LightGBM,2022-01-11 08:05:00,110.0,134.20914709174068,True
575,LightGBM,2022-01-11 08:10:00,114.0,97.1120859991189,True
575,LightGBM,2022-01-11 08:15:00,121.0,120.22282783715455,True
575,LightGBM,2022-01-11 08:20:00,130.0,124.12496008349268,True
575,LightGBM,2022-01-11 08:25:00,115.0,125.7556138552691,True
575,LightGBM,2022-01-11 08:30:00,107.0,126.13982879100142,True
575,LightGBM,2022-01-11 08:35:00,101.0,110.86797210788293,True
575,LightGBM,2022-01-11 08:40:00,110.0,129.6444541449053,True
575,LightGBM,2022-01-11 08:45:00,123.0,142.56689193310999,True
575,LightGBM,2022-01-11 08:50:00,132.0,157.9325712538329,True
575,LightGBM,2022-01-11 08:55:00,128.0,119.38331002347024,True
575,LightGBM,2022-01-11 09:00:00,124.0,109.71547077099162,True
575,LightGBM,2022-01-11 09:05:00,126.0,99.32776732263837,True
575,LightGBM,2022-01-11 09:10:00,128.0,133.09837886712216,True
575,LightGBM,2022-01-11 09:15:00,130.0,146.83421065827534,True
575,LightGBM,2022-01-11 09:20:00,124.0,152.3189950053407,True
575,LightGBM,2022-01-11 09:25:00,120.0,129.77962768711694,True
575,LightGBM,2022-01-11 09:30:00,117.0,120.14265406691584,True
575,LightGBM,2022-01-11 09:35:00,118.0,132.8025304111621,True
575,LightGBM,2022-01-11 09:40:00,119.0,133.96424312637507,True
575,LightGBM,2022-01-11 09:45:00,123.0,137.60816567828212,True
575,LightGBM,2022-01-11 09:50:00,129.0,120.06214018461598,True
575,LightGBM,2022-01-11 09:55:00,139.0,127.9384785456595,True
575,LightGBM,2022-01-11 10:00:00,157.0,128.0806273155695,True
575,Stacking,2022-01-02 00:00:00,209.0,208.26973535934223,True
575,Stacking,2022-01-02 00:05:00,209.0,214.96775970493502,True
575,Stacking,2022-01-02 00:10:00,208.0,213.87583728353806,True
575,Stacking,2022-01-02 00:15:00,207.0,200.48053836682016,True
575,Stacking,2022-01-02 00:20:00,201.0,197.4593173128614,True
575,Stacking,2022-01-02 00:25:00,190.0,203.16685308291872,True
575,Stacking,2022-01-02 00:30:00,183.0,205.268564873774,True
575,Stacking,2022-01-02 00:35:00,179.0,204.16014288973318,True
575,Stacking,2022-01-02 00:40:00,180.0,201.41228023441468,True
575,Stacking,2022-01-02 00:45:00,177.0,202.04667237546647,True
575,Stacking,2022-01-02 00:50:00,174.0,186.10222624377522,True
575,Stacking,2022-01-02 00:55:00,173.0,171.48166927289614,True
575,Stacking,2022-01-02 01:00:00,173.0,166.50931144738576,True
575,Stacking,2022-01-02 01:05:00,171.0,164.31491259492958,True
575,Stacking,2022-01-02 01:10:00,169.0,175.80176636123028,True
575,Stacking,2022-01-02 01:15:00,167.0,162.36769296400166,True
575,Stacking,2022-01-02 01:20:00,162.0,163.0100853416307,True
575,Stacking,2022-01-02 01:25:00,160.0,165.03721205022958,True
575,Stacking,2022-01-02 01:30:00,158.0,167.9770248799498,True
575,Stacking,2022-01-02 01:35:00,156.0,160.52861878866307,True
575,Stacking,2022-01-02 01:40:00,155.0,159.87329654947473,True
575,Stacking,2022-01-02 01:45:00,154.0,158.0328473645556,True
575,Stacking,2022-01-02 01:50:00,153.0,147.56178101352654,True
575,Stacking,2022-01-02 01:55:00,153.0,150.24603877468243,True
575,Stacking,2022-01-02 02:00:00,153.0,147.39320046715315,True
575,Stacking,2022-01-02 02:05:00,153.0,146.05448947214964,True
575,Stacking,2022-01-02 02:10:00,152.0,146.2649227302039,True
575,Stacking,2022-01-02 02:15:00,151.0,143.7491695609032,True
575,Stacking,2022-01-02 02:20:00,150.0,144.10030139309734,True
575,Stacking,2022-01-02 02:25:00,148.0,150.72839815170963,True
575,Stacking,2022-01-02 02:30:00,148.0,151.61812871337304,True
575,Stacking,2022-01-02 02:35:00,148.0,152.76873798414815,True
575,Stacking,2022-01-02 02:40:00,147.0,146.58190759223857,True
575,Stacking,2022-01-02 02:45:00,146.0,145.56921208977656,True
575,Stacking,2022-01-02 02:50:00,145.0,145.26855509595765,True
575,Stacking,2022-01-02 02:55:00,145.0,141.8207176178961,True
575,Stacking,2022-01-02 03:00:00,146.0,146.4872206367837,True
575,Stacking,2022-01-02 03:05:00,148.0,146.3793348747375,True
575,Stacking,2022-01-02 03:10:00,147.0,143.74973928824735,True
575,Stacking,2022-01-02 03:15:00,146.0,143.53757459745307,True
575,Stacking,2022-01-02 03:20:00,146.0,142.47811473690186,True
575,Stacking,2022-01-02 03:25:00,146.0,144.04259763164882,True
575,Stacking,2022-01-02 03:30:00,146.0,147.6626738602574,True
575,Stacking,2022-01-02 03:35:00,145.0,152.12921030861742,True
575,Stacking,2022-01-02 03:40:00,145.0,145.11537765135733,True
575,Stacking,2022-01-02 03:45:00,143.0,144.7199438431591,True
575,Stacking,2022-01-02 03:50:00,142.0,145.9296505136773,True
575,Stacking,2022-01-02 03:55:00,142.0,145.48893500847308,True
575,Stacking,2022-01-02 04:00:00,142.0,146.37756808285437,True
575,Stacking,2022-01-02 04:05:00,142.0,143.6163626103164,True
575,Stacking,2022-01-02 04:10:00,141.0,145.7139689813961,True
575,Stacking,2022-01-02 04:15:00,141.0,139.75194775062565,True
575,Stacking,2022-01-02 04:20:00,141.0,139.3298229276024,True
575,Stacking,2022-01-02 04:25:00,140.0,140.78437247452803,True
575,Stacking,2022-01-02 04:30:00,141.0,140.41705020123985,True
575,Stacking,2022-01-02 04:35:00,141.0,140.72742281625696,True
575,Stacking,2022-01-02 04:40:00,141.0,138.87333175345722,True
575,Stacking,2022-01-02 04:45:00,144.0,140.6874221588945,True
575,Stacking,2022-01-02 04:50:00,146.0,140.73095981268085,True
575,Stacking,2022-01-02 04:55:00,146.0,137.6426512771433,True
575,Stacking,2022-01-02 05:00:00,146.0,143.64129899932752,True
575,Stacking,2022-01-02 05:05:00,147.0,140.41929209518253,True
575,Stacking,2022-01-02 05:10:00,147.0,141.42471296744657,True
575,Stacking,2022-01-02 05:15:00,147.0,153.6446970662883,True
575,Stacking,2022-01-02 05:20:00,148.0,151.63398035613616,True
575,Stacking,2022-01-02 05:25:00,149.0,148.90835298699795,True
575,Stacking,2022-01-02 05:30:00,150.0,149.23596751368848,True
575,Stacking,2022-01-02 05:35:00,150.0,151.92092446986254,True
575,Stacking,2022-01-02 05:40:00,150.0,148.79396851585443,True
575,Stacking,2022-01-02 05:45:00,150.0,149.06852208961757,True
575,Stacking,2022-01-02 05:50:00,150.0,153.19397741836897,True
575,Stacking,2022-01-02 05:55:00,150.0,153.92290757581344,True
575,Stacking,2022-01-02 06:00:00,150.0,154.96233308026268,True
575,Stacking,2022-01-02 06:05:00,150.0,152.6947182871126,True
575,Stacking,2022-01-02 06:10:00,148.0,152.70558582239264,True
575,Stacking,2022-01-02 06:15:00,148.0,152.73868521824403,True
575,Stacking,2022-01-02 06:20:00,148.0,152.4127734459602,True
575,Stacking,2022-01-02 06:25:00,148.0,152.88606977819362,True
575,Stacking,2022-01-02 06:30:00,149.0,152.8320007625787,True
575,Stacking,2022-01-02 06:35:00,150.0,152.98013969026766,True
575,Stacking,2022-01-02 06:40:00,152.0,147.22538908590218,True
575,Stacking,2022-01-02 06:45:00,154.0,150.06635764278602,True
575,Stacking,2022-01-02 06:50:00,155.0,149.1160339654014,True
575,Stacking,2022-01-02 06:55:00,156.0,149.44218189315774,True
575,Stacking,2022-01-02 07:00:00,156.0,153.4960686227643,True
575,Stacking,2022-01-02 07:05:00,156.0,154.48939749551622,True
575,Stacking,2022-01-02 07:10:00,157.0,157.0450518924948,True
575,Stacking,2022-01-02 07:15:00,157.0,159.00860758411903,True
575,Stacking,2022-01-02 07:20:00,156.0,159.78285347796304,True
575,Stacking,2022-01-02 07:25:00,155.0,161.15875551578287,True
575,Stacking,2022-01-02 07:30:00,155.0,159.81626950176178,True
575,Stacking,2022-01-02 07:35:00,156.0,159.749363348673,True
575,Stacking,2022-01-02 07:40:00,157.0,160.43976048522646,True
575,Stacking,2022-01-02 07:45:00,158.0,159.69832111628523,True
575,Stacking,2022-01-02 07:50:00,159.0,156.6025833592506,True
575,Stacking,2022-01-02 07:55:00,160.0,154.77199914382854,True
575,Stacking,2022-01-02 08:00:00,163.0,157.50564532700895,True
575,Stacking,2022-01-02 08:05:00,163.0,158.3605412074385,True
575,Stacking,2022-01-02 08:10:00,162.0,159.4166358377895,True
575,Stacking,2022-01-02 08:15:00,164.0,161.74269976022057,True
575,Stacking,2022-01-02 08:20:00,166.0,163.51348320652312,True
575,Stacking,2022-01-02 08:25:00,171.0,164.53367195099457,True
575,Stacking,2022-01-02 08:30:00,173.0,169.94760991335326,True
575,Stacking,2022-01-02 08:35:00,175.0,165.5382783855708,True
575,Stacking,2022-01-02 08:40:00,179.0,162.68049346471,True
575,Stacking,2022-01-02 08:45:00,183.0,168.4935983343431,True
575,Stacking,2022-01-02 08:50:00,185.0,169.92145930729558,True
575,Stacking,2022-01-02 08:55:00,191.0,182.8186430108465,True
575,Stacking,2022-01-02 09:00:00,199.0,178.6940491880422,True
575,Stacking,2022-01-02 09:05:00,202.0,182.53468893639786,True
575,Stacking,2022-01-02 09:10:00,208.0,188.28809900111045,True
575,Stacking,2022-01-02 09:15:00,171.0,194.5014914115795,True
575,Stacking,2022-01-02 09:20:00,179.0,192.2060195833116,True
575,Stacking,2022-01-02 09:25:00,188.0,207.9178655075733,True
575,Stacking,2022-01-02 09:30:00,197.0,218.37817555410223,True
575,Stacking,2022-01-02 09:35:00,204.0,213.92152465754447,True
575,Stacking,2022-01-02 09:40:00,212.0,222.2389314560032,True
575,Stacking,2022-01-02 09:45:00,219.0,164.75668049175945,True
575,Stacking,2022-01-02 09:50:00,224.0,201.74312216030899,True
575,Stacking,2022-01-02 09:55:00,230.0,204.3801557419658,True
575,Stacking,2022-01-02 10:00:00,235.0,216.28644302598258,True
575,Stacking,2022-01-02 10:05:00,241.0,213.86442140335424,True
575,Stacking,2022-01-02 10:10:00,248.0,225.9988915552306,True
575,Stacking,2022-01-02 10:15:00,252.0,229.03220212045915,True
575,Stacking,2022-01-02 10:20:00,255.0,228.70689512053133,True
575,Stacking,2022-01-02 10:25:00,257.0,241.1498709903116,True
575,Stacking,2022-01-02 10:30:00,258.0,240.03451699912466,True
575,Stacking,2022-01-02 10:35:00,257.0,250.33323484389672,True
575,Stacking,2022-01-02 10:40:00,261.0,257.0711240701842,True
575,Stacking,2022-01-02 10:45:00,261.0,255.91683558785053,True
575,Stacking,2022-01-02 10:50:00,260.0,256.08363211474426,True
575,Stacking,2022-01-02 10:55:00,257.0,254.33332406930754,True
575,Stacking,2022-01-02 11:00:00,252.0,255.52429143709793,True
575,Stacking,2022-01-02 11:05:00,246.0,250.29266946428183,True
575,Stacking,2022-01-02 11:10:00,240.0,264.0767082228254,True
575,Stacking,2022-01-02 11:15:00,236.0,254.98613798926903,True
575,Stacking,2022-01-02 11:20:00,233.0,255.6750944234783,True
575,Stacking,2022-01-02 11:25:00,230.0,240.42643368698154,True
575,Stacking,2022-01-02 11:30:00,226.0,234.3620293470678,True
575,Stacking,2022-01-02 11:35:00,224.0,222.87559896504328,True
575,Stacking,2022-01-02 11:40:00,221.0,214.3902404629215,True
575,Stacking,2022-01-02 11:45:00,217.0,216.60312799392239,True
575,Stacking,2022-01-02 11:50:00,212.0,213.60753517167288,True
575,Stacking,2022-01-02 11:55:00,204.0,209.7538930240237,True
575,Stacking,2022-01-02 12:00:00,198.0,205.97107093151445,True
575,Stacking,2022-01-02 12:05:00,196.0,203.82131095294218,True
575,Stacking,2022-01-02 12:10:00,197.0,201.73289363446892,True
575,Stacking,2022-01-02 12:15:00,203.0,198.72497518383403,True
575,Stacking,2022-01-02 12:20:00,205.0,192.05887405988219,True
575,Stacking,2022-01-02 12:25:00,204.0,179.78101321604365,True
575,Stacking,2022-01-02 12:30:00,211.0,176.23678742588262,True
575,Stacking,2022-01-02 12:35:00,215.0,179.75204993681717,True
575,Stacking,2022-01-02 12:40:00,218.0,189.4799786391882,True
575,Stacking,2022-01-02 12:45:00,220.0,201.66903451846707,True
575,Stacking,2022-01-02 12:50:00,222.0,200.45508228784206,True
575,Stacking,2022-01-02 12:55:00,235.0,196.10674838031017,True
575,Stacking,2022-01-02 13:00:00,242.0,222.50233959180645,True
575,Stacking,2022-01-02 13:05:00,251.0,221.28644158039992,True
575,Stacking,2022-01-02 13:10:00,257.0,223.56144767308447,True
575,Stacking,2022-01-02 13:15:00,265.0,226.67676904068003,True
575,Stacking,2022-01-02 13:20:00,267.0,227.20927279625062,True
575,Stacking,2022-01-02 13:25:00,268.0,252.61831034245486,True
575,Stacking,2022-01-02 13:30:00,267.0,248.9498477429455,True
575,Stacking,2022-01-02 13:35:00,266.0,268.0731900525891,True
575,Stacking,2022-01-02 13:40:00,265.0,261.297677032706,True
575,Stacking,2022-01-02 13:45:00,262.0,273.2946980072786,True
575,Stacking,2022-01-02 13:50:00,259.0,261.80902048544016,True
575,Stacking,2022-01-02 13:55:00,257.0,260.29118072085527,True
575,Stacking,2022-01-02 14:00:00,255.0,254.3170228452201,True
575,Stacking,2022-01-02 14:05:00,256.0,255.7267115742551,True
575,Stacking,2022-01-02 14:10:00,253.0,254.74625853171432,True
575,Stacking,2022-01-02 14:15:00,246.0,242.66613278647176,True
575,Stacking,2022-01-02 14:20:00,229.0,239.08525311200378,True
575,Stacking,2022-01-02 14:25:00,218.0,239.92798661857086,True
575,Stacking,2022-01-02 14:30:00,213.0,237.73506573709432,True
575,Stacking,2022-01-02 14:35:00,210.0,246.88357643404197,True
575,Stacking,2022-01-02 14:40:00,207.0,234.7475405549962,True
575,Stacking,2022-01-02 14:45:00,209.0,219.59253229621115,True
575,Stacking,2022-01-02 14:50:00,216.0,197.00308942849603,True
575,Stacking,2022-01-02 14:55:00,216.0,183.53405654450665,True
575,Stacking,2022-01-02 15:00:00,216.0,189.1777821542967,True
575,Stacking,2022-01-02 15:05:00,217.0,188.23040542089277,True
575,Stacking,2022-01-02 15:10:00,221.0,185.06579026270347,True
575,Stacking,2022-01-02 15:15:00,225.0,198.42995318412946,True
575,Stacking,2022-01-02 15:20:00,228.0,214.7316763941054,True
575,Stacking,2022-01-02 15:25:00,229.0,205.6133388124175,True
575,Stacking,2022-01-02 15:30:00,227.0,210.03714738928667,True
575,Stacking,2022-01-02 15:35:00,229.0,213.87750736279003,True
575,Stacking,2022-01-02 15:40:00,231.0,225.71925117873187,True
575,Stacking,2022-01-02 15:45:00,230.0,231.06858286391304,True
575,Stacking,2022-01-02 15:50:00,229.0,231.02703788330072,True
575,Stacking,2022-01-02 15:55:00,229.0,228.86102055360632,True
575,Stacking,2022-01-02 16:00:00,227.0,217.02187579301165,True
575,Stacking,2022-01-02 16:05:00,222.0,227.2995766515813,True
575,Stacking,2022-01-02 16:10:00,221.0,227.85177940238725,True
575,Stacking,2022-01-02 16:15:00,221.0,220.10694420955156,True
575,Stacking,2022-01-02 16:20:00,224.0,222.18129684129937,True
575,Stacking,2022-01-02 16:25:00,232.0,223.09134073423712,True
575,Stacking,2022-01-02 16:30:00,235.0,212.64736001175316,True
575,Stacking,2022-01-02 16:35:00,230.0,199.32693499937432,True
575,Stacking,2022-01-02 16:40:00,224.0,211.69310419996,True
575,Stacking,2022-01-02 16:45:00,221.0,213.5937223493516,True
575,Stacking,2022-01-02 16:50:00,218.0,221.27597358877856,True
575,Stacking,2022-01-02 16:55:00,219.0,238.39779715548372,True
575,Stacking,2022-01-02 17:00:00,219.0,235.69895598291467,True
575,Stacking,2022-01-02 17:05:00,222.0,216.9018933868637,True
575,Stacking,2022-01-02 17:10:00,226.0,208.20554675027952,True
575,Stacking,2022-01-02 17:15:00,234.0,208.76475557674226,True
575,Stacking,2022-01-02 17:20:00,239.0,206.1657188175589,True
575,Stacking,2022-01-02 17:25:00,240.0,213.5459606524176,True
575,Stacking,2022-01-02 17:30:00,245.0,211.98726134046098,True
575,Stacking,2022-01-02 17:35:00,250.0,220.01973042687288,True
575,Stacking,2022-01-02 17:40:00,254.0,227.8498095470897,True
575,Stacking,2022-01-02 17:45:00,253.0,243.2330743293817,True
575,Stacking,2022-01-02 17:50:00,248.0,244.54907855933754,True
575,Stacking,2022-01-02 17:55:00,241.0,240.2127978732774,True
575,Stacking,2022-01-02 18:00:00,233.0,248.932001204936,True
575,Stacking,2022-01-02 18:05:00,225.0,250.9775997767128,True
575,Stacking,2022-01-02 18:10:00,218.0,254.43653781005952,True
575,Stacking,2022-01-02 18:15:00,208.0,243.1680945476442,True
575,Stacking,2022-01-02 18:20:00,199.0,226.20850072801753,True
575,Stacking,2022-01-02 18:25:00,192.0,213.94430570796277,True
575,Stacking,2022-01-02 18:30:00,183.0,199.58332916968,True
575,Stacking,2022-01-02 18:35:00,175.0,195.07603216145435,True
575,Stacking,2022-01-02 18:40:00,166.0,188.32484957571367,True
575,Stacking,2022-01-02 18:45:00,158.0,173.24269929556124,True
575,Stacking,2022-01-02 18:50:00,152.0,169.02664942202725,True
575,Stacking,2022-01-02 18:55:00,146.0,167.77735207803676,True
575,Stacking,2022-01-02 19:00:00,137.0,154.64345190510028,True
575,Stacking,2022-01-02 19:05:00,132.0,148.25718650699267,True
575,Stacking,2022-01-02 19:10:00,126.0,134.6816050772743,True
575,Stacking,2022-01-02 19:15:00,122.0,130.6777381402229,True
575,Stacking,2022-01-02 19:20:00,120.0,129.4542582331604,True
575,Stacking,2022-01-02 19:25:00,120.0,125.91565025888485,True
575,Stacking,2022-01-02 19:30:00,114.0,113.81033239168504,True
575,Stacking,2022-01-02 19:35:00,107.0,113.61877753286521,True
575,Stacking,2022-01-02 19:40:00,102.0,107.45361024471003,True
575,Stacking,2022-01-02 19:45:00,100.0,107.84587024077484,True
575,Stacking,2022-01-02 19:50:00,97.0,110.67877571308928,True
575,Stacking,2022-01-02 19:55:00,99.0,115.2832692290011,True
575,Stacking,2022-01-02 20:00:00,98.0,98.01820461225593,True
575,Stacking,2022-01-02 20:05:00,96.0,94.21745869051058,True
575,Stacking,2022-01-02 20:10:00,95.0,92.01300444182743,True
575,Stacking,2022-01-02 20:15:00,96.0,94.7288350689347,True
575,Stacking,2022-01-02 20:20:00,98.0,90.8013403832233,True
575,Stacking,2022-01-02 20:25:00,101.0,107.13101220234897,True
575,Stacking,2022-01-02 20:30:00,104.0,95.6664009100064,True
575,Stacking,2022-01-02 20:35:00,108.0,93.33933697611316,True
575,Stacking,2022-01-02 20:40:00,110.0,92.72958775801119,True
575,Stacking,2022-01-02 20:45:00,109.0,98.64493605526091,True
575,Stacking,2022-01-02 20:50:00,78.0,103.88499679772582,True
575,Stacking,2022-01-02 20:55:00,81.0,112.67111024966168,True
575,Stacking,2022-01-02 21:00:00,80.0,117.24090248255222,True
575,Stacking,2022-01-02 21:05:00,81.0,122.3396709267287,True
575,Stacking,2022-01-02 21:10:00,81.0,119.78781000097938,True
575,Stacking,2022-01-02 21:15:00,80.0,110.30878829048417,True
575,Stacking,2022-01-02 21:20:00,78.0,77.63199555273688,True
575,Stacking,2022-01-02 21:25:00,78.0,98.20617065562753,True
575,Stacking,2022-01-02 21:30:00,78.0,83.7885953786399,True
575,Stacking,2022-01-02 21:35:00,77.0,89.65755662138984,True
575,Stacking,2022-01-02 21:40:00,76.0,85.47206070089604,True
575,Stacking,2022-01-02 21:45:00,78.0,83.23914932454736,True
575,Stacking,2022-01-02 21:50:00,80.0,80.19510758556106,True
575,Stacking,2022-01-02 21:55:00,81.0,83.73037400795582,True
575,Stacking,2022-01-02 22:00:00,80.0,83.31078048710047,True
575,Stacking,2022-01-02 22:05:00,82.0,79.48039408194703,True
575,Stacking,2022-01-02 22:10:00,84.0,78.39141264606553,True
575,Stacking,2022-01-02 22:15:00,90.0,88.27231370751687,True
575,Stacking,2022-01-02 22:20:00,93.0,89.68042576774775,True
575,Stacking,2022-01-02 22:25:00,95.0,88.29809708005462,True
575,Stacking,2022-01-02 22:30:00,96.0,83.38340543064378,True
575,Stacking,2022-01-02 22:35:00,99.0,92.83056912375778,True
575,Stacking,2022-01-02 22:40:00,103.0,93.88336526585044,True
575,Stacking,2022-01-02 22:45:00,105.0,111.71624570690241,True
575,Stacking,2022-01-02 22:50:00,108.0,107.31923348399621,True
575,Stacking,2022-01-02 22:55:00,108.0,105.29718661066872,True
575,Stacking,2022-01-02 23:00:00,111.0,102.37758916868728,True
575,Stacking,2022-01-02 23:05:00,113.0,114.01540033437163,True
575,Stacking,2022-01-02 23:10:00,114.0,118.95041607357264,True
575,Stacking,2022-01-02 23:15:00,112.0,114.49538800234662,True
575,Stacking,2022-01-02 23:20:00,109.0,121.09344734749901,True
575,Stacking,2022-01-02 23:25:00,107.0,111.59650279826575,True
575,Stacking,2022-01-02 23:30:00,105.0,121.3690055729524,True
575,Stacking,2022-01-02 23:35:00,104.0,120.39798449073486,True
575,Stacking,2022-01-02 23:40:00,102.0,119.33063260151498,True
575,Stacking,2022-01-02 23:45:00,101.0,111.46074400256457,True
575,Stacking,2022-01-02 23:50:00,101.0,106.09711300183957,True
575,Stacking,2022-01-02 23:55:00,100.0,102.83511519479805,True
575,Stacking,2022-01-03 00:00:00,100.0,100.3661814741224,True
575,Stacking,2022-01-03 00:05:00,99.0,100.7442363793793,True
575,Stacking,2022-01-03 00:10:00,100.0,96.85353767203745,True
575,Stacking,2022-01-03 00:15:00,100.0,97.33939964646896,True
575,Stacking,2022-01-03 00:20:00,101.0,99.94963241123888,True
575,Stacking,2022-01-03 00:25:00,101.0,96.69203080432162,True
575,Stacking,2022-01-03 00:30:00,102.0,99.20200284788815,True
575,Stacking,2022-01-03 00:35:00,102.0,96.42331574184006,True
575,Stacking,2022-01-03 00:40:00,103.0,102.353204481149,True
575,Stacking,2022-01-03 00:45:00,102.0,99.51160336740419,True
575,Stacking,2022-01-03 00:50:00,100.0,103.64603748514992,True
575,Stacking,2022-01-03 00:55:00,98.0,101.46927723528073,True
575,Stacking,2022-01-03 01:00:00,96.0,105.8845230914335,True
575,Stacking,2022-01-03 01:05:00,94.0,103.7593621904094,True
575,Stacking,2022-01-03 01:10:00,93.0,107.80964421378566,True
575,Stacking,2022-01-03 01:15:00,91.0,100.17301707325939,True
575,Stacking,2022-01-03 01:20:00,91.0,97.66424579915626,True
575,Stacking,2022-01-03 01:25:00,90.0,94.36056515722,True
575,Stacking,2022-01-03 01:30:00,90.0,92.27972799428754,True
575,Stacking,2022-01-03 01:35:00,91.0,91.376262941544,True
575,Stacking,2022-01-03 01:40:00,90.0,91.40609459267459,True
575,Stacking,2022-01-03 01:45:00,90.0,88.96470561414512,True
575,Stacking,2022-01-03 01:50:00,88.0,92.4962019170712,True
575,Stacking,2022-01-03 01:55:00,86.0,89.47712573307652,True
575,Stacking,2022-01-03 02:00:00,85.0,91.54536670774272,True
575,Stacking,2022-01-03 02:05:00,85.0,94.47950720592114,True
575,Stacking,2022-01-03 02:10:00,84.0,89.59919206859907,True
575,Stacking,2022-01-03 02:15:00,83.0,92.2537826494522,True
575,Stacking,2022-01-03 02:20:00,82.0,86.75599038582853,True
575,Stacking,2022-01-03 02:25:00,80.0,84.08795280063778,True
575,Stacking,2022-01-03 02:30:00,80.0,84.19557330520895,True
575,Stacking,2022-01-03 02:35:00,79.0,86.13245433634974,True
575,Stacking,2022-01-03 02:40:00,78.0,84.20093325332276,True
575,Stacking,2022-01-03 02:45:00,78.0,83.03209176018254,True
575,Stacking,2022-01-03 02:50:00,77.0,81.8014663326663,True
575,Stacking,2022-01-03 02:55:00,75.0,79.13541131243365,True
575,Stacking,2022-01-03 03:00:00,74.0,81.87305353558196,True
575,Stacking,2022-01-03 03:05:00,74.0,79.36852204804124,True
575,Stacking,2022-01-03 03:10:00,73.0,77.66251883285994,True
575,Stacking,2022-01-03 03:15:00,73.0,79.29715796448598,True
575,Stacking,2022-01-03 03:20:00,72.0,76.68881368499467,True
575,Stacking,2022-01-03 03:25:00,72.0,75.7901692887044,True
575,Stacking,2022-01-03 03:30:00,72.0,75.76630832707994,True
575,Stacking,2022-01-03 03:35:00,71.0,77.55857545979748,True
575,Stacking,2022-01-03 03:40:00,71.0,76.0988809817292,True
575,Stacking,2022-01-03 03:45:00,70.0,77.34087563718514,True
575,Stacking,2022-01-03 03:50:00,70.0,73.89847309901923,True
575,Stacking,2022-01-03 03:55:00,69.0,74.9772789886905,True
575,Stacking,2022-01-03 04:00:00,68.0,75.58622119672141,True
575,Stacking,2022-01-03 04:05:00,67.0,72.92012232549006,True
575,Stacking,2022-01-03 04:10:00,66.0,74.02852192833497,True
575,Stacking,2022-01-03 04:15:00,65.0,71.80994397647257,True
575,Stacking,2022-01-03 04:20:00,65.0,72.75014191796289,True
575,Stacking,2022-01-03 04:25:00,65.0,71.81476494378347,True
575,Stacking,2022-01-03 04:30:00,64.0,70.96283297401551,True
575,Stacking,2022-01-03 04:35:00,62.0,70.90175425492596,True
575,Stacking,2022-01-03 04:40:00,60.0,70.51639462499237,True
575,Stacking,2022-01-03 04:45:00,59.0,70.7183163726422,True
575,Stacking,2022-01-03 04:50:00,59.0,71.61249836828408,True
575,Stacking,2022-01-03 04:55:00,59.0,72.03180949610393,True
575,Stacking,2022-01-03 05:00:00,58.0,70.98132260466282,True
575,Stacking,2022-01-03 05:05:00,58.0,68.79940329393011,True
575,Stacking,2022-01-03 05:10:00,57.0,66.53849598676439,True
575,Stacking,2022-01-03 05:15:00,55.0,66.6325672777763,True
575,Stacking,2022-01-03 05:20:00,54.0,68.09738967994743,True
575,Stacking,2022-01-03 05:25:00,54.0,68.36901148022768,True
575,Stacking,2022-01-03 05:30:00,53.0,67.00744709428986,True
575,Stacking,2022-01-03 05:35:00,53.0,68.48341541894187,True
575,Stacking,2022-01-03 05:40:00,54.0,65.16826036793987,True
575,Stacking,2022-01-03 05:45:00,53.0,62.720808885274224,True
575,Stacking,2022-01-03 05:50:00,54.0,62.632105931382696,True
575,Stacking,2022-01-03 05:55:00,56.0,62.87144223088737,True
575,Stacking,2022-01-03 06:00:00,55.0,62.364270052605974,True
575,Stacking,2022-01-03 06:05:00,55.0,63.26594428636166,True
575,Stacking,2022-01-03 06:10:00,56.0,66.38256116149098,True
575,Stacking,2022-01-03 06:15:00,56.0,62.753885154800784,True
575,Stacking,2022-01-03 06:20:00,56.0,68.65695732266032,True
575,Stacking,2022-01-03 06:25:00,58.0,75.32741209105477,True
575,Stacking,2022-01-03 06:30:00,59.0,66.74521567965738,True
575,Stacking,2022-01-03 06:35:00,59.0,67.71449542749005,True
575,Stacking,2022-01-03 06:40:00,59.0,68.74437926299714,True
575,Stacking,2022-01-03 06:45:00,60.0,66.42262711079977,True
575,Stacking,2022-01-03 06:50:00,71.0,69.2984626964991,True
575,Stacking,2022-01-03 06:55:00,73.0,80.73316941256616,True
575,Stacking,2022-01-03 07:00:00,76.0,78.36220394038557,True
575,Stacking,2022-01-03 07:05:00,81.0,84.0224428068278,True
575,Stacking,2022-01-03 07:10:00,87.0,82.87898435363634,True
575,Stacking,2022-01-03 07:15:00,93.0,82.79253523896558,True
575,Stacking,2022-01-03 07:20:00,100.0,114.8189659369826,True
575,Stacking,2022-01-03 07:25:00,104.0,100.79240329437167,True
575,Stacking,2022-01-03 07:30:00,106.0,100.11481584539665,True
575,Stacking,2022-01-03 07:35:00,110.0,106.52783809396581,True
575,Stacking,2022-01-03 07:40:00,113.0,108.76243412356044,True
575,Stacking,2022-01-03 07:45:00,117.0,116.05006584940976,True
575,Stacking,2022-01-03 07:50:00,121.0,127.79864157456507,True
575,Stacking,2022-01-03 07:55:00,124.0,120.63113435729629,True
575,Stacking,2022-01-03 08:00:00,128.0,116.80438706722094,True
575,Stacking,2022-01-03 08:05:00,132.0,126.66599098678611,True
575,Stacking,2022-01-03 08:10:00,130.0,124.2058826566294,True
575,Stacking,2022-01-03 08:15:00,130.0,129.99231124021637,True
575,Stacking,2022-01-03 08:20:00,133.0,134.35973172746472,True
575,Stacking,2022-01-03 08:25:00,132.0,133.63294516001216,True
575,Stacking,2022-01-03 08:30:00,133.0,142.9281213609801,True
575,Stacking,2022-01-03 08:35:00,135.0,144.6130108867656,True
575,Stacking,2022-01-03 08:40:00,133.0,129.38524906431138,True
575,Stacking,2022-01-03 08:45:00,130.0,133.8591089339274,True
575,Stacking,2022-01-03 08:50:00,126.0,142.98081447949207,True
575,Stacking,2022-01-03 08:55:00,126.0,130.19014910756334,True
575,Stacking,2022-01-03 09:00:00,122.0,139.1278030326145,True
575,Stacking,2022-01-03 09:05:00,118.0,141.29931528352415,True
575,Stacking,2022-01-03 09:10:00,116.0,130.68414553893786,True
575,Stacking,2022-01-03 09:15:00,115.0,126.31815117196538,True
575,Stacking,2022-01-03 09:20:00,112.0,118.0698051438036,True
575,Stacking,2022-01-03 09:25:00,109.0,126.8308124452638,True
575,Stacking,2022-01-03 09:30:00,108.0,113.38838668985997,True
575,Stacking,2022-01-03 09:35:00,105.0,110.78193707414947,True
575,Stacking,2022-01-03 09:40:00,103.0,111.57994760325832,True
575,Stacking,2022-01-03 09:45:00,101.0,112.21033118129067,True
575,Stacking,2022-01-03 09:50:00,100.0,104.1074534879544,True
575,Stacking,2022-01-03 09:55:00,99.0,101.0879132034565,True
575,Stacking,2022-01-03 10:00:00,98.0,104.50876581759533,True
575,Stacking,2022-01-03 10:05:00,98.0,97.49924010865328,True
575,Stacking,2022-01-03 10:10:00,98.0,98.15628704351307,True
575,Stacking,2022-01-03 10:15:00,98.0,95.58820264393702,True
575,Stacking,2022-01-03 10:20:00,99.0,96.86425318922412,True
575,Stacking,2022-01-03 10:25:00,100.0,96.86237863465236,True
575,Stacking,2022-01-03 10:30:00,97.0,95.14742763939203,True
575,Stacking,2022-01-03 10:35:00,95.0,98.10914571197537,True
575,Stacking,2022-01-03 10:40:00,95.0,98.51209472420244,True
575,Stacking,2022-01-03 10:45:00,93.0,99.32066959318333,True
575,Stacking,2022-01-03 10:50:00,92.0,104.36071841473832,True
575,Stacking,2022-01-03 10:55:00,91.0,104.87462197117556,True
575,Stacking,2022-01-03 11:00:00,91.0,96.38018340189416,True
575,Stacking,2022-01-03 11:05:00,91.0,93.9949968837546,True
575,Stacking,2022-01-03 11:10:00,90.0,98.66680185393771,True
575,Stacking,2022-01-03 11:15:00,90.0,92.81998942428979,True
575,Stacking,2022-01-03 11:20:00,91.0,93.85406156277831,True
575,Stacking,2022-01-03 11:25:00,92.0,92.07866997665901,True
575,Stacking,2022-01-03 11:30:00,93.0,95.9162244886049,True
575,Stacking,2022-01-03 11:35:00,93.0,96.35435281949006,True
575,Stacking,2022-01-03 11:40:00,94.0,92.46789269376775,True
575,Stacking,2022-01-03 11:45:00,95.0,95.21930376535512,True
575,Stacking,2022-01-03 11:50:00,96.0,99.1253916990937,True
575,Stacking,2022-01-03 11:55:00,98.0,101.33653683117812,True
575,Stacking,2022-01-03 12:00:00,98.0,101.96355247808131,True
575,Stacking,2022-01-03 12:05:00,99.0,99.04902397891698,True
575,Stacking,2022-01-03 12:10:00,101.0,103.16598129451334,True
575,Stacking,2022-01-03 12:15:00,101.0,102.99954094507336,True
575,Stacking,2022-01-03 12:20:00,101.0,103.69049822905254,True
575,Stacking,2022-01-03 12:25:00,102.0,108.90572442438129,True
575,Stacking,2022-01-03 12:30:00,103.0,103.77911837895242,True
575,Stacking,2022-01-03 12:35:00,103.0,108.97644264626554,True
575,Stacking,2022-01-03 12:40:00,104.0,112.48527111167841,True
575,Stacking,2022-01-03 12:45:00,105.0,107.06003984826214,True
575,Stacking,2022-01-03 12:50:00,106.0,107.0449233860271,True
575,Stacking,2022-01-03 12:55:00,106.0,109.9304067232961,True
575,Stacking,2022-01-03 13:00:00,107.0,110.79063030096704,True
575,Stacking,2022-01-03 13:05:00,107.0,109.3118028044351,True
575,Stacking,2022-01-03 13:10:00,108.0,111.31413099879225,True
575,Stacking,2022-01-03 13:15:00,108.0,111.64350403206655,True
575,Stacking,2022-01-03 13:20:00,109.0,113.09647890688046,True
575,Stacking,2022-01-03 13:25:00,109.0,111.02150424177024,True
575,Stacking,2022-01-03 13:30:00,107.0,113.86506587055888,True
575,Stacking,2022-01-03 13:35:00,108.0,111.97326572731183,True
575,Stacking,2022-01-03 13:40:00,110.0,114.7281155895474,True
575,Stacking,2022-01-03 13:45:00,111.0,112.59682161170825,True
575,Stacking,2022-01-03 13:50:00,116.0,116.68674739705541,True
575,Stacking,2022-01-03 13:55:00,123.0,114.22576926748485,True
575,Stacking,2022-01-03 14:00:00,132.0,106.53132414750823,True
575,Stacking,2022-01-03 14:05:00,142.0,113.64051016858838,True
575,Stacking,2022-01-03 14:10:00,152.0,119.70510810131744,True
575,Stacking,2022-01-03 14:15:00,161.0,118.14681760551986,True
575,Stacking,2022-01-03 14:20:00,167.0,131.63293855402566,True
575,Stacking,2022-01-03 14:25:00,172.0,144.83768112499115,True
575,Stacking,2022-01-03 14:30:00,176.0,158.97590958243643,True
575,Stacking,2022-01-03 14:35:00,181.0,169.64110504312654,True
575,Stacking,2022-01-03 14:40:00,185.0,179.91708114711466,True
575,Stacking,2022-01-03 14:45:00,189.0,188.1347962201219,True
575,Stacking,2022-01-03 14:50:00,193.0,184.8746356601077,True
575,Stacking,2022-01-03 14:55:00,195.0,186.37488805330295,True
575,Stacking,2022-01-03 15:00:00,195.0,190.12192479982875,True
575,Stacking,2022-01-03 15:05:00,194.0,196.0050876832241,True
575,Stacking,2022-01-03 15:10:00,195.0,197.73494740674928,True
575,Stacking,2022-01-03 15:15:00,196.0,198.14077471610562,True
575,Stacking,2022-01-03 15:20:00,194.0,199.6167919865223,True
575,Stacking,2022-01-03 15:25:00,187.0,194.14038533165322,True
575,Stacking,2022-01-03 15:30:00,185.0,190.48643425933568,True
575,Stacking,2022-01-03 15:35:00,184.0,186.07378049207972,True
575,Stacking,2022-01-03 15:40:00,181.0,194.80026756111477,True
575,Stacking,2022-01-03 15:45:00,177.0,195.5546059287157,True
575,Stacking,2022-01-03 15:50:00,170.0,183.066781929332,True
575,Stacking,2022-01-03 15:55:00,166.0,166.4566572360802,True
575,Stacking,2022-01-03 16:00:00,162.0,176.25381663721052,True
575,Stacking,2022-01-03 16:05:00,158.0,178.45371338102495,True
575,Stacking,2022-01-03 16:10:00,154.0,166.77570231496094,True
575,Stacking,2022-01-03 16:15:00,152.0,161.08123270428553,True
575,Stacking,2022-01-03 16:20:00,148.0,148.81273299264817,True
575,Stacking,2022-01-03 16:25:00,144.0,150.11783885280207,True
575,Stacking,2022-01-03 16:30:00,140.0,145.9900499594308,True
575,Stacking,2022-01-03 16:35:00,138.0,142.55623374112758,True
575,Stacking,2022-01-03 16:40:00,136.0,138.0259099997562,True
575,Stacking,2022-01-03 16:45:00,131.0,139.18998172380972,True
575,Stacking,2022-01-03 16:50:00,126.0,133.75566185529001,True
575,Stacking,2022-01-03 16:55:00,124.0,131.66654586497552,True
575,Stacking,2022-01-03 17:00:00,122.0,126.81773422175979,True
575,Stacking,2022-01-03 17:05:00,117.0,130.24081534748854,True
575,Stacking,2022-01-03 17:10:00,115.0,128.42791472191587,True
575,Stacking,2022-01-03 17:15:00,114.0,112.92615759831693,True
575,Stacking,2022-01-03 17:20:00,113.0,110.37727382939785,True
575,Stacking,2022-01-03 17:25:00,109.0,116.39269895273681,True
575,Stacking,2022-01-03 17:30:00,106.0,114.13922874414493,True
575,Stacking,2022-01-03 17:35:00,106.0,103.09821160746345,True
575,Stacking,2022-01-03 17:40:00,102.0,109.58969215763086,True
575,Stacking,2022-01-03 17:45:00,100.0,109.69199731003758,True
575,Stacking,2022-01-03 17:50:00,99.0,109.2692801773573,True
575,Stacking,2022-01-03 17:55:00,102.0,99.87195466882623,True
575,Stacking,2022-01-03 18:00:00,101.0,98.31697902923115,True
575,Stacking,2022-01-03 18:05:00,98.0,105.53392253129422,True
575,Stacking,2022-01-03 18:10:00,95.0,94.9885044376447,True
575,Stacking,2022-01-03 18:15:00,95.0,96.80414630620109,True
575,Stacking,2022-01-03 18:20:00,96.0,96.61105258750918,True
575,Stacking,2022-01-03 18:25:00,96.0,111.65519961787916,True
575,Stacking,2022-01-03 18:30:00,96.0,98.95639807417541,True
575,Stacking,2022-01-03 18:35:00,95.0,95.16933715174791,True
575,Stacking,2022-01-03 18:40:00,96.0,90.9226545660486,True
575,Stacking,2022-01-03 18:45:00,119.0,96.21428243698776,True
575,Stacking,2022-01-03 18:50:00,127.0,98.9641863956317,True
575,Stacking,2022-01-03 18:55:00,134.0,96.72674662506473,True
575,Stacking,2022-01-03 19:00:00,141.0,97.49072703529824,True
575,Stacking,2022-01-03 19:05:00,144.0,98.41513416508546,True
575,Stacking,2022-01-03 19:10:00,145.0,101.69701876367857,True
575,Stacking,2022-01-03 19:15:00,152.0,146.41882591114063,True
575,Stacking,2022-01-03 19:20:00,161.0,151.33983396228183,True
575,Stacking,2022-01-03 19:25:00,168.0,155.57531135862817,True
575,Stacking,2022-01-03 19:30:00,172.0,160.5286871683477,True
575,Stacking,2022-01-03 19:35:00,173.0,152.7428906950943,True
575,Stacking,2022-01-03 19:40:00,178.0,148.6406236484157,True
575,Stacking,2022-01-03 19:45:00,182.0,167.64305243326925,True
575,Stacking,2022-01-03 19:50:00,182.0,182.85404738881311,True
575,Stacking,2022-01-03 19:55:00,183.0,183.6330406923627,True
575,Stacking,2022-01-03 20:00:00,185.0,177.68869547780446,True
575,Stacking,2022-01-03 20:05:00,188.0,172.63185387126018,True
575,Stacking,2022-01-03 20:10:00,192.0,190.6284065934341,True
575,Stacking,2022-01-03 20:15:00,194.0,189.61916637507585,True
575,Stacking,2022-01-03 20:20:00,199.0,180.70456255878523,True
575,Stacking,2022-01-03 20:25:00,202.0,190.91717806703744,True
575,Stacking,2022-01-03 20:30:00,204.0,192.31787460156514,True
575,Stacking,2022-01-03 20:35:00,205.0,196.15047133519738,True
575,Stacking,2022-01-03 20:40:00,205.0,200.6485198821787,True
575,Stacking,2022-01-03 20:45:00,207.0,190.8551213957667,True
575,Stacking,2022-01-03 20:50:00,202.0,210.30093151552538,True
575,Stacking,2022-01-03 20:55:00,192.0,204.93959856973393,True
575,Stacking,2022-01-03 21:00:00,192.0,202.74688863128273,True
575,Stacking,2022-01-03 21:05:00,188.0,201.57208487854183,True
575,Stacking,2022-01-03 21:10:00,184.0,199.66308142183283,True
575,Stacking,2022-01-03 21:15:00,180.0,206.60854796841534,True
575,Stacking,2022-01-03 21:20:00,177.0,182.48477964670286,True
575,Stacking,2022-01-03 21:25:00,173.0,173.7636839976926,True
575,Stacking,2022-01-03 21:30:00,170.0,187.64836589701486,True
575,Stacking,2022-01-03 21:35:00,165.0,172.163651172945,True
575,Stacking,2022-01-03 21:40:00,158.0,170.91992397702862,True
575,Stacking,2022-01-03 21:45:00,152.0,164.62417087058816,True
575,Stacking,2022-01-03 21:50:00,148.0,161.8697227083536,True
575,Stacking,2022-01-03 21:55:00,147.0,156.87248668375213,True
575,Stacking,2022-01-03 22:00:00,146.0,156.33732858364428,True
575,Stacking,2022-01-03 22:05:00,144.0,148.96605612046272,True
575,Stacking,2022-01-03 22:10:00,143.0,133.22535712488445,True
575,Stacking,2022-01-03 22:15:00,142.0,130.91753234628368,True
575,Stacking,2022-01-03 22:20:00,139.0,133.72103578837167,True
575,Stacking,2022-01-03 22:25:00,135.0,137.04885289168254,True
575,Stacking,2022-01-03 22:30:00,135.0,135.85443453749937,True
575,Stacking,2022-01-03 22:35:00,131.0,134.05659564315982,True
575,Stacking,2022-01-03 22:40:00,128.0,135.03780928332492,True
575,Stacking,2022-01-03 22:45:00,126.0,134.97734627333824,True
575,Stacking,2022-01-03 22:50:00,125.0,128.65939696876904,True
575,Stacking,2022-01-03 22:55:00,122.0,123.05962961400421,True
575,Stacking,2022-01-03 23:00:00,117.0,131.0826011941621,True
575,Stacking,2022-01-03 23:05:00,116.0,117.65891287889394,True
575,Stacking,2022-01-03 23:10:00,115.0,121.13834231819058,True
575,Stacking,2022-01-03 23:15:00,116.0,119.16539929495227,True
575,Stacking,2022-01-03 23:20:00,114.0,119.15176401211139,True
575,Stacking,2022-01-03 23:25:00,112.0,112.6028929233182,True
575,Stacking,2022-01-03 23:30:00,112.0,103.16504954264782,True
575,Stacking,2022-01-03 23:35:00,112.0,111.99514577407345,True
575,Stacking,2022-01-03 23:40:00,112.0,110.77831538035562,True
575,Stacking,2022-01-03 23:45:00,112.0,115.51066461548507,True
575,Stacking,2022-01-03 23:50:00,111.0,108.59752480093356,True
575,Stacking,2022-01-03 23:55:00,111.0,106.955352372243,True
575,Stacking,2022-01-04 00:00:00,110.0,111.90523383546196,True
575,Stacking,2022-01-04 00:05:00,109.0,111.8741299318868,True
575,Stacking,2022-01-04 00:10:00,108.0,112.61119559399843,True
575,Stacking,2022-01-04 00:15:00,105.0,112.71611048284687,True
575,Stacking,2022-01-04 00:20:00,103.0,108.94102890335172,True
575,Stacking,2022-01-04 00:25:00,102.0,112.1673070790789,True
575,Stacking,2022-01-04 00:30:00,101.0,108.30403525391465,True
575,Stacking,2022-01-04 00:35:00,101.0,106.94992468216981,True
575,Stacking,2022-01-04 00:40:00,100.0,104.8168599486714,True
575,Stacking,2022-01-04 00:45:00,100.0,99.11594613575336,True
575,Stacking,2022-01-04 00:50:00,100.0,98.78006213543034,True
575,Stacking,2022-01-04 00:55:00,100.0,97.62225756495648,True
575,Stacking,2022-01-04 01:00:00,100.0,97.45021070741684,True
575,Stacking,2022-01-04 01:05:00,99.0,100.00502748591634,True
575,Stacking,2022-01-04 01:10:00,98.0,96.75981929542365,True
575,Stacking,2022-01-04 01:15:00,97.0,99.15724639387578,True
575,Stacking,2022-01-04 01:20:00,97.0,99.14674756494117,True
575,Stacking,2022-01-04 01:25:00,95.0,99.67081303351469,True
575,Stacking,2022-01-04 01:30:00,94.0,99.7473587183242,True
575,Stacking,2022-01-04 01:35:00,93.0,96.97719724147846,True
575,Stacking,2022-01-04 01:40:00,93.0,95.09794092426952,True
575,Stacking,2022-01-04 01:45:00,92.0,94.20714440894639,True
575,Stacking,2022-01-04 01:50:00,92.0,96.4647556239203,True
575,Stacking,2022-01-04 01:55:00,91.0,91.83873532842793,True
575,Stacking,2022-01-04 02:00:00,90.0,92.54134153355858,True
575,Stacking,2022-01-04 02:05:00,90.0,91.25270345178136,True
575,Stacking,2022-01-04 02:10:00,88.0,93.36137266278341,True
575,Stacking,2022-01-04 02:15:00,87.0,91.42053022102849,True
575,Stacking,2022-01-04 02:20:00,86.0,93.14132348193911,True
575,Stacking,2022-01-04 02:25:00,85.0,89.93254017092288,True
575,Stacking,2022-01-04 02:30:00,85.0,89.33397300362708,True
575,Stacking,2022-01-04 02:35:00,85.0,91.35731851957955,True
575,Stacking,2022-01-04 02:40:00,85.0,86.71034522993926,True
575,Stacking,2022-01-04 02:45:00,85.0,84.94792954905692,True
575,Stacking,2022-01-04 02:50:00,85.0,84.41461918456476,True
575,Stacking,2022-01-04 02:55:00,85.0,83.95541099097534,True
575,Stacking,2022-01-04 03:00:00,85.0,86.03144325421324,True
575,Stacking,2022-01-04 03:05:00,84.0,86.05432529057607,True
575,Stacking,2022-01-04 03:10:00,84.0,86.22618246940779,True
575,Stacking,2022-01-04 03:15:00,84.0,85.90503906393256,True
575,Stacking,2022-01-04 03:20:00,85.0,86.0448263512143,True
575,Stacking,2022-01-04 03:25:00,85.0,85.98847041538646,True
575,Stacking,2022-01-04 03:30:00,86.0,85.96150368302354,True
575,Stacking,2022-01-04 03:35:00,87.0,84.20154173892105,True
575,Stacking,2022-01-04 03:40:00,89.0,85.54612104492223,True
575,Stacking,2022-01-04 03:45:00,91.0,85.69882388917408,True
575,Stacking,2022-01-04 03:50:00,91.0,88.16005598295803,True
575,Stacking,2022-01-04 03:55:00,92.0,86.16997657232993,True
575,Stacking,2022-01-04 04:00:00,92.0,89.6165930489659,True
575,Stacking,2022-01-04 04:05:00,93.0,89.7860514464047,True
575,Stacking,2022-01-04 04:10:00,94.0,96.76756434165296,True
575,Stacking,2022-01-04 04:15:00,94.0,99.8570463776466,True
575,Stacking,2022-01-04 04:20:00,94.0,95.84809386258523,True
575,Stacking,2022-01-04 04:25:00,94.0,99.8863115708729,True
575,Stacking,2022-01-04 04:30:00,95.0,95.09804462727428,True
575,Stacking,2022-01-04 04:35:00,94.0,98.55956083234467,True
575,Stacking,2022-01-04 04:40:00,94.0,98.89661345193053,True
575,Stacking,2022-01-04 04:45:00,94.0,96.82917422088704,True
575,Stacking,2022-01-04 04:50:00,94.0,96.83641448170725,True
575,Stacking,2022-01-04 04:55:00,95.0,96.48854366661529,True
575,Stacking,2022-01-04 05:00:00,95.0,99.26151729788114,True
575,Stacking,2022-01-04 05:05:00,95.0,94.50930049060376,True
575,Stacking,2022-01-04 05:10:00,96.0,96.52270587864277,True
575,Stacking,2022-01-04 05:15:00,97.0,95.69084090763727,True
575,Stacking,2022-01-04 05:20:00,98.0,96.07852354468658,True
575,Stacking,2022-01-04 05:25:00,98.0,98.72929545036197,True
575,Stacking,2022-01-04 05:30:00,99.0,96.14231986447165,True
575,Stacking,2022-01-04 05:35:00,99.0,97.31677070744882,True
575,Stacking,2022-01-04 05:40:00,100.0,99.44529918409168,True
575,Stacking,2022-01-04 05:45:00,100.0,101.13967393587235,True
575,Stacking,2022-01-04 05:50:00,100.0,102.40441496393393,True
575,Stacking,2022-01-04 05:55:00,101.0,100.38858240799651,True
575,Stacking,2022-01-04 06:00:00,101.0,105.47776451586698,True
575,Stacking,2022-01-04 06:05:00,101.0,102.62572681613612,True
575,Stacking,2022-01-04 06:10:00,102.0,105.83537799860547,True
575,Stacking,2022-01-04 06:15:00,102.0,102.90395144859956,True
575,Stacking,2022-01-04 06:20:00,103.0,103.25024154940057,True
575,Stacking,2022-01-04 06:25:00,106.0,106.15281233352532,True
575,Stacking,2022-01-04 06:30:00,107.0,104.27584496572463,True
575,Stacking,2022-01-04 06:35:00,107.0,104.39506328669218,True
575,Stacking,2022-01-04 06:40:00,107.0,107.66178816245055,True
575,Stacking,2022-01-04 06:45:00,107.0,105.07476295747152,True
575,Stacking,2022-01-04 06:50:00,107.0,109.42673203318697,True
575,Stacking,2022-01-04 06:55:00,107.0,117.86277411412745,True
575,Stacking,2022-01-04 07:00:00,138.0,112.15385836312554,True
575,Stacking,2022-01-04 07:05:00,143.0,111.08865144116024,True
575,Stacking,2022-01-04 07:10:00,145.0,110.96143527880143,True
575,Stacking,2022-01-04 07:15:00,149.0,123.62681584161116,True
575,Stacking,2022-01-04 07:20:00,155.0,126.50422782254711,True
575,Stacking,2022-01-04 07:25:00,164.0,129.20082202308862,True
575,Stacking,2022-01-04 07:30:00,169.0,176.1147673089045,True
575,Stacking,2022-01-04 07:35:00,170.0,164.54804176350387,True
575,Stacking,2022-01-04 07:40:00,173.0,162.20032287765838,True
575,Stacking,2022-01-04 07:45:00,178.0,167.957562308597,True
575,Stacking,2022-01-04 07:50:00,182.0,174.41466138056046,True
575,Stacking,2022-01-04 07:55:00,184.0,189.21259210419444,True
575,Stacking,2022-01-04 08:00:00,187.0,178.87046171665986,True
575,Stacking,2022-01-04 08:05:00,190.0,170.85472545064587,True
575,Stacking,2022-01-04 08:10:00,195.0,181.68128425418422,True
575,Stacking,2022-01-04 08:15:00,197.0,188.86157449363117,True
575,Stacking,2022-01-04 08:20:00,200.0,188.78963297148928,True
575,Stacking,2022-01-04 08:25:00,201.0,188.23772320752147,True
575,Stacking,2022-01-04 08:30:00,202.0,194.0707399883189,True
575,Stacking,2022-01-04 08:35:00,202.0,197.2513126466998,True
575,Stacking,2022-01-04 08:40:00,202.0,206.3442031751677,True
575,Stacking,2022-01-04 08:45:00,203.0,199.5812454321694,True
575,Stacking,2022-01-04 08:50:00,203.0,207.92657372233293,True
575,Stacking,2022-01-04 08:55:00,206.0,203.39608737502508,True
575,Stacking,2022-01-04 09:00:00,208.0,206.187223312344,True
575,Stacking,2022-01-04 09:05:00,206.0,201.7705725075794,True
575,Stacking,2022-01-04 09:10:00,205.0,202.2329583985202,True
575,Stacking,2022-01-04 09:15:00,205.0,203.63000192191222,True
575,Stacking,2022-01-04 09:20:00,203.0,201.4860093507738,True
575,Stacking,2022-01-04 09:25:00,201.0,209.76941215734985,True
575,Stacking,2022-01-04 09:30:00,198.0,207.76918404821345,True
575,Stacking,2022-01-04 09:35:00,194.0,200.1585190571802,True
575,Stacking,2022-01-04 09:40:00,193.0,199.99262533430777,True
575,Stacking,2022-01-04 09:45:00,190.0,201.76959428703262,True
575,Stacking,2022-01-04 09:50:00,189.0,193.7660147382221,True
575,Stacking,2022-01-04 09:55:00,187.0,191.9775209438202,True
575,Stacking,2022-01-04 10:00:00,185.0,186.2604193582137,True
575,Stacking,2022-01-04 10:05:00,184.0,180.62504008464447,True
575,Stacking,2022-01-04 10:10:00,182.0,183.5935852364896,True
575,Stacking,2022-01-04 10:15:00,181.0,177.08575612686911,True
575,Stacking,2022-01-04 10:20:00,180.0,178.7396152095347,True
575,Stacking,2022-01-04 10:25:00,179.0,175.8080033854956,True
575,Stacking,2022-01-04 10:30:00,176.0,175.4867919755312,True
575,Stacking,2022-01-04 10:35:00,176.0,176.42003623376087,True
575,Stacking,2022-01-04 10:40:00,177.0,172.04039010082585,True
575,Stacking,2022-01-04 10:45:00,177.0,171.5361715280484,True
575,Stacking,2022-01-04 10:50:00,177.0,170.18846240534208,True
575,Stacking,2022-01-04 10:55:00,177.0,170.10016872100272,True
575,Stacking,2022-01-04 11:00:00,178.0,163.3700837364185,True
575,Stacking,2022-01-04 11:05:00,180.0,170.59910905894859,True
575,Stacking,2022-01-04 11:10:00,181.0,173.8820990945143,True
575,Stacking,2022-01-04 11:15:00,183.0,171.48829026164688,True
575,Stacking,2022-01-04 11:20:00,185.0,172.01938314229918,True
575,Stacking,2022-01-04 11:25:00,188.0,171.96464410245775,True
575,Stacking,2022-01-04 11:30:00,189.0,176.56753599023097,True
575,Stacking,2022-01-04 11:35:00,191.0,181.53225277944438,True
575,Stacking,2022-01-04 11:40:00,194.0,179.7509219686822,True
575,Stacking,2022-01-04 11:45:00,198.0,188.94287743616636,True
575,Stacking,2022-01-04 11:50:00,200.0,189.42744181885263,True
575,Stacking,2022-01-04 11:55:00,203.0,195.45872551945587,True
575,Stacking,2022-01-04 12:00:00,205.0,189.75798900937028,True
575,Stacking,2022-01-04 12:05:00,208.0,197.7577158885627,True
575,Stacking,2022-01-04 12:10:00,210.0,200.88124754635953,True
575,Stacking,2022-01-04 12:15:00,211.0,208.8128957696729,True
575,Stacking,2022-01-04 12:20:00,211.0,206.45960981117878,True
575,Stacking,2022-01-04 12:25:00,212.0,212.17416187804344,True
575,Stacking,2022-01-04 12:30:00,211.0,208.81373255704676,True
575,Stacking,2022-01-04 12:35:00,212.0,215.36113038325175,True
575,Stacking,2022-01-04 12:40:00,214.0,214.00247198953014,True
575,Stacking,2022-01-04 12:45:00,214.0,215.41404777229454,True
575,Stacking,2022-01-04 12:50:00,215.0,213.94471292937544,True
575,Stacking,2022-01-04 12:55:00,217.0,215.1806712942733,True
575,Stacking,2022-01-04 13:00:00,223.0,211.4140475740474,True
575,Stacking,2022-01-04 13:05:00,223.0,214.54463893948554,True
575,Stacking,2022-01-04 13:10:00,223.0,216.42267426505788,True
575,Stacking,2022-01-04 13:15:00,227.0,214.68651087898436,True
575,Stacking,2022-01-04 13:20:00,232.0,216.06611779690266,True
575,Stacking,2022-01-04 13:25:00,237.0,219.89250704983021,True
575,Stacking,2022-01-04 13:30:00,242.0,233.26169039590962,True
575,Stacking,2022-01-04 13:35:00,246.0,223.2505238565867,True
575,Stacking,2022-01-04 13:40:00,252.0,224.4392181289124,True
575,Stacking,2022-01-04 13:45:00,263.0,234.60771125778894,True
575,Stacking,2022-01-04 13:50:00,267.0,240.12259235485806,True
575,Stacking,2022-01-04 13:55:00,268.0,243.7796595710553,True
575,Stacking,2022-01-04 14:00:00,267.0,248.17821331921857,True
575,Stacking,2022-01-04 14:05:00,272.0,251.88073582125932,True
575,Stacking,2022-01-04 14:10:00,276.0,264.5045829168373,True
575,Stacking,2022-01-04 14:15:00,282.0,277.4243523410106,True
575,Stacking,2022-01-04 14:20:00,287.0,273.56791737196573,True
575,Stacking,2022-01-04 14:25:00,290.0,272.3324510581967,True
575,Stacking,2022-01-04 14:30:00,296.0,266.41461846522014,True
575,Stacking,2022-01-04 14:35:00,301.0,279.17758469068445,True
575,Stacking,2022-01-04 14:40:00,308.0,281.1918505883486,True
575,Stacking,2022-01-04 14:45:00,315.0,288.7082203844112,True
575,Stacking,2022-01-04 14:50:00,317.0,291.35658740484894,True
575,Stacking,2022-01-04 14:55:00,324.0,290.0426203251822,True
575,Stacking,2022-01-04 15:00:00,331.0,298.201482029184,True
575,Stacking,2022-01-04 15:05:00,334.0,299.40177810064677,True
575,Stacking,2022-01-04 15:10:00,337.0,306.5036134061741,True
575,Stacking,2022-01-04 15:15:00,339.0,312.88961860649937,True
575,Stacking,2022-01-04 15:20:00,338.0,308.01212865539713,True
575,Stacking,2022-01-04 15:25:00,338.0,320.44477377197984,True
575,Stacking,2022-01-04 15:30:00,339.0,320.8602700189953,True
575,Stacking,2022-01-04 15:35:00,342.0,332.21286519172884,True
575,Stacking,2022-01-04 15:40:00,340.0,333.72785972239393,True
575,Stacking,2022-01-04 15:45:00,340.0,333.31064441345006,True
575,Stacking,2022-01-04 15:50:00,338.0,322.8158457378359,True
575,Stacking,2022-01-04 15:55:00,333.0,324.27011537901626,True
575,Stacking,2022-01-04 16:00:00,332.0,328.2864993639799,True
575,Stacking,2022-01-04 16:05:00,331.0,337.23229340503786,True
575,Stacking,2022-01-04 16:10:00,329.0,319.62694121601885,True
575,Stacking,2022-01-04 16:15:00,325.0,323.11035631985914,True
575,Stacking,2022-01-04 16:20:00,319.0,319.40354733515045,True
575,Stacking,2022-01-04 16:25:00,318.0,309.0765713864707,True
575,Stacking,2022-01-04 16:30:00,315.0,304.48948849372914,True
575,Stacking,2022-01-04 16:35:00,308.0,303.192492476724,True
575,Stacking,2022-01-04 16:40:00,305.0,301.95223827245,True
575,Stacking,2022-01-04 16:45:00,302.0,297.81762331049214,True
575,Stacking,2022-01-04 16:50:00,300.0,288.58800644714796,True
575,Stacking,2022-01-04 16:55:00,296.0,292.3229709298372,True
575,Stacking,2022-01-04 17:00:00,293.0,289.2374544369838,True
575,Stacking,2022-01-04 17:05:00,290.0,275.24064091066026,True
575,Stacking,2022-01-04 17:10:00,286.0,278.6544351914665,True
575,Stacking,2022-01-04 17:15:00,282.0,273.7652540103525,True
575,Stacking,2022-01-04 17:20:00,279.0,271.24930305535304,True
575,Stacking,2022-01-04 17:25:00,277.0,267.09983801885636,True
575,Stacking,2022-01-04 17:30:00,271.0,266.07879186607414,True
575,Stacking,2022-01-04 17:35:00,267.0,265.6630614004855,True
575,Stacking,2022-01-04 17:40:00,263.0,262.5715172909667,True
575,Stacking,2022-01-04 17:45:00,261.0,257.20382724094645,True
575,Stacking,2022-01-04 17:50:00,259.0,257.6834058852428,True
575,Stacking,2022-01-04 17:55:00,259.0,257.29730034582224,True
575,Stacking,2022-01-04 18:00:00,259.0,242.33207004895468,True
575,Stacking,2022-01-04 18:05:00,260.0,246.9917852334897,True
575,Stacking,2022-01-04 18:10:00,260.0,240.56161366223063,True
575,Stacking,2022-01-04 18:15:00,259.0,244.9094259215883,True
575,Stacking,2022-01-04 18:20:00,260.0,243.8643953076905,True
575,Stacking,2022-01-04 18:25:00,260.0,251.6456108807025,True
575,Stacking,2022-01-04 18:30:00,258.0,251.7370174844761,True
575,Stacking,2022-01-04 18:35:00,258.0,256.8252556112443,True
575,Stacking,2022-01-04 18:40:00,259.0,257.71819070479717,True
575,Stacking,2022-01-04 18:45:00,262.0,256.12916330465055,True
575,Stacking,2022-01-04 18:50:00,262.0,259.1417098790043,True
575,Stacking,2022-01-04 18:55:00,262.0,258.70742781750494,True
575,Stacking,2022-01-04 19:00:00,262.0,251.78675525173676,True
575,Stacking,2022-01-04 19:05:00,262.0,257.90937432539164,True
575,Stacking,2022-01-04 19:10:00,262.0,257.70417630699455,True
575,Stacking,2022-01-04 19:15:00,262.0,264.0251861414695,True
575,Stacking,2022-01-04 19:20:00,262.0,260.94392206550367,True
575,Stacking,2022-01-04 20:05:00,262.0,226.0667070101427,False
575,Stacking,2022-01-04 20:10:00,265.0,224.86054623791395,False
575,Stacking,2022-01-04 20:15:00,270.0,222.27296373836947,False
575,Stacking,2022-01-04 20:20:00,271.0,232.7488206990629,False
575,Stacking,2022-01-04 20:25:00,272.0,220.26872353011785,False
575,Stacking,2022-01-04 20:30:00,273.0,205.45122780211645,False
575,Stacking,2022-01-04 20:35:00,267.0,256.3843607463727,True
575,Stacking,2022-01-04 20:40:00,258.0,259.6201712075889,True
575,Stacking,2022-01-04 20:45:00,253.0,267.12027630931453,True
575,Stacking,2022-01-04 20:50:00,248.0,262.1645903972733,True
575,Stacking,2022-01-04 20:55:00,239.0,264.5911972054957,True
575,Stacking,2022-01-04 21:00:00,225.0,263.6703012034147,True
575,Stacking,2022-01-04 21:05:00,211.0,242.10995916984615,True
575,Stacking,2022-01-04 21:10:00,197.0,229.2897275037521,True
575,Stacking,2022-01-04 21:15:00,182.0,230.05631149579196,True
575,Stacking,2022-01-04 21:20:00,171.0,225.3746887732824,True
575,Stacking,2022-01-04 21:25:00,161.0,205.49579513858058,True
575,Stacking,2022-01-04 21:30:00,154.0,188.1876795859483,True
575,Stacking,2022-01-04 21:35:00,146.0,171.014848293366,True
575,Stacking,2022-01-04 21:40:00,140.0,153.26368981789741,True
575,Stacking,2022-01-04 21:45:00,137.0,140.3902257647224,True
575,Stacking,2022-01-04 21:50:00,131.0,135.36888191965198,True
575,Stacking,2022-01-04 21:55:00,125.0,126.9472117626186,True
575,Stacking,2022-01-04 22:00:00,122.0,126.8644966914531,True
575,Stacking,2022-01-04 22:05:00,115.0,118.82406760612845,True
575,Stacking,2022-01-04 22:10:00,106.0,119.19502485924153,True
575,Stacking,2022-01-04 22:15:00,98.0,124.64044375226406,True
575,Stacking,2022-01-04 22:20:00,92.0,109.48326398860341,True
575,Stacking,2022-01-04 22:25:00,88.0,105.56770178861697,True
575,Stacking,2022-01-04 22:30:00,86.0,110.42397899894833,True
575,Stacking,2022-01-04 22:35:00,84.0,97.39007552156244,True
575,Stacking,2022-01-04 22:40:00,81.0,89.74978159571782,True
575,Stacking,2022-01-04 22:45:00,77.0,85.79119756343651,True
575,Stacking,2022-01-04 22:50:00,75.0,84.2790253720687,True
575,Stacking,2022-01-04 22:55:00,74.0,83.40682510624207,True
575,Stacking,2022-01-04 23:00:00,72.0,82.80502352996456,True
575,Stacking,2022-01-04 23:05:00,69.0,81.62362233355837,True
575,Stacking,2022-01-04 23:10:00,63.0,77.59524789790073,True
575,Stacking,2022-01-04 23:15:00,57.0,74.46296331579019,True
575,Stacking,2022-01-04 23:20:00,52.0,76.34662870342554,True
575,Stacking,2022-01-04 23:25:00,50.0,76.26456120843172,True
575,Stacking,2022-01-04 23:30:00,51.0,73.10724173187724,True
575,Stacking,2022-01-04 23:35:00,55.0,70.10033958648299,True
575,Stacking,2022-01-04 23:40:00,59.0,68.17779440954051,True
575,Stacking,2022-01-04 23:45:00,62.0,62.17745955689615,True
575,Stacking,2022-01-04 23:50:00,68.0,60.4783517993964,True
575,Stacking,2022-01-04 23:55:00,73.0,60.157115856921045,True
575,Stacking,2022-01-05 00:00:00,77.0,66.50352682888409,True
575,Stacking,2022-01-05 00:05:00,76.0,83.00391647073751,True
575,Stacking,2022-01-05 00:10:00,76.0,87.3985775018187,True
575,Stacking,2022-01-05 00:15:00,77.0,86.42506636739185,True
575,Stacking,2022-01-05 00:20:00,76.0,95.9802549373124,True
575,Stacking,2022-01-05 00:25:00,77.0,94.48073630489053,True
575,Stacking,2022-01-05 00:30:00,78.0,96.82518851560258,True
575,Stacking,2022-01-05 00:35:00,77.0,84.12141804839449,True
575,Stacking,2022-01-05 00:40:00,75.0,83.51057755145867,True
575,Stacking,2022-01-05 00:45:00,75.0,82.71425762637341,True
575,Stacking,2022-01-05 00:50:00,76.0,77.7426989623501,True
575,Stacking,2022-01-05 00:55:00,77.0,82.77364536689292,True
575,Stacking,2022-01-05 01:00:00,80.0,82.91344508305716,True
575,Stacking,2022-01-05 01:05:00,82.0,78.92485925405587,True
575,Stacking,2022-01-05 01:10:00,85.0,77.92505096396793,True
575,Stacking,2022-01-05 01:15:00,88.0,79.33722562889936,True
575,Stacking,2022-01-05 01:20:00,91.0,81.6170188222384,True
575,Stacking,2022-01-05 01:25:00,93.0,81.49593778516709,True
575,Stacking,2022-01-05 01:30:00,94.0,91.97991862661219,True
575,Stacking,2022-01-05 01:35:00,95.0,91.21354200233898,True
575,Stacking,2022-01-05 01:40:00,97.0,98.31557038298511,True
575,Stacking,2022-01-05 01:45:00,99.0,101.00618154647147,True
575,Stacking,2022-01-05 01:50:00,100.0,103.65995110732467,True
575,Stacking,2022-01-05 01:55:00,99.0,103.12667972062505,True
575,Stacking,2022-01-05 02:00:00,98.0,100.79608546082736,True
575,Stacking,2022-01-05 02:05:00,96.0,100.36626056639142,True
575,Stacking,2022-01-05 02:10:00,95.0,105.24011012170844,True
575,Stacking,2022-01-05 02:15:00,94.0,109.48256090892943,True
575,Stacking,2022-01-05 02:20:00,93.0,106.70994953905648,True
575,Stacking,2022-01-05 02:25:00,92.0,100.9019043644579,True
575,Stacking,2022-01-05 02:30:00,91.0,97.64696749803664,True
575,Stacking,2022-01-05 02:35:00,91.0,93.1309106054644,True
575,Stacking,2022-01-05 02:40:00,90.0,93.89671056906298,True
575,Stacking,2022-01-05 02:45:00,89.0,93.30401282345576,True
575,Stacking,2022-01-05 02:50:00,88.0,91.67324433478018,True
575,Stacking,2022-01-05 02:55:00,88.0,91.29346246408656,True
575,Stacking,2022-01-05 03:00:00,88.0,90.16144468078362,True
575,Stacking,2022-01-05 03:05:00,87.0,92.05422926207932,True
575,Stacking,2022-01-05 03:10:00,87.0,89.54368739435449,True
575,Stacking,2022-01-05 03:15:00,87.0,87.92203499640081,True
575,Stacking,2022-01-05 03:20:00,87.0,87.10180383334949,True
575,Stacking,2022-01-05 03:25:00,87.0,89.56521793355775,True
575,Stacking,2022-01-05 03:30:00,87.0,89.92214541356228,True
575,Stacking,2022-01-05 03:35:00,87.0,84.84820371150226,True
575,Stacking,2022-01-05 03:40:00,86.0,86.56246411658319,True
575,Stacking,2022-01-05 03:45:00,86.0,86.9675279225661,True
575,Stacking,2022-01-05 03:50:00,85.0,87.25135067496184,True
575,Stacking,2022-01-05 03:55:00,84.0,86.95661570498936,True
575,Stacking,2022-01-05 04:00:00,82.0,86.81838405325192,True
575,Stacking,2022-01-05 04:05:00,81.0,86.95910703245377,True
575,Stacking,2022-01-05 04:10:00,81.0,84.74816635639951,True
575,Stacking,2022-01-05 04:15:00,80.0,86.3819989069081,True
575,Stacking,2022-01-05 04:20:00,79.0,84.28188669513231,True
575,Stacking,2022-01-05 04:25:00,78.0,84.17541342082912,True
575,Stacking,2022-01-05 04:30:00,77.0,81.38854352869545,True
575,Stacking,2022-01-05 04:35:00,76.0,79.67254542767974,True
575,Stacking,2022-01-05 04:40:00,75.0,81.49916691309164,True
575,Stacking,2022-01-05 04:45:00,75.0,79.78030589953356,True
575,Stacking,2022-01-05 04:50:00,74.0,79.42209154335971,True
575,Stacking,2022-01-05 04:55:00,74.0,77.969791823581,True
575,Stacking,2022-01-05 05:00:00,74.0,76.85043615018421,True
575,Stacking,2022-01-05 05:05:00,73.0,76.47173646667196,True
575,Stacking,2022-01-05 05:10:00,73.0,75.9329923531589,True
575,Stacking,2022-01-05 05:15:00,73.0,77.24983239250923,True
575,Stacking,2022-01-05 05:20:00,73.0,76.06572911004407,True
575,Stacking,2022-01-05 05:25:00,73.0,77.25837523187164,True
575,Stacking,2022-01-05 05:30:00,73.0,77.4569952060944,True
575,Stacking,2022-01-05 05:35:00,73.0,77.30287032884347,True
575,Stacking,2022-01-05 05:40:00,72.0,78.36876181953359,True
575,Stacking,2022-01-05 05:45:00,72.0,78.04258436394512,True
575,Stacking,2022-01-05 05:50:00,71.0,78.52889784022938,True
575,Stacking,2022-01-05 05:55:00,71.0,78.4867656633777,True
575,Stacking,2022-01-05 06:00:00,71.0,78.54227060820581,True
575,Stacking,2022-01-05 06:05:00,71.0,78.7863580382964,True
575,Stacking,2022-01-05 06:10:00,71.0,75.59491045450798,True
575,Stacking,2022-01-05 06:15:00,72.0,76.50639241912278,True
575,Stacking,2022-01-05 06:20:00,73.0,74.30507770789696,True
575,Stacking,2022-01-05 06:25:00,74.0,75.8369848806618,True
575,Stacking,2022-01-05 06:30:00,74.0,76.38792336560425,True
575,Stacking,2022-01-05 06:35:00,75.0,76.47569758153078,True
575,Stacking,2022-01-05 06:40:00,77.0,76.91011291654027,True
575,Stacking,2022-01-05 06:45:00,78.0,79.706365411309,True
575,Stacking,2022-01-05 06:50:00,80.0,82.68924384329661,True
575,Stacking,2022-01-05 06:55:00,83.0,83.93408378746206,True
575,Stacking,2022-01-05 07:00:00,86.0,82.91874674026487,True
575,Stacking,2022-01-05 07:05:00,89.0,85.44681776725461,True
575,Stacking,2022-01-05 07:10:00,79.0,89.90882467594771,True
575,Stacking,2022-01-05 07:15:00,81.0,87.836467334608,True
575,Stacking,2022-01-05 07:20:00,84.0,94.20776866420805,True
575,Stacking,2022-01-05 07:25:00,89.0,98.43109739145761,True
575,Stacking,2022-01-05 07:30:00,98.0,100.71238244723644,True
575,Stacking,2022-01-05 07:35:00,114.0,104.04207539130563,True
575,Stacking,2022-01-05 07:40:00,130.0,85.96895955020986,True
575,Stacking,2022-01-05 07:45:00,142.0,96.6261050417441,True
575,Stacking,2022-01-05 07:50:00,152.0,99.38922359636916,True
575,Stacking,2022-01-05 07:55:00,163.0,110.2294501247864,True
575,Stacking,2022-01-05 08:00:00,174.0,137.94311840070915,True
575,Stacking,2022-01-05 08:05:00,184.0,164.15174809145014,True
575,Stacking,2022-01-05 08:10:00,194.0,175.02630919705035,True
575,Stacking,2022-01-05 08:15:00,201.0,179.49585321207977,True
575,Stacking,2022-01-05 08:20:00,205.0,176.54804036724764,True
575,Stacking,2022-01-05 08:25:00,208.0,192.37292496084189,True
575,Stacking,2022-01-05 08:30:00,208.0,200.26201329145323,True
575,Stacking,2022-01-05 08:35:00,209.0,202.91624308972558,True
575,Stacking,2022-01-05 08:40:00,208.0,217.21233610401478,True
575,Stacking,2022-01-05 08:45:00,205.0,210.3969012240021,True
575,Stacking,2022-01-05 08:50:00,201.0,207.38302181209556,True
575,Stacking,2022-01-05 08:55:00,196.0,207.09972121793112,True
575,Stacking,2022-01-05 09:00:00,193.0,202.29091646708335,True
575,Stacking,2022-01-05 09:05:00,191.0,206.1833747200636,True
575,Stacking,2022-01-05 09:10:00,187.0,198.90271741199874,True
575,Stacking,2022-01-05 09:15:00,183.0,188.6778724446214,True
575,Stacking,2022-01-05 09:20:00,179.0,183.30579397249033,True
575,Stacking,2022-01-05 09:25:00,175.0,174.18237733829065,True
575,Stacking,2022-01-05 09:30:00,171.0,178.64002142323332,True
575,Stacking,2022-01-05 09:35:00,164.0,178.60394316634176,True
575,Stacking,2022-01-05 09:40:00,159.0,169.23251584545892,True
575,Stacking,2022-01-05 09:45:00,153.0,166.36734104244064,True
575,Stacking,2022-01-05 09:50:00,147.0,161.05280128399346,True
575,Stacking,2022-01-05 09:55:00,142.0,158.0785940719219,True
575,Stacking,2022-01-05 10:00:00,137.0,153.31246032066224,True
575,Stacking,2022-01-05 10:05:00,133.0,139.26215544882066,True
575,Stacking,2022-01-05 10:10:00,128.0,141.9132624699524,True
575,Stacking,2022-01-05 10:15:00,124.0,130.38769336617415,True
575,Stacking,2022-01-05 10:20:00,119.0,126.29817055881043,True
575,Stacking,2022-01-05 10:25:00,116.0,123.58594170539409,True
575,Stacking,2022-01-05 10:30:00,112.0,121.00633467855727,True
575,Stacking,2022-01-05 10:35:00,109.0,118.24886892712857,True
575,Stacking,2022-01-05 10:40:00,106.0,110.0612017302664,True
575,Stacking,2022-01-05 10:45:00,102.0,108.72727950927103,True
575,Stacking,2022-01-05 10:50:00,98.0,101.46762291386565,True
575,Stacking,2022-01-05 10:55:00,95.0,106.08422974703956,True
575,Stacking,2022-01-05 11:00:00,93.0,99.82918218176512,True
575,Stacking,2022-01-05 11:05:00,90.0,99.63892952734862,True
575,Stacking,2022-01-05 11:10:00,88.0,96.26788347286757,True
575,Stacking,2022-01-05 11:15:00,85.0,92.58068485493438,True
575,Stacking,2022-01-05 11:20:00,83.0,90.3944614547743,True
575,Stacking,2022-01-05 11:25:00,80.0,89.59035528724905,True
575,Stacking,2022-01-05 11:30:00,78.0,89.91522798963554,True
575,Stacking,2022-01-05 11:35:00,76.0,87.40378433182555,True
575,Stacking,2022-01-05 11:40:00,74.0,87.1945989905359,True
575,Stacking,2022-01-05 11:45:00,72.0,83.71566845407587,True
575,Stacking,2022-01-05 11:50:00,70.0,83.88222727872241,True
575,Stacking,2022-01-05 11:55:00,68.0,81.02437003209354,True
575,Stacking,2022-01-05 12:00:00,66.0,80.78541488976471,True
575,Stacking,2022-01-05 12:05:00,63.0,80.7804957044117,True
575,Stacking,2022-01-05 12:10:00,62.0,80.55932304695182,True
575,Stacking,2022-01-05 12:15:00,61.0,79.94636800535324,True
575,Stacking,2022-01-05 12:20:00,59.0,78.93107526530027,True
575,Stacking,2022-01-05 12:25:00,58.0,77.92820509759746,True
575,Stacking,2022-01-05 12:30:00,58.0,77.66119832725016,True
575,Stacking,2022-01-05 12:35:00,59.0,76.97300109833235,True
575,Stacking,2022-01-05 12:40:00,62.0,77.07453093644075,True
575,Stacking,2022-01-05 12:45:00,71.0,74.92695854203737,True
575,Stacking,2022-01-05 12:50:00,79.0,74.40151190418536,True
575,Stacking,2022-01-05 12:55:00,92.0,74.24119242620759,True
575,Stacking,2022-01-05 13:00:00,104.0,76.13047083736502,True
575,Stacking,2022-01-05 13:05:00,118.0,80.88471606928978,True
575,Stacking,2022-01-05 13:10:00,134.0,94.83476926401163,True
575,Stacking,2022-01-05 13:15:00,146.0,116.18905321050033,True
575,Stacking,2022-01-05 13:20:00,156.0,115.22112453589227,True
575,Stacking,2022-01-05 13:25:00,172.0,139.25729588914675,True
575,Stacking,2022-01-05 13:30:00,188.0,145.58405823352112,True
575,Stacking,2022-01-05 13:35:00,204.0,162.04656307909858,True
575,Stacking,2022-01-05 13:40:00,217.0,175.42435875091954,True
575,Stacking,2022-01-05 13:45:00,228.0,174.73531879017827,True
575,Stacking,2022-01-05 13:50:00,238.0,183.11169381640497,True
575,Stacking,2022-01-05 13:55:00,245.0,205.48484894678558,True
575,Stacking,2022-01-05 14:00:00,251.0,222.23896294576716,True
575,Stacking,2022-01-05 14:05:00,254.0,242.58451644325092,True
575,Stacking,2022-01-05 14:10:00,254.0,249.12316636884762,True
575,Stacking,2022-01-05 14:15:00,251.0,256.0643379639873,True
575,Stacking,2022-01-05 14:20:00,247.0,260.0992334411432,True
575,Stacking,2022-01-05 14:25:00,243.0,250.34363704318997,True
575,Stacking,2022-01-05 14:30:00,234.0,256.08035924832564,True
575,Stacking,2022-01-05 14:35:00,225.0,248.29723822030473,True
575,Stacking,2022-01-05 14:40:00,217.0,244.90001409370012,True
575,Stacking,2022-01-05 14:45:00,208.0,231.88568769322768,True
575,Stacking,2022-01-05 14:50:00,199.0,225.26915899704915,True
575,Stacking,2022-01-05 14:55:00,190.0,223.6214538170842,True
575,Stacking,2022-01-05 15:00:00,180.0,196.5161276933471,True
575,Stacking,2022-01-05 15:05:00,170.0,193.30985171075457,True
575,Stacking,2022-01-05 15:10:00,162.0,188.91824942558324,True
575,Stacking,2022-01-05 15:15:00,152.0,174.75366627711648,True
575,Stacking,2022-01-05 15:20:00,143.0,168.87462129817817,True
575,Stacking,2022-01-05 15:25:00,135.0,162.34891075469588,True
575,Stacking,2022-01-05 15:30:00,127.0,145.81562320323124,True
575,Stacking,2022-01-05 15:35:00,119.0,136.23032515675771,True
575,Stacking,2022-01-05 15:40:00,110.0,131.94933722116707,True
575,Stacking,2022-01-05 15:45:00,101.0,120.50255503454206,True
575,Stacking,2022-01-05 15:50:00,93.0,116.2942780679123,True
575,Stacking,2022-01-05 15:55:00,86.0,110.59298340049305,True
575,Stacking,2022-01-05 16:00:00,79.0,104.49992345052638,True
575,Stacking,2022-01-05 16:05:00,72.0,97.83893139626299,True
575,Stacking,2022-01-05 16:10:00,66.0,91.52018219789464,True
575,Stacking,2022-01-05 16:15:00,61.0,86.04774522906095,True
575,Stacking,2022-01-05 16:20:00,56.0,82.13302018544455,True
575,Stacking,2022-01-05 16:25:00,52.0,78.71658951255283,True
575,Stacking,2022-01-05 16:30:00,49.0,76.57250470081169,True
575,Stacking,2022-01-05 16:35:00,46.0,73.7072475743104,True
575,Stacking,2022-01-05 16:40:00,46.0,72.34452650777496,True
575,Stacking,2022-01-05 16:45:00,48.0,69.2917121569745,True
575,Stacking,2022-01-05 16:50:00,53.0,66.66778636427534,True
575,Stacking,2022-01-05 16:55:00,57.0,67.40429811788145,True
575,Stacking,2022-01-05 17:00:00,59.0,65.61543302578511,True
575,Stacking,2022-01-05 17:05:00,64.0,62.34421475414953,True
575,Stacking,2022-01-05 17:10:00,68.0,62.09854148146353,True
575,Stacking,2022-01-05 17:15:00,72.0,75.37772847199719,True
575,Stacking,2022-01-05 17:20:00,75.0,89.12500622218371,True
575,Stacking,2022-01-05 17:25:00,78.0,93.65901807689914,True
575,Stacking,2022-01-05 17:30:00,81.0,87.60091914785508,True
575,Stacking,2022-01-05 17:35:00,86.0,96.27053879270468,True
575,Stacking,2022-01-05 17:40:00,91.0,95.84584195237173,True
575,Stacking,2022-01-05 17:45:00,96.0,97.74590310002273,True
575,Stacking,2022-01-05 17:50:00,101.0,96.32725164728456,True
575,Stacking,2022-01-05 17:55:00,105.0,99.07754128344585,True
575,Stacking,2022-01-05 18:00:00,107.0,99.80688231523222,True
575,Stacking,2022-01-05 18:05:00,109.0,106.69842299058448,True
575,Stacking,2022-01-05 18:10:00,112.0,111.34071784887604,True
575,Stacking,2022-01-05 18:15:00,114.0,115.21404583601098,True
575,Stacking,2022-01-05 18:20:00,114.0,120.02860427073303,True
575,Stacking,2022-01-05 18:25:00,115.0,122.05922053924459,True
575,Stacking,2022-01-05 18:30:00,116.0,117.6860704144443,True
575,Stacking,2022-01-05 18:35:00,117.0,120.11685331945989,True
575,Stacking,2022-01-05 18:40:00,117.0,125.35083776189798,True
575,Stacking,2022-01-05 18:45:00,117.0,124.10636917053844,True
575,Stacking,2022-01-05 18:50:00,117.0,119.3804378714991,True
575,Stacking,2022-01-05 18:55:00,118.0,121.86903620110954,True
575,Stacking,2022-01-05 19:00:00,118.0,121.81489681036267,True
575,Stacking,2022-01-05 19:05:00,118.0,122.63209145052076,True
575,Stacking,2022-01-05 19:10:00,118.0,121.3984606572546,True
575,Stacking,2022-01-05 19:15:00,128.0,121.13160251726538,True
575,Stacking,2022-01-05 19:20:00,136.0,120.93788217079303,True
575,Stacking,2022-01-05 19:25:00,145.0,123.46165372194353,True
575,Stacking,2022-01-05 19:30:00,154.0,121.60425374997898,True
575,Stacking,2022-01-05 19:35:00,161.0,121.6944942635262,True
575,Stacking,2022-01-05 19:40:00,168.0,121.42840681130747,True
575,Stacking,2022-01-05 19:45:00,175.0,153.24079205664682,True
575,Stacking,2022-01-05 19:50:00,181.0,156.52306034540302,True
575,Stacking,2022-01-05 19:55:00,188.0,180.80512341919993,True
575,Stacking,2022-01-05 20:00:00,195.0,188.28724205353868,True
575,Stacking,2022-01-05 20:05:00,200.0,188.20813648893065,True
575,Stacking,2022-01-05 20:10:00,204.0,191.7911410272489,True
575,Stacking,2022-01-05 20:15:00,206.0,195.77740701639087,True
575,Stacking,2022-01-05 20:20:00,206.0,189.33945466884015,True
575,Stacking,2022-01-05 20:25:00,207.0,204.5566382186085,True
575,Stacking,2022-01-05 20:30:00,205.0,211.98079123592098,True
575,Stacking,2022-01-05 20:35:00,203.0,207.01752580071945,True
575,Stacking,2022-01-05 20:40:00,201.0,208.4846185362526,True
575,Stacking,2022-01-05 20:45:00,199.0,205.05309968277004,True
575,Stacking,2022-01-05 20:50:00,195.0,202.758031589524,True
575,Stacking,2022-01-05 20:55:00,193.0,207.2557138257753,True
575,Stacking,2022-01-05 21:00:00,196.0,193.2829581673298,True
575,Stacking,2022-01-05 21:05:00,199.0,191.93851853728646,True
575,Stacking,2022-01-05 21:10:00,201.0,188.4607657760262,True
575,Stacking,2022-01-05 21:15:00,202.0,186.90743715674455,True
575,Stacking,2022-01-05 21:20:00,200.0,177.89461971541033,True
575,Stacking,2022-01-05 21:25:00,196.0,181.68852994986557,True
575,Stacking,2022-01-05 21:30:00,193.0,196.4459123420413,True
575,Stacking,2022-01-05 21:35:00,191.0,200.52920727742,True
575,Stacking,2022-01-05 21:40:00,188.0,203.0379720379421,True
575,Stacking,2022-01-05 21:45:00,188.0,202.99827499167233,True
575,Stacking,2022-01-05 21:50:00,191.0,192.53681691709153,True
575,Stacking,2022-01-05 21:55:00,192.0,183.8634650053398,True
575,Stacking,2022-01-05 22:00:00,193.0,183.70970945370473,True
575,Stacking,2022-01-05 22:05:00,192.0,183.3421084869672,True
575,Stacking,2022-01-05 22:10:00,188.0,175.47245521597114,True
575,Stacking,2022-01-05 22:15:00,184.0,181.44986721684307,True
575,Stacking,2022-01-05 22:20:00,177.0,192.70026003953987,True
575,Stacking,2022-01-05 22:25:00,168.0,190.76948059724344,True
575,Stacking,2022-01-05 22:30:00,161.0,193.78606588326778,True
575,Stacking,2022-01-05 22:35:00,158.0,187.98143193102788,True
575,Stacking,2022-01-05 22:40:00,158.0,178.19724083425825,True
575,Stacking,2022-01-05 22:45:00,163.0,174.5416806966973,True
575,Stacking,2022-01-05 22:50:00,172.0,160.91928050638393,True
575,Stacking,2022-01-05 22:55:00,178.0,147.82228883935204,True
575,Stacking,2022-01-05 23:00:00,185.0,141.27062773080613,True
575,Stacking,2022-01-05 23:05:00,190.0,146.3885625903879,True
575,Stacking,2022-01-05 23:10:00,194.0,155.18178765166155,True
575,Stacking,2022-01-05 23:15:00,198.0,167.11087063700603,True
575,Stacking,2022-01-05 23:20:00,204.0,184.31681066804398,True
575,Stacking,2022-01-05 23:25:00,209.0,185.62498263754193,True
575,Stacking,2022-01-05 23:30:00,213.0,200.54707070607176,True
575,Stacking,2022-01-05 23:35:00,216.0,199.00425594051848,True
575,Stacking,2022-01-05 23:40:00,219.0,201.20077898241118,True
575,Stacking,2022-01-05 23:45:00,220.0,208.57153837984225,True
575,Stacking,2022-01-05 23:50:00,220.0,216.86495629773125,True
575,Stacking,2022-01-05 23:55:00,219.0,220.08048715974874,True
575,Stacking,2022-01-06 00:00:00,218.0,224.37716972850737,True
575,Stacking,2022-01-06 00:05:00,216.0,222.28025439458636,True
575,Stacking,2022-01-06 00:10:00,214.0,226.4202768649526,True
575,Stacking,2022-01-06 00:15:00,211.0,224.3654119511122,True
575,Stacking,2022-01-06 00:20:00,210.0,223.20777874203856,True
575,Stacking,2022-01-06 00:25:00,209.0,218.51228643401424,True
575,Stacking,2022-01-06 00:30:00,208.0,218.01789276343064,True
575,Stacking,2022-01-06 00:35:00,208.0,210.36390883108209,True
575,Stacking,2022-01-06 00:40:00,206.0,208.79491203188599,True
575,Stacking,2022-01-06 00:45:00,205.0,203.4619502438888,True
575,Stacking,2022-01-06 00:50:00,204.0,206.26953061070418,True
575,Stacking,2022-01-06 00:55:00,202.0,202.66214653867897,True
575,Stacking,2022-01-06 01:00:00,199.0,202.98795523321067,True
575,Stacking,2022-01-06 01:05:00,198.0,205.6562087093143,True
575,Stacking,2022-01-06 01:10:00,197.0,199.20280346112736,True
575,Stacking,2022-01-06 01:15:00,196.0,199.22993850018824,True
575,Stacking,2022-01-06 01:20:00,195.0,196.81440785476315,True
575,Stacking,2022-01-06 01:25:00,194.0,195.0496395470578,True
575,Stacking,2022-01-06 01:30:00,192.0,190.6857526445574,True
575,Stacking,2022-01-06 01:35:00,191.0,191.70992385540018,True
575,Stacking,2022-01-06 01:40:00,189.0,191.09046028372146,True
575,Stacking,2022-01-06 01:45:00,186.0,189.56005843353606,True
575,Stacking,2022-01-06 01:50:00,184.0,189.815745777358,True
575,Stacking,2022-01-06 01:55:00,182.0,189.70256001435786,True
575,Stacking,2022-01-06 02:00:00,181.0,187.03723854337179,True
575,Stacking,2022-01-06 02:05:00,180.0,188.29313253085306,True
575,Stacking,2022-01-06 02:10:00,179.0,181.74272902159916,True
575,Stacking,2022-01-06 02:15:00,179.0,180.64206953176122,True
575,Stacking,2022-01-06 02:20:00,178.0,178.78856249725473,True
575,Stacking,2022-01-06 02:25:00,178.0,176.50049896503464,True
575,Stacking,2022-01-06 02:30:00,178.0,175.09592260297794,True
575,Stacking,2022-01-06 02:35:00,179.0,173.802588720873,True
575,Stacking,2022-01-06 02:40:00,180.0,173.0834325397833,True
575,Stacking,2022-01-06 02:45:00,181.0,174.9313246778205,True
575,Stacking,2022-01-06 02:50:00,183.0,172.5949494289178,True
575,Stacking,2022-01-06 02:55:00,184.0,175.38180483478877,True
575,Stacking,2022-01-06 03:00:00,184.0,174.87571160308866,True
575,Stacking,2022-01-06 03:05:00,184.0,179.18568989123392,True
575,Stacking,2022-01-06 03:10:00,184.0,180.14600435340955,True
575,Stacking,2022-01-06 03:15:00,183.0,180.7301642393975,True
575,Stacking,2022-01-06 03:20:00,182.0,188.35776707572262,True
575,Stacking,2022-01-06 03:25:00,182.0,186.77822111608006,True
575,Stacking,2022-01-06 03:30:00,182.0,185.32502102163193,True
575,Stacking,2022-01-06 03:35:00,182.0,185.0316308474678,True
575,Stacking,2022-01-06 03:40:00,181.0,184.54793325323297,True
575,Stacking,2022-01-06 03:45:00,181.0,182.1941455271637,True
575,Stacking,2022-01-06 03:50:00,181.0,179.7085556009892,True
575,Stacking,2022-01-06 03:55:00,181.0,180.45119437386109,True
575,Stacking,2022-01-06 04:00:00,181.0,180.28956043635702,True
575,Stacking,2022-01-06 04:05:00,181.0,180.73776576346552,True
575,Stacking,2022-01-06 04:10:00,182.0,177.5290379954755,True
575,Stacking,2022-01-06 04:15:00,182.0,178.73244276152462,True
575,Stacking,2022-01-06 04:20:00,183.0,178.2589461753675,True
575,Stacking,2022-01-06 04:25:00,184.0,178.60883124360637,True
575,Stacking,2022-01-06 04:30:00,185.0,178.64353183708306,True
575,Stacking,2022-01-06 04:35:00,186.0,178.45543803428038,True
575,Stacking,2022-01-06 04:40:00,187.0,183.05548179800024,True
575,Stacking,2022-01-06 04:45:00,187.0,180.43484752168465,True
575,Stacking,2022-01-06 04:50:00,187.0,186.73152810627133,True
575,Stacking,2022-01-06 04:55:00,188.0,186.75120030949344,True
575,Stacking,2022-01-06 05:00:00,188.0,188.0702169856455,True
575,Stacking,2022-01-06 05:05:00,188.0,189.0921768992275,True
575,Stacking,2022-01-06 05:10:00,187.0,189.19219310953903,True
575,Stacking,2022-01-06 05:15:00,187.0,187.32540975151528,True
575,Stacking,2022-01-06 05:20:00,186.0,187.42384287900822,True
575,Stacking,2022-01-06 05:25:00,186.0,189.36568750091064,True
575,Stacking,2022-01-06 05:30:00,184.0,187.07036379972,True
575,Stacking,2022-01-06 05:35:00,184.0,187.28634123354593,True
575,Stacking,2022-01-06 05:40:00,185.0,184.853818031696,True
575,Stacking,2022-01-06 05:45:00,188.0,187.03394994725238,True
575,Stacking,2022-01-06 05:50:00,189.0,184.43020958440255,True
575,Stacking,2022-01-06 05:55:00,190.0,186.71932611602654,True
575,Stacking,2022-01-06 06:00:00,190.0,181.22254605976954,True
575,Stacking,2022-01-06 06:05:00,191.0,184.39529577067452,True
575,Stacking,2022-01-06 06:10:00,193.0,186.654471509573,True
575,Stacking,2022-01-06 06:15:00,194.0,192.1360452489945,True
575,Stacking,2022-01-06 06:20:00,195.0,188.149556504749,True
575,Stacking,2022-01-06 06:25:00,197.0,193.76808935423088,True
575,Stacking,2022-01-06 06:30:00,199.0,190.6113101506555,True
575,Stacking,2022-01-06 06:35:00,200.0,194.7709918879,True
575,Stacking,2022-01-06 06:40:00,202.0,196.41982719211387,True
575,Stacking,2022-01-06 06:45:00,202.0,195.85262597623247,True
575,Stacking,2022-01-06 06:50:00,203.0,198.02919882322425,True
575,Stacking,2022-01-06 06:55:00,204.0,202.03407926947426,True
575,Stacking,2022-01-06 07:00:00,204.0,203.79097810487508,True
575,Stacking,2022-01-06 07:05:00,204.0,204.1072645222043,True
575,Stacking,2022-01-06 07:10:00,204.0,207.76239970111348,True
575,Stacking,2022-01-06 07:15:00,204.0,203.73248710660337,True
575,Stacking,2022-01-06 07:20:00,204.0,206.36489628186308,True
575,Stacking,2022-01-06 07:25:00,204.0,205.55297409742604,True
575,Stacking,2022-01-06 07:30:00,204.0,203.76312907588462,True
575,Stacking,2022-01-06 07:40:00,270.0,203.40739687070965,True
575,Stacking,2022-01-06 07:45:00,272.0,203.53374972887326,True
575,Stacking,2022-01-06 07:50:00,267.0,203.5380438407512,True
575,Stacking,2022-01-06 07:55:00,265.0,206.39816471082653,True
575,Stacking,2022-01-06 08:00:00,267.0,206.39213935191043,True
575,Stacking,2022-01-06 08:05:00,268.0,194.88446675292258,False
575,Stacking,2022-01-06 08:10:00,268.0,253.69206080800302,True
575,Stacking,2022-01-06 08:15:00,267.0,259.6523472740926,True
575,Stacking,2022-01-06 08:20:00,266.0,239.83898975533648,True
575,Stacking,2022-01-06 08:25:00,274.0,250.64301303592586,True
575,Stacking,2022-01-06 08:30:00,273.0,259.99808967975105,True
575,Stacking,2022-01-06 08:35:00,269.0,258.71286888483905,True
575,Stacking,2022-01-06 08:40:00,261.0,257.6033752712826,True
575,Stacking,2022-01-06 08:45:00,256.0,256.51699051265825,True
575,Stacking,2022-01-06 08:50:00,249.0,254.55839374170415,True
575,Stacking,2022-01-06 08:55:00,244.0,277.9740770388206,True
575,Stacking,2022-01-06 09:00:00,242.0,259.0587689199636,True
575,Stacking,2022-01-06 09:05:00,239.0,251.04169836337758,True
575,Stacking,2022-01-06 09:10:00,235.0,232.97476801240362,True
575,Stacking,2022-01-06 09:15:00,230.0,230.8835673800112,True
575,Stacking,2022-01-06 09:20:00,223.0,220.47535688919723,True
575,Stacking,2022-01-06 09:25:00,216.0,219.13603614912364,True
575,Stacking,2022-01-06 09:30:00,209.0,222.6390000420665,True
575,Stacking,2022-01-06 09:35:00,203.0,216.093414629415,True
575,Stacking,2022-01-06 09:40:00,193.0,213.28778163228154,True
575,Stacking,2022-01-06 09:45:00,182.0,203.5693522564584,True
575,Stacking,2022-01-06 09:50:00,171.0,191.5174801072539,True
575,Stacking,2022-01-06 09:55:00,162.0,187.2057434112646,True
575,Stacking,2022-01-06 10:00:00,155.0,180.49314410325135,True
575,Stacking,2022-01-06 10:05:00,150.0,177.66680327266445,True
575,Stacking,2022-01-06 10:10:00,146.0,161.62015718099616,True
575,Stacking,2022-01-06 10:15:00,143.0,149.6128126378056,True
575,Stacking,2022-01-06 10:20:00,139.0,135.06308330853017,True
575,Stacking,2022-01-06 10:25:00,135.0,130.62703969514214,True
575,Stacking,2022-01-06 10:30:00,130.0,128.9374715910452,True
575,Stacking,2022-01-06 10:35:00,125.0,130.51938596504937,True
575,Stacking,2022-01-06 10:40:00,121.0,129.67024896989835,True
575,Stacking,2022-01-06 10:45:00,116.0,129.28564196185957,True
575,Stacking,2022-01-06 10:50:00,109.0,125.7867047813449,True
575,Stacking,2022-01-06 10:55:00,105.0,120.69364998080796,True
575,Stacking,2022-01-06 11:00:00,100.0,110.98773949083777,True
575,Stacking,2022-01-06 11:05:00,95.0,107.57034001413585,True
575,Stacking,2022-01-06 11:10:00,90.0,106.78615516309372,True
575,Stacking,2022-01-06 11:15:00,86.0,100.01730820040757,True
575,Stacking,2022-01-06 11:20:00,81.0,94.18849149866396,True
575,Stacking,2022-01-06 11:25:00,77.0,94.50925160585334,True
575,Stacking,2022-01-06 11:30:00,72.0,89.70079789660065,True
575,Stacking,2022-01-06 11:35:00,67.0,86.576024992244,True
575,Stacking,2022-01-06 11:40:00,61.0,85.42458775458941,True
575,Stacking,2022-01-06 11:45:00,58.0,82.6415191745571,True
575,Stacking,2022-01-06 11:50:00,54.0,79.92625229638438,True
575,Stacking,2022-01-06 11:55:00,51.0,79.69875159779382,True
575,Stacking,2022-01-06 12:00:00,49.0,78.35087450105426,True
575,Stacking,2022-01-06 12:05:00,48.0,76.40661039364208,True
575,Stacking,2022-01-06 12:10:00,48.0,72.78723799139834,True
575,Stacking,2022-01-06 12:15:00,48.0,74.22534289531558,True
575,Stacking,2022-01-06 12:20:00,50.0,69.49475038644027,True
575,Stacking,2022-01-06 12:25:00,57.0,70.14560185674667,True
575,Stacking,2022-01-06 12:30:00,65.0,67.82006246484087,True
575,Stacking,2022-01-06 12:35:00,69.0,67.0625323314027,True
575,Stacking,2022-01-06 12:40:00,75.0,67.95541164248678,True
575,Stacking,2022-01-06 12:45:00,80.0,68.2238049474666,True
575,Stacking,2022-01-06 12:50:00,91.0,81.86941559947171,True
575,Stacking,2022-01-06 12:55:00,106.0,101.49122281007712,True
575,Stacking,2022-01-06 13:00:00,117.0,116.56785768901102,True
575,Stacking,2022-01-06 13:05:00,127.0,121.84869105285357,True
575,Stacking,2022-01-06 13:10:00,134.0,124.70258333652713,True
575,Stacking,2022-01-06 13:15:00,139.0,123.1178458911447,True
575,Stacking,2022-01-06 13:20:00,146.0,139.82254476643436,True
575,Stacking,2022-01-06 13:25:00,153.0,153.53507834442703,True
575,Stacking,2022-01-06 13:30:00,153.0,149.34546392594336,True
575,Stacking,2022-01-06 13:35:00,150.0,155.78804020577005,True
575,Stacking,2022-01-06 13:40:00,145.0,154.55942633672566,True
575,Stacking,2022-01-06 13:45:00,139.0,151.09091981117044,True
575,Stacking,2022-01-06 13:50:00,132.0,166.1388525296465,True
575,Stacking,2022-01-06 13:55:00,126.0,169.6638540797676,True
575,Stacking,2022-01-06 14:00:00,121.0,151.62640740023127,True
575,Stacking,2022-01-06 14:05:00,118.0,141.69387046562466,True
575,Stacking,2022-01-06 14:10:00,116.0,133.02740394573965,True
575,Stacking,2022-01-06 14:15:00,117.0,125.23898249671207,True
575,Stacking,2022-01-06 14:20:00,116.0,113.83275019628645,True
575,Stacking,2022-01-06 14:25:00,115.0,110.87734347138428,True
575,Stacking,2022-01-06 14:30:00,116.0,106.12586778358339,True
575,Stacking,2022-01-06 14:35:00,118.0,110.4561565364733,True
575,Stacking,2022-01-06 14:40:00,121.0,110.40825661170915,True
575,Stacking,2022-01-06 14:45:00,125.0,117.82811263638055,True
575,Stacking,2022-01-06 14:50:00,129.0,112.95189006749757,True
575,Stacking,2022-01-06 14:55:00,134.0,113.51746221576016,True
575,Stacking,2022-01-06 15:00:00,138.0,116.5071635683944,True
575,Stacking,2022-01-06 15:05:00,138.0,121.37335392976064,True
575,Stacking,2022-01-06 15:10:00,138.0,129.21003783456294,True
575,Stacking,2022-01-06 15:15:00,136.0,135.68665645463548,True
575,Stacking,2022-01-06 15:20:00,136.0,141.77423157242382,True
575,Stacking,2022-01-06 15:25:00,136.0,148.10764688280273,True
575,Stacking,2022-01-06 15:30:00,135.0,148.1755865043411,True
575,Stacking,2022-01-06 15:35:00,135.0,140.52910665004924,True
575,Stacking,2022-01-06 15:40:00,134.0,140.85371170468474,True
575,Stacking,2022-01-06 15:45:00,133.0,136.05180324368067,True
575,Stacking,2022-01-06 15:50:00,133.0,138.98911675610248,True
575,Stacking,2022-01-06 15:55:00,132.0,138.2822448581188,True
575,Stacking,2022-01-06 16:00:00,132.0,133.76362670672276,True
575,Stacking,2022-01-06 16:05:00,132.0,135.87086051817926,True
575,Stacking,2022-01-06 16:10:00,133.0,131.89764070673485,True
575,Stacking,2022-01-06 16:15:00,133.0,131.7059439099484,True
575,Stacking,2022-01-06 16:20:00,131.0,133.00027454617228,True
575,Stacking,2022-01-06 16:25:00,132.0,128.36130950743436,True
575,Stacking,2022-01-06 16:30:00,133.0,132.00801797955015,True
575,Stacking,2022-01-06 16:35:00,134.0,130.6726677613935,True
575,Stacking,2022-01-06 16:40:00,134.0,137.11711693644742,True
575,Stacking,2022-01-06 16:45:00,134.0,134.4835273268331,True
575,Stacking,2022-01-06 16:50:00,135.0,128.11777152871528,True
575,Stacking,2022-01-06 16:55:00,134.0,135.64340714222666,True
575,Stacking,2022-01-06 17:00:00,135.0,136.127303873946,True
575,Stacking,2022-01-06 17:05:00,137.0,138.566595685762,True
575,Stacking,2022-01-06 17:10:00,137.0,136.26645100634917,True
575,Stacking,2022-01-06 17:15:00,138.0,136.4558040265286,True
575,Stacking,2022-01-06 17:20:00,139.0,139.4630818952034,True
575,Stacking,2022-01-06 17:25:00,140.0,133.5546988099674,True
575,Stacking,2022-01-06 17:30:00,140.0,139.9545960777983,True
575,Stacking,2022-01-06 17:35:00,140.0,144.22885577191278,True
575,Stacking,2022-01-06 17:40:00,139.0,139.30195952337039,True
575,Stacking,2022-01-06 17:45:00,139.0,142.43614936754088,True
575,Stacking,2022-01-06 17:50:00,140.0,143.68472359923834,True
575,Stacking,2022-01-06 17:55:00,140.0,144.110392290464,True
575,Stacking,2022-01-06 18:00:00,140.0,141.27421423953564,True
575,Stacking,2022-01-06 18:05:00,140.0,141.32237968903516,True
575,Stacking,2022-01-06 18:10:00,140.0,139.70742124493867,True
575,Stacking,2022-01-06 18:15:00,140.0,140.82812425930317,True
575,Stacking,2022-01-06 18:20:00,140.0,143.61212159060645,True
575,Stacking,2022-01-06 18:25:00,141.0,140.46605617594787,True
575,Stacking,2022-01-06 18:30:00,142.0,140.87505486367596,True
575,Stacking,2022-01-06 18:35:00,143.0,140.978789399379,True
575,Stacking,2022-01-06 18:40:00,144.0,140.90809918995495,True
575,Stacking,2022-01-06 18:45:00,145.0,140.69224559699046,True
575,Stacking,2022-01-06 18:50:00,144.0,140.55126839317174,True
575,Stacking,2022-01-06 18:55:00,144.0,145.04316428154894,True
575,Stacking,2022-01-06 19:00:00,146.0,145.32723961757137,True
575,Stacking,2022-01-06 19:05:00,146.0,147.17142811568092,True
575,Stacking,2022-01-06 19:10:00,146.0,150.0318995345728,True
575,Stacking,2022-01-06 19:15:00,146.0,150.57523020133343,True
575,Stacking,2022-01-06 19:20:00,145.0,145.30921923165877,True
575,Stacking,2022-01-06 19:25:00,143.0,146.96887747083417,True
575,Stacking,2022-01-06 19:30:00,142.0,151.87337615292,True
575,Stacking,2022-01-06 19:35:00,133.0,147.8314026005544,True
575,Stacking,2022-01-06 19:40:00,134.0,149.096127983512,True
575,Stacking,2022-01-06 19:45:00,132.0,148.53926418471812,True
575,Stacking,2022-01-06 19:50:00,131.0,145.48696936809282,True
575,Stacking,2022-01-06 19:55:00,132.0,141.80511637021186,True
575,Stacking,2022-01-06 20:00:00,131.0,140.25526167029162,True
575,Stacking,2022-01-06 20:05:00,130.0,123.92607069567768,True
575,Stacking,2022-01-06 20:10:00,128.0,137.54753724499056,True
575,Stacking,2022-01-06 20:15:00,127.0,126.57621282156984,True
575,Stacking,2022-01-06 20:20:00,124.0,127.8547400363023,True
575,Stacking,2022-01-06 20:25:00,124.0,133.9810449641192,True
575,Stacking,2022-01-06 20:30:00,123.0,126.29096246041377,True
575,Stacking,2022-01-06 20:35:00,125.0,127.79764368017041,True
575,Stacking,2022-01-06 20:40:00,127.0,124.04462289215995,True
575,Stacking,2022-01-06 20:45:00,129.0,123.91128356196538,True
575,Stacking,2022-01-06 20:50:00,130.0,132.176461578398,True
575,Stacking,2022-01-06 20:55:00,133.0,140.66208361268968,True
575,Stacking,2022-01-06 21:00:00,139.0,136.88814314978904,True
575,Stacking,2022-01-06 21:05:00,141.0,144.41024237521748,True
575,Stacking,2022-01-06 21:10:00,142.0,145.66020301785056,True
575,Stacking,2022-01-06 21:15:00,142.0,145.23528562448897,True
575,Stacking,2022-01-06 21:20:00,143.0,140.69104651313637,True
575,Stacking,2022-01-06 21:25:00,142.0,148.20589545825243,True
575,Stacking,2022-01-06 21:30:00,142.0,156.83307641516495,True
575,Stacking,2022-01-06 21:35:00,144.0,149.68769238199286,True
575,Stacking,2022-01-06 21:40:00,145.0,147.95682982322853,True
575,Stacking,2022-01-06 21:45:00,147.0,144.2880614255164,True
575,Stacking,2022-01-06 21:50:00,151.0,146.68467579925058,True
575,Stacking,2022-01-06 21:55:00,153.0,138.97693313746058,True
575,Stacking,2022-01-06 22:00:00,154.0,141.19864904921113,True
575,Stacking,2022-01-06 22:05:00,160.0,149.63903575447426,True
575,Stacking,2022-01-06 22:10:00,165.0,147.27312437863284,True
575,Stacking,2022-01-06 22:15:00,171.0,152.84987316643878,True
575,Stacking,2022-01-06 22:20:00,180.0,160.68426294622606,True
575,Stacking,2022-01-06 22:25:00,187.0,157.19892050539084,True
575,Stacking,2022-01-06 22:30:00,192.0,156.00814589621,True
575,Stacking,2022-01-06 22:35:00,196.0,174.00548717047454,True
575,Stacking,2022-01-06 22:40:00,199.0,177.84131591896306,True
575,Stacking,2022-01-06 22:45:00,201.0,184.66277050153522,True
575,Stacking,2022-01-06 22:50:00,197.0,202.81144518833494,True
575,Stacking,2022-01-06 22:55:00,188.0,203.78172019135908,True
575,Stacking,2022-01-06 23:00:00,178.0,203.17280418004958,True
575,Stacking,2022-01-06 23:05:00,167.0,207.1896179046189,True
575,Stacking,2022-01-06 23:10:00,154.0,209.0379949412231,True
575,Stacking,2022-01-06 23:15:00,143.0,208.45411000837913,True
575,Stacking,2022-01-06 23:20:00,134.0,192.08242905435958,True
575,Stacking,2022-01-06 23:25:00,123.0,176.6550728096988,True
575,Stacking,2022-01-06 23:30:00,112.0,158.44058164849528,True
575,Stacking,2022-01-06 23:35:00,106.0,143.61736967425975,True
575,Stacking,2022-01-06 23:40:00,101.0,127.38599674713726,True
575,Stacking,2022-01-06 23:45:00,99.0,119.59477933841477,True
575,Stacking,2022-01-06 23:50:00,101.0,112.39193030697841,True
575,Stacking,2022-01-06 23:55:00,103.0,99.81777246474074,True
575,Stacking,2022-01-07 00:00:00,102.0,94.66768662311476,True
575,Stacking,2022-01-07 00:05:00,105.0,93.20860961155377,True
575,Stacking,2022-01-07 00:10:00,112.0,90.70241484064233,True
575,Stacking,2022-01-07 00:15:00,119.0,93.18762204938629,True
575,Stacking,2022-01-07 00:20:00,125.0,105.37811194247072,True
575,Stacking,2022-01-07 00:25:00,130.0,110.46514661015635,True
575,Stacking,2022-01-07 00:30:00,136.0,100.07757418207491,True
575,Stacking,2022-01-07 00:35:00,142.0,114.68107155617325,True
575,Stacking,2022-01-07 00:40:00,148.0,126.35287154597106,True
575,Stacking,2022-01-07 00:45:00,154.0,134.24724596543558,True
575,Stacking,2022-01-07 00:50:00,159.0,139.67828647605253,True
575,Stacking,2022-01-07 00:55:00,164.0,141.56281034872902,True
575,Stacking,2022-01-07 01:00:00,167.0,151.43135573838924,True
575,Stacking,2022-01-07 01:05:00,169.0,156.24240886825402,True
575,Stacking,2022-01-07 01:10:00,170.0,163.26137215923532,True
575,Stacking,2022-01-07 01:15:00,170.0,168.5753513160715,True
575,Stacking,2022-01-07 01:20:00,168.0,174.04354315252908,True
575,Stacking,2022-01-07 01:25:00,166.0,179.71720902329707,True
575,Stacking,2022-01-07 01:30:00,162.0,175.60607783069412,True
575,Stacking,2022-01-07 01:35:00,156.0,175.9917485482307,True
575,Stacking,2022-01-07 01:40:00,151.0,175.12608375876889,True
575,Stacking,2022-01-07 01:45:00,148.0,173.40547563906568,True
575,Stacking,2022-01-07 01:50:00,145.0,166.61596737674685,True
575,Stacking,2022-01-07 01:55:00,143.0,164.5722813864368,True
575,Stacking,2022-01-07 02:00:00,139.0,156.85142033139257,True
575,Stacking,2022-01-07 02:05:00,135.0,147.24229369321776,True
575,Stacking,2022-01-07 02:10:00,132.0,144.30899322387575,True
575,Stacking,2022-01-07 02:15:00,130.0,144.25712371957457,True
575,Stacking,2022-01-07 02:20:00,128.0,140.52107455640706,True
575,Stacking,2022-01-07 02:25:00,125.0,137.92057724794688,True
575,Stacking,2022-01-07 02:30:00,123.0,133.24710852605045,True
575,Stacking,2022-01-07 02:35:00,119.0,126.03217988919965,True
575,Stacking,2022-01-07 02:40:00,116.0,122.14230621348548,True
575,Stacking,2022-01-07 02:45:00,115.0,121.01233945823587,True
575,Stacking,2022-01-07 02:50:00,115.0,119.91969810405513,True
575,Stacking,2022-01-07 02:55:00,115.0,115.12964496117881,True
575,Stacking,2022-01-07 03:00:00,117.0,115.71959138133442,True
575,Stacking,2022-01-07 03:05:00,118.0,108.91429853463762,True
575,Stacking,2022-01-07 03:10:00,118.0,108.38530093985341,True
575,Stacking,2022-01-07 03:15:00,118.0,111.09565489810635,True
575,Stacking,2022-01-07 03:20:00,118.0,112.6079105650658,True
575,Stacking,2022-01-07 03:25:00,119.0,113.2944166018983,True
575,Stacking,2022-01-07 03:30:00,120.0,120.6078445616131,True
575,Stacking,2022-01-07 03:35:00,121.0,119.49807391261565,True
575,Stacking,2022-01-07 03:40:00,121.0,119.98210384286035,True
575,Stacking,2022-01-07 03:45:00,122.0,120.2158577562254,True
575,Stacking,2022-01-07 03:50:00,122.0,119.84450078454016,True
575,Stacking,2022-01-07 03:55:00,123.0,121.87920879042402,True
575,Stacking,2022-01-07 04:00:00,124.0,122.62183936428414,True
575,Stacking,2022-01-07 04:05:00,123.0,124.71181744870593,True
575,Stacking,2022-01-07 04:10:00,123.0,124.51370647527922,True
575,Stacking,2022-01-07 04:15:00,123.0,125.73082980707905,True
575,Stacking,2022-01-07 04:20:00,124.0,124.73132069294986,True
575,Stacking,2022-01-07 04:25:00,123.0,127.34249840186783,True
575,Stacking,2022-01-07 04:30:00,122.0,128.0957789327738,True
575,Stacking,2022-01-07 04:35:00,120.0,123.45370597457736,True
575,Stacking,2022-01-07 04:40:00,119.0,126.16702323388995,True
575,Stacking,2022-01-07 04:45:00,118.0,125.51535992518372,True
575,Stacking,2022-01-07 04:50:00,117.0,127.42532856931831,True
575,Stacking,2022-01-07 04:55:00,117.0,122.83626931165155,True
575,Stacking,2022-01-07 05:00:00,116.0,121.02056943656525,True
575,Stacking,2022-01-07 05:05:00,115.0,116.54835949888441,True
575,Stacking,2022-01-07 05:10:00,114.0,116.88665793509465,True
575,Stacking,2022-01-07 05:15:00,113.0,115.78151675973807,True
575,Stacking,2022-01-07 05:20:00,112.0,114.66829517779345,True
575,Stacking,2022-01-07 05:25:00,112.0,116.70304751792509,True
575,Stacking,2022-01-07 05:30:00,111.0,113.59249288921443,True
575,Stacking,2022-01-07 05:35:00,112.0,113.24606543720567,True
575,Stacking,2022-01-07 05:40:00,112.0,111.26734629755448,True
575,Stacking,2022-01-07 05:45:00,113.0,109.69289264670971,True
575,Stacking,2022-01-07 05:50:00,114.0,108.28290600447109,True
575,Stacking,2022-01-07 05:55:00,115.0,111.29731305667184,True
575,Stacking,2022-01-07 06:00:00,116.0,107.9225884916667,True
575,Stacking,2022-01-07 06:05:00,119.0,114.63000415021867,True
575,Stacking,2022-01-07 06:10:00,121.0,112.5149031506704,True
575,Stacking,2022-01-07 06:15:00,123.0,116.52942150591285,True
575,Stacking,2022-01-07 06:20:00,126.0,117.23367141122979,True
575,Stacking,2022-01-07 06:25:00,129.0,118.5061420035681,True
575,Stacking,2022-01-07 06:30:00,131.0,120.22038320418518,True
575,Stacking,2022-01-07 06:35:00,133.0,127.54961462737654,True
575,Stacking,2022-01-07 06:40:00,136.0,128.42822458916902,True
575,Stacking,2022-01-07 06:45:00,136.0,130.77566967116968,True
575,Stacking,2022-01-07 06:50:00,134.0,138.71252349824627,True
575,Stacking,2022-01-07 06:55:00,139.0,154.9198438794253,True
575,Stacking,2022-01-07 07:00:00,147.0,150.76402170015118,True
575,Stacking,2022-01-07 07:05:00,154.0,153.74509554485624,True
575,Stacking,2022-01-07 07:10:00,160.0,156.66200221162597,True
575,Stacking,2022-01-07 07:15:00,168.0,147.70269925716406,True
575,Stacking,2022-01-07 07:20:00,173.0,139.75324215482064,True
575,Stacking,2022-01-07 07:25:00,178.0,157.33090986725608,True
575,Stacking,2022-01-07 07:30:00,182.0,169.5651744014756,True
575,Stacking,2022-01-07 07:35:00,181.0,172.61825702193332,True
575,Stacking,2022-01-07 07:40:00,180.0,173.9615039524992,True
575,Stacking,2022-01-07 07:45:00,182.0,188.77374701367003,True
575,Stacking,2022-01-07 07:50:00,186.0,184.1413211278257,True
575,Stacking,2022-01-07 07:55:00,188.0,189.5502974466722,True
575,Stacking,2022-01-07 08:00:00,190.0,188.5574644568727,True
575,Stacking,2022-01-07 08:05:00,192.0,173.4608798289519,True
575,Stacking,2022-01-07 08:10:00,192.0,173.66085607421067,True
575,Stacking,2022-01-07 08:15:00,191.0,184.24379079695274,True
575,Stacking,2022-01-07 08:20:00,190.0,191.9602898542116,True
575,Stacking,2022-01-07 08:25:00,188.0,190.29001521624332,True
575,Stacking,2022-01-07 08:30:00,183.0,195.69146816048007,True
575,Stacking,2022-01-07 08:35:00,178.0,197.2943591160946,True
575,Stacking,2022-01-07 08:40:00,173.0,192.33752097520573,True
575,Stacking,2022-01-07 08:45:00,167.0,189.67441543587927,True
575,Stacking,2022-01-07 08:50:00,160.0,186.7126203992305,True
575,Stacking,2022-01-07 08:55:00,154.0,179.19366817708914,True
575,Stacking,2022-01-07 09:00:00,148.0,170.97843635546732,True
575,Stacking,2022-01-07 09:05:00,144.0,163.73370036557918,True
575,Stacking,2022-01-07 09:10:00,139.0,158.4141749674678,True
575,Stacking,2022-01-07 09:15:00,136.0,148.7768554391047,True
575,Stacking,2022-01-07 09:20:00,131.0,135.82232255542385,True
575,Stacking,2022-01-07 09:25:00,127.0,132.7367067546201,True
575,Stacking,2022-01-07 09:30:00,122.0,128.6513234246944,True
575,Stacking,2022-01-07 09:35:00,116.0,131.69610523631712,True
575,Stacking,2022-01-07 09:40:00,111.0,124.37397897297964,True
575,Stacking,2022-01-07 09:45:00,107.0,126.11154893821075,True
575,Stacking,2022-01-07 09:50:00,103.0,112.26783714017392,True
575,Stacking,2022-01-07 09:55:00,100.0,113.06801996261306,True
575,Stacking,2022-01-07 10:00:00,100.0,104.74596418616129,True
575,Stacking,2022-01-07 10:05:00,100.0,100.78014105594087,True
575,Stacking,2022-01-07 10:10:00,98.0,97.01436670272012,True
575,Stacking,2022-01-07 10:15:00,95.0,96.31617069317127,True
575,Stacking,2022-01-07 10:20:00,90.0,93.80915828229126,True
575,Stacking,2022-01-07 10:25:00,88.0,92.63133386503699,True
575,Stacking,2022-01-07 10:30:00,86.0,100.5779871468467,True
575,Stacking,2022-01-07 10:35:00,83.0,100.13073484042725,True
575,Stacking,2022-01-07 10:40:00,80.0,94.54955799716147,True
575,Stacking,2022-01-07 10:45:00,77.0,90.96680316202504,True
575,Stacking,2022-01-07 10:50:00,75.0,87.2717145319524,True
575,Stacking,2022-01-07 10:55:00,71.0,88.3114257071584,True
575,Stacking,2022-01-07 11:00:00,70.0,85.14641348551879,True
575,Stacking,2022-01-07 11:05:00,66.0,83.43604700982438,True
575,Stacking,2022-01-07 11:10:00,64.0,81.30439989044598,True
575,Stacking,2022-01-07 11:15:00,63.0,80.69354086829753,True
575,Stacking,2022-01-07 11:20:00,61.0,81.08784335396271,True
575,Stacking,2022-01-07 11:25:00,61.0,78.746777744842,True
575,Stacking,2022-01-07 11:30:00,61.0,80.03699331825918,True
575,Stacking,2022-01-07 11:35:00,61.0,76.78563022370491,True
575,Stacking,2022-01-07 11:40:00,61.0,77.41969131363102,True
575,Stacking,2022-01-07 11:45:00,61.0,76.90602304873195,True
575,Stacking,2022-01-07 11:50:00,61.0,73.83846530075392,True
575,Stacking,2022-01-07 11:55:00,61.0,76.29804415862176,True
575,Stacking,2022-01-07 13:20:00,95.0,159.63110436770904,False
575,Stacking,2022-01-07 13:25:00,96.0,162.321110359688,False
575,Stacking,2022-01-07 13:30:00,99.0,163.25591651860992,False
575,Stacking,2022-01-07 13:35:00,106.0,187.1727649091615,False
575,Stacking,2022-01-07 13:40:00,115.0,185.5457040012554,False
575,Stacking,2022-01-07 13:45:00,124.0,184.9958381629315,False
575,Stacking,2022-01-07 13:50:00,130.0,107.48280733233602,True
575,Stacking,2022-01-07 13:55:00,135.0,111.73157018147297,True
575,Stacking,2022-01-07 14:00:00,140.0,123.07897642814135,True
575,Stacking,2022-01-07 14:05:00,144.0,137.84746671374626,True
575,Stacking,2022-01-07 14:10:00,148.0,146.0518908154848,True
575,Stacking,2022-01-07 14:15:00,155.0,154.32407414573086,True
575,Stacking,2022-01-07 14:20:00,165.0,150.19412568209674,True
575,Stacking,2022-01-07 14:25:00,175.0,151.09178745680902,True
575,Stacking,2022-01-07 14:30:00,183.0,154.1429130508246,True
575,Stacking,2022-01-07 14:35:00,191.0,156.82891904943486,True
575,Stacking,2022-01-07 14:40:00,200.0,159.95977709921024,True
575,Stacking,2022-01-07 14:45:00,208.0,173.3690735988256,True
575,Stacking,2022-01-07 14:50:00,215.0,191.06248899650944,True
575,Stacking,2022-01-07 14:55:00,221.0,202.26037338464297,True
575,Stacking,2022-01-07 15:00:00,229.0,202.38880300343467,True
575,Stacking,2022-01-07 15:05:00,238.0,212.95965963447284,True
575,Stacking,2022-01-07 15:10:00,245.0,221.026092327327,True
575,Stacking,2022-01-07 15:15:00,252.0,222.23810652878993,True
575,Stacking,2022-01-07 15:20:00,256.0,226.83077956253388,True
575,Stacking,2022-01-07 15:25:00,256.0,232.51687875403312,True
575,Stacking,2022-01-07 15:30:00,255.0,243.5265350581197,True
575,Stacking,2022-01-07 15:35:00,251.0,255.30620961602847,True
575,Stacking,2022-01-07 15:40:00,247.0,257.4633112682891,True
575,Stacking,2022-01-07 15:45:00,247.0,265.97782427725383,True
575,Stacking,2022-01-07 15:50:00,245.0,262.6703692616085,True
575,Stacking,2022-01-07 15:55:00,243.0,254.3722843749017,True
575,Stacking,2022-01-07 16:00:00,243.0,252.02123877872455,True
575,Stacking,2022-01-07 16:05:00,243.0,240.50032481949395,True
575,Stacking,2022-01-07 16:10:00,242.0,234.29277715185813,True
575,Stacking,2022-01-07 16:15:00,240.0,239.7816836196742,True
575,Stacking,2022-01-07 16:20:00,238.0,233.09933897806113,True
575,Stacking,2022-01-07 16:25:00,237.0,232.85879244434693,True
575,Stacking,2022-01-07 16:30:00,237.0,236.99626055068245,True
575,Stacking,2022-01-07 16:35:00,236.0,235.8030072691965,True
575,Stacking,2022-01-07 16:40:00,233.0,235.63422084693912,True
575,Stacking,2022-01-07 16:45:00,231.0,230.0502541498302,True
575,Stacking,2022-01-07 16:50:00,229.0,229.6188952023633,True
575,Stacking,2022-01-07 16:55:00,228.0,230.27260832005956,True
575,Stacking,2022-01-07 17:00:00,226.0,230.79982006547084,True
575,Stacking,2022-01-07 17:05:00,225.0,230.2176605637718,True
575,Stacking,2022-01-07 17:10:00,224.0,223.02812194505717,True
575,Stacking,2022-01-07 17:15:00,222.0,220.4084571512213,True
575,Stacking,2022-01-07 17:20:00,221.0,217.51817741743568,True
575,Stacking,2022-01-07 17:25:00,221.0,221.13499122220819,True
575,Stacking,2022-01-07 17:30:00,220.0,213.70546149578752,True
575,Stacking,2022-01-07 17:35:00,219.0,219.03054761909692,True
575,Stacking,2022-01-07 17:40:00,218.0,215.76079973457095,True
575,Stacking,2022-01-07 17:45:00,218.0,211.3592939611378,True
575,Stacking,2022-01-07 17:50:00,216.0,215.80440228240064,True
575,Stacking,2022-01-07 17:55:00,214.0,217.2462754189387,True
575,Stacking,2022-01-07 18:00:00,214.0,216.69509718095716,True
575,Stacking,2022-01-07 18:05:00,213.0,215.82332516393305,True
575,Stacking,2022-01-07 18:10:00,212.0,215.85568891722997,True
575,Stacking,2022-01-07 18:15:00,212.0,217.19926409966587,True
575,Stacking,2022-01-07 18:20:00,211.0,209.25106318963316,True
575,Stacking,2022-01-07 18:25:00,212.0,207.80169177330058,True
575,Stacking,2022-01-07 18:30:00,211.0,212.33981595204395,True
575,Stacking,2022-01-07 18:35:00,211.0,210.01491866389398,True
575,Stacking,2022-01-07 18:40:00,211.0,210.21174056244027,True
575,Stacking,2022-01-07 18:45:00,210.0,212.141819529587,True
575,Stacking,2022-01-07 18:50:00,209.0,210.00476863144263,True
575,Stacking,2022-01-07 18:55:00,208.0,213.6481516915556,True
575,Stacking,2022-01-07 19:00:00,206.0,210.44410419720802,True
575,Stacking,2022-01-07 19:05:00,205.0,212.54629173644278,True
575,Stacking,2022-01-07 19:10:00,205.0,212.21791343262575,True
575,Stacking,2022-01-07 19:15:00,205.0,208.3869978308653,True
575,Stacking,2022-01-07 19:20:00,205.0,205.63600961566257,True
575,Stacking,2022-01-07 19:25:00,205.0,205.15839321977424,True
575,Stacking,2022-01-07 19:30:00,205.0,200.12793464581003,True
575,Stacking,2022-01-07 19:35:00,184.0,200.39945475555604,True
575,Stacking,2022-01-07 19:40:00,182.0,202.10389434291613,True
575,Stacking,2022-01-07 19:45:00,180.0,203.13871384005324,True
575,Stacking,2022-01-07 19:50:00,177.0,203.30829423941563,True
575,Stacking,2022-01-07 19:55:00,174.0,204.2312625107804,True
575,Stacking,2022-01-07 20:00:00,170.0,203.99446640940917,True
575,Stacking,2022-01-07 20:05:00,167.0,172.9336093086279,True
575,Stacking,2022-01-07 20:10:00,165.0,179.32245180942368,True
575,Stacking,2022-01-07 20:15:00,161.0,174.34873713261732,True
575,Stacking,2022-01-07 20:20:00,157.0,169.8423169413775,True
575,Stacking,2022-01-07 20:25:00,154.0,165.2446558106182,True
575,Stacking,2022-01-07 20:30:00,151.0,158.02175931396977,True
575,Stacking,2022-01-07 20:35:00,149.0,156.40018293729094,True
575,Stacking,2022-01-07 20:40:00,146.0,155.2762175049225,True
575,Stacking,2022-01-07 20:45:00,144.0,148.13186892269755,True
575,Stacking,2022-01-07 20:50:00,145.0,143.49034937965476,True
575,Stacking,2022-01-07 20:55:00,152.0,141.46793813270028,True
575,Stacking,2022-01-07 21:00:00,162.0,139.21972620818138,True
575,Stacking,2022-01-07 21:05:00,171.0,137.84037023425498,True
575,Stacking,2022-01-07 21:10:00,182.0,134.69995997551405,True
575,Stacking,2022-01-07 21:15:00,197.0,135.65597090997434,True
575,Stacking,2022-01-07 21:20:00,210.0,143.75677497227542,True
575,Stacking,2022-01-07 21:25:00,223.0,159.71478272113322,True
575,Stacking,2022-01-07 21:30:00,233.0,176.89982149903065,True
575,Stacking,2022-01-07 21:35:00,237.0,186.89697454125906,True
575,Stacking,2022-01-07 21:40:00,233.0,209.3846278645576,True
575,Stacking,2022-01-07 21:45:00,229.0,229.6405792412248,True
575,Stacking,2022-01-07 21:50:00,219.0,237.10790536045116,True
575,Stacking,2022-01-07 21:55:00,206.0,250.6094126383842,True
575,Stacking,2022-01-07 22:00:00,193.0,250.4511869499241,True
575,Stacking,2022-01-07 22:05:00,180.0,233.1088682483896,True
575,Stacking,2022-01-07 22:10:00,166.0,209.01214725158704,True
575,Stacking,2022-01-07 22:15:00,151.0,204.64686888567178,True
575,Stacking,2022-01-07 22:20:00,138.0,176.13870811715674,True
575,Stacking,2022-01-07 22:25:00,127.0,158.01144112794424,True
575,Stacking,2022-01-07 22:30:00,115.0,147.43562317042927,True
575,Stacking,2022-01-07 22:35:00,105.0,136.72106258838306,True
575,Stacking,2022-01-07 22:40:00,93.0,124.74386348886199,True
575,Stacking,2022-01-07 22:45:00,88.0,114.06978114518245,True
575,Stacking,2022-01-07 22:50:00,80.0,108.03096984885175,True
575,Stacking,2022-01-07 22:55:00,74.0,100.06852377909772,True
575,Stacking,2022-01-07 23:00:00,67.0,92.61040919795728,True
575,Stacking,2022-01-07 23:05:00,62.0,86.50136413363077,True
575,Stacking,2022-01-07 23:10:00,60.0,80.15898613647745,True
575,Stacking,2022-01-07 23:15:00,59.0,82.8612144821004,True
575,Stacking,2022-01-07 23:20:00,58.0,74.70993024963205,True
575,Stacking,2022-01-07 23:25:00,59.0,73.45176046991655,True
575,Stacking,2022-01-07 23:30:00,58.0,67.13473137158772,True
575,Stacking,2022-01-07 23:35:00,58.0,66.05042868673328,True
575,Stacking,2022-01-07 23:40:00,61.0,65.75619496782197,True
575,Stacking,2022-01-07 23:45:00,65.0,65.5097586242932,True
575,Stacking,2022-01-07 23:50:00,61.0,64.4991989250106,True
575,Stacking,2022-01-07 23:55:00,55.0,71.29379051133712,True
575,Stacking,2022-01-08 00:00:00,53.0,65.96745613467412,True
575,Stacking,2022-01-08 00:05:00,52.0,67.84923598885302,True
575,Stacking,2022-01-08 00:10:00,52.0,83.01845611877856,True
575,Stacking,2022-01-08 00:15:00,56.0,88.76058727495816,True
575,Stacking,2022-01-08 00:20:00,61.0,71.2358809033517,True
575,Stacking,2022-01-08 00:25:00,66.0,64.48151048484876,True
575,Stacking,2022-01-08 00:30:00,70.0,63.79813332146202,True
575,Stacking,2022-01-08 00:35:00,73.0,62.726786648374215,True
575,Stacking,2022-01-08 00:40:00,77.0,63.23946237737056,True
575,Stacking,2022-01-08 00:45:00,81.0,83.4087078030323,True
575,Stacking,2022-01-08 00:50:00,85.0,85.98181590005204,True
575,Stacking,2022-01-08 00:55:00,89.0,91.74156789487289,True
575,Stacking,2022-01-08 01:00:00,94.0,92.21167005993371,True
575,Stacking,2022-01-08 01:05:00,99.0,92.55336768223842,True
575,Stacking,2022-01-08 01:10:00,104.0,97.74473017186456,True
575,Stacking,2022-01-08 01:15:00,108.0,99.54114698833207,True
575,Stacking,2022-01-08 01:20:00,113.0,102.0363867753374,True
575,Stacking,2022-01-08 01:25:00,118.0,104.83572971567408,True
575,Stacking,2022-01-08 01:30:00,123.0,110.51084328951394,True
575,Stacking,2022-01-08 01:35:00,129.0,116.21789999030848,True
575,Stacking,2022-01-08 01:40:00,133.0,120.14380715616976,True
575,Stacking,2022-01-08 01:45:00,131.0,123.19105225361331,True
575,Stacking,2022-01-08 01:50:00,124.0,128.83294151514323,True
575,Stacking,2022-01-08 01:55:00,121.0,132.63928334535763,True
575,Stacking,2022-01-08 02:00:00,121.0,138.62285993587454,True
575,Stacking,2022-01-08 02:05:00,126.0,148.25758092671018,True
575,Stacking,2022-01-08 02:10:00,131.0,146.50707243639116,True
575,Stacking,2022-01-08 02:15:00,133.0,130.33719494018706,True
575,Stacking,2022-01-08 02:20:00,135.0,119.98136765705037,True
575,Stacking,2022-01-08 02:25:00,140.0,118.28993066689463,True
575,Stacking,2022-01-08 02:30:00,146.0,122.87650017850812,True
575,Stacking,2022-01-08 02:35:00,150.0,138.05670135192997,True
575,Stacking,2022-01-08 02:40:00,155.0,140.89329358821809,True
575,Stacking,2022-01-08 02:45:00,158.0,140.3092278552943,True
575,Stacking,2022-01-08 02:50:00,159.0,142.97725849629236,True
575,Stacking,2022-01-08 02:55:00,162.0,152.48134052832864,True
575,Stacking,2022-01-08 03:00:00,164.0,160.9091958911333,True
575,Stacking,2022-01-08 03:05:00,166.0,161.72260823764415,True
575,Stacking,2022-01-08 03:10:00,168.0,169.96455339496111,True
575,Stacking,2022-01-08 03:15:00,170.0,167.3102416224603,True
575,Stacking,2022-01-08 03:20:00,172.0,163.72703671419893,True
575,Stacking,2022-01-08 03:25:00,174.0,170.44124052266005,True
575,Stacking,2022-01-08 03:30:00,176.0,169.43298901221715,True
575,Stacking,2022-01-08 03:35:00,177.0,172.48165217790108,True
575,Stacking,2022-01-08 03:40:00,178.0,174.59842432952937,True
575,Stacking,2022-01-08 03:45:00,179.0,176.6952981470163,True
575,Stacking,2022-01-08 03:50:00,179.0,177.03835150130016,True
575,Stacking,2022-01-08 03:55:00,178.0,181.8450631895957,True
575,Stacking,2022-01-08 04:00:00,177.0,182.6308041937407,True
575,Stacking,2022-01-08 04:05:00,175.0,180.01858754182194,True
575,Stacking,2022-01-08 04:10:00,173.0,181.18165747307808,True
575,Stacking,2022-01-08 04:15:00,171.0,181.36092574014404,True
575,Stacking,2022-01-08 04:20:00,172.0,178.52254769897638,True
575,Stacking,2022-01-08 04:25:00,171.0,176.04920729146866,True
575,Stacking,2022-01-08 04:30:00,172.0,174.86534590750244,True
575,Stacking,2022-01-08 04:35:00,175.0,171.74022239634115,True
575,Stacking,2022-01-08 04:40:00,177.0,169.1155777150854,True
575,Stacking,2022-01-08 04:45:00,177.0,166.05947202831564,True
575,Stacking,2022-01-08 04:50:00,176.0,172.0118668031528,True
575,Stacking,2022-01-08 04:55:00,178.0,167.26222094715519,True
575,Stacking,2022-01-08 05:00:00,179.0,172.17521865901,True
575,Stacking,2022-01-08 05:05:00,182.0,180.0675340951487,True
575,Stacking,2022-01-08 05:10:00,185.0,180.1789661246703,True
575,Stacking,2022-01-08 05:15:00,188.0,176.09522917096803,True
575,Stacking,2022-01-08 05:20:00,190.0,174.3797354444812,True
575,Stacking,2022-01-08 05:25:00,194.0,181.70595184307686,True
575,Stacking,2022-01-08 05:30:00,197.0,179.35965283019016,True
575,Stacking,2022-01-08 05:35:00,200.0,189.87145726161347,True
575,Stacking,2022-01-08 05:40:00,204.0,193.46339691127602,True
575,Stacking,2022-01-08 05:45:00,207.0,195.85284503999705,True
575,Stacking,2022-01-08 05:50:00,213.0,196.16486099792039,True
575,Stacking,2022-01-08 05:55:00,219.0,202.85304921341202,True
575,Stacking,2022-01-08 06:00:00,226.0,206.7838862448732,True
575,Stacking,2022-01-08 06:05:00,230.0,210.15398900647324,True
575,Stacking,2022-01-08 06:10:00,231.0,214.74548353675843,True
575,Stacking,2022-01-08 06:15:00,233.0,215.44406763381315,True
575,Stacking,2022-01-08 06:20:00,233.0,227.7963774992856,True
575,Stacking,2022-01-08 06:25:00,233.0,233.99520468082227,True
575,Stacking,2022-01-08 06:30:00,233.0,240.9461641602719,True
575,Stacking,2022-01-08 06:35:00,232.0,238.41983089522006,True
575,Stacking,2022-01-08 06:40:00,232.0,234.35661729578723,True
575,Stacking,2022-01-08 06:45:00,231.0,237.69356112529545,True
575,Stacking,2022-01-08 06:50:00,231.0,233.48774321105935,True
575,Stacking,2022-01-08 06:55:00,230.0,234.13838070103657,True
575,Stacking,2022-01-08 07:00:00,229.0,232.65035254931612,True
575,Stacking,2022-01-08 07:05:00,228.0,230.99402502378055,True
575,Stacking,2022-01-08 07:10:00,227.0,231.5889567640599,True
575,Stacking,2022-01-08 07:15:00,227.0,229.14273129731885,True
575,Stacking,2022-01-08 07:20:00,226.0,229.98258638978652,True
575,Stacking,2022-01-08 07:25:00,226.0,228.12295901206198,True
575,Stacking,2022-01-08 07:30:00,226.0,227.60585048933234,True
575,Stacking,2022-01-08 07:35:00,226.0,225.9784805676119,True
575,Stacking,2022-01-08 07:40:00,226.0,225.66517286529503,True
575,Stacking,2022-01-08 07:45:00,226.0,226.7835006484866,True
575,Stacking,2022-01-08 07:50:00,226.0,224.32987345038197,True
575,Stacking,2022-01-08 07:55:00,226.0,225.57934771242634,True
575,Stacking,2022-01-08 08:10:00,280.0,226.5808282240151,True
575,Stacking,2022-01-08 08:15:00,277.0,226.4275958368074,True
575,Stacking,2022-01-08 08:20:00,273.0,226.51643002116737,True
575,Stacking,2022-01-08 08:25:00,267.0,228.50661438179023,True
575,Stacking,2022-01-08 08:30:00,262.0,197.8023441020298,False
575,Stacking,2022-01-08 08:35:00,256.0,196.74855494592265,False
575,Stacking,2022-01-08 08:40:00,250.0,262.5887646373634,True
575,Stacking,2022-01-08 08:45:00,244.0,255.11197593636132,True
575,Stacking,2022-01-08 08:50:00,238.0,247.0843430546404,True
575,Stacking,2022-01-08 08:55:00,232.0,238.17598150152418,True
575,Stacking,2022-01-08 09:00:00,227.0,233.70490305505504,True
575,Stacking,2022-01-08 09:05:00,221.0,226.9876221578452,True
575,Stacking,2022-01-08 09:10:00,216.0,223.4729935931672,True
575,Stacking,2022-01-08 09:15:00,211.0,216.37710398283576,True
575,Stacking,2022-01-08 09:20:00,211.0,207.96050555540424,True
575,Stacking,2022-01-08 09:25:00,211.0,203.06570444329824,True
575,Stacking,2022-01-08 09:30:00,211.0,201.30307961712379,True
575,Stacking,2022-01-08 09:35:00,211.0,192.92750508634194,True
575,Stacking,2022-01-08 09:40:00,211.0,190.3857355979272,True
575,Stacking,2022-01-08 09:45:00,211.0,187.23802356258847,True
575,Stacking,2022-01-08 09:50:00,211.0,200.4573878889068,True
575,Stacking,2022-01-08 13:35:00,186.0,163.37336306267943,False
575,Stacking,2022-01-08 13:40:00,183.0,163.6100561420892,False
575,Stacking,2022-01-08 13:45:00,180.0,163.6106005338784,False
575,Stacking,2022-01-08 13:50:00,174.0,163.61111710206936,False
575,Stacking,2022-01-08 13:55:00,168.0,163.6116056008036,False
575,Stacking,2022-01-08 14:00:00,161.0,163.61206579758226,False
575,Stacking,2022-01-08 14:05:00,155.0,185.53373652586487,True
575,Stacking,2022-01-08 14:10:00,152.0,179.51147798532662,True
575,Stacking,2022-01-08 14:15:00,150.0,174.890089775981,True
575,Stacking,2022-01-08 14:20:00,148.0,165.24946994591735,True
575,Stacking,2022-01-08 14:25:00,143.0,158.80871988249714,True
575,Stacking,2022-01-08 14:30:00,139.0,148.70437136932986,True
575,Stacking,2022-01-08 14:35:00,134.0,142.70332684335537,True
575,Stacking,2022-01-08 14:40:00,132.0,144.85452938822164,True
575,Stacking,2022-01-08 14:45:00,132.0,145.05209847789675,True
575,Stacking,2022-01-08 14:50:00,131.0,142.93137484232298,True
575,Stacking,2022-01-08 14:55:00,130.0,133.64889401587936,True
575,Stacking,2022-01-08 15:00:00,129.0,132.90246181199126,True
575,Stacking,2022-01-08 15:05:00,128.0,121.59580182758363,True
575,Stacking,2022-01-08 15:10:00,124.0,123.7943948269065,True
575,Stacking,2022-01-08 15:15:00,117.0,127.38749462210964,True
575,Stacking,2022-01-08 15:20:00,112.0,123.33075834690852,True
575,Stacking,2022-01-08 15:25:00,111.0,125.47588241671816,True
575,Stacking,2022-01-08 15:30:00,115.0,125.03426940913762,True
575,Stacking,2022-01-08 15:35:00,111.0,124.22148820635391,True
575,Stacking,2022-01-08 15:40:00,108.0,115.6204428194924,True
575,Stacking,2022-01-08 15:45:00,106.0,107.63644728957868,True
575,Stacking,2022-01-08 15:50:00,105.0,103.5653298006603,True
575,Stacking,2022-01-08 15:55:00,102.0,108.19355456036648,True
575,Stacking,2022-01-08 16:00:00,101.0,123.27649437766661,True
575,Stacking,2022-01-08 16:05:00,100.0,104.71449052666584,True
575,Stacking,2022-01-08 16:10:00,99.0,104.25363290520986,True
575,Stacking,2022-01-08 16:15:00,96.0,100.6871026547042,True
575,Stacking,2022-01-08 16:20:00,93.0,101.65534657601728,True
575,Stacking,2022-01-08 16:25:00,92.0,96.08890752317879,True
575,Stacking,2022-01-08 16:30:00,93.0,98.52055956968366,True
575,Stacking,2022-01-08 16:35:00,102.0,97.2187376177572,True
575,Stacking,2022-01-08 16:40:00,114.0,97.3007386461083,True
575,Stacking,2022-01-08 16:45:00,121.0,90.74738282660805,True
575,Stacking,2022-01-08 16:50:00,127.0,89.50381466615825,True
575,Stacking,2022-01-08 16:55:00,130.0,91.8352176222731,True
575,Stacking,2022-01-08 17:00:00,132.0,97.54868412597946,True
575,Stacking,2022-01-08 17:05:00,145.0,125.94554459245998,True
575,Stacking,2022-01-08 17:10:00,149.0,147.34838137985966,True
575,Stacking,2022-01-08 17:15:00,144.0,139.82862539387347,True
575,Stacking,2022-01-08 17:20:00,144.0,144.86746893090302,True
575,Stacking,2022-01-08 17:25:00,144.0,140.09849830554683,True
575,Stacking,2022-01-08 17:30:00,140.0,139.31639828542453,True
575,Stacking,2022-01-08 17:35:00,137.0,172.93757746866754,True
575,Stacking,2022-01-08 17:40:00,144.0,160.42522645718768,True
575,Stacking,2022-01-08 17:45:00,144.0,143.4922825594931,True
575,Stacking,2022-01-08 17:50:00,142.0,148.83615328300036,True
575,Stacking,2022-01-08 17:55:00,139.0,146.3966040494022,True
575,Stacking,2022-01-08 18:00:00,127.0,137.46373945841452,True
575,Stacking,2022-01-08 18:05:00,134.0,135.3621556590285,True
575,Stacking,2022-01-08 18:10:00,136.0,157.70773886646683,True
575,Stacking,2022-01-08 18:15:00,139.0,144.7404769544097,True
575,Stacking,2022-01-08 18:20:00,141.0,140.44643386553454,True
575,Stacking,2022-01-08 18:25:00,141.0,136.05573522923382,True
575,Stacking,2022-01-08 18:30:00,132.0,119.25484639486297,True
575,Stacking,2022-01-08 18:35:00,129.0,148.2487507097635,True
575,Stacking,2022-01-08 18:40:00,125.0,140.43830401801938,True
575,Stacking,2022-01-08 18:45:00,113.0,148.56017909199934,True
575,Stacking,2022-01-08 18:50:00,107.0,147.78126122676395,True
575,Stacking,2022-01-08 18:55:00,103.0,143.14898156310966,True
575,Stacking,2022-01-08 19:00:00,105.0,126.58896809429672,True
575,Stacking,2022-01-08 19:05:00,113.0,127.04326413390285,True
575,Stacking,2022-01-08 19:10:00,122.0,117.59874646023906,True
575,Stacking,2022-01-08 19:15:00,135.0,105.98687735434821,True
575,Stacking,2022-01-08 19:20:00,150.0,100.82674322019865,True
575,Stacking,2022-01-08 19:25:00,155.0,96.26204293426012,True
575,Stacking,2022-01-08 19:30:00,168.0,112.47800009545084,True
575,Stacking,2022-01-08 19:35:00,172.0,129.10702901290884,True
575,Stacking,2022-01-08 19:40:00,180.0,141.551744116916,True
575,Stacking,2022-01-08 19:45:00,195.0,167.69831251740882,True
575,Stacking,2022-01-08 19:50:00,204.0,189.37882521467353,True
575,Stacking,2022-01-08 19:55:00,205.0,178.5942739602236,True
575,Stacking,2022-01-08 20:00:00,217.0,199.3845592960043,True
575,Stacking,2022-01-08 20:05:00,225.0,185.38428411981383,True
575,Stacking,2022-01-08 20:10:00,235.0,201.05002791118199,True
575,Stacking,2022-01-08 20:15:00,235.0,220.90456301577242,True
575,Stacking,2022-01-08 20:20:00,232.0,207.18859203733953,True
575,Stacking,2022-01-08 20:25:00,225.0,195.08997074010136,True
575,Stacking,2022-01-08 20:30:00,216.0,232.1874081641076,True
575,Stacking,2022-01-08 20:35:00,208.0,230.0053844685364,True
575,Stacking,2022-01-08 20:40:00,201.0,252.0296486303549,True
575,Stacking,2022-01-08 20:45:00,199.0,226.57980869503498,True
575,Stacking,2022-01-08 20:50:00,201.0,217.08589134974903,True
575,Stacking,2022-01-08 20:55:00,196.0,201.38183151344143,True
575,Stacking,2022-01-08 21:00:00,193.0,183.61764468931477,True
575,Stacking,2022-01-08 21:05:00,192.0,181.6916696077168,True
575,Stacking,2022-01-08 21:10:00,193.0,177.05519410047282,True
575,Stacking,2022-01-08 21:15:00,204.0,183.72187648460175,True
575,Stacking,2022-01-08 21:20:00,209.0,195.59353294942247,True
575,Stacking,2022-01-08 21:25:00,210.0,173.43814880215783,True
575,Stacking,2022-01-08 21:30:00,210.0,180.1841995951016,True
575,Stacking,2022-01-08 21:35:00,210.0,181.2747700117131,True
575,Stacking,2022-01-08 21:40:00,199.0,188.233935913692,True
575,Stacking,2022-01-08 21:45:00,185.0,212.06351894841276,True
575,Stacking,2022-01-08 21:50:00,178.0,211.05641947273136,True
575,Stacking,2022-01-08 21:55:00,175.0,206.4800221264478,True
575,Stacking,2022-01-08 22:00:00,186.0,206.71673369796108,True
575,Stacking,2022-01-08 22:05:00,192.0,206.48111220701608,True
575,Stacking,2022-01-08 22:10:00,193.0,179.6813275812549,True
575,Stacking,2022-01-08 22:15:00,188.0,161.23660293124436,True
575,Stacking,2022-01-08 22:20:00,183.0,159.1394260852399,True
575,Stacking,2022-01-08 22:25:00,179.0,163.12459173815,True
575,Stacking,2022-01-08 22:30:00,174.0,195.13180650481263,True
575,Stacking,2022-01-08 22:35:00,169.0,193.36288164658552,True
575,Stacking,2022-01-08 22:40:00,165.0,193.30304781404604,True
575,Stacking,2022-01-08 22:45:00,163.0,173.5132545576438,True
575,Stacking,2022-01-08 22:50:00,156.0,172.14474927388153,True
575,Stacking,2022-01-08 22:55:00,151.0,167.05517226876543,True
575,Stacking,2022-01-08 23:00:00,144.0,159.02005909517425,True
575,Stacking,2022-01-08 23:05:00,139.0,153.9784027401862,True
575,Stacking,2022-01-08 23:10:00,137.0,149.73514890805987,True
575,Stacking,2022-01-08 23:15:00,138.0,150.24035030784697,True
575,Stacking,2022-01-08 23:20:00,138.0,130.79188513568806,True
575,Stacking,2022-01-08 23:25:00,135.0,132.79617045613983,True
575,Stacking,2022-01-08 23:30:00,133.0,122.08984885132745,True
575,Stacking,2022-01-08 23:35:00,134.0,124.05948122102998,True
575,Stacking,2022-01-08 23:40:00,136.0,129.43751387307083,True
575,Stacking,2022-01-08 23:45:00,139.0,136.07241372468474,True
575,Stacking,2022-01-08 23:50:00,141.0,133.38853567887145,True
575,Stacking,2022-01-08 23:55:00,140.0,124.48775681047591,True
575,Stacking,2022-01-09 00:00:00,135.0,126.21133789616778,True
575,Stacking,2022-01-09 00:05:00,128.0,133.01829906420775,True
575,Stacking,2022-01-09 00:10:00,128.0,139.8878430311747,True
575,Stacking,2022-01-09 00:15:00,126.0,146.20445410722834,True
575,Stacking,2022-01-09 00:20:00,123.0,145.55474678847597,True
575,Stacking,2022-01-09 00:25:00,119.0,136.27523520496905,True
575,Stacking,2022-01-09 00:30:00,114.0,126.60560121826737,True
575,Stacking,2022-01-09 00:35:00,110.0,115.56417991173075,True
575,Stacking,2022-01-09 00:40:00,107.0,127.5984119766668,True
575,Stacking,2022-01-09 00:45:00,104.0,121.00227268347473,True
575,Stacking,2022-01-09 00:50:00,101.0,115.60523309512082,True
575,Stacking,2022-01-09 00:55:00,103.0,108.7734275779432,True
575,Stacking,2022-01-09 01:00:00,104.0,101.76353827882528,True
575,Stacking,2022-01-09 01:05:00,107.0,100.98365504556205,True
575,Stacking,2022-01-09 01:10:00,110.0,97.79757564590506,True
575,Stacking,2022-01-09 01:15:00,109.0,95.13243272221297,True
575,Stacking,2022-01-09 01:20:00,108.0,92.72460640785704,True
575,Stacking,2022-01-09 01:25:00,106.0,108.04451614735181,True
575,Stacking,2022-01-09 01:30:00,105.0,105.02290343652507,True
575,Stacking,2022-01-09 01:35:00,105.0,116.24420354527439,True
575,Stacking,2022-01-09 01:40:00,104.0,118.70086513983591,True
575,Stacking,2022-01-09 01:45:00,105.0,108.38938097903008,True
575,Stacking,2022-01-09 01:50:00,109.0,107.1004154304969,True
575,Stacking,2022-01-09 01:55:00,111.0,101.23341792497548,True
575,Stacking,2022-01-09 02:00:00,113.0,101.61256190043261,True
575,Stacking,2022-01-09 02:05:00,114.0,105.0958397570746,True
575,Stacking,2022-01-09 02:10:00,116.0,100.9137400031254,True
575,Stacking,2022-01-09 02:15:00,116.0,107.52348758767363,True
575,Stacking,2022-01-09 02:20:00,115.0,119.6691418532669,True
575,Stacking,2022-01-09 02:25:00,112.0,117.49735810781564,True
575,Stacking,2022-01-09 02:30:00,110.0,120.87363694747697,True
575,Stacking,2022-01-09 02:35:00,109.0,119.12694131238524,True
575,Stacking,2022-01-09 02:40:00,108.0,123.93489470122822,True
575,Stacking,2022-01-09 02:45:00,105.0,119.11077643852592,True
575,Stacking,2022-01-09 02:50:00,103.0,116.59141889354285,True
575,Stacking,2022-01-09 02:55:00,101.0,109.50865851134618,True
575,Stacking,2022-01-09 03:00:00,100.0,108.14799100714532,True
575,Stacking,2022-01-09 03:05:00,99.0,107.80359688865455,True
575,Stacking,2022-01-09 03:10:00,96.0,105.56648386031998,True
575,Stacking,2022-01-09 03:15:00,96.0,98.95428680943324,True
575,Stacking,2022-01-09 03:20:00,99.0,98.92505121980379,True
575,Stacking,2022-01-09 03:25:00,100.0,96.1445554478843,True
575,Stacking,2022-01-09 03:30:00,100.0,96.4622029131474,True
575,Stacking,2022-01-09 03:35:00,99.0,96.22793584356963,True
575,Stacking,2022-01-09 03:40:00,103.0,90.26868887025647,True
575,Stacking,2022-01-09 03:45:00,106.0,94.28576870910587,True
575,Stacking,2022-01-09 03:50:00,106.0,107.66454712067467,True
575,Stacking,2022-01-09 03:55:00,106.0,102.41060637303939,True
575,Stacking,2022-01-09 04:00:00,102.0,101.11970001469166,True
575,Stacking,2022-01-09 04:05:00,95.0,97.95277266515735,True
575,Stacking,2022-01-09 04:10:00,92.0,115.09565333747346,True
575,Stacking,2022-01-09 04:15:00,95.0,115.77200392936724,True
575,Stacking,2022-01-09 04:20:00,103.0,108.30880853828756,True
575,Stacking,2022-01-09 04:25:00,105.0,108.27146445933438,True
575,Stacking,2022-01-09 04:30:00,106.0,98.487702214751,True
575,Stacking,2022-01-09 04:35:00,107.0,91.45316956139409,True
575,Stacking,2022-01-09 04:40:00,107.0,91.28734936633977,True
575,Stacking,2022-01-09 04:45:00,105.0,103.14076053579419,True
575,Stacking,2022-01-09 04:50:00,104.0,125.29390321862842,True
575,Stacking,2022-01-09 04:55:00,104.0,113.27648256859523,True
575,Stacking,2022-01-09 05:00:00,105.0,110.70573556780552,True
575,Stacking,2022-01-09 05:05:00,105.0,111.66879893564334,True
575,Stacking,2022-01-09 05:10:00,105.0,110.46766698302935,True
575,Stacking,2022-01-09 05:15:00,105.0,103.29811759147337,True
575,Stacking,2022-01-09 05:20:00,104.0,102.40139971350226,True
575,Stacking,2022-01-09 05:25:00,103.0,105.56282673197636,True
575,Stacking,2022-01-09 05:30:00,111.0,108.24755942981443,True
575,Stacking,2022-01-09 05:35:00,113.0,107.05332694829805,True
575,Stacking,2022-01-09 05:40:00,111.0,106.952474984287,True
575,Stacking,2022-01-09 05:45:00,100.0,107.21996700316262,True
575,Stacking,2022-01-09 05:50:00,97.0,102.78423135777538,True
575,Stacking,2022-01-09 05:55:00,97.0,102.07170337051275,True
575,Stacking,2022-01-09 06:00:00,96.0,128.9932921948823,True
575,Stacking,2022-01-09 06:05:00,103.0,118.03759616757736,True
575,Stacking,2022-01-09 06:10:00,110.0,110.22508341940392,True
575,Stacking,2022-01-09 06:15:00,112.0,97.53725634494045,True
575,Stacking,2022-01-09 06:20:00,112.0,97.03607797092124,True
575,Stacking,2022-01-09 06:25:00,112.0,98.1958576717314,True
575,Stacking,2022-01-09 06:30:00,112.0,93.97792028291268,True
575,Stacking,2022-01-09 06:35:00,112.0,124.3211386553287,True
575,Stacking,2022-01-09 06:40:00,112.0,127.02623670936339,True
575,Stacking,2022-01-09 06:45:00,112.0,119.19870311811597,True
575,Stacking,2022-01-09 07:00:00,77.0,115.59661910792171,True
575,Stacking,2022-01-09 07:05:00,79.0,115.26279443986574,True
575,Stacking,2022-01-09 07:10:00,81.0,115.4184859091916,True
575,Stacking,2022-01-09 07:15:00,80.0,115.37703520737415,True
575,Stacking,2022-01-09 07:20:00,80.0,136.31487044128727,False
575,Stacking,2022-01-09 07:25:00,80.0,136.41886062085487,False
575,Stacking,2022-01-09 07:30:00,80.0,87.32853684765558,True
575,Stacking,2022-01-09 07:35:00,79.0,95.72196388679892,True
575,Stacking,2022-01-09 07:40:00,79.0,95.0218935908561,True
575,Stacking,2022-01-09 07:45:00,77.0,86.32788445444459,True
575,Stacking,2022-01-09 07:50:00,77.0,89.37580191392419,True
575,Stacking,2022-01-09 07:55:00,77.0,87.48829273041613,True
575,Stacking,2022-01-09 08:00:00,76.0,87.42408196391226,True
575,Stacking,2022-01-09 08:05:00,74.0,83.79452296911283,True
575,Stacking,2022-01-09 08:10:00,76.0,85.9779156581423,True
575,Stacking,2022-01-09 08:15:00,76.0,81.87283572963855,True
575,Stacking,2022-01-09 08:20:00,75.0,86.00116120209296,True
575,Stacking,2022-01-09 08:25:00,74.0,85.01765218858122,True
575,Stacking,2022-01-09 08:30:00,75.0,82.37200307597507,True
575,Stacking,2022-01-09 08:35:00,71.0,81.38161831097162,True
575,Stacking,2022-01-09 08:40:00,72.0,93.66058952155885,True
575,Stacking,2022-01-09 08:45:00,76.0,85.2882185788068,True
575,Stacking,2022-01-09 08:50:00,79.0,84.40853953047254,True
575,Stacking,2022-01-09 08:55:00,83.0,81.96304790685214,True
575,Stacking,2022-01-09 09:00:00,86.0,87.77818721077924,True
575,Stacking,2022-01-09 09:05:00,90.0,79.54578809768431,True
575,Stacking,2022-01-09 09:10:00,91.0,88.23521226303792,True
575,Stacking,2022-01-09 09:15:00,93.0,100.5243464756129,True
575,Stacking,2022-01-09 09:20:00,98.0,100.17325511114284,True
575,Stacking,2022-01-09 09:25:00,102.0,107.66827628908354,True
575,Stacking,2022-01-09 09:30:00,109.0,103.53196977513971,True
575,Stacking,2022-01-09 09:35:00,109.0,113.45549058280686,True
575,Stacking,2022-01-09 09:40:00,118.0,102.67477975803187,True
575,Stacking,2022-01-09 09:45:00,122.0,107.87746916362977,True
575,Stacking,2022-01-09 09:50:00,122.0,118.14694257468712,True
575,Stacking,2022-01-09 09:55:00,123.0,118.71664702120944,True
575,Stacking,2022-01-09 10:00:00,123.0,136.16051452248556,True
575,Stacking,2022-01-09 10:05:00,123.0,115.77196806985269,True
575,Stacking,2022-01-09 10:10:00,122.0,143.34109975357694,True
575,Stacking,2022-01-09 10:15:00,120.0,134.54274763506513,True
575,Stacking,2022-01-09 10:20:00,119.0,127.61046802332442,True
575,Stacking,2022-01-09 10:25:00,116.0,130.14575647506388,True
575,Stacking,2022-01-09 10:30:00,114.0,127.75834103092362,True
575,Stacking,2022-01-09 10:35:00,115.0,127.17726749219906,True
575,Stacking,2022-01-09 10:40:00,118.0,122.44058028140061,True
575,Stacking,2022-01-09 10:45:00,120.0,117.73283000816171,True
575,Stacking,2022-01-09 10:50:00,121.0,117.9260384274655,True
575,Stacking,2022-01-09 10:55:00,119.0,112.04513167052899,True
575,Stacking,2022-01-09 11:00:00,118.0,111.09019502727196,True
575,Stacking,2022-01-09 11:05:00,120.0,117.41573844030039,True
575,Stacking,2022-01-09 11:10:00,124.0,124.67291828753571,True
575,Stacking,2022-01-09 11:15:00,124.0,125.18887746837021,True
575,Stacking,2022-01-09 11:20:00,129.0,126.25211842777045,True
575,Stacking,2022-01-09 11:25:00,136.0,118.2912229274111,True
575,Stacking,2022-01-09 11:30:00,140.0,118.86681523196782,True
575,Stacking,2022-01-09 11:35:00,139.0,124.48096686698965,True
575,Stacking,2022-01-09 11:40:00,143.0,133.80105758238957,True
575,Stacking,2022-01-09 11:45:00,147.0,127.38372321342587,True
575,Stacking,2022-01-09 11:50:00,151.0,142.90835801325454,True
575,Stacking,2022-01-09 11:55:00,143.0,155.4125917311968,True
575,Stacking,2022-01-09 12:00:00,148.0,151.74402616175553,True
575,Stacking,2022-01-09 12:05:00,153.0,141.1205539857322,True
575,Stacking,2022-01-09 12:10:00,151.0,155.102101954202,True
575,Stacking,2022-01-09 12:15:00,145.0,157.64057685873703,True
575,Stacking,2022-01-09 12:20:00,131.0,174.85088682299863,True
575,Stacking,2022-01-09 12:25:00,112.0,151.4110877692419,True
575,Stacking,2022-01-09 12:30:00,100.0,172.2755658843277,True
575,Stacking,2022-01-09 12:35:00,96.0,173.81053825410928,True
575,Stacking,2022-01-09 12:40:00,122.0,157.08423440225607,True
575,Stacking,2022-01-09 12:45:00,162.0,145.52237811672344,True
575,Stacking,2022-01-09 12:50:00,185.0,122.6205873656723,True
575,Stacking,2022-01-09 12:55:00,193.0,93.29431860140687,True
575,Stacking,2022-01-09 13:00:00,191.0,92.52138728050927,True
575,Stacking,2022-01-09 13:05:00,184.0,92.84543346451973,True
575,Stacking,2022-01-09 13:10:00,174.0,147.12903498536943,True
575,Stacking,2022-01-09 13:15:00,165.0,181.8498161016798,True
575,Stacking,2022-01-09 13:20:00,158.0,186.74754668202323,True
575,Stacking,2022-01-09 13:25:00,149.0,172.28857693196767,True
575,Stacking,2022-01-09 13:30:00,141.0,165.8541594153857,True
575,Stacking,2022-01-09 13:35:00,131.0,157.6633117566309,True
575,Stacking,2022-01-09 13:40:00,124.0,143.51074455247374,True
575,Stacking,2022-01-09 13:45:00,109.0,139.00751832154728,True
575,Stacking,2022-01-09 13:50:00,109.0,135.2160464414378,True
575,Stacking,2022-01-09 13:55:00,112.0,125.66544185278784,True
575,Stacking,2022-01-09 14:00:00,110.0,121.64994457174437,True
575,Stacking,2022-01-09 14:05:00,108.0,107.95070813486085,True
575,Stacking,2022-01-09 14:10:00,105.0,107.95018729260123,True
575,Stacking,2022-01-09 14:15:00,101.0,91.64532652230919,True
575,Stacking,2022-01-09 14:20:00,97.0,109.67095731725422,True
575,Stacking,2022-01-09 14:25:00,94.0,117.13944905901424,True
575,Stacking,2022-01-09 14:30:00,91.0,104.69714770414016,True
575,Stacking,2022-01-09 14:35:00,88.0,102.24609669636035,True
575,Stacking,2022-01-09 14:40:00,85.0,97.13442759163003,True
575,Stacking,2022-01-09 14:45:00,84.0,93.49594614760878,True
575,Stacking,2022-01-09 14:50:00,84.0,90.46822864868912,True
575,Stacking,2022-01-09 14:55:00,83.0,89.80677255407157,True
575,Stacking,2022-01-09 15:00:00,85.0,87.10886064784331,True
575,Stacking,2022-01-09 15:05:00,89.0,86.27710917972853,True
575,Stacking,2022-01-09 15:10:00,94.0,83.1613747407173,True
575,Stacking,2022-01-09 15:15:00,100.0,86.06476394278262,True
575,Stacking,2022-01-09 15:20:00,107.0,89.0602807791872,True
575,Stacking,2022-01-09 15:25:00,115.0,85.53635705004525,True
575,Stacking,2022-01-09 15:30:00,120.0,95.85227784343402,True
575,Stacking,2022-01-09 15:35:00,126.0,104.85841808197613,True
575,Stacking,2022-01-09 15:40:00,132.0,111.83091928309463,True
575,Stacking,2022-01-09 15:45:00,137.0,123.69916936836395,True
575,Stacking,2022-01-09 15:50:00,140.0,131.35094673208417,True
575,Stacking,2022-01-09 15:55:00,140.0,138.61357347336192,True
575,Stacking,2022-01-09 16:00:00,139.0,133.79127848479496,True
575,Stacking,2022-01-09 16:05:00,137.0,145.13606333476525,True
575,Stacking,2022-01-09 16:10:00,135.0,149.2127838831055,True
575,Stacking,2022-01-09 16:15:00,135.0,149.3766922325633,True
575,Stacking,2022-01-09 16:20:00,136.0,150.83881642348297,True
575,Stacking,2022-01-09 16:25:00,139.0,142.5396607235472,True
575,Stacking,2022-01-09 16:30:00,143.0,140.56665019994585,True
575,Stacking,2022-01-09 16:35:00,147.0,136.61109757350383,True
575,Stacking,2022-01-09 16:40:00,151.0,132.37055663775607,True
575,Stacking,2022-01-09 16:45:00,156.0,135.77027822483737,True
575,Stacking,2022-01-09 16:50:00,160.0,139.15435261583775,True
575,Stacking,2022-01-09 16:55:00,159.0,147.37361483929104,True
575,Stacking,2022-01-09 17:00:00,157.0,152.56771633125845,True
575,Stacking,2022-01-09 17:05:00,158.0,167.87127167695058,True
575,Stacking,2022-01-09 17:10:00,160.0,169.66880940970086,True
575,Stacking,2022-01-09 17:15:00,162.0,178.55554064841508,True
575,Stacking,2022-01-09 17:20:00,162.0,178.1013517075274,True
575,Stacking,2022-01-09 17:25:00,160.0,166.08123987640488,True
575,Stacking,2022-01-09 17:30:00,157.0,157.5991492688908,True
575,Stacking,2022-01-09 17:35:00,154.0,165.81436545573843,True
575,Stacking,2022-01-09 17:40:00,149.0,168.17369621161504,True
575,Stacking,2022-01-09 17:45:00,145.0,169.24656961172255,True
575,Stacking,2022-01-09 17:50:00,149.0,167.50182553010626,True
575,Stacking,2022-01-09 17:55:00,151.0,157.0317233553577,True
575,Stacking,2022-01-09 18:00:00,142.0,147.2765725832891,True
575,Stacking,2022-01-09 18:05:00,129.0,143.2080733094965,True
575,Stacking,2022-01-09 18:10:00,119.0,134.35305322540177,True
575,Stacking,2022-01-09 18:15:00,106.0,133.998415448601,True
575,Stacking,2022-01-09 18:20:00,96.0,153.48657379968722,True
575,Stacking,2022-01-09 18:25:00,91.0,151.04146172972065,True
575,Stacking,2022-01-09 18:30:00,97.0,128.1090624167772,True
575,Stacking,2022-01-09 18:35:00,102.0,117.90471947166782,True
575,Stacking,2022-01-09 18:40:00,105.0,104.37177600911023,True
575,Stacking,2022-01-09 18:45:00,107.0,90.7724650215987,True
575,Stacking,2022-01-09 18:50:00,109.0,84.35218154471742,True
575,Stacking,2022-01-09 18:55:00,110.0,85.30613624407539,True
575,Stacking,2022-01-09 19:00:00,134.0,115.25299825827774,True
575,Stacking,2022-01-09 19:05:00,134.0,116.00678160769314,True
575,Stacking,2022-01-09 19:10:00,133.0,116.88078694257408,True
575,Stacking,2022-01-09 19:15:00,137.0,115.31994110480444,True
575,Stacking,2022-01-09 19:20:00,136.0,118.55769159596645,True
575,Stacking,2022-01-09 19:25:00,134.0,117.02076302505222,True
575,Stacking,2022-01-09 19:30:00,131.0,168.08691181971628,True
575,Stacking,2022-01-09 19:35:00,125.0,135.21771161759372,True
575,Stacking,2022-01-09 19:40:00,132.0,133.24151773822825,True
575,Stacking,2022-01-09 19:45:00,135.0,147.9713252329274,True
575,Stacking,2022-01-09 19:50:00,150.0,134.8662042943024,True
575,Stacking,2022-01-09 19:55:00,152.0,132.29843420178668,True
575,Stacking,2022-01-09 20:00:00,144.0,125.35885532703392,True
575,Stacking,2022-01-09 20:05:00,148.0,112.45336337019938,True
575,Stacking,2022-01-09 20:10:00,151.0,146.42207317854115,True
575,Stacking,2022-01-09 20:15:00,153.0,142.05335797477477,True
575,Stacking,2022-01-09 20:20:00,154.0,172.17335424155152,True
575,Stacking,2022-01-09 20:25:00,148.0,157.2357291013989,True
575,Stacking,2022-01-09 20:30:00,142.0,136.67947946395472,True
575,Stacking,2022-01-09 20:35:00,148.0,159.05473623344486,True
575,Stacking,2022-01-09 20:40:00,145.0,156.9554841685009,True
575,Stacking,2022-01-09 20:45:00,134.0,157.6224577932928,True
575,Stacking,2022-01-09 20:50:00,129.0,168.17984986618941,True
575,Stacking,2022-01-09 20:55:00,123.0,149.549951409507,True
575,Stacking,2022-01-09 21:00:00,118.0,140.01552002375848,True
575,Stacking,2022-01-09 21:05:00,111.0,164.233752055718,True
575,Stacking,2022-01-09 21:10:00,104.0,142.8716740653873,True
575,Stacking,2022-01-09 21:15:00,97.0,126.0013952936931,True
575,Stacking,2022-01-09 21:20:00,90.0,122.19401232957361,True
575,Stacking,2022-01-09 21:25:00,82.0,106.52680582764167,True
575,Stacking,2022-01-09 21:30:00,69.0,105.80134810758108,True
575,Stacking,2022-01-09 21:35:00,63.0,94.43459654568107,True
575,Stacking,2022-01-09 21:40:00,56.0,88.69587277658621,True
575,Stacking,2022-01-09 21:45:00,56.0,85.09485949847833,True
575,Stacking,2022-01-09 21:50:00,51.0,82.19660103578431,True
575,Stacking,2022-01-09 21:55:00,40.0,76.8004112993066,True
575,Stacking,2022-01-09 22:00:00,40.0,67.48268170660181,True
575,Stacking,2022-01-09 22:05:00,40.0,68.72307098577198,True
575,Stacking,2022-01-09 22:10:00,40.0,60.4156209611304,True
575,Stacking,2022-01-09 22:15:00,40.0,65.06438906385156,True
575,Stacking,2022-01-09 22:20:00,54.0,61.16385751253348,True
575,Stacking,2022-01-09 22:25:00,61.0,54.209163523375985,True
575,Stacking,2022-01-09 22:30:00,62.0,56.85241108606433,True
575,Stacking,2022-01-09 22:35:00,61.0,55.9680538024045,True
575,Stacking,2022-01-09 22:40:00,60.0,55.91831235985778,True
575,Stacking,2022-01-09 22:45:00,54.0,55.5870791046763,True
575,Stacking,2022-01-09 22:50:00,40.0,94.04276144854482,True
575,Stacking,2022-01-09 22:55:00,40.0,90.9754652880951,True
575,Stacking,2022-01-09 23:00:00,40.0,82.64014613580646,True
575,Stacking,2022-01-09 23:05:00,40.0,74.1638146205742,True
575,Stacking,2022-01-09 23:10:00,41.0,72.25177411451965,True
575,Stacking,2022-01-09 23:15:00,46.0,64.2065253106361,True
575,Stacking,2022-01-09 23:20:00,48.0,56.33712019825508,True
575,Stacking,2022-01-09 23:25:00,53.0,58.948931352919054,True
575,Stacking,2022-01-09 23:30:00,57.0,58.56865705537836,True
575,Stacking,2022-01-09 23:35:00,56.0,60.0257780723569,True
575,Stacking,2022-01-09 23:40:00,56.0,63.7393273624552,True
575,Stacking,2022-01-09 23:45:00,62.0,77.44280959714087,True
575,Stacking,2022-01-09 23:50:00,74.0,72.4931400226376,True
575,Stacking,2022-01-09 23:55:00,88.0,85.26288665577046,True
575,Stacking,2022-01-10 00:00:00,96.0,88.78232307814491,True
575,Stacking,2022-01-10 00:05:00,99.0,68.59382079934812,True
575,Stacking,2022-01-10 00:10:00,85.0,68.85059885161569,True
575,Stacking,2022-01-10 00:15:00,69.0,90.24129817462602,True
575,Stacking,2022-01-10 00:20:00,63.0,105.33571848233176,True
575,Stacking,2022-01-10 00:25:00,59.0,123.765955528014,True
575,Stacking,2022-01-10 00:30:00,72.0,119.71207585133139,True
575,Stacking,2022-01-10 00:35:00,109.0,115.95648972545861,True
575,Stacking,2022-01-10 00:40:00,135.0,88.41016992101379,True
575,Stacking,2022-01-10 00:45:00,152.0,72.5404389840299,True
575,Stacking,2022-01-10 00:50:00,162.0,71.36532409659083,True
575,Stacking,2022-01-10 00:55:00,170.0,68.23650256017551,True
575,Stacking,2022-01-10 01:00:00,175.0,99.48994404035429,True
575,Stacking,2022-01-10 01:05:00,179.0,135.82616454936124,True
575,Stacking,2022-01-10 01:10:00,177.0,152.44361900055142,True
575,Stacking,2022-01-10 01:15:00,161.0,154.93775098727323,True
575,Stacking,2022-01-10 01:20:00,147.0,174.84704767620522,True
575,Stacking,2022-01-10 01:25:00,141.0,190.08119565439338,True
575,Stacking,2022-01-10 01:30:00,141.0,187.24031347628338,True
575,Stacking,2022-01-10 01:35:00,145.0,189.42614750817674,True
575,Stacking,2022-01-10 01:40:00,150.0,171.4405386372566,True
575,Stacking,2022-01-10 01:45:00,170.0,154.43491932359234,True
575,Stacking,2022-01-10 01:50:00,190.0,142.73691172025616,True
575,Stacking,2022-01-10 01:55:00,203.0,137.9168690775781,True
575,Stacking,2022-01-10 02:00:00,210.0,143.57491063613378,True
575,Stacking,2022-01-10 02:05:00,215.0,153.08866319509661,True
575,Stacking,2022-01-10 02:10:00,221.0,160.6274727439861,True
575,Stacking,2022-01-10 02:15:00,227.0,190.2643578416661,True
575,Stacking,2022-01-10 02:20:00,232.0,214.8211409987599,True
575,Stacking,2022-01-10 02:25:00,235.0,217.95351938446697,True
575,Stacking,2022-01-10 02:30:00,234.0,221.15864250034826,True
575,Stacking,2022-01-10 02:35:00,230.0,229.7700789466878,True
575,Stacking,2022-01-10 02:40:00,227.0,237.13861579128297,True
575,Stacking,2022-01-10 02:45:00,233.0,238.669644335634,True
575,Stacking,2022-01-10 02:50:00,232.0,240.97929660349465,True
575,Stacking,2022-01-10 02:55:00,232.0,239.7256943818077,True
575,Stacking,2022-01-10 03:00:00,230.0,233.8490993637533,True
575,Stacking,2022-01-10 03:05:00,227.0,223.23249682082644,True
575,Stacking,2022-01-10 03:10:00,227.0,219.51232927208156,True
575,Stacking,2022-01-10 03:15:00,221.0,239.87031260094471,True
575,Stacking,2022-01-10 03:20:00,205.0,229.1502781586483,True
575,Stacking,2022-01-10 03:25:00,191.0,232.1860701174773,True
575,Stacking,2022-01-10 03:30:00,183.0,220.69197841535097,True
575,Stacking,2022-01-10 03:35:00,180.0,217.40778881531568,True
575,Stacking,2022-01-10 03:40:00,180.0,224.18412047949158,True
575,Stacking,2022-01-10 03:45:00,181.0,205.24378746849035,True
575,Stacking,2022-01-10 03:50:00,180.0,182.98018296681315,True
575,Stacking,2022-01-10 03:55:00,177.0,170.75186013221466,True
575,Stacking,2022-01-10 04:00:00,173.0,177.65276116034354,True
575,Stacking,2022-01-10 04:05:00,173.0,177.73021820679276,True
575,Stacking,2022-01-10 04:10:00,197.0,179.9765699742646,True
575,Stacking,2022-01-10 04:15:00,225.0,182.33261577139862,True
575,Stacking,2022-01-10 04:20:00,232.0,171.1150464278396,True
575,Stacking,2022-01-10 04:25:00,222.0,166.1517053700804,True
575,Stacking,2022-01-10 04:30:00,214.0,162.32987650175022,True
575,Stacking,2022-01-10 04:35:00,218.0,170.37579614168527,True
575,Stacking,2022-01-10 04:40:00,237.0,209.83388201614207,True
575,Stacking,2022-01-10 04:45:00,250.0,247.87899401745315,True
575,Stacking,2022-01-10 04:50:00,255.0,239.95399890137082,True
575,Stacking,2022-01-10 04:55:00,257.0,207.26943992235704,True
575,Stacking,2022-01-10 05:00:00,257.0,207.84905133317386,True
575,Stacking,2022-01-10 05:05:00,257.0,224.96193164733114,True
575,Stacking,2022-01-10 05:10:00,257.0,245.35139527744013,True
575,Stacking,2022-01-10 05:15:00,257.0,260.00470281283975,True
575,Stacking,2022-01-10 05:20:00,257.0,255.2016170932323,True
575,Stacking,2022-01-10 05:25:00,257.0,256.2570351237737,True
575,Stacking,2022-01-10 05:30:00,257.0,256.6407233332517,True
575,Stacking,2022-01-10 05:35:00,257.0,257.718233323657,True
575,Stacking,2022-01-10 05:40:00,257.0,256.60239389439744,True
575,Stacking,2022-01-10 05:45:00,259.0,256.84594817009577,True
575,Stacking,2022-01-10 05:50:00,261.0,256.6096882660985,True
575,Stacking,2022-01-10 05:55:00,262.0,256.3734837094015,True
575,Stacking,2022-01-10 06:00:00,254.0,256.38260204250247,True
575,Stacking,2022-01-10 06:05:00,255.0,256.544313661625,True
575,Stacking,2022-01-10 06:10:00,251.0,256.55769319892653,True
575,Stacking,2022-01-10 06:15:00,251.0,260.5901764041985,True
575,Stacking,2022-01-10 06:20:00,259.0,262.59621603015796,True
575,Stacking,2022-01-10 06:25:00,263.0,262.8727400773067,True
575,Stacking,2022-01-10 06:30:00,264.0,241.47266872088957,True
575,Stacking,2022-01-10 06:35:00,256.0,254.65695503321433,True
575,Stacking,2022-01-10 06:40:00,258.0,243.05637370050752,True
575,Stacking,2022-01-10 06:45:00,238.0,252.23139121873368,True
575,Stacking,2022-01-10 06:50:00,238.0,262.3549647399766,True
575,Stacking,2022-01-10 06:55:00,238.0,264.75724068118643,True
575,Stacking,2022-01-10 07:00:00,230.0,265.36372229310734,True
575,Stacking,2022-01-10 07:05:00,206.0,242.1191668534581,True
575,Stacking,2022-01-10 07:10:00,197.0,259.1393308304655,True
575,Stacking,2022-01-10 07:15:00,211.0,218.2147968694245,True
575,Stacking,2022-01-10 07:20:00,216.0,236.52088211198716,True
575,Stacking,2022-01-10 07:25:00,212.0,233.92784805912711,True
575,Stacking,2022-01-10 07:30:00,259.0,213.25609552516394,True
575,Stacking,2022-01-10 07:35:00,290.0,190.93180366480192,True
575,Stacking,2022-01-10 07:40:00,260.0,182.56423181827796,True
575,Stacking,2022-01-10 07:45:00,240.0,220.1480002043906,True
575,Stacking,2022-01-10 07:50:00,221.0,216.31395606169178,True
575,Stacking,2022-01-10 07:55:00,209.0,198.06332528136747,True
575,Stacking,2022-01-10 08:00:00,204.0,267.6240855224847,True
575,Stacking,2022-01-10 08:05:00,211.0,289.62156265699275,True
575,Stacking,2022-01-10 08:10:00,230.0,222.85212335141728,True
575,Stacking,2022-01-10 08:15:00,256.0,209.38952639040423,True
575,Stacking,2022-01-10 08:20:00,239.0,185.5258198872113,True
575,Stacking,2022-01-10 08:25:00,202.0,170.8987167446468,True
575,Stacking,2022-01-10 08:30:00,177.0,177.90966741243736,True
575,Stacking,2022-01-10 08:35:00,189.0,206.40695098915205,True
575,Stacking,2022-01-10 08:40:00,239.0,234.3540898409963,True
575,Stacking,2022-01-10 08:45:00,290.0,252.86446305419904,True
575,Stacking,2022-01-10 08:50:00,329.0,203.8341210778982,True
575,Stacking,2022-01-10 08:55:00,333.0,175.2192732403757,True
575,Stacking,2022-01-10 09:00:00,329.0,149.58542677855692,True
575,Stacking,2022-01-10 09:05:00,328.0,195.348486497029,True
575,Stacking,2022-01-10 09:10:00,318.0,251.46947589733225,True
575,Stacking,2022-01-10 09:15:00,281.0,290.3871764082268,True
575,Stacking,2022-01-10 09:20:00,247.0,302.0245287373586,True
575,Stacking,2022-01-10 09:25:00,237.0,294.2941334539774,True
575,Stacking,2022-01-10 09:30:00,235.0,285.8644961105635,True
575,Stacking,2022-01-10 09:35:00,237.0,290.93851429206074,True
575,Stacking,2022-01-10 09:40:00,231.0,285.6564254298263,True
575,Stacking,2022-01-10 09:45:00,224.0,236.1224082178959,True
575,Stacking,2022-01-10 09:50:00,212.0,205.76067260585492,True
575,Stacking,2022-01-10 09:55:00,207.0,209.48818638017138,True
575,Stacking,2022-01-10 10:00:00,229.0,216.31435371012032,True
575,Stacking,2022-01-10 10:05:00,262.0,224.82341907178662,True
575,Stacking,2022-01-10 10:10:00,278.0,204.87158947318446,True
575,Stacking,2022-01-10 10:15:00,275.0,199.68971961107334,True
575,Stacking,2022-01-10 10:20:00,263.0,184.6966957571851,True
575,Stacking,2022-01-10 10:25:00,245.0,185.83075075851806,True
575,Stacking,2022-01-10 10:30:00,229.0,233.7034786331979,True
575,Stacking,2022-01-10 10:35:00,219.0,261.66170594769784,True
575,Stacking,2022-01-10 10:40:00,215.0,281.8542870877757,True
575,Stacking,2022-01-10 10:45:00,208.0,253.62266617032148,True
575,Stacking,2022-01-10 10:50:00,211.0,235.7512948054909,True
575,Stacking,2022-01-10 10:55:00,222.0,215.81937251352556,True
575,Stacking,2022-01-10 11:00:00,234.0,203.3169874321047,True
575,Stacking,2022-01-10 11:05:00,244.0,193.87712936192148,True
575,Stacking,2022-01-10 11:10:00,269.0,195.89019225380846,True
575,Stacking,2022-01-10 11:15:00,286.0,181.74638012197244,True
575,Stacking,2022-01-10 11:20:00,282.0,204.80554417431662,True
575,Stacking,2022-01-10 11:25:00,270.0,224.7318602936591,True
575,Stacking,2022-01-10 11:30:00,261.0,241.76369420325923,True
575,Stacking,2022-01-10 11:35:00,256.0,248.20442013586026,True
575,Stacking,2022-01-10 11:40:00,260.0,288.07957650982735,True
575,Stacking,2022-01-10 11:45:00,268.0,301.98529734060895,True
575,Stacking,2022-01-10 11:50:00,285.0,270.4800002226142,True
575,Stacking,2022-01-10 11:55:00,298.0,251.90789138999696,True
575,Stacking,2022-01-10 12:00:00,304.0,234.09980757325837,True
575,Stacking,2022-01-10 12:05:00,306.0,235.90671411941517,True
575,Stacking,2022-01-10 12:10:00,304.0,258.9605774913565,True
575,Stacking,2022-01-10 12:15:00,299.0,267.658412629303,True
575,Stacking,2022-01-10 12:20:00,286.0,292.3770155224918,True
575,Stacking,2022-01-10 12:25:00,240.0,301.9300041347469,True
575,Stacking,2022-01-10 12:30:00,226.0,304.8986022092886,True
575,Stacking,2022-01-10 12:35:00,241.0,305.8433561217762,True
575,Stacking,2022-01-10 12:40:00,226.0,293.9506966449155,True
575,Stacking,2022-01-10 12:45:00,212.0,276.79961134792114,True
575,Stacking,2022-01-10 12:50:00,205.0,259.73486442964014,True
575,Stacking,2022-01-10 12:55:00,188.0,211.7312161360362,True
575,Stacking,2022-01-10 13:00:00,183.0,207.5008858964126,True
575,Stacking,2022-01-10 13:05:00,164.0,244.81644044152463,True
575,Stacking,2022-01-10 13:10:00,184.0,204.98775967044537,True
575,Stacking,2022-01-10 13:15:00,224.0,190.11929517558679,True
575,Stacking,2022-01-10 13:20:00,260.0,181.81163424361995,True
575,Stacking,2022-01-10 13:25:00,280.0,165.5673521361497,True
575,Stacking,2022-01-10 13:30:00,288.0,178.0793522589416,True
575,Stacking,2022-01-10 13:35:00,291.0,148.92592251170933,True
575,Stacking,2022-01-10 13:40:00,292.0,198.17778316207776,True
575,Stacking,2022-01-10 13:45:00,292.0,233.75962826822467,True
575,Stacking,2022-01-10 13:50:00,292.0,263.04981773056176,True
575,Stacking,2022-01-10 13:55:00,289.0,272.33764425680334,True
575,Stacking,2022-01-10 14:00:00,285.0,272.2428392351843,True
575,Stacking,2022-01-10 14:05:00,283.0,268.355064792399,True
575,Stacking,2022-01-10 14:10:00,271.0,278.9993376863951,True
575,Stacking,2022-01-10 14:15:00,269.0,281.18474133852703,True
575,Stacking,2022-01-10 14:20:00,278.0,283.1940350559243,True
575,Stacking,2022-01-10 14:25:00,212.0,270.89128312077236,True
575,Stacking,2022-01-10 14:30:00,206.0,265.748435836681,True
575,Stacking,2022-01-10 14:35:00,193.0,267.30517861634434,True
575,Stacking,2022-01-10 14:40:00,188.0,242.08597412863264,True
575,Stacking,2022-01-10 14:45:00,185.0,258.0582189099034,True
575,Stacking,2022-01-10 14:50:00,187.0,278.5362860427463,True
575,Stacking,2022-01-10 14:55:00,177.0,177.72430919489332,True
575,Stacking,2022-01-10 15:00:00,181.0,189.74922829821273,True
575,Stacking,2022-01-10 15:05:00,189.0,178.88743624916873,True
575,Stacking,2022-01-10 15:10:00,186.0,181.58552661701648,True
575,Stacking,2022-01-10 15:15:00,165.0,179.05329661789148,True
575,Stacking,2022-01-10 15:20:00,138.0,181.48852794433375,True
575,Stacking,2022-01-10 15:25:00,127.0,144.61539416990433,True
575,Stacking,2022-01-10 15:30:00,132.0,178.82228460239588,True
575,Stacking,2022-01-10 15:35:00,140.0,193.9577229664697,True
575,Stacking,2022-01-10 15:40:00,157.0,173.37112945017364,True
575,Stacking,2022-01-10 15:45:00,164.0,143.15282727662498,True
575,Stacking,2022-01-10 15:50:00,197.0,115.57328070995305,True
575,Stacking,2022-01-10 15:55:00,214.0,113.51233658076916,True
575,Stacking,2022-01-10 16:00:00,212.0,138.166237385085,True
575,Stacking,2022-01-10 16:05:00,193.0,154.09014796264276,True
575,Stacking,2022-01-10 16:10:00,147.0,175.40552604517123,True
575,Stacking,2022-01-10 16:15:00,125.0,171.70404206267173,True
575,Stacking,2022-01-10 16:20:00,168.0,221.68614258438336,True
575,Stacking,2022-01-10 16:25:00,169.0,223.37885334144178,True
575,Stacking,2022-01-10 16:30:00,157.0,190.14522813680918,True
575,Stacking,2022-01-10 16:35:00,152.0,177.03476565027233,True
575,Stacking,2022-01-10 16:40:00,173.0,129.87458945528977,True
575,Stacking,2022-01-10 16:45:00,198.0,129.5855789217804,True
575,Stacking,2022-01-10 16:50:00,205.0,190.52064655010693,True
575,Stacking,2022-01-10 16:55:00,197.0,163.35076851106047,True
575,Stacking,2022-01-10 17:00:00,210.0,135.57419422564467,True
575,Stacking,2022-01-10 17:05:00,221.0,138.07475968907798,True
575,Stacking,2022-01-10 17:10:00,225.0,187.59543499504426,True
575,Stacking,2022-01-10 17:15:00,221.0,216.0706874258807,True
575,Stacking,2022-01-10 17:20:00,209.0,206.01703806910365,True
575,Stacking,2022-01-10 17:25:00,205.0,186.15361126327272,True
575,Stacking,2022-01-10 17:30:00,195.0,226.1593475084908,True
575,Stacking,2022-01-10 17:35:00,179.0,232.75610109760657,True
575,Stacking,2022-01-10 17:40:00,168.0,230.47258223506103,True
575,Stacking,2022-01-10 17:45:00,161.0,213.03331876199155,True
575,Stacking,2022-01-10 17:50:00,159.0,193.4395804036917,True
575,Stacking,2022-01-10 17:55:00,158.0,193.3783257228728,True
575,Stacking,2022-01-10 18:00:00,163.0,173.46159955295138,True
575,Stacking,2022-01-10 18:05:00,159.0,153.12303414774988,True
575,Stacking,2022-01-10 18:10:00,150.0,146.68191146078382,True
575,Stacking,2022-01-10 18:15:00,148.0,141.89959333495287,True
575,Stacking,2022-01-10 18:20:00,152.0,150.01832469969628,True
575,Stacking,2022-01-10 18:25:00,147.0,149.30372174486797,True
575,Stacking,2022-01-10 18:30:00,144.0,167.3355079517384,True
575,Stacking,2022-01-10 18:35:00,142.0,148.06312485703575,True
575,Stacking,2022-01-10 18:40:00,138.0,133.2191133067674,True
575,Stacking,2022-01-10 18:45:00,136.0,139.50578177994484,True
575,Stacking,2022-01-10 18:50:00,131.0,155.30765727937873,True
575,Stacking,2022-01-10 18:55:00,128.0,134.94068414402582,True
575,Stacking,2022-01-10 19:00:00,126.0,138.31677185923743,True
575,Stacking,2022-01-10 19:05:00,126.0,135.51851085298097,True
575,Stacking,2022-01-10 19:10:00,126.0,130.83630113014706,True
575,Stacking,2022-01-10 19:15:00,123.0,132.19538723217167,True
575,Stacking,2022-01-10 19:20:00,126.0,118.17450285891407,True
575,Stacking,2022-01-10 19:25:00,139.0,121.00264832191621,True
575,Stacking,2022-01-10 19:30:00,129.0,119.32601157897868,True
575,Stacking,2022-01-10 19:35:00,127.0,124.57902716571232,True
575,Stacking,2022-01-10 19:40:00,135.0,124.63062244297696,True
575,Stacking,2022-01-10 19:45:00,147.0,116.50714251587527,True
575,Stacking,2022-01-10 19:50:00,148.0,133.67238223894117,True
575,Stacking,2022-01-10 19:55:00,135.0,157.99531428191656,True
575,Stacking,2022-01-10 20:00:00,124.0,122.08464515542349,True
575,Stacking,2022-01-10 20:05:00,118.0,125.73510141395818,True
575,Stacking,2022-01-10 20:10:00,117.0,151.22176199725462,True
575,Stacking,2022-01-10 20:15:00,118.0,163.12291353857003,True
575,Stacking,2022-01-10 20:20:00,117.0,152.92702011541724,True
575,Stacking,2022-01-10 20:25:00,115.0,127.36499337299313,True
575,Stacking,2022-01-10 20:30:00,126.0,119.97533168994251,True
575,Stacking,2022-01-10 20:35:00,137.0,113.33983623558142,True
575,Stacking,2022-01-10 20:40:00,141.0,116.45005635800305,True
575,Stacking,2022-01-10 20:45:00,141.0,121.02356292731147,True
575,Stacking,2022-01-10 20:50:00,133.0,116.65694459397892,True
575,Stacking,2022-01-10 20:55:00,134.0,112.81951881496397,True
575,Stacking,2022-01-10 21:00:00,139.0,146.02955062153382,True
575,Stacking,2022-01-10 21:05:00,139.0,155.20885644868542,True
575,Stacking,2022-01-10 21:10:00,144.0,162.44639086119628,True
575,Stacking,2022-01-10 21:15:00,145.0,155.2773340312066,True
575,Stacking,2022-01-10 21:20:00,140.0,140.32106936005533,True
575,Stacking,2022-01-10 21:25:00,148.0,149.10314311602684,True
575,Stacking,2022-01-10 21:30:00,158.0,157.41635071434362,True
575,Stacking,2022-01-10 21:35:00,163.0,146.98320929012706,True
575,Stacking,2022-01-10 21:40:00,158.0,161.83567182066636,True
575,Stacking,2022-01-10 21:45:00,148.0,153.5156341790616,True
575,Stacking,2022-01-10 21:50:00,155.0,130.71534436880557,True
575,Stacking,2022-01-10 21:55:00,170.0,167.8018267712609,True
575,Stacking,2022-01-10 22:00:00,181.0,178.02634808289272,True
575,Stacking,2022-01-10 22:05:00,176.0,174.48739744209203,True
575,Stacking,2022-01-10 22:10:00,174.0,147.5609666016344,True
575,Stacking,2022-01-10 22:15:00,175.0,133.7343499112461,True
575,Stacking,2022-01-10 22:20:00,165.0,167.355215672158,True
575,Stacking,2022-01-10 22:25:00,153.0,187.6627232483707,True
575,Stacking,2022-01-10 22:30:00,148.0,196.7945659599743,True
575,Stacking,2022-01-10 22:35:00,140.0,165.48893540562088,True
575,Stacking,2022-01-10 22:40:00,133.0,167.8358614467517,True
575,Stacking,2022-01-10 22:45:00,127.0,173.5166188656248,True
575,Stacking,2022-01-10 22:50:00,123.0,140.76453980966195,True
575,Stacking,2022-01-10 22:55:00,131.0,128.66820540280284,True
575,Stacking,2022-01-10 23:00:00,140.0,132.945369315874,True
575,Stacking,2022-01-10 23:05:00,148.0,119.05796016710391,True
575,Stacking,2022-01-10 23:10:00,154.0,114.28149248840101,True
575,Stacking,2022-01-10 23:15:00,159.0,109.4260266594132,True
575,Stacking,2022-01-10 23:20:00,169.0,109.6301258752709,True
575,Stacking,2022-01-10 23:25:00,167.0,142.32146455802973,True
575,Stacking,2022-01-10 23:30:00,160.0,151.57577648161117,True
575,Stacking,2022-01-10 23:35:00,162.0,161.07064347872065,True
575,Stacking,2022-01-10 23:40:00,169.0,163.0200640704869,True
575,Stacking,2022-01-10 23:45:00,171.0,171.2387221282853,True
575,Stacking,2022-01-10 23:50:00,171.0,190.32612252962062,True
575,Stacking,2022-01-10 23:55:00,176.0,159.57394356725587,True
575,Stacking,2022-01-11 00:00:00,177.0,145.68806447227942,True
575,Stacking,2022-01-11 00:05:00,172.0,163.1730944624827,True
575,Stacking,2022-01-11 00:10:00,165.0,181.51652184016854,True
575,Stacking,2022-01-11 00:15:00,159.0,172.7226044640278,True
575,Stacking,2022-01-11 00:20:00,153.0,170.32655723757927,True
575,Stacking,2022-01-11 00:25:00,148.0,189.41563695932592,True
575,Stacking,2022-01-11 00:30:00,138.0,177.29913120322783,True
575,Stacking,2022-01-11 00:35:00,116.0,163.88165564437776,True
575,Stacking,2022-01-11 00:40:00,112.0,152.77514778024326,True
575,Stacking,2022-01-11 00:45:00,117.0,147.13625720486604,True
575,Stacking,2022-01-11 00:50:00,116.0,137.84685561552527,True
575,Stacking,2022-01-11 00:55:00,109.0,134.27638095460796,True
575,Stacking,2022-01-11 01:00:00,103.0,114.15584228115881,True
575,Stacking,2022-01-11 01:05:00,95.0,93.24765531720413,True
575,Stacking,2022-01-11 01:10:00,99.0,104.73773297051002,True
575,Stacking,2022-01-11 01:15:00,99.0,123.54743851210075,True
575,Stacking,2022-01-11 01:20:00,93.0,110.49972933950903,True
575,Stacking,2022-01-11 01:25:00,87.0,98.48453577454883,True
575,Stacking,2022-01-11 01:30:00,80.0,91.34194063532513,True
575,Stacking,2022-01-11 01:35:00,73.0,85.39769721695187,True
575,Stacking,2022-01-11 01:40:00,72.0,110.42265134322936,True
575,Stacking,2022-01-11 01:45:00,80.0,99.44911448876405,True
575,Stacking,2022-01-11 01:50:00,86.0,90.24167985704368,True
575,Stacking,2022-01-11 01:55:00,93.0,81.44297403811078,True
575,Stacking,2022-01-11 02:00:00,96.0,77.50063276024363,True
575,Stacking,2022-01-11 02:05:00,97.0,74.48757776429292,True
575,Stacking,2022-01-11 02:10:00,97.0,74.49978309900874,True
575,Stacking,2022-01-11 02:15:00,97.0,101.81787903150382,True
575,Stacking,2022-01-11 02:20:00,97.0,101.72508934484884,True
575,Stacking,2022-01-11 02:25:00,98.0,112.95786073005435,True
575,Stacking,2022-01-11 02:30:00,98.0,106.08772473883018,True
575,Stacking,2022-01-11 02:35:00,98.0,102.573509252344,True
575,Stacking,2022-01-11 02:40:00,97.0,100.20546176319472,True
575,Stacking,2022-01-11 02:45:00,96.0,99.13609438050088,True
575,Stacking,2022-01-11 02:50:00,95.0,98.17797699027676,True
575,Stacking,2022-01-11 02:55:00,94.0,101.2324288848456,True
575,Stacking,2022-01-11 03:00:00,94.0,99.0813937877943,True
575,Stacking,2022-01-11 03:05:00,96.0,99.27208026035396,True
575,Stacking,2022-01-11 03:10:00,96.0,96.1590626420614,True
575,Stacking,2022-01-11 03:15:00,96.0,94.00266714056156,True
575,Stacking,2022-01-11 03:20:00,96.0,93.40404211727342,True
575,Stacking,2022-01-11 03:25:00,96.0,93.38284841671634,True
575,Stacking,2022-01-11 03:30:00,95.0,94.82839916056349,True
575,Stacking,2022-01-11 03:35:00,94.0,100.87127417855316,True
575,Stacking,2022-01-11 03:40:00,90.0,96.21054761401267,True
575,Stacking,2022-01-11 03:45:00,87.0,97.14334628673718,True
575,Stacking,2022-01-11 03:50:00,87.0,96.03958977194716,True
575,Stacking,2022-01-11 03:55:00,88.0,95.85153424073779,True
575,Stacking,2022-01-11 04:00:00,90.0,93.62421534876623,True
575,Stacking,2022-01-11 04:05:00,91.0,93.08714994921249,True
575,Stacking,2022-01-11 04:10:00,91.0,87.7784975422448,True
575,Stacking,2022-01-11 04:15:00,90.0,84.36782673042372,True
575,Stacking,2022-01-11 04:20:00,91.0,87.99813031953728,True
575,Stacking,2022-01-11 04:25:00,91.0,92.13410219607513,True
575,Stacking,2022-01-11 04:30:00,91.0,97.37441090892574,True
575,Stacking,2022-01-11 04:35:00,91.0,96.6842488033174,True
575,Stacking,2022-01-11 04:40:00,92.0,95.16677448061515,True
575,Stacking,2022-01-11 04:45:00,92.0,91.53595733688638,True
575,Stacking,2022-01-11 04:50:00,92.0,96.28601788771968,True
575,Stacking,2022-01-11 04:55:00,92.0,93.262253356461,True
575,Stacking,2022-01-11 05:00:00,91.0,93.47529372767657,True
575,Stacking,2022-01-11 05:05:00,91.0,92.60267656499188,True
575,Stacking,2022-01-11 05:10:00,90.0,96.84182942005907,True
575,Stacking,2022-01-11 05:15:00,88.0,94.39053941259486,True
575,Stacking,2022-01-11 05:20:00,87.0,95.274052592777,True
575,Stacking,2022-01-11 05:25:00,87.0,94.4200312613733,True
575,Stacking,2022-01-11 05:30:00,87.0,91.52777497786697,True
575,Stacking,2022-01-11 05:35:00,87.0,93.78439395707802,True
575,Stacking,2022-01-11 05:40:00,87.0,90.89256836271261,True
575,Stacking,2022-01-11 05:45:00,88.0,88.07670101637537,True
575,Stacking,2022-01-11 05:50:00,88.0,86.19412801671923,True
575,Stacking,2022-01-11 05:55:00,89.0,88.05464036656723,True
575,Stacking,2022-01-11 06:00:00,90.0,88.27150410965712,True
575,Stacking,2022-01-11 06:05:00,92.0,88.14710360306736,True
575,Stacking,2022-01-11 06:10:00,94.0,87.9990506363593,True
575,Stacking,2022-01-11 06:15:00,96.0,93.02495587219596,True
575,Stacking,2022-01-11 06:20:00,96.0,91.22831367149148,True
575,Stacking,2022-01-11 06:25:00,97.0,94.31712933805403,True
575,Stacking,2022-01-11 06:30:00,98.0,95.13062399971598,True
575,Stacking,2022-01-11 06:35:00,98.0,101.3283152441131,True
575,Stacking,2022-01-11 06:40:00,99.0,103.05653078922559,True
575,Stacking,2022-01-11 06:45:00,99.0,104.40087751407074,True
575,Stacking,2022-01-11 06:50:00,99.0,98.95528172136434,True
575,Stacking,2022-01-11 06:55:00,98.0,103.56725828722172,True
575,Stacking,2022-01-11 07:00:00,98.0,102.39617064474653,True
575,Stacking,2022-01-11 07:05:00,95.0,100.79127605579002,True
575,Stacking,2022-01-11 07:10:00,89.0,105.98304171496196,True
575,Stacking,2022-01-11 07:15:00,89.0,103.3003741201523,True
575,Stacking,2022-01-11 07:20:00,91.0,103.66345344400055,True
575,Stacking,2022-01-11 07:25:00,85.0,98.09020390385655,True
575,Stacking,2022-01-11 07:30:00,88.0,100.0164310849715,True
575,Stacking,2022-01-11 07:35:00,100.0,92.91216349538348,True
575,Stacking,2022-01-11 07:40:00,89.0,87.65710984780449,True
575,Stacking,2022-01-11 07:45:00,96.0,93.15041638792162,True
575,Stacking,2022-01-11 07:50:00,102.0,100.06588738445973,True
575,Stacking,2022-01-11 07:55:00,107.0,86.32630479762385,True
575,Stacking,2022-01-11 08:00:00,111.0,104.82223494019,True
575,Stacking,2022-01-11 08:05:00,110.0,132.27482824594887,True
575,Stacking,2022-01-11 08:10:00,114.0,92.52090906291389,True
575,Stacking,2022-01-11 08:15:00,121.0,119.18247136626121,True
575,Stacking,2022-01-11 08:20:00,130.0,122.93025123715822,True
575,Stacking,2022-01-11 08:25:00,115.0,123.91098922491129,True
575,Stacking,2022-01-11 08:30:00,107.0,125.45338059310609,True
575,Stacking,2022-01-11 08:35:00,101.0,112.43036196615923,True
575,Stacking,2022-01-11 08:40:00,110.0,128.97572142747967,True
575,Stacking,2022-01-11 08:45:00,123.0,141.03256222300993,True
575,Stacking,2022-01-11 08:50:00,132.0,155.79994568411425,True
575,Stacking,2022-01-11 08:55:00,128.0,115.46887158063649,True
575,Stacking,2022-01-11 09:00:00,124.0,106.88256026835003,True
575,Stacking,2022-01-11 09:05:00,126.0,97.64173659877233,True
575,Stacking,2022-01-11 09:10:00,128.0,132.2452004861094,True
575,Stacking,2022-01-11 09:15:00,130.0,147.9314370293329,True
575,Stacking,2022-01-11 09:20:00,124.0,154.13299107586226,True
575,Stacking,2022-01-11 09:25:00,120.0,127.40958461358758,True
575,Stacking,2022-01-11 09:30:00,117.0,121.4083279770073,True
575,Stacking,2022-01-11 09:35:00,118.0,132.16000040706277,True
575,Stacking,2022-01-11 09:40:00,119.0,133.71089986826698,True
575,Stacking,2022-01-11 09:45:00,123.0,137.35591324555207,True
575,Stacking,2022-01-11 09:50:00,129.0,120.39457605259217,True
575,Stacking,2022-01-11 09:55:00,139.0,124.89245943973337,True
575,Stacking,2022-01-11 10:00:00,157.0,123.76674750088226,True
